Workbook

Sheet About
A1: NoH Number of Households
A3: Source: | B3: 2022-2050
B4: 「장래가구추계」, 국가데이터처
B5: 2026
B6: 가구주의 성/연령별 추계가구-전국
B7: https://kosis.kr/statHtml/statHtml.do?orgId=101&tblId=DT_1BZ05011&conn_path=I3
B9: 2021
B10: 「주민등록인구현황」, 행정안전부
B11: 2026
B12: 행정구역(시군구)별 주민등록세대수
B13: https://kosis.kr/statHtml/statHtml.do?orgId=101&tblId=DT_1B040B3&conn_path=I3

Sheet 장래가구추계
A1: 가구주의 성별 | B1: 가구주의 연령별 | C1: 2020 | D1: 2021 | E1: 2022 | F1: 2023 | G1: 2024 | H1: 2025 | I1: 2026 | J1: 2027 | K1: 2028 | L1: 2029 | M1: 2030 | N1: 2031 | O1: 2032 | P1: 2033 | Q1: 2034 | R1: 2035 | S1: 2036 | T1: 2037 | U1: 2038 | V1: 2039 | W1: 2040 | X1: 2041 | Y1: 2042 | Z1: 2043 | AA1: 2044 | AB1: 2045 | AC1: 2046 | AD1: 2047 | AE1: 2048 | AF1: 2049 | AG1: 2050 | AH1: 2051 | AI1: 2052
A2: 계 | B2: 합계 | C2: 20730614 | D2: 21272581 | E2: 21663978 | F2: 21970523 | G2: 22179969 | H2: 22388821 | I2: 22597677 | J2: 22806529 | K2: 23000187 | L2: 23180688 | M2: 23348528 | N2: 23506021 | O2: 23651567 | P2: 23786407 | Q2: 23908631 | R2: 24019901 | S2: 24119593 | T2: 24204775 | U2: 24273745 | V2: 24325345 | W2: 24358286 | X2: 24371931 | Y2: 24365630 | Z2: 24338645 | AA2: 24290684 | AB2: 24221145 | AC2: 24131623 | AD2: 24023713 | AE2: 23899146 | AF2: 23760443 | AG2: 23609533 | AH2: 23447961 | AI2: 23277470
A3: 남자 | B3: 합계 | C3: 14009289 | D3: 14192205 | E3: 14313314 | F3: 14413852 | G3: 14455067 | H3: 14496150 | I3: 14537244 | J3: 14578324 | K3: 14619343 | L3: 14655309 | M3: 14685834 | N3: 14710683 | O3: 14729719 | P3: 14743899 | Q3: 14753391 | R3: 14758309 | S3: 14758526 | T3: 14753119 | U3: 14740922 | V3: 14721363 | W3: 14693440 | X3: 14656554 | Y3: 14610054 | Z3: 14553734 | AA3: 14487297 | AB3: 14410259 | AC3: 14323010 | AD3: 14225553 | AE3: 14118838 | AF3: 14004024 | AG3: 13881810 | AH3: 13753528 | AI3: 13620879
A4: 여자 | B4: 합계 | C4: 6721325 | D4: 7080376 | E4: 7350664 | F4: 7556671 | G4: 7724902 | H4: 7892671 | I4: 8060433 | J4: 8228205 | K4: 8380844 | L4: 8525379 | M4: 8662694 | N4: 8795338 | O4: 8921848 | P4: 9042508 | Q4: 9155240 | R4: 9261592 | S4: 9361067 | T4: 9451656 | U4: 9532823 | V4: 9603982 | W4: 9664846 | X4: 9715377 | Y4: 9755576 | Z4: 9784911 | AA4: 9803387 | AB4: 9810886 | AC4: 9808613 | AD4: 9798160 | AE4: 9780308 | AF4: 9756419 | AG4: 9727723 | AH4: 9694433 | AI4: 9656591
A8: ○ 통계표ID | B8: DT_1BZ05011
A9: ○ 통계표명 | B9: 가구주의 성/연령별 추계가구-전국
A10: ○ 조회기간 | B10: [년] 2020~2052
A11: ○ 출처 | B11: 「장래가구추계」, 국가데이터처
A12: ○ 자료다운일자 | B12: 2026.03.13 14:39
A13: ○ 통계표URL | B13: https://kosis.kr/statHtml/statHtml.do?orgId=101&tblId=DT_1BZ05011&conn_path=I3
B14: * KOSIS 개편 시 통계표 URL은 달라질 수 있음
A15: ○ 주석
A16: 통계표 | B16: 2022년 기준 추계로 2022~2052년 추계가구수 제공
B17: * 전국 장래가구추계는 2022년 기준, 시도 장래가구추계는 2020년 기준으로 작성되어 전국과 시도의 합이 불일치하므로 이용시 주의하시기 바랍니다(장래가구추계 시도편은 2024년 12월 공표 예정)

Sheet 주민등록인구현황
A1: 행정구역(시군구)별 | B1: 2020 | C1: 2021 | D1: 2022 | E1: 2023 | F1: 2024 | G1: 2025
A2: 전국 | B2: 23093108 | C2: 23472895 | D2: 23705814 | E2: 23914851 | F2: 24118928 | G2: 24300087
A6: ○ 통계표ID | B6: DT_1B040B3
A7: ○ 통계표명 | B7: 행정구역(시군구)별 주민등록세대수
A8: ○ 조회기간 | B8: [년] 2020~2025
A9: ○ 출처 | B9: 「주민등록인구현황」, 행정안전부
A10: ○ 자료다운일자 | B10: 2026.03.13 14:55
A11: ○ 통계표URL | B11: https://kosis.kr/statHtml/statHtml.do?orgId=101&tblId=DT_1B040B3&conn_path=I3
B12: * KOSIS 개편 시 통계표 URL은 달라질 수 있음
A13: ○ 단위 | B13: 세대
A14: ○ 주석
A15: 통계표 | B15: - 연말기준, 주민등록에 의한 집계, 외국인 제외
B17: - 주민등록법 개정('09.10.2)으로 종전의 무단전출 말소제도를 폐지하고 거주불명 등록제도를 도입함에 따라, 2010년 1월부터 거주불명 등록자를 주민등록자와 같이 인구 통계에 포함하여 공표함

Sheet NoH
A1: Dmnl | B1: 2021 | C1: 2022 | D1: 2023 | E1: 2024 | F1: 2025 | G1: 2026 | H1: 2027 | I1: 2028 | J1: 2029 | K1: 2030 | L1: 2031 | M1: 2032 | N1: 2033 | O1: 2034 | P1: 2035 | Q1: 2036 | R1: 2037 | S1: 2038 | T1: 2039 | U1: 2040 | V1: 2041 | W1: 2042 | X1: 2043 | Y1: 2044 | Z1: 2045 | AA1: 2046 | AB1: 2047 | AC1: 2048 | AD1: 2049 | AE1: 2050
A2: Households | B2: =장래가구추계!D2 -> 21272581 | C2: =장래가구추계!E2 -> 21663978 | D2: =장래가구추계!F2 -> 21970523 | E2: =장래가구추계!G2 -> 22179969 | F2: =장래가구추계!H2 -> 22388821 | G2: =장래가구추계!I2 -> 22597677 | H2: =장래가구추계!J2 -> 22806529 | I2: =장래가구추계!K2 -> 23000187 | ... AE2: =장래가구추계!AG2 -> 23609533
