Workbook
Name Eno_TM: '[1]1997 Table 1a Modified'!#REF!
Name Eno_Tons: '[1]1997 Table 1a Modified'!#REF!
Name Sum_T2: '[1]1997 Table 1a Modified'!#REF!
Name Sum_TTM: '[1]1997 Table 1a Modified'!#REF!
Name ti_tbl_50: #REF!
Name ti_tbl_69: #REF!

Sheet About
A1: BAADTbVT BAU Average Annual Dist Traveled by Vehicle Type
A3: Source: | B3: Daily vehicle mileage | J3: Domestic passenger data
B4: KOSIS | J4: Ministry of Land, Infrastructure and Transport
B5: 2021 | J5: 2020
B6: Vehicle mileage by type | J6: Logistics - Transport Performance Report - Domestic Passengers
B7: https://kosis.kr/statHtml/statHtml.do?orgId=426&tblId=DT_42601_N002 | J7: https://stat.molit.go.kr/portal/stat/yearReport.do
B9: Annual domestic and international air transport | J9: Railroad passenger and cargo transportation performance by year
B10: OpenData | J10: Ministry of Land, Infrastructure and Transport
B11: 2021 | J11: 2019
B12: https://www.data.go.kr/data/15061960/fileData.do#layer_data_information | J12: Railway Statistical Yearbook (Interregional Railway)
J13: 2012 - 2019 자료 기반 CAGR
B14: Annual domestic and International Freight by transport | J14: https://www.kric.go.kr/jsp/handbook/sta/statisticsTechList.jsp
B15: KOSIS
B16: 2018 | J16: Annual passenger transport (passenger and passenger-km)
B17: https://kosis.kr/statHtml/statHtml.do?orgId=116&tblId=DT_MLTM_5376&conn_path=I3 | J17: Page 32-47
B19: Annual Domestic and International Freight by Transport | J19: Annual cargo transport by year (ton and t-km)
B20: KOSIS | J20: Page 224-271
B21: 2017
B22: https://kosis.kr/statHtml/statHtml.do?orgId=116&tblId=DT_MLTM_1062&conn_path=I3
B24: Domestic International, Shipping Air, Passenger Cargo Data
B25: KEEI
B26: 2018
B27: Energy statistics (Frequently requested)
B28: http://www.keei.re.kr/keei/download/FFS2018.pdf
B29: Page 133-137
B31: KOTI
B32: 2020
B33: 2019 National Traffic Statistics
B34: https://www.ktdb.go.kr/www/selectPblcteWebList.do?key=39&pageUnit=10&pageIndex=1&searchCnd=all
B35: Page 118, 119
B37: Average daily mileage of a motorcycle
B38: Journal of the Korean Society for Atmospheric Environment
B39: 2013
B40: Survey of daily mileage estimation of air pollution emissions of two-wheeled vehicles
B41: https://www.koreascience.or.kr/article/JAKO201022442401158.pdf
B42: Page4 Table 4
A44: Notes
B45: :assumption value
A46: In DV data, 'SYVbT_DV-Registration Status' and 'DV-km' have different vehicle model classification
A47: We reclassified the given data into LDVs and HDVs
A49: Among trains, high-speed trains and itx are mostly used for passengers, but other trains such as Mugunghwa and Saenuri can be used for both cargo and passengers.
A50: As for the above, the number of cars per train may vary depending on the requirements, so we assumed the number of cars per train.
A52: The total number of freighters is limited in Korea, annual travel mileage of each freighter is relatively long due to a large volume of freight requirement.
A53: Both domestic and international transports are included for air travel.
A54: Data from <Korea Institute of Energy Economy_Frequent Statistics>, <Ministry of Land, Infrastructure and Transport_Reports of Domestic International Air Transport by Year>, <Korea Transport Research Institute_2019 National Transportation Statistics for Domestic Flights>
A56: Both domestic and international transports are included for shipping.
A57: Data from <Energy Economic Research Institute_Frequent Statistics> and <Korea Transportation Research Institute_2019 National Transportation Statistics>
A59: For data on motorcycle mileage, refer to a master's thesis which gathered the 2009 data through surveys.
A62: Start Year | B62: 2019
A64: 1km | B64: 0.621371 | C64: miles
A65: 1year | B65: 365 | C65: days

Sheet SYVbT_passenger
A1: Number of Vehicles | B1: battery electric vehicle | C1: natural gas vehicle | D1: gasoline vehicle | E1: diesel vehicle | F1: plugin hybrid vehicle | G1: LPG vehicle | H1: hydrogen vehicle
A2: LDVs | B2: 114917.61 | C2: 34230.06 | D2: 10959476 | E2: 6290827.2 | F2: 648853.05 | G2: 1786472.2 | H2: 10491.921
A3: HDVs | B3: 4535.3935 | C3: 1350.94 | D3: 432531.95 | E3: 248276.81 | F3: 25607.947 | G3: 70505.772 | H3: 414.07919
A4: aircraft | B4: 0 | C4: 0 | D4: 0 | E4: 822 | F4: 0 | G4: 0 | H4: 0
A5: rail | B5: 1046.875 | C5: 0 | D5: 0 | E5: 669.83333 | F5: 0 | G5: 0 | H5: 0
A6: ships | B6: 0 | C6: 0 | D6: 0.48232457 | E6: 328 | F6: 0 | G6: 0.19292983 | H6: 0
A7: motorbikes | B7: 0 | C7: 0 | D7: 272564 | E7: 0 | F7: 0 | G7: 0 | H7: 0

Sheet SYVbT_freight
A1: Number of Vehicles | B1: battery electric vehicle | C1: natural gas vehicle | D1: gasoline vehicle | E1: diesel vehicle | F1: plugin hybrid vehicle | G1: LPG vehicle | H1: hydrogen vehicle
A2: LDVs | B2: 11965.957 | C2: 1366 | D2: 14255.143 | E2: 2664174.8 | F2: 0 | G2: 94459.997 | H2: 0
A3: HDVs | B3: 3543.0434 | C3: 0 | D3: 4220.857 | E3: 788845.18 | F3: 0 | G3: 27969.003 | H3: 0
A4: aircraft | B4: 0 | C4: 0 | D4: 0 | E4: 36 | F4: 0 | G4: 0 | H4: 0
A5: rail | B5: 87.5 | C5: 0 | D5: 0 | E5: 127 | F5: 0 | G5: 0 | H5: 0
A6: ships | B6: 0 | C6: 0 | D6: 2.11017 | E6: 630.10014 | F6: 0 | G6: 0.844068 | H6: 0
A7: motorbikes | B7: 0 | C7: 0 | D7: 2016445 | E7: 0 | F7: 0 | G7: 0 | H7: 0

Sheet SYVbT_DV-Regis
A1: < 자동차 등록현황(총 계) >
A2: 조회년월: 2020.12
E3: 차 종 별 | F3: 합계
A4: 총계 | F4: 24365979
B5: 승용차합계 | F5: 19860955
C6: 승용일반형 계 | F6: 13627521
D7: 승용일반형 국산 소계 | F7: 11689470
E8: 승용일반형 국산 800CC미만 | F8: 146185
E9: 승용일반형 국산 1000CC미만 | F9: 1763118
E10: 승용일반형 국산 1500CC미만 | F10: 705219
E11: 승용일반형 국산 2000CC미만 | F11: 6114232
E12: 승용일반형 국산 2500CC미만 | F12: 1146082
E13: 승용일반형 국산 3000CC미만 | F13: 983921
E14: 승용일반형 국산 3500CC미만 | F14: 561245
E15: 승용일반형 국산 4000CC미만 | F15: 230840
E16: 승용일반형 국산 4500CC미만 | F16: 2792
E17: 승용일반형 국산 5000CC미만 | F17: 7003
E18: 승용일반형 국산 5000CC이상 | F18: 18352
E19: 승용일반형 국산 저속전기 | F19: 30
E20: 승용일반형 국산 전기 | F20: 10451
D21: 승용일반형 외산 소계 | F21: 1938051
E22: 승용일반형 외산 800CC미만 | F22: 2469
E23: 승용일반형 외산 1000CC미만 | F23: 1963
E24: 승용일반형 외산 1500CC미만 | F24: 149213
E25: 승용일반형 외산 2000CC미만 | F25: 964949
E26: 승용일반형 외산 2500CC미만 | F26: 280102
E27: 승용일반형 외산 3000CC미만 | F27: 252821
E28: 승용일반형 외산 3500CC미만 | F28: 128341
E29: 승용일반형 외산 4000CC미만 | F29: 60285
E30: 승용일반형 외산 4500CC미만 | F30: 19969
E31: 승용일반형 외산 5000CC미만 | F31: 22420
E32: 승용일반형 외산 5000CC이상 | F32: 26121
E33: 승용일반형 외산 저속전기 | F33: 0
E34: 승용일반형 외산 전기 | F34: 29398
C35: 승용겸 화물 계 | F35: 76936
E36: 승용겸 화물 1500CC미만 | F36: 72950
E37: 승용겸 화물 2000CC미만 | F37: 43
E38: 승용겸 화물 2500CC미만 | F38: 3158
E39: 승용겸 화물 3000CC미만 | F39: 239
E40: 승용겸 화물 3500CC미만 | F40: 60
E41: 승용겸 화물 3500CC이상 | F41: 486
E42: 승용겸 화물 저속전기 | F42: 0
E43: 승용겸 화물 전기 | F43: 0
C44: 승용다목적형 계 | F44: 4927216
E45: 승용다목적형 1500CC미만 | F45: 32827
E46: 승용다목적형 2000CC미만 | F46: 3269202
E47: 승용다목적형 2500CC미만 | F47: 971998
E48: 승용다목적형 3000CC미만 | F48: 472657
E49: 승용다목적형 3500CC미만 | F49: 46478
E50: 승용다목적형 3500CC이상 | F50: 88510
E51: 승용다목적형 저속전기 | F51: 3
E52: 승용다목적형 전기 | F52: 45541
C53: 승용기타형 계 | F53: 1229282
E54: 승용기타형 1500CC미만 | F54: 105816
E55: 승용기타형 2000CC미만 | F55: 572188
E56: 승용기타형 2500CC미만 | F56: 447550
E57: 승용기타형 3000CC미만 | F57: 47492
E58: 승용기타형 3500CC미만 | F58: 37226
E59: 승용기타형 3500CC이상 | F59: 2219
E60: 승용기타형 저속전기 | F60: 136
E61: 승용기타형 전기 | F61: 16655
B62: 승합차 합계 | F62: 783842
C63: 승합일반형 계 | F63: 746870
D64: 시내버스 | F64: 42182
D65: 시외버스 | F65: 24283
D66: 전세버스 | F66: 40287
D67: 고속버스 | F67: 24
D68: 농어촌버스 | F68: 0
D69: 마을버스 | F69: 0
D70: 승합일반기타형 계 | F70: 640094
E71: 승합일반 15인 이하 | F71: 593704
E72: 승합일반 25인 이하 | F72: 16313
E73: 승합일반 35인 이하 | F73: 10680
E74: 승합일반 50인 이하 | F74: 18642
E75: 승합일반 51인 이상 | F75: 755
C76: 승합특수형 계 | F76: 36972
D77: 구급차 | F77: 6287
D78: 장의차 | F78: 428
D79: 헌혈, 채혈차 | F79: 10
D80: 방송, 보도용차 | F80: 69
D81: 승합피견인형 | F81: 15665
D82: 승합특수형 기타 | F82: 14513
B83: 화물자동차 합계 | F83: 3615245
C84: 화물일반형 계 | F84: 2574857
D85: 화물 픽업형 | F85: 333040
D86: 화물카고형 계 | F86: 2241817
E87: 화물카고형 1톤 이하 | F87: 1787347
E88: 화물카고형 3톤 이하 | F88: 170571
E89: 화물카고형 5톤 미만 | F89: 130627
E90: 화물카고형 8톤 미만 | F90: 74425
E91: 화물카고형 10톤 미만 | F91: 14941
E92: 화물카고형 12톤 미만 | F92: 7354
E93: 화물카고형 12톤 이상 | F93: 56552
C94: 화물덤프형 계 | F94: 55089
E95: 화물덤프형 1톤 이하 | F95: 32795
E96: 화물덤프형 5톤 미만 | F96: 14871
E97: 화물덤프형 12톤 미만 | F97: 7061
E98: 화물덤프형 12톤 이상 | F98: 362
C99: 화물 밴형 계 | F99: 389491
E100: 화물밴형 1톤 이하 | F100: 384960
...

Sheet DV-km
A1: 규모별주행거리_1일주행거리현황(km/대)
A2: 용도별 | B2: 차종별 | C2: 유형별 | D2: 규모별 | E2: 주행거리(km) | F2: Cal
E3: 전국 | F3: 규모별 대수 | G3: 주행거리 (가중평균) | H3: 비고
A4: 전체 | B4: 계 | C4: 계 | D4: 계 | E4: 37
A5: 전체 | B5: 승용차 | C5: 계 | D5: 계 | E5: 34 | H5: LDV
A6: 전체 | B6: 승용차 | C6: 일반형 | D6: 계 | E6: 32
A7: 전체 | B7: 승용차 | C7: 일반형 | D7: 경형 | E7: 24 | F7: =SUM('SYVbT_DV-Regis'!F8:F9,'SYVbT_DV-Regis'!F22:F23,'SYVbT_DV-Regis'!F19:F20,'SYVbT_DV-Regis'!F33:F34) -> 1953614 | G7: =SUMPRODUCT(E7:E10,F7:F10)/SUM(F7:F10) -> 31.656949
A8: 전체 | B8: 승용차 | C8: 일반형 | D8: 소형 | E8: 20 | F8: =SUM('SYVbT_DV-Regis'!F10,'SYVbT_DV-Regis'!F24,'SYVbT_DV-Regis'!F36) -> 927382
A9: 전체 | B9: 승용차 | C9: 일반형 | D9: 중형 | E9: 33 | F9: =SUM('SYVbT_DV-Regis'!F11,'SYVbT_DV-Regis'!F25,'SYVbT_DV-Regis'!F37) -> 7079224
A10: 전체 | B10: 승용차 | C10: 일반형 | D10: 대형 | E10: 36 | F10: =SUM('SYVbT_DV-Regis'!F12:F18,'SYVbT_DV-Regis'!F26:F32,'SYVbT_DV-Regis'!F38:F41) -> 3744237
A11: 전체 | B11: 승용차 | C11: 다목적형 | D11: 계 | E11: 39
A12: 전체 | B12: 승용차 | C12: 다목적형 | D12: 중형 | E12: 39 | F12: =SUM('SYVbT_DV-Regis'!F45:F46,'SYVbT_DV-Regis'!F51:F52) -> 3347573 | G12: =SUMPRODUCT(E12:E13,F12:F13)/SUM(F12:F13) -> 38.679405
A13: 전체 | B13: 승용차 | C13: 다목적형 | D13: 대형 | E13: 38 | F13: =SUM('SYVbT_DV-Regis'!F47:F50) -> 1579643
A14: 전체 | B14: 승용차 | C14: 기타형 | D14: 계 | E14: 38 | F14: ='SYVbT_DV-Regis'!F53 -> 1229282
A15: 전체 | B15: 승합차 | C15: 계 | D15: 계 | E15: 55
A16: 전체 | B16: 승합차 | C16: 일반형 | D16: 계 | E16: 56
A17: 전체 | B17: 승합차 | C17: 일반형 | D17: 소형 | E17: 35 | F17: =SUM('SYVbT_DV-Regis'!F71) -> 593704 | G17: =SUMPRODUCT(E17:E19,F17:F19)/SUM(F17:F19) -> 58.493833
A18: 전체 | B18: 승합차 | C18: 일반형 | D18: 중형 | E18: 40 | F18: =SUM('SYVbT_DV-Regis'!F72:F73) -> 26993
A19: 전체 | B19: 승합차 | C19: 일반형 | D19: 대형 | E19: 173 | F19: =SUM('SYVbT_DV-Regis'!F64:F67,'SYVbT_DV-Regis'!F74:F75) -> 126173
A20: 전체 | B20: 승합차 | C20: 특수용도형 | D20: 계 | E20: 25 | F20: ='SYVbT_DV-Regis'!F76 -> 36972 | H20: HDV
A21: 전체 | B21: 화물차 | C21: 계 | D21: 계 | E21: 49
A22: 전체 | B22: 화물차 | C22: 일반형 | D22: 계 | E22: 48
A23: 전체 | B23: 화물차 | C23: 일반형 | D23: 소형 | E23: 39 | F23: =SUM('SYVbT_DV-Regis'!F87,'SYVbT_DV-Regis'!F85) -> 2120387 | G23: =SUMPRODUCT(E23:E25,F23:F25)/SUM(F23:F25) -> 45.882225
A24: 전체 | B24: 화물차 | C24: 일반형 | D24: 중형 | E24: 50 | F24: =SUM('SYVbT_DV-Regis'!F88:F89) -> 301198
A25: 전체 | B25: 화물차 | C25: 일반형 | D25: 대형 | E25: 133 | F25: =SUM('SYVbT_DV-Regis'!F90:F93) -> 153272
A26: 전체 | B26: 화물차 | C26: 덤프형 | D26: 계 | E26: 18
A27: 전체 | B27: 화물차 | C27: 덤프형 | D27: 소형 | E27: 21 | F27: ='SYVbT_DV-Regis'!F95 -> 32795 | G27: =SUMPRODUCT(E27:E29,F27:F29)/SUM(F27:F29) -> 18.840894
A28: 전체 | B28: 화물차 | C28: 덤프형 | D28: 중형 | E28: 14 | F28: ='SYVbT_DV-Regis'!F96 -> 14871
A29: 전체 | B29: 화물차 | C29: 덤프형 | D29: 대형 | E29: 19 | F29: =SUM('SYVbT_DV-Regis'!F97:F98) -> 7423
A30: 전체 | B30: 화물차 | C30: 밴형 | D30: 계 | E30: 40
A31: 전체 | B31: 화물차 | C31: 밴형 | D31: 소형 | E31: 41 | F31: ='SYVbT_DV-Regis'!F100 -> 384960 | G31: =SUMPRODUCT(E31:E32,F31:F32)/SUM(F31:F32) -> 40.825503 | H31: 모두 LDVs(오차 210대)
A32: 전체 | B32: 화물차 | C32: 밴형 | D32: 중형 | E32: 26 | F32: =SUM('SYVbT_DV-Regis'!F101:F102) -> 4531
A33: 전체 | B33: 화물차 | C33: 특수용도형 | D33: 계 | E33: 64 | F33: ='SYVbT_DV-Regis'!F103 -> 595808 | H33: 모두 HDV
A34: 전체 | B34: 특수차 | C34: 계 | D34: 계 | E34: 108
A35: 전체 | B35: 특수차 | C35: 견인형 | D35: 계 | E35: 220 | F35: =SUM('SYVbT_DV-Regis'!F133) -> 39781 | H35: 모두 HDVs
A36: 전체 | B36: 특수차 | C36: 구난형 | D36: 계 | E36: 61 | F36: =SUM('SYVbT_DV-Regis'!F129) -> 11800 | H36: 모두 LDVs(오차 200대)
A37: 전체 | B37: 특수차 | C37: 특수작업형 | D37: 계 | E37: 28 | F37: =SUM('SYVbT_DV-Regis'!F137) -> 54356 | H37: 모두 HDVs

Sheet DV-Cal
D2: 1(오차율 확인) | G2: 2 | L2: 3 | S2: 4
C3: 규모별 대수 | D3: 주행거리 | E3: 오차율 | F3: 구분 | G3: 주행거리 | H3: 대수 | I3: 구분 | J3: 주행거리 | K3: 대수 | L3: 주행거리 | M3: 대수 | S3: 주행거리
A4: 승용차 | B4: 일반형 | C4: =SUM('SYVbT_DV-Regis'!F8:F9,'SYVbT_DV-Regis'!F22:F23,'SYVbT_DV-Regis'!F19:F20,'SYVbT_DV-Regis'!F33:F34) -> 1953614 | D4: =SUMPRODUCT('DV-km'!E7:E10,'DV-km'!F7:F10)/SUM('DV-km'!F7:F10) -> 31.656949 | E4: =ABS(D4-'DV-km'!E6)/'DV-km'!E6 -> 0.010720335 | F4: LDVs | G4: =SUMPRODUCT('DV-km'!E7:E9,'DV-km'!F7:F9)/SUM('DV-km'!F7:F9) -> 30.024314 | H4: =SUM('DV-km'!F7:F9) -> 9960220 | I4: LDVs | J4: =G4 -> 30.024314 | K4: =H4 -> 9960220 | L4: =SUMPRODUCT(J4:J6,K4:K6)/SUM(K4:K6) -> 32.56586 | M4: =SUM(K4:K5) -> 13307793 | O4: passengers | P4: 승용 LDVs | Q4: =L4 -> 32.56586 | R4: =M4 -> 13307793 | S4: =SUMPRODUCT(Q4:Q5,R4:R5)/SUM(R4:R5)*About!B64*About!B65 -> 7655.2802
C5: =SUM('SYVbT_DV-Regis'!F10,'SYVbT_DV-Regis'!F24,'SYVbT_DV-Regis'!F36) -> 927382 | J5: =G8 -> 39 | K5: =H8 -> 3347573 | P5: 승합 LDVs | Q5: =L7 -> 36.721747 | R5: =M7 -> 5323880
C6: =SUM('SYVbT_DV-Regis'!F11,'SYVbT_DV-Regis'!F25,'SYVbT_DV-Regis'!F37) -> 7079224 | J6: ='DV-km'!E14 -> 38 | K6: =SUM('SYVbT_DV-Regis'!F54:F55,'SYVbT_DV-Regis'!F60:F61) -> 694795 | L6: 승용차-기타형
C7: =SUM('SYVbT_DV-Regis'!F12:F18,'SYVbT_DV-Regis'!F26:F32,'SYVbT_DV-Regis'!F38:F41) -> 3744237 | F7: LDVs | G7: ='DV-km'!E10 -> 36 | H7: ='DV-km'!F10 -> 3744237 | I7: LDVs | J7: =G7 -> 36 | K7: =H7 -> 3744237 | L7: =SUMPRODUCT(J7:J9,K7:K9)/SUM(K7:K9) -> 36.721747 | M7: =SUM(K7:K8) -> 5323880 | O7: passengers | P7: 승용 HDVs | Q7: =L11 -> 35.111181 | R7: =M11 -> 627220 | S7: =SUMPRODUCT(Q7:Q8,R7:R8)/SUM(R7:R8)*About!B64*About!B65 -> 12908.12
B8: 다목적형 | C8: =SUM('SYVbT_DV-Regis'!F45:F46,'SYVbT_DV-Regis'!F51:F52) -> 3347573 | D8: =SUMPRODUCT('DV-km'!E12:E13,'DV-km'!F12:F13)/SUM('DV-km'!F12:F13) -> 38.679405 | E8: =ABS(D8-'DV-km'!E12)/'DV-km'!E12 -> 0.008220396 | F8: LDVs | G8: ='DV-km'!E12 -> 39 | H8: ='DV-km'!F12 -> 3347573 | J8: =G9 -> 38 | K8: =H9 -> 1579643 | P8: 승합 HDVs | Q8: =L13 -> 144.22721 | R8: =M13 -> 156622
C9: =SUM('SYVbT_DV-Regis'!F47:F50) -> 1579643 | F9: LDVs | G9: ='DV-km'!E13 -> 38 | H9: ='DV-km'!F13 -> 1579643 | J9: ='DV-km'!E14 -> 38 | K9: =C10-K6 -> 534487 | L9: 승용차-기타형
B10: 기타형 | C10: ='SYVbT_DV-Regis'!F53 -> 1229282 | D10: LDV,HDV 합쳐져있음 | O10: freight | P10: 화물 LDVs | Q10: =L15 -> 40.071139 | R10: =M15 -> 2858742 | S10: =SUMPRODUCT(Q10:Q11,R10:R11)/SUM(R10:R11)*About!B64*About!B65 -> 9107.6632
A11: 승합차 | B11: 일반형 | C11: =SUM('SYVbT_DV-Regis'!F71) -> 593704 | D11: =SUMPRODUCT('DV-km'!E17:E19,'DV-km'!F17:F19)/SUM('DV-km'!F17:F19) -> 58.493833 | E11: =ABS(D11-'DV-km'!E16)/'DV-km'!E16 -> 0.044532731 | F11: HDVs | G11: =SUMPRODUCT('DV-km'!E17:E18,'DV-km'!F17:F18)/SUM('DV-km'!F17:F18) -> 35.217441 | H11: =SUM('DV-km'!F17:F18) -> 620697 | I11: HDVs | J11: =G11 -> 35.217441 | K11: =H11 -> 620697 | L11: =SUMPRODUCT(J11:J12,K11:K12)/SUM(K11:K12) -> 35.111181 | M11: =SUM(K11:K12) -> 627220 | P11: 특수 LDVs | Q11: =L25 -> 61 | R11: =M25 -> 11800
C12: =SUM('SYVbT_DV-Regis'!F72:F73) -> 26993 | J12: =J14 -> 25 | K12: 6523
C13: =SUM('SYVbT_DV-Regis'!F64:F67,'SYVbT_DV-Regis'!F74:F75) -> 126173 | F13: HDVs | G13: ='DV-km'!E19 -> 173 | H13: ='DV-km'!F19 -> 126173 | I13: HDVs | J13: =G13 -> 173 | K13: =H13 -> 126173 | L13: =SUMPRODUCT(J13:J14,K13:K14)/SUM(K13:K14) -> 144.22721 | M13: =SUM(K13:K14) -> 156622 | O13: freight | P13: 화물 HDVs | Q13: =L18 -> 77.538258 | R13: =M18 -> 756503 | S13: =SUMPRODUCT(Q13:Q14,R13:R14)/SUM(R13:R14)*About!B64*About!B65 -> 18378.798
B14: 특수용도용 | C14: ='SYVbT_DV-Regis'!F76 -> 36972 | D14: LDV,HDV 합쳐져있음 | J14: ='DV-km'!E20 -> 25 | K14: ='DV-km'!F20-K12 -> 30449 | P14: 특수 HDVs | Q14: =L26 -> 109.13656 | R14: =M26 -> 94137
A15: 화물차 | B15: 일반형 | C15: =SUM('SYVbT_DV-Regis'!F87) -> 1787347 | D15: =SUMPRODUCT('DV-km'!E23:E25,'DV-km'!F23:F25)/SUM('DV-km'!F23:F25) -> 45.882225 | E15: =ABS('DV-km'!E22-D15)/'DV-km'!E22 -> 0.044120306 | F15: LDVs | G15: =SUMPRODUCT('DV-km'!E23:E24,'DV-km'!F23:F24)/SUM('DV-km'!F23:F24) -> 40.368186 | H15: =SUM('DV-km'!F23:F24) -> 2421585 | I15: LDVs | J15: =G15 -> 40.368186 | K15: =H15 -> 2421585 | L15: =SUMPRODUCT(J15:J17,K15:K17)/SUM(K15:K17) -> 40.071139 | M15: =SUM(K15:K17) -> 2858742
C16: =SUM('SYVbT_DV-Regis'!F88:F89) -> 301198 | J16: =G19 -> 18.816116 | K16: =H19 -> 47666
C17: =SUM('SYVbT_DV-Regis'!F90:F93) -> 153272 | F17: HDVs | G17: ='DV-km'!E25 -> 133 | H17: ='DV-km'!F25 -> 153272 | J17: =G22 -> 40.825503 | K17: =H22 -> 389491
B18: 덤프형 | I18: HDVs | J18: =G17 -> 133 | K18: =H17 -> 153272 | L18: =SUMPRODUCT(J18:J20,K18:K20)/SUM(K18:K20) -> 77.538258 | M18: =SUM(K18:K20) -> 756503
C19: ='SYVbT_DV-Regis'!F95 -> 32795 | D19: =SUMPRODUCT('DV-km'!E27:E29,'DV-km'!F27:F29)/SUM('DV-km'!F27:F29) -> 18.840894 | E19: =ABS('DV-km'!E26-D19)/'DV-km'!E26 -> 0.046716324 | F19: LDVs | G19: =SUMPRODUCT('DV-km'!E27:E28,'DV-km'!F27:F28)/SUM('DV-km'!F27:F28) -> 18.816116 | H19: =SUM('DV-km'!F27:F28) -> 47666 | J19: =G21 -> 19 | K19: =H21 -> 7423
C20: ='SYVbT_DV-Regis'!F96 -> 14871 | J20: =G24 -> 64 | K20: =H24 -> 595808
C21: =SUM('SYVbT_DV-Regis'!F97:F98) -> 7423 | F21: HDVs | G21: ='DV-km'!E29 -> 19 | H21: ='DV-km'!F29 -> 7423
B22: 밴형 | C22: ='SYVbT_DV-Regis'!F100 -> 384960 | D22: =SUMPRODUCT('DV-km'!E31:E32,'DV-km'!F31:F32)/SUM('DV-km'!F31:F32) -> 40.825503 | E22: =ABS('DV-km'!E30-D22)/'DV-km'!E30 -> 0.020637576 | F22: LDVs | G22: ='DV-km'!G31 -> 40.825503 | H22: =SUM('DV-km'!F31:F32) -> 389491
C23: =SUM('SYVbT_DV-Regis'!F101:F102) -> 4531
B24: 특수용도용 | C24: ='SYVbT_DV-Regis'!F103 -> 595808 | D24: 모두 HDV | G24: ='DV-km'!E33 -> 64 | H24: ='DV-km'!F33 -> 595808
A25: 특수차 | B25: 견인형 | C25: =SUM('SYVbT_DV-Regis'!F133) -> 39781 | F25: HDVs | G25: ='DV-km'!E35 -> 220 | H25: ='DV-km'!F35 -> 39781 | I25: LDVs | J25: =G26 -> 61 | K25: =H26 -> 11800 | L25: =J25 -> 61 | M25: =K25 -> 11800
B26: 구난형 | C26: =SUM('SYVbT_DV-Regis'!F129) -> 11800 | F26: LDVs | G26: ='DV-km'!E36 -> 61 | H26: ='DV-km'!F36 -> 11800 | I26: HDVs | J26: =G25 -> 220 | K26: =H25 -> 39781 | L26: =SUMPRODUCT(J26:J27,K26:K27)/SUM(K26:K27) -> 109.13656 | M26: =SUM(K26:K27) -> 94137
B27: 특수작업형 | C27: =SUM('SYVbT_DV-Regis'!F137) -> 54356 | F27: HDVs | G27: ='DV-km'!E37 -> 28 | H27: ='DV-km'!F37 -> 54356 | J27: =G27 -> 28 | K27: =H27 -> 54356
A29: Notes
A30: 이 시트의 목적은 LDVs, HDVs 구분
A31: DV-km의 데이터는 LDVs, HDVs 구분이 되어 있지 않음
A32: LDVs, HDVs를 나누기 위해선 별도의 규모별 대수별 데이터가 필요
A33: 이 때, 오차율은 DV-km의 실제 평균 데이터(ex, E6)와 규모별 대수를 적용시킨 가중평균 데이터간 오차를 보여줌
A35: 용도별, 차종별 구분은 최대한 SYVbT의 구분과 동일하게 사용하고자 함
A36: 승용차-기타 & 승합차-특수용도용처럼 구분이 불확실한 곳은 SYVbT-차종별_등록현황의 수치를 통해 임의 구분
A37: DV-km의 화물차-밴형, 특수차-구난형은 오차가 적어 LDVs로 가정
A39: 다중 가중평균을 통해 result를 도출

Sheet SYVbT_Rail
B1: 열차보유 현황
B2: 차종별(1) | C2: 차종별(2) | D2: 2000 | E2: 2001 | F2: 2002 | G2: 2003 | H2: 2004 | I2: 2005 | J2: 2006 | K2: 2007 | L2: 2008 | M2: 2009 | N2: 2010 | O2: 2011 | P2: 2012 | Q2: 2013 | R2: 2014 | S2: 2015 | T2: 2016 | U2: 2017 | V2: 2018 | W2: 2019
B3: KTX | C3: 소계 | D3: - | E3: - | F3: - | G3: 340 | H3: 920 | I3: 920 | J3: 920 | K3: 920 | L3: 920 | M3: 920 | N3: 1110 | O3: 1110 | P3: 1160 | Q3: 1160 | R3: 1160 | S3: 1380 | T3: 1420 | U3: 1530 | V3: 1530 | W3: 1530
B4: SRT | C4: 소계 | D4: - | E4: - | F4: - | G4: - | H4: - | I4: - | J4: - | K4: - | L4: - | M4: - | N4: - | O4: - | P4: - | Q4: - | R4: - | S4: - | T4: 100 | U4: 100 | V4: 100 | W4: 100
B5: 기관차 | C5: 디젤 기관차 | D5: 467 | E5: 482 | F5: 482 | G5: 468 | H5: 462 | I5: 455 | J5: 438 | K5: 422 | L5: 396 | M5: 335 | N5: 330 | O5: 321 | P5: 315 | Q5: 286 | R5: 309 | S5: 292 | T5: 288 | U5: 280 | V5: 265 | W5: 254
C6: 전기기관차 | D6: 95 | E6: 96 | F6: 96 | G6: 106 | H6: 124 | I6: 131 | J6: 151 | K6: 151 | L6: 179 | M6: 179 | N6: 179 | O6: 177 | P6: 204 | Q6: 209 | R6: 200 | S6: 200 | T6: 195 | U6: 176 | V6: 175 | W6: 175
C7: 증기기관차 | D7: 1 | E7: 1 | F7: 1 | G7: 1 | H7: 1 | I7: 1 | J7: 1 | K7: 1 | L7: 1 | M7: - | N7: - | O7: - | P7: - | Q7: - | R7: - | S7: - | T7: - | U7: - | V7: - | W7: -
B8: 동차 | C8: 디젤동차 | D8: 615 | E8: 610 | F8: 610 | G8: 606 | H8: 602 | I8: 592 | J8: 576 | K8: 566 | L8: 524 | M8: 500 | N8: 471 | O8: 444 | P8: 397 | Q8: 303 | R8: 204 | S8: 201 | T8: 178 | U8: 150 | V8: 150 | W8: 121
C9: 전기동차 | D9: 1674 | E9: 1672 | F9: 1662 | G9: 1858 | H9: 1824 | I9: 1850 | J9: 2086 | K9: 2086 | L9: 2088 | M9: 2184 | N9: 2287 | O9: 2344 | P9: 2381 | Q9: 2449 | R9: 2458 | S9: 2410 | T9: 2546 | U9: 2558 | V9: 2569 | W9: 2562
C10: 통일호 전기동차 | D10: 10 | E10: - | F10: - | G10: - | H10: - | I10: - | J10: - | K10: - | L10: - | M10: - | N10: - | O10: - | P10: - | Q10: - | R10: - | S10: - | T10: - | U10: - | V10: - | W10: -
C11: 간선형 전기동차 | D11: - | E11: - | F11: - | G11: - | H11: - | I11: - | J11: - | K11: - | L11: - | M11: 32 | N11: 32 | O11: 32 | P11: 32 | Q11: 32 | R11: 166 | S11: 166 | T11: 166 | U11: 166 | V11: 166 | W11: 166
C12: ITX- 청춘 | D12: - | E12: - | F12: - | G12: - | H12: - | I12: - | J12: - | K12: - | L12: - | M12: - | N12: - | O12: 16 | P12: 64 | Q12: 64 | R12: 64 | S12: 64 | T12: 64 | U12: 64 | V12: 64 | W12: 64
B13: 객차 | C13: 소계 | D13: 1455 | E13: 1421 | F13: 1454 | G13: 1495 | H13: 1294 | I13: 1272 | J13: 1251 | K13: 1226 | L13: 1207 | M13: 1167 | N13: 1127 | O13: 1080 | P13: 1020 | Q13: 1023 | R13: 958 | S13: 969 | T13: 921 | U13: 920 | V13: 909 | W13: 821
B14: 발전차 | C14: 소계 | D14: 220 | E14: 220 | F14: 224 | G14: 222 | H14: 216 | I14: 202 | J14: 188 | K14: 185 | L14: 183 | M14: 179 | N14: 167 | O14: 156 | P14: 147 | Q14: 147 | R14: 133 | S14: 130 | T14: 116 | U14: 116 | V14: 113 | W14: 113
B15: 화차 | C15: 소계 | D15: 13224 | E15: 13413 | F15: 14113 | G15: 14450 | H15: 14286 | I15: 13817 | J15: 13178 | K15: 13183 | L15: 13105 | M15: 12843 | N15: 12755 | O15: 12705 | P15: 12570 | Q15: 12192 | R15: 11413 | S15: 11076 | T15: 11031 | U15: 10865 | V15: 10500 | W15: 10359
B16: 난방차 | C16: 소계 | D16: - | E16: - | F16: - | G16: - | H16: - | I16: - | J16: - | K16: - | L16: - | M16: - | N16: - | O16: - | P16: - | Q16: - | R16: - | S16: - | T16: - | U16: - | V16: - | W16: -
B17: 기중기 | C17: 소계 | D17: 18 | E17: 19 | F17: 19 | G17: 18 | H17: 19 | I17: 19 | J17: 18 | K17: 19 | L17: 19 | M17: 19 | N17: 17 | O17: 16 | P17: 16 | Q17: 16 | R17: 16 | S17: 16 | T17: 16 | U17: 15 | V17: 15 | W17: 15
B19: 편성당 량수 구분
B20: KTX | C20: 20 | D20: 량 | E20: 920 | F20: KTX 고정수량
B21: KTX-산천 | C21: 10 | D21: 량
B22: SRT | C22: 10 | D22: 량
B23: 동차 | C23: 3,4 | D23: 량 | E23: 4 | F23: 가정치(fixed value)
B24: 전기동차 | C24: 4,6,8 | D24: 량 | E24: 6 | F24: 가정치(fixed value)
B25: freight | C25: 20 | D25: 량 | F25: 가정치(fixed value)
C27: 2019 구분별 편성수
C28: 구분 | D28: 2019
A29: battery electric vehicle | B29: 고속철도 | C29: KTX | D29: =$E$20/$C$20 -> 46 | E29: passenger | F29: 고정편성
C30: KTX-산천 | D30: =(W3-$E$20)/$C$21-22 -> 39
C31: SRT | D31: =32 -> 32
A32: diesel vehicle | C32: 디젤기관차 | D32: =W5 -> 254 | E32: freight& passenger | F32: 유동편성 | G32: 50% passenger 가정
A33: battery electric vehicle | C33: 전기기관차 | D33: =W6 -> 175 | F33: 유동편성 | G33: 기관차에 객차나 화차를 연결하여 무궁화호, 새누리호나 화물주의 발주량에 따라 유동적으로 화물열차로 이용
A34: diesel vehicle | B34: 동차 | C34: 디젤동차 | D34: =W8/$E$23 -> 30.25 | E34: passenger | F34: 유동편성
A35: battery electric vehicle | B35: 전기동차 | C35: 전기동차 | D35: =W9/$E$24 -> 427
C36: 간선형전기동차(ITX-새마을) | D36: =W11/$E$24 -> 27.666667 | F36: 고정편성
C37: ITX-청춘(동차) | D37: =W12/$E$24 -> 10.666667
B39: 기타 | C39: 객차 | D39: =W13 -> 821
C40: 발전차 | D40: =W14 -> 113
C41: 화차 | D41: =W15 -> 10359
C42: 기중기 | D42: =W17 -> 15

Sheet Rail-domestic psgr traffic
A1: 1-1-1. 국내여객총괄 Domestic Passenger Traffic | I1: 1-1-1. 국내여객총괄(계속) Domestic Passenger Traffic(Continue)
H2: 단위 : 천인(Unit:1,000 persons) | P2: 단위 : 백만인-킬로미터(Unit:1 mil persons-km)
A3: 연 도 별 Year 수단별 Mode | C3: 합 계 Total | D3: 철 도 Railway | E3: 지 하 철 Subway | F3: 공 로 Road | G3: 해 운 Shipping | H3: 항 공 Aviation | I3: 연 도 별 Year 수단별 Mode | K3: 합 계 Total | L3: 철 도 Railway | M3: 지 하 철 Subway | N3: 공 로 Road | O3: 해 운 Shipping | P3: 항 공 Aviation
A4: 2002 | B4: 수송인원 Passenger | C4: 12678405 | D4: 851716 | E4: 2012386 | F4: 9783595 | G4: 9460 | H4: 21248 | I4: 2002 | J4: 인-키로 Passenger-km | K4: 138227 | L4: 27492 | M4: 24436 | N4: 77925 | O4: 565 | P4: 7809
B5: 분담률 Share | C5: 100 | D5: 6.7 | E5: 15.9 | F5: 77.1 | G5: 0.1 | H5: 0.2 | J5: 분담률 Share | K5: 100 | L5: 19.9 | M5: 17.7 | N5: 56.4 | O5: 0.4 | P5: 5.6
B6: 증가율 Growth rate | C6: -5 | D6: 0.1 | E6: -20.4 | F6: -1.5 | G6: 1.3 | H6: -2.6 | J6: 증가율 Growth rate | K6: -9 | L6: -4.8 | M6: -19.3 | N6: -7.5 | O6: 1.8 | P6: -0.8
A7: 2003 | B7: 수송인원 Passenger | C7: 12313293 | D7: 894621 | E7: 1982192 | F7: 9404764 | G7: 10336 | H7: 21380 | I7: 2003 | J7: 인-키로 Passenger-km | K7: 136741 | L7: 27228 | M7: 23755 | N7: 77200 | O7: 620 | P7: 7938
B8: 분담률 Share | C8: 100 | D8: 7.3 | E8: 16.1 | F8: 76.3 | G8: 0.1 | H8: 0.2 | J8: 분담률 Share | K8: 100 | L8: 19.9 | M8: 17.4 | N8: 56.4 | O8: 0.5 | P8: 5.8
B9: 증가율 Growth rate | C9: -2.9 | D9: 5 | E9: -1.5 | F9: -3.9 | G9: 9.3 | H9: 0.6 | J9: 증가율 Growth rate | K9: -1.1 | L9: -1 | M9: -2.8 | N9: -0.9 | O9: 9.7 | P9: 1.7
A10: 2004 | B10: 수송인원 Passenger | C10: 12153735 | D10: 921223 | E10: 2033411 | F10: 9169560 | G10: 10648 | H10: 18893 | I10: 2004 | J10: 인-키로 Passenger-km | K10: 143775 | L10: 28459 | M10: 24291 | N10: 83217 | O10: 657 | P10: 7151
B11: 분담률 Share | C11: 100 | D11: 7.6 | E11: 16.7 | F11: 75.4 | G11: 0.1 | H11: 0.2 | J11: 분담률 Share | K11: 100 | L11: 19.8 | M11: 16.9 | N11: 57.8 | O11: 0.5 | P11: 5
B12: 증가율 Growth rate | C12: -1.3 | D12: 3 | E12: 2.6 | F12: -2.5 | G12: 3 | H12: -11.6 | J12: 증가율 Growth rate | K12: 5.1 | L12: 4.5 | M12: 2.3 | N12: 7.8 | O12: 6 | P12: -9.9
A13: 2006 | B13: 수송인원 Passenger | C13: 12186509 | D13: 969145 | E13: 2079961 | F13: 9108648 | G13: 11574 | H13: 17181 | I13: 2006 | J13: 인-키로 Passenger-km | K13: 160740 | L13: 31416 | M13: 24110 | N13: 97854 | O13: 709 | P13: 6651
B14: 분담률 Share | C14: 100 | D14: 8 | E14: 17.1 | F14: 74.7 | G14: 0.1 | H14: 0.1 | J14: 분담률 Share | K14: 100 | L14: 19.5 | M14: 15 | N14: 61 | O14: 0.4 | P14: 4.1
B15: 증가율 Growth rate | C15: 3.3 | D15: 1.9 | E15: 3 | F15: 3.5 | G15: 4.3 | H15: 0.1 | J15: 증가율 Growth rate | K15: 4.7 | L15: 1.3 | M15: 2 | N15: 6.8 | O15: 6.1 | P15: 0.9
A16: 2007 | B16: 수송인원 Passenger | C16: 12410876 | D16: 989294 | E16: 2090290 | F16: 9301810 | G16: 12634 | H16: 16848 | I16: 2007 | J16: 인-키로 Passenger-km | K16: 182590 | L16: 31596 | M16: 24134 | N16: 119569 | O16: 765 | P16: 6526
B17: 분담률 Share | C17: 100 | D17: 8 | E17: 16.8 | F17: 75 | G17: 0.1 | H17: 0.1 | J17: 분담률 Share | K17: 100 | L17: 17.3 | M17: 13.2 | N17: 65.5 | O17: 0.4 | P17: 3.6
B18: 증가율 Growth rate | C18: 1.8 | D18: 2.1 | E18: 0.5 | F18: 2.1 | G18: 9.2 | H18: -1.9 | J18: 증가율 Growth rate | K18: 13.6 | L18: 0.6 | M18: 0.1 | N18: 22.2 | O18: 7.9 | P18: -1.9
A19: 2008 | B19: 수송인원 Passenger | C19: 12990411 | D19: 1018977 | E19: 2141872 | F19: 9798410 | G19: 14162 | H19: 16990 | I19: 2008 | J19: 인-키로 Passenger-km | K19: 168425 | L19: 32027 | M19: 24740 | N19: 104142 | O19: 873 | P19: 6643
B20: 분담률 Share | C20: 100 | D20: 7.8 | E20: 16.5 | F20: 75.5 | G20: 0.1 | H20: 0.1 | J20: 분담률 Share | K20: 100 | L20: 19 | M20: 14.7 | N20: 61.9 | O20: 0.5 | P20: 3.9
B21: 증가율 Growth rate | C21: 4.7 | D21: 3 | E21: 2.5 | F21: 5.3 | G21: 12.1 | H21: 0.8 | J21: 증가율 Growth rate | K21: -7.8 | L21: 1.4 | M21: 2.5 | N21: -12.9 | O21: 14.1 | P21: 1.8
A22: 2009 | B22: 수송인원 Passenger | C22: 12958910 | D22: 1020319 | E22: 2181346 | F22: 9724316 | G22: 14868 | H22: 18061 | I22: 2009 | J22: 인-키로 Passenger-km | K22: 164575 | L22: 31299 | M22: 24190 | N22: 101114 | O22: 867 | P22: 7105
B23: 분담률 Share | C23: 100 | D23: 7.9 | E23: 16.8 | F23: 75.1 | G23: 0.1 | H23: 0.1 | J23: 분담률 Share | K23: 100 | L23: 19 | M23: 14.7 | N23: 61.5 | O23: 0.5 | P23: 4.3
B24: 증가율 Growth rate | C24: -0.2 | D24: 0.1 | E24: 1.8 | F24: -0.8 | G24: 5 | H24: 6.3 | J24: 증가율 Growth rate | K24: -2.3 | L24: -2.3 | M24: -2.2 | N24: -2.9 | O24: -0.7 | P24: 7
A25: 2010 | B25: 수송인원 Passenger | C25: 12867138 | D25: 1060941 | E25: 2273087 | F25: 9498586 | G25: 14308 | H25: 20216 | I25: 2010 | J25: 인-키로 Passenger-km | K25: 171946 | L25: 33012 | M25: 25369 | N25: 104671 | O25: 883 | P25: 8011
B26: 분담률 Share | C26: 100 | D26: 8.2 | E26: 17.7 | F26: 73.8 | G26: 0.1 | H26: 0.2 | J26: 분담률 Share | K26: 100 | L26: 19.2 | M26: 14.8 | N26: 60.8 | O26: 0.5 | P26: 4.7
B27: 증가율 Growth rate | C27: -0.7 | D27: 4 | E27: 4.2 | F27: -2.3 | G27: -3.8 | H27: 11.9 | J27: 증가율 Growth rate | K27: 4.5 | L27: 5.5 | M27: 4.9 | N27: 3.5 | O27: 1.8 | P27: 12.8
A28: 2011 | B28: 수송인원 Passenger | C28: 29455705 | D28: 1118621 | E28: 2358758 | F28: 25943079 | G28: 14266 | H28: 20981 | I28: 2011 | J28: 인-키로 Passenger-km | K28: 416348 | L28: 36784 | M28: 26260 | N28: 343928 | O28: 981 | P28: 8395
B29: 분담률 Share | C29: 100 | D29: 3.8 | E29: 8 | F29: 88 | G29: 0.1 | H29: 0.1 | J29: 분담률 Share | K29: 100 | L29: 8.8 | M29: 6.3 | N29: 82.7 | O29: 0.2 | P29: 2
B30: 증가율 Growth rate | C30: 128.9 | D30: 5.4 | E30: 3.8 | F30: 173.1 | G30: -0.3 | H30: 3.8 | J30: 증가율 Growth rate | K30: 142.1 | L30: 11.4 | M30: 3.5 | N30: 228.6 | O30: 11.1 | P30: 4.8
A31: 2012 | B31: 수송인원 Passenger | C31: 29579409 | D31: 1149340 | E31: 2410931 | F31: 25982998 | G31: 14538 | H31: 21602 | I31: 2012 | J31: 인-키로 Passenger-km | K31: 429928 | L31: 42493 | M31: 27586 | N31: 350217 | O31: 922 | P31: 8710
B32: 분담률 Share | C32: 100 | D32: 3.9 | E32: 8.2 | F32: 87.7 | G32: 0.1 | H32: 0.1 | J32: 분담률 Share | K32: 100 | L32: 9.9 | M32: 6.4 | N32: 81.5 | O32: 0.2 | P32: 2
B33: 증가율 Growth rate | C33: 0.4 | D33: 2.7 | E33: 2.2 | F33: 0.2 | G33: 1.9 | H33: 3 | J33: 증가율 Growth rate | K33: 3.3 | L33: 15.5 | M33: 5 | N33: 1.8 | O33: -6 | P33: 3.8
A34: 2013 | B34: 수송인원 Passenger | C34: 30067308 | D34: 1224820 | E34: 2476394 | F34: 26327678 | G34: 16063 | H34: 22353 | I34: 2013 | J34: 인-키로 Passenger-km | K34: 438154 | L34: 38531 | M34: 27822 | N34: 361696 | O34: 1012 | P34: 9093
B35: 분담률 Share | C35: 100 | D35: 4.1 | E35: 8.2 | F35: 87.5 | G35: 0.1 | H35: 0.1 | J35: 분담률 Share | K35: 100 | L35: 8.8 | M35: 6.3 | N35: 82.6 | O35: 0.2 | P35: 2.1
B36: 증가율 Growth rate | C36: 1.6 | D36: 6.6 | E36: 2.7 | F36: 1.3 | G36: 10.5 | H36: 3.5 | J36: 증가율 Growth rate | K36: 1.9 | L36: -9.3 | M36: 0.9 | N36: 3.3 | O36: 9.8 | P36: 4.4
A37: 2014 | B37: 수송인원 Passenger | C37: 30507071 | D37: 1263472 | E37: 2526167 | F37: 26678513 | G37: 14271 | H37: 24648 | I37: 2014 | J37: 인-키로 Passenger-km | K37: 439049 | L37: 39500 | M37: 28360 | N37: 360936 | O37: 756 | P37: 9497
B38: 분담률 Share | C38: 100 | D38: 4.1 | E38: 8.3 | F38: 87.4 | G38: 0.1 | H38: 0.1 | J38: 분담률 Share | K38: 100 | L38: 9 | M38: 6.5 | N38: 82.1 | O38: 0.2 | P38: 2.2
B39: 증가율 Growth rate | C39: 1.5 | D39: 3.2 | E39: 2 | F39: 1.3 | G39: -11.2 | H39: 10.3 | J39: 증가율 Growth rate | K39: 0.2 | L39: 2.5 | M39: 1.9 | N39: -0.2 | O39: -25.3 | P39: 4.4
A40: 2015 | B40: 수송인원 Passenger | C40: 31029472 | D40: 1269417 | E40: 2522900 | F40: 27193794 | G40: 15381 | H40: 27980 | I40: 2015 | J40: 인-키로 Passenger-km | K40: 464853 | L40: 40343 | M40: 28028 | N40: 385018 | O40: 757 | P40: 10707
B41: 분담률 Share | C41: 100 | D41: 4.1 | E41: 8.1 | F41: 87.6 | G41: 0.1 | H41: 0.1 | J41: 분담률 Share | K41: 100 | L41: 8.7 | M41: 6 | N41: 82.8 | O41: 0.2 | P41: 2.3
B42: 증가율 Growth rate | C42: 1.7 | D42: 0.5 | E42: -0.1 | F42: 1.9 | G42: 7.8 | H42: 13.5 | J42: 증가율 Growth rate | K42: 5.9 | L42: 2.1 | M42: -1.2 | N42: 6.7 | O42: 0.1 | P42: 12.7
A43: 2016 | B43: 수송인원 Passenger | C43: 33158711 | D43: 1449535 | E43: 3572127 | F43: 28090714 | G43: 15423 | H43: 30913 | I43: 2016 | J43: 인-키로 Passenger-km | K43: 490071 | L43: 43384 | M43: 43487 | N43: 390541 | O43: 839 | P43: 11820
B44: 분담률 Share | C44: 100 | D44: 4.3715029 | E44: 10.772816 | F44: 84.715941 | G44: 0.046512665 | H44: 0.093227388 | J44: 분담률 Share | K44: 100 | L44: 8.9 | M44: 8.9 | N44: 79.7 | O44: 0.16916755 | P44: 2.3832663
B45: 증가율 Growth rate | C45: 6.8619891 | D45: 14.188954 | E45: 41.588133 | F45: 3.3 | G45: 0.3 | H45: 10.5 | J45: 증가율 Growth rate | K45: 5.4 | L45: 7.5 | M45: 55.2 | N45: 1.4 | O45: 10.8 | P45: 10.4
A46: 2017 | B46: 수송인원 Passenger | C46: 33336714 | D46: 1490319 | E46: 3604712 | F46: 28192366 | G46: 16910 | H46: 32406 | I46: 2017 | J46: 인-키로 Passenger-km | K46: 496319 | L46: 46295 | M46: 43669 | N46: 393196 | O46: 916 | P46: 12243
B47: 분담률 Share | C47: 100 | D47: 4.5 | E47: 10.8 | F47: 84.6 | G47: 0.1 | H47: 0.1 | J47: 분담률 Share | K47: 100 | L47: 9.3 | M47: 8.8 | N47: 79.2 | O47: 0.2 | P47: 2.5
B48: 증가율 Growth rate | C48: 0.5 | D48: 2.8093856 | E48: 0.91214562 | F48: 0.4 | G48: 9.6 | H48: 4.8296833 | J48: 증가율 Growth rate | K48: 0 | L48: -12.23591 | M48: 0.53121766 | N48: 0 | O48: 0 | P48: 3.5786802
A49: 2018 | B49: 수송인원 Passenger | C49: 33595786 | D49: 1521590 | E49: 3618352 | F49: 28409618 | G49: 14625.484 | H49: 31600.61 | I49: 2018 | J49: 인-키로 Passenger-km | K49: 504501.23 | L49: 48027 | M49: 44166 | N49: 399604 | O49: 822.23361 | P49: 11882
B50: 분담률 Share | C50: 100 | D50: 4.5291097 | E50: 10.770256 | F50: 84.56304 | G50: 0.043533686 | H50: 0.094061231 | J50: 분담률 Share | K50: 100 | L50: 9.5196992 | M50: 8.7543889 | N50: 79.207735 | O50: 0.1629795 | P50: 2.3551974
B51: 증가율 Growth rate | C51: 0.77714049 | D51: 2.0982756 | E51: 0.37839361 | F51: 0.77060577 | G51: -13.509852 | H51: -2.4853114 | J51: 증가율 Growth rate | K51: 1.6485836 | L51: 3.7412248 | M51: 1.1381071 | N51: 1.6297216 | O51: -10.236506 | P51: -2.9486237
A52: 자료: 국토교통부 교통물류실 종합교통정책관 교통정책총괄과, 한국교통연구원 국가교통DB센터 주 1) 공로: 2011년부터 승용차통계 포함 주 2) 철도: 2016년 한국철도통계 개편 결과 반영

Sheet Rail-CAGR
A1: 철도총괄지표
A2: 지표별(1) | B2: 지표별(2) | C2: 2011 | D2: 2012 | E2: 2013 | F2: 2014 | G2: 2015 | H2: 2016 | I2: 2017 | J2: 2018 | K2: CAGR
A3: 여객수송실적 | B3: 인원 (명) | C3: =INDEX('Rail-domestic psgr traffic'!$D$13:$D$51,MATCH('Rail-CAGR'!C2,'Rail-domestic psgr traffic'!$A$13:$A$51,0))*10^3 -> 1118621000 | D3: =INDEX('Rail-domestic psgr traffic'!$D$13:$D$51,MATCH('Rail-CAGR'!D2,'Rail-domestic psgr traffic'!$A$13:$A$51,0))*10^3 -> 1149340000 | E3: =INDEX('Rail-domestic psgr traffic'!$D$13:$D$51,MATCH('Rail-CAGR'!E2,'Rail-domestic psgr traffic'!$A$13:$A$51,0))*10^3 -> 1224820000 | F3: =INDEX('Rail-domestic psgr traffic'!$D$13:$D$51,MATCH('Rail-CAGR'!F2,'Rail-domestic psgr traffic'!$A$13:$A$51,0))*10^3 -> 1263472000 | G3: =INDEX('Rail-domestic psgr traffic'!$D$13:$D$51,MATCH('Rail-CAGR'!G2,'Rail-domestic psgr traffic'!$A$13:$A$51,0))*10^3 -> 1269417000 | H3: =INDEX('Rail-domestic psgr traffic'!$D$13:$D$51,MATCH('Rail-CAGR'!H2,'Rail-domestic psgr traffic'!$A$13:$A$51,0))*10^3 -> 1449535000 | I3: =INDEX('Rail-domestic psgr traffic'!$D$13:$D$51,MATCH('Rail-CAGR'!I2,'Rail-domestic psgr traffic'!$A$13:$A$51,0))*10^3 -> 1490319000 | J3: =INDEX('Rail-domestic psgr traffic'!$D$13:$D$51,MATCH('Rail-CAGR'!J2,'Rail-domestic psgr traffic'!$A$13:$A$51,0))*10^3 -> 1521590000 | K3: =(J3/C3)^(1/7)-1 -> 0.044931475
B4: 인키로 (인/킬로미터) | C4: =INDEX('Rail-domestic psgr traffic'!$L$13:$L$51,MATCH('Rail-CAGR'!C2,'Rail-domestic psgr traffic'!$A$13:$A$51,0))*10^6 -> 36784000000 | D4: =INDEX('Rail-domestic psgr traffic'!$L$13:$L$51,MATCH('Rail-CAGR'!D2,'Rail-domestic psgr traffic'!$A$13:$A$51,0))*10^6 -> 42493000000 | E4: =INDEX('Rail-domestic psgr traffic'!$L$13:$L$51,MATCH('Rail-CAGR'!E2,'Rail-domestic psgr traffic'!$A$13:$A$51,0))*10^6 -> 38531000000 | F4: =INDEX('Rail-domestic psgr traffic'!$L$13:$L$51,MATCH('Rail-CAGR'!F2,'Rail-domestic psgr traffic'!$A$13:$A$51,0))*10^6 -> 39500000000 | G4: =INDEX('Rail-domestic psgr traffic'!$L$13:$L$51,MATCH('Rail-CAGR'!G2,'Rail-domestic psgr traffic'!$A$13:$A$51,0))*10^6 -> 40343000000 | H4: =INDEX('Rail-domestic psgr traffic'!$L$13:$L$51,MATCH('Rail-CAGR'!H2,'Rail-domestic psgr traffic'!$A$13:$A$51,0))*10^6 -> 43384000000 | I4: =INDEX('Rail-domestic psgr traffic'!$L$13:$L$51,MATCH('Rail-CAGR'!I2,'Rail-domestic psgr traffic'!$A$13:$A$51,0))*10^6 -> 46295000000 | J4: =INDEX('Rail-domestic psgr traffic'!$L$13:$L$51,MATCH('Rail-CAGR'!J2,'Rail-domestic psgr traffic'!$A$13:$A$51,0))*10^6 -> 48027000000 | K4: =(J4/C4)^(1/7)-1 -> 0.038835168
A5: 화물수송실적 | B5: 톤수 (톤) | C5: 40011987 | D5: 40308928 | E5: 39822270 | F5: 37379168 | G5: 37093642 | H5: 32555441 | I5: 31669610 | J5: 30914733 | K5: =(J5/C5)^(1/7)-1 -> -0.036178782
B6: 톤키로 (톤/킬로미터) | C6: 996737509 | D6: =10458878979 -> 10458878979 | E6: 10458878979 | F6: 9563602650 | G6: 9479257421 | H6: 8.4141218e+09 | I6: 8.2291949e+09 | J6: 7.8775118e+09 | K6: =(J6/C6)^(1/7)-1 -> 0.34356389

Sheet Rail-subway
D2: unit: | E2: 1000persons | I2: unit: | J2: million persons km
C3: rail | D3: subway | H3: rail | I3: subway
B4: 2006 | C4: =INDEX('Rail-domestic psgr traffic'!$D$13:$D$51,MATCH(B4,'Rail-domestic psgr traffic'!$A$13:$A$51,0)) -> 969145 | D4: =INDEX('Rail-domestic psgr traffic'!$E$13:$E$51,MATCH(B4,'Rail-domestic psgr traffic'!$A$13:$A$51,0)) -> 2079961 | G4: 2006 | H4: =INDEX('Rail-domestic psgr traffic'!$L$13:$L$51,MATCH(B4,'Rail-domestic psgr traffic'!$A$13:$A$51,0)) -> 31416 | I4: =INDEX('Rail-domestic psgr traffic'!$M$13:$M$51,MATCH(B4,'Rail-domestic psgr traffic'!$A$13:$A$51,0)) -> 24110
B5: 2007 | C5: =INDEX('Rail-domestic psgr traffic'!$D$13:$D$51,MATCH(B5,'Rail-domestic psgr traffic'!$A$13:$A$51,0)) -> 989294 | D5: =INDEX('Rail-domestic psgr traffic'!$E$13:$E$51,MATCH(B5,'Rail-domestic psgr traffic'!$A$13:$A$51,0)) -> 2090290 | G5: 2007 | H5: =INDEX('Rail-domestic psgr traffic'!$L$13:$L$51,MATCH(B5,'Rail-domestic psgr traffic'!$A$13:$A$51,0)) -> 31596 | I5: =INDEX('Rail-domestic psgr traffic'!$M$13:$M$51,MATCH(B5,'Rail-domestic psgr traffic'!$A$13:$A$51,0)) -> 24134
B6: 2008 | C6: =INDEX('Rail-domestic psgr traffic'!$D$13:$D$51,MATCH(B6,'Rail-domestic psgr traffic'!$A$13:$A$51,0)) -> 1018977 | D6: =INDEX('Rail-domestic psgr traffic'!$E$13:$E$51,MATCH(B6,'Rail-domestic psgr traffic'!$A$13:$A$51,0)) -> 2141872 | G6: 2008 | H6: =INDEX('Rail-domestic psgr traffic'!$L$13:$L$51,MATCH(B6,'Rail-domestic psgr traffic'!$A$13:$A$51,0)) -> 32027 | I6: =INDEX('Rail-domestic psgr traffic'!$M$13:$M$51,MATCH(B6,'Rail-domestic psgr traffic'!$A$13:$A$51,0)) -> 24740
B7: 2009 | C7: =INDEX('Rail-domestic psgr traffic'!$D$13:$D$51,MATCH(B7,'Rail-domestic psgr traffic'!$A$13:$A$51,0)) -> 1020319 | D7: =INDEX('Rail-domestic psgr traffic'!$E$13:$E$51,MATCH(B7,'Rail-domestic psgr traffic'!$A$13:$A$51,0)) -> 2181346 | G7: 2009 | H7: =INDEX('Rail-domestic psgr traffic'!$L$13:$L$51,MATCH(B7,'Rail-domestic psgr traffic'!$A$13:$A$51,0)) -> 31299 | I7: =INDEX('Rail-domestic psgr traffic'!$M$13:$M$51,MATCH(B7,'Rail-domestic psgr traffic'!$A$13:$A$51,0)) -> 24190
B8: 2010 | C8: =INDEX('Rail-domestic psgr traffic'!$D$13:$D$51,MATCH(B8,'Rail-domestic psgr traffic'!$A$13:$A$51,0)) -> 1060941 | D8: =INDEX('Rail-domestic psgr traffic'!$E$13:$E$51,MATCH(B8,'Rail-domestic psgr traffic'!$A$13:$A$51,0)) -> 2273087 | G8: 2010 | H8: =INDEX('Rail-domestic psgr traffic'!$L$13:$L$51,MATCH(B8,'Rail-domestic psgr traffic'!$A$13:$A$51,0)) -> 33012 | I8: =INDEX('Rail-domestic psgr traffic'!$M$13:$M$51,MATCH(B8,'Rail-domestic psgr traffic'!$A$13:$A$51,0)) -> 25369
B9: 2011 | C9: =INDEX('Rail-domestic psgr traffic'!$D$13:$D$51,MATCH(B9,'Rail-domestic psgr traffic'!$A$13:$A$51,0)) -> 1118621 | D9: =INDEX('Rail-domestic psgr traffic'!$E$13:$E$51,MATCH(B9,'Rail-domestic psgr traffic'!$A$13:$A$51,0)) -> 2358758 | G9: 2011 | H9: =INDEX('Rail-domestic psgr traffic'!$L$13:$L$51,MATCH(B9,'Rail-domestic psgr traffic'!$A$13:$A$51,0)) -> 36784 | I9: =INDEX('Rail-domestic psgr traffic'!$M$13:$M$51,MATCH(B9,'Rail-domestic psgr traffic'!$A$13:$A$51,0)) -> 26260
B10: 2012 | C10: =INDEX('Rail-domestic psgr traffic'!$D$13:$D$51,MATCH(B10,'Rail-domestic psgr traffic'!$A$13:$A$51,0)) -> 1149340 | D10: =INDEX('Rail-domestic psgr traffic'!$E$13:$E$51,MATCH(B10,'Rail-domestic psgr traffic'!$A$13:$A$51,0)) -> 2410931 | G10: 2012 | H10: =INDEX('Rail-domestic psgr traffic'!$L$13:$L$51,MATCH(B10,'Rail-domestic psgr traffic'!$A$13:$A$51,0)) -> 42493 | I10: =INDEX('Rail-domestic psgr traffic'!$M$13:$M$51,MATCH(B10,'Rail-domestic psgr traffic'!$A$13:$A$51,0)) -> 27586
B11: 2013 | C11: =INDEX('Rail-domestic psgr traffic'!$D$13:$D$51,MATCH(B11,'Rail-domestic psgr traffic'!$A$13:$A$51,0)) -> 1224820 | D11: =INDEX('Rail-domestic psgr traffic'!$E$13:$E$51,MATCH(B11,'Rail-domestic psgr traffic'!$A$13:$A$51,0)) -> 2476394 | G11: 2013 | H11: =INDEX('Rail-domestic psgr traffic'!$L$13:$L$51,MATCH(B11,'Rail-domestic psgr traffic'!$A$13:$A$51,0)) -> 38531 | I11: =INDEX('Rail-domestic psgr traffic'!$M$13:$M$51,MATCH(B11,'Rail-domestic psgr traffic'!$A$13:$A$51,0)) -> 27822
B12: 2014 | C12: =INDEX('Rail-domestic psgr traffic'!$D$13:$D$51,MATCH(B12,'Rail-domestic psgr traffic'!$A$13:$A$51,0)) -> 1263472 | D12: =INDEX('Rail-domestic psgr traffic'!$E$13:$E$51,MATCH(B12,'Rail-domestic psgr traffic'!$A$13:$A$51,0)) -> 2526167 | G12: 2014 | H12: =INDEX('Rail-domestic psgr traffic'!$L$13:$L$51,MATCH(B12,'Rail-domestic psgr traffic'!$A$13:$A$51,0)) -> 39500 | I12: =INDEX('Rail-domestic psgr traffic'!$M$13:$M$51,MATCH(B12,'Rail-domestic psgr traffic'!$A$13:$A$51,0)) -> 28360
B13: 2015 | C13: =INDEX('Rail-domestic psgr traffic'!$D$13:$D$51,MATCH(B13,'Rail-domestic psgr traffic'!$A$13:$A$51,0)) -> 1269417 | D13: =INDEX('Rail-domestic psgr traffic'!$E$13:$E$51,MATCH(B13,'Rail-domestic psgr traffic'!$A$13:$A$51,0)) -> 2522900 | G13: 2015 | H13: =INDEX('Rail-domestic psgr traffic'!$L$13:$L$51,MATCH(B13,'Rail-domestic psgr traffic'!$A$13:$A$51,0)) -> 40343 | I13: =INDEX('Rail-domestic psgr traffic'!$M$13:$M$51,MATCH(B13,'Rail-domestic psgr traffic'!$A$13:$A$51,0)) -> 28028
B14: 2016 | C14: =INDEX('Rail-domestic psgr traffic'!$D$13:$D$51,MATCH(B14,'Rail-domestic psgr traffic'!$A$13:$A$51,0)) -> 1449535 | D14: =INDEX('Rail-domestic psgr traffic'!$E$13:$E$51,MATCH(B14,'Rail-domestic psgr traffic'!$A$13:$A$51,0)) -> 3572127 | G14: 2016 | H14: =INDEX('Rail-domestic psgr traffic'!$L$13:$L$51,MATCH(B14,'Rail-domestic psgr traffic'!$A$13:$A$51,0)) -> 43384 | I14: =INDEX('Rail-domestic psgr traffic'!$M$13:$M$51,MATCH(B14,'Rail-domestic psgr traffic'!$A$13:$A$51,0)) -> 43487
B15: 2017 | C15: =INDEX('Rail-domestic psgr traffic'!$D$13:$D$51,MATCH(B15,'Rail-domestic psgr traffic'!$A$13:$A$51,0)) -> 1490319 | D15: =INDEX('Rail-domestic psgr traffic'!$E$13:$E$51,MATCH(B15,'Rail-domestic psgr traffic'!$A$13:$A$51,0)) -> 3604712 | G15: 2017 | H15: =INDEX('Rail-domestic psgr traffic'!$L$13:$L$51,MATCH(B15,'Rail-domestic psgr traffic'!$A$13:$A$51,0)) -> 46295 | I15: =INDEX('Rail-domestic psgr traffic'!$M$13:$M$51,MATCH(B15,'Rail-domestic psgr traffic'!$A$13:$A$51,0)) -> 43669
B16: 2018 | C16: =INDEX('Rail-domestic psgr traffic'!$D$13:$D$51,MATCH(B16,'Rail-domestic psgr traffic'!$A$13:$A$51,0)) -> 1521590 | D16: =INDEX('Rail-domestic psgr traffic'!$E$13:$E$51,MATCH(B16,'Rail-domestic psgr traffic'!$A$13:$A$51,0)) -> 3618352 | G16: 2018 | H16: =INDEX('Rail-domestic psgr traffic'!$L$13:$L$51,MATCH(B16,'Rail-domestic psgr traffic'!$A$13:$A$51,0)) -> 48027 | I16: =INDEX('Rail-domestic psgr traffic'!$M$13:$M$51,MATCH(B16,'Rail-domestic psgr traffic'!$A$13:$A$51,0)) -> 44166
A19: SYVbT_Rail-subway
B20: 편성당 | C20: 보유량 | D20: 편성수 | E20: 수송인원(일평균) | F20: 운행횟수 | H20: 평균운행횟수(일) | I20: 하루 1편성당 이용객
F21: 평일 | G21: 주말
A22: 서울 1호선 | B22: 10 | C22: 160 | D22: =C22/B22 -> 16 | E22: 101188 | F22: 514 | G22: 464 | H22: =SUM(F22*5,G22*2)/7 -> 499.71429 | I22: =E22/H22 -> 202.49171
A23: 서울 2호선 | B23: 10or6or4 | C23: 794 | D23: 84 | E23: 562103 | F23: 947 | G23: 853 | H23: =SUM(F23*5,G23*2)/7 -> 920.14286 | I23: =E23/H23 -> 610.88666
A24: 서울 3호선 | B24: 10 | C24: 490 | D24: =C24/B24 -> 49 | E24: 208987 | F24: 362 | G24: 350 | H24: =SUM(F24*5,G24*2)/7 -> 358.57143 | I24: =E24/H24 -> 582.83227
A25: 서울 4호선 | B25: 10 | C25: 470 | D25: =C25/B25 -> 47 | E25: 210968 | F25: 453 | G25: 394 | H25: =SUM(F25*5,G25*2)/7 -> 436.14286 | I25: =E25/H25 -> 483.71307
A26: 서울 5호선 | B26: 8 | C26: =640-12 -> 628 | D26: =C26/B26 -> 78.5 | E26: 223186 | F26: 431 | G26: 372 | H26: =SUM(F26*5,G26*2)/7 -> 414.14286 | I26: =E26/H26 -> 538.91066
A27: 서울 6호선 | B27: 8 | C27: 312 | D27: =C27/B27 -> 39 | E27: 130600 | F27: 330 | G27: 277 | H27: =SUM(F27*5,G27*2)/7 -> 314.85714 | I27: =E27/H27 -> 414.79129
A28: 서울 7호선 | B28: 8 | C28: 577 | D28: =C28/B28 -> 72.125 | E28: 261991 | F28: 415 | G28: 353 | H28: =SUM(F28*5,G28*2)/7 -> 397.28571 | I28: =E28/H28 -> 659.45236
A29: 서울 8호선 | B29: 6 | C29: 120 | D29: =C29/B29 -> 20 | E29: 70133 | F29: 282 | G29: 270 | H29: =SUM(F29*5,G29*2)/7 -> 278.57143 | I29: =E29/H29 -> 251.75949
A30: 서울 9호선 | B30: 6 | C30: 270 | D30: =C30/B30 -> 45 | E30: 130859 | F30: 502 | H30: =F30 -> 502 | I30: =E30/H30 -> 260.6753
A31: 대전 1호선 | B31: 4 | C31: 84 | D31: =C31/B31 -> 21 | E31: 40262 | F31: 242 | G31: 218 | H31: =SUM(F31*5,G31*2)/7 -> 235.14286 | I31: =E31/H31 -> 171.22357
A32: 부산 1호선 | B32: 8 | C32: 408 | D32: =C32/B32 -> 51 | E32: 173271 | F32: 364 | G32: 328 | H32: =SUM(F32*5,G32*2)/7 -> 353.71429 | I32: =E32/H32 -> 489.86147
A33: 부산 2호선 | B33: 6 | C33: 336 | D33: =C33/B33 -> 56 | E33: 123856 | F33: 349 | G33: 305 | H33: =SUM(F33*5,G33*2)/7 -> 336.42857 | I33: =E33/H33 -> 368.14947
A34: 부산 3호선 | B34: 4 | C34: 80 | D34: =C34/B34 -> 20 | E34: 34438 | F34: 320 | G34: 284 | H34: =SUM(F34*5,G34*2)/7 -> 309.71429 | I34: =E34/H34 -> 111.1928
A35: 부산 4호선 | B35: 6 | C35: 102 | D35: =C35/B35 -> 17 | E35: 10984 | F35: 310 | G35: 278 | H35: =SUM(F35*5,G35*2)/7 -> 300.85714 | I35: =E35/H35 -> 36.509022
A36: 인천 1호선 | B36: 8 | C36: 272 | D36: =C36/B36 -> 34 | E36: 74427 | F36: 312 | G36: 272 | H36: =SUM(F36*5,G36*2)/7 -> 300.57143 | I36: =E36/H36 -> 247.61835
A37: 인천 2호선 | B37: 2 | C37: 74 | D37: =C37/B37 -> 37 | E37: 41388 | F37: 460 | G37: 376 | H37: =SUM(F37*5,G37*2)/7 -> 436 | I37: =E37/H37 -> 94.926606
A38: 대구 1호선 | B38: 6 | C38: 204 | D38: =C38/B38 -> 34 | E38: 74572 | F38: =105112/365 -> 287.97808 | H38: =F38 -> 287.97808 | I38: =E38/H38 -> 258.95026
A39: 대구 2호선 | B39: 6 | C39: 180 | D39: =C39/B39 -> 30 | E39: 64876 | F39: =96192/365 -> 263.53973 | H39: =F39 -> 263.53973 | I39: =E39/H39 -> 246.17162
A40: 대구 3호선 | B40: 3 | C40: 84 | D40: =C40/B40 -> 28 | E40: 28180 | F40: =111480/365 -> 305.42466 | H40: =F40 -> 305.42466 | I40: =E40/H40 -> 92.26498
A41: 광주 1호선 | B41: 4 | C41: 92 | D41: =C41/B41 -> 23 | E41: 19319 | F41: =G41*(F31/G31) -> 224.23853 | G41: 202 | H41: =SUM(F41*5,G41*2)/7 -> 217.88467 | I41: =E41/H41 -> 88.666175
A42: 부산-김해 경전철 | B42: 2 | C42: 50 | D42: =C42/B42 -> 25 | E42: 18480 | F42: 424 | H42: =SUM(F42*5,G42*2)/7 -> 302.85714 | I42: =E42/H42 -> 61.018868
A43: 의정부 경전철 | B43: 2 | C43: 30 | D43: =C43/B43 -> 15 | E43: 12953 | F43: 362 | H43: =SUM(F43*5,G43*2)/7 -> 258.57143 | I43: =E43/H43 -> 50.094475
A44: 용인경량전철 | B44: 1 | C44: 30 | D44: =C44/B44 -> 30 | E44: 8848 | F44: 398 | H44: =SUM(F44*5,G44*2)/7 -> 284.28571 | I44: =E44/H44 -> 31.123618
A45: 우이 신설경전철 | B45: 2 | C45: 36 | D45: =C45/B45 -> 18 | E45: 16157 | F45: 516 | H45: =SUM(F45*5,G45*2)/7 -> 368.57143 | I45: =E45/H45 -> 43.836822
A46: 총계 | C46: 5883 | D46: =SUM(D22:D45) -> 889.625 | E46: =SUM(E22:E45) -> 2642026
B47: 편성당 승객수 | C47: =SUMPRODUCT(D22:D45,I22:I45)/D46 -> 356.82478 | H47: source: | I47: SYVbT

Sheet Rail-Cal
A1: result-rail
A2: persons | B2: persons km | C2: 편성당 승객수 | E2: pkm/vehicle | F2: pmiles/vehicle | G2: miles/vehicle
A3: ='Rail-CAGR'!J3 -> 1521590000 | B3: ='Rail-CAGR'!J4 -> 48027000000 | C3: 431.85287 | E3: =B3/(SUM(SYVbT_passenger!B5:H5)-$C$10) -> 58067909 | F3: =E3*About!$B$64 -> 36081715 | G3: =F3/C3 -> 83550.944
A5: tons | B5: tons km | C5: 1 편성당 량수 | D5: 1 편성당 견인중량 | E5: ton km/vehicle | F5: ton miles/vehicle | G5: miles/vehicle
A6: ='Rail-CAGR'!J5 -> 30914733 | B6: ='Rail-CAGR'!J6 -> 7.8775118e+09 | C6: 30 | D6: =C6*50.48 -> 1514.4 | E6: =B6/SUM(SYVbT_freight!B5:H5) -> 36724997 | F6: =E6*About!$B$64 -> 22819848 | G6: =F6/D6 -> 15068.574
A8: result-subway | B8: subway is 2018 data
A9: persons | B9: persons km | C9: 편성수 | D9: 편성당 승객수 | E9: pkm/vehicle | F9: pmiles/vehicle | G9: miles/vehicle
A10: ='Rail-subway'!D16*1000 -> 3618352000 | B10: ='Rail-subway'!I16*10^6 -> 44166000000 | C10: ='Rail-subway'!D46 -> 889.625 | D10: ='Rail-subway'!C47 -> 356.82478 | E10: =B10/C10 -> 49645637 | F10: =E10*About!$B$64 -> 30848359 | G10: =F10/D10 -> 86452.402
A12: result-sum(rail,subway)
A13: persons | B13: persons km | C13: 편성수 | D13: 편성당 승객수 | E13: pkm/vehicle | F13: pmiles/vehicle | G13: miles/vehicle
A14: =SUM($A$3,$A$10) -> 5139942000 | B14: =SUM($B$3,$B$10) -> 92193000000 | C14: =SUM(SYVbT_passenger!$B$5:$H$5) -> 1716.7083 | D14: ='AVLo-passenger'!B5 -> 382.85955 | E14: =B14/C14 -> 53703357 | F14: =E14*About!$B$64 -> 33369708 | G14: =F14/$D$14 -> 87159.139
A16: Notes
A17: rail 데이터의 경우, Start year(2019) 데이터가 제공되지 않아 2018데이터를 이용하였다.
A18: subway 데이터도 2018 데이터를 이용하였다.
A20: rail의 편성당 승객수, 편성당 견인중량은 AVLo 데이터를 참고했다.

Sheet SYVbT_Aircraft
C2: 항공사 | D2: 용도 | E2: 기종 | F2: 비행기(수) | G2: 회전익(수)
B3: 국내, 국제 | C3: 대한항공 | D3: 여객기 | E3: B747-400 | F3: 3
E4: B747-8 | F4: 10
E5: B777-200/300/300ER | F5: 44
E6: B787-9 | F6: 10
E7: B737-800/900/900ER | F7: 31
E8: A330-200/300 | F8: 29
E9: A380-800 | F9: 10
E10: BD-500-1A11 | F10: 10
E11: 소계 | F11: =SUM($F$3:$F$10) -> 147 | H11: 화물기 기종당 적재용량(ton)
D12: 화물기 | E12: B747-400F | F12: 4 | H12: =H13-24 -> 110 | I12: =SUMPRODUCT(F12:F14,H12:H14)/SUM(F12:F14) -> 114.17391 | J12: 추정치
E13: B747-8F | F13: 7 | H13: 134
E14: B777F | F14: 12 | H14: =104 -> 104
E15: 소계 | F15: =SUM($F$12:$F$14) -> 23
C16: 아시아나항공 | D16: 여객기 | E16: B747-400 | F16: 2
E17: B777-200 | F17: 9
E18: B767-300 | F18: 6
E19: A321-100/200 | F19: 19
E20: A330-300 | F20: 15
E21: A320-200 | F21: 7
E22: A380-800 | F22: 6
E23: A350-900 | F23: 10
E24: 소계 | F24: =SUM($F$16:$F$23) -> 74
D25: 화물기 | E25: B747-400F | F25: 9
E26: B767-300F | F26: 1
E27: B747-400 | F27: 2
E28: 소계 | F28: =SUM($F$25:$F$27) -> 12
C29: 제주항공 | D29: 여객기 | E29: B737-800 | F29: 45
E30: 소계 | F30: 45
C31: 진에어 | D31: 여객기 | E31: B737-800 | F31: 22
E32: B777-200 | F32: 4
E33: 소계 | F33: =SUM($F$31:$F$32) -> 26
C34: 에어부산 | D34: 여객기 | E34: A320-200 | F34: 8
E35: A321-200 | F35: 18
E36: 소계 | F36: =SUM($F$34:$F$35) -> 26
C37: 이스타항공 | D37: 여객기 | E37: B737-8 | F37: 19
E38: B737-800 | F38: 2
E39: B737-900ER | F39: 2
E40: 소계 | F40: =SUM($F$37:$F$39) -> 23
C41: 티웨이항공 | D41: 여객기 | E41: B737-800 | F41: 28
E42: 소계 | F42: 28
C43: 에어서울 | D43: 여객기 | E43: A321-200 | F43: 7
E44: 소계 | F44: 7
C45: 에어인천 | D45: 화물기 | E45: B737-400F | F45: 1
E46: 소계 | F46: 1
C47: 플라이강원 | D47: 여객기 | E47: B737-800 | F47: 2
E48: 소계 | F48: 2
C49: 소계 | F49: =SUM($F$11,$F$15,$F$24,$F$28,$F$30,$F$33,$F$36,$F$40,$F$42,$F$44,$F$46,$F$48) -> 414
B50: 소형 | C50: 코리아익스프레스 | F50: 2 | G50: 1
C51: 대한항공 | F51: 3 | G51: 5
C52: 써니항공 | F52: 2
C53: 에어포항 | F53: 1
C54: 스타항공우주 | F54: 1 | G54: 3
C55: 헬리코리아 | G55: 4
C56: 에어필립 | F56: 4 | G56: 1
C57: 하이에어 | F57: 2
C58: 소계 | F58: =SUM($F$50:$F$57) -> 15 | G58: =SUM($G$50:$G$57) -> 14
B59: 운송용소계 | F59: =SUM($F$49,$F$58) -> 429 | G59: =$G$58 -> 14
B60: 사용사업 | C60: 홍익항공 등 59개사 | F60: 83 | G60: 94
B61: 비사업 | C61: 교육기관 | F61: 111 | G61: 3
C62: 보도기관 | G62: 2
C63: 정부기관(국토교통부) | F63: 2
C64: 국가기관(소방/산림) | F64: 1 | G64: 80
C65: 기타(LG전자 등 18개사) | F65: 19 | G65: 12
C66: 소계 | F66: =SUM($F$61:$F$65) -> 133 | G66: =SUM($G$61:$G$65) -> 97
B67: 총계 | F67: =SUM($F$66,$F$59,$F$60) -> 645 | G67: =SUM($G$66,$G$60,$G$59) -> 205
B69: 구분 | C69: 소형항공 | D69: 자가용 | E69: 합계
B70: 비즈니스(비행기) | C70: 3 | D70: 5 | E70: 8
A72: Notes
A73: https://www.yna.co.kr/view/AKR20120214060851003
A74: 위 뉴스 기반하여 화물기 기종별 적재용량의 산정

Sheet Air09
A1: 조회기간 : 2009.01 ~ 2009.12, 여객 : 전체, 화물 : 전체, 항공사 : 전체, 운항 : 전체, 노선 : 전체, 여객화물 : 전체
A2: 항공사명 | B2: 공급(석) | C2: 운항(편) | D2: 여객(명) | E2: 화물(톤)
A3: 전체 합계 | B3: 74348751 | C3: 379857 | D3: 51967568 | E3: 3140884
A4: 국적사 계 | B4: 58017647 | C4: 292381 | D4: 40387789 | E4: 2378141
A5: 대한항공(KAL) | B5: 32001687 | C5: 145073 | D5: 21908363 | E5: 1634633
A6: 아시아나항공(AAR) | B6: 18923238 | C6: 98591 | D6: 13311076 | E6: 711966
A7: 제주항공(JJA) | B7: 1999044 | C7: 15521 | D7: 1531150 | E7: 9692
A8: 진에어(JNA) | B8: 1839441 | C8: 10132 | D8: 1217876 | E8: 5552
A9: 에어부산(ABL) | B9: 2085479 | C9: 14891 | D9: 1420722 | E9: 11249
A10: 이스타항공(ESR) | B10: 1168758 | C10: 8173 | D10: 998602 | E10: 5049
A11: 외항사 계 | B11: 16331104 | C11: 87476 | D11: 11579779 | E11: 762743
A12: JP EXPRESS(AJV) | B12: 0 | C12: 419 | D12: 0 | E12: 11380
A13: ULS화물항공(KZU) | B13: 0 | C13: 6 | D13: 0 | E13: 46
A14: 가루다인도네시아(GIA) | B14: 162668 | C14: 578 | D14: 109706 | E14: 5374
... A96: 홍콩익스프레스(HKE) | B96: 5084 | C96: 32 | D96: 4410 | E96: 45

Sheet Air10
A1: 조회기간 : 2010.01 ~ 2010.12, 여객 : 전체, 화물 : 전체, 항공사 : 전체, 운항 : 전체, 노선 : 전체, 여객화물 : 전체
A2: 항공사명 | B2: 공급(석) | C2: 운항(편) | D2: 여객(명) | E2: 화물(톤)
A3: 전체 합계 | B3: 78671088 | C3: 403297 | D3: 60732944 | E3: 3588579
A4: 국적사 계 | B4: 61312548 | C4: 307880 | D4: 47237514 | E4: 2666460
A5: 대한항공(KAL) | B5: 32076128 | C5: 147892 | D5: 24291617 | E5: 1806855
A6: 아시아나항공(AAR) | B6: 19387617 | C6: 99519 | D6: 14909526 | E6: 810017
A7: 제주항공(JJA) | B7: 2613093 | C7: 14917 | D7: 2228648 | E7: 14760
A8: 진에어(JNA) | B8: 1905417 | C8: 10176 | D8: 1613754 | E8: 8747
A9: 에어부산(ABL) | B9: 2902243 | C9: 19173 | D9: 2134503 | E9: 15632
A10: 이스타항공(ESR) | B10: 2117901 | C10: 14560 | D10: 1905028 | E10: 9741
A11: 티웨이항공(TWB) | B11: 310149 | C11: 1643 | D11: 154438 | E11: 709
A12: 외항사 계 | B12: 17358540 | C12: 95417 | D12: 13495430 | E12: 922120
A13: 224th Flight Unit(TTF) | B13: 0 | C13: 5 | D13: 0 | E13: 184
A14: JP EXPRESS(AJV) | B14: 0 | C14: 589 | D14: 0 | E14: 19053
... A102: 홍콩익스프레스(HKE) | B102: 12136 | C102: 78 | D102: 11618 | E102: 94

Sheet Air11
A1: 조회기간 : 2011.01 ~ 2011.12, 여객 : 전체, 화물 : 전체, 항공사 : 전체, 운항 : 전체, 노선 : 전체, 여객화물 : 전체
A2: 항공사명 | B2: 공급(석) | C2: 운항(편) | D2: 여객(명) | E2: 화물(톤)
A3: 전체 합계 | B3: 85515136 | C3: 432069 | D3: 64127716 | E3: 3519231
A4: 국적사 계 | B4: 65976928 | C4: 328216 | D4: 49538896 | E4: 2623974
A5: 대한항공(KAL) | B5: 32825791 | C5: 149360 | D5: 23753884 | E5: 1750900
A6: 아시아나항공(AAR) | B6: 20219623 | C6: 103700 | D6: 15131318 | E6: 805002
A7: 제주항공(JJA) | B7: 3495453 | C7: 18616 | D7: 3071539 | E7: 20378
A8: 진에어(JNA) | B8: 2196584 | C8: 11764 | D8: 1778205 | E8: 11295
A9: 에어부산(ABL) | B9: 3293705 | C9: 20636 | D9: 2521425 | E9: 19882
A10: 이스타항공(ESR) | B10: 2065792 | C10: 14160 | D10: 1773415 | E10: 9760
A11: 티웨이항공(TWB) | B11: 1879980 | C11: 9980 | D11: 1509110 | E11: 6757
A12: 외항사 계 | B12: 19538208 | C12: 103853 | D12: 14588820 | E12: 895258
A13: 가루다인도네시아(GIA) | B13: 311330 | C13: 1132 | D13: 197726 | E13: 8548
A14: 그랜드스타카고(은하)(GSC) | B14: 0 | C14: 90 | D14: 0 | E14: 4691
... A104: 홍콩익스프레스(HKE) | B104: 26076 | C104: 166 | D104: 24537 | E104: 246

Sheet Air12
A1: 조회기간 : 2012.01 ~ 2012.12, 여객 : 전체, 화물 : 전체, 항공사 : 전체, 운항 : 전체, 노선 : 전체, 여객화물 : 전체
A2: 항공사명 | B2: 공급(석) | C2: 운항(편) | D2: 여객(명) | E2: 화물(톤)
A3: 전체 합계 | B3: 91835360 | C3: 469354 | D3: 69857266 | E3: 3474058
A4: 국적사 계 | B4: 70457208 | C4: 355775 | D4: 53874897 | E4: 2556561
A5: 대한항공(KAL) | B5: 33637018 | C5: 157693 | D5: 24737589 | E5: 1645210
A6: 아시아나항공(AAR) | B6: 20952590 | C6: 107195 | D6: 15922283 | E6: 817254
A7: 제주항공(JJA) | B7: 4499505 | C7: 23984 | D7: 3876064 | E7: 30185
A8: 진에어(JNA) | B8: 2808291 | C8: 15061 | D8: 2364057 | E8: 16830
A9: 에어부산(ABL) | B9: 3651760 | C9: 22167 | D9: 2784602 | E9: 22067
A10: 이스타항공(ESR) | B10: 2628161 | C10: 17585 | D10: 2274159 | E10: 14278
A11: 티웨이항공(TWB) | B11: 2279883 | C11: 12090 | D11: 1916143 | E11: 10737
A12: 외항사 계 | B12: 21378152 | C12: 113579 | D12: 15982369 | E12: 917497
A13: U에어라인(ULG) | B13: 6570 | C13: 49 | D13: 4456 | E13: 65
A14: 가루다인도네시아(GIA) | B14: 322480 | C14: 1268 | D14: 228646 | E14: 12279
... A109: 홍콩익스프레스(HKE) | B109: 26568 | C109: 172 | D109: 23945 | E109: 238

Sheet Air13
A1: 조회기간 : 2013.01 ~ 2013.12, 여객 : 전체, 화물 : 전체, 항공사 : 전체, 운항 : 전체, 노선 : 전체, 여객화물 : 전체
A2: 항공사명 | B2: 공급(석) | C2: 운항(편) | D2: 여객(명) | E2: 화물(톤)
A3: 전체 합계 | B3: 97015350 | C3: 500739 | D3: 73965044 | E3: 3498947
A4: 국적사 계 | B4: 73317719 | C4: 375144 | D4: 56145585 | E4: 2569156
A5: 대한항공(KAL) | B5: 32749187 | C5: 156246 | D5: 23782373 | E5: 1557667
A6: 아시아나항공(AAR) | B6: 21781892 | C6: 111638 | D6: 16474697 | E6: 891655
A7: 제주항공(JJA) | B7: 5355228 | C7: 28559 | D7: 4654562 | E7: 38605
A8: 진에어(JNA) | B8: 3353676 | C8: 18005 | D8: 2799075 | E8: 20476
A9: 에어부산(ABL) | B9: 4405466 | C9: 26996 | D9: 3380160 | E9: 26474
A10: 이스타항공(ESR) | B10: 3131987 | C10: 19795 | D10: 2785612 | E10: 18432
A11: 티웨이항공(TWB) | B11: 2540283 | C11: 13489 | D11: 2269106 | E11: 12940
A12: 에어인천(AIH) | B12: 0 | C12: 416 | D12: 0 | E12: 2908
A13: 외항사 계 | B13: 23697631 | C13: 125595 | D13: 17819459 | E13: 929791
A14: C.A.L 화물항공(ICL) | B14: 0 | C14: 1 | D14: 0 | E14: 25
... A119: 홍콩익스프레스(HKE) | B119: 17384 | C119: 108 | D119: 12213 | E119: 112

Sheet Air14
A1: 조회기간 : 2014.01 ~ 2014.12, 여객 : 전체, 화물 : 전체, 항공사 : 전체, 운항 : 전체, 노선 : 전체, 여객화물 : 전체
A2: 항공사명 | B2: 공급(석) | C2: 운항(편) | D2: 여객(명) | E2: 화물(톤)
A3: 전체 합계 | B3: 104829020 | C3: 536586 | D3: 82133482 | E3: 3693861
A4: 국적사 계 | B4: 77209328 | C4: 391048 | D4: 60788552 | E4: 2658483
A5: 대한항공(KAL) | B5: 32359474 | C5: 153299 | D5: 23681776 | E5: 1618992
A6: 아시아나항공(AAR) | B6: 22720554 | C6: 113606 | D6: 17857985 | E6: 880280
A7: 제주항공(JJA) | B7: 6317529 | C7: 33661 | D7: 5624151 | E7: 47474
A8: 진에어(JNA) | B8: 4079390 | C8: 21788 | D8: 3641209 | E8: 31985
A9: 에어부산(ABL) | B9: 5222666 | C9: 30360 | D9: 4161565 | E9: 34851
A10: 이스타항공(ESR) | B10: 3217578 | C10: 20000 | D10: 2910048 | E10: 21596
A11: 티웨이항공(TWB) | B11: 3292137 | C11: 17485 | D11: 2911818 | E11: 18178
A12: 에어인천(AIH) | B12: 0 | C12: 849 | D12: 0 | E12: 5128
A13: 외항사 계 | B13: 27619692 | C13: 145538 | D13: 21344930 | E13: 1035379
A14: 224th Flight Unit(TTF) | B14: 0 | C14: 1 | D14: 0 | E14: 40
... A117: 홍콩항공(CRK) | B117: 0 | C117: 136 | D117: 0 | E117: 3532

Sheet Air15
A1: 조회기간 : 2015.01 ~ 2015.12, 여객 : 전체, 화물 : 전체, 항공사 : 전체, 운항 : 전체, 노선 : 전체, 여객화물 : 전체
A2: 항공사명 | B2: 공급(석) | C2: 운항(편) | D2: 여객(명) | E2: 화물(톤)
A3: 전체 합계 | B3: 112911898 | C3: 570597 | D3: 90238814 | E3: 3806552
A4: 국적사 계 | B4: 84329502 | C4: 420486 | D4: 68106765 | E4: 2733091
A5: 대한항공(KAL) | B5: 33133187 | C5: 155567 | D5: 25234712 | E5: 1639833
A6: 아시아나항공(AAR) | B6: 22873092 | C6: 111588 | D6: 18284942 | E6: 877963
A7: 제주항공(JJA) | B7: 8162700 | C7: 43408 | D7: 7227016 | E7: 56020
A8: 진에어(JNA) | B8: 6029972 | C8: 29704 | D8: 5364234 | E8: 52320
A9: 에어부산(ABL) | B9: 5860267 | C9: 33212 | D9: 4907953 | E9: 48124
A10: 이스타항공(ESR) | B10: 3901018 | C10: 22546 | D10: 3398902 | E10: 25308
A11: 티웨이항공(TWB) | B11: 4369266 | C11: 23205 | D11: 3689006 | E11: 23604
A12: 에어인천(AIH) | B12: 0 | C12: 1256 | D12: 0 | E12: 9920
A13: 외항사 계 | B13: 28582396 | C13: 150111 | D13: 22132049 | E13: 1073461
A14: V 에어(VAX) | B14: 20564 | C14: 106 | D14: 13899 | E14: 120
... A114: 홍콩익스프레스(HKE) | B114: 401780 | C114: 2276 | D114: 324355 | E114: 4320

Sheet Air16
A1: 조회기간 : 2016.01 ~ 2016.12, 여객 : 전체, 화물 : 전체, 항공사 : 전체, 운항 : 전체, 노선 : 전체, 여객화물 : 전체
A2: 항공사명 | B2: 공급(석) | C2: 운항(편) | D2: 여객(명) | E2: 화물(톤)
A3: 전체 합계 | B3: 126013885 | C3: 629859 | D3: 104890078 | E3: 4073856
A4: 국적사 계 | B4: 94085064 | C4: 464495 | D4: 78956163 | E4: 2886178
A5: 대한항공(KAL) | B5: 34536646 | C5: 160543 | D5: 27192702 | E5: 1670328
A6: 아시아나항공(AAR) | B6: 23197310 | C6: 112503 | D6: 19481209 | E6: 915418
A7: 제주항공(JJA) | B7: 9783354 | C7: 51942 | D7: 8777803 | E7: 68509
A8: 진에어(JNA) | B8: 8675464 | C8: 40571 | D8: 7789237 | E8: 80078
A9: 에어부산(ABL) | B9: 6821723 | C9: 37290 | D9: 5959324 | E9: 73102
A10: 이스타항공(ESR) | B10: 5278848 | C10: 29485 | D10: 4653121 | E10: 34005
A11: 티웨이항공(TWB) | B11: 5492106 | C11: 29117 | D11: 4885964 | E11: 33732
A12: 에어인천(AIH) | B12: 0 | C12: 1428 | D12: 0 | E12: 9178
A13: 에어서울(ASV) | B13: 299613 | C13: 1616 | D13: 216803 | E13: 1827
A14: 외항사 계 | B14: 31928821 | C14: 165364 | D14: 25933915 | E14: 1187678
... A118: 홍콩항공(CRK) | B118: 7098 | C118: 32 | D118: 6562 | E118: 179

Sheet Air17
A1: 조회기간 : 2017.01 ~ 2017.12, 여객 : 전체, 화물 : 전체, 항공사 : 전체, 운항 : 전체, 노선 : 전체, 여객화물 : 전체
A2: 항공사명 | B2: 공급(석) | C2: 운항(편) | D2: 여객(명) | E2: 화물(톤)
A3: 전체 합계 | B3: 132181325 | C3: 653659 | D3: 110418531 | E3: 4321641
A4: 국적사 계 | B4: 101616268 | C4: 497211 | D4: 85904545 | E4: 3031848
A5: 대한항공(KAL) | B5: 34573069 | C5: 160910 | D5: 27174286 | E5: 1757107
A6: 아시아나항공(AAR) | B6: 23277581 | C6: 108585 | D6: 19513985 | E6: 937983
A7: 제주항공(JJA) | B7: 11427705 | C7: 60560 | D7: 10605908 | E7: 83760
A8: 진에어(JNA) | B8: 9630777 | C8: 44874 | D8: 8715127 | E8: 90266
A9: 에어부산(ABL) | B9: 8308793 | C9: 44063 | D9: 7196418 | E9: 64034
A10: 이스타항공(ESR) | B10: 6221791 | C10: 34108 | D10: 5582868 | E10: 38203
A11: 티웨이항공(TWB) | B11: 7041126 | C11: 37332 | D11: 6289045 | E11: 45558
A12: 에어인천(AIH) | B12: 0 | C12: 942 | D12: 0 | E12: 6675
A13: 에어서울(ASV) | B13: 1135426 | C13: 5837 | D13: 826908 | E13: 8261
A14: 외항사 계 | B14: 30565057 | C14: 156448 | D14: 24513986 | E14: 1289793
... A120: 홍콩항공(CRK) | B120: 195796 | C120: 928 | D120: 164763 | E120: 4647

Sheet Air18
A1: 조회기간 : 2018.01 ~ 2018.12, 여객 : 전체, 화물 : 전체, 항공사 : 전체, 운항 : 전체, 노선 : 전체, 여객화물 : 전체
A2: 항공사명 | B2: 공급(석) | C2: 운항(편) | D2: 여객(명) | E2: 화물(톤)
A3: 전체 합계 | B3: 140984316 | C3: 691523 | D3: 118490493 | E3: 4442001
A4: 국적사 계 | B4: 107630602 | C4: 524690 | D4: 91273049 | E4: 3069951
A5: 대한항공(KAL) | B5: 34581717 | C5: 161805 | D5: 27239631 | E5: 1719674
A6: 아시아나항공(AAR) | B6: 23417538 | C6: 106212 | D6: 20015328 | E6: 977787
A7: 제주항공(JJA) | B7: 13247853 | C7: 70138 | D7: 12082012 | E7: 95671
A8: 진에어(JNA) | B8: 10131816 | C8: 47841 | D8: 8992497 | E8: 88746
A9: 에어부산(ABL) | B9: 9484996 | C9: 49122 | D9: 8151790 | E9: 59161
A10: 이스타항공(ESR) | B10: 6720627 | C10: 35372 | D10: 5954290 | E10: 43190
A11: 티웨이항공(TWB) | B11: 8020065 | C11: 42492 | D11: 7109469 | E11: 51782
A12: 에어인천(AIH) | B12: 0 | C12: 1537 | D12: 0 | E12: 18246
A13: 에어서울(ASV) | B13: 2025990 | C13: 10171 | D13: 1728032 | E13: 15694
A14: 외항사 계 | B14: 33353714 | C14: 166833 | D14: 27217444 | E14: 1372050
... A117: 홍콩항공(CRK) | B117: 298296 | C117: 1478 | D117: 248465 | E117: 6847

Sheet Air19
A1: 조회기간 : 2019.01 ~ 2019.12, 여객 : 전체, 화물 : 전체, 항공사 : 전체, 운항 : 전체, 노선 : 전체, 여객화물 : 전체
A2: 항공사명 | B2: 공급(석) | C2: 운항(편) | D2: 여객(명) | E2: 화물(톤)
A3: 전체 합계 | B3: 148604672 | C3: 723592 | D3: 124286883 | E3: 4274717
A4: 국적사 계 | B4: 111528123 | C4: 542111 | D4: 94245011 | E4: 2885294
A5: 대한항공(KAL) | B5: 34122844 | C5: 160674 | D5: 27834934 | E5: 1598043
A6: 아시아나항공(AAR) | B6: 23873324 | C6: 105412 | D6: 20306912 | E6: 918180
A7: 제주항공(JJA) | B7: 15160068 | C7: 80243 | D7: 13352537 | E7: 100820
A8: 진에어(JNA) | B8: 10002717 | C8: 46470 | D8: 8754190 | E8: 81225
A9: 에어부산(ABL) | B9: 9576749 | C9: 49622 | D9: 7863061 | E9: 51342
A10: 이스타항공(ESR) | B10: 7220370 | C10: 37642 | D10: 6193866 | E10: 42541
A11: 티웨이항공(TWB) | B11: 9341853 | C11: 49482 | D11: 7999611 | E11: 58755
A12: 에어인천(AIH) | B12: 0 | C12: 1268 | D12: 0 | E12: 17761
A13: 에어서울(ASV) | B13: 2195602 | C13: 11112 | D13: 1916636 | E13: 16502
A14: 플라이강원(FGW) | B14: 34596 | C14: 186 | D14: 23264 | E14: 126
... A124: 홍콩항공(CRK) | B124: 302678 | C124: 1410 | D124: 238516 | E124: 6687

Sheet Air20
A1: 조회기간 : 2020.01 ~ 2020.12, 여객 : 전체, 화물 : 전체, 항공사 : 전체, 운항 : 전체, 노선 : 전체, 여객화물 : 전체
A2: 항공사명 | B2: 공급(석) | C2: 운항(편) | D2: 여객(명) | E2: 화물(톤)
A3: 전체 합계 | B3: 57043334 | C3: 339597 | D3: 39671379 | E3: 3252778
A4: 국적사 계 | B4: 48876694 | C4: 275368 | D4: 34952212 | E4: 2346383
A5: 대한항공(KAL) | B5: 12001426 | C5: 79983 | D5: 7692395 | E5: 1451998
A6: 아시아나항공(AAR) | B6: 10217551 | C6: 55745 | D6: 6701035 | E6: 762706
A7: 제주항공(JJA) | B7: 6841422 | C7: 36248 | D7: 5488712 | E7: 30381
A8: 진에어(JNA) | B8: 5831604 | C8: 29356 | D8: 4321451 | E8: 29905
A9: 에어부산(ABL) | B9: 5215538 | C9: 26783 | D9: 3801599 | E9: 21355
A10: 이스타항공(ESR) | B10: 1292238 | C10: 6743 | D10: 984718 | E10: 6452
A11: 티웨이항공(TWB) | B11: 5805329 | C11: 30786 | D11: 4640807 | E11: 24533
A12: 에어인천(AIH) | B12: 0 | C12: 1381 | D12: 0 | E12: 12346
A13: 에어서울(ASV) | B13: 1381240 | C13: 6778 | D13: 1167131 | E13: 5801
A14: 플라이강원(FGW) | B14: 290346 | C14: 1565 | D14: 154364 | E14: 904
... A146: 홍콩화물항공(HKC) | B146: 0 | C146: 2 | D146: 0 | E146: 45

Sheet Air21
A1: 조회기간 : 2021.01 ~ 2021.08, 여객 : 전체, 화물 : 전체, 항공사 : 전체, 운항 : 전체, 노선 : 전체, 여객화물 : 전체
A2: 항공사명 | B2: 공급(석) | C2: 운항(편) | D2: 여객(명) | E2: 화물(톤)
A3: 전체 합계 | B3: 32514689 | C3: 221916 | D3: 23096692 | E3: 2362615
A4: 국적사 계 | B4: 30014803 | C4: 183569 | D4: 22359540 | E4: 1674325
A5: 대한항공(KAL) | B5: 6142104 | C5: 51313 | D5: 3560170 | E5: 1091951
A6: 아시아나항공(AAR) | B6: 5190734 | C6: 32859 | D6: 3254915 | E6: 500834
A7: 제주항공(JJA) | B7: 4803057 | C7: 25697 | D7: 4240990 | E7: 17171
A8: 진에어(JNA) | B8: 4834251 | C8: 25504 | D8: 3804565 | E8: 18240
A9: 에어부산(ABL) | B9: 3737532 | C9: 18972 | D9: 2942753 | E9: 13909
A10: 티웨이항공(TWB) | B10: 3809484 | C10: 20503 | D10: 3342086 | E10: 15917
A11: 에어인천(AIH) | B11: 0 | C11: 1239 | D11: 0 | E11: 12205
A12: 에어서울(ASV) | B12: 1186025 | C12: 5835 | D12: 1084483 | E12: 3428
A13: 플라이강원(FGW) | B13: 138318 | C13: 743 | D13: 64659 | E13: 369
A14: 에어로케이(EOK) | B14: 147960 | C14: 822 | D14: 46934 | E14: 235
... A124: 홍콩항공(CRK) | B124: 0 | C124: 128 | D124: 0 | E124: 2409

Sheet Air-psgr19
A1: 조회기간 : 2019.01 ~ 2019.12, 여객 : 전체, 화물 : 전체, 항공사 : 전체, 운항 : 전체, 노선 : 전체, 여객화물 : 여객기
A2: 항공사명 | B2: 공급(석) | C2: 운항(편) | D2: 여객(명) | E2: 화물(톤)
A3: 전체 합계 | B3: 148604672 | C3: 688245 | D3: 124286883 | E3: 2586429
A4: 국적사 계 | B4: 111528123 | C4: 523827 | D4: 94245011 | E4: 1723221
A5: 대한항공(KAL) | B5: 34122844 | C5: 150137 | D5: 27834934 | E5: 892834
A6: 아시아나항공(AAR) | B6: 23873324 | C6: 98933 | D6: 20306912 | E6: 479076
A7: 제주항공(JJA) | B7: 15160068 | C7: 80243 | D7: 13352537 | E7: 100820
A8: 진에어(JNA) | B8: 10002717 | C8: 46470 | D8: 8754190 | E8: 81225
A9: 에어부산(ABL) | B9: 9576749 | C9: 49622 | D9: 7863061 | E9: 51342
A10: 이스타항공(ESR) | B10: 7220370 | C10: 37642 | D10: 6193866 | E10: 42541
A11: 티웨이항공(TWB) | B11: 9341853 | C11: 49482 | D11: 7999611 | E11: 58755
A12: 에어서울(ASV) | B12: 2195602 | C12: 11112 | D12: 1916636 | E12: 16502
A13: 플라이강원(FGW) | B13: 34596 | C13: 186 | D13: 23264 | E13: 126
A14: 외항사 계 | B14: 37076549 | C14: 164418 | D14: 30041872 | E14: 863208
... A98: 홍콩항공(CRK) | B98: 302678 | C98: 1410 | D98: 238516 | E98: 6687

Sheet Air-freight19
A1: 조회기간 : 2019.01 ~ 2019.12, 여객 : 전체, 화물 : 전체, 항공사 : 전체, 운항 : 전체, 노선 : 전체, 여객화물 : 화물기
A2: 항공사명 | B2: 공급(석) | C2: 운항(편) | D2: 여객(명) | E2: 화물(톤)
A3: 전체 합계 | B3: 0 | C3: 35347 | D3: 0 | E3: 1688288
A4: 국적사 계 | B4: 0 | C4: 18284 | D4: 0 | E4: 1162073
A5: 대한항공(KAL) | B5: 0 | C5: 10537 | D5: 0 | E5: 705208
A6: 아시아나항공(AAR) | B6: 0 | C6: 6479 | D6: 0 | E6: 439104
A7: 에어인천(AIH) | B7: 0 | C7: 1268 | D7: 0 | E7: 17761
A8: 외항사 계 | B8: 0 | C8: 17063 | D8: 0 | E8: 526215
A9: YTO 화물 항공사(HYT) | B9: 0 | C9: 158 | D9: 0 | E9: 595
A10: 러시아피닉스항공(PHG) | B10: 0 | C10: 10 | D10: 0 | E10: 453
A11: 루프트한자화물항공(독일화물항공)(GEC) | B11: 0 | C11: 836 | D11: 0 | E11: 17132
A12: 미국남부항공(SOO) | B12: 0 | C12: 332 | D12: 0 | E12: 12895
A13: 볼가화물항공(VDA) | B13: 0 | C13: 9 | D13: 0 | E13: 327
A14: 사우디항공(SVA) | B14: 0 | C14: 2 | D14: 0 | E14: 73
... A40: 폴라에어카고(PAC) | B40: 0 | C40: 3701 | D40: 0 | E40: 113206

Sheet Air-Cal
A1: 국토교통부_연도별 국내국제항공수송실적
A2: 구분 | B2: 여객(명) | C2: 여객킬로(Km) | D2: 화물(톤) | E2: 화물톤킬로(Km) | F2: 운항(회) | G2: 운항킬로(Km) | I2: result
A3: 1989 | B3: 17234880 | C3: 32973999372 | D3: 865713 | E3: 4331431570 | F3: 122857 | G3: 240728926 | I3: passenger aircraft | J3: person | K3: person-km | L3: 좌석수 | M3: pkm/vehicle | N3: pmiles/vehicle | O3: miles/vehicle
A4: 1990 | B4: 20690235 | C4: 40415780780 | D4: 959590 | E4: 4626454321 | F4: 139529 | G4: 280656064 | J4: =INDEX(B:B,MATCH(About!$B$62,$A:$A,0)) -> 123366608 | K4: =INDEX(C:C,MATCH(About!$B$62,$A:$A,0))*N49 -> 2.1365089e+11 | L4: ='AVLo-passenger'!B4 -> 155.72982 | M4: =K4/SYVbT_passenger!$E$4 -> 2.5991592e+08 | N4: =M4*About!$B$64 -> 1.6150422e+08 | O4: =N4/L4 -> 1037079.6
A5: 1991 | B5: 22523737 | C5: 42968310434 | D5: 986884 | E5: 4548580506 | F5: 150595 | G5: 300479394
A6: 1992 | B6: 25811748 | C6: 50453658708 | D6: 1078832 | E6: 5062484859 | F6: 177627 | G6: 347095622 | I6: freight aircraft | J6: ton | K6: ton-km | L6: 톤수 | M6: ton km/vehicle | N6: ton miles/vehicle | O6: miles/vehicle
A7: 1993 | B7: 27201333 | C7: 53138303731 | D7: 1223888 | E7: 6287703403 | F7: 201182 | G7: 371002537 | J7: =INDEX(D:D,MATCH(About!$B$62,$A:$A,0))*O49 -> 2885294 | K7: =INDEX(E:E,MATCH(About!$B$62,$A:$A,0))*O49 -> 1.2356171e+10 | L7: ='AVLo-freight'!B4 -> 63.556826 | M7: =K7/SYVbT_freight!E4 -> 3.4322696e+08 | N7: =M7*About!B64 -> 2.1327128e+08 | O7: =N7/L7 -> 3355600
A8: 1994 | B8: 31481845 | C8: 60636514958 | D8: 1418923 | E8: 7107986755 | F8: 214424 | G8: 416475276 | I8: 국적사 한정
A9: 1995 | B9: 35611282 | C9: 69018847961 | D9: 1613469 | E9: 8218439669 | F9: 234027 | G9: 468101617
A10: 1996 | B10: 39559043 | C10: 78775501273 | D10: 1782337 | E10: 9176947009 | F10: 254565 | G10: 528539658
A11: 1997 | B11: 42176926 | C11: 83426879836 | D11: 2018393 | E11: 10700851468 | F11: 277048 | G11: 591150615
A12: 1998 | B12: 33608780 | C12: 62612530888 | D12: 1834298 | E12: 9400102457 | F12: 248188 | G12: 489105234
A13: 1999 | B13: 37894642 | C13: 72436042000 | D13: 2112703 | E13: 10898300517 | F13: 246910 | G13: 498569299
A14: 2000 | B14: 41967169 | C14: 83955503185 | D14: 2383581 | E14: 12429945390 | F14: 273691 | G14: 561891020
A15: 2001 | B15: 42161838 | C15: 84544146258 | D15: 2294864 | E15: 11326745204 | F15: 283914 | G15: 567756515
A16: 2002 | B16: 43965144 | C16: 92174967638 | D16: 2509507 | E16: 12606344764 | F16: 303032 | G16: 641000008
A17: 2003 | B17: 42838812 | C17: 82231019775 | D17: 2631359 | E17: 11695819583 | F17: 310124 | G17: 615049182
A18: 2004 | B18: 45823588 | C18: 96583257785 | D18: 2978118 | E18: 13809815644 | F18: 313708 | G18: 688719258
A19: 2005 | B19: 46841441 | C19: 101664000000 | D19: 2989203 | E19: 13597859781 | F19: 314128 | G19: 697677439
A20: 2006 | B20: 49888580 | C20: 110791000000 | D20: 3208783 | E20: 14730313293 | F20: 340637 | G20: 765599846
... A34: 2020 | B34: 39403960 | C34: 62314352681 | D34: 3252778 | E34: 15811549626 | F34: 339594 | G34: 770665128
A35: 국적사 + 외항사 수치
A37: 항공통계 항공사별 여객, 공급, 운항, 화물 데이터 정리 | N37: total 대비 국적사 비율
A38: 국적사 | B38: 공급(석) | C38: 운항(편) | D38: 여객(명) | E38: 화물(톤) | H38: 외항사 | I38: 공급(석) | J38: 운항(편) | K38: 여객(명) | L38: 화물(톤) | N38: 여객(명) | O38: 화물(톤) | P38: =AVERAGE(O39:O49) -> 0.72088836
A39: 2009 | B39: ='Air09'!B4 -> 58017647 | C39: ='Air09'!C4 -> 292381 | D39: ='Air09'!D4 -> 40387789 | E39: ='Air09'!E4 -> 2378141 | H39: 2009 | I39: ='Air09'!B11 -> 16331104 | J39: ='Air09'!C11 -> 87476 | K39: ='Air09'!D11 -> 11579779 | L39: ='Air09'!E11 -> 762743 | N39: =D39/SUM(D39,K39) -> 0.77717297 | O39: =E39/SUM(E39,L39) -> 0.75715658
A40: 2010 | B40: ='Air10'!B4 -> 61312548 | C40: ='Air10'!C4 -> 307880 | D40: ='Air10'!D4 -> 47237514 | E40: ='Air10'!E4 -> 2666460 | H40: 2010 | I40: ='Air10'!B12 -> 17358540 | J40: ='Air10'!C12 -> 95417 | K40: ='Air10'!D12 -> 13495430 | L40: ='Air10'!E12 -> 922120 | N40: =D40/SUM(D40,K40) -> 0.77779062 | O40: =E40/SUM(E40,L40) -> 0.74304042
A41: 2011 | B41: ='Air11'!B4 -> 65976928 | C41: ='Air11'!C4 -> 328216 | D41: ='Air11'!D4 -> 49538896 | E41: ='Air11'!E4 -> 2623974 | H41: 2011 | I41: ='Air11'!B12 -> 19538208 | J41: ='Air11'!C12 -> 103853 | K41: ='Air11'!D12 -> 14588820 | L41: ='Air11'!E12 -> 895258 | N41: =D41/SUM(D41,K41) -> 0.77250367 | O41: =E41/SUM(E41,L41) -> 0.74560984
A42: 2012 | B42: ='Air12'!B4 -> 70457208 | C42: ='Air12'!C4 -> 355775 | D42: ='Air12'!D4 -> 53874897 | E42: ='Air12'!E4 -> 2556561 | H42: 2012 | I42: ='Air12'!B12 -> 21378152 | J42: ='Air12'!C12 -> 113579 | K42: ='Air12'!D12 -> 15982369 | L42: ='Air12'!E12 -> 917497 | N42: =D42/SUM(D42,K42) -> 0.77121393 | O42: =E42/SUM(E42,L42) -> 0.73590049
A43: 2013 | B43: ='Air13'!B4 -> 73317719 | C43: ='Air13'!C4 -> 375144 | D43: ='Air13'!D4 -> 56145585 | E43: ='Air13'!E4 -> 2569156 | H43: 2013 | I43: ='Air13'!B13 -> 23697631 | J43: ='Air13'!C13 -> 125595 | K43: ='Air13'!D13 -> 17819459 | L43: ='Air13'!E13 -> 929791 | N43: =D43/SUM(D43,K43) -> 0.7590827 | O43: =E43/SUM(E43,L43) -> 0.73426548
A44: 2014 | B44: ='Air14'!B4 -> 77209328 | C44: ='Air14'!C4 -> 391048 | D44: ='Air14'!D4 -> 60788552 | E44: ='Air14'!E4 -> 2658483 | H44: 2014 | I44: ='Air14'!B13 -> 27619692 | J44: ='Air14'!C13 -> 145538 | K44: ='Air14'!D13 -> 21344930 | L44: ='Air14'!E13 -> 1035379 | N44: =D44/SUM(D44,K44) -> 0.74011902 | O44: =E44/SUM(E44,L44) -> 0.71970285
A45: 2015 | B45: ='Air15'!B4 -> 84329502 | C45: ='Air15'!C4 -> 420486 | D45: ='Air15'!D4 -> 68106765 | E45: ='Air15'!E4 -> 2733091 | H45: 2015 | I45: ='Air15'!B13 -> 28582396 | J45: ='Air15'!C13 -> 150111 | K45: ='Air15'!D13 -> 22132049 | L45: ='Air15'!E13 -> 1073461 | N45: =D45/SUM(D45,K45) -> 0.75473914 | O45: =E45/SUM(E45,L45) -> 0.7179965
A46: 2016 | B46: ='Air16'!B4 -> 94085064 | C46: ='Air16'!C4 -> 464495 | D46: ='Air16'!D4 -> 78956163 | E46: ='Air16'!E4 -> 2886178 | H46: 2016 | I46: ='Air16'!B14 -> 31928821 | J46: ='Air16'!C14 -> 165364 | K46: ='Air16'!D14 -> 25933915 | L46: ='Air16'!E14 -> 1187678 | N46: =D46/SUM(D46,K46) -> 0.75275149 | O46: =E46/SUM(E46,L46) -> 0.70846343
A47: 2017 | B47: ='Air17'!B4 -> 101616268 | C47: ='Air17'!C4 -> 497211 | D47: ='Air17'!D4 -> 85904545 | E47: ='Air17'!E4 -> 3031848 | H47: 2017 | I47: ='Air17'!B14 -> 30565057 | J47: ='Air17'!C14 -> 156448 | K47: ='Air17'!D14 -> 24513986 | L47: ='Air17'!E14 -> 1289793 | N47: =D47/SUM(D47,K47) -> 0.77799029 | O47: =E47/SUM(E47,L47) -> 0.70155018
A48: 2018 | B48: ='Air18'!B4 -> 107630602 | C48: ='Air18'!C4 -> 524690 | D48: ='Air18'!D4 -> 91273049 | E48: ='Air18'!E4 -> 3069951 | H48: 2018 | I48: ='Air18'!B14 -> 33353714 | J48: ='Air18'!C14 -> 166833 | K48: ='Air18'!D14 -> 27217444 | L48: ='Air18'!E14 -> 1372050 | N48: =D48/SUM(D48,K48) -> 0.7702985 | O48: =E48/SUM(E48,L48) -> 0.69111893
A49: 2019 | B49: ='Air19'!B4 -> 111528123 | C49: ='Air19'!C4 -> 542111 | D49: ='Air19'!D4 -> 94245011 | E49: ='Air19'!E4 -> 2885294 | H49: 2019 | I49: ='Air19'!B15 -> 37076549 | J49: ='Air19'!C15 -> 181481 | K49: ='Air19'!D15 -> 30041872 | L49: ='Air19'!E15 -> 1389423 | N49: =D49/SUM(D49,K49) -> 0.75828606 | O49: =E49/SUM(E49,L49) -> 0.67496726 | P49: 2019년도 데이터 기반으로 result 도출
A50: 2020 | B50: ='Air20'!B4 -> 48876694 | C50: ='Air20'!C4 -> 275368 | D50: ='Air20'!D4 -> 34952212 | E50: ='Air20'!E4 -> 2346383 | H50: 2020 | I50: ='Air20'!B15 -> 8166640 | J50: ='Air20'!C15 -> 64229 | K50: ='Air20'!D15 -> 4719167 | L50: ='Air20'!E15 -> 906395 | N50: =D50/SUM(D50,K50) -> 0.88104354 | O50: =E50/SUM(E50,L50) -> 0.72134741

Sheet Motorbikes
C1: 일평균 주행거리 | D1: 이륜차 수
B2: Quick delivery service | C2: 72.8 | D2: 166 | E2: =SUMPRODUCT(C2:C3,D2:D3)/SUM(D2:D3) -> 46.621976
B3: General delivery service | C3: 36.3 | D3: 421
B7: General commutation | C7: 14.3 | D7: 507 | E7: =SUMPRODUCT(C7:C8,D7:D8)/SUM(D7:D8) -> 20.033133
B8: Sport & leisure | C8: 38.2 | D8: 160

Sheet Ships-Cal
A1: 국내・국제여객 연도별 수송수단별
A2: 구분(1)(1) | B2: 구분(2)(1) | C2: 2016 | D2: 2017 | E2: 2018
A3: 국내 | B3: 해운 (인) | C3: 15422957 | D3: 16909861 | E3: 14625484
B4: 항공 (인) | C4: 30912922 | D4: 32406255 | E4: 31600610
B5: 해운 (인-키로) | C5: 839080084 | D5: 915668809 | E5: 822233607
B6: 항공 (인-키로) | C6: 11819784935 | D6: 12243233861 | E6: 11882156510
A7: 국제 | B7: 해운 (인) | C7: 2776696 | D7: 2728147 | E7: -
B8: 항공 (인) | C8: 73000810 | D8: 76955719 | E8: 85925288
B9: 해운 (인-키로) | C9: - | D9: - | E9: -
B10: 항공 (인-키로) | C10: 212261253909 | D10: 231398037659 | E10: 251747144593
A11: 2017 화물수(ton) 국내・국제화물 월별 수송수단별
A12: 국내/국제(1) | B12: 수단별(1) | C12: 1995. 12 | D12: 1996. 12 | E12: 1997. 12 | F12: 1998. 12 | G12: 1999. 12 | H12: 2000. 12 | I12: 2001. 12 | J12: 2002. 12 | K12: 2003. 12 | L12: 2004. 12 | M12: 2005. 12 | N12: 2006. 01 | O12: 2006. 02 | P12: 2006. 03 | Q12: 2006. 04 | R12: 2006. 05 | S12: 2006. 06 | T12: 2006. 07 | U12: 2006. 08 | V12: 2006. 09 | W12: 2006. 10 | X12: 2006. 11 | Y12: 2006. 12 | Z12: 2007. 01 | AA12: 2007. 02 | AB12: 2007. 03 | AC12: 2007. 04 | AD12: 2007. 05 | AE12: 2007. 06 | AF12: 2007. 07 | AG12: 2007. 08 | AH12: 2007. 09 | AI12: 2007. 10 | AJ12: 2007. 11 | AK12: 2007. 12 | AL12: 2008. 01 | AM12: 2008. 02 | AN12: 2008. 03 | AO12: 2008. 04 | AP12: 2008. 05 | AQ12: 2008. 06 | AR12: 2008. 07 | AS12: 2008. 08 | AT12: 2008. 09 | AU12: 2008. 10 | AV12: 2008. 11 | AW12: 2008. 12 | AX12: 2009. 01 | AY12: 2009. 02 | AZ12: 2009. 03 | BA12: 2009. 04 | BB12: 2009. 05 | BC12: 2009. 06 | BD12: 2009. 07 | BE12: 2009. 08 | BF12: 2009. 09 | BG12: 2009. 10 | BH12: 2009. 11 | BI12: 2009. 12 | BJ12: 2010. 01 | BK12: 2010. 02 | BL12: 2010. 03 | BM12: 2010. 04 | BN12: 2010. 05 | BO12: 2010. 06 | BP12: 2010. 07 | BQ12: 2010. 08 | BR12: 2010. 09 | BS12: 2010. 10 | BT12: 2010. 11 | BU12: 2010. 12 | BV12: 2011. 01 | BW12: 2011. 02 | BX12: 2011. 03 | BY12: 2011. 04 | BZ12: 2011. 05 | CA12: 2011. 06 | CB12: 2011. 07 | CC12: 2011. 08 | CD12: 2011. 09 | CE12: 2011. 10 | CF12: 2011. 11 | CG12: 2011. 12 | CH12: 2012. 01 | CI12: 2012. 02 | CJ12: 2012. 03 | CK12: 2012. 04 | CL12: 2012. 05 | CM12: 2012. 06 | CN12: 2012. 07 | CO12: 2012. 08 | CP12: 2012. 09 | CQ12: 2012. 10 | CR12: 2012. 11 | CS12: 2012. 12 | CT12: 2013. 01 | CU12: 2013. 02 | CV12: 2013. 03 | CW12: 2013. 04 | CX12: 2013. 05 | CY12: 2013. 06 | CZ12: 2013. 07 | DA12: 2013. 08 | DB12: 2013. 09 | DC12: 2013. 10 | DD12: 2013. 11 | DE12: 2013. 12 | DF12: 2014. 01 | DG12: 2014. 02 | DH12: 2014. 03 | DI12: 2014. 04 | DJ12: 2014. 05 | DK12: 2014. 06 | DL12: 2014. 07 | DM12: 2014. 08 | DN12: 2014. 09 | DO12: 2014. 10 | DP12: 2014. 11 | DQ12: 2014. 12 | DR12: 2015. 01 | DS12: 2015. 02 | DT12: 2015. 03 | DU12: 2015. 04 | DV12: 2015. 05 | DW12: 2015. 06 | DX12: 2015. 07 | DY12: 2015. 08 | DZ12: 2015. 09 | EA12: 2015. 10 | EB12: 2015. 11 | EC12: 2015. 12 | ED12: 2016. 01 | EE12: 2016. 02 | EF12: 2016. 03 | EG12: 2016. 04 | EH12: 2016. 05 | EI12: 2016. 06 | EJ12: 2016. 07 | EK12: 2016. 08 | EL12: 2016. 09 | EM12: 2016. 10 | EN12: 2016. 11 | EO12: 2016. 12 | EP12: 2017. 01 | EQ12: 2017. 02 | ER12: 2017. 03 | ES12: 2017. 04 | ET12: 2017. 05 | EU12: 2017. 06 | EV12: 2017. 07 | EW12: 2017. 08 | EX12: 2017. 09 | EY12: 2017. 10 | EZ12: 2017. 11 | FA12: 2017. 12
A13: 국내 | B13: 합계 | C13: 595272320 | D13: 621239664 | E13: 700344184 | F13: 567023195 | G13: 567344200 | H13: 676315453 | I13: 721822691 | J13: 772444316 | K13: 758315596 | L13: 679412965 | M13: 687451212 | N13: 56080572 | O13: 54825756 | P13: 57161659 | Q13: 58392931 | R13: 59763150 | S13: 58231499 | T13: 56572624 | U13: 56112587 | V13: 58516121 | W13: 60695990 | X13: 57461547 | Y13: 56964040 | Z13: 57950364 | AA13: 56843979 | AB13: 59369471 | AC13: 59748875 | AD13: 60576452 | AE13: 60353498 | AF13: 58712222 | AG13: 58989227 | AH13: 59909506 | AI13: 61361275 | AJ13: 60401219 | AK13: 61005759 | AL13: 59137520 | AM13: 57871646 | AN13: 61509159 | AO13: 61243019 | AP13: 61659465 | AQ13: 60761327 | AR13: 61119952 | AS13: 60613441 | AT13: 61386242 | AU13: 63231326 | AV13: 61043684 | AW13: 60248745 | AX13: 60376458 | AY13: 60263022 | AZ13: 63981588 | BA13: 64934061 | BB13: 64980430 | BC13: 63467496 | BD13: 64075052 | BE13: 63653300 | BF13: 65302883 | BG13: 66251299 | BH13: 65174664 | BI13: 64218363 | BJ13: 63186365 | BK13: 61698492 | BL13: 66151489 | BM13: 66261054 | BN13: 66599215 | BO13: 65608968 | BP13: 64398781 | BQ13: 63039418 | BR13: 63092034 | BS13: 64569496 | BT13: 67948877 | BU13: 65476342 | BV13: 62449195 | BW13: 61414084 | BX13: 66930418 | BY13: 66790386 | BZ13: 66599215 | CA13: 65945949 | CB13: 64398781 | CC13: 64218520 | CD13: 64814588 | CE13: 67411275 | CF13: 67948877 | CG13: 65839355 | CH13: 73499611 | CI13: 70705774 | CJ13: 76095011 | CK13: 75129468 | CL13: 75656868 | CM13: 75000303 | CN13: 75662591 | CO13: 70169560 | CP13: 74179930 | CQ13: 77235033 | CR13: 75518286 | CS13: 73697996 | CT13: 71911186 | CU13: 68666202 | CV13: 75157956 | CW13: 73568520 | CX13: 74040388 | CY13: 75119275 | CZ13: 72126529 | DA13: 72852462 | DB13: 72402080 | DC13: 75075197 | DD13: 75000710 | DE13: 73391281 | DF13: 63388271 | DG13: 60760139 | DH13: 65784262 | DI13: 65547050 | DJ13: 65998059 | DK13: 66001586 | DL13: 65240808 | DM13: 63564047 | DN13: 64859702 | DO13: 77642564 | DP13: 76890838 | DQ13: 74950685 | DR13: - | DS13: - | DT13: - | DU13: - | DV13: - | DW13: - | DX13: - | DY13: - | DZ13: - | EA13: - | EB13: - | EC13: - | ED13: - | EE13: - | EF13: - | EG13: - | EH13: - | EI13: - | EJ13: - | EK13: - | EL13: - | EM13: - | EN13: - | EO13: - | EP13: - | EQ13: - | ER13: - | ES13: - | ET13: - | EU13: - | EV13: - | EW13: - | EX13: - | EY13: - | EZ13: - | FA13: -
B14: 철도 | C14: 57469339 | D14: 53526971 | E14: 53827826 | F14: 43344820 | G14: 42080967 | H14: 45239839 | I14: 45122332 | J14: 45732629 | K14: 47109970 | L14: 44512467 | M14: 41668802 | N14: 3000989 | O14: 3058861 | P14: 3632421 | Q14: 3874998 | R14: 3908205 | S14: 3723069 | T14: 3035281 | U14: 3582249 | V14: 3865430 | W14: 3663709 | X14: 4060887 | Y14: 3934481 | Z14: 3319263 | AA14: 2974849 | AB14: 3914912 | AC14: 3924455 | AD14: 3895774 | AE14: 3703086 | AF14: 3476431 | AG14: 3444103 | AH14: 3235934 | AI14: 4309512 | AJ14: 4230336 | AK14: 4133124 | AL14: 3419470 | AM14: 3070669 | AN14: 4048396 | AO14: 4239781 | AP14: 4417651 | AQ14: 4193394 | AR14: 4096204 | AS14: 3809148 | AT14: 3863128 | AU14: 4322695 | AV14: 3876609 | AW14: 3448543 | AX14: 2346643 | AY14: 2621495 | AZ14: 3438099 | BA14: 3572112 | BB14: 3666841 | BC14: 3591244 | BD14: 3280017 | BE14: 3288796 | BF14: 3463755 | BG14: 3426784 | BH14: 2994640 | BI14: 3207278 | BJ14: 2588834 | BK14: 2590708 | BL14: 3510581 | BM14: 3754282 | BN14: 3674631 | BO14: 3651789 | BP14: 3360575 | BQ14: 3058764 | BR14: 2759690 | BS14: 3460098 | BT14: 3542581 | BU14: 3264912 | BV14: 2567788 | BW14: 2470106 | BX14: 3675088 | BY14: 3757325 | BZ14: 3674631 | CA14: 3605712 | CB14: 3360575 | CC14: 3227277 | CD14: 3298026 | CE14: 3635453 | CF14: 3542581 | CG14: 3469153 | CH14: 2689011 | CI14: 2933099 | CJ14: 3605834 | CK14: 3557410 | CL14: 3807425 | CM14: 3731815 | CN14: 3506984 | CO14: 3046520 | CP14: 3080181 | CQ14: 3592844 | CR14: 3592416 | CS14: 3165389 | CT14: 2909186 | CU14: 2717781 | CV14: 3639589 | CW14: 3807309 | CX14: 3984681 | CY14: 3565386 | CZ14: 3437362 | DA14: 3313811 | DB14: 3026376 | DC14: 3689731 | DD14: 3587288 | DE14: 2143770 | DF14: 2534655 | DG14: 2602407 | DH14: 3382487 | DI14: 3450747 | DJ14: 3362860 | DK14: 3210007 | DL14: 3314427 | DM14: 3008351 | DN14: 2892065 | DO14: 3346101 | DP14: 3224812 | DQ14: 3050249 | DR14: 2734664 | DS14: 2344967 | DT14: 3251254 | DU14: 3250163 | DV14: 3217001 | DW14: 3287290 | DX14: 3274352 | DY14: 3014957 | DZ14: 2907906 | EA14: 3409564 | EB14: 3167879 | EC14: 3233645 | ED14: 2622245 | EE14: 2471111 | EF14: 3286290 | EG14: 3118350 | EH14: 3188390 | EI14: 3105722 | EJ14: 3009458 | EK14: 3024435 | EL14: 2527637 | EM14: 1883222 | EN14: 1898447 | EO14: 2420134 | EP14: 2151665 | EQ14: 2402359 | ER14: 2905635 | ES14: 2868040 | ET14: 2890323 | EU14: 2775104 | EV14: 2525432 | EW14: 2505020 | EX14: 2783365 | EY14: 2429279 | EZ14: 2860412 | FA14: 2572976
B15: 공로 | C15: 408368372 | D15: 426413788 | E15: 499083185 | F15: 408136000 | G15: 401177000 | H15: 496174000 | I15: 535725000 | J15: 584573000 | K15: 565456252 | L15: 518855708 | M15: 526000147 | N15: 43309017 | O15: 42999385 | P15: 43331211 | Q15: 44167415 | R15: 44953006 | S15: 44307841 | T15: 44590048 | U15: 42994062 | V15: 44998500 | W15: 46923771 | X15: 43894486 | Y15: 42809129 | Z15: 44917100 | AA15: 45536597 | AB15: 45393591 | AC15: 45896203 | AD15: 45883342 | AE15: 45791504 | AF15: 45166795 | AG15: 45996175 | AH15: 46793231 | AI15: 46658698 | AJ15: 45879483 | AK15: 46351752 | AL15: 45005689 | AM15: 45383050 | AN15: 46158592 | AO15: 46365508 | AP15: 46236132 | AQ15: 46508927 | AR15: 46595820 | AS15: 46217048 | AT15: 47109328 | AU15: 47749743 | AV15: 46588269 | AW15: 45883239 | AX15: 49031750 | AY15: 48637977 | AZ15: 50507890 | BA15: 50561749 | BB15: 50283974 | BC15: 50536333 | BD15: 50545724 | BE15: 50508637 | BF15: 51113078 | BG15: 52749720 | BH15: 51842183 | BI15: 51161310 | BJ15: 51144826 | BK15: 50764398 | BL15: 52494343 | BM15: 51933773 | BN15: 51570955 | BO15: 51673455 | BP15: 51564008 | BQ15: 50778956 | BR15: 51643833 | BS15: 50654485 | BT15: 53367764 | BU15: 51938851 | BV15: 51385569 | BW15: 51228249 | BX15: 53250737 | BY15: 53084007 | BZ15: 51570955 | CA15: 52801732 | CB15: 51564008 | CC15: 52036861 | CD15: 53242152 | CE15: 54581252 | CF15: 53367764 | CG15: 53061782 | CH15: 60713663 | CI15: 58612836 | CJ15: 62357794 | CK15: 61080942 | CL15: 61000089 | CM15: 60632011 | CN15: 61612048 | CO15: 58311599 | CP15: 61772727 | CQ15: 63544929 | CR15: 61876148 | CS15: 61404133 | CT15: 60029250 | CU15: 57908135 | CV15: 61166814 | CW15: 59638979 | CX15: 59697842 | CY15: 60980828 | CZ15: 58956901 | DA15: 59527635 | DB15: 60060883 | DC15: 61429400 | DD15: 60949738 | DE15: 61030314 | DF15: 50748466 | DG15: 49637621 | DH15: 51867701 | DI15: 51806931 | DJ15: 52512074 | DK15: 52459071 | DL15: 52125555 | DM15: 51221834 | DN15: 53274948 | DO15: 63839968 | DP15: 63077511 | DQ15: 62473956 | DR15: - | DS15: - | DT15: - | DU15: - | DV15: - | DW15: - | DX15: - | DY15: - | DZ15: - | EA15: - | EB15: - | EC15: - | ED15: - | EE15: - | EF15: - | EG15: - | EH15: - | EI15: - | EJ15: - | EK15: - | EL15: - | EM15: - | EN15: - | EO15: - | EP15: - | EQ15: - | ER15: - | ES15: - | ET15: - | EU15: - | EV15: - | EW15: - | EX15: - | EY15: - | EZ15: - | FA15: -
B16: 해운 | C16: 129111889 | D16: 140947542 | E16: 147045854 | F16: 115178828 | G16: 123692958 | H16: 134467386 | I16: 140544327 | J16: 141705985 | K16: 145326809 | L16: 115635806 | M16: 119409878 | N16: 9738061 | O16: 8736249 | P16: 10159869 | Q16: 10318433 | R16: 10875542 | S16: 10176447 | T16: 8922508 | U16: 9508569 | V16: 9623495 | W16: 10080784 | X16: 9476104 | Y16: 10188715 | Z16: 9683037 | AA16: 8303819 | AB16: 10030594 | AC16: 9901094 | AD16: 10773610 | AE16: 10836921 | AF16: 10045722 | AG16: 9523785 | AH16: 9855583 | AI16: 10364414 | AJ16: 10264772 | AK16: 10495848 | AL16: 10688920 | AM16: 9393702 | AN16: 11280292 | AO16: 10617605 | AP16: 10986885 | AQ16: 10042801 | AR16: 10412026 | AS16: 10565833 | AT16: 10392834 | AU16: 11133933 | AV16: 10555440 | AW16: 10893983 | AX16: 8974859 | AY16: 8981640 | AZ16: 10011138 | BA16: 10778696 | BB16: 11010533 | BC16: 9320761 | BD16: 10229614 | BE16: 9832618 | BF16: 10702641 | BG16: 10051092 | BH16: 10313579 | BI16: 9824739 | BJ16: 9430070 | BK16: 8320019 | BL16: 10121805 | BM16: 10549394 | BN16: 11332909 | BO16: 10265194 | BP16: 9454720 | BQ16: 9179380 | BR16: 8666415 | BS16: 10431587 | BT16: 11017860 | BU16: 10252227 | BV16: 8476082 | BW16: 7694920 | BX16: 9977314 | BY16: 9924708 | BZ16: 11332909 | CA16: 9518360 | CB16: 9454720 | CC16: 8930073 | CD16: 8250502 | CE16: 9168212 | CF16: 11017860 | CG16: 9282482 | CH16: 10071298 | CI16: 9136628 | CJ16: 10105857 | CK16: 10466553 | CL16: 10826504 | CM16: 10615448 | CN16: 10522564 | CO16: 8789748 | CP16: 9307097 | CQ16: 10075289 | CR16: 10030050 | CS16: 9110271 | CT16: 8952710 | CU16: 8020408 | CV16: 10328866 | CW16: 10099682 | CX16: 10338088 | CY16: 10554611 | CZ16: 9712420 | DA16: 9989191 | DB16: 9293279 | DC16: 9933424 | DD16: 10441517 | DE16: 10195914 | DF16: 10082417 | DG16: 8498818 | DH16: 10511377 | DI16: 10266192 | DJ16: 10102259 | DK16: 10311627 | DL16: 9776873 | DM16: 9307408 | DN16: 8666943 | DO16: 10430332 | DP16: 10564679 | DQ16: 9401163 | DR16: 9634525 | DS16: 8554106 | DT16: 10026694 | DU16: 10476782 | DV16: 10655900 | DW16: 10763392 | DX16: 10480933 | DY16: 10933588 | DZ16: 10979171 | EA16: 12016779 | EB16: 11687739 | EC16: 12401621 | ED16: 12107753 | EE16: 10375643 | EF16: 12883162 | EG16: 12080222 | EH16: 12258058 | EI16: 12188677 | EJ16: 11901355 | EK16: 11685562 | EL16: 10862620 | EM16: 12544187 | EN16: 12229103 | EO16: 12111006 | EP16: 15872211 | EQ16: 13216846 | ER16: 12398437 | ES16: 12014717 | ET16: 12453431 | EU16: 11960941 | EV16: 10973679 | EW16: 11180290 | EX16: 10516491 | EY16: 9820041 | EZ16: 11024011 | FA16: 11156212
B17: 항공 | C17: 322720 | D17: 351363 | E17: 387319 | F17: 363547 | G17: 393275 | H17: 434228 | I17: 431032 | J17: 432702 | K17: 422565 | L17: 408984 | M17: 372385 | N17: 32505 | O17: 31261 | P17: 38158 | Q17: 32085 | R17: 26397 | S17: 24142 | T17: 24787 | U17: 27707 | V17: 28696 | W17: 27726 | X17: 30070 | Y17: 31715 | Z17: 30964 | AA17: 28714 | AB17: 30374 | AC17: 27123 | AD17: 23726 | AE17: 21987 | AF17: 23274 | AG17: 25164 | AH17: 24758 | AI17: 28651 | AJ17: 26628 | AK17: 25035 | AL17: 23441 | AM17: 24225 | AN17: 21879 | AO17: 20125 | AP17: 18797 | AQ17: 16205 | AR17: 15902 | AS17: 21412 | AT17: 20952 | AU17: 24955 | AV17: 23366 | AW17: 22980 | AX17: 23206 | AY17: 21910 | AZ17: 24461 | BA17: 21504 | BB17: 19082 | BC17: 19158 | BD17: 19697 | BE17: 23249 | BF17: 23409 | BG17: 23703 | BH17: 24262 | BI17: 25036 | BJ17: 22635 | BK17: 23367 | BL17: 24760 | BM17: 23605 | BN17: 20720 | BO17: 18530 | BP17: 19478 | BQ17: 22318 | BR17: 22096 | BS17: 23326 | BT17: 20672 | BU17: 20352 | BV17: 19756 | BW17: 20809 | BX17: 27279 | BY17: 24346 | BZ17: 20720 | CA17: 20145 | CB17: 19478 | CC17: 24309 | CD17: 23908 | CE17: 26358 | CF17: 20672 | CG17: 25938 | CH17: 25639 | CI17: 23211 | CJ17: 25526 | CK17: 24563 | CL17: 22850 | CM17: 21029 | CN17: 20995 | CO17: 21693 | CP17: 19925 | CQ17: 21971 | CR17: 19672 | CS17: 18203 | CT17: 20040 | CU17: 19878 | CV17: 22687 | CW17: 22550 | CX17: 19777 | CY17: 18450 | CZ17: 19846 | DA17: 21825 | DB17: 21542 | DC17: 22642 | DD17: 22167 | DE17: 21283 | DF17: 22733 | DG17: 21293 | DH17: 22697 | DI17: 23180 | DJ17: 20866 | DK17: 20881 | DL17: 23953 | DM17: 26454 | DN17: 25746 | DO17: 26163 | DP17: 23836 | DQ17: 25317 | DR17: 24502 | DS17: 25316 | DT17: 25026 | DU17: 24622 | DV17: 23458 | DW17: 18814 | DX17: 21312 | DY17: 25130 | DZ17: 24803 | EA17: 25921 | EB17: 23847 | EC17: 25031 | ED17: 24933 | EE17: 24549 | EF17: 24435 | EG17: 23540 | EH17: 22778 | EI17: 22597 | EJ17: 25134 | EK17: 25654 | EL17: 25674 | EM17: 26830 | EN17: 23002 | EO17: 23758 | EP17: 26368 | EQ17: 23154 | ER17: 24160 | ES17: 23379 | ET17: 23574 | EU17: 22570 | EV17: 24120 | EW17: 26200 | EX17: 26053 | EY17: 25548 | EZ17: 22547 | FA17: 22454
A18: 국제 | B18: 합계 | C18: 405714274 | D18: 442551230 | E18: 486661311 | F18: 476222728 | G18: 533902560 | H18: 571548755 | I18: 612773903 | J18: 637622077 | K18: 669816827 | L18: 735946247 | M18: 757553023 | N18: 71712480 | O18: 60371386 | P18: 69621029 | Q18: 66572995 | R18: 69341698 | S18: 65346873 | T18: 67351512 | U18: 66247601 | V18: 68907654 | W18: 66330190 | X18: 67877209 | Y18: 73002511 | Z18: 69823227 | AA18: 64765263 | AB18: 72893625 | AC18: 73768125 | AD18: 76886281 | AE18: 71823800 | AF18: 74787624 | AG18: 70166140 | AH18: 69525067 | AI18: 73019869 | AJ18: 69080081 | AK18: 79122341 | AL18: 76217972 | AM18: 68383491 | AN18: 80098146 | AO18: 75323826 | AP18: 78086486 | AQ18: 71914259 | AR18: 81232962 | AS18: 75588855 | AT18: 74979218 | AU18: 75772750 | AV18: 71295784 | AW18: 67040000 | AX18: 65569343 | AY18: 61834770 | AZ18: 70424452 | BA18: 65689263 | BB18: 70037813 | BC18: 67870082 | BD18: 72048511 | BE18: 71855645 | BF18: 73407082 | BG18: 80797905 | BH18: 74599247 | BI18: 77037000 | BJ18: 79753982 | BK18: 70655920 | BL18: 83172463 | BM18: 79083912 | BN18: 84226201 | BO18: 80146202 | BP18: 82414666 | BQ18: 79967287 | BR18: 78656024 | BS18: 82449817 | BT18: 86266955 | BU18: 82726797 | BV18: 89570617 | BW18: 78587466 | BX18: 92243362 | BY18: 89599038 | BZ18: 84226201 | CA18: 85373450 | CB18: 82414666 | CC18: 88260910 | CD18: 85833636 | CE18: 92305861 | CF18: 86266955 | CG18: 96588328 | CH18: 95141585 | CI18: 86679451 | CJ18: 95604137 | CK18: 92108043 | CL18: 95001421 | CM18: 90663146 | CN18: 94259481 | CO18: 84101404 | CP18: 96606494 | CQ18: 94290831 | CR18: 93160394 | CS18: 94130663 | CT18: 98476563 | CU18: 84993652 | CV18: 99928409 | CW18: 92464787 | CX18: 91080175 | CY18: 93047685 | CZ18: 94901896 | DA18: 91665688 | DB18: 90190630 | DC18: 93990009 | DD18: 94976891 | DE18: 100734923 | DF18: 104668191 | DG18: 88531214 | DH18: 105712440 | DI18: 98444070 | DJ18: 97944495 | DK18: 96424428 | DL18: 99657093 | DM18: 97870590 | DN18: 95267783 | DO18: 101918922 | DP18: 99645838 | DQ18: 101966872 | DR18: 106393448 | DS18: 95823656 | DT18: 104300962 | DU18: 100643276 | DV18: 102262911 | DW18: 100526977 | DX18: 101861350 | DY18: 101383136 | DZ18: 99204577 | EA18: 102969388 | EB18: 98207343 | EC18: 106723474 | ED18: 105610122 | EE18: 96221146 | EF18: 108494284 | EG18: 99251751 | EH18: 106800199 | EI18: 100979850 | EJ18: 105802676 | EK18: 98031206 | EL18: 102167608 | EM18: 108983802 | EN18: 103444358 | EO18: 110590967 | EP18: 109874598 | EQ18: 95966406 | ER18: 115933464 | ES18: 109383174 | ET18: 108440461 | EU18: 114766282 | EV18: 114130689 | EW18: 108142899 | EX18: 106043438 | EY18: 107899248 | EZ18: 110895591 | FA18: 115044738
B19: 해운 | C19: 404423525 | D19: 441120256 | E19: 485030237 | F19: 474751966 | G19: 532183132 | H19: 569599403 | I19: 610910071 | J19: 635545272 | K19: 667608033 | L19: 733377114 | M19: 754936409 | N19: 71498130 | O19: 60166069 | P19: 69374069 | Q19: 66339706 | R19: 69117840 | S19: 65117487 | T19: 67115143 | U19: 66003023 | V19: 68654939 | W19: 66074528 | X19: 67618421 | Y19: 72750249 | Z19: 69590357 | AA19: 64537815 | AB19: 72622148 | AC19: 73509257 | AD19: 76631162 | AE19: 71565233 | AF19: 74523211 | AG19: 69898301 | AH19: 69256753 | AI19: 72739050 | AJ19: 68798775 | AK19: 78851416 | AL19: 75959392 | AM19: 68140334 | AN19: 79822102 | AO19: 75061658 | AP19: 77827643 | AQ19: 71656309 | AR19: 80974587 | AS19: 75332082 | AT19: 74737590 | AU19: 75520078 | AV19: 71068306 | AW19: 66836301 | AX19: 65372953 | AY19: 61631352 | AZ19: 70188547 | BA19: 65463381 | BB19: 69809347 | BC19: 67640916 | BD19: 71802669 | BE19: 71606954 | BF19: 73154152 | BG19: 80532236 | BH19: 74325677 | BI19: 76770460 | BJ19: 79496585 | BK19: 70408567 | BL19: 82877407 | BM19: 78804243 | BN19: 83933977 | BO19: 79870634 | BP19: 82128859 | BQ19: 79693904 | BR19: 78388759 | BS19: 82156187 | BT19: 85987952 | BU19: 82446268 | BV19: 89299706 | BW19: 78345814 | BX19: 91950050 | BY19: 89330061 | BZ19: 83933977 | CA19: 85107490 | CB19: 82128859 | CC19: 87989584 | CD19: 85571617 | CE19: 92026295 | CF19: 85987952 | CG19: 96314793 | CH19: 94896714 | CI19: 86421173 | CJ19: 95324695 | CK19: 91848315 | CL19: 94739877 | CM19: 90395008 | CN19: 93986459 | CO19: 83830349 | CP19: 96334454 | CQ19: 94013869 | CR19: 92884917 | CS19: 93862440 | CT19: 98223778 | CU19: 84760248 | CV19: 99639144 | CW19: 92195514 | CX19: 90811456 | CY19: 92780740 | CZ19: 94631597 | DA19: 91391060 | DB19: 89923450 | DC19: 93702614 | DD19: 94690782 | DE19: 100454672 | DF19: 104396105 | DG19: 88282914 | DH19: 105411161 | DI19: 98161977 | DJ19: 97666692 | DK19: 96148308 | DL19: 99369439 | DM19: 97579420 | DN19: 94990644 | DO19: 101618359 | DP19: 99343048 | DQ19: 101673127 | DR19: 106111429 | DS19: 95552893 | DT19: 103983109 | DU19: 100344125 | DV19: 101967710 | DW19: 100255921 | DX19: 101580882 | DY19: 101090659 | DZ19: 98915618 | EA19: 102656683 | EB19: 97901217 | EC19: 106421480 | ED19: 105315336 | EE19: 95956187 | EF19: 108177404 | EG19: 98943999 | EH19: 106497406 | EI19: 100665074 | EJ19: 105480287 | EK19: 97716091 | EL19: 101849677 | EM19: 108638653 | EN19: 103108914 | EO19: 110248033 | EP19: 109551763 | EQ19: 95660622 | ER19: 115581807 | ES19: 109053490 | ET19: 108120113 | EU19: 114441570 | EV19: 113793969 | EW19: 107805399 | EX19: 105698271 | EY19: 107560077 | EZ19: 110537249 | FA19: 114685144
B20: 항공 | C20: 1290749 | D20: 1430974 | E20: 1631074 | F20: 1470762 | G20: 1719428 | H20: 1949352 | I20: 1863832 | J20: 2076805 | K20: 2208794 | L20: 2569133 | M20: 2616614 | N20: 214350 | O20: 205317 | P20: 246960 | Q20: 233289 | R20: 223858 | S20: 229386 | T20: 236369 | U20: 244578 | V20: 252715 | W20: 255662 | X20: 258788 | Y20: 252262 | Z20: 232870 | AA20: 227448 | AB20: 271477 | AC20: 258868 | AD20: 255119 | AE20: 258567 | AF20: 264413 | AG20: 267839 | AH20: 268314 | AI20: 280819 | AJ20: 281306 | AK20: 270925 | AL20: 258580 | AM20: 243157 | AN20: 276044 | AO20: 262168 | AP20: 258843 | AQ20: 257950 | AR20: 258375 | AS20: 256773 | AT20: 241628 | AU20: 252672 | AV20: 227478 | AW20: 203699 | AX20: 196390 | AY20: 203418 | AZ20: 235905 | BA20: 225882 | BB20: 228466 | BC20: 229166 | BD20: 245842 | BE20: 248691 | BF20: 252930 | BG20: 265669 | BH20: 273570 | BI20: 266540 | BJ20: 257397 | BK20: 247353 | BL20: 295056 | BM20: 279669 | BN20: 292224 | BO20: 275568 | BP20: 285807 | BQ20: 273383 | BR20: 267265 | BS20: 293630 | BT20: 279003 | BU20: 280529 | BV20: 270911 | BW20: 241652 | BX20: 293312 | BY20: 268977 | BZ20: 292224 | CA20: 265960 | CB20: 285807 | CC20: 271326 | CD20: 262019 | CE20: 279566 | CF20: 279003 | CG20: 273535 | CH20: 244871 | CI20: 258278 | CJ20: 279442 | CK20: 259728 | CL20: 261544 | CM20: 268138 | CN20: 273022 | CO20: 271055 | CP20: 272040 | CQ20: 276962 | CR20: 275477 | CS20: 268223 | CT20: 252785 | CU20: 233404 | CV20: 289265 | CW20: 269273 | CX20: 268719 | CY20: 266945 | CZ20: 270299 | DA20: 274628 | DB20: 267180 | DC20: 287395 | DD20: 286109 | DE20: 280251 | DF20: 272086 | DG20: 248300 | DH20: 301279 | DI20: 282093 | DJ20: 277803 | DK20: 276120 | DL20: 287654 | DM20: 291170 | DN20: 277139 | DO20: 300563 | DP20: 302790 | DQ20: 293745 | DR20: 282019 | DS20: 270763 | DT20: 317853 | DU20: 299151 | DV20: 295201 | DW20: 271056 | DX20: 280468 | DY20: 292477 | DZ20: 288959 | EA20: 312705 | EB20: 306126 | EC20: 301994 | ED20: 294786 | EE20: 264959 | EF20: 316880 | EG20: 307752 | EH20: 302793 | EI20: 314776 | EJ20: 322389 | EK20: 315115 | EL20: 317931 | EM20: 345149 | EN20: 335444 | EO20: 342934 | EP20: 322835 | EQ20: 305784 | ER20: 351657 | ES20: 329684 | ET20: 320348 | EU20: 324712 | EV20: 336720 | EW20: 337500 | EX20: 345167 | EY20: 339171 | EZ20: 358342 | FA20: 359594
A21: 2017 화물수(ton) 국내・국제화물 연간 수송수단별
A22: 국내/국제(1) | B22: 수단별(1) | C22: 1995 | D22: 1996 | E22: 1997 | F22: 1998 | G22: 1999 | H22: 2000 | I22: 2001 | J22: 2002 | K22: 2003 | L22: 2004 | M22: 2005 | N22: 2006 | O22: 2007 | P22: 2008 | Q22: 2009 | R22: 2010 | S22: 2011 | T22: 2012 | U22: 2013 | V22: 2014 | W22: 2015 | X22: 2016 | Y22: 2017
A23: 국내 | B23: 합계 | C23: 595272320 | D23: 621239664 | E23: 700344184 | F23: 567023195 | G23: 567344200 | H23: 676315453 | I23: 721822691 | J23: 772444316 | K23: 758315596 | L23: 679412965 | M23: 687451212 | N23: =SUM(N13:Y13) -> 690778476 | O23: =SUM(Z13:AK13) -> 715221847 | P23: =SUM(AL13:AW13) -> 729825526 | Q23: =SUM(AX13:BI13) -> 766678616 | R23: =SUM(BJ13:BU13) -> 778030531 | S23: =SUM(BV13:CG13) -> 784760643 | T23: =SUM(CH13:CS13) -> 892550431 | U23: =SUM(CT13:DE13) -> 879311786 | V23: =SUM(DF13:DQ13) -> 810628011 | W23: =SUM(DR13:EC13) -> 0 | X23: =SUM(ED13:EO13) -> 0 | Y23: =SUM(EP13:FA13) -> 0
B24: 철도 | C24: 57469339 | D24: 53526971 | E24: 53827826 | F24: 43344820 | G24: 42080967 | H24: 45239839 | I24: 45122332 | J24: 45732629 | K24: 47109970 | L24: 44512467 | M24: 41668802 | N24: =SUM(N14:Y14) -> 43340580 | O24: =SUM(Z14:AK14) -> 44561779 | P24: =SUM(AL14:AW14) -> 46805688 | Q24: =SUM(AX14:BI14) -> 38897704 | R24: =SUM(BJ14:BU14) -> 39217445 | S24: =SUM(BV14:CG14) -> 40283715 | T24: =SUM(CH14:CS14) -> 40308928 | U24: =SUM(CT14:DE14) -> 39822270 | V24: =SUM(DF14:DQ14) -> 37379168 | W24: =SUM(DR14:EC14) -> 37093642 | X24: =SUM(ED14:EO14) -> 32555441 | Y24: =SUM(EP14:FA14) -> 31669610
B25: 공로 | C25: 408368372 | D25: 426413788 | E25: 499083185 | F25: 408136000 | G25: 401177000 | H25: 496174000 | I25: 535725000 | J25: 584573000 | K25: 565456252 | L25: 518855708 | M25: 526000147 | N25: =SUM(N15:Y15) -> 529277871 | O25: =SUM(Z15:AK15) -> 550264471 | P25: =SUM(AL15:AW15) -> 555801345 | Q25: =SUM(AX15:BI15) -> 607480325 | R25: =SUM(BJ15:BU15) -> 619529647 | S25: =SUM(BV15:CG15) -> 631175068 | T25: =SUM(CH15:CS15) -> 732918919 | U25: =SUM(CT15:DE15) -> 721376719 | V25: =SUM(DF15:DQ15) -> 655045636 | W25: =SUM(DR15:EC15) -> 0 | X25: =SUM(ED15:EO15) -> 0 | Y25: =SUM(EP15:FA15) -> 0
B26: 해운 | C26: 129111889 | D26: 140947542 | E26: 147045854 | F26: 115178828 | G26: 123692958 | H26: 134467386 | I26: 140544327 | J26: 141705985 | K26: 145326809 | L26: 115635806 | M26: 119409878 | N26: =SUM(N16:Y16) -> 117804776 | O26: =SUM(Z16:AK16) -> 120079199 | P26: =SUM(AL16:AW16) -> 126964254 | Q26: =SUM(AX16:BI16) -> 120031910 | R26: =SUM(BJ16:BU16) -> 119021580 | S26: =SUM(BV16:CG16) -> 113028142 | T26: =SUM(CH16:CS16) -> 119057307 | U26: =SUM(CT16:DE16) -> 117860110 | V26: =SUM(DF16:DQ16) -> 117920088 | W26: =SUM(DR16:EC16) -> 128611230 | X26: =SUM(ED16:EO16) -> 143227348 | Y26: =SUM(EP16:FA16) -> 142587307
B27: 항공 | C27: 322720 | D27: 351363 | E27: 387319 | F27: 363547 | G27: 393275 | H27: 434228 | I27: 431032 | J27: 432702 | K27: 422565 | L27: 408984 | M27: 372385 | N27: =SUM(N17:Y17) -> 355249 | O27: =SUM(Z17:AK17) -> 316398 | P27: =SUM(AL17:AW17) -> 254239 | Q27: =SUM(AX17:BI17) -> 268677 | R27: =SUM(BJ17:BU17) -> 261859 | S27: =SUM(BV17:CG17) -> 273718 | T27: =SUM(CH17:CS17) -> 265277 | U27: =SUM(CT17:DE17) -> 252687 | V27: =SUM(DF17:DQ17) -> 283119 | W27: =SUM(DR17:EC17) -> 287782 | X27: =SUM(ED17:EO17) -> 292884 | Y27: =SUM(EP17:FA17) -> 290127
A28: 국제 | B28: 합계 | C28: 405714274 | D28: 442551230 | E28: 486661311 | F28: 476222728 | G28: 533902560 | H28: 571548755 | I28: 612773903 | J28: 637622077 | K28: 669816827 | L28: 735946247 | M28: 757553023 | N28: =SUM(N18:Y18) -> 812683138 | O28: =SUM(Z18:AK18) -> 865661443 | P28: =SUM(AL18:AW18) -> 895933749 | Q28: =SUM(AX18:BI18) -> 851171113 | R28: =SUM(BJ18:BU18) -> 969520226 | S28: =SUM(BV18:CG18) -> 1051270490 | T28: =SUM(CH18:CS18) -> 1111747050 | U28: =SUM(CT18:DE18) -> 1126451308 | V28: =SUM(DF18:DQ18) -> 1188051936 | W28: =SUM(DR18:EC18) -> 1220300498 | X28: =SUM(ED18:EO18) -> 1246377969 | Y28: =SUM(EP18:FA18) -> 1316520988
B29: 해운 | C29: 404423525 | D29: 441120256 | E29: 485030237 | F29: 474751966 | G29: 532183132 | H29: 569599403 | I29: 610910071 | J29: 635545272 | K29: 667608033 | L29: 733377114 | M29: 754936409 | N29: =SUM(N19:Y19) -> 809829604 | O29: =SUM(Z19:AK19) -> 862523478 | P29: =SUM(AL19:AW19) -> 892936382 | Q29: =SUM(AX19:BI19) -> 848298644 | R29: =SUM(BJ19:BU19) -> 966193342 | S29: =SUM(BV19:CG19) -> 1047986198 | T29: =SUM(CH19:CS19) -> 1108538270 | U29: =SUM(CT19:DE19) -> 1123205055 | V29: =SUM(DF19:DQ19) -> 1184641194 | W29: =SUM(DR19:EC19) -> 1216781726 | X29: =SUM(ED19:EO19) -> 1242597061 | Y29: =SUM(EP19:FA19) -> 1312489474
B30: 항공 | C30: 1290749 | D30: 1430974 | E30: 1631074 | F30: 1470762 | G30: 1719428 | H30: 1949352 | I30: 1863832 | J30: 2076805 | K30: 2208794 | L30: 2569133 | M30: 2616614 | N30: =SUM(N20:Y20) -> 2853534 | O30: =SUM(Z20:AK20) -> 3137965 | P30: =SUM(AL20:AW20) -> 2997367 | Q30: =SUM(AX20:BI20) -> 2872469 | R30: =SUM(BJ20:BU20) -> 3326884 | S30: =SUM(BV20:CG20) -> 3284292 | T30: =SUM(CH20:CS20) -> 3208780 | U30: =SUM(CT20:DE20) -> 3246253 | V30: =SUM(DF20:DQ20) -> 3410742 | W30: =SUM(DR20:EC20) -> 3518772 | X30: =SUM(ED20:EO20) -> 3780908 | Y30: =SUM(EP20:FA20) -> 4031514
A31: 합계 | B31: 해운 | C31: =SUM(C26,C29) -> 533535414 | D31: =SUM(D26,D29) -> 582067798 | E31: =SUM(E26,E29) -> 632076091 | F31: =SUM(F26,F29) -> 589930794 | G31: =SUM(G26,G29) -> 655876090 | H31: =SUM(H26,H29) -> 704066789 | I31: =SUM(I26,I29) -> 751454398 | J31: =SUM(J26,J29) -> 777251257 | ... Y31: =SUM(Y26,Y29) -> 1455076781
B32: 항공 | C32: =SUM(C27,C30) -> 1613469 | D32: =SUM(D27,D30) -> 1782337 | E32: =SUM(E27,E30) -> 2018393 | F32: =SUM(F27,F30) -> 1834309 | G32: =SUM(G27,G30) -> 2112703 | H32: =SUM(H27,H30) -> 2383580 | I32: =SUM(I27,I30) -> 2294864 | J32: =SUM(J27,J30) -> 2509507 | ... Y32: =SUM(Y27,Y30) -> 4321641
J33: 1000 ton | K33: million ton killo
A34: 여객 | B34: 국내 | D34: 국제 | F34: 합계 | I34: 화물 | J34: 국내 | L34: 국제 | N34: 합계 | P34: 국적사 한정 추정
A35: 구분 | B35: 여객(1000인) | C35: 백만인킬로 | D35: 여객(1000인) | E35: 백만인킬로 | F35: 여객(1000인) | G35: 백만인킬로 | I35: 구분 | J35: 해운톤 | K35: 해운톤킬로 | L35: 해운톤 | M35: 해운톤킬로 | N35: 해운톤 | O35: 해운톤킬로 | P35: 항공톤 | Q35: 항공톤킬로 | R35: 해운, 항공 톤킬로합계 | S35: 해운톤킬로/해운톤
A36: 1990 | B36: 8260 | C36: 520 | D36: 236 | E36: 84 | F36: =SUM(B36,D36) -> 8496 | G36: =SUM(C36,E36) -> 604 | I36: 1990 | J36: 63914 | K36: 21127 | L36: 219781 | M36: 1833650 | N36: =SUM(J36,L36) -> 283695 | O36: =SUM(K36,M36) -> 1854777 | P36: ='Air-Cal'!D4/1000*'Air-Cal'!$P$38 -> 691.75726 | Q36: ='Air-Cal'!E4/10^6*'Air-Cal'!$P$38 -> 3335.1571 | R36: =SUM(O36,Q36) -> 1858112.2 | S36: =M36/L36 -> 8.3430779
A37: 1991 | B37: 8485 | C37: 524 | D37: 335 | E37: 113 | F37: =SUM(B37,D37) -> 8820 | G37: =SUM(C37,E37) -> 637 | I37: 1991 | J37: 76124 | K37: 24737 | L37: 262972 | M37: 2168582 | N37: =SUM(J37,L37) -> 339096 | O37: =SUM(K37,M37) -> 2193319 | P37: ='Air-Cal'!D5/1000*'Air-Cal'!$P$38 -> 711.43319 | Q37: ='Air-Cal'!E5/10^6*'Air-Cal'!$P$38 -> 3279.0187 | R37: =SUM(O37,Q37) -> 2196598 | S37: =M37/L37 -> 8.2464369
A38: 1992 | B38: 8733 | C38: 525 | D38: 338 | E38: 130 | F38: =SUM(B38,D38) -> 9071 | G38: =SUM(C38,E38) -> 655 | I38: 1992 | J38: 85589 | K38: 36008 | L38: 285573 | M38: 2457145 | N38: =SUM(J38,L38) -> 371162 | O38: =SUM(K38,M38) -> 2493153 | P38: ='Air-Cal'!D6/1000*'Air-Cal'!$P$38 -> 777.71743 | Q38: ='Air-Cal'!E6/10^6*'Air-Cal'!$P$38 -> 3649.4864 | R38: =SUM(O38,Q38) -> 2496802.5 | S38: =M38/L38 -> 8.6042623
A39: 1993 | B39: 7990 | C39: 468 | D39: 296 | E39: 112 | F39: =SUM(B39,D39) -> 8286 | G39: =SUM(C39,E39) -> 580 | I39: 1993 | J39: 96196 | K39: 38765 | L39: 316872 | M39: 2768396 | N39: =SUM(J39,L39) -> 413068 | O39: =SUM(K39,M39) -> 2807161 | P39: ='Air-Cal'!D7/1000*'Air-Cal'!$P$38 -> 882.28661 | Q39: ='Air-Cal'!E7/10^6*'Air-Cal'!$P$38 -> 4532.7322 | R39: =SUM(O39,Q39) -> 2811693.7 | S39: =M39/L39 -> 8.7366381
A40: 1994 | B40: 7869 | C40: 436 | D40: 411 | E40: 163 | F40: =SUM(B40,D40) -> 8280 | G40: =SUM(C40,E40) -> 599 | I40: 1994 | J40: 117694 | K40: 34935 | L40: 353428 | M40: 2881696 | N40: =SUM(J40,L40) -> 471122 | O40: =SUM(K40,M40) -> 2916631 | P40: ='Air-Cal'!D8/1000*'Air-Cal'!$P$38 -> 1022.8851 | Q40: ='Air-Cal'!E8/10^6*'Air-Cal'!$P$38 -> 5124.0649 | R40: =SUM(O40,Q40) -> 2921755.1 | S40: =M40/L40 -> 8.1535589
A41: 1995 | B41: 8702 | C41: 502 | D41: 395 | E41: 136 | F41: =SUM(B41,D41) -> 9097 | G41: =SUM(C41,E41) -> 638 | I41: 1995 | J41: 129112 | K41: 43936 | L41: 404424 | M41: 3263717 | N41: =SUM(J41,L41) -> 533536 | O41: =SUM(K41,M41) -> 3307653 | P41: ='Air-Cal'!D9/1000*'Air-Cal'!$P$38 -> 1163.131 | Q41: ='Air-Cal'!E9/10^6*'Air-Cal'!$P$38 -> 5924.5775 | R41: =SUM(O41,Q41) -> 3313577.6 | S41: =M41/L41 -> 8.0700379
A42: 1996 | B42: 9413 | C42: 547 | D42: 523 | E42: 198 | F42: =SUM(B42,D42) -> 9936 | G42: =SUM(C42,E42) -> 745 | I42: 1996 | J42: 140948 | K42: 46452 | L42: 441120 | M42: 3575745 | N42: =SUM(J42,L42) -> 582068 | O42: =SUM(K42,M42) -> 3622197 | P42: ='Air-Cal'!D10/1000*'Air-Cal'!$P$38 -> 1284.866 | Q42: ='Air-Cal'!E10/10^6*'Air-Cal'!$P$38 -> 6615.5543 | R42: =SUM(O42,Q42) -> 3628812.6 | S42: =M42/L42 -> 8.1060596
A43: 1997 | B43: 9899 | C43: 571 | D43: 564 | E43: 214 | F43: =SUM(B43,D43) -> 10463 | G43: =SUM(C43,E43) -> 785 | I43: 1997 | J43: 147046 | K43: 45299 | L43: 485030 | M43: 4170203 | N43: =SUM(J43,L43) -> 632076 | O43: =SUM(K43,M43) -> 4215502 | P43: ='Air-Cal'!D11/1000*'Air-Cal'!$P$38 -> 1455.036 | Q43: ='Air-Cal'!E11/10^6*'Air-Cal'!$P$38 -> 7714.1193 | R43: =SUM(O43,Q43) -> 4223216.1 | S43: =M43/L43 -> 8.5978249
A44: 1998 | B44: 8277 | C44: 434 | D44: 538 | E44: 200 | F44: =SUM(B44,D44) -> 8815 | G44: =SUM(C44,E44) -> 634 | I44: 1998 | J44: 115179 | K44: 33462 | L44: 474752 | M44: 4215379 | N44: =SUM(J44,L44) -> 589931 | O44: =SUM(K44,M44) -> 4248841 | P44: ='Air-Cal'!D12/1000*'Air-Cal'!$P$38 -> 1322.3241 | Q44: ='Air-Cal'!E12/10^6*'Air-Cal'!$P$38 -> 6776.4244 | R44: =SUM(O44,Q44) -> 4255617.4 | S44: =M44/L44 -> 8.8791179
A45: 1999 | B45: 9052 | C45: 543 | D45: 805 | E45: 299 | F45: =SUM(B45,D45) -> 9857 | G45: =SUM(C45,E45) -> 842 | I45: 1999 | J45: 123693 | K45: 33699 | L45: 532183 | M45: 4670305 | N45: =SUM(J45,L45) -> 655876 | O45: =SUM(K45,M45) -> 4704004 | P45: ='Air-Cal'!D13/1000*'Air-Cal'!$P$38 -> 1523.023 | Q45: ='Air-Cal'!E13/10^6*'Air-Cal'!$P$38 -> 7856.458 | R45: =SUM(O45,Q45) -> 4711860.5 | S45: =M45/L45 -> 8.7757501
A46: 2000 | B46: 9702 | C46: 672 | D46: 999 | E46: 398 | F46: =SUM(B46,D46) -> 10701 | G46: =SUM(C46,E46) -> 1070 | I46: 2000 | J46: 131987 | K46: 38298 | L46: 569599 | M46: 4362779 | N46: =SUM(J46,L46) -> 701586 | O46: =SUM(K46,M46) -> 4401077 | P46: ='Air-Cal'!D14/1000*'Air-Cal'!$P$38 -> 1718.2958 | Q46: ='Air-Cal'!E14/10^6*'Air-Cal'!$P$38 -> 8960.6029 | R46: =SUM(O46,Q46) -> 4410037.6 | S46: =M46/L46 -> 7.6593867
A47: 2001 | B47: 9340 | C47: 555 | D47: 1075 | E47: 401 | F47: =SUM(B47,D47) -> 10415 | G47: =SUM(C47,E47) -> 956 | I47: 2001 | J47: 140544 | K47: 36443 | L47: =INDEX($C$29:$Y$29,MATCH('Ships-Cal'!I47,'Ships-Cal'!$C$22:$Y$22,0))/1000 -> 610910.07 | M47: =L47*S47 -> 5184035.1 | N47: =SUM(J47,L47) -> 751454.07 | O47: =SUM(K47,M47) -> 5220478.1 | P47: ='Air-Cal'!D15/1000*'Air-Cal'!$P$38 -> 1654.3407 | Q47: ='Air-Cal'!E15/10^6*'Air-Cal'!$P$38 -> 8165.3188 | R47: =SUM(O47,Q47) -> 5228643.4 | S47: =AVERAGE($S$41:$S$45) -> 8.4857581
A48: 2002 | B48: 9460 | C48: 565 | D48: 1253 | E48: 459 | F48: =SUM(B48,D48) -> 10713 | G48: =SUM(C48,E48) -> 1024 | I48: 2002 | J48: 141706 | K48: 38171 | L48: =INDEX($C$29:$Y$29,MATCH('Ships-Cal'!I48,'Ships-Cal'!$C$22:$Y$22,0))/1000 -> 635545.27 | M48: =L48*S48 -> 5393083.4 | N48: =SUM(J48,L48) -> 777251.27 | O48: =SUM(K48,M48) -> 5431254.4 | P48: ='Air-Cal'!D16/1000*'Air-Cal'!$P$38 -> 1809.0744 | Q48: ='Air-Cal'!E16/10^6*'Air-Cal'!$P$38 -> 9087.7672 | R48: =SUM(O48,Q48) -> 5440342.2 | S48: =AVERAGE($S$41:$S$45) -> 8.4857581
A49: 2003 | B49: 10336 | C49: 620 | D49: 1380 | E49: 535 | F49: =SUM(B49,D49) -> 11716 | G49: =SUM(C49,E49) -> 1155 | I49: 2003 | J49: 145327 | K49: 33884 | L49: =INDEX($C$29:$Y$29,MATCH('Ships-Cal'!I49,'Ships-Cal'!$C$22:$Y$22,0))/1000 -> 667608.03 | M49: =L49*S49 -> 5665160.3 | N49: =SUM(J49,L49) -> 812935.03 | O49: =SUM(K49,M49) -> 5699044.3 | P49: ='Air-Cal'!D17/1000*'Air-Cal'!$P$38 -> 1896.9161 | Q49: ='Air-Cal'!E17/10^6*'Air-Cal'!$P$38 -> 8431.3802 | R49: =SUM(O49,Q49) -> 5707475.6 | S49: =AVERAGE($S$41:$S$45) -> 8.4857581
A50: 2004 | B50: 10648 | C50: 657 | D50: 1822 | E50: 714 | F50: =SUM(B50,D50) -> 12470 | G50: =SUM(C50,E50) -> 1371 | I50: 2004 | J50: 115636 | K50: 25840 | L50: =INDEX($C$29:$Y$29,MATCH('Ships-Cal'!I50,'Ships-Cal'!$C$22:$Y$22,0))/1000 -> 733377.11 | M50: =L50*S50 -> 6223260.8 | N50: =SUM(J50,L50) -> 849013.11 | O50: =SUM(K50,M50) -> 6249100.8 | P50: ='Air-Cal'!D18/1000*'Air-Cal'!$P$38 -> 2146.8906 | Q50: ='Air-Cal'!E18/10^6*'Air-Cal'!$P$38 -> 9955.3354 | R50: =SUM(O50,Q50) -> 6259056.1 | S50: =AVERAGE($S$41:$S$45) -> 8.4857581
A51: 2005 | B51: 11100 | C51: 668 | D51: 2105 | E51: 857 | F51: =SUM(B51,D51) -> 13205 | G51: =SUM(C51,E51) -> 1525 | I51: 2005 | J51: 119410 | K51: 26590 | L51: =INDEX($C$29:$Y$29,MATCH('Ships-Cal'!I51,'Ships-Cal'!$C$22:$Y$22,0))/1000 -> 754936.41 | M51: =L51*S51 -> 6406207.7 | N51: =SUM(J51,L51) -> 874346.41 | O51: =SUM(K51,M51) -> 6432797.7 | P51: ='Air-Cal'!D19/1000*'Air-Cal'!$P$38 -> 2154.8816 | Q51: ='Air-Cal'!E19/10^6*'Air-Cal'!$P$38 -> 9802.5388 | R51: =SUM(O51,Q51) -> 6442600.3 | S51: =AVERAGE($S$41:$S$45) -> 8.4857581
A52: 2006 | B52: 11574 | C52: 709 | D52: 2385 | E52: 993 | F52: =SUM(B52,D52) -> 13959 | G52: =SUM(C52,E52) -> 1702 | I52: 2006 | J52: 117805 | K52: 26478 | L52: =INDEX($C$29:$Y$29,MATCH('Ships-Cal'!I52,'Ships-Cal'!$C$22:$Y$22,0))/1000 -> 809829.6 | M52: =L52*S52 -> 6872018.1 | N52: =SUM(J52,L52) -> 927634.6 | O52: =SUM(K52,M52) -> 6898496.1 | P52: ='Air-Cal'!D20/1000*'Air-Cal'!$P$38 -> 2313.1743 | Q52: ='Air-Cal'!E20/10^6*'Air-Cal'!$P$38 -> 10618.911 | R52: =SUM(O52,Q52) -> 6909115 | S52: =AVERAGE($S$41:$S$45) -> 8.4857581
A53: 2007 | B53: 12634 | C53: 765 | D53: 2550 | E53: 1019 | F53: =SUM(B53,D53) -> 15184 | G53: =SUM(C53,E53) -> 1784 | I53: 2007 | J53: 120079 | K53: 27998 | L53: =INDEX($C$29:$Y$29,MATCH('Ships-Cal'!I53,'Ships-Cal'!$C$22:$Y$22,0))/1000 -> 862523.48 | M53: =L53*S53 -> 7319165.6 | N53: =SUM(J53,L53) -> 982602.48 | O53: =SUM(K53,M53) -> 7347163.6 | P53: ='Air-Cal'!D21/1000*'Air-Cal'!$P$38 -> 2490.3146 | Q53: ='Air-Cal'!E21/10^6*'Air-Cal'!$P$38 -> 11447.861 | R53: =SUM(O53,Q53) -> 7358611.4 | S53: =AVERAGE($S$41:$S$45) -> 8.4857581
A54: 2008 | B54: 14162 | C54: 765 | D54: 2534 | E54: 1019 | F54: =SUM(B54,D54) -> 16696 | G54: =SUM(C54,E54) -> 1784 | I54: 2008 | J54: 126964 | K54: 29590 | L54: =INDEX($C$29:$Y$29,MATCH('Ships-Cal'!I54,'Ships-Cal'!$C$22:$Y$22,0))/1000 -> 892936.38 | M54: =L54*S54 -> 7577242.1 | N54: =SUM(J54,L54) -> 1019900.4 | O54: =SUM(K54,M54) -> 7606832.1 | P54: ='Air-Cal'!D22/1000*'Air-Cal'!$P$38 -> 2344.0449 | Q54: ='Air-Cal'!E22/10^6*'Air-Cal'!$P$38 -> 10776.256 | R54: =SUM(O54,Q54) -> 7617608.4 | S54: =AVERAGE($S$41:$S$45) -> 8.4857581
A55: 2009 | B55: 14868 | C55: 867 | D55: 2089 | E55: 845 | F55: =SUM(B55,D55) -> 16957 | G55: =SUM(C55,E55) -> 1712 | I55: 2009 | J55: 120032 | K55: 25249 | L55: =INDEX($C$29:$Y$29,MATCH('Ships-Cal'!I55,'Ships-Cal'!$C$22:$Y$22,0))/1000 -> 848298.64 | M55: =L55*S55 -> 7198457.1 | N55: =SUM(J55,L55) -> 968330.64 | O55: =SUM(K55,M55) -> 7223706.1 | P55: ='Air-Cal'!D23/1000*'Air-Cal'!O39 -> 2378.3394 | Q55: ='Air-Cal'!E23/10^6*'Air-Cal'!O39 -> 10664.69 | R55: =SUM(O55,Q55) -> 7234370.8 | S55: =AVERAGE($S$41:$S$45) -> 8.4857581
A56: 2010 | B56: 14308 | C56: 883 | D56: 2761 | E56: 1104 | F56: =SUM(B56,D56) -> 17069 | G56: =SUM(C56,E56) -> 1987 | I56: 2010 | J56: 124225 | K56: 23281 | L56: =INDEX($C$29:$Y$29,MATCH('Ships-Cal'!I56,'Ships-Cal'!$C$22:$Y$22,0))/1000 -> 966193.34 | M56: =L56*S56 -> 8198882.9 | N56: =SUM(J56,L56) -> 1090418.3 | O56: =SUM(K56,M56) -> 8222163.9 | P56: ='Air-Cal'!D24/1000*'Air-Cal'!O40 -> 2666.5796 | Q56: ='Air-Cal'!E24/10^6*'Air-Cal'!O40 -> 12168.096 | R56: =SUM(O56,Q56) -> 8234332 | S56: =AVERAGE($S$41:$S$45) -> 8.4857581
A57: 2011 | B57: 14266 | C57: 981 | D57: 2660 | E57: 1188 | F57: =SUM(B57,D57) -> 16926 | G57: =SUM(C57,E57) -> 2169 | I57: 2011 | J57: 125588 | K57: 27220 | L57: =INDEX($C$29:$Y$29,MATCH('Ships-Cal'!I57,'Ships-Cal'!$C$22:$Y$22,0))/1000 -> 1047986.2 | M57: =L57*S57 -> 8892957.3 | N57: =SUM(J57,L57) -> 1173574.2 | O57: =SUM(K57,M57) -> 8920177.3 | P57: ='Air-Cal'!D25/1000*'Air-Cal'!O41 -> 2623.9777 | Q57: ='Air-Cal'!E25/10^6*'Air-Cal'!O41 -> 11945.691 | R57: =SUM(O57,Q57) -> 8932123 | S57: =AVERAGE($S$41:$S$45) -> 8.4857581
A58: 2012 | B58: 14538 | C58: 922 | D58: 2881 | E58: 1163 | F58: =SUM(B58,D58) -> 17419 | G58: =SUM(C58,E58) -> 2085 | I58: 2012 | J58: 119057 | K58: 25804 | L58: =INDEX($C$29:$Y$29,MATCH('Ships-Cal'!I58,'Ships-Cal'!$C$22:$Y$22,0))/1000 -> 1108538.3 | M58: =L58*S58 -> 9406787.6 | N58: =SUM(J58,L58) -> 1227595.3 | O58: =SUM(K58,M58) -> 9432591.6 | P58: ='Air-Cal'!D26/1000*'Air-Cal'!O42 -> 2556.5603 | Q58: ='Air-Cal'!E26/10^6*'Air-Cal'!O42 -> 11537.902 | R58: =SUM(O58,Q58) -> 9444129.5 | S58: =AVERAGE($S$41:$S$45) -> 8.4857581
A59: 2013 | B59: 16063 | C59: 1012 | D59: 2737 | E59: =1088531084/10^6 -> 1088.5311 | F59: =SUM(B59,D59) -> 18800 | G59: =SUM(C59,E59) -> 2100.5311 | I59: 2013 | J59: 117860 | K59: 30476 | L59: =INDEX($C$29:$Y$29,MATCH('Ships-Cal'!I59,'Ships-Cal'!$C$22:$Y$22,0))/1000 -> 1123205.1 | M59: =L59*S59 -> 9531246.4 | N59: =SUM(J59,L59) -> 1241065.1 | O59: =SUM(K59,M59) -> 9561722.4 | P59: ='Air-Cal'!D27/1000*'Air-Cal'!O43 -> 2569.1501 | Q59: ='Air-Cal'!E27/10^6*'Air-Cal'!O43 -> 11496.428 | R59: =SUM(O59,Q59) -> 9573218.8 | S59: =AVERAGE($S$41:$S$45) -> 8.4857581
A60: 2014 | B60: 14271 | C60: 756 | D60: 2646 | E60: =1086021774/10^6 -> 1086.0218 | F60: =SUM(B60,D60) -> 16917 | G60: =SUM(C60,E60) -> 1842.0218 | I60: 2014 | J60: 117920 | K60: 29900 | L60: =INDEX($C$29:$Y$29,MATCH('Ships-Cal'!I60,'Ships-Cal'!$C$22:$Y$22,0))/1000 -> 1184641.2 | M60: =L60*S60 -> 10052579 | N60: =SUM(J60,L60) -> 1302561.2 | O60: =SUM(K60,M60) -> 10082479 | P60: ='Air-Cal'!D28/1000*'Air-Cal'!O44 -> 2658.4823 | Q60: ='Air-Cal'!E28/10^6*'Air-Cal'!O44 -> 11855.589 | R60: =SUM(O60,Q60) -> 10094334 | S60: =AVERAGE($S$41:$S$45) -> 8.4857581
A61: 2015 | B61: 15381 | C61: 757 | D61: 2617 | E61: =TREND($E$56:$E$60,$A$56:$A$60,A61) -> 1085.283 | F61: =SUM(B61,D61) -> 17998 | G61: =SUM(C61,E61) -> 1842.283 | I61: 2015 | J61: 128611 | K61: 31841 | L61: =INDEX($C$29:$Y$29,MATCH('Ships-Cal'!I61,'Ships-Cal'!$C$22:$Y$22,0))/1000 -> 1216781.7 | M61: =L61*S61 -> 10325315 | N61: =SUM(J61,L61) -> 1345392.7 | O61: =SUM(K61,M61) -> 10357156 | P61: ='Air-Cal'!D29/1000*'Air-Cal'!O45 -> 2733.0917 | Q61: ='Air-Cal'!E29/10^6*'Air-Cal'!O45 -> 12048.323 | R61: =SUM(O61,Q61) -> 10369205 | S61: =AVERAGE($S$41:$S$45) -> 8.4857581
A62: 2016 | B62: 15423 | C62: 839 | D62: 2777 | E62: =TREND($E$56:$E$60,$A$56:$A$60,A62) -> 1071.7404 | F62: =SUM(B62,D62) -> 18200 | G62: =SUM(C62,E62) -> 1910.7404 | I62: 2016 | J62: 143227 | K62: 37036 | L62: =INDEX($C$29:$Y$29,MATCH('Ships-Cal'!I62,'Ships-Cal'!$C$22:$Y$22,0))/1000 -> 1242597.1 | M62: =L62*S62 -> 10544378 | N62: =SUM(J62,L62) -> 1385824.1 | O62: =SUM(K62,M62) -> 10581414 | P62: ='Air-Cal'!D30/1000*'Air-Cal'!O46 -> 2886.1348 | Q62: ='Air-Cal'!E30/10^6*'Air-Cal'!O46 -> 12381.935 | R62: =SUM(O62,Q62) -> 10593796 | S62: =AVERAGE($S$41:$S$45) -> 8.4857581
A63: 2017 | B63: =D3/1000 -> 16909.861 | C63: =D5/10^6 -> 915.66881 | D63: =D7/1000 -> 2728.147 | E63: =TREND($E$56:$E$60,$A$56:$A$60,A63) -> 1058.1979 | F63: =SUM(B63,D63) -> 19638.008 | G63: =SUM(C63,E63) -> 1973.8667 | I63: 2017 | J63: 142587 | K63: 33855 | L63: =INDEX($C$29:$Y$29,MATCH('Ships-Cal'!I63,'Ships-Cal'!$C$22:$Y$22,0))/1000 -> 1312489.5 | M63: =L63*S63 -> 11137468 | N63: =SUM(J63,L63) -> 1455076.5 | O63: =SUM(K63,M63) -> 11171323 | P63: ='Air-Cal'!D31/1000*'Air-Cal'!O47 -> 3031.848 | Q63: ='Air-Cal'!E31/10^6*'Air-Cal'!O47 -> 13241.995 | R63: =SUM(O63,Q63) -> 11184565 | S63: =AVERAGE($S$41:$S$45) -> 8.4857581
A64: 2018 | B64: =E3/1000 -> 14625.484 | C64: =E5/10^6 -> 822.23361 | D64: =TREND($D$59:$D$63,$A$59:$A$63,A64) -> 2735.0176 | E64: =TREND($E$56:$E$60,$A$56:$A$60,A64) -> 1044.6554 | F64: =SUM(B64,D64) -> 17360.502 | G64: =SUM(C64,E64) -> 1866.889 | I64: 2018 | J64: =TREND($J$59:$J$63,$I$59:$I$63,I64) -> 152469.3 | K64: 28282 | L64: 1405925 | M64: =L64*S64 -> 11930339 | N64: =SUM(J64,L64) -> 1558394.3 | O64: =SUM(K64,M64) -> 11958621 | P64: ='Air-Cal'!D32/1000*'Air-Cal'!O48 -> 3069.933 | Q64: ='Air-Cal'!E32/10^6*'Air-Cal'!O48 -> 13440.714 | R64: =SUM(O64,Q64) -> 11972062 | S64: =AVERAGE($S$41:$S$45) -> 8.4857581
A65: 2019 | B65: =TREND($B$60:$B$64,$A$60:$A$64,A65) -> 15993.418 | C65: =TREND($C$60:$C$64,$B$60:$B$64,B65) -> 853.10779 | D65: =TREND($D$59:$D$63,$A$59:$A$63,A65) -> 2746.347 | E65: =TREND($E$56:$E$60,$A$56:$A$60,A65) -> 1031.1128 | F65: =SUM(B65,D65) -> 18739.765 | G65: =SUM(C65,E65) -> 1884.2206 | I65: 2019 | J65: =TREND($J$60:$J$64,$I$60:$I$64,I65) -> 161885.24 | K65: =TREND($K$60:$K$64,$I$60:$I$64,I65) -> 31816.2 | L65: =TREND($L$60:$L$64,$I$60:$I$64,I65) -> 1433969.5 | M65: =L65*S65 -> 12168318 | N65: =SUM(J65,L65) -> 1595854.7 | O65: =SUM(K65,M65) -> 12200134 | P65: ='Air-Cal'!D33/1000*'Air-Cal'!O49 -> 2885.294 | Q65: ='Air-Cal'!E33/10^6*'Air-Cal'!O49 -> 12356.171 | R65: =SUM(O65,Q65) -> 12212491 | S65: =AVERAGE($S$41:$S$45) -> 8.4857581
B67: result
B68: passenger ships | C68: person | D68: person-km | E68: seat | F68: pkm/vehicle | G68: pmiles/vehicle | H68: miles/vehicle
C69: =INDEX($F$36:$F$65,MATCH(About!$B$62,$A$36:$A$65,0))*10^3 -> 18739765 | D69: =INDEX($G$36:$G$65,MATCH(About!$B$62,$A$36:$A$65,0))*10^6 -> 1.8842206e+09 | E69: ='AVLo-passenger'!B6 -> 337.61418 | F69: =D69/SUM(SYVbT_passenger!B6:H6) -> 5732772.9 | G69: =F69*About!$B$64 -> 3562178.8 | H69: =G69/E69 -> 10551.035
B71: freight ships | C71: ton | D71: ton-km | E71: ton per ship | F71: ton km/vehicle | G71: ton miles/vehicle | H71: miles/vehicle
C72: =INDEX($N$36:$N$65,MATCH(About!$B$62,$I$36:$I$65,0))*10^3 -> 1.5958547e+09 | D72: =INDEX($O$36:$O$65,MATCH(About!$B$62,$I$36:$I$65,0))*10^6 -> 1.2200134e+13 | E72: ='AVLo-freight'!B6 -> 65977.62 | F72: =$D72/SUM(SYVbT_freight!$B$6:$H$6) -> 1.9271859e+10 | G72: =$F72*About!$B$64 -> 1.1974974e+10 | H72: =$G72/$E72 -> 181500.55
A74: Notes
A75: 파란글씨는 추정치
A76: 해운 여객의 좌석수는 국내 연안여객선의 좌석수를 기반으로 계산했으며, 이를 국내 국제 여객에 동일하게 적용

Sheet SYAADTbVT-passengers
A1: Annual Distance (miles/vehicle) | B1: 2020
A2: LDVs | B2: ='DV-Cal'!S4 -> 7655.2802
A3: HDVs | B3: ='DV-Cal'!S7 -> 12908.12
A4: aircraft | B4: ='Air-Cal'!O4 -> 1037079.6
A5: rail | B5: ='Rail-Cal'!$G$14 -> 87159.139
A6: ships | B6: 194.17552
A7: motorbikes | B7: =Motorbikes!$E$7*About!$B$64*365 -> 4543.523

Sheet SYAADTbVT-freight
A1: Annual Distance (miles/vehicle) | B1: 2020
A2: LDVs | B2: ='DV-Cal'!S10 -> 9107.6632
A3: HDVs | B3: ='DV-Cal'!S13 -> 18378.798
A4: aircraft | B4: ='Air-Cal'!O7 -> 3355600
A5: rail | B5: ='Rail-Cal'!G6 -> 15068.574
A6: ships | B6: ='Ships-Cal'!H72 -> 181500.55
A7: motorbikes | B7: =Motorbikes!$E$2*About!$B$64*365 -> 10573.884

Sheet BAADTbVT-passengers
A1: Annual Distance (miles/vehicle) | B1: 2021 | C1: 2022 | D1: 2023 | E1: 2024 | F1: 2025 | G1: 2026 | H1: 2027 | I1: 2028 | J1: 2029 | K1: 2030 | L1: 2031 | M1: 2032 | N1: 2033 | O1: 2034 | P1: 2035 | Q1: 2036 | R1: 2037 | S1: 2038 | T1: 2039 | U1: 2040 | V1: 2041 | W1: 2042 | X1: 2043 | Y1: 2044 | Z1: 2045 | AA1: 2046 | AB1: 2047 | AC1: 2048 | AD1: 2049 | AE1: 2050
A2: LDVs | B2: =C2 -> 7655.2802 | C2: ='DV-Cal'!S4 -> 7655.2802 | D2: =$C$2 -> 7655.2802 | E2: =$C$2 -> 7655.2802 | F2: =$C$2 -> 7655.2802 | G2: =$C$2 -> 7655.2802 | H2: =$C$2 -> 7655.2802 | I2: =$C$2 -> 7655.2802 | J2: =$C$2 -> 7655.2802 | K2: =$C$2 -> 7655.2802 | ... AE2: =$C$2 -> 7655.2802
A3: HDVs | B3: =C3 -> 12908.12 | C3: ='DV-Cal'!S7 -> 12908.12 | D3: =$C$3 -> 12908.12 | E3: =$C$3 -> 12908.12 | F3: =$C$3 -> 12908.12 | G3: =$C$3 -> 12908.12 | H3: =$C$3 -> 12908.12 | I3: =$C$3 -> 12908.12 | J3: =$C$3 -> 12908.12 | K3: =$C$3 -> 12908.12 | ... AE3: =$C$3 -> 12908.12
A4: aircraft | B4: =C4 -> 1037079.6 | C4: ='Air-Cal'!O4 -> 1037079.6 | D4: =$C$4 -> 1037079.6 | E4: =$C$4 -> 1037079.6 | F4: =$C$4 -> 1037079.6 | G4: =$C$4 -> 1037079.6 | H4: =$C$4 -> 1037079.6 | I4: =$C$4 -> 1037079.6 | J4: =$C$4 -> 1037079.6 | K4: =$C$4 -> 1037079.6 | ... AE4: =$C$4 -> 1037079.6
A5: rail | B5: =C5 -> 87159.139 | C5: ='Rail-Cal'!$G$14 -> 87159.139 | D5: =$C$5 -> 87159.139 | E5: =$C$5 -> 87159.139 | F5: =$C$5 -> 87159.139 | G5: =$C$5 -> 87159.139 | H5: =$C$5 -> 87159.139 | I5: =$C$5 -> 87159.139 | J5: =$C$5 -> 87159.139 | K5: =$C$5 -> 87159.139 | ... AE5: =$C$5 -> 87159.139
A6: ships | B6: 194.17552 | C6: 194.17552 | D6: 194.17552 | E6: 194.17552 | F6: 194.17552 | G6: 194.17552 | H6: 194.17552 | I6: 194.17552 | J6: 194.17552 | K6: 194.17552 | L6: 194.17552 | M6: 194.17552 | N6: 194.17552 | O6: 194.17552 | P6: 194.17552 | Q6: 194.17552 | R6: 194.17552 | S6: 194.17552 | T6: 194.17552 | U6: 194.17552 | V6: 194.17552 | W6: 194.17552 | X6: 194.17552 | Y6: 194.17552 | Z6: 194.17552 | AA6: 194.17552 | AB6: 194.17552 | AC6: 194.17552 | AD6: 194.17552 | AE6: 194.17552
A7: motorbikes | B7: =C7 -> 4543.523 | C7: =Motorbikes!$E$7*About!$B$64*365 -> 4543.523 | D7: =$B$7 -> 4543.523 | E7: =$B$7 -> 4543.523 | F7: =$B$7 -> 4543.523 | G7: =$B$7 -> 4543.523 | H7: =$B$7 -> 4543.523 | I7: =$B$7 -> 4543.523 | J7: =$B$7 -> 4543.523 | K7: =$B$7 -> 4543.523 | ... AE7: =$B$7 -> 4543.523

Sheet BAADTbVT-freight
A1: Annual Distance (miles/vehicle) | B1: 2021 | C1: 2022 | D1: 2023 | E1: 2024 | F1: 2025 | G1: 2026 | H1: 2027 | I1: 2028 | J1: 2029 | K1: 2030 | L1: 2031 | M1: 2032 | N1: 2033 | O1: 2034 | P1: 2035 | Q1: 2036 | R1: 2037 | S1: 2038 | T1: 2039 | U1: 2040 | V1: 2041 | W1: 2042 | X1: 2043 | Y1: 2044 | Z1: 2045 | AA1: 2046 | AB1: 2047 | AC1: 2048 | AD1: 2049 | AE1: 2050
A2: LDVs | B2: =C2 -> 9107.6632 | C2: ='DV-Cal'!S10 -> 9107.6632 | D2: =$C$2 -> 9107.6632 | E2: =$C$2 -> 9107.6632 | F2: =$C$2 -> 9107.6632 | G2: =$C$2 -> 9107.6632 | H2: =$C$2 -> 9107.6632 | I2: =$C$2 -> 9107.6632 | J2: =$C$2 -> 9107.6632 | K2: =$C$2 -> 9107.6632 | ... AE2: =$C$2 -> 9107.6632
A3: HDVs | B3: =C3 -> 18378.798 | C3: ='DV-Cal'!S13 -> 18378.798 | D3: =$C$3 -> 18378.798 | E3: =$C$3 -> 18378.798 | F3: =$C$3 -> 18378.798 | G3: =$C$3 -> 18378.798 | H3: =$C$3 -> 18378.798 | I3: =$C$3 -> 18378.798 | J3: =$C$3 -> 18378.798 | K3: =$C$3 -> 18378.798 | ... AE3: =$C$3 -> 18378.798
A4: aircraft | B4: ='Air-Cal'!O7 -> 3355600 | C4: =$B$4 -> 3355600 | D4: =$B$4 -> 3355600 | E4: =$B$4 -> 3355600 | F4: =$B$4 -> 3355600 | G4: =$B$4 -> 3355600 | H4: =$B$4 -> 3355600 | I4: =$B$4 -> 3355600 | J4: =$B$4 -> 3355600 | ... AE4: =$B$4 -> 3355600
A5: rail | B5: ='Rail-Cal'!G6 -> 15068.574 | C5: =$B$5 -> 15068.574 | D5: =$B$5 -> 15068.574 | E5: =$B$5 -> 15068.574 | F5: =$B$5 -> 15068.574 | G5: =$B$5 -> 15068.574 | H5: =$B$5 -> 15068.574 | I5: =$B$5 -> 15068.574 | J5: =$B$5 -> 15068.574 | ... AE5: =$B$5 -> 15068.574
A6: ships | B6: ='Ships-Cal'!H72 -> 181500.55 | C6: =B6 -> 181500.55 | D6: =C6 -> 181500.55 | E6: =D6 -> 181500.55 | F6: =E6 -> 181500.55 | G6: =F6 -> 181500.55 | H6: =G6 -> 181500.55 | I6: =H6 -> 181500.55 | J6: =I6 -> 181500.55 | ... AE6: =AD6 -> 181500.55
A7: motorbikes | B7: =Motorbikes!$E$2*About!$B$64*365 -> 10573.884 | C7: =B7 -> 10573.884 | D7: =C7 -> 10573.884 | E7: =D7 -> 10573.884 | F7: =E7 -> 10573.884 | G7: =F7 -> 10573.884 | H7: =G7 -> 10573.884 | I7: =H7 -> 10573.884 | J7: =I7 -> 10573.884 | ... AE7: =AD7 -> 10573.884

Sheet AVLo-passenger
A1: passenger
A2: LDVs | B2: 1.4040944
A3: HDVs | B3: 14.73107
A4: aircraft | B4: 155.72982
A5: rail | B5: 382.85955
A6: ships | B6: 337.61418
A7: motor | B7: 1.1

Sheet AVLo-freight
A2: LDVs | B2: 1.2304867
A3: HDVs | B3: 27.6
A4: aircraft | B4: 63.556826
A5: rail | B5: 1514.4
A6: ships | B6: 65977.62
A7: motorbikes | B7: 0.003
