Workbook

Sheet About
A1: BFoHPbF BAU Fraction of Heat Provided by Fuel
A3: Source: | B3: KPX
B4: 2024
B5: Generation capacity by turbine
B6: http://epsis.kpx.or.kr/epsisnew/selectEkpoBcrGrid.do?menuId=020400
A9: Note:
A10: Fuel use by fuel is not provided.
A11: We use the capacity share by fuel of CHP.

Sheet Data
A1: Company | B1: Power plant | C1: Capacity | D1: Fuel | E1: Type
A2: (주)GS반월열병합발전 | B2: 반월열병합 | C2: 83.455 | D2: coal | E2: ST
A3: (주)대륜발전 | B3: 별내열병합 ST1 | C3: 35.35 | D3: gas | E3: CCST
A4: (주)대륜발전 | B4: 별내열병합 GT1 | C4: 40.03 | D4: gas | E4: CCGT
A5: (주)대륜발전 | B5: 별내열병합 GT2 | C5: 40.03 | D5: gas | E5: CCGT
A6: (주)대륜발전 | B6: 양주열병합 GT1 | C6: 165 | D6: gas | E6: CCGT
A7: (주)대륜발전 | B7: 양주열병합 GT2 | C7: 165 | D7: gas | E7: CCGT
A8: (주)대륜발전 | B8: 양주열병합 ST1 | C8: 194.3 | D8: gas | E8: CCST
A9: OCI SE 주식회사 | B9: 새만금열병합#1 | C9: 151.5 | D9: coal | E9: ST
A10: OCI SE 주식회사 | B10: 새만금열병합#2 | C10: 151.5 | D10: coal | E10: ST
A11: 금호석유화학(주) | B11: 금호여수열병합 | C11: 119.13 | D11: coal | E11: ST
A12: 금호석유화학(주) | B12: 금호여수열병합#2 | C12: 144.97 | D12: coal | E12: ST
A13: 김천에너지서비스(주) | B13: 김천열병합 | C13: 59 | D13: coal | E13: ST
... A87: 한국토지주택공사 아산에너지사업단 | B87: 아산배방열병합 GT2 | C87: 39.65 | D87: gas | E87: CCGT
B88: 통합 | C88: 9190.984

Sheet Calculation
C1: share (%)
A2: coal | B2: =SUMIF(Data!$D$2:$D$87, A2, Data!$C$2:$C$87) -> 1259.224 | C2: =B2/SUM($B$2:$B$4) -> 0.11829612
A3: oil | B3: =SUMIF(Data!$D$2:$D$87, A3, Data!$C$2:$C$87) -> 153.2 | C3: =B3/SUM($B$2:$B$4) -> 0.01439217
A4: gas | B4: =SUMIF(Data!$D$2:$D$87, A4, Data!$C$2:$C$87) -> 9232.253 | C4: =B4/SUM($B$2:$B$4) -> 0.86731171

Sheet BFoHPbF
A1: Fraction of Heat Provided by Fuel (dimensionless) | B1: 2015 | C1: 2016 | D1: 2017 | E1: 2018 | F1: 2019 | G1: 2020 | H1: 2021 | I1: 2022 | J1: 2023 | K1: 2024 | L1: 2025 | M1: 2026 | N1: 2027 | O1: 2028 | P1: 2029 | Q1: 2030 | R1: 2031 | S1: 2032 | T1: 2033 | U1: 2034 | V1: 2035 | W1: 2036 | X1: 2037 | Y1: 2038 | Z1: 2039 | AA1: 2040 | AB1: 2041 | AC1: 2042 | AD1: 2043 | AE1: 2044 | AF1: 2045 | AG1: 2046 | AH1: 2047 | AI1: 2048 | AJ1: 2049 | AK1: 2050
A2: electricity | B2: 0 | C2: =$B2 -> 0 | D2: =$B2 -> 0 | E2: =$B2 -> 0 | F2: =$B2 -> 0 | G2: =F2 -> 0 | H2: =G2 -> 0 | I2: =H2 -> 0 | J2: =I2 -> 0 | K2: =J2 -> 0 | L2: =K2 -> 0 | M2: =L2 -> 0 | N2: =M2 -> 0 | ... AK2: =AJ2 -> 0
A3: coal | B3: 0 | C3: =$B3 -> 0 | D3: =$B3 -> 0 | E3: =$B3 -> 0 | F3: =Calculation!C2 -> 0.11829612 | G3: =F3 -> 0.11829612 | H3: =G3 -> 0.11829612 | I3: =H3 -> 0.11829612 | J3: =I3 -> 0.11829612 | K3: =J3 -> 0.11829612 | L3: =K3 -> 0.11829612 | M3: =L3 -> 0.11829612 | N3: =M3 -> 0.11829612 | ... AK3: =AJ3 -> 0.11829612
A4: natural gas | B4: 0 | C4: =$B4 -> 0 | D4: =$B4 -> 0 | E4: =$B4 -> 0 | F4: =Calculation!C4 -> 0.86731171 | G4: =F4 -> 0.86731171 | H4: =G4 -> 0.86731171 | I4: =H4 -> 0.86731171 | J4: =I4 -> 0.86731171 | K4: =J4 -> 0.86731171 | L4: =K4 -> 0.86731171 | M4: =L4 -> 0.86731171 | N4: =M4 -> 0.86731171 | ... AK4: =AJ4 -> 0.86731171
A5: biomass | B5: 0 | C5: =$B5 -> 0 | D5: =$B5 -> 0 | E5: =$B5 -> 0 | F5: =$B5 -> 0 | G5: =F5 -> 0 | H5: =G5 -> 0 | I5: =H5 -> 0 | J5: =I5 -> 0 | K5: =J5 -> 0 | L5: =K5 -> 0 | M5: =L5 -> 0 | N5: =M5 -> 0 | ... AK5: =AJ5 -> 0
A6: petroleum diesel | B6: 0 | C6: =$B6 -> 0 | D6: =$B6 -> 0 | E6: =$B6 -> 0 | F6: =Calculation!C3 -> 0.01439217 | G6: =F6 -> 0.01439217 | H6: =G6 -> 0.01439217 | I6: =H6 -> 0.01439217 | J6: =I6 -> 0.01439217 | K6: =J6 -> 0.01439217 | L6: =K6 -> 0.01439217 | M6: =L6 -> 0.01439217 | N6: =M6 -> 0.01439217 | ... AK6: =AJ6 -> 0.01439217
A7: heat | B7: 0 | C7: =$B7 -> 0 | D7: =$B7 -> 0 | E7: =$B7 -> 0 | F7: =$B7 -> 0 | G7: =F7 -> 0 | H7: =G7 -> 0 | I7: =H7 -> 0 | J7: =I7 -> 0 | K7: =J7 -> 0 | L7: =K7 -> 0 | M7: =L7 -> 0 | N7: =M7 -> 0 | ... AK7: =AJ7 -> 0
A8: crude oil | B8: 0 | C8: =$B8 -> 0 | D8: =$B8 -> 0 | E8: =$B8 -> 0 | F8: =$B8 -> 0 | G8: =F8 -> 0 | H8: =G8 -> 0 | I8: =H8 -> 0 | J8: =I8 -> 0 | K8: =J8 -> 0 | L8: =K8 -> 0 | M8: =L8 -> 0 | N8: =M8 -> 0 | ... AK8: =AJ8 -> 0
A9: heavy or residual fuel oil | B9: 0 | C9: =$B9 -> 0 | D9: =$B9 -> 0 | E9: =$B9 -> 0 | F9: =$B9 -> 0 | G9: =F9 -> 0 | H9: =G9 -> 0 | I9: =H9 -> 0 | J9: =I9 -> 0 | K9: =J9 -> 0 | L9: =K9 -> 0 | M9: =L9 -> 0 | N9: =M9 -> 0 | ... AK9: =AJ9 -> 0
A10: LPG propane or butane | B10: 0 | C10: =$B10 -> 0 | D10: =$B10 -> 0 | E10: =$B10 -> 0 | F10: =$B10 -> 0 | G10: =F10 -> 0 | H10: =G10 -> 0 | I10: =H10 -> 0 | J10: =I10 -> 0 | K10: =J10 -> 0 | L10: =K10 -> 0 | M10: =L10 -> 0 | N10: =M10 -> 0 | ... AK10: =AJ10 -> 0
A11: hydrogen | B11: 0 | C11: =$B11 -> 0 | D11: =$B11 -> 0 | E11: =$B11 -> 0 | F11: =$B11 -> 0 | G11: =F11 -> 0 | H11: =G11 -> 0 | I11: =H11 -> 0 | J11: =I11 -> 0 | K11: =J11 -> 0 | L11: =K11 -> 0 | M11: =L11 -> 0 | N11: =M11 -> 0 | ... AK11: =AJ11 -> 0
