Workbook
Name billion_kw_to_MW: [1]About!#REF!
Name billion_kw_to_MW: #REF!
Name gigwatt_to_megawatt: [1]About!#REF!
Name gigwatt_to_megawatt: #REF!
Name GW_to_MW: #REF!
Name Percent_rural: [1]About!#REF!
Name Percent_rural: #REF!
Name Percent_Urban: [1]About!#REF!
Name Percent_Urban: #REF!

Sheet About
A1: BDEQ BAU Electricity Output from Distributed Sources
A2: BDEQ BAU Distributed Electricity Source Capacity
A4: Sources: | B4: Electricity Output/Capacity
B5: KNREC
B6: 2025
B7: 2023 Renewable energy statistics
B8: https://www.knrec.or.kr/biz/pds/statistic/view.do?no=390
B10: Urban/Rural Proportion
B11: Index Korea
B12: 2023_Urban Population Rate
B13: Urban Population Rate | C13: 92.1 | D13: (Perc)
B14: https://www.index.go.kr/unity/potal/main/EachDtlPageDetail.do?idx_cd=1200
B15: * Assumed future urban population rate is constant
A18: Notes
A19: The start year is the year before the first simulated year.
A20: This can be adjusted using the yellow field below.
A21: The start year is:
A22: 2023
A24: The variable "Start Year Distributed Electricity Capacity" includes only "generated on-site"
A25: (i.e. that which buildings don't get electricity from the grid)
A27: We could not find the generation capacity data distinguished "purchsed" or "generated on-site" generations.
A28: So we assumed Solar PV, Hydro, and Wind turbine (for distributed generation) are the only sources that generate on-site,
A29: and used capacity factor to calculate the amount of the on-site generation.
A31: * Assumed biomass, fuel cell, and others are not for distributed generation.
A32: ** Geothermal and solar thermal are excluded because they are used only as heat sources.
A35: 1toe to kWh
B36: 11630

Sheet KNREC
C1: 4. 원별 세부자료
G2: * urban-residential zone : Seoul, Busan, Daegu, Incheon, Gwangju, Daejeon, Ulsan
C3: 4.1 태양에너지 - 태양열 | G3: ** rural-residential zone : Sejong, Gyeonggi, Gangwon, Chungbuk, Chungnam, Jeonbuk, Jeonnam, Gyeongbuk, Gyeongnam, Jeju
C5: 구 분 | E5: 전국 | F5: 서울 | G5: 부산 | H5: 대구 | I5: 인천 | J5: 광주 | K5: 대전 | L5: 울산 | M5: 세종 | N5: 경기 | O5: 강원 | P5: 충북 | Q5: 충남 | R5: 전북 | S5: 전남 | T5: 경북 | U5: 경남 | V5: 제주 | W5: 구 분
E6: Total | F6: Seoul | G6: Busan | H6: Daegu | I6: Incheon | J6: Gwangju | K6: Daejeon | L6: Ulsan | M6: Sejong | N6: Gyeonggi | O6: Gangwon | P6: Chungbuk | Q6: Chungnam | R6: Jeonbuk | S6: Jeonnam | T6: Gyeongbuk | U6: Gyeongnam | V6: Jeju
C7: 2023년 에너지생산량(toe) | E7: 24403.277 | F7: 456.21027 | G7: 552.13379 | H7: 595.15951 | I7: 518.14963 | J7: 498.38627 | K7: 471.25786 | L7: 251.47265 | M7: 94.530624 | N7: 2062.693 | O7: 2265.5564 | P7: 1264.4465 | Q7: 2046.1351 | R7: 1198.2748 | S7: 3722.1852 | T7: 4213.4539 | U7: 3940.5844 | V7: 252.64746 | W7: 2023년 에너지생산량(toe)
C8: 2023년 누적 보급용량(㎡) | E8: 680278.52 | F8: 16770.302 | G8: 17699.63 | H8: 23073.594 | I8: 17024.12 | J8: 15114.08 | K8: 14904.11 | L8: 7996.058 | M8: 2411.25 | N8: 65019.258 | O8: 70073.662 | P8: 33526.66 | Q8: 58445.71 | R8: 32784.23 | S8: 89756.38 | T8: 100677.07 | U8: 106326.92 | V8: 8675.49 | W8: 2023년 누적 보급용량(㎡)
C10: 최근 3년간 신규 보급용량(㎡) | W10: 최근 3년간 신규 보급용량(㎡)
D11: '23 | E11: 28574.8 | F11: 367.2 | G11: 142 | H11: 138.39 | I11: 880 | J11: 634.08 | K11: 258.8 | L11: 48 | M11: 0 | N11: 629.79 | O11: 94.6 | P11: 2056.24 | Q11: 2711.38 | R11: 907.33 | S11: 7838.34 | T11: 3599.31 | U11: 8229.34 | V11: 40 | X11: '23
D12: '22 | E12: 23336.21 | F12: 0 | G12: 0 | H12: 29.86 | I12: 203.43 | J12: 252.16 | K12: 20 | L12: 13.6 | M12: 20.7 | N12: 1547.81 | O12: 549 | P12: 360.86 | Q12: 3526.94 | R12: 1759.04 | S12: 6069.38 | T12: 4808.63 | U12: 4107.6 | V12: 67.2 | X12: '22
D13: '21 | E13: 28379.44 | F13: 6 | G13: 12 | H13: 13.6 | I13: 402.84 | J13: 783.6 | K13: 414 | L13: 6 | M13: 0 | N13: 2176.11 | O13: 1137.73 | P13: 1317.04 | Q13: 788.28 | R13: 1423.44 | S13: 8689.2 | T13: 5930.51 | U13: 5249 | V13: 30.09 | X13: '21
C15: 2023년 용도별 누적 보급용량(㎡) | E15: 680278.52 | F15: 16770.302 | G15: 17699.63 | H15: 23073.594 | I15: 17024.12 | J15: 15114.08 | K15: 14904.11 | L15: 7996.058 | M15: 2411.25 | N15: 65019.258 | O15: 70073.662 | P15: 33526.66 | Q15: 58445.71 | R15: 32784.23 | S15: 89756.38 | T15: 100677.07 | U15: 106326.92 | V15: 8675.49 | W15: 2023년 용도별 누적 보급용량(㎡)
D16: 가정용 | E16: 314565.09 | F16: 1453.46 | G16: 6601.66 | H16: 8246.85 | I16: 4319.25 | J16: 6265.51 | K16: 2056.81 | L16: 3681.28 | M16: 436.54 | N16: 25531.862 | O16: 43751.47 | P16: 6409.1 | Q16: 21475.74 | R16: 16421.75 | S16: 61849.84 | T16: 34834.49 | U16: 69884.02 | V16: 1345.46 | X16: 가정용
D17: 공공시설 | E17: 94376.21 | F17: 4623.362 | G17: 2368.01 | H17: 6959.98 | I17: 4929.92 | J17: 2780.86 | K17: 6362.73 | L17: 1983.46 | M17: 1147.5 | N17: 9309.5 | O17: 5874.55 | P17: 7149.43 | Q17: 8320.83 | R17: 4546.62 | S17: 8324.31 | T17: 9547.69 | U17: 7586.898 | V17: 2560.56 | X17: 공공시설
D18: 교육시설 | E18: 28461.99 | F18: 4269.26 | G18: 674.02 | H18: 1907.97 | I18: 1460.9 | J18: 1002.32 | K18: 371.97 | L18: 704.9 | M18: 180.19 | N18: 5568.47 | O18: 463.06 | P18: 1071.44 | Q18: 3221.44 | R18: 1497.77 | S18: 1003.28 | T18: 2470.01 | U18: 2489.71 | V18: 105.28 | X18: 교육시설
D19: 사회복지시설 | E19: 125722.1 | F19: 3128.3 | G19: 6681.69 | H19: 3660.824 | I19: 4155.94 | J19: 2548.97 | K19: 4277.83 | L19: 244.948 | M19: 61.2 | N19: 7320.356 | O19: 8606.93 | P19: 3232.32 | Q19: 10650.48 | R19: 4419.82 | S19: 9023.81 | T19: 41170.32 | U19: 13477.99 | V19: 3060.37 | X19: 사회복지시설
D20: 산업시설 | E20: 34175.35 | F20: 35.64 | G20: 262.51 | H20: 800 | I20: 401.36 | J20: 393.02 | K20: 483.65 | L20: 529.83 | M20: 410.72 | N20: 4332.88 | O20: 2006.44 | P20: 9758.73 | Q20: 6968.59 | R20: 3517.66 | S20: 269.76 | T20: 1069.12 | U20: 2801.25 | V20: 134.19 | X20: 산업시설
D21: 상업시설 | E21: 36473.632 | F21: 1714.14 | G21: 195.84 | H21: 246.69 | I21: 862.87 | J21: 858.12 | K21: 974.64 | L21: 497.14 | M21: 154.5 | N21: 5846.45 | O21: 5900.932 | P21: 3509.48 | Q21: 2408.21 | R21: 1136.05 | S21: 3942.32 | T21: 2742.03 | U21: 4487.39 | V21: 996.83 | X21: 상업시설
D22: 기타 | E22: 46504.146 | F22: 1546.14 | G22: 915.9 | H22: 1251.28 | I22: 893.88 | J22: 1265.28 | K22: 376.48 | L22: 354.5 | M22: 20.6 | N22: 7109.74 | O22: 3470.28 | P22: 2396.16 | Q22: 5400.42 | R22: 1244.56 | S22: 5343.06 | T22: 8843.406 | U22: 5599.66 | V22: 472.8 | X22: 기타
C24: 2023년 용량별 누적 보급용량(㎡) | E24: 680278.52 | F24: 16770.302 | G24: 17699.63 | H24: 23073.594 | I24: 17024.12 | J24: 15114.08 | K24: 14904.11 | L24: 7996.058 | M24: 2411.25 | N24: 65019.258 | O24: 70073.662 | P24: 33526.66 | Q24: 58445.71 | R24: 32784.23 | S24: 89756.38 | T24: 100677.07 | U24: 106326.92 | V24: 8675.49 | W24: 2023년 용량별 누적 보급용량(㎡)
D25: 20㎡ 이하 | E25: 164864.83 | F25: 1142.5 | G25: 2332.62 | H25: 1184.664 | I25: 2108.17 | J25: 4653.95 | K25: 786.03 | L25: 2603.97 | M25: 81.96 | N25: 11176.172 | O25: 11608.17 | P25: 1713.59 | Q25: 11059.5 | R25: 10921.84 | S25: 46776.85 | T25: 16067.98 | U25: 40273.91 | V25: 372.95 | X25: 20㎡ 이하
D26: 20~100㎡ 이하 | E26: 270103.79 | F26: 5031.862 | G26: 7025.12 | H26: 10540.8 | I26: 9574.65 | J26: 3086.8 | K26: 2294.82 | L26: 1880.538 | M26: 630.92 | N26: 21503.82 | O26: 41032.102 | P26: 3964.35 | Q26: 22338.75 | R26: 7919.37 | S26: 26160.6 | T26: 64165.266 | U26: 40528.728 | V26: 2425.29 | X26: 20~100㎡ 이하
D27: 100~500㎡ 이하 | E27: 166642.42 | F27: 9893.94 | G27: 6932.65 | H27: 6232.37 | I27: 5341.3 | J27: 5192.51 | K27: 9178.46 | L27: 3511.55 | M27: 1698.37 | N27: 22678.306 | O27: 13904.19 | P27: 15615.22 | Q27: 16942.82 | R27: 9217.22 | S27: 10115.17 | T27: 10937.14 | U27: 13895.35 | V27: 5355.85 | X27: 100~500㎡ 이하
D28: 500~1,000㎡ 이하 | E28: 55408.95 | F28: 702 | G28: 1409.24 | H28: 3864.04 | I28: 0 | J28: 2180.82 | K28: 1339.8 | L28: 0 | M28: 0 | N28: 7960.96 | O28: 2229.2 | P28: 7344.7 | Q28: 6892.64 | R28: 3669.2 | S28: 4224.96 | T28: 5730.04 | U28: 7339.95 | V28: 521.4 | X28: 500~1,000㎡ 이하
D29: 1,000~1,500㎡ 이하 | E29: 19787.54 | F29: 0 | G29: 0 | H29: 1251.72 | I29: 0 | J29: 0 | K29: 1305 | L29: 0 | M29: 0 | N29: 0 | O29: 1300 | P29: 4888.8 | Q29: 1212 | R29: 1056.6 | S29: 2478.8 | T29: 2005.64 | U29: 4288.98 | V29: 0 | X29: 1,000~1,500㎡ 이하
D30: 1,500~5,000㎡ 이하 | E30: 3471 | F30: 0 | G30: 0 | H30: 0 | I30: 0 | J30: 0 | K30: 0 | L30: 0 | M30: 0 | N30: 1700 | O30: 0 | P30: 0 | Q30: 0 | R30: 0 | S30: 0 | T30: 1771 | U30: 0 | V30: 0 | X30: 1,500~5,000㎡ 이하
D31: 5,000~10,000㎡ 이하 | E31: 0 | F31: 0 | G31: 0 | H31: 0 | I31: 0 | J31: 0 | K31: 0 | L31: 0 | M31: 0 | N31: 0 | O31: 0 | P31: 0 | Q31: 0 | R31: 0 | S31: 0 | T31: 0 | U31: 0 | V31: 0 | X31: 5,000~10,000㎡ 이하
D32: 10,000㎡ 초과 | E32: 0 | F32: 0 | G32: 0 | H32: 0 | I32: 0 | J32: 0 | K32: 0 | L32: 0 | M32: 0 | N32: 0 | O32: 0 | P32: 0 | Q32: 0 | R32: 0 | S32: 0 | T32: 0 | U32: 0 | V32: 0 | X32: 10,000㎡ 초과
C34: 주) 누적 보급용량은 각 연도별 신설, 해지를 반영한 용량임
C37: 4.2 태양에너지 - 태양광
C39: 구 분 | E39: 전국 | F39: 서울 | G39: 부산 | H39: 대구 | I39: 인천 | J39: 광주 | K39: 대전 | L39: 울산 | M39: 세종 | N39: 경기 | O39: 강원 | P39: 충북 | Q39: 충남 | R39: 전북 | S39: 전남 | T39: 경북 | U39: 경남 | V39: 제주 | W39: 구 분
E40: Total | F40: Seoul | G40: Busan | H40: Daegu | I40: Incheon | J40: Gwangju | K40: Daejeon | L40: Ulsan | M40: Sejong | N40: Gyeonggi | O40: Gangwon | P40: Chungbuk | Q40: Chungnam | R40: Jeonbuk | S40: Jeonnam | T40: Gyeongbuk | U40: Gyeongnam | V40: Jeju
C41: 2023년 에너지생산량(toe) | E41: 7148551.1 | F41: 61635.374 | G41: 79954.936 | H41: 107835.94 | I41: 59178.005 | J41: 87720.595 | K41: 30845.176 | L41: 39994.993 | M41: 27034.728 | N41: 510383.71 | O41: 497530.6 | P41: 406481.66 | Q41: 856386.99 | R41: 1233798.8 | S41: 1516180.9 | T41: 940721.47 | U41: 528770.92 | V41: 164096.2 | W41: 2023년 에너지생산량(toe)
C42: 2023년 발전량(MWh) | E42: 33236447 | F42: 272764.8 | G42: 366023.57 | H42: 497336 | I42: 267781.8 | J42: 404724.25 | K42: 138596.75 | L42: 182853.39 | M42: 123816.92 | N42: 2346125.9 | O42: 2315785.2 | P42: 1882952.7 | Q42: 3991277 | R42: 5764752.7 | S42: 7086350.5 | T42: 4385932.5 | U42: 2446554.7 | V42: 762818.38 | W42: 2023년 발전량(MWh)
C43: 2023년 누적 보급용량(kW) | E43: 28033336 | F43: 247791.03 | G43: 317737.2 | H43: 420079.71 | I43: 252181.13 | J43: 364205.08 | K43: 131386.92 | L43: 165314.92 | M43: 107164.29 | N43: 2130345.2 | O43: 1978971.1 | P43: 1636352.2 | Q43: 3498746.9 | R43: 4607106.5 | S43: 5903322.4 | T43: 3561773 | U43: 2056529 | V43: 654329.24 | W43: 2023년 누적 보급용량(kW)
C45: 최근 3년간 신규 보급용량(kW) | W45: 최근 3년간 신규 보급용량(kW)
D46: '23 | E46: 3682247.4 | F46: 8432.277 | G46: 47609.33 | H46: 57422.365 | I46: 35463.215 | J46: 44091.415 | K46: 19804.758 | L46: 31078.54 | M46: 12200.82 | N46: 305093.37 | O46: 187345.58 | P46: 210103.19 | Q46: 646135.99 | R46: 371977.48 | S46: 918908.45 | T46: 501460.15 | U46: 256645.72 | V46: 28474.72 | X46: '23
D47: '22 | E47: 3278244.1 | F47: 33924.091 | G47: 47868.105 | H47: 49939.309 | I47: 25663.46 | J47: 41627.137 | K47: 13056.055 | L47: 15627.735 | M47: 13175.245 | N47: 280214.36 | O47: 202616.33 | P47: 199704.89 | Q47: 288832.32 | R47: 555682.02 | S47: 696193.07 | T47: 498536.88 | U47: 251006.22 | V47: 64576.9 | X47: '22
D48: '21 | E48: 3915087 | F48: 19025.895 | G48: 44420.935 | H48: 69210.145 | I48: 26157.82 | J48: 34574.18 | K48: 20156.43 | L48: 23303.75 | M48: 9592.8 | N48: 257818.3 | O48: 288856.85 | P48: 210556.73 | Q48: 382875.18 | R48: 796183.7 | S48: 678055.02 | T48: 653969.14 | U48: 288873.42 | V48: 111456.67 | X48: '21
C50: 2023년 용도별 누적 보급용량(kW) | E50: 28033336 | F50: 247791.03 | G50: 317737.2 | H50: 420079.71 | I50: 252181.13 | J50: 364205.08 | K50: 131386.92 | L50: 165314.92 | M50: 107164.29 | N50: 2130345.2 | O50: 1978971.1 | P50: 1636352.2 | Q50: 3498746.9 | R50: 4607106.5 | S50: 5903322.4 | T50: 3561773 | U50: 2056529 | V50: 654329.24 | W50: 2023년 용도별 누적 보급용량(kW)
D51: 가정용 | E51: 2246406.5 | F51: 110062.45 | G51: 47142.977 | H51: 40820.297 | I51: 48673.551 | J51: 45468.571 | K51: 35865.766 | L51: 38299.975 | M51: 15417.825 | N51: 352374.25 | O51: 148765.85 | P51: 174295.95 | Q51: 217048.28 | R51: 212708.31 | S51: 244733.13 | T51: 211606.96 | U51: 249320.9 | V51: 53801.49 | X51: 가정용
D52: 공공시설 | E52: 580829.82 | F52: 37589.376 | G52: 18929.047 | H52: 24841.366 | I52: 36815.23 | J52: 10900.73 | K52: 23255.007 | L52: 10013.662 | M52: 7428.285 | N52: 81131.939 | O52: 40327.588 | P52: 37683.406 | Q52: 38766.58 | R52: 40398.297 | S52: 45882.751 | T52: 46855.758 | U52: 62748.553 | V52: 17147.503 | X52: 공공시설
D53: 교육시설 | E53: 283519.77 | F53: 20145.626 | G53: 17599.84 | H53: 17217.89 | I53: 20560.093 | J53: 7290.212 | K53: 7293.436 | L53: 5707.13 | M53: 6824.245 | N53: 77752.84 | O53: 8489.283 | P53: 13436.325 | Q53: 15437.194 | R53: 10126.095 | S53: 9767.98 | T53: 15361.138 | U53: 21854.612 | V53: 8655.834 | X53: 교육시설
D54: 사회복지시설 | E54: 74849.451 | F54: 2408.706 | G54: 1258.614 | H54: 1435.38 | I54: 1882.06 | J54: 1783.005 | K54: 479.025 | L54: 501.47 | M54: 1312.24 | N54: 9330.457 | O54: 3509.325 | P54: 11597.1 | Q54: 7882.365 | R54: 4171.452 | S54: 5919.454 | T54: 6386.563 | U54: 12603.305 | V54: 2388.93 | X54: 사회복지시설
D55: 산업시설 | E55: 153910.61 | F55: 1227.781 | G55: 8288.28 | H55: 10317.06 | I55: 3926.65 | J55: 6588.87 | K55: 2815.25 | L55: 1198.85 | M55: 2335.07 | N55: 27288.705 | O55: 4869.585 | P55: 21551.685 | Q55: 12686.59 | R55: 5452.82 | S55: 11105.895 | T55: 19161.387 | U55: 14145.02 | V55: 951.11 | X55: 산업시설
D56: 상업시설 | E56: 242488.36 | F56: 13646.814 | G56: 10352.78 | H56: 3910.36 | I56: 8707.893 | J56: 8241.6 | K56: 5145.738 | L56: 3844.915 | M56: 1630.045 | N56: 40784.109 | O56: 15733.567 | P56: 13951.63 | Q56: 17237.18 | R56: 16860.275 | S56: 29843.649 | T56: 18161.875 | U56: 26496.989 | V56: 7938.94 | X56: 상업시설
D57: 발전사업용 | E57: 24186093 | F57: 44877.685 | G57: 208897.16 | H57: 316463.57 | I57: 123175.85 | J57: 278234.66 | K57: 53130.19 | L57: 102733.51 | M57: 70032.91 | N57: 1505981.4 | O57: 1744940.7 | P57: 1339658.2 | Q57: 3157785.6 | R57: 4288675 | S57: 5525916.2 | T57: 3216944 | U57: 1648862.4 | V57: 559898.97 | X57: 발전사업용
D58: 기타 | E58: 265237.83 | F58: 17832.596 | G58: 5268.505 | H58: 5073.79 | I58: 8439.8 | J58: 5697.43 | K58: 3402.51 | L58: 3015.41 | M58: 2183.675 | N58: 35701.484 | O58: 12335.216 | P58: 24177.906 | Q58: 31903.04 | R58: 28714.23 | S58: 30153.285 | T58: 27295.258 | U58: 20497.24 | V58: 3546.455 | X58: 기타
C60: 2023년 용량별 누적 보급용량(kW) | E60: 28033336 | F60: 247791.03 | G60: 317737.2 | H60: 420079.71 | I60: 252181.13 | J60: 364205.08 | K60: 131386.92 | L60: 165314.92 | M60: 107164.3 | N60: 2130345.2 | O60: 1978971.1 | P60: 1636352.2 | Q60: 3498746.9 | R60: 4607106.5 | S60: 5903322.4 | T60: 3561773 | U60: 2056529 | V60: 654329.24 | W60: 2023년 용량별 누적 보급용량(kW)
D61: 1kW 이하 | E61: 41072.116 | F61: 26978.974 | G61: 691.525 | H61: 646.316 | I61: 994.157 | J61: 975.206 | K61: 2226.675 | L61: 252.79 | M61: 23.975 | N61: 4238.059 | O61: 137.989 | P61: 33.176 | Q61: 413.429 | R61: 1012.58 | S61: 554.07 | T61: 73.507 | U61: 1806.038 | V61: 13.65 | X61: 1kW 이하
D62: 1~3kW 이하 | E62: 1681679.1 | F62: 57726.481 | G62: 42846.914 | H62: 33271.226 | I62: 37204.511 | J62: 36873.71 | K62: 29838.901 | L62: 32636.79 | M62: 11942.12 | N62: 271987.43 | O62: 114144.8 | P62: 132821.64 | Q62: 155977.82 | R62: 152323.37 | S62: 180782.05 | T62: 143894.89 | U62: 203945.61 | V62: 43460.84 | X62: 1~3kW 이하
D63: 3~10kW 이하 | E63: 393440.57 | F63: 15410.24 | G63: 10418.538 | H63: 6709.2815 | I63: 10819.808 | J63: 11428.746 | K63: 6039.0925 | L63: 6316.2325 | M63: 3019.165 | N63: 67896.332 | O63: 26168.332 | P63: 24422.118 | Q63: 31395.87 | R63: 36618.423 | S63: 43822.043 | T63: 35666.122 | U63: 39709.276 | V63: 17580.957 | X63: 3~10kW 이하
D64: 10~50kW 이하 | E64: 1483023.9 | F64: 41352.411 | G64: 28208.086 | H64: 29805.095 | I64: 27885.096 | J64: 29799.092 | K64: 21111.709 | L64: 12235.604 | M64: 10541.375 | N64: 178310.57 | O64: 86504.799 | P64: 138275.38 | Q64: 167196.53 | R64: 222323.96 | S64: 162977.94 | T64: 180050.56 | U64: 129332.98 | V64: 17112.67 | X64: 10~50kW 이하
D65: 50~100kW 이하 | E65: 8404617.2 | F65: 31112.8 | G65: 40425.095 | H65: 101303.32 | I65: 40636.33 | J65: 63696.784 | K65: 20601.739 | L65: 27592.56 | M65: 18255.495 | N65: 629697.19 | O65: 523095.27 | P65: 566301.79 | Q65: 1163943.1 | R65: 2106066.1 | S65: 1210143.4 | T65: 1258447.9 | U65: 523566.32 | V65: 79732.055 | X65: 50~100kW 이하
D66: 100~500kW 이하 | E66: 5719401.4 | F66: 40610.736 | G66: 75382.235 | H66: 105265.41 | I66: 56155.15 | J66: 131123.56 | K66: 21019.525 | L66: 35966.26 | M66: 26451.845 | N66: 476993.96 | O66: 308077.86 | P66: 308718.36 | Q66: 567409.23 | R66: 966311.16 | S66: 1147732.5 | T66: 796594.35 | U66: 451299.15 | V66: 204290.17 | X66: 100~500kW 이하
D67: 500~1,000kW 이하 | E67: 5264527.1 | F67: 14880.97 | G67: 38407.555 | H67: 79363.265 | I67: 29786.615 | J67: 50305.171 | K67: 13717.39 | L67: 16835.35 | M67: 9593.33 | N67: 296907.82 | O67: 585096.31 | P67: 239629.05 | Q67: 485631.5 | R67: 644880.43 | S67: 1282624.6 | T67: 811050.72 | U67: 434911.5 | V67: 230905.54 | X67: 500~1,000kW 이하
D68: 1,000~5,000kW 이하 | E68: 2872232.3 | F68: 19718.42 | G68: 55357.255 | H68: 57743.8 | I68: 48699.46 | J68: 34478.81 | K68: 16831.89 | L68: 28333.73 | M68: 27336.99 | N68: 189129.46 | O68: 288130 | P68: 226150.64 | Q68: 417649.07 | R68: 111014.92 | S68: 768249.22 | T68: 303338.22 | U68: 218837.07 | V68: 61233.35 | X68: 1,000~5,000kW 이하
D69: 5,000~10,000kW 이하 | E69: 290493.07 | F69: 0 | G69: 15000 | H69: 5972 | I69: 0 | J69: 5524 | K69: 0 | L69: 5145.6 | M69: 0 | N69: 15184.34 | O69: 17026.76 | P69: 0 | Q69: 55154.475 | R69: 9968.4 | S69: 117211.76 | T69: 32656.7 | U69: 11649.04 | V69: 0 | X69: 5,000~10,000kW 이하
D70: 10,000~20,000kW 이하 | E70: 331259.83 | F70: 0 | G70: 11000 | H70: 0 | I70: 0 | J70: 0 | K70: 0 | L70: 0 | M70: 0 | N70: 0 | O70: 30589 | P70: 0 | Q70: 27060.4 | R70: 59600.16 | S70: 203010.27 | T70: 0 | U70: 0 | V70: 0 | X70: 10,000~20,000kW 이하
D71: 20,000kW 초과 | E71: 1551589.1 | F71: 0 | G71: 0 | H71: 0 | I71: 0 | J71: 0 | K71: 0 | L71: 0 | M71: 0 | N71: 0 | O71: 0 | P71: 0 | Q71: 426915.44 | R71: 296986.99 | S71: 786214.65 | T71: 0 | U71: 41472 | V71: 0 | X71: 20,000kW 초과
C73: 주) 누적 보급용량은 각 연도별 신설, 증·감설, 해지를 반영한 용량임
C76: 4.3 풍력
C78: 구 분 | E78: 전국 | F78: 서울 | G78: 부산 | H78: 대구 | I78: 인천 | J78: 광주 | K78: 대전 | L78: 울산 | M78: 세종 | N78: 경기 | O78: 강원 | P78: 충북 | Q78: 충남 | R78: 전북 | S78: 전남 | T78: 경북 | U78: 경남 | V78: 제주 | W78: 구 분
E79: Total | F79: Seoul | G79: Busan | H79: Daegu | I79: Incheon | J79: Gwangju | K79: Daejeon | L79: Ulsan | M79: Sejong | N79: Gyeonggi | O79: Gangwon | P79: Chungbuk | Q79: Chungnam | R79: Jeonbuk | S79: Jeonnam | T79: Gyeongbuk | U79: Gyeongnam | V79: Jeju
C80: 2023년 에너지생산량(toe) | E80: 722687.41 | F80: 42.111639 | G80: 14.301136 | H80: 3520.2724 | I80: 5263.5379 | J80: 1.6073145 | K80: 80.365723 | L80: 3.8575547 | M80: 0 | N80: 727.24938 | O80: 204691.66 | P80: 15.269487 | Q80: 158.94937 | R80: 30601.306 | S80: 137208.24 | T80: 198949.17 | U80: 31365.35 | V80: 110044.16 | W80: 2023년 에너지생산량(toe)
C81: 2023년 발전량(MWh) | E81: 3392164.9 | F81: 183.89362 | G81: 62.804963 | H81: 16525.345 | I81: 24693.256 | J81: 7.0188405 | K81: 350.94202 | L81: 16.845217 | M81: 0 | N81: 3409.0954 | O81: 960840.82 | P81: 66.678984 | Q81: 736.15017 | R81: 143664.15 | S81: 643958.36 | T81: 933977.63 | U81: 147145.12 | V81: 516526.82 | W81: 2023년 발전량(MWh)
C82: 2023년 누적 보급용량(kW) | E82: 2164719.5 | F82: 104.8 | G82: 44.9 | H82: 11563.32 | I82: 49138 | J82: 4 | K82: 200 | L82: 1659.6 | M82: 0 | N82: 5310.61 | O82: 529131 | P82: 38 | Q82: 2094.6 | R82: 82530 | S82: 456481.8 | T82: 515775 | U82: 87020.9 | V82: 423623 | W82: 2023년 누적 보급용량(kW)
C84: 최근 3년간 신규 보급용량(kW) | W84: 최근 3년간 신규 보급용량(kW)
D85: '23 | E85: 219164 | F85: 0 | G85: 4 | H85: 0 | I85: 0 | J85: 0 | K85: 0 | L85: 0 | M85: 0 | N85: 0 | O85: 8480 | P85: 0 | Q85: 0 | R85: 0 | S85: 29400 | T85: 60200 | U85: 0 | V85: 121080 | X85: '23
D86: '22 | E86: 237595 | F86: 0 | G86: 0 | H86: 0 | I86: 3 | J86: 0 | K86: 0 | L86: 0 | M86: 0 | N86: 0 | O86: 68730 | P86: 0 | Q86: 40 | R86: 3 | S86: 79523 | T86: 47700 | U86: 40180 | V86: 1416 | X86: '22
D87: '21 | E87: 63729.11 | F87: 0.8 | G87: 0 | H87: 0 | I87: 40 | J87: 3 | K87: 0 | L87: 3 | M87: 0 | N87: 4.61 | O87: 45620 | P87: 24 | Q87: 0 | R87: 3 | S87: 18012 | T87: 10.2 | U87: 0.5 | V87: 8 | X87: '21
C89: 2023년 용도별 누적 보급용량(kW) | E89: 2164719.5 | F89: 104.8 | G89: 44.9 | H89: 11563.32 | I89: 49138 | J89: 4 | K89: 200 | L89: 1659.6 | M89: 0 | N89: 5310.61 | O89: 529131 | P89: 38 | Q89: 2094.6 | R89: 82530 | S89: 456481.8 | T89: 515775 | U89: 87020.9 | V89: 423623 | W89: 2023년 용도별 누적 보급용량(kW)
D90: 가정용 | E90: 1170.41 | F90: 4.8 | G90: 4.8 | H90: 0 | I90: 3 | J90: 3 | K90: 0 | L90: 7.8 | M90: 0 | N90: 16.01 | O90: 27 | P90: 9 | Q90: 18.6 | R90: 15 | S90: 491.4 | T90: 19 | U90: 30 | V90: 521 | X90: 가정용
D91: 공공시설 | E91: 4431.22 | F91: 0 | G91: 25.1 | H91: 6.32 | I91: 74 | J91: 0 | K91: 0 | L91: 0 | M91: 0 | N91: 10 | O91: 254 | P91: 24 | Q91: 30 | R91: 3007 | S91: 810.9 | T91: 26.4 | U91: 9.5 | V91: 154 | X91: 공공시설
D92: 교육시설 | E92: 61.8 | F92: 0 | G92: 3 | H92: 0 | I92: 0 | J92: 1 | K92: 0 | L92: 0.8 | M92: 0 | N92: 1 | O92: 1 | P92: 1 | Q92: 0 | R92: 1 | S92: 19 | T92: 34 | U92: 0 | V92: 0 | X92: 교육시설
D93: 사회복지시설 | E93: 60 | F93: 0 | G93: 0 | H93: 0 | I93: 0 | J93: 0 | K93: 0 | L93: 0 | M93: 0 | N93: 0 | O93: 0 | P93: 0 | Q93: 40 | R93: 0 | S93: 20 | T93: 0 | U93: 0 | V93: 0 | X93: 사회복지시설
D94: 산업시설 | E94: 412 | F94: 0 | G94: 0 | H94: 7 | I94: 20 | J94: 0 | K94: 0 | L94: 0 | M94: 0 | N94: 10 | O94: 91 | P94: 0 | Q94: 0 | R94: 0 | S94: 24 | T94: 238.6 | U94: 13.4 | V94: 8 | X94: 산업시설
D95: 상업시설 | E95: 87 | F95: 0 | G95: 0 | H95: 0 | I95: 1 | J95: 0 | K95: 0 | L95: 0 | M95: 0 | N95: 1 | O95: 19 | P95: 4 | Q95: 6 | R95: 4 | S95: 20 | T95: 2 | U95: 20 | V95: 10 | X95: 상업시설
D96: 발전사업용 | E96: 2151064 | F96: 0 | G96: 12 | H96: 11550 | I96: 49000 | J96: 0 | K96: 0 | L96: 1650 | M96: 0 | N96: 5271 | O96: 527900 | P96: 0 | Q96: 2000 | R96: 79500 | S96: 454875 | T96: 515350 | U96: 86186 | V96: 417770 | X96: 발전사업용
D97: 기타 | E97: 7433.1 | F97: 100 | G97: 0 | H97: 0 | I97: 40 | J97: 0 | K97: 200 | L97: 1 | M97: 0 | N97: 1.6 | O97: 839 | P97: 0 | Q97: 0 | R97: 3 | S97: 221.5 | T97: 105 | U97: 762 | V97: 5160 | X97: 기타
C99: 2023년 용량별 누적 보급용량(kW) | E99: 2164719.5 | F99: 104.8 | G99: 44.9 | H99: 11563.32 | I99: 49138 | J99: 4 | K99: 200 | L99: 1659.6 | M99: 0 | N99: 5310.61 | O99: 529131 | P99: 38 | Q99: 2094.6 | R99: 82530 | S99: 456481.8 | T99: 515775 | U99: 87020.9 | V99: 423623 | W99: 2023년 용량별 누적 보급용량(kW)
D100: 1kW 이하 | E100: 34.41 | F100: 1.8 | G100: 0 | H100: 1 | I100: 2 | J100: 1 | K100: 0 | L100: 1.8 | M100: 0 | N100: 4.01 | O100: 4 | P100: 1 | Q100: 1 | R100: 3 | S100: 3.5 | T100: 5.8 | U100: 2.5 | V100: 2 | X100: 1kW 이하
D101: 1~3kW 이하 | E101: 298.8 | F101: 3 | G101: 14.9 | H101: 0 | I101: 3 | J101: 3 | K101: 0 | L101: 7.8 | M101: 0 | N101: 15.6 | O101: 27 | P101: 9 | Q101: 23.6 | R101: 21 | S101: 66.9 | T101: 23.6 | U101: 41.4 | V101: 39 | X101: 1~3kW 이하
D102: 3~10kW 이하 | E102: 258.92 | F102: 0 | G102: 0 | H102: 12.32 | I102: 0 | J102: 0 | K102: 0 | L102: 0 | M102: 0 | N102: 20 | O102: 52 | P102: 4 | Q102: 10 | R102: 6 | S102: 42 | T102: 38.6 | U102: 27 | V102: 47 | X102: 3~10kW 이하
D103: 10~50kW 이하 | E103: 797.4 | F103: 0 | G103: 30 | H103: 0 | I103: 133 | J103: 0 | K103: 0 | L103: 0 | M103: 0 | N103: 21 | O103: 238 | P103: 24 | Q103: 60 | R103: 0 | S103: 174.4 | T103: 32 | U103: 20 | V103: 65 | X103: 10~50kW 이하
D104: 50~100kW 이하 | E104: 760 | F104: 100 | G104: 0 | H104: 0 | I104: 0 | J104: 0 | K104: 200 | L104: 0 | M104: 0 | N104: 0 | O104: 160 | P104: 0 | Q104: 0 | R104: 0 | S104: 0 | T104: 100 | U104: 0 | V104: 200 | X104: 50~100kW 이하
D105: 100~500kW 이하 | E105: 1295 | F105: 0 | G105: 0 | H105: 0 | I105: 0 | J105: 0 | K105: 0 | L105: 0 | M105: 0 | N105: 0 | O105: 0 | P105: 0 | Q105: 0 | R105: 0 | S105: 570 | T105: 225 | U105: 0 | V105: 500 | X105: 100~500kW 이하
D106: 500~1,000kW 이하 | E106: 4410 | F106: 0 | G106: 0 | H106: 0 | I106: 0 | J106: 0 | K106: 0 | L106: 0 | M106: 0 | N106: 0 | O106: 750 | P106: 0 | Q106: 0 | R106: 0 | S106: 750 | T106: 0 | U106: 1500 | V106: 1410 | X106: 500~1,000kW 이하
D107: 1,000~5,000kW 이하 | E107: 153410 | F107: 0 | G107: 0 | H107: 0 | I107: 3000 | J107: 0 | K107: 0 | L107: 1650 | M107: 0 | N107: 5250 | O107: 48500 | P107: 0 | Q107: 2000 | R107: 14600 | S107: 23550 | T107: 9200 | U107: 5080 | V107: 40580 | X107: 1,000~5,000kW 이하
D108: 5,000~10,000kW 이하 | E108: 62100 | F108: 0 | G108: 0 | H108: 0 | I108: 0 | J108: 0 | K108: 0 | L108: 0 | M108: 0 | N108: 0 | O108: 5100 | P108: 0 | Q108: 0 | R108: 7900 | S108: 17000 | T108: 14100 | U108: 10000 | V108: 8000 | X108: 5,000~10,000kW 이하
D109: 10,000~20,000kW 이하 | E109: 703625 | F109: 0 | G109: 0 | H109: 11550 | I109: 0 | J109: 0 | K109: 0 | L109: 0 | M109: 0 | N109: 0 | O109: 193800 | P109: 0 | Q109: 0 | R109: 0 | S109: 225425 | T109: 94800 | U109: 70350 | V109: 107700 | X109: 10,000~20,000kW 이하
D110: 20,000kW 초과 | E110: 1237730 | F110: 0 | G110: 0 | H110: 0 | I110: 46000 | J110: 0 | K110: 0 | L110: 0 | M110: 0 | N110: 0 | O110: 280500 | P110: 0 | Q110: 0 | R110: 60000 | S110: 188900 | T110: 397250 | U110: 0 | V110: 265080 | X110: 20,000kW 초과
C112: 주) 누적 보급용량은 각 연도별 신설, 증·감설, 해지를 반영한 용량임
C115: 4.4 수력
C117: 구 분 | E117: 전국 | F117: 서울 | G117: 부산 | H117: 대구 | I117: 인천 | J117: 광주 | K117: 대전 | L117: 울산 | M117: 세종 | N117: 경기 | O117: 강원 | P117: 충북 | Q117: 충남 | R117: 전북 | S117: 전남 | T117: 경북 | U117: 경남 | V117: 제주 | W117: 구 분
E118: Total | F118: Seoul | G118: Busan | H118: Daegu | I118: Incheon | J118: Gwangju | K118: Daejeon | L118: Ulsan | M118: Sejong | N118: Gyeonggi | O118: Gangwon | P118: Chungbuk | Q118: Chungnam | R118: Jeonbuk | S118: Jeonnam | T118: Gyeongbuk | U118: Gyeongnam | V118: Jeju
C119: 2023년 에너지생산량(toe) | E119: =SUM(F119:V119) -> 791963.29 | F119: 71.113884 | G119: 28.661596 | H119: 2989.1245 | I119: 2873.6913 | J119: 1071.058 | K119: 49.662085 | L119: 220.88377 | M119: 0 | N119: 158382.72 | O119: 201573.68 | P119: 213455.59 | Q119: 11619.718 | R119: 53863.181 | S119: 17024.843 | T119: 64705.719 | U119: 63419.446 | V119: 614.19338 | W119: 2023년 에너지생산량(toe)
C120: 2023년 발전량(MWh) | E120: =SUM(F120:V120) -> 3718015.4 | F120: 333.868 | G120: 127.42 | H120: 14033.448 | I120: 13476.636 | J120: 5028.4414 | K120: 216.865 | L120: 1037.013 | M120: 0 | N120: 743504.96 | O120: 946355.33 | P120: 1002138.9 | Q120: 54552.668 | R120: 252878.78 | S120: 79928.841 | T120: 303782.72 | U120: 297743.88 | V120: 2875.6276 | W120: 2023년 발전량(MWh)
C121: 2023년 누적 보급용량(kW) | E121: 1816585.4 | F121: 300 | G121: 120 | H121: 4060 | I121: 12919 | J121: 1830 | K121: 100 | L121: 300 | M121: 2310 | N121: 276619 | O121: 523595 | P121: 519007 | Q121: 32333 | R121: 80037 | S121: 37225 | T121: 179455 | U121: 145469 | V121: 906.4 | W121: 2023년 누적 보급용량(kW)
C123: 최근 3년간 신규 보급용량(kW) | W123: 최근 3년간 신규 보급용량(kW)
...

Sheet KOSIS
A1: # 도시지역 인구현황
A3: 소재지(시군구)별(1) | B3: 2023 | C3: 2023 | D3: 2023 | E3: 2023 | F3: 2023 | G3: 2023 | H3: 2023
A4: 소재지(시군구)별(1) | B4: 전체인구(A) (명) | C4: 용도지역기준 (명) | D4: 용도지역기준 (명) | E4: 행정구역기준 (명) | F4: 행정구역기준 (명) | G4: 도시지역 인구비율 (%) | H4: 도시지역 인구비율 (%)
A5: 소재지(시군구)별(1) | B5: 소계 | C5: 도시인구(B) | D5: 비도시인구(C=A-B) | E5: 도시인구(D) | F5: 농촌인구(E=A-D) | G5: 용도지역 인구기준(B/A*100) | H5: 행정구역 인구기준(D/A*100) | I5: urban rate | J5: rural rate
A6: 전국 | B6: 51325329 | C6: 47275100 | D6: 4050229 | E6: 46877443 | F6: 4447886 | G6: 92.11 | H6: 91.33 | I6: =G6/100 -> 0.9211 | J6: =1-I6 -> 0.0789
A7: 서울특별시 | B7: 9386034 | C7: 9386034 | D7: - | E7: 9386034 | F7: - | G7: 100 | H7: 100 | I7: =G7/100 -> 1 | J7: =1-I7 -> 0
A8: 부산광역시 | B8: 3293362 | C8: 3293362 | D8: - | E8: 3285679 | F8: 7683 | G8: 100 | H8: 99.77 | I8: =G8/100 -> 1 | J8: =1-I8 -> 0
A9: 대구광역시 | B9: 2374960 | C9: 2352173 | D9: 22787 | E9: 2329979 | F9: 44981 | G9: 99.04 | H9: 98.11 | I9: =G9/100 -> 0.9904 | J9: =1-I9 -> 0.0096
A10: 인천광역시 | B10: 2997410 | C10: 2930599 | D10: 66811 | E10: 2930327 | F10: 67083 | G10: 97.77 | H10: 97.76 | I10: =G10/100 -> 0.9777 | J10: =1-I10 -> 0.0223
A11: 광주광역시 | B11: 1419237 | C11: 1419237 | D11: - | E11: 1419237 | F11: - | G11: 100 | H11: 100 | I11: =G11/100 -> 1 | J11: =1-I11 -> 0
A12: 대전광역시 | B12: 1442216 | C12: 1442216 | D12: - | E12: 1442216 | F12: - | G12: 100 | H12: 100 | I12: =G12/100 -> 1 | J12: =1-I12 -> 0
A13: 울산광역시 | B13: 1103661 | C13: 1101810 | D13: 1851 | E13: 1070817 | F13: 32844 | G13: 99.83 | H13: 97.02 | I13: =G13/100 -> 0.9983 | J13: =1-I13 -> 0.0017
A14: 세종특별자치시 | B14: 386525 | C14: 351737 | D14: 34788 | E14: 343026 | F14: 43499 | G14: 91 | H14: 88.75 | I14: =G14/100 -> 0.91 | J14: =1-I14 -> 0.09
A15: 경기도 | B15: 13630821 | C15: 12523221 | D15: 1107600 | E15: 12929995 | F15: 700826 | G15: 91.87 | H15: 94.86 | I15: =G15/100 -> 0.9187 | J15: =1-I15 -> 0.0813
A16: 강원도 | B16: 1527807 | C16: 1273158 | D16: 254649 | E16: 1171885 | F16: 355922 | G16: 83.33 | H16: 76.7 | I16: =G16/100 -> 0.8333 | J16: =1-I16 -> 0.1667
A17: 충청북도 | B17: 1593469 | C17: 1311268 | D17: 282201 | E17: 1274625 | F17: 318844 | G17: 82.29 | H17: 79.99 | I17: =G17/100 -> 0.8229 | J17: =1-I17 -> 0.1771
A18: 충청남도 | B18: 2130119 | C18: 1600511 | D18: 529608 | E18: 1498739 | F18: 631380 | G18: 75.14 | H18: 70.36 | I18: =G18/100 -> 0.7514 | J18: =1-I18 -> 0.2486
A19: 전라북도 | B19: 1754757 | C19: 1438807 | D19: 315950 | E19: 1400322 | F19: 354435 | G19: 81.99 | H19: 79.8 | I19: =G19/100 -> 0.8199 | J19: =1-I19 -> 0.1801
A20: 전라남도 | B20: 1804217 | C20: 1352944 | D20: 451273 | E20: 1220730 | F20: 583487 | G20: 74.99 | H20: 67.66 | I20: =G20/100 -> 0.7499 | J20: =1-I20 -> 0.2501
A21: 경상북도 | B21: 2554324 | C21: 2042020 | D21: 512304 | E21: 1971364 | F21: 582960 | G21: 79.94 | H21: 77.18 | I21: =G21/100 -> 0.7994 | J21: =1-I21 -> 0.2006
A22: 경상남도 | B22: 3251158 | C22: 2843389 | D22: 407769 | E22: 2565122 | F22: 686036 | G22: 87.46 | H22: 78.9 | I22: =G22/100 -> 0.8746 | J22: =1-I22 -> 0.1254
A23: 제주특별자치도 | B23: 675252 | C23: 612614 | D23: 62638 | E23: 637346 | F23: 37906 | G23: 90.72 | H23: 94.39 | I23: =G23/100 -> 0.9072 | J23: =1-I23 -> 0.0928
B24: Seoul | C24: Busan | D24: Daegu | E24: Incheon | F24: Gwangju | G24: Daejeon | H24: Ulsan | I24: Sejong | J24: Gyeonggi | K24: Gangwon | L24: Chungbuk | M24: Chungnam | N24: Jeonbuk | O24: Jeonnam | P24: Gyeongbuk | Q24: Gyeongnam | R24: Jeju
A25: urban rate | B25: =I7 -> 1 | C25: =I8 -> 1 | D25: =I9 -> 0.9904 | E25: =I10 -> 0.9777 | F25: =I11 -> 1 | G25: =I12 -> 1 | H25: =I13 -> 0.9983 | I25: =I14 -> 0.91 | J25: =I15 -> 0.9187 | K25: =I16 -> 0.8333 | L25: =I17 -> 0.8229 | M25: =I18 -> 0.7514 | N25: =I19 -> 0.8199 | O25: =I20 -> 0.7499 | P25: =I21 -> 0.7994 | Q25: =I22 -> 0.8746 | R25: =I23 -> 0.9072
A26: rural rate | B26: =J7 -> 0 | C26: =J8 -> 0 | D26: =J9 -> 0.0096 | E26: =J10 -> 0.0223 | F26: =J11 -> 0 | G26: =J12 -> 0 | H26: =J13 -> 0.0017 | I26: =J14 -> 0.09 | J26: =J15 -> 0.0813 | K26: =J16 -> 0.1667 | L26: =J17 -> 0.1771 | M26: =J18 -> 0.2486 | N26: =J19 -> 0.1801 | O26: =J20 -> 0.2501 | P26: =J21 -> 0.2006 | Q26: =J22 -> 0.1254 | R26: =J23 -> 0.0928

Sheet Calculations
C1: Start Year | E1: =About!A22 -> 2023 | F1: Generation Capacity (MW)
F2: residential | H2: commercial
F3: urban | G3: rural
E4: hard coal | F4: 0 | G4: 0 | H4: 0
E5: natural gas nonpeaker | F5: 0 | G5: 0 | H5: 0
E6: nuclear | F6: 0 | G6: 0 | H6: 0
E7: hydro | F7: =F45 -> 0 | G7: =F46 -> 0.09 | H7: =F47 -> 1.079
E8: onshore wind | F8: =F36 -> 0 | G8: =F37 -> 8.60351 | H8: =F38 -> 5.05202
E9: solar PV | F9: =F26 -> 2153.5205 | G9: =F27 -> 358.12386 | H9: =F28 -> 1335.4833
E10: solar thermal | F10: 0 | G10: 0 | H10: 0
E11: biomass | F11: 0 | G11: 0 | H11: 0
E12: geothermal | F12: 0 | G12: 0 | H12: 0
E13: petroleum | F13: 0 | G13: 0 | H13: 0
E14: natural gas peaker | F14: 0 | G14: 0 | H14: 0
E15: lignite | F15: 0 | G15: 0 | H15: 0
E16: offshore wind | F16: 0 | G16: 0 | H16: 0
E17: crude oil | F17: 0 | G17: 0 | H17: 0
E18: heavy or residual fuel oil | F18: 0 | G18: 0 | H18: 0
E19: municipal solid waste | F19: 0 | G19: 0 | H19: 0
E21: * We assumed red one is connected to grid, so it equals zero in BDEQ. ** BCEU deals with electricity conneted to grid
A22: # KNREC
A23: Solar PV
B24: Generation Capacity | F24: Generation Capacity | I24: generation capacity | J24: Seoul | K24: Busan | L24: Daegu | M24: Incheon | N24: Gwangju | O24: Daejeon | P24: Ulsan | Q24: Sejong | R24: Gyeonggi | S24: Gangwon | T24: Chungbuk | U24: Chungnam | V24: Jeonbuk | W24: Jeonnam | X24: Gyeongbuk | Y24: Gyeongnam | Z24: Jeju
A25: unit | B25: kW | E25: unit | F25: MW | I25: urban residential | J25: =(KNREC!F$51+KNREC!F$58)*KOSIS!B25 -> 127895.04 | K25: =(KNREC!G$51+KNREC!G$58)*KOSIS!C25 -> 52411.482 | L25: =(KNREC!H$51+KNREC!H$58)*KOSIS!D25 -> 45453.504 | M25: =(KNREC!I$51+KNREC!I$58)*KOSIS!E25 -> 55839.723 | N25: =(KNREC!J$51+KNREC!J$58)*KOSIS!F25 -> 51166.001 | O25: =(KNREC!K$51+KNREC!K$58)*KOSIS!G25 -> 39268.276 | P25: =(KNREC!L$51+KNREC!L$58)*KOSIS!H25 -> 41245.149 | Q25: =(KNREC!M$51+KNREC!M$58)*KOSIS!I25 -> 16017.365 | ... Z25: =(KNREC!V$51+KNREC!V$58)*KOSIS!R25 -> 52026.056
A26: urban residential | B26: =SUM(J25:Z25) -> 2153520.5 | E26: urban residential | F26: =B26/1000 -> 2153.5205 | I26: rural residential | J26: =(KNREC!F$51+KNREC!F$58)*KOSIS!B26 -> 0 | K26: =(KNREC!G$51+KNREC!G$58)*KOSIS!C26 -> 0 | L26: =(KNREC!H$51+KNREC!H$58)*KOSIS!D26 -> 440.58324 | M26: =(KNREC!I$51+KNREC!I$58)*KOSIS!E26 -> 1273.6277 | N26: =(KNREC!J$51+KNREC!J$58)*KOSIS!F26 -> 0 | O26: =(KNREC!K$51+KNREC!K$58)*KOSIS!G26 -> 0 | P26: =(KNREC!L$51+KNREC!L$58)*KOSIS!H26 -> 70.236155 | Q26: =(KNREC!M$51+KNREC!M$58)*KOSIS!I26 -> 1584.135 | ... Z26: =(KNREC!V$51+KNREC!V$58)*KOSIS!R26 -> 5321.8893
A27: rural residential | B27: =SUM(J26:Z26) -> 358123.86 | E27: rural residential | F27: =B27/1000 -> 358.12386 | I27: commercial | J27: =SUM(KNREC!F$52:F$56) -> 75018.303 | K27: =SUM(KNREC!G$52:G$56) -> 56428.561 | L27: =SUM(KNREC!H$52:H$56) -> 57722.056 | M27: =SUM(KNREC!I$52:I$56) -> 71891.926 | N27: =SUM(KNREC!J$52:J$56) -> 34804.417 | O27: =SUM(KNREC!K$52:K$56) -> 38988.456 | P27: =SUM(KNREC!L$52:L$56) -> 21266.027 | Q27: =SUM(KNREC!M$52:M$56) -> 19529.885 | ... Z27: =SUM(KNREC!V$52:V$56) -> 37082.317
A28: commercial | B28: =SUM(J27:Z27) -> 1335483.3 | E28: commercial | F28: =B28/1000 -> 1335.4833
E30: Capacity factor(%) | F30: =KNREC!E42*1000/(KNREC!E43*365*24)*100 -> 13.534297
E31: * calculation formula : "Energy Output" = "Generating Capacity" * (365days) * (24hours) * Capacity factor(%)/100
A33: Wind | B33: * Assumed '풍력'(in korean) has only onshore wind power
B34: Generation Capacity | F34: Generation Capacity
A35: unit | B35: kW | E35: unit | F35: MW
A36: urban residential | B36: =(KNREC!E90+KNREC!E97)*Calculations!F39 -> 0 | E36: urban residential | F36: =B36/1000 -> 0
A37: rural residential | B37: =(KNREC!E90+KNREC!E97)*(1-Calculations!F39) -> 8603.51 | E37: rural residential | F37: =B37/1000 -> 8.60351
A38: commercial | B38: =SUM(KNREC!E91:E95) -> 5052.02 | E38: commercial | F38: =B38/1000 -> 5.05202
E39: Urban population rate (2019) | F39: =0 -> 0 | G39: * Assumed urban rate of Wind turbine 0
E40: Capacity factor(%) | F40: =KNREC!E81*1000/(KNREC!E82*365*24)*100 -> 17.888388 | G40: ** calculation formula : "Energy Output" = "Generating Capacity" * (365days) * (24hours) * Capacity factor(%)/100
A42: Hydro
B43: Generation Capacity | F43: Generation Capacity
A44: unit | B44: kW | E44: unit | F44: MW
A45: urban residential | B45: =(KNREC!E129+KNREC!E136)*Calculations!F48 -> 0 | E45: urban residential | F45: =B45/1000 -> 0
A46: rural residential | B46: =(KNREC!E129+KNREC!E136)*(1-Calculations!F48) -> 90 | E46: rural residential | F46: =B46/1000 -> 0.09
A47: commercial | B47: =SUM(KNREC!E130:E134) -> 1079 | E47: commercial | F47: =B47/1000 -> 1.079
E48: Urban population rate (2019) | F48: =0 -> 0 | G48: * Assumed urban rate of Hydro energy 0
E49: Capacity factor(%) | F49: =KNREC!E120*1000/(KNREC!E121*365*24)*100 -> 23.364219 | G49: ** calculation formula : "Energy Output" = "Generating Capacity" * (365days) * (24hours) * Capacity factor(%)/100

Sheet SYDEC
A1: MW | B1: urban residential | C1: rural residential | D1: commercial
A2: hard coal | B2: =Calculations!F4 -> 0 | C2: =Calculations!G4 -> 0 | D2: =Calculations!H4 -> 0
A3: natural gas steam turbine | B3: =Calculations!F5 -> 0 | C3: =Calculations!G5 -> 0 | D3: =Calculations!H5 -> 0
A4: natural gas combined cycle | B4: 0 | C4: 0 | D4: 0
A5: nuclear | B5: =Calculations!F6 -> 0 | C5: =Calculations!G6 -> 0 | D5: =Calculations!H6 -> 0
A6: hydro | B6: =Calculations!F7 -> 0 | C6: =Calculations!G7 -> 0.09 | D6: =Calculations!H7 -> 1.079
A7: onshore wind | B7: =Calculations!F8 -> 0 | C7: =Calculations!G8 -> 8.60351 | D7: =Calculations!H8 -> 5.05202
A8: solar PV | B8: =Calculations!F9 -> 2153.5205 | C8: =Calculations!G9 -> 358.12386 | D8: =Calculations!H9 -> 1335.4833
A9: solar thermal | B9: =Calculations!F10 -> 0 | C9: =Calculations!G10 -> 0 | D9: =Calculations!H10 -> 0
A10: biomass | B10: =Calculations!F11 -> 0 | C10: =Calculations!G11 -> 0 | D10: =Calculations!H11 -> 0
A11: geothermal | B11: =Calculations!F12 -> 0 | C11: =Calculations!G12 -> 0 | D11: =Calculations!H12 -> 0
A12: petroleum | B12: =Calculations!F13 -> 0 | C12: =Calculations!G13 -> 0 | D12: =Calculations!H13 -> 0
A13: natural gas peaker | B13: =Calculations!F14 -> 0 | C13: =Calculations!G14 -> 0 | D13: =Calculations!H14 -> 0
A14: lignite | B14: =Calculations!F15 -> 0 | C14: =Calculations!G15 -> 0 | D14: =Calculations!H15 -> 0
A15: offshore wind | B15: =Calculations!F16 -> 0 | C15: =Calculations!G16 -> 0 | D15: =Calculations!H16 -> 0
A16: crude oil | B16: =Calculations!F17 -> 0 | C16: =Calculations!G17 -> 0 | D16: =Calculations!H17 -> 0
... A18: municipal solid waste | B18: =Calculations!F19 -> 0 | C18: =Calculations!G19 -> 0 | D18: =Calculations!H19 -> 0
A19: hard coal w CCS | B19: 0 | C19: 0 | D19: 0
A20: natural gas combined cycle w CCS | B20: 0 | C20: 0 | D20: 0
A21: biomass w CCS | B21: 0 | C21: 0 | D21: 0
A22: lignite w CCS | B22: 0 | C22: 0 | D22: 0
A23: small modular reactor | B23: 0 | C23: 0 | D23: 0
A24: hydrogen combustion turbine | B24: 0 | C24: 0 | D24: 0
A25: hydrogen combined cycle | B25: 0 | C25: 0 | D25: 0
