Workbook
Name gigawatts_to_megawatts: About!$B$15

Sheet About
A1: BPHC BAU Pumped Hydro Capacity
A3: Source: | B3: Capacities by Plant Type(2019~2023)
B4: KPX
B5: 2021
B6: KPX Data from 2012 until 2020
B7: http://epsis.kpx.or.kr/epsisnew/selectEkpoBftChart.do?menuId=020100&locale=eng
B10: Capacities by Plant Type(2024~2038)
B11: 11th Basic Plan for Electricity Supply and Demand
B12: 2025
B13: Ministry of Trade, Industry and Energy
A15: Notes
A16: Start year | B16: 2019
A19: Reflects the pumped-storage hydro capacity plan from the 11th Basic Plan for Electricity Supply and Demand (Ministry of Trade, Industry and Energy, 2025).
A20: Assumes KPX EPSIS actual levels are maintained for 2020-2029, the 11th Plan figures for 2030-2038, and the plan's endpoint (10,400 MW) held constant for 2039-2050.

Sheet KPX
A1: Period | B1: nuclear | C1: hard coal | D1: hard coal | E1: petroleum | F1: natural gas nonpeaker | G1: PHS | H1: fuel cell | I1: hard coal | J1: solar PV | K1: onshore wind | L1: hydro | M1: marine | N1: biomass | O1: municipal solid waste | P1: others | Q1: Total
A2: 2020 | B2: 23250 | C2: 36453.38 | D2: 400 | E2: 2247.03 | F2: 41169.77 | G2: 4700 | H2: 604.71 | I2: 346.33 | J2: 14574.79 | K2: 1635.8 | L2: 1805.77 | M2: 255.5 | N2: 1321.99 | O2: 0 | P2: 426.2 | Q2: 129191.27
A3: 2019 | B3: 23250 | C3: 36391.78 | D3: 600 | E3: 3771.04 | F3: 39655.4 | G3: 4700 | H3: 464.15 | I3: 346.33 | J3: 10505.1 | K3: 1512.22 | L3: 1808.1 | M3: 255.5 | N3: 899.65 | O3: 0 | P3: 1178.39 | Q3: 125337.67
A4: 2018 | B4: 21850 | C4: 36298.74 | D4: 600 | E4: 4318.62 | F4: 37834.39 | G4: 4700 | H4: 343.69 | I4: 346.33 | J4: 7129.86 | K4: 1420.33 | L4: 1790.41 | M4: 255 | N4: 537.66 | O4: 1589.94 | P4: 76.7 | Q4: 119091.66
A5: 2017 | B5: 22528.68 | C5: 36097.8 | D5: 600 | E5: 4150.57 | F5: 37832.7 | G5: 4700 | H5: 246.9 | I5: 346.33 | J5: 5062.31 | K5: 1214.82 | L5: 1789.46 | M5: 255.11 | N5: 494.42 | O5: 1567.03 | P5: 21.51 | Q5: 116907.64
A6: 2016 | B6: 23115.68 | C6: 30898.42 | D6: 1125 | E6: 4140.54 | F6: 32602.1 | G6: 4700 | H6: 214.82 | I6: 346.33 | J6: 3716.32 | K6: 1051.01 | L6: 1785.21 | M6: 255.11 | N6: 353.26 | O6: 1561.76 | P6: 0 | Q6: 105865.56
A7: 2015 | B7: 21715.68 | C7: 26201.91 | D7: 1125 | E7: 4242.59 | F7: 32243.5 | G7: 4700 | H7: 171.4 | I7: 0 | J7: 2537.56 | K7: 834.42 | L7: 1770.71 | M7: 255 | N7: 244.89 | O7: 1606.1 | P7: 0 | Q7: 97648.76
A8: 2014 | B8: 20715.68 | C8: 25910.51 | D8: 1125 | E8: 4254.99 | F8: 30268.69 | G8: 4700 | H8: 161.4 | I8: 0 | J8: 1791.18 | K8: 603.97 | L8: 1766.94 | M8: 255 | N8: 137.48 | O8: 1524.91 | P8: 0 | Q8: 93215.75
A9: 2013 | B9: 20715.68 | C9: 24110.51 | D9: 1125 | E9: 5254.99 | F9: 25789.59 | G9: 4700 | H9: 126.66 | I9: 0 | J9: 1079.85 | K9: 554.59 | L9: 1754.46 | M9: 255 | N9: 126.68 | O9: 1375.92 | P9: 0 | Q9: 86968.94
A10: 2012 | B10: 20715.68 | C10: 24003.11 | D10: 1125 | E10: 5292.64 | F10: 21885.06 | G10: 4700 | H10: 56.1 | I10: 0 | J10: 690.27 | K10: 476.74 | L10: 1746.03 | M10: 255 | N10: 93.37 | O10: 766.57 | P10: 0 | Q10: 81805.58

Sheet 제11차 전기본
A1: 전원구성 전망 - 양수 (단위: GW)
A3: 구분 | B3: 2023 | C3: 2024 | D3: 2025 | E3: 2026 | F3: 2027 | G3: 2028 | H3: 2029 | I3: 2030 | J3: 2031 | K3: 2032 | L3: 2033 | M3: 2034 | N3: 2035 | O3: 2036 | P3: 2037 | Q3: 2038
A4: 양수(GW) | B4: 4.7 | C4: 4.7 | D4: 4.7 | E4: 4.7 | F4: 4.7 | G4: 4.7 | H4: 4.7 | I4: 5.2 | J4: 5.2 | K4: 5.8 | L4: 6.5 | M4: 7.9 | N4: 7.9 | O4: 9.4 | P4: 10.4 | Q4: 10.4

Sheet BPHC
A1: Year | B1: 2020 | C1: 2021 | D1: 2022 | E1: 2023 | F1: 2024 | G1: 2025 | H1: 2026 | I1: 2027 | J1: 2028 | K1: 2029 | L1: 2030 | M1: 2031 | N1: 2032 | O1: 2033 | P1: 2034 | Q1: 2035 | R1: 2036 | S1: 2037 | T1: 2038 | U1: 2039 | V1: 2040 | W1: 2041 | X1: 2042 | Y1: 2043 | Z1: 2044 | AA1: 2045 | AB1: 2046 | AC1: 2047 | AD1: 2048 | AE1: 2049 | AF1: 2050
A2: Pumped Storage Capacity (MW) | B2: =KPX!G2 -> 4700 | C2: =B2 -> 4700 | D2: =C2 -> 4700 | E2: ='제11차 전기본'!B4*1000 -> 4700 | F2: ='제11차 전기본'!C4*1000 -> 4700 | G2: ='제11차 전기본'!D4*1000 -> 4700 | H2: ='제11차 전기본'!E4*1000 -> 4700 | I2: ='제11차 전기본'!F4*1000 -> 4700 | J2: ='제11차 전기본'!G4*1000 -> 4700 | K2: ='제11차 전기본'!H4*1000 -> 4700 | L2: ='제11차 전기본'!I4*1000 -> 5200 | ... T2: ='제11차 전기본'!Q4*1000 -> 10400 | U2: =T2 -> 10400 | V2: =U2 -> 10400 | W2: =V2 -> 10400 | X2: =W2 -> 10400 | Y2: =X2 -> 10400 | Z2: =Y2 -> 10400 | AA2: =Z2 -> 10400 | AB2: =AA2 -> 10400 | ... AF2: =AE2 -> 10400
