Workbook

Sheet About
A1: CRbQ Capacity Retirements before Quantization
A3: Sources: | B3: 2019 and 2020 Retirements | F3: Plant capacity & starting year (For estimation of future retirements)
B4: KPX | F4: EPSIS
B5: 2019~2020 | F5: 2019
B6: Generation capacity by fuel | F6: Detailed information of power generators
B7: http://epsis.kpx.or.kr/epsisnew/selectEkpoBftChart.do?menuId=020100 | F7: http://epsis.kpx.or.kr/epsisnew/selectEkfaFclDtlChart.do?menuId=020600
B9: KOSIS
B10: 2019~2020
B11: Annual generation capacity changes by fuel
B12: https://kosis.kr/statHtml/statHtml.do?orgId=388&tblId=TX_38803_A009&conn_path=I2
B14: KOSIS
B15: 2020
B16: Generation capacity by generator
B17: https://kosis.kr/statHtml/statHtml.do?orgId=388&tblId=TX_38803_A004
B19: 2021-2050 Retirements
B20: MOTIE
B21: 2021~3024
B22: 9th Basic electricity supply plan
B23: https://www.etrans.or.kr/lib/gen_download.php?file_name=%EC%A0%9C9%EC%B0%A8%EC%A0%84%EB%A0%A5%EC%88%98%EA%B8%89%EA%B8%B0%EB%B3%B8%EA%B3%84%ED%9A%8D.pdf
B24: p.86) 7. Generation share forecast (capacity)
B26: 2024-2050 Retirements
B27: MOTIE
B28: 2024~2036
B29: 10th Basic electricity supply plan
... B31: p.88) 7. Generation share forecast (capacity)
A32: Notes
A33: This variable represents BAU planned capacity retirements.
A34: Generation capacities currently under contruction are not included
A35: We assumed the life span of power plants as 30 years
A38: Quantization
A39: The EPS retires (and builds) power plants in increments of the minimum power plant size,
A40: specified in elec/MPPC. If the BAU retirements you get when running the model do not
A41: match those specified in this variable, this may be because your values here are not
A42: even multiples of the values in elec/MPPC. If you wish to ensure your retirement schedule
A43: is followed precisely, make sure that retirements specified here are even multiples of the
A44: values in elec/MPPC. You can reduce the values in elec/MPPC if helpful.
A46: * For Quantization, we used EI's original MPPC data (EPS 3.3)

Sheet 19-20 Retirements
A1: # KPX - Electricity Capacity by Source | E1: (MW)
A3: 기간 | B3: 회원구분 | C3: 급전방식 | D3: 사업구분 | E3: 지역 | F3: 원자력 | G3: 유연탄 | H3: 무연탄 | I3: 유류 | J3: LNG | K3: 양수 | L3: 신재생 | T3: 기타 | U3: 합계
L4: 연료전지 | M4: 석탄가스화 | N4: 태양 | O4: 풍력 | P4: 수력 | Q4: 해양 | R4: 바이오 | S4: 폐기물
A5: 2020 | B5: 합계 | C5: 합계 | D5: 합계 | E5: 합계 | F5: 23250 | G5: 36453.382 | H5: 400 | I5: 2247.025 | J5: 41169.767 | K5: 4700 | L5: 604.714 | M5: 346.33 | N5: 14574.791 | O5: 1635.8024 | P5: 1805.7684 | Q5: 255.5 | R5: 1321.988 | S5: 0 | T5: 426.204 | U5: 129191.27
A6: 2019 | B6: 합계 | C6: 합계 | D6: 합계 | E6: 합계 | F6: 23250 | G6: 36391.782 | H6: 600 | I6: 3771.04 | J6: 39655.4 | K6: 4700 | L6: 464.146 | M6: 346.33 | N6: 10505.102 | O6: 1512.2214 | P6: 1808.1034 | Q6: 255.5 | R6: 899.651 | S6: 0 | T6: 1178.392 | U6: 125337.67
G7: * 유연탄 and 무연탄 is categorized as hard coal
G8: ** Assumed all Wind turbines are onshore wind
A10: # KOSIS - Electricity Capacity by Plant → Data for Oils
A12: 발전기별(1) | B12: 발전기별(2) | C12: 발전기별(3) | D12: 발전기별(4) | E12: 발전기별(5) | F12: 2019 | G12: 2019 | H12: 2019 | I12: 2020 | J12: 2020 | K12: 2020 | M12: kW | N12: 2019 | O12: 2020 | Q12: MW | R12: 2019 | S12: 2020 | U12: Subtract | W12: Retirements of 2020
A13: 발전기별(1) | B13: 발전기별(2) | C13: 발전기별(3) | D13: 발전기별(4) | E13: 발전기별(5) | F13: 단위용량 (kW) | G13: 대수 (대) | H13: 용량합계 (kW) | I13: 단위용량 (kW) | J13: 대수 (대) | K13: 용량합계 (kW) | M13: petroleum | N13: =H59+H162 -> 820140 | O13: =K59+K162 -> 707725 | Q13: hard coal | R13: =G6+H6 -> 36991.782 | S13: =G5+H5 -> 36853.382 | U13: =S13-R13 -> -138.4 | W13: =IF(U13<0,-U13,0) -> 138.4
A14: 총계 | B14: 합계 | C14: 소계 | D14: 소계 | E14: 소계 | F14: - | G14: 519 | H14: 99237238 | I14: - | J14: 518 | K14: 99089190 | M14: heavy oil | N14: =H20+H161 -> 2680000 | O14: =K20+K161 -> 1280000 | Q14: natural gas nonpeaker | R14: =J6 -> 39655.4 | S14: =J5 -> 41169.767 | U14: =S14-R14 -> 1514.367 | W14: =IF(U14<0,-U14,0) -> 0
B15: 본계통 | C15: 소계 | D15: 소계 | E15: 소계 | F15: - | G15: 295 | H15: 98583531 | I15: - | J15: 294 | K15: 98433531 | Q15: nuclear | R15: =F6 -> 23250 | S15: =F5 -> 23250 | U15: =S15-R15 -> 0 | W15: =IF(U15<0,-U15,0) -> 0
B16: 도서 | C16: 소계 | D16: 소계 | E16: 소계 | F16: - | G16: 224 | H16: 653707 | I16: - | J16: 224 | K16: 655659 | M16: MW | N16: 2019 | O16: 2020 | Q16: hydro | R16: =P6 -> 1808.1034 | S16: =P5 -> 1805.7684 | U16: =S16-R16 -> -2.335 | W16: =IF(U16<0,-U16,0) -> 2.335
A17: 기력 | B17: 합계 | C17: 소계 | D17: 소계 | E17: 소계 | F17: - | G17: 68 | H17: 38100658 | I17: - | J17: 67 | K17: 37950658 | M17: petroleum | N17: =N13/1000 -> 820.14 | O17: =O13/1000 -> 707.725 | Q17: onshore wind | R17: =O6 -> 1512.2214 | S17: =O5 -> 1635.8024 | U17: =S17-R17 -> 123.581 | W17: =IF(U17<0,-U17,0) -> 0
C18: 유연탄 | D18: 소계 | E18: 소계 | F18: - | G18: 58 | H18: 34900658 | I18: - | J18: 58 | K18: 34950658 | M18: heavy oil | N18: =N14/1000 -> 2680 | O18: =O14/1000 -> 1280 | Q18: solar pv | R18: =N6 -> 10505.102 | S18: =N5 -> 14574.791 | U18: =S18-R18 -> 4069.6897 | W18: =IF(U18<0,-U18,0) -> 0
C19: 무연탄 | D19: 소계 | E19: 소계 | F19: - | G19: 3 | H19: 600000 | I19: - | J19: 2 | K19: 400000 | Q19: solar thermal | R19: 0 | S19: 0 | U19: 0 | W19: 0
C20: 중유 | D20: 소계 | E20: 소계 | F20: - | G20: 7 | H20: 2600000 | I20: - | J20: 3 | K20: 1200000 | M20: total | N20: =N17+N18 -> 3500.14 | O20: =O17+O18 -> 1987.725 | Q20: biomass | R20: =R6 -> 899.651 | S20: =R5 -> 1321.988 | U20: =S20-R20 -> 422.337 | W20: =IF(U20<0,-U20,0) -> 0
C21: LNG | D21: 소계 | E21: 소계 | F21: - | G21: 0 | H21: 0 | I21: - | J21: 4 | K21: 1400000 | Q21: geothermal | R21: 0 | S21: 0 | U21: =S21-R21 -> 0 | W21: =IF(U21<0,-U21,0) -> 0
B22: 본계통 | C22: 소계 | D22: 소계 | E22: 소계 | F22: - | G22: 68 | H22: 38100658 | I22: - | J22: 67 | K22: 37950658 | Q22: petroleum | R22: =N17 -> 820.14 | S22: =O17 -> 707.725 | U22: =S22-R22 -> -112.415 | W22: =IF(U22<0,-U22,0) -> 112.415
C23: 중유 | D23: 소계 | E23: 소계 | F23: - | G23: 7 | H23: 2600000 | I23: - | J23: 3 | K23: 1200000 | Q23: natural gas peaker | R23: =0 -> 0 | S23: =0 -> 0 | U23: =S23-R23 -> 0 | W23: =IF(U23<0,-U23,0) -> 0
D24: 울산발전소(2) | E24: 소계 | F24: 400000 | G24: 3 | H24: 1200000 | I24: 400000 | J24: 3 | K24: 1200000 | Q24: lignite | R24: =0 -> 0 | S24: =0 -> 0 | U24: =S24-R24 -> 0 | W24: =IF(U24<0,-U24,0) -> 0
D25: 평택발전소 | E25: 소계 | F25: 350000 | G25: 4 | H25: 1400000 | I25: - | J25: - | K25: - | Q25: offshore wind | R25: =0 -> 0 | S25: =0 -> 0 | U25: =S25-R25 -> 0 | W25: =IF(U25<0,-U25,0) -> 0
C26: LNG | D26: 소계 | E26: 소계 | F26: - | G26: 0 | H26: 0 | I26: - | J26: 4 | K26: 1400000 | Q26: crude oil | R26: 0 | S26: 0 | U26: =S26-R26 -> 0 | W26: =IF(U26<0,-U26,0) -> 0
D27: 평택발전소 | E27: 소계 | F27: - | G27: - | H27: - | I27: 350000 | J27: 4 | K27: 1400000 | Q27: heavy or residual fuel oil | R27: =N18 -> 2680 | S27: =O18 -> 1280 | U27: =S27-R27 -> -1400 | W27: =IF(U27<0,-U27,0) -> 1400
C28: 무연탄 | D28: 소계 | E28: 소계 | F28: - | G28: 3 | H28: 600000 | I28: - | J28: 2 | K28: 400000 | Q28: municipal solid waste | R28: =S6 -> 0 | S28: =S5 -> 0 | U28: =S28-R28 -> 0 | W28: =IF(U28<0,-U28,0) -> 0
D29: 영동발전소(2) | E29: 소계 | F29: 200000 | G29: 1 | H29: 200000 | I29: - | J29: - | K29: -
D30: 동해발전소 | E30: 소계 | F30: 200000 | G30: 2 | H30: 400000 | I30: 200000 | J30: 2 | K30: 400000 | Q30: * petroleum : 경유, heavy oil : 중유, crude oil : 해당없음 | V30: 2020 oils | W30: =S22+S26+S27 -> 1987.725
C31: 유연탄 | D31: 소계 | E31: 소계 | F31: - | G31: 58 | H31: 34900658 | I31: - | J31: 58 | K31: 34950658
D32: 호남발전소 | E32: 소계 | F32: 250000 | G32: 2 | H32: 500000 | I32: 250000 | J32: 2 | K32: 500000
D33: 삼천포발전소(1) | E33: 소계 | F33: 560000 | G33: 4 | H33: 2240000 | I33: 560000 | J33: 4 | K33: 2240000
D34: 삼천포발전소(2) | E34: 소계 | F34: 500000 | G34: 2 | H34: 1000000 | I34: 500000 | J34: 2 | K34: 1000000
D35: 보령발전소(1) | E35: 소계 | F35: 500000 | G35: 8 | H35: 4000000 | I35: 500000 | J35: 7 | K35: 3500000
D36: 보령발전소(2) | E36: 소계 | F36: - | G36: - | H36: - | I36: 550000 | J36: 1 | K36: 550000
D37: 태안발전소(1) | E37: 소계 | F37: 500000 | G37: 8 | H37: 4000000 | I37: 500000 | J37: 8 | K37: 4000000
D38: 태안발전소(2) | E38: 소계 | F38: 1050000 | G38: 1 | H38: 1050000 | I38: 1050000 | J38: 1 | K38: 1050000
D39: 태안발전소(3) | E39: 소계 | F39: 1050000 | G39: 1 | H39: 1050000 | I39: 1050000 | J39: 1 | K39: 1050000
D40: 하동발전소 | E40: 소계 | F40: 500000 | G40: 8 | H40: 4000000 | I40: 500000 | J40: 8 | K40: 4000000
D41: 당진발전소(1) | E41: 소계 | F41: 500000 | G41: 8 | H41: 4000000 | I41: 500000 | J41: 8 | K41: 4000000
D42: 당진발전소(2) | E42: 소계 | F42: 1020000 | G42: 2 | H42: 2040000 | I42: 1020000 | J42: 2 | K42: 2040000
D43: 영흥발전소(1) | E43: 소계 | F43: 800000 | G43: 2 | H43: 1600000 | I43: 800000 | J43: 2 | K43: 1600000
D44: 영흥발전소(2) | E44: 소계 | F44: 870000 | G44: 2 | H44: 1740000 | I44: 870000 | J44: 2 | K44: 1740000
D45: 영흥발전소(3) | E45: 소계 | F45: 870000 | G45: 2 | H45: 1740000 | I45: 870000 | J45: 2 | K45: 1740000
D46: 여수발전소(1) | E46: 소계 | F46: 328600 | G46: 1 | H46: 328600 | I46: 328600 | J46: 1 | K46: 328600
D47: 여수발전소(2) | E47: 소계 | F47: 340000 | G47: 1 | H47: 340000 | I47: 340000 | J47: 1 | K47: 340000
D48: 삼척그린발전소(1) | E48: 소계 | F48: 1022000 | G48: 1 | H48: 1022000 | I48: 1022000 | J48: 1 | K48: 1022000
... D52: 신보령(2) | E52: 소계 | F52: 1019029 | G52: 1 | H52: 1019029 | I52: 1019029 | J52: 1 | K52: 1019029
B53: 도서 | C53: 소계 | D53: 소계 | E53: 소계 | F53: - | G53: - | H53: - | I53: - | J53: - | K53: -
C54: 중유 | D54: 소계 | E54: 소계 | F54: - | G54: - | H54: - | I54: - | J54: - | K54: -
D55: 남제주발전소 | E55: 소계 | F55: - | G55: - | H55: - | I55: - | J55: - | K55: -
D56: 제주발전소(2) | E56: 소계 | F56: - | G56: - | H56: - | I56: - | J56: - | K56: -
A57: 복합화력 | B57: 합계 | C57: 소계 | D57: 소계 | E57: 소계 | F57: - | G57: 194 | H57: 32845963 | I57: - | J57: 197 | K57: 33012852
C58: LNG | D58: 소계 | E58: 소계 | F58: - | G58: 187 | H58: 32286440 | I58: - | J58: 189 | K58: 32400807
C59: 경유 | D59: 소계 | E59: 소계 | F59: - | G59: 7 | H59: 559523 | I59: - | J59: 8 | K59: 612045
B60: 본계통 | C60: 소계 | D60: 소계 | E60: 소계 | F60: - | G60: 187 | H60: 32532873 | I60: - | J60: 187 | K60: 32532873
C61: LNG | D61: 소계 | E61: 소계 | F61: - | G61: 182 | H61: 32067073 | I61: - | J61: 182 | K61: 32067073
D62: 발전자회사 | E62: 소계 | F62: - | G62: 104 | H62: 15641257 | I62: - | J62: 104 | K62: 15641257
E63: 서인천발전소GT | F63: 150000 | G63: 8 | H63: 1200000 | I63: 150000 | J63: 8 | K63: 1200000
E64: 서인천발전소ST | F64: 75000 | G64: 8 | H64: 600000 | I64: 75000 | J64: 8 | K64: 600000
E65: 신인천발전소GT | F65: 150000 | G65: 8 | H65: 1200000 | I65: 150000 | J65: 8 | K65: 1200000
E66: 신인천발전소ST | F66: 150000 | G66: 4 | H66: 600000 | I66: 150000 | J66: 4 | K66: 600000
E67: 분당발전소GT | F67: 77758 | G67: 8 | H67: 622064 | I67: 77758 | J67: 8 | K67: 622064
E68: 분당발전소ST1 | F68: 185000 | G68: 1 | H68: 185000 | I68: 185000 | J68: 1 | K68: 185000
E69: 분당발전소ST2 | F69: 115000 | G69: 1 | H69: 115000 | I69: 115000 | J69: 1 | K69: 115000
E70: 일산발전소GT | F70: 100000 | G70: 6 | H70: 600000 | I70: 100000 | J70: 6 | K70: 600000
E71: 일산발전소ST1 | F71: 200000 | G71: 1 | H71: 200000 | I71: 200000 | J71: 1 | K71: 200000
E72: 일산발전소ST2 | F72: 100000 | G72: 1 | H72: 100000 | I72: 100000 | J72: 1 | K72: 100000
E73: 평택발전소GT(2) | F73: 286300 | G73: 2 | H73: 572600 | I73: 286300 | J73: 2 | K73: 572600
E74: 평택발전소ST(2) | F74: 295900 | G74: 1 | H74: 295900 | I74: 295900 | J74: 1 | K74: 295900
... E98: 서울복합ST | F98: 127875 | G98: 2 | H98: 255750 | I98: 127875 | J98: 2 | K98: 255750
D99: 타사 | E99: 소계 | F99: - | G99: 78 | H99: 16425816 | I99: - | J99: 78 | K99: 16425816
E100: 포스코파워발전소GT(1) | F100: 100000 | G100: 6 | H100: 600000 | I100: 100000 | J100: 6 | K100: 600000
E101: 포스코파워발전소ST(1) | F101: 150000 | G101: 2 | H101: 300000 | I101: 150000 | J101: 2 | K101: 300000
E102: 포스코파워발전소GT(2) | F102: 183200 | G102: 4 | H102: 732800 | I102: 183200 | J102: 4 | K102: 732800
E103: 포스코파워발전소ST(2) | F103: 208200 | G103: 2 | H103: 416400 | I103: 208200 | J103: 2 | K103: 416400
E104: 포스코파워발전소GT(3) | F104: 242700 | G104: 3 | H104: 728100 | I104: 242700 | J104: 3 | K104: 728100
E105: 포스코파워발전소ST(3) | F105: 132900 | G105: 3 | H105: 398700 | I105: 132900 | J105: 3 | K105: 398700
E106: 당진발전소GT(1) | F106: 160960 | G106: 2 | H106: 321920 | I106: 160960 | J106: 2 | K106: 321920
E107: 당진발전소ST(1) | F107: 178830 | G107: 1 | H107: 178830 | I107: 178830 | J107: 1 | K107: 178830
E108: 당진발전소GT(2) | F108: 174500 | G108: 2 | H108: 349000 | I108: 174500 | J108: 2 | K108: 349000
E109: 당진발전소ST(2) | F109: 184000 | G109: 1 | H109: 184000 | I109: 184000 | J109: 1 | K109: 184000
E110: 당진발전소GT(3) | F110: 250000 | G110: 1 | H110: 250000 | I110: 250000 | J110: 1 | K110: 250000
E111: 당진발전소ST(3) | F111: 132000 | G111: 1 | H111: 132000 | I111: 132000 | J111: 1 | K111: 132000
... E139: 신평택발전소ST | F139: 282900 | G139: 1 | H139: 282900 | I139: 282900 | J139: 1 | K139: 282900
C140: 경유 | D140: 소계 | E140: 소계 | F140: - | G140: 5 | H140: 465800 | I140: - | J140: 5 | K140: 465800
D141: 대산발전소GT | E141: 소계 | F141: 93700 | G141: 4 | H141: 374800 | I141: 93700 | J141: 4 | K141: 374800
D142: 대산발전소ST | E142: 소계 | F142: 91000 | G142: 1 | H142: 91000 | I142: 91000 | J142: 1 | K142: 91000
B143: 도서 | C143: 소계 | D143: 소계 | E143: 소계 | F143: - | G143: 7 | H143: 313090 | I143: - | J143: 10 | K143: 479979
C144: 경유 | D144: 소계 | E144: 소계 | F144: - | G144: 2 | H144: 93723 | I144: - | J144: 3 | K144: 146245
D145: 한림발전소GT | E145: 소계 | F145: - | G145: - | H145: - | I145: - | J145: - | K145: -
D146: 한림발전소ST | E146: 소계 | F146: - | G146: - | H146: - | I146: - | J146: - | K146: -
D147: 제주복합GT(1) | E147: 소계 | F147: - | G147: - | H147: - | I147: - | J147: - | K147: -
D148: 제주복합ST(1) | E148: 소계 | F148: - | G148: - | H148: - | I148: - | J148: - | K148: -
D149: 제주복합GT(2) | E149: 소계 | F149: 58947 | G149: 1 | H149: 58947 | I149: - | J149: - | K149: -
D150: 제주복합ST(2) | E150: 소계 | F150: 34776 | G150: 1 | H150: 34776 | I150: - | J150: - | K150: -
D151: 남제주복합GT | E151: 소계 | F151: - | G151: - | H151: - | I151: 48514 | J151: 2 | K151: 97028
D152: 남제주복합ST | E152: 소계 | F152: - | G152: - | H152: - | I152: 49217 | J152: 1 | K152: 49217
C153: LNG | D153: 소계 | E153: 소계 | F153: - | G153: 5 | H153: 219367 | I153: - | J153: 7 | K153: 333734
D154: 한림발전소GT | E154: 소계 | F154: 35000 | G154: 2 | H154: 70000 | I154: 35000 | J154: 2 | K154: 70000
D155: 한림발전소ST | E155: 소계 | F155: 35000 | G155: 1 | H155: 35000 | I155: 35000 | J155: 1 | K155: 35000
D156: 제주복합GT(1) | E156: 소계 | F156: 71893 | G156: 1 | H156: 71893 | I156: 71893 | J156: 1 | K156: 71893
...

Sheet MOTIE_21-34 Retirements
B2: MOTIE
B3: 2020~2034 Electricity Capacity by resource
B4: MW | C4: 2020 | D4: 2021 | E4: 2022 | F4: 2023 | G4: 2024 | H4: 2025 | I4: 2026 | J4: 2027 | K4: 2028 | L4: 2029 | M4: 2030 | N4: 2031 | O4: 2032 | P4: 2033 | Q4: 2034
B5: nuclear | C5: 20250 | D5: 24650 | E5: 26050 | F5: 26100 | G5: 27500 | H5: 28900 | I5: 28900 | J5: 28900 | K5: 28900 | L5: 28900 | M5: 28900 | N5: 28900 | O5: 30300 | P5: 31700 | Q5: 31700
B6: coal | C6: 35842 | D6: 37302 | E6: 38342 | F6: 40200 | G6: 41200 | H6: 40200 | I6: 37600 | J6: 36100 | K6: 34600 | L6: 32700 | M6: 31700 | N6: 30700 | O6: 29700 | P6: 29700 | Q6: 28100
B7: LNG | C7: 41316 | D7: 41340 | E7: 43330 | F7: 43500 | G7: 45300 | H7: 47700 | I7: 52400 | J7: 54100 | K7: 55700 | L7: 57600 | M7: 58600 | N7: 59800 | O7: 61900 | P7: 62000 | Q7: 63600
B8: new and renewables | C8: 20126 | D8: 24786 | E8: 29426 | F8: 32800 | G8: 36800 | H8: 40500 | I8: 44800 | J8: 49400 | K8: 56100 | L8: 64100 | M8: 72700 | N8: 79900 | O8: 86100 | P8: 91500 | Q8: 96900
B9: pump storage | C9: 4700 | D9: 4700 | E9: 4700 | F9: 4700 | G9: 4700 | H9: 4700 | I9: 4700 | J9: 4700 | K9: 4700 | L9: 4700 | M9: 5200 | N9: 5200 | O9: 5800 | P9: 5800 | Q9: 6500 | U9: 2020 | V9: 2021 | W9: 2022 | X9: 2023 | Y9: 2024 | Z9: 2025 | AA9: 2026 | AB9: 2027 | AC9: 2028 | AD9: 2029 | AE9: 2030 | AF9: 2031 | AG9: 2032 | AH9: 2033 | AI9: 2034
B10: Etc | C10: 2539 | D10: 2539 | E10: 1339 | F10: 1100 | G10: 1200 | H10: 1200 | I10: 700 | J10: 700 | K10: 900 | L10: 900 | M10: 900 | N10: 800 | O10: 800 | P10: 900 | Q10: 900 | S10: Etc | T10: oil | U10: ='19-20 Retirements'!W30 -> 1987.725 | V10: =U10 -> 1987.725 | W10: =V10-1200 -> 787.725 | X10: =W10 -> 787.725 | Y10: =X10 -> 787.725 | Z10: =Y10 -> 787.725 | AA10: =Z10 -> 787.725 | AB10: =AA10 -> 787.725 | AC10: =AB10 -> 787.725 | AD10: =AC10 -> 787.725 | AE10: =AD10 -> 787.725 | ... AI10: =AH10 -> 787.725
D11: Ulsan oil plant 4~6 (1.2GW) retirement in 2022 - heavy oil plant | T11: waste | U11: =C10-U10 -> 551.275 | V11: =U11 -> 551.275 | W11: =V11 -> 551.275 | X11: =W11 -> 551.275 | Y11: =X11-L12 -> 449.275 | Z11: =Y11 -> 449.275 | AA11: =Z11 -> 449.275 | AB11: =AA11 -> 449.275 | AC11: =AB11 -> 449.275 | AD11: =AC11 -> 449.275 | AE11: =AD11 -> 449.275 | AF11: =AE11 -> 449.275 | AG11: =AF11 -> 449.275 | ... AI11: =AH11 -> 449.275
B12: * Etc : 유류, 비재생폐기물, 부생가스 설비 등 | F12: Assume drcrement of 2024 is because of non-renewable waste : | L12: =1339-1237 -> 102 | T12: total | U12: =U10+U11 -> 2539 | V12: =V10+V11 -> 2539 | W12: =W10+W11 -> 1339 | X12: =X10+X11 -> 1339 | Y12: =Y10+Y11 -> 1237 | Z12: =Z10+Z11 -> 1237 | AA12: =AA10+AA11 -> 1237 | AB12: =AB10+AB11 -> 1237 | ... AI12: =AI10+AI11 -> 1237
B15: MOTIE | U15: 2020 | V15: 2021 | W15: 2022 | X15: 2023 | Y15: 2024 | Z15: 2025 | AA15: 2026 | AB15: 2027 | AC15: 2028 | AD15: 2029 | AE15: 2030 | AF15: 2031 | AG15: 2032 | AH15: 2033 | AI15: 2034
B16: 2020~2034 New and Renewable Capacity by resource | S16: oil | T16: petroleum | U16: ='19-20 Retirements'!S22 -> 707.725 | V16: =U16 -> 707.725 | W16: =V16 -> 707.725 | X16: =W16 -> 707.725 | Y16: =X16 -> 707.725 | Z16: =Y16 -> 707.725 | AA16: =Z16 -> 707.725 | AB16: =AA16 -> 707.725 | AC16: =AB16 -> 707.725 | ... AI16: =AH16 -> 707.725
B17: MW | C17: 2020 | D17: 2021 | E17: 2022 | F17: 2023 | G17: 2024 | H17: 2025 | I17: 2026 | J17: 2027 | K17: 2028 | L17: 2029 | M17: 2030 | N17: 2031 | O17: 2032 | P17: 2033 | Q17: 2034 | T17: crude oil | U17: ='19-20 Retirements'!S26 -> 0 | V17: =U17 -> 0 | W17: =V17 -> 0 | X17: =W17 -> 0 | Y17: =X17 -> 0 | Z17: =Y17 -> 0 | AA17: =Z17 -> 0 | AB17: =AA17 -> 0 | AC17: =AB17 -> 0 | ... AI17: =AH17 -> 0
B18: Solar PV | C18: 14574.791 | D18: 18160.575 | E18: 20974.721 | F18: 23942.806 | G18: 27094.842 | H18: 31250 | I18: 34300 | J18: 37350 | K18: 40400 | L18: 43450 | M18: 46500 | N18: 49700 | O18: 52900 | P18: 56100 | Q18: 59300 | T18: heavy oil | U18: ='19-20 Retirements'!S27 -> 1280 | V18: =V10-V16-V17 -> 1280 | W18: =W10-W16-W17 -> 80 | X18: =X10-X16-X17 -> 80 | Y18: =Y10-Y16-Y17 -> 80 | Z18: =Z10-Z16-Z17 -> 80 | AA18: =AA10-AA16-AA17 -> 80 | AB18: =AB10-AB16-AB17 -> 80 | AC18: =AC10-AC16-AC17 -> 80 | ... AI18: =AI10-AI16-AI17 -> 80
B19: Wind | C19: 1635.8024 | D19: 1708.043 | E19: 1892.5024 | F19: 2151.362 | G19: 2247.7717 | H19: 3427 | I19: 4406 | J19: 5744 | K19: 9255 | L19: 13980 | M19: 19300 | N19: 23077 | O19: 25910 | P19: 27970 | Q19: 30010 | T19: * Assumed petroleum and crude oil is constant after 2020
B20: Hydro | C20: 1805.7684 | D20: 1841.1414 | E20: 1812.4234 | F20: 1804.9964 | G20: 1802.8564 | H20: 1886 | I20: 1901 | J20: 1916 | K20: 1936 | L20: 1956 | M20: 1976 | N20: 2008 | O20: 2039 | P20: 2069 | Q20: 2089
B21: Marine | C21: 255.5 | D21: 255.5 | E21: 255.58 | F21: 255.58 | G21: 254.58 | H21: 256 | I21: 256 | J21: 256 | K21: 256 | L21: 256 | M21: 256 | N21: 256 | O21: 256 | P21: 256 | Q21: 256
B22: Biomass | C22: 1321.988 | D22: 1445.034 | E22: 1801.002 | F22: 1810.736 | G22: 1845.647 | H22: 1845.647 | I22: 1845.647 | J22: 1845.647 | K22: 1845.647 | L22: 1845.647 | M22: 1845.647 | N22: 1845.647 | O22: 1845.647 | P22: 1845.647 | Q22: 1845.647
B23: fuel cell | C23: 604.714 | D23: 737.109 | E23: 878.954 | F23: 1065.754 | G23: 1085.602 | H23: 1547 | I23: 1747 | J23: 1947 | K23: 2147 | L23: 2347 | M23: 2547 | N23: 2697 | O23: 2847 | P23: 2997 | Q23: 3147
B24: IGCC | C24: 346.33 | D24: 346.33 | E24: 346.33 | F24: 346.33 | G24: 346.33 | H24: 346.33 | I24: 346.33 | J24: 346.33 | K24: 346.33 | L24: 346.33 | M24: 346.33 | N24: 346.33 | O24: 346.33 | P24: 346.33 | Q24: 346.33
B31: MW | C31: 2020 | D31: 2021 | E31: 2022 | F31: 2023 | G31: 2024 | H31: 2025 | I31: 2026 | J31: 2027 | K31: 2028 | L31: 2029 | M31: 2030 | N31: 2031 | O31: 2032 | P31: 2033 | Q31: 2034
B32: hard coal | C32: =C6 -> 35842 | D32: =D6 -> 37302 | E32: =E6 -> 38342 | F32: =F6 -> 40200 | G32: =G6 -> 41200 | H32: =H6 -> 40200 | I32: =I6 -> 37600 | J32: =J6 -> 36100 | ... Q32: =Q6 -> 28100
B33: natural gas nonpeaker | C33: =C7 -> 41316 | D33: =D7 -> 41340 | E33: =E7 -> 43330 | F33: =F7 -> 43500 | G33: =G7 -> 45300 | H33: =H7 -> 47700 | I33: =I7 -> 52400 | J33: =J7 -> 54100 | ... Q33: =Q7 -> 63600
B34: nuclear | C34: =C5 -> 20250 | D34: =D5 -> 24650 | E34: =E5 -> 26050 | F34: =F5 -> 26100 | G34: =G5 -> 27500 | H34: =H5 -> 28900 | I34: =I5 -> 28900 | J34: =J5 -> 28900 | ... Q34: =Q5 -> 31700
B35: hydro | C35: =C20 -> 1805.7684 | D35: =D20 -> 1841.1414 | E35: =E20 -> 1812.4234 | F35: =F20 -> 1804.9964 | G35: =G20 -> 1802.8564 | H35: =H20 -> 1886 | I35: =I20 -> 1901 | J35: =J20 -> 1916 | ... Q35: =Q20 -> 2089
B36: onshore wind | C36: =C19 -> 1635.8024 | D36: =D19 -> 1708.043 | E36: =E19 -> 1892.5024 | F36: =F19 -> 2151.362 | G36: =G19 -> 2247.7717 | H36: =H19 -> 3427 | I36: =I19 -> 4406 | J36: =J19 -> 5744 | ... Q36: =Q19 -> 30010
B37: solar pv | C37: =C18 -> 14574.791 | D37: =D18 -> 18160.575 | E37: =E18 -> 20974.721 | F37: =F18 -> 23942.806 | G37: =G18 -> 27094.842 | H37: =H18 -> 31250 | I37: =I18 -> 34300 | J37: =J18 -> 37350 | ... Q37: =Q18 -> 59300
B38: solar thermal | C38: =0 -> 0 | D38: =0 -> 0 | E38: =0 -> 0 | F38: =0 -> 0 | G38: =0 -> 0 | H38: =0 -> 0 | I38: =0 -> 0 | J38: =0 -> 0 | ... Q38: =0 -> 0
B39: biomass | C39: =C22 -> 1321.988 | D39: =D22 -> 1445.034 | E39: =E22 -> 1801.002 | F39: =F22 -> 1810.736 | G39: =G22 -> 1845.647 | H39: =H22 -> 1845.647 | I39: =I22 -> 1845.647 | J39: =J22 -> 1845.647 | ... Q39: =Q22 -> 1845.647
B40: geothermal | C40: =0 -> 0 | D40: =0 -> 0 | E40: =0 -> 0 | F40: =0 -> 0 | G40: =0 -> 0 | H40: =0 -> 0 | I40: =0 -> 0 | J40: =0 -> 0 | ... Q40: =0 -> 0
B41: petroleum | C41: =U16 -> 707.725 | D41: =V16 -> 707.725 | E41: =W16 -> 707.725 | F41: =X16 -> 707.725 | G41: =Y16 -> 707.725 | H41: =Z16 -> 707.725 | I41: =AA16 -> 707.725 | J41: =AB16 -> 707.725 | ... Q41: =AI16 -> 707.725
B42: natural gas peaker | C42: =0 -> 0 | D42: =0 -> 0 | E42: =0 -> 0 | F42: =0 -> 0 | G42: =0 -> 0 | H42: =0 -> 0 | I42: =0 -> 0 | J42: =0 -> 0 | ... Q42: =0 -> 0
B43: lignite | C43: =0 -> 0 | D43: =0 -> 0 | E43: =0 -> 0 | F43: =0 -> 0 | G43: =0 -> 0 | H43: =0 -> 0 | I43: =0 -> 0 | J43: =0 -> 0 | ... Q43: =0 -> 0
B44: offshore wind | C44: =0 -> 0 | D44: =0 -> 0 | E44: =0 -> 0 | F44: =0 -> 0 | G44: =0 -> 0 | H44: =0 -> 0 | I44: =0 -> 0 | J44: =0 -> 0 | ... Q44: =0 -> 0
B45: crude oil | C45: =U17 -> 0 | D45: =V17 -> 0 | E45: =W17 -> 0 | F45: =X17 -> 0 | G45: =Y17 -> 0 | H45: =Z17 -> 0 | I45: =AA17 -> 0 | J45: =AB17 -> 0 | ... Q45: =AI17 -> 0
B46: heavy or residual fuel oil | C46: =U18 -> 1280 | D46: =V18 -> 1280 | E46: =W18 -> 80 | F46: =X18 -> 80 | G46: =Y18 -> 80 | H46: =Z18 -> 80 | I46: =AA18 -> 80 | J46: =AB18 -> 80 | ... Q46: =AI18 -> 80
B47: municipal solid waste | C47: =0 -> 0 | D47: =0 -> 0 | E47: =0 -> 0 | F47: =0 -> 0 | G47: =0 -> 0 | H47: =0 -> 0 | I47: =0 -> 0 | J47: =0 -> 0 | ... Q47: =0 -> 0
B50: Subtract (MW) | D50: 2021 | E50: 2022 | F50: 2023 | G50: 2024 | H50: 2025 | I50: 2026 | J50: 2027 | K50: 2028 | L50: 2029 | M50: 2030 | N50: 2031 | O50: 2032 | P50: 2033 | Q50: 2034
B51: hard coal | D51: =D32-C32 -> 1460 | E51: =E32-D32 -> 1040 | F51: =F32-E32 -> 1858 | G51: =G32-F32 -> 1000 | H51: =H32-G32 -> -1000 | I51: =I32-H32 -> -2600 | J51: =J32-I32 -> -1500 | K51: =K32-J32 -> -1500 | ... Q51: =Q32-P32 -> -1600
B52: natural gas nonpeaker | D52: =D33-C33 -> 24 | E52: =E33-D33 -> 1990 | F52: =F33-E33 -> 170 | G52: =G33-F33 -> 1800 | H52: =H33-G33 -> 2400 | I52: =I33-H33 -> 4700 | J52: =J33-I33 -> 1700 | K52: =K33-J33 -> 1600 | ... Q52: =Q33-P33 -> 1600
B53: nuclear | D53: =D34-C34 -> 4400 | E53: =E34-D34 -> 1400 | F53: =F34-E34 -> 50 | G53: =G34-F34 -> 1400 | H53: =H34-G34 -> 1400 | I53: =I34-H34 -> 0 | J53: =J34-I34 -> 0 | K53: =K34-J34 -> 0 | ... Q53: =Q34-P34 -> 0
B54: hydro | D54: =D35-C35 -> 35.373 | E54: =E35-D35 -> -28.718 | F54: =F35-E35 -> -7.427 | G54: =G35-F35 -> -2.14 | H54: =H35-G35 -> 83.1436 | I54: =I35-H35 -> 15 | J54: =J35-I35 -> 15 | K54: =K35-J35 -> 20 | ... Q54: =Q35-P35 -> 20
B55: onshore wind | D55: =D36-C36 -> 72.2406 | E55: =E36-D36 -> 184.4594 | F55: =F36-E36 -> 258.8596 | G55: =G36-F36 -> 96.4097 | H55: =H36-G36 -> 1179.2283 | I55: =I36-H36 -> 979 | J55: =J36-I36 -> 1338 | K55: =K36-J36 -> 3511 | ... Q55: =Q36-P36 -> 2040
B56: solar pv | D56: =D37-C37 -> 3585.7843 | E56: =E37-D37 -> 2814.1454 | F56: =F37-E37 -> 2968.0851 | G56: =G37-F37 -> 3152.0364 | H56: =H37-G37 -> 4155.1575 | I56: =I37-H37 -> 3050 | J56: =J37-I37 -> 3050 | K56: =K37-J37 -> 3050 | ... Q56: =Q37-P37 -> 3200
B57: solar thermal | D57: =D38-C38 -> 0 | E57: =E38-D38 -> 0 | F57: =F38-E38 -> 0 | G57: =G38-F38 -> 0 | H57: =H38-G38 -> 0 | I57: =I38-H38 -> 0 | J57: =J38-I38 -> 0 | K57: =K38-J38 -> 0 | ... Q57: =Q38-P38 -> 0
B58: biomass | D58: =D39-C39 -> 123.046 | E58: =E39-D39 -> 355.968 | F58: =F39-E39 -> 9.734 | G58: =G39-F39 -> 34.911 | H58: =H39-G39 -> 0 | I58: =I39-H39 -> 0 | J58: =J39-I39 -> 0 | K58: =K39-J39 -> 0 | ... Q58: =Q39-P39 -> 0
B59: geothermal | D59: =D40-C40 -> 0 | E59: =E40-D40 -> 0 | F59: =F40-E40 -> 0 | G59: =G40-F40 -> 0 | H59: =H40-G40 -> 0 | I59: =I40-H40 -> 0 | J59: =J40-I40 -> 0 | K59: =K40-J40 -> 0 | ... Q59: =Q40-P40 -> 0
B60: petroleum | D60: =D41-C41 -> 0 | E60: =E41-D41 -> 0 | F60: =F41-E41 -> 0 | G60: =G41-F41 -> 0 | H60: =H41-G41 -> 0 | I60: =I41-H41 -> 0 | J60: =J41-I41 -> 0 | K60: =K41-J41 -> 0 | ... Q60: =Q41-P41 -> 0
B61: natural gas peaker | D61: =D42-C42 -> 0 | E61: =E42-D42 -> 0 | F61: =F42-E42 -> 0 | G61: =G42-F42 -> 0 | H61: =H42-G42 -> 0 | I61: =I42-H42 -> 0 | J61: =J42-I42 -> 0 | K61: =K42-J42 -> 0 | ... Q61: =Q42-P42 -> 0
B62: lignite | D62: =D43-C43 -> 0 | E62: =E43-D43 -> 0 | F62: =F43-E43 -> 0 | G62: =G43-F43 -> 0 | H62: =H43-G43 -> 0 | I62: =I43-H43 -> 0 | J62: =J43-I43 -> 0 | K62: =K43-J43 -> 0 | ... Q62: =Q43-P43 -> 0
... B66: municipal solid waste | D66: =D47-C47 -> 0 | E66: =E47-D47 -> 0 | F66: =F47-E47 -> 0 | G66: =G47-F47 -> 0 | H66: =H47-G47 -> 0 | I66: =I47-H47 -> 0 | J66: =J47-I47 -> 0 | K66: =K47-J47 -> 0 | ... Q66: =Q47-P47 -> 0
B70: # Retirements (MW) | D70: 2021 | E70: 2022 | F70: 2023 | G70: 2024 | H70: 2025 | I70: 2026 | J70: 2027 | K70: 2028 | L70: 2029 | M70: 2030 | N70: 2031 | O70: 2032 | P70: 2033 | Q70: 2034
B71: hard coal | D71: =IF(D51<0,-D51,0) -> 0 | E71: =IF(E51<0,-E51,0) -> 0 | F71: =IF(F51<0,-F51,0) -> 0 | G71: =IF(G51<0,-G51,0) -> 0 | H71: =IF(H51<0,-H51,0) -> 1000 | I71: =IF(I51<0,-I51,0) -> 2600 | J71: =IF(J51<0,-J51,0) -> 1500 | K71: =IF(K51<0,-K51,0) -> 1500 | ... Q71: =IF(Q51<0,-Q51,0) -> 1600
B72: natural gas nonpeaker | D72: =IF(D52<0,-D52,0) -> 0 | E72: =IF(E52<0,-E52,0) -> 0 | F72: =IF(F52<0,-F52,0) -> 0 | G72: =IF(G52<0,-G52,0) -> 0 | H72: =IF(H52<0,-H52,0) -> 0 | I72: =IF(I52<0,-I52,0) -> 0 | J72: =IF(J52<0,-J52,0) -> 0 | K72: =IF(K52<0,-K52,0) -> 0 | ... Q72: =IF(Q52<0,-Q52,0) -> 0
B73: nuclear | D73: =IF(D53<0,-D53,0) -> 0 | E73: =IF(E53<0,-E53,0) -> 0 | F73: =IF(F53<0,-F53,0) -> 0 | G73: =IF(G53<0,-G53,0) -> 0 | H73: =IF(H53<0,-H53,0) -> 0 | I73: =IF(I53<0,-I53,0) -> 0 | J73: =IF(J53<0,-J53,0) -> 0 | K73: =IF(K53<0,-K53,0) -> 0 | ... Q73: =IF(Q53<0,-Q53,0) -> 0
B74: hydro | D74: =IF(D54<0,-D54,0) -> 0 | E74: =IF(E54<0,-E54,0) -> 28.718 | F74: =IF(F54<0,-F54,0) -> 7.427 | G74: =IF(G54<0,-G54,0) -> 2.14 | H74: =IF(H54<0,-H54,0) -> 0 | I74: =IF(I54<0,-I54,0) -> 0 | J74: =IF(J54<0,-J54,0) -> 0 | K74: =IF(K54<0,-K54,0) -> 0 | ... Q74: =IF(Q54<0,-Q54,0) -> 0
B75: onshore wind | D75: =IF(D55<0,-D55,0) -> 0 | E75: =IF(E55<0,-E55,0) -> 0 | F75: =IF(F55<0,-F55,0) -> 0 | G75: =IF(G55<0,-G55,0) -> 0 | H75: =IF(H55<0,-H55,0) -> 0 | I75: =IF(I55<0,-I55,0) -> 0 | J75: =IF(J55<0,-J55,0) -> 0 | K75: =IF(K55<0,-K55,0) -> 0 | ... Q75: =IF(Q55<0,-Q55,0) -> 0
B76: solar pv | D76: =IF(D56<0,-D56,0) -> 0 | E76: =IF(E56<0,-E56,0) -> 0 | F76: =IF(F56<0,-F56,0) -> 0 | G76: =IF(G56<0,-G56,0) -> 0 | H76: =IF(H56<0,-H56,0) -> 0 | I76: =IF(I56<0,-I56,0) -> 0 | J76: =IF(J56<0,-J56,0) -> 0 | K76: =IF(K56<0,-K56,0) -> 0 | ... Q76: =IF(Q56<0,-Q56,0) -> 0
B77: solar thermal | D77: =IF(D57<0,-D57,0) -> 0 | E77: =IF(E57<0,-E57,0) -> 0 | F77: =IF(F57<0,-F57,0) -> 0 | G77: =IF(G57<0,-G57,0) -> 0 | H77: =IF(H57<0,-H57,0) -> 0 | I77: =IF(I57<0,-I57,0) -> 0 | J77: =IF(J57<0,-J57,0) -> 0 | K77: =IF(K57<0,-K57,0) -> 0 | ... Q77: =IF(Q57<0,-Q57,0) -> 0
B78: biomass | D78: =IF(D58<0,-D58,0) -> 0 | E78: =IF(E58<0,-E58,0) -> 0 | F78: =IF(F58<0,-F58,0) -> 0 | G78: =IF(G58<0,-G58,0) -> 0 | H78: =IF(H58<0,-H58,0) -> 0 | I78: =IF(I58<0,-I58,0) -> 0 | J78: =IF(J58<0,-J58,0) -> 0 | K78: =IF(K58<0,-K58,0) -> 0 | ... Q78: =IF(Q58<0,-Q58,0) -> 0
B79: geothermal | D79: =IF(D59<0,-D59,0) -> 0 | E79: =IF(E59<0,-E59,0) -> 0 | F79: =IF(F59<0,-F59,0) -> 0 | G79: =IF(G59<0,-G59,0) -> 0 | H79: =IF(H59<0,-H59,0) -> 0 | I79: =IF(I59<0,-I59,0) -> 0 | J79: =IF(J59<0,-J59,0) -> 0 | K79: =IF(K59<0,-K59,0) -> 0 | ... Q79: =IF(Q59<0,-Q59,0) -> 0
B80: petroleum | D80: =IF(D60<0,-D60,0) -> 0 | E80: =IF(E60<0,-E60,0) -> 0 | F80: =IF(F60<0,-F60,0) -> 0 | G80: =IF(G60<0,-G60,0) -> 0 | H80: =IF(H60<0,-H60,0) -> 0 | I80: =IF(I60<0,-I60,0) -> 0 | J80: =IF(J60<0,-J60,0) -> 0 | K80: =IF(K60<0,-K60,0) -> 0 | ... Q80: =IF(Q60<0,-Q60,0) -> 0
B81: natural gas peaker | D81: =IF(D61<0,-D61,0) -> 0 | E81: =IF(E61<0,-E61,0) -> 0 | F81: =IF(F61<0,-F61,0) -> 0 | G81: =IF(G61<0,-G61,0) -> 0 | H81: =IF(H61<0,-H61,0) -> 0 | I81: =IF(I61<0,-I61,0) -> 0 | J81: =IF(J61<0,-J61,0) -> 0 | K81: =IF(K61<0,-K61,0) -> 0 | ... Q81: =IF(Q61<0,-Q61,0) -> 0
B82: lignite | D82: =IF(D62<0,-D62,0) -> 0 | E82: =IF(E62<0,-E62,0) -> 0 | F82: =IF(F62<0,-F62,0) -> 0 | G82: =IF(G62<0,-G62,0) -> 0 | H82: =IF(H62<0,-H62,0) -> 0 | I82: =IF(I62<0,-I62,0) -> 0 | J82: =IF(J62<0,-J62,0) -> 0 | K82: =IF(K62<0,-K62,0) -> 0 | ... Q82: =IF(Q62<0,-Q62,0) -> 0
... B86: municipal solid waste | D86: =IF(D66<0,-D66,0) -> 0 | E86: =IF(E66<0,-E66,0) -> 0 | F86: =IF(F66<0,-F66,0) -> 0 | G86: =IF(G66<0,-G66,0) -> 0 | H86: =IF(H66<0,-H66,0) -> 0 | I86: =IF(I66<0,-I66,0) -> 0 | J86: =IF(J66<0,-J66,0) -> 0 | K86: =IF(K66<0,-K66,0) -> 0 | ... Q86: =IF(Q66<0,-Q66,0) -> 0

Sheet EPSIS_RAW
A1: 발전원 | B1: 발전소명 | C1: 단위용량 | D1: 대수 | E1: 용량 | F1: 준공 | G1: 형식 | H1: 연료 | I1: 보일러(NSSS) 제작사 | J1: 터빈(수차) 제작사 | K1: 발전기 제작사 | L1: 발전회사 | M1: 정격전압 | N1: 용도별 | O1: 회원 | P1: 시장 | Q1: 급전 | R1: 소재지 및 주요생산품목(상용자가)
A2: 기력 | B2: 강릉안인#1 | C2: 1040000 | D2: 1 | E2: 1040000 | F2: 2022.1 | G2: 기력 | H2: 유연탄 | I2: 두산중공업 | J2: 두산중공업 | K2: 두산중공업 | L2: 강릉에코파워(주) | M2: 30KV | N2: 사업용 | O2: 정회원 | P2: 시장 | Q2: 중앙 | R2: 강원 강릉시 강동면
A3: 기력 | B3: 강릉안인#2 | C3: 1040000 | D3: 1 | E3: 1040000 | F3: 2022.1 | G3: 기력 | H3: 유연탄 | I3: 두산중공업 | J3: 두산중공업 | K3: 두산중공업 | L3: 강릉에코파워(주) | M3: 30KV | N3: 사업용 | O3: 정회원 | P3: 시장 | Q3: 중앙 | R3: 강원 강릉시 강동면
A4: 기력 | B4: 남제주#1 | C4: 100000 | D4: 1 | E4: 100000 | F4: 2006.9 | G4: 신재생 | H4: 바이오중유 | I4: 두산중공업 | J4: Mitsubish | K4: Mitsubish | L4: 남부발전㈜ | M4: 13.8kV | N4: 사업용 | O4: 정회원 | P4: 시장 | Q4: 중앙 | R4: 제주 서귀포시 안덕면
A5: 기력 | B5: 남제주#2 | C5: 100000 | D5: 1 | E5: 100000 | F5: 2007.3 | G5: 신재생 | H5: 바이오중유 | I5: 두산중공업 | J5: Mitsubish | K5: Mitsubish | L5: 남부발전㈜ | M5: 13.8kV | N5: 사업용 | O5: 정회원 | P5: 시장 | Q5: 중앙 | R5: 제주 서귀포시 안덕면
A6: 기력 | B6: 당진#1 | C6: 500000 | D6: 1 | E6: 500000 | F6: 1999.6 | G6: 기력 | H6: 유연탄 | I6: 한중/CE | J6: 한중/CE | K6: 한중/CE | L6: 동서발전㈜ | M6: 22kV | N6: 사업용 | O6: 정회원 | P6: 시장 | Q6: 중앙 | R6: 충남 당진시 석문면
A7: 기력 | B7: 당진#10 | C7: 1020000 | D7: 1 | E7: 1020000 | F7: 2016.9 | G7: 기력 | H7: 유연탄 | I7: MHPS | J7: MHPS | K7: MHPS | L7: 동서발전㈜ | M7: 27kV | N7: 사업용 | O7: 정회원 | P7: 시장 | Q7: 중앙 | R7: 충남 당진시 석문면
A8: 기력 | B8: 당진#2 | C8: 500000 | D8: 1 | E8: 500000 | F8: 1999.12 | G8: 기력 | H8: 유연탄 | I8: 한중/CE | J8: 한중/CE | K8: 한중/CE | L8: 동서발전㈜ | M8: 22kV | N8: 사업용 | O8: 정회원 | P8: 시장 | Q8: 중앙 | R8: 충남 당진시 석문면
A9: 기력 | B9: 당진#3 | C9: 500000 | D9: 1 | E9: 500000 | F9: 2000.9 | G9: 기력 | H9: 유연탄 | I9: 한중/CE | J9: 한중/CE | K9: 한중/CE | L9: 동서발전㈜ | M9: 22kV | N9: 사업용 | O9: 정회원 | P9: 시장 | Q9: 중앙 | R9: 충남 당진시 석문면
A10: 기력 | B10: 당진#4 | C10: 500000 | D10: 1 | E10: 500000 | F10: 2001.3 | G10: 기력 | H10: 유연탄 | I10: 한중/CE | J10: 한중/CE | K10: 한중/CE | L10: 동서발전㈜ | M10: 22kV | N10: 사업용 | O10: 정회원 | P10: 시장 | Q10: 중앙 | R10: 충남 당진시 석문면
A11: 기력 | B11: 당진#5 | C11: 500000 | D11: 1 | E11: 500000 | F11: 2005.9 | G11: 기력 | H11: 유연탄 | I11: 두산중공업 | J11: 두산중공업 | K11: 두산중공업 | L11: 동서발전㈜ | M11: 22kV | N11: 사업용 | O11: 정회원 | P11: 시장 | Q11: 중앙 | R11: 충남 당진시 석문면
A12: 기력 | B12: 당진#6 | C12: 500000 | D12: 1 | E12: 500000 | F12: 2006.3 | G12: 기력 | H12: 유연탄 | I12: 두산중공업 | J12: 두산중공업 | K12: 두산중공업 | L12: 동서발전㈜ | M12: 22kV | N12: 사업용 | O12: 정회원 | P12: 시장 | Q12: 중앙 | R12: 충남 당진시 석문면
A13: 기력 | B13: 당진#7 | C13: 500000 | D13: 1 | E13: 500000 | F13: 2007.6 | G13: 기력 | H13: 유연탄 | I13: 두산중공업 | J13: 두산중공업 | K13: 두산중공업 | L13: 동서발전㈜ | M13: 22kV | N13: 사업용 | O13: 정회원 | P13: 시장 | Q13: 중앙 | R13: 충남 당진시 석문면
... A232: 복합화력 | B232: 서울복합#1 ST | C232: 127875 | D232: 1 | E232: 127875 | F232: 2019.11 | G232: 복합 | H232: LNG | I232: 두산중공업 | J232: 두산중공업 | K232: 두산중공업 | L232: 중부발전㈜ | M232: 16.5kV | N232: 사업용 | O232: 정회원 | P232: 시장 | Q232: 중앙 | R232: 서울 마포구 토정로
A233: 복합화력 | B233: 서울복합#2 GT | C233: 241298 | D233: 1 | E233: 241298 | F233: 2019.6 | G233: 복합 | H233: LNG | I233: 두산중공업 | J233: 두산중공업 | K233: 두산중공업 | L233: 중부발전㈜ | M233: 18kV | N233: 사업용 | O233: 정회원 | P233: 시장 | Q233: 중앙 | R233: 서울 마포구 토정로
A234: 복합화력 | B234: 서울복합#2 ST | C234: 127875 | D234: 1 | E234: 127875 | F234: 2019.6 | G234: 복합 | H234: LNG | I234: 두산중공업 | J234: 두산중공업 | K234: 두산중공업 | L234: 중부발전㈜ | M234: 16.5kV | N234: 사업용 | O234: 정회원 | P234: 시장 | Q234: 중앙 | R234: 서울 마포구 토정로
A235: 복합화력 | B235: 서인천 #5-8 GT | C235: 150000 | D235: 2 | E235: 300000 | F235: 1992.5 | G235: 복합 | H235: LNG | I235: - | J235: GE | K235: GE | L235: 서부발전㈜ | M235: 13.8kV | N235: 사업용 | O235: 정회원 | P235: 시장 | Q235: 중앙 | R235: 인천 서구 경서동
A236: 복합화력 | B236: 서인천 #5-8 GT | C236: 150000 | D236: 2 | E236: 300000 | F236: 1992.6 | G236: 복합 | H236: LNG | I236: - | J236: GE | K236: GE | L236: 서부발전㈜ | M236: 13.8kV | N236: 사업용 | O236: 정회원 | P236: 시장 | Q236: 중앙 | R236: 인천 서구 경서동
A237: 복합화력 | B237: 서인천 #5-8 ST | C237: 75000 | D237: 2 | E237: 150000 | F237: 1992.1 | G237: 복합 | H237: LNG | I237: 한중 | J237: GE | K237: GE | L237: 서부발전㈜ | M237: 13.8kV | N237: 사업용 | O237: 정회원 | P237: 시장 | Q237: 중앙 | R237: 인천 서구 경서동
A238: 복합화력 | B238: 서인천 #5-8 ST | C238: 75000 | D238: 2 | E238: 150000 | F238: 1992.11 | G238: 복합 | H238: LNG | I238: 한중 | J238: GE | K238: GE | L238: 서부발전㈜ | M238: 13.8kV | N238: 사업용 | O238: 정회원 | P238: 시장 | Q238: 중앙 | R238: 인천 서구 경서동
A239: 복합화력 | B239: 서인천#1-4 GT | C239: 150000 | D239: 1 | E239: 150000 | F239: 1992.2 | G239: 복합 | H239: LNG | I239: - | J239: GE | K239: GE | L239: 서부발전㈜ | M239: 13.8kV | N239: 사업용 | O239: 정회원 | P239: 시장 | Q239: 중앙 | R239: 인천 서구 경서동
A240: 복합화력 | B240: 서인천#1-4 GT | C240: 150000 | D240: 1 | E240: 150000 | F240: 1992.3 | G240: 복합 | H240: LNG | I240: - | J240: GE | K240: GE | L240: 서부발전㈜ | M240: 13.8kV | N240: 사업용 | O240: 정회원 | P240: 시장 | Q240: 중앙 | R240: 인천 서구 경서동
A241: 복합화력 | B241: 서인천#1-4 GT | C241: 150000 | D241: 2 | E241: 300000 | F241: 1992.4 | G241: 복합 | H241: LNG | I241: - | J241: GE | K241: GE | L241: 서부발전㈜ | M241: 13.8kV | N241: 사업용 | O241: 정회원 | P241: 시장 | Q241: 중앙 | R241: 인천 서구 경서동
A242: 복합화력 | B242: 서인천#1-4 ST | C242: 75000 | D242: 2 | E242: 150000 | F242: 1992.7 | G242: 복합 | H242: LNG | I242: 한중 | J242: GE | K242: GE | L242: 서부발전㈜ | M242: 13.8kV | N242: 사업용 | O242: 정회원 | P242: 시장 | Q242: 중앙 | R242: 인천 서구 경서동
A243: 복합화력 | B243: 서인천#1-4 ST | C243: 75000 | D243: 2 | E243: 150000 | F243: 1992.9 | G243: 복합 | H243: LNG | I243: 한중 | J243: GE | K243: GE | L243: 서부발전㈜ | M243: 13.8kV | N243: 사업용 | O243: 정회원 | P243: 시장 | Q243: 중앙 | R243: 인천 서구 경서동
A244: 복합화력 | B244: 신인천#1,2 GT | C244: 150000 | D244: 4 | E244: 600000 | F244: 1996.6 | G244: 복합 | H244: LNG | I244: - | J244: GE | K244: GE | L244: 남부발전㈜ | M244: 18kV | N244: 사업용 | O244: 정회원 | P244: 시장 | Q244: 중앙 | R244: 인천 서구 경서동
A245: 복합화력 | B245: 신인천#1,2 ST | C245: 150000 | D245: 2 | E245: 300000 | F245: 1997.7 | G245: 복합 | H245: LNG | I245: 한중 | J245: GE | K245: GE | L245: 남부발전㈜ | M245: 18kV | N245: 사업용 | O245: 정회원 | P245: 시장 | Q245: 중앙 | R245: 인천 서구 경서동
A246: 복합화력 | B246: 신인천#3,4 GT | C246: 150000 | D246: 4 | E246: 600000 | F246: 1996.6 | G246: 복합 | H246: LNG | I246: - | J246: GE | K246: GE | L246: 남부발전㈜ | M246: 18kV | N246: 사업용 | O246: 정회원 | P246: 시장 | Q246: 중앙 | R246: 인천 서구 경서동
... A286: 복합화력 | B286: 일산#2 ST | C286: 100000 | D286: 1 | E286: 100000 | F286: 1996.3 | G286: 복합 | H286: LNG | I286: MHI | J286: WH | K286: MHI | L286: 동서발전㈜ | M286: 13.8kV | N286: 사업용 | O286: 정회원 | P286: 시장 | Q286: 중앙 | R286: 경기 고양시 백석동
A287: 복합화력 | B287: 제주복합#1 GT | C287: 71893 | D287: 1 | E287: 71893 | F287: 2018.6 | G287: 복합 | H287: 유류 | I287: GE | J287: GE | K287: GE | L287: 중부발전㈜ | M287: 13.8kV | N287: 사업용 | O287: 정회원 | P287: 시장 | Q287: 중앙 | R287: 제주 제주시 원당로
A288: 복합화력 | B288: 제주복합#1 ST | C288: 42474 | D288: 1 | E288: 42474 | F288: 2018.6 | G288: 복합 | H288: 유류 | I288: GE | J288: GE | K288: GE | L288: 중부발전㈜ | M288: 13.8kV | N288: 사업용 | O288: 정회원 | P288: 시장 | Q288: 중앙 | R288: 제주 제주시 원당로
A289: 복합화력 | B289: 제주복합#2 GT | C289: 58947 | D289: 1 | E289: 58947 | F289: 2018.8 | G289: 복합 | H289: LNG | I289: GE | J289: GE | K289: GE | L289: 중부발전㈜ | M289: 13.8kV | N289: 사업용 | O289: 정회원 | P289: 시장 | Q289: 중앙 | R289: 제주 제주시 원당로
A290: 복합화력 | B290: 제주복합#2 ST | C290: 34776 | D290: 1 | E290: 34776 | F290: 2018.8 | G290: 복합 | H290: LNG | I290: GE | J290: GE | K290: GE | L290: 중부발전㈜ | M290: 13.8kV | N290: 사업용 | O290: 정회원 | P290: 시장 | Q290: 중앙 | R290: 제주 제주시 원당로
A291: 복합화력 | B291: 파주문산#1 GT | C291: 275500 | D291: 2 | E291: 551000 | F291: 2017.2 | G291: 복합 | H291: LNG | I291: - | J291: Siemens | K291: Siemens | L291: 파주에너지서비스㈜ | M291: 19kV | N291: 사업용 | O291: 정회원 | P291: 시장 | Q291: 중앙 | R291: 경기 파주시 파주읍
A292: 복합화력 | B292: 파주문산#1 ST | C292: 296600 | D292: 1 | E292: 296600 | F292: 2017.2 | G292: 복합 | H292: LNG | I292: Siemens | J292: Siemens | K292: Siemens | L292: 파주에너지서비스㈜ | M292: 19kV | N292: 사업용 | O292: 정회원 | P292: 시장 | Q292: 중앙 | R292: 경기 파주시 파주읍
A293: 복합화력 | B293: 파주문산#2 GT | C293: 275500 | D293: 2 | E293: 551000 | F293: 2017.3 | G293: 복합 | H293: LNG | I293: - | J293: Siemens | K293: Siemens | L293: 파주에너지서비스㈜ | M293: 19kV | N293: 사업용 | O293: 정회원 | P293: 시장 | Q293: 중앙 | R293: 경기 파주시 파주읍
A294: 복합화력 | B294: 파주문산#2 ST | C294: 296600 | D294: 1 | E294: 296600 | F294: 2017.3 | G294: 복합 | H294: LNG | I294: Siemens | J294: Siemens | K294: Siemens | L294: 파주에너지서비스㈜ | M294: 19kV | N294: 사업용 | O294: 정회원 | P294: 시장 | Q294: 중앙 | R294: 경기 파주시 파주읍
A295: 복합화력 | B295: 평택#2 GT | C295: 286300 | D295: 2 | E295: 572600 | F295: 2013.7 | G295: 복합 | H295: LNG | I295: - | J295: MHI | K295: MHI | L295: 서부발전㈜ | M295: 20kV | N295: 사업용 | O295: 정회원 | P295: 시장 | Q295: 중앙 | R295: 경기 평택시 포승면
A296: 복합화력 | B296: 평택#2 ST | C296: 295900 | D296: 1 | E296: 295900 | F296: 2014.9 | G296: 복합 | H296: LNG | I296: 세대에너텍 | J296: MHI | K296: MELCO | L296: 서부발전㈜ | M296: 20kV | N296: 사업용 | O296: 정회원 | P296: 시장 | Q296: 중앙 | R296: 경기 평택시 포승면
A297: 복합화력 | B297: 포스코#3 GT | C297: 100000 | D297: 3 | E297: 300000 | F297: 1996.7 | G297: 복합 | H297: LNG | I297: - | J297: WH | K297: WH | L297: 포스코에너지㈜ | M297: 13.8kV | N297: 사업용 | O297: 정회원 | P297: 시장 | Q297: 중앙 | R297: 인천 서구 원창동
A298: 복합화력 | B298: 포스코#3 ST | C298: 150000 | D298: 1 | E298: 150000 | F298: 1999.11 | G298: 복합 | H298: LNG | I298: 두산중공업 | J298: Hitachi | K298: Hitachi | L298: 포스코에너지㈜ | M298: 17kV | N298: 사업용 | O298: 정회원 | P298: 시장 | Q298: 중앙 | R298: 인천 서구 원창동
A299: 복합화력 | B299: 포스코#4 GT | C299: 100000 | D299: 3 | E299: 300000 | F299: 1997.7 | G299: 복합 | H299: LNG | I299: - | J299: WH | K299: WH | L299: 포스코에너지㈜ | M299: 13.8kV | N299: 사업용 | O299: 정회원 | P299: 시장 | Q299: 중앙 | R299: 인천 서구 원창동
A300: 복합화력 | B300: 포스코#4 ST | C300: 150000 | D300: 1 | E300: 150000 | F300: 2001.09 | G300: 복합 | H300: LNG | I300: 두산중공업 | J300: Hitachi | K300: Hitachi | L300: 포스코에너지㈜ | M300: 17kV | N300: 사업용 | O300: 정회원 | P300: 시장 | Q300: 중앙 | R300: 인천 서구 원창동
A301: 복합화력 | B301: 포스코#5 GT | C301: 183200 | D301: 2 | E301: 366400 | F301: 2011.2 | G301: 복합 | H301: LNG | I301: - | J301: Siemens | K301: Siemens | L301: 포스코에너지㈜ | M301: 16.5kV | N301: 사업용 | O301: 정회원 | P301: 시장 | Q301: 중앙 | R301: 인천 서구 원창동
A302: 복합화력 | B302: 포스코#5 ST | C302: 208200 | D302: 1 | E302: 208200 | F302: 2011.2 | G302: 복합 | H302: LNG | I302: BHI(범우중공업) | J302: Siemens | K302: Siemens | L302: 포스코에너지㈜ | M302: 16.5kV | N302: 사업용 | O302: 정회원 | P302: 시장 | Q302: 중앙 | R302: 인천 서구 원창동
... A370: 수력 | B370: 무주소수력 | C370: 400 | D370: 1 | E370: 400 | F370: 2003.4 | G370: 소수력 | H370: 소수력 | I370: - | J370: 대양전기 | K370: 대양전기 | L370: 한수원 | M370: - | N370: 신재생 | O370: 정회원 | P370: 시장 | Q370: 비중앙 | R370: 전북 무주군 적상면
A371: 수력 | B371: 무주양수 | C371: 300000 | D371: 1 | E371: 300000 | F371: 1995.2 | G371: 양수 | H371: 양수 | I371: - | J371: 한중/Neypric(프) | K371: 한중/Alsthom | L371: 한수원 | M371: 13.8 | N371: 사업용 | O371: 정회원 | P371: 시장 | Q371: 중앙 | R371: 전북 무주군 적상면
A372: 수력 | B372: 무주양수 | C372: 300000 | D372: 1 | E372: 300000 | F372: 1995.4 | G372: 양수 | H372: 양수 | I372: - | J372: 한중/Neypric(프) | K372: 한중/Alsthom | L372: 한수원 | M372: 18kV | N372: 사업용 | O372: 정회원 | P372: 시장 | Q372: 중앙 | R372: 전북 무주군 적상면
A373: 수력 | B373: 물야 | C373: 410 | D373: 1 | E373: 410 | F373: 2011.12 | G373: 소수력 | H373: 소수력 | I373: - | J373: - | K373: - | L373: - | M373: - | N373: 신재생 | O373: 비회원 | P373: 시장외 | Q373: 비중앙 | R373: 경북 봉화군 물야면
A374: 수력 | B374: 밀양 | C374: 1300 | D374: 1 | E374: 1300 | F374: 2001.1 | G374: 소수력 | H374: 소수력 | I374: - | J374: 대양전기 | K374: 대양전기 | L374: 수자원공사 | M374: - | N374: 신재생 | O374: 정회원 | P374: 시장 | Q374: 비중앙 | R374: 경남 밀양시 산외면
A375: 수력 | B375: 반변 | C375: 1060 | D375: 1 | E375: 1060 | F375: 1996.1 | G375: 소수력 | H375: 소수력 | I375: - | J375: FLYGT | K375: FLYGT | L375: 수자원공사 | M375: - | N375: 신재생 | O375: 정회원 | P375: 시장 | Q375: 비중앙 | R375: 경북 안동시 임하면
A376: 수력 | B376: 방우리 | C376: 2120 | D376: 1 | E376: 2120 | F376: 1987.3 | G376: 소수력 | H376: 소수력 | I376: - | J376: FLYGT | K376: FLYGT | L376: ㈜청풍에너지 | M376: - | N376: 신재생 | O376: 정회원 | P376: 시장 | Q376: 비중앙 | R376: 충남 금산군 부리면
A377: 수력 | B377: 백곡 | C377: 430 | D377: 1 | E377: 430 | F377: 2007.5 | G377: 소수력 | H377: 소수력 | I377: - | J377: 대양전기 | K377: 대양전기 | L377: 농어촌공사 | M377: - | N377: 신재생 | O377: 정회원 | P377: 시장 | Q377: 비중앙 | R377: 충북 진천군 진천읍
A378: 수력 | B378: 백운제#1 | C378: 160 | D378: 1 | E378: 160 | F378: 2014.5 | G378: 소수력 | H378: 소수력 | I378: - | J378: 대양수력 | K378: 대양수력 | L378: 농어촌공사 | M378: - | N378: 신재생 | O378: 정회원 | P378: 시장 | Q378: 비중앙 | R378: 전남 광양시 지실길
A379: 수력 | B379: 백제보 | C379: 2640 | D379: 1 | E379: 2640 | F379: 2011.12 | G379: 소수력 | H379: 소수력 | I379: - | J379: Gugler | K379: 현대중공업 | L379: 수자원공사 | M379: - | N379: 신재생 | O379: 정회원 | P379: 시장 | Q379: 비중앙 | R379: 충남 부여군 부여읍
A380: 수력 | B380: 보령 | C380: 145 | D380: 1 | E380: 145 | F380: 1997.12 | G380: 소수력 | H380: 소수력 | I380: - | J380: Dependable(캐) | K380: Marathon(미) | L380: 수자원공사 | M380: - | N380: 신재생 | O380: 정회원 | P380: 시장 | Q380: 비중앙 | R380: 충남 보령시 미산면
A381: 수력 | B381: 보령 | C381: 556 | D381: 1 | E381: 556 | F381: 1999.3 | G381: 소수력 | H381: 소수력 | I381: - | J381: ABB | K381: ABB | L381: 수자원공사 | M381: - | N381: 신재생 | O381: 정회원 | P381: 시장 | Q381: 비중앙 | R381: 충남 보령시 미산면
A382: 수력 | B382: 보령화력#1 | C382: 5000 | D382: 1 | E382: 5000 | F382: 2009.7 | G382: 소수력 | H382: 소수력 | I382: - | J382: 대양전기 | K382: 대양전기 | L382: 중부발전 | M382: - | N382: 신재생 | O382: 정회원 | P382: 시장 | Q382: 비중앙 | R382: 충남 보령시 오천면
A383: 수력 | B383: 보령화력#2 | C383: 2500 | D383: 1 | E383: 2500 | F383: 2008.6 | G383: 소수력 | H383: 소수력 | I383: - | J383: 대양전기 | K383: 대양전기 | L383: 중부발전 | M383: - | N383: 신재생 | O383: 정회원 | P383: 시장 | Q383: 비중앙 | R383: 충남 보령군 오천면 오포
... A596: 집단에너지 | B596: 양산열병합GT | C596: 78012 | D596: 1 | E596: 78012 | F596: 2023.08 | G596: 열병합 | H596: LNG | I596: BHI | J596: GE | K596: GE | L596: 지역난방공사 | M596: 18kV | N596: 집단 | O596: 정회원 | P596: 시장 | Q596: 중앙 | R596: 경남 양산시 동면
A597: 집단에너지 | B597: 양산열병합ST | C597: 40960 | D597: 1 | E597: 40960 | F597: 2023.08 | G597: 열병합 | H597: LNG | I597: BHI | J597: Siemens | K597: Siemens | L597: 지역난방공사 | M597: 13.8 | N597: 집단 | O597: 정회원 | P597: 시장 | Q597: 중앙 | R597: 경남 양산시 동면
A598: 집단에너지 | B598: 양주열병합 | C598: 165000 | D598: 2 | E598: 330000 | F598: 2014.4 | G598: 열병합 | H598: LNG | I598: - | J598: 두산중공업 | K598: 두산중공업 | L598: 대륜발전㈜ | M598: 18kV | N598: 집단 | O598: 정회원 | P598: 시장 | Q598: 중앙 | R598: 경기 양주시 옥정동
A599: 집단에너지 | B599: 양주열병합 | C599: 194300 | D599: 1 | E599: 194300 | F599: 2014.4 | G599: 열병합 | H599: LNG | I599: 두산중공업 | J599: 두산중공업 | K599: 두산중공업 | L599: 대륜발전㈜ | M599: 18kV | N599: 집단 | O599: 정회원 | P599: 시장 | Q599: 중앙 | R599: 경기 양주시 옥정동
A600: 집단에너지 | B600: 위례열병합 | C600: 270400 | D600: 1 | E600: 270400 | F600: 2017.4 | G600: 열병합 | H600: LNG | I600: Siemens | J600: Siemens | K600: Siemens | L600: 위례에너지서비스㈜ | M600: 23kV | N600: 집단 | O600: 정회원 | P600: 시장 | Q600: 중앙 | R600: 경기 하남시 위례대로4길
A601: 집단에너지 | B601: 위례열병합 | C601: 142200 | D601: 1 | E601: 142200 | F601: 2017.4 | G601: 열병합 | H601: LNG | I601: Siemens | J601: Siemens | K601: Siemens | L601: 위례에너지서비스㈜ | M601: 23kV | N601: 집단 | O601: 정회원 | P601: 시장 | Q601: 중앙 | R601: 경기 하남시 위례대로4길
A602: 집단에너지 | B602: 인천공항 | C602: 47000 | D602: 2 | E602: 94000 | F602: 2001.3 | G602: 열병합 | H602: LNG | I602: - | J602: WH(GT) | K602: BRUSH | L602: 인천공항에너지㈜ | M602: - | N602: 집단 | O602: 정회원 | P602: 시장 | Q602: 중앙 | R602: 인천 중구 운서동
A603: 집단에너지 | B603: 인천공항 | C603: 33000 | D603: 1 | E603: 33000 | F603: 2001.3 | G603: 열병합 | H603: LNG | I603: 현대중공업 | J603: MHI(ST) | K603: Meidensha | L603: 인천공항에너지㈜ | M603: - | N603: 집단 | O603: 정회원 | P603: 시장 | Q603: 중앙 | R603: 인천 중구 운서동
A604: 집단에너지 | B604: 전북집단에너지 | C604: 19000 | D604: 1 | E604: 19000 | F604: 1992.4 | G604: 열병합 | H604: 유연탄 | I604: KAWASAKI | J604: KAWASAKI | K604: KAWASAKI | L604: 전북집단에너지㈜ | M604: - | N604: 집단 | O604: 정회원 | P604: 시장 | Q604: 비중앙 | R604: 전북 익산시 신흥동
A605: 집단에너지 | B605: 청주열병합 | C605: 58300 | D605: 1 | E605: 58300 | F605: 2000.1 | G605: 열병합 | H605: 중유 | I605: 현대중공업 | J605: MHI | K605: Melco | L605: 지역난방공사 | M605: 13.8kV | N605: 집단 | O605: 정회원 | P605: 시장 | Q605: 중앙 | R605: 충북 청주시 흥덕구 죽림동
A606: 집단에너지 | B606: 춘천열병합 | C606: 287800 | D606: 1 | E606: 287800 | F606: 2017.5 | G606: 열병합 | H606: LNG | I606: - | J606: MHPS | K606: MELCO | L606: 춘천에너지㈜ | M606: 21kV | N606: 집단 | O606: 정회원 | P606: 시장 | Q606: 중앙 | R606: 강원 춘천시 동산면
A607: 집단에너지 | B607: 춘천열병합 | C607: 143400 | D607: 1 | E607: 143400 | F607: 2017.5 | G607: 열병합 | H607: LNG | I607: BHI | J607: MHPS | K607: MELCO | L607: 춘천에너지㈜ | M607: 21kV | N607: 집단 | O607: 정회원 | P607: 시장 | Q607: 중앙 | R607: 강원 춘천시 동산면
A608: 집단에너지 | B608: 파주열병합 | C608: 163400 | D608: 2 | E608: 326800 | F608: 2011.1 | G608: 열병합 | H608: LNG | I608: - | J608: MHI | K608: Melco | L608: 지역난방공사 | M608: - | N608: 집단 | O608: 정회원 | P608: 시장 | Q608: 중앙 | R608: 경기 파주시 교하읍
A609: 집단에너지 | B609: 파주열병합 | C609: 188700 | D609: 1 | E609: 188700 | F609: 2011.1 | G609: 열병합 | H609: LNG | I609: 범우중공업 | J609: MHI | K609: Melco | L609: 지역난방공사 | M609: - | N609: 집단 | O609: 정회원 | P609: 시장 | Q609: 중앙 | R609: 경기 파주시 교하읍
... A616: 집단에너지 | B616: 화성복합 | C616: 190200 | D616: 1 | E616: 190200 | F616: 2007.11 | G616: 열병합 | H616: LNG | I616: - | J616: - | K616: - | L616: - | M616: 16.5kV | N616: 집단 | O616: 정회원 | P616: 시장 | Q616: 중앙 | R616: 경기 화성시 동탄면

Sheet EPSIS
A1: NUM | B1: resource | C1: Plant_name | D1: Cap (MW) | E1: Starting Year | F1: New Name (To prevent overlapping) | G1: * Raw data Cap : kW
A2: 1 | B2: =EPSIS_RAW!H2 | C2: =EPSIS_RAW!B2 -> 강릉안인#1 | D2: =(EPSIS_RAW!E2)*$H$2 -> 1040 | E2: =ROUNDDOWN(EPSIS_RAW!F2,0) -> 2022 | F2: =A2&C2 -> 1강릉안인#1 | G2: * kW to MW : | H2: =1/1000 -> 0.001
A3: 2 | B3: =EPSIS_RAW!H3 -> 유연탄 | C3: =EPSIS_RAW!B3 -> 강릉안인#2 | D3: =(EPSIS_RAW!E3)*$H$2 -> 1040 | E3: =ROUNDDOWN(EPSIS_RAW!F3,0) -> 2022 | F3: =A3&C3 -> 2강릉안인#2
A4: 3 | B4: =EPSIS_RAW!H4 -> 바이오중유 | C4: =EPSIS_RAW!B4 -> 남제주#1 | D4: =(EPSIS_RAW!E4)*$H$2 -> 100 | E4: =ROUNDDOWN(EPSIS_RAW!F4,0) -> 2006 | F4: =A4&C4 -> 3남제주#1 | I4: resource | J4: type
A5: 4 | B5: =EPSIS_RAW!H5 -> 바이오중유 | C5: =EPSIS_RAW!B5 -> 남제주#2 | D5: =(EPSIS_RAW!E5)*$H$2 -> 100 | E5: =ROUNDDOWN(EPSIS_RAW!F5,0) -> 2007 | F5: =A5&C5 -> 4남제주#2 | I5: 바이오중유 | J5: biomass
A6: 5 | B6: =EPSIS_RAW!H6 -> 유연탄 | C6: =EPSIS_RAW!B6 -> 당진#1 | D6: =(EPSIS_RAW!E6)*$H$2 -> 500 | E6: =ROUNDDOWN(EPSIS_RAW!F6,0) -> 1999 | F6: =A6&C6 -> 5당진#1 | I6: 유연탄 | J6: hard coal
A7: 6 | B7: =EPSIS_RAW!H7 -> 유연탄 | C7: =EPSIS_RAW!B7 -> 당진#10 | D7: =(EPSIS_RAW!E7)*$H$2 -> 1020 | E7: =ROUNDDOWN(EPSIS_RAW!F7,0) -> 2016 | F7: =A7&C7 -> 6당진#10 | I7: 무연탄 | J7: hard coal
A8: 7 | B8: =EPSIS_RAW!H8 -> 유연탄 | C8: =EPSIS_RAW!B8 -> 당진#2 | D8: =(EPSIS_RAW!E8)*$H$2 -> 500 | E8: =ROUNDDOWN(EPSIS_RAW!F8,0) -> 1999 | F8: =A8&C8 -> 7당진#2 | I8: 중유 | J8: heavy or residual fuel oil
A9: 8 | B9: =EPSIS_RAW!H9 -> 유연탄 | C9: =EPSIS_RAW!B9 -> 당진#3 | D9: =(EPSIS_RAW!E9)*$H$2 -> 500 | E9: =ROUNDDOWN(EPSIS_RAW!F9,0) -> 2000 | F9: =A9&C9 -> 8당진#3 | I9: 경유 | J9: petroleum
A10: 9 | B10: =EPSIS_RAW!H10 -> 유연탄 | C10: =EPSIS_RAW!B10 -> 당진#4 | D10: =(EPSIS_RAW!E10)*$H$2 -> 500 | E10: =ROUNDDOWN(EPSIS_RAW!F10,0) -> 2001 | F10: =A10&C10 -> 9당진#4 | I10: LNG | J10: natural gas nonpeaker
A11: 10 | B11: =EPSIS_RAW!H11 -> 유연탄 | C11: =EPSIS_RAW!B11 -> 당진#5 | D11: =(EPSIS_RAW!E11)*$H$2 -> 500 | E11: =ROUNDDOWN(EPSIS_RAW!F11,0) -> 2005 | F11: =A11&C11 -> 10당진#5 | I11: 소수력 | J11: hydro
A12: 11 | B12: =EPSIS_RAW!H12 -> 유연탄 | C12: =EPSIS_RAW!B12 -> 당진#6 | D12: =(EPSIS_RAW!E12)*$H$2 -> 500 | E12: =ROUNDDOWN(EPSIS_RAW!F12,0) -> 2006 | F12: =A12&C12 -> 11당진#6 | I12: 수력 | J12: hydro
A13: 12 | B13: =EPSIS_RAW!H13 -> 유연탄 | C13: =EPSIS_RAW!B13 -> 당진#7 | D13: =(EPSIS_RAW!E13)*$H$2 -> 500 | E13: =ROUNDDOWN(EPSIS_RAW!F13,0) -> 2007 | F13: =A13&C13 -> 12당진#7 | I13: 양수 | J13: -
A14: 13 | B14: =EPSIS_RAW!H14 -> 유연탄 | C14: =EPSIS_RAW!B14 -> 당진#8 | D14: =(EPSIS_RAW!E14)*$H$2 -> 500 | E14: =ROUNDDOWN(EPSIS_RAW!F14,0) -> 2007 | F14: =A14&C14 -> 13당진#8 | I14: 해양에너지 | J14: -
A15: 14 | B15: =EPSIS_RAW!H15 -> 유연탄 | C15: =EPSIS_RAW!B15 -> 당진#9 | D15: =(EPSIS_RAW!E15)*$H$2 -> 1020 | E15: =ROUNDDOWN(EPSIS_RAW!F15,0) -> 2016 | F15: =A15&C15 -> 14당진#9 | I15: 농축U | J15: nuclear
... A18: 17 | B18: =EPSIS_RAW!H18 -> 유연탄 | C18: =EPSIS_RAW!B18 -> 보령#1 | D18: =(EPSIS_RAW!E18)*$H$2 -> 500 | E18: =ROUNDDOWN(EPSIS_RAW!F18,0) -> 1983 | F18: =A18&C18 -> 17보령#1 | I18: - | J18: -
A19: 18 | B19: =EPSIS_RAW!H19 -> 유연탄 | C19: =EPSIS_RAW!B19 -> 보령#2 | D19: =(EPSIS_RAW!E19)*$H$2 -> 500 | E19: =ROUNDDOWN(EPSIS_RAW!F19,0) -> 1984 | F19: =A19&C19 -> 18보령#2 | I19: 유류
A20: 19 | B20: =EPSIS_RAW!H20 -> 유연탄 | C20: =EPSIS_RAW!B20 -> 보령#3 | D20: =(EPSIS_RAW!E20)*$H$2 -> 500 | E20: =ROUNDDOWN(EPSIS_RAW!F20,0) -> 1993 | F20: =A20&C20 -> 19보령#3 | I20: 역청탄 | J20: hard coal
A21: 20 | B21: =EPSIS_RAW!H21 -> 유연탄 | C21: =EPSIS_RAW!B21 -> 보령#4 | D21: =(EPSIS_RAW!E21)*$H$2 -> 500 | E21: =ROUNDDOWN(EPSIS_RAW!F21,0) -> 1993 | F21: =A21&C21 -> 20보령#4
A22: 21 | B22: =EPSIS_RAW!H22 -> 유연탄 | C22: =EPSIS_RAW!B22 -> 보령#5 | D22: =(EPSIS_RAW!E22)*$H$2 -> 500 | E22: =ROUNDDOWN(EPSIS_RAW!F22,0) -> 1993 | F22: =A22&C22 -> 21보령#5
A23: 22 | B23: =EPSIS_RAW!H23 -> 유연탄 | C23: =EPSIS_RAW!B23 -> 보령#6 | D23: =(EPSIS_RAW!E23)*$H$2 -> 500 | E23: =ROUNDDOWN(EPSIS_RAW!F23,0) -> 1994 | F23: =A23&C23 -> 22보령#6
A24: 23 | B24: =EPSIS_RAW!H24 -> 유연탄 | C24: =EPSIS_RAW!B24 -> 보령#7 | D24: =(EPSIS_RAW!E24)*$H$2 -> 500 | E24: =ROUNDDOWN(EPSIS_RAW!F24,0) -> 2008 | F24: =A24&C24 -> 23보령#7
A25: 24 | B25: =EPSIS_RAW!H25 -> 유연탄 | C25: =EPSIS_RAW!B25 -> 보령#8 | D25: =(EPSIS_RAW!E25)*$H$2 -> 500 | E25: =ROUNDDOWN(EPSIS_RAW!F25,0) -> 2008 | F25: =A25&C25 -> 24보령#8
A26: 25 | B26: =EPSIS_RAW!H26 -> 유연탄 | C26: =EPSIS_RAW!B26 -> 북평#1 | D26: =(EPSIS_RAW!E26)*$H$2 -> 595 | E26: =ROUNDDOWN(EPSIS_RAW!F26,0) -> 2017 | F26: =A26&C26 -> 25북평#1
A27: 26 | B27: =EPSIS_RAW!H27 -> 유연탄 | C27: =EPSIS_RAW!B27 -> 북평#2 | D27: =(EPSIS_RAW!E27)*$H$2 -> 595 | E27: =ROUNDDOWN(EPSIS_RAW!F27,0) -> 2017 | F27: =A27&C27 -> 26북평#2
A28: 27 | B28: =EPSIS_RAW!H28 -> 유연탄 | C28: =EPSIS_RAW!B28 -> 삼척그린파워 #1 | D28: =(EPSIS_RAW!E28)*$H$2 -> 1022 | E28: =ROUNDDOWN(EPSIS_RAW!F28,0) -> 2016 | F28: =A28&C28 -> 27삼척그린파워 #1
A29: 28 | B29: =EPSIS_RAW!H29 -> 유연탄 | C29: =EPSIS_RAW!B29 -> 삼척그린파워 #2 | D29: =(EPSIS_RAW!E29)*$H$2 -> 1022 | E29: =ROUNDDOWN(EPSIS_RAW!F29,0) -> 2017 | F29: =A29&C29 -> 28삼척그린파워 #2
A30: 29 | B30: =EPSIS_RAW!H30 -> 유연탄 | C30: =EPSIS_RAW!B30 -> 삼천포#1 | D30: =(EPSIS_RAW!E30)*$H$2 -> 560 | E30: =ROUNDDOWN(EPSIS_RAW!F30,0) -> 1983 | F30: =A30&C30 -> 29삼천포#1
A31: 30 | B31: =EPSIS_RAW!H31 -> 유연탄 | C31: =EPSIS_RAW!B31 -> 삼천포#2 | D31: =(EPSIS_RAW!E31)*$H$2 -> 560 | E31: =ROUNDDOWN(EPSIS_RAW!F31,0) -> 1984 | F31: =A31&C31 -> 30삼천포#2
A32: 31 | B32: =EPSIS_RAW!H32 -> 유연탄 | C32: =EPSIS_RAW!B32 -> 삼천포#3 | D32: =(EPSIS_RAW!E32)*$H$2 -> 560 | E32: =ROUNDDOWN(EPSIS_RAW!F32,0) -> 1993 | F32: =A32&C32 -> 31삼천포#3
... A603: 602 | B603: =EPSIS_RAW!H603 -> LNG | C603: =EPSIS_RAW!B603 -> 인천공항 | D603: =(EPSIS_RAW!E603)*$H$2 -> 33 | E603: =ROUNDDOWN(EPSIS_RAW!F603,0) -> 2001 | F603: =A603&C603 -> 602인천공항

Sheet EPSIS_Cal
A1: # nuclear | E1: * Assumed retire cycle of nuclear plant : | F1: 30 | G1: years | H1: The last year of MOTIE Data : | I1: 2034 | L1: # natural gas nonpeaker | P1: * Assumed retire cycle of nuclear plant : | Q1: 30 | R1: years
E2: ** plants built before | F2: =$I$1-F1 -> 2004 | G2: are not considerd (Assume MOTIE Data already considered them) | P2: ** plants built before | Q2: =$I$1-Q1 -> 2004 | R2: are not considerd (Assume MOTIE Data already considered them)
A3: resource | B3: =EPSIS!I15 -> 농축U | C3: =EPSIS!I16 -> 천연U | L3: resource | M3: =EPSIS!I10 -> LNG
A4: Type | B4: Plant name | C4: Cap. (MW) | D4: starting year | G4: After 2004 ? | H4: Retirement year | L4: Type | M4: Plant name | N4: Cap. (MW) | O4: starting year | R4: After 2004 ? | S4: Retirement year
A5: =IFERROR(INDEX(EPSIS!$B$2:'EPSIS'!$B$603,MATCH($B5,EPSIS!$F$2:'EPSIS'!$F$603,0)),"") -> 농축U | B5: {=IFERROR(INDEX(EPSIS!$F$2:'EPSIS'!$F$603,SMALL(IF(($B$3=EPSIS!$B$2:'EPSIS'!$B$603),MATCH(ROW(EPSIS!$B$2:'EPSIS'!$B$603), ROW(EPSIS!$B$2:'EPSIS'!$B$603)), ""), ROWS($A$1:A1))),"")} -> 509고 리 #2 | C5: =IFERROR(INDEX(EPSIS!D$2:'EPSIS'!D$603,MATCH($B5,EPSIS!$F$2:'EPSIS'!$F$603,0)),"") -> 650 | D5: =IFERROR(INDEX(EPSIS!E$2:'EPSIS'!E$603,MATCH($B5,EPSIS!$F$2:'EPSIS'!$F$603,0)),"") -> 1983 | G5: =IF(D5>$F$2,TRUE,"-") -> - | H5: =IF(G5=TRUE,D5+30,"-") -> - | L5: =IFERROR(INDEX(EPSIS!$B$2:'EPSIS'!$B$603,MATCH($M5,EPSIS!$F$2:'EPSIS'!$F$603,0)),"") -> LNG | M5: {=IFERROR(INDEX(EPSIS!$F$2:'EPSIS'!$F$603,SMALL(IF(($M$3=EPSIS!$B$2:'EPSIS'!$B$603),MATCH(ROW(EPSIS!$B$2:'EPSIS'!$B$603), ROW(EPSIS!$B$2:'EPSIS'!$B$603)), ""), ROWS($A$1:A1))),"")} -> 61평택#1 | N5: =IFERROR(INDEX(EPSIS!D$2:'EPSIS'!D$603,MATCH($M5,EPSIS!$F$2:'EPSIS'!$F$603,0)),"") -> 350 | O5: =IFERROR(INDEX(EPSIS!E$2:'EPSIS'!E$603,MATCH($M5,EPSIS!$F$2:'EPSIS'!$F$603,0)),"") -> 1980 | R5: =IF(O5>$F$2,TRUE,"-") -> - | S5: =IF(R5=TRUE,O5+30,"-") -> -
A6: =IFERROR(INDEX(EPSIS!$B$2:'EPSIS'!$B$603,MATCH($B6,EPSIS!$F$2:'EPSIS'!$F$603,0)),"") -> 농축U | B6: {=IFERROR(INDEX(EPSIS!$F$2:'EPSIS'!$F$603,SMALL(IF(($B$3=EPSIS!$B$2:'EPSIS'!$B$603),MATCH(ROW(EPSIS!$B$2:'EPSIS'!$B$603), ROW(EPSIS!$B$2:'EPSIS'!$B$603)), ""), ROWS($A$1:A2))),"")} -> 510고 리 #3 | C6: =IFERROR(INDEX(EPSIS!D$2:'EPSIS'!D$603,MATCH($B6,EPSIS!$F$2:'EPSIS'!$F$603,0)),"") -> 950 | D6: =IFERROR(INDEX(EPSIS!E$2:'EPSIS'!E$603,MATCH($B6,EPSIS!$F$2:'EPSIS'!$F$603,0)),"") -> 1985 | G6: =IF(D6>$F$2,TRUE,"-") -> - | H6: =IF(G6=TRUE,D6+30,"-") -> - | L6: =IFERROR(INDEX(EPSIS!$B$2:'EPSIS'!$B$603,MATCH($M6,EPSIS!$F$2:'EPSIS'!$F$603,0)),"") -> LNG | M6: {=IFERROR(INDEX(EPSIS!$F$2:'EPSIS'!$F$603,SMALL(IF(($M$3=EPSIS!$B$2:'EPSIS'!$B$603),MATCH(ROW(EPSIS!$B$2:'EPSIS'!$B$603), ROW(EPSIS!$B$2:'EPSIS'!$B$603)), ""), ROWS($A$1:A2))),"")} -> 62평택#2 | N6: =IFERROR(INDEX(EPSIS!D$2:'EPSIS'!D$603,MATCH($M6,EPSIS!$F$2:'EPSIS'!$F$603,0)),"") -> 350 | O6: =IFERROR(INDEX(EPSIS!E$2:'EPSIS'!E$603,MATCH($M6,EPSIS!$F$2:'EPSIS'!$F$603,0)),"") -> 1980 | R6: =IF(O6>$F$2,TRUE,"-") -> - | S6: =IF(R6=TRUE,O6+30,"-") -> -
A7: =IFERROR(INDEX(EPSIS!$B$2:'EPSIS'!$B$603,MATCH($B7,EPSIS!$F$2:'EPSIS'!$F$603,0)),"") -> 농축U | B7: {=IFERROR(INDEX(EPSIS!$F$2:'EPSIS'!$F$603,SMALL(IF(($B$3=EPSIS!$B$2:'EPSIS'!$B$603),MATCH(ROW(EPSIS!$B$2:'EPSIS'!$B$603), ROW(EPSIS!$B$2:'EPSIS'!$B$603)), ""), ROWS($A$1:A3))),"")} -> 511고 리 #4 | C7: =IFERROR(INDEX(EPSIS!D$2:'EPSIS'!D$603,MATCH($B7,EPSIS!$F$2:'EPSIS'!$F$603,0)),"") -> 950 | D7: =IFERROR(INDEX(EPSIS!E$2:'EPSIS'!E$603,MATCH($B7,EPSIS!$F$2:'EPSIS'!$F$603,0)),"") -> 1986 | G7: =IF(D7>$F$2,TRUE,"-") -> - | H7: =IF(G7=TRUE,D7+30,"-") -> - | L7: =IFERROR(INDEX(EPSIS!$B$2:'EPSIS'!$B$603,MATCH($M7,EPSIS!$F$2:'EPSIS'!$F$603,0)),"") -> LNG | M7: {=IFERROR(INDEX(EPSIS!$F$2:'EPSIS'!$F$603,SMALL(IF(($M$3=EPSIS!$B$2:'EPSIS'!$B$603),MATCH(ROW(EPSIS!$B$2:'EPSIS'!$B$603), ROW(EPSIS!$B$2:'EPSIS'!$B$603)), ""), ROWS($A$1:A3))),"")} -> 63평택#3 | N7: =IFERROR(INDEX(EPSIS!D$2:'EPSIS'!D$603,MATCH($M7,EPSIS!$F$2:'EPSIS'!$F$603,0)),"") -> 350 | O7: =IFERROR(INDEX(EPSIS!E$2:'EPSIS'!E$603,MATCH($M7,EPSIS!$F$2:'EPSIS'!$F$603,0)),"") -> 1983 | R7: =IF(O7>$F$2,TRUE,"-") -> - | S7: =IF(R7=TRUE,O7+30,"-") -> -
A8: =IFERROR(INDEX(EPSIS!$B$2:'EPSIS'!$B$603,MATCH($B8,EPSIS!$F$2:'EPSIS'!$F$603,0)),"") -> 농축U | B8: {=IFERROR(INDEX(EPSIS!$F$2:'EPSIS'!$F$603,SMALL(IF(($B$3=EPSIS!$B$2:'EPSIS'!$B$603),MATCH(ROW(EPSIS!$B$2:'EPSIS'!$B$603), ROW(EPSIS!$B$2:'EPSIS'!$B$603)), ""), ROWS($A$1:A4))),"")} -> 512신고리#1 | C8: =IFERROR(INDEX(EPSIS!D$2:'EPSIS'!D$603,MATCH($B8,EPSIS!$F$2:'EPSIS'!$F$603,0)),"") -> 1000 | D8: =IFERROR(INDEX(EPSIS!E$2:'EPSIS'!E$603,MATCH($B8,EPSIS!$F$2:'EPSIS'!$F$603,0)),"") -> 2011 | G8: =IF(D8>$F$2,TRUE,"-") -> TRUE | H8: =IF(G8=TRUE,D8+30,"-") -> 2041 | L8: =IFERROR(INDEX(EPSIS!$B$2:'EPSIS'!$B$603,MATCH($M8,EPSIS!$F$2:'EPSIS'!$F$603,0)),"") -> LNG | M8: {=IFERROR(INDEX(EPSIS!$F$2:'EPSIS'!$F$603,SMALL(IF(($M$3=EPSIS!$B$2:'EPSIS'!$B$603),MATCH(ROW(EPSIS!$B$2:'EPSIS'!$B$603), ROW(EPSIS!$B$2:'EPSIS'!$B$603)), ""), ROWS($A$1:A4))),"")} -> 64평택#4 | N8: =IFERROR(INDEX(EPSIS!D$2:'EPSIS'!D$603,MATCH($M8,EPSIS!$F$2:'EPSIS'!$F$603,0)),"") -> 350 | O8: =IFERROR(INDEX(EPSIS!E$2:'EPSIS'!E$603,MATCH($M8,EPSIS!$F$2:'EPSIS'!$F$603,0)),"") -> 1983 | R8: =IF(O8>$F$2,TRUE,"-") -> - | S8: =IF(R8=TRUE,O8+30,"-") -> -
A9: =IFERROR(INDEX(EPSIS!$B$2:'EPSIS'!$B$603,MATCH($B9,EPSIS!$F$2:'EPSIS'!$F$603,0)),"") -> 농축U | B9: {=IFERROR(INDEX(EPSIS!$F$2:'EPSIS'!$F$603,SMALL(IF(($B$3=EPSIS!$B$2:'EPSIS'!$B$603),MATCH(ROW(EPSIS!$B$2:'EPSIS'!$B$603), ROW(EPSIS!$B$2:'EPSIS'!$B$603)), ""), ROWS($A$1:A5))),"")} -> 513신고리#2 | C9: =IFERROR(INDEX(EPSIS!D$2:'EPSIS'!D$603,MATCH($B9,EPSIS!$F$2:'EPSIS'!$F$603,0)),"") -> 1000 | D9: =IFERROR(INDEX(EPSIS!E$2:'EPSIS'!E$603,MATCH($B9,EPSIS!$F$2:'EPSIS'!$F$603,0)),"") -> 2012 | G9: =IF(D9>$F$2,TRUE,"-") -> TRUE | H9: =IF(G9=TRUE,D9+30,"-") -> 2042 | L9: =IFERROR(INDEX(EPSIS!$B$2:'EPSIS'!$B$603,MATCH($M9,EPSIS!$F$2:'EPSIS'!$F$603,0)),"") -> LNG | M9: {=IFERROR(INDEX(EPSIS!$F$2:'EPSIS'!$F$603,SMALL(IF(($M$3=EPSIS!$B$2:'EPSIS'!$B$603),MATCH(ROW(EPSIS!$B$2:'EPSIS'!$B$603), ROW(EPSIS!$B$2:'EPSIS'!$B$603)), ""), ROWS($A$1:A5))),"")} -> 191광양#1 GT | N9: =IFERROR(INDEX(EPSIS!D$2:'EPSIS'!D$603,MATCH($M9,EPSIS!$F$2:'EPSIS'!$F$603,0)),"") -> 306.2 | O9: =IFERROR(INDEX(EPSIS!E$2:'EPSIS'!E$603,MATCH($M9,EPSIS!$F$2:'EPSIS'!$F$603,0)),"") -> 2006 | R9: =IF(O9>$F$2,TRUE,"-") -> TRUE | S9: =IF(R9=TRUE,O9+30,"-") -> 2036
A10: =IFERROR(INDEX(EPSIS!$B$2:'EPSIS'!$B$603,MATCH($B10,EPSIS!$F$2:'EPSIS'!$F$603,0)),"") -> 농축U | B10: {=IFERROR(INDEX(EPSIS!$F$2:'EPSIS'!$F$603,SMALL(IF(($B$3=EPSIS!$B$2:'EPSIS'!$B$603),MATCH(ROW(EPSIS!$B$2:'EPSIS'!$B$603), ROW(EPSIS!$B$2:'EPSIS'!$B$603)), ""), ROWS($A$1:A6))),"")} -> 514신고리#3 | C10: =IFERROR(INDEX(EPSIS!D$2:'EPSIS'!D$603,MATCH($B10,EPSIS!$F$2:'EPSIS'!$F$603,0)),"") -> 1400 | D10: =IFERROR(INDEX(EPSIS!E$2:'EPSIS'!E$603,MATCH($B10,EPSIS!$F$2:'EPSIS'!$F$603,0)),"") -> 2016 | G10: =IF(D10>$F$2,TRUE,"-") -> TRUE | H10: =IF(G10=TRUE,D10+30,"-") -> 2046 | L10: =IFERROR(INDEX(EPSIS!$B$2:'EPSIS'!$B$603,MATCH($M10,EPSIS!$F$2:'EPSIS'!$F$603,0)),"") -> LNG | M10: {=IFERROR(INDEX(EPSIS!$F$2:'EPSIS'!$F$603,SMALL(IF(($M$3=EPSIS!$B$2:'EPSIS'!$B$603),MATCH(ROW(EPSIS!$B$2:'EPSIS'!$B$603), ROW(EPSIS!$B$2:'EPSIS'!$B$603)), ""), ROWS($A$1:A6))),"")} -> 192광양#1 ST | N10: =IFERROR(INDEX(EPSIS!D$2:'EPSIS'!D$603,MATCH($M10,EPSIS!$F$2:'EPSIS'!$F$603,0)),"") -> 188.4 | O10: =IFERROR(INDEX(EPSIS!E$2:'EPSIS'!E$603,MATCH($M10,EPSIS!$F$2:'EPSIS'!$F$603,0)),"") -> 2006 | R10: =IF(O10>$F$2,TRUE,"-") -> TRUE | S10: =IF(R10=TRUE,O10+30,"-") -> 2036
A11: =IFERROR(INDEX(EPSIS!$B$2:'EPSIS'!$B$603,MATCH($B11,EPSIS!$F$2:'EPSIS'!$F$603,0)),"") -> 농축U | B11: {=IFERROR(INDEX(EPSIS!$F$2:'EPSIS'!$F$603,SMALL(IF(($B$3=EPSIS!$B$2:'EPSIS'!$B$603),MATCH(ROW(EPSIS!$B$2:'EPSIS'!$B$603), ROW(EPSIS!$B$2:'EPSIS'!$B$603)), ""), ROWS($A$1:A7))),"")} -> 515신고리#4 | C11: =IFERROR(INDEX(EPSIS!D$2:'EPSIS'!D$603,MATCH($B11,EPSIS!$F$2:'EPSIS'!$F$603,0)),"") -> 1400 | D11: =IFERROR(INDEX(EPSIS!E$2:'EPSIS'!E$603,MATCH($B11,EPSIS!$F$2:'EPSIS'!$F$603,0)),"") -> 2019 | G11: =IF(D11>$F$2,TRUE,"-") -> TRUE | H11: =IF(G11=TRUE,D11+30,"-") -> 2049 | L11: =IFERROR(INDEX(EPSIS!$B$2:'EPSIS'!$B$603,MATCH($M11,EPSIS!$F$2:'EPSIS'!$F$603,0)),"") -> LNG | M11: {=IFERROR(INDEX(EPSIS!$F$2:'EPSIS'!$F$603,SMALL(IF(($M$3=EPSIS!$B$2:'EPSIS'!$B$603),MATCH(ROW(EPSIS!$B$2:'EPSIS'!$B$603), ROW(EPSIS!$B$2:'EPSIS'!$B$603)), ""), ROWS($A$1:A7))),"")} -> 193광양#2 GT | N11: =IFERROR(INDEX(EPSIS!D$2:'EPSIS'!D$603,MATCH($M11,EPSIS!$F$2:'EPSIS'!$F$603,0)),"") -> 306.2 | O11: =IFERROR(INDEX(EPSIS!E$2:'EPSIS'!E$603,MATCH($M11,EPSIS!$F$2:'EPSIS'!$F$603,0)),"") -> 2006 | R11: =IF(O11>$F$2,TRUE,"-") -> TRUE | S11: =IF(R11=TRUE,O11+30,"-") -> 2036
A12: =IFERROR(INDEX(EPSIS!$B$2:'EPSIS'!$B$603,MATCH($B12,EPSIS!$F$2:'EPSIS'!$F$603,0)),"") -> 농축U | B12: {=IFERROR(INDEX(EPSIS!$F$2:'EPSIS'!$F$603,SMALL(IF(($B$3=EPSIS!$B$2:'EPSIS'!$B$603),MATCH(ROW(EPSIS!$B$2:'EPSIS'!$B$603), ROW(EPSIS!$B$2:'EPSIS'!$B$603)), ""), ROWS($A$1:A8))),"")} -> 516신월성#1 | C12: =IFERROR(INDEX(EPSIS!D$2:'EPSIS'!D$603,MATCH($B12,EPSIS!$F$2:'EPSIS'!$F$603,0)),"") -> 1000 | D12: =IFERROR(INDEX(EPSIS!E$2:'EPSIS'!E$603,MATCH($B12,EPSIS!$F$2:'EPSIS'!$F$603,0)),"") -> 2012 | G12: =IF(D12>$F$2,TRUE,"-") -> TRUE | H12: =IF(G12=TRUE,D12+30,"-") -> 2042 | L12: =IFERROR(INDEX(EPSIS!$B$2:'EPSIS'!$B$603,MATCH($M12,EPSIS!$F$2:'EPSIS'!$F$603,0)),"") -> LNG | M12: {=IFERROR(INDEX(EPSIS!$F$2:'EPSIS'!$F$603,SMALL(IF(($M$3=EPSIS!$B$2:'EPSIS'!$B$603),MATCH(ROW(EPSIS!$B$2:'EPSIS'!$B$603), ROW(EPSIS!$B$2:'EPSIS'!$B$603)), ""), ROWS($A$1:A8))),"")} -> 194광양#2 ST | N12: =IFERROR(INDEX(EPSIS!D$2:'EPSIS'!D$603,MATCH($M12,EPSIS!$F$2:'EPSIS'!$F$603,0)),"") -> 188.4 | O12: =IFERROR(INDEX(EPSIS!E$2:'EPSIS'!E$603,MATCH($M12,EPSIS!$F$2:'EPSIS'!$F$603,0)),"") -> 2006 | R12: =IF(O12>$F$2,TRUE,"-") -> TRUE | S12: =IF(R12=TRUE,O12+30,"-") -> 2036
A13: =IFERROR(INDEX(EPSIS!$B$2:'EPSIS'!$B$603,MATCH($B13,EPSIS!$F$2:'EPSIS'!$F$603,0)),"") -> 농축U | B13: {=IFERROR(INDEX(EPSIS!$F$2:'EPSIS'!$F$603,SMALL(IF(($B$3=EPSIS!$B$2:'EPSIS'!$B$603),MATCH(ROW(EPSIS!$B$2:'EPSIS'!$B$603), ROW(EPSIS!$B$2:'EPSIS'!$B$603)), ""), ROWS($A$1:A9))),"")} -> 517신월성#2 | C13: =IFERROR(INDEX(EPSIS!D$2:'EPSIS'!D$603,MATCH($B13,EPSIS!$F$2:'EPSIS'!$F$603,0)),"") -> 1000 | D13: =IFERROR(INDEX(EPSIS!E$2:'EPSIS'!E$603,MATCH($B13,EPSIS!$F$2:'EPSIS'!$F$603,0)),"") -> 2015 | G13: =IF(D13>$F$2,TRUE,"-") -> TRUE | H13: =IF(G13=TRUE,D13+30,"-") -> 2045 | L13: =IFERROR(INDEX(EPSIS!$B$2:'EPSIS'!$B$603,MATCH($M13,EPSIS!$F$2:'EPSIS'!$F$603,0)),"") -> LNG | M13: {=IFERROR(INDEX(EPSIS!$F$2:'EPSIS'!$F$603,SMALL(IF(($M$3=EPSIS!$B$2:'EPSIS'!$B$603),MATCH(ROW(EPSIS!$B$2:'EPSIS'!$B$603), ROW(EPSIS!$B$2:'EPSIS'!$B$603)), ""), ROWS($A$1:A9))),"")} -> 195군산 GT | N13: =IFERROR(INDEX(EPSIS!D$2:'EPSIS'!D$603,MATCH($M13,EPSIS!$F$2:'EPSIS'!$F$603,0)),"") -> 466.6 | O13: =IFERROR(INDEX(EPSIS!E$2:'EPSIS'!E$603,MATCH($M13,EPSIS!$F$2:'EPSIS'!$F$603,0)),"") -> 2010 | R13: =IF(O13>$F$2,TRUE,"-") -> TRUE | S13: =IF(R13=TRUE,O13+30,"-") -> 2040
A14: =IFERROR(INDEX(EPSIS!$B$2:'EPSIS'!$B$603,MATCH($B14,EPSIS!$F$2:'EPSIS'!$F$603,0)),"") -> 농축U | B14: {=IFERROR(INDEX(EPSIS!$F$2:'EPSIS'!$F$603,SMALL(IF(($B$3=EPSIS!$B$2:'EPSIS'!$B$603),MATCH(ROW(EPSIS!$B$2:'EPSIS'!$B$603), ROW(EPSIS!$B$2:'EPSIS'!$B$603)), ""), ROWS($A$1:A10))),"")} -> 518신한울 #1 | C14: =IFERROR(INDEX(EPSIS!D$2:'EPSIS'!D$603,MATCH($B14,EPSIS!$F$2:'EPSIS'!$F$603,0)),"") -> 1400 | D14: =IFERROR(INDEX(EPSIS!E$2:'EPSIS'!E$603,MATCH($B14,EPSIS!$F$2:'EPSIS'!$F$603,0)),"") -> 2022 | G14: =IF(D14>$F$2,TRUE,"-") -> TRUE | H14: =IF(G14=TRUE,D14+30,"-") -> 2052 | L14: =IFERROR(INDEX(EPSIS!$B$2:'EPSIS'!$B$603,MATCH($M14,EPSIS!$F$2:'EPSIS'!$F$603,0)),"") -> LNG | M14: {=IFERROR(INDEX(EPSIS!$F$2:'EPSIS'!$F$603,SMALL(IF(($M$3=EPSIS!$B$2:'EPSIS'!$B$603),MATCH(ROW(EPSIS!$B$2:'EPSIS'!$B$603), ROW(EPSIS!$B$2:'EPSIS'!$B$603)), ""), ROWS($A$1:A10))),"")} -> 196군산 ST | N14: =IFERROR(INDEX(EPSIS!D$2:'EPSIS'!D$603,MATCH($M14,EPSIS!$F$2:'EPSIS'!$F$603,0)),"") -> 251.8 | O14: =IFERROR(INDEX(EPSIS!E$2:'EPSIS'!E$603,MATCH($M14,EPSIS!$F$2:'EPSIS'!$F$603,0)),"") -> 2010 | R14: =IF(O14>$F$2,TRUE,"-") -> TRUE | S14: =IF(R14=TRUE,O14+30,"-") -> 2040
A15: =IFERROR(INDEX(EPSIS!$B$2:'EPSIS'!$B$603,MATCH($B15,EPSIS!$F$2:'EPSIS'!$F$603,0)),"") -> 농축U | B15: {=IFERROR(INDEX(EPSIS!$F$2:'EPSIS'!$F$603,SMALL(IF(($B$3=EPSIS!$B$2:'EPSIS'!$B$603),MATCH(ROW(EPSIS!$B$2:'EPSIS'!$B$603), ROW(EPSIS!$B$2:'EPSIS'!$B$603)), ""), ROWS($A$1:A11))),"")} -> 522한 빛 #1 | C15: =IFERROR(INDEX(EPSIS!D$2:'EPSIS'!D$603,MATCH($B15,EPSIS!$F$2:'EPSIS'!$F$603,0)),"") -> 950 | D15: =IFERROR(INDEX(EPSIS!E$2:'EPSIS'!E$603,MATCH($B15,EPSIS!$F$2:'EPSIS'!$F$603,0)),"") -> 1986 | G15: =IF(D15>$F$2,TRUE,"-") -> - | H15: =IF(G15=TRUE,D15+30,"-") -> - | L15: =IFERROR(INDEX(EPSIS!$B$2:'EPSIS'!$B$603,MATCH($M15,EPSIS!$F$2:'EPSIS'!$F$603,0)),"") -> LNG | M15: {=IFERROR(INDEX(EPSIS!$F$2:'EPSIS'!$F$603,SMALL(IF(($M$3=EPSIS!$B$2:'EPSIS'!$B$603),MATCH(ROW(EPSIS!$B$2:'EPSIS'!$B$603), ROW(EPSIS!$B$2:'EPSIS'!$B$603)), ""), ROWS($A$1:A11))),"")} -> 197남제주복합 GT | N15: =IFERROR(INDEX(EPSIS!D$2:'EPSIS'!D$603,MATCH($M15,EPSIS!$F$2:'EPSIS'!$F$603,0)),"") -> 97.028 | O15: =IFERROR(INDEX(EPSIS!E$2:'EPSIS'!E$603,MATCH($M15,EPSIS!$F$2:'EPSIS'!$F$603,0)),"") -> 2020 | R15: =IF(O15>$F$2,TRUE,"-") -> TRUE | S15: =IF(R15=TRUE,O15+30,"-") -> 2050
A16: =IFERROR(INDEX(EPSIS!$B$2:'EPSIS'!$B$603,MATCH($B16,EPSIS!$F$2:'EPSIS'!$F$603,0)),"") -> 농축U | B16: {=IFERROR(INDEX(EPSIS!$F$2:'EPSIS'!$F$603,SMALL(IF(($B$3=EPSIS!$B$2:'EPSIS'!$B$603),MATCH(ROW(EPSIS!$B$2:'EPSIS'!$B$603), ROW(EPSIS!$B$2:'EPSIS'!$B$603)), ""), ROWS($A$1:A12))),"")} -> 523한 빛 #2 | C16: =IFERROR(INDEX(EPSIS!D$2:'EPSIS'!D$603,MATCH($B16,EPSIS!$F$2:'EPSIS'!$F$603,0)),"") -> 950 | D16: =IFERROR(INDEX(EPSIS!E$2:'EPSIS'!E$603,MATCH($B16,EPSIS!$F$2:'EPSIS'!$F$603,0)),"") -> 1987 | G16: =IF(D16>$F$2,TRUE,"-") -> - | H16: =IF(G16=TRUE,D16+30,"-") -> - | L16: =IFERROR(INDEX(EPSIS!$B$2:'EPSIS'!$B$603,MATCH($M16,EPSIS!$F$2:'EPSIS'!$F$603,0)),"") -> LNG | M16: {=IFERROR(INDEX(EPSIS!$F$2:'EPSIS'!$F$603,SMALL(IF(($M$3=EPSIS!$B$2:'EPSIS'!$B$603),MATCH(ROW(EPSIS!$B$2:'EPSIS'!$B$603), ROW(EPSIS!$B$2:'EPSIS'!$B$603)), ""), ROWS($A$1:A12))),"")} -> 198남제주복합 ST | N16: =IFERROR(INDEX(EPSIS!D$2:'EPSIS'!D$603,MATCH($M16,EPSIS!$F$2:'EPSIS'!$F$603,0)),"") -> 49.217 | O16: =IFERROR(INDEX(EPSIS!E$2:'EPSIS'!E$603,MATCH($M16,EPSIS!$F$2:'EPSIS'!$F$603,0)),"") -> 2020 | R16: =IF(O16>$F$2,TRUE,"-") -> TRUE | S16: =IF(R16=TRUE,O16+30,"-") -> 2050
... A24: =IFERROR(INDEX(EPSIS!$B$2:'EPSIS'!$B$603,MATCH($B24,EPSIS!$F$2:'EPSIS'!$F$603,0)),"") -> 농축U | B24: {=IFERROR(INDEX(EPSIS!$F$2:'EPSIS'!$F$603,SMALL(IF(($B$3=EPSIS!$B$2:'EPSIS'!$B$603),MATCH(ROW(EPSIS!$B$2:'EPSIS'!$B$603), ROW(EPSIS!$B$2:'EPSIS'!$B$603)), ""), ROWS($A$1:A20))),"")} -> 531한 울 #4 | C24: =IFERROR(INDEX(EPSIS!D$2:'EPSIS'!D$603,MATCH($B24,EPSIS!$F$2:'EPSIS'!$F$603,0)),"") -> 1000 | D24: =IFERROR(INDEX(EPSIS!E$2:'EPSIS'!E$603,MATCH($B24,EPSIS!$F$2:'EPSIS'!$F$603,0)),"") -> 1999 | G24: =IF(D24>$F$2,TRUE,"-") -> - | H24: =IF(G24=TRUE,D24+30,"-") -> - | L24: =IFERROR(INDEX(EPSIS!$B$2:'EPSIS'!$B$603,MATCH($M24,EPSIS!$F$2:'EPSIS'!$F$603,0)),"") -> LNG | M24: {=IFERROR(INDEX(EPSIS!$F$2:'EPSIS'!$F$603,SMALL(IF(($M$3=EPSIS!$B$2:'EPSIS'!$B$603),MATCH(ROW(EPSIS!$B$2:'EPSIS'!$B$603), ROW(EPSIS!$B$2:'EPSIS'!$B$603)), ""), ROWS($A$1:A20))),"")} -> 206당진#4 ST | N24: =IFERROR(INDEX(EPSIS!D$2:'EPSIS'!D$603,MATCH($M24,EPSIS!$F$2:'EPSIS'!$F$603,0)),"") -> 306.4 | O24: =IFERROR(INDEX(EPSIS!E$2:'EPSIS'!E$603,MATCH($M24,EPSIS!$F$2:'EPSIS'!$F$603,0)),"") -> 2017 | R24: =IF(O24>$F$2,TRUE,"-") -> TRUE | S24: =IF(R24=TRUE,O24+30,"-") -> 2047
A25: =IFERROR(INDEX(EPSIS!$B$2:'EPSIS'!$B$603,MATCH($B25,EPSIS!$F$2:'EPSIS'!$F$603,0)),"") -> 농축U | B25: {=IFERROR(INDEX(EPSIS!$F$2:'EPSIS'!$F$603,SMALL(IF(($B$3=EPSIS!$B$2:'EPSIS'!$B$603),MATCH(ROW(EPSIS!$B$2:'EPSIS'!$B$603), ROW(EPSIS!$B$2:'EPSIS'!$B$603)), ""), ROWS($A$1:A21))),"")} -> 532한 울 #5 | C25: =IFERROR(INDEX(EPSIS!D$2:'EPSIS'!D$603,MATCH($B25,EPSIS!$F$2:'EPSIS'!$F$603,0)),"") -> 1000 | D25: =IFERROR(INDEX(EPSIS!E$2:'EPSIS'!E$603,MATCH($B25,EPSIS!$F$2:'EPSIS'!$F$603,0)),"") -> 2004 | G25: =IF(D25>$F$2,TRUE,"-") -> - | H25: =IF(G25=TRUE,D25+30,"-") -> - | L25: =$M$3 -> LNG | M25: {=IFERROR(INDEX(EPSIS!$F$2:'EPSIS'!$F$603,SMALL(IF(($M$3=EPSIS!$B$2:'EPSIS'!$B$603),MATCH(ROW(EPSIS!$B$2:'EPSIS'!$B$603), ROW(EPSIS!$B$2:'EPSIS'!$B$603)), ""), ROWS($A$1:A21))),"")} -> 207대산 GT | N25: =(EPSIS_RAW!E211)*EPSIS!$H$2 -> 285.8 | O25: =ROUNDDOWN(EPSIS_RAW!F211,0) -> 2015 | R25: =IF(O25>$F$2,TRUE,"-") -> TRUE | S25: =IF(R25=TRUE,O25+30,"-") -> 2045
A26: =IFERROR(INDEX(EPSIS!$B$2:'EPSIS'!$B$603,MATCH($B26,EPSIS!$F$2:'EPSIS'!$F$603,0)),"") -> 천연U | B26: {=IFERROR(INDEX(EPSIS!$F$2:'EPSIS'!$F$603,SMALL(IF(($C$3=EPSIS!$B$2:'EPSIS'!$B$603),MATCH(ROW(EPSIS!$B$2:'EPSIS'!$B$603), ROW(EPSIS!$B$2:'EPSIS'!$B$603)), ""), ROWS($A$1:A1))),"")} -> 519월 성 #2 | C26: =IFERROR(INDEX(EPSIS!D$2:'EPSIS'!D$603,MATCH($B26,EPSIS!$F$2:'EPSIS'!$F$603,0)),"") -> 700 | D26: =IFERROR(INDEX(EPSIS!E$2:'EPSIS'!E$603,MATCH($B26,EPSIS!$F$2:'EPSIS'!$F$603,0)),"") -> 1997 | G26: =IF(D26>$F$2,TRUE,"-") -> - | H26: =IF(G26=TRUE,D26+30,"-") -> - | L26: =$M$3 -> LNG | M26: {=IFERROR(INDEX(EPSIS!$F$2:'EPSIS'!$F$603,SMALL(IF(($M$3=EPSIS!$B$2:'EPSIS'!$B$603),MATCH(ROW(EPSIS!$B$2:'EPSIS'!$B$603), ROW(EPSIS!$B$2:'EPSIS'!$B$603)), ""), ROWS($A$1:A22))),"")} -> 208대산 ST | N26: =(EPSIS_RAW!E212)*EPSIS!$H$2 -> 572.6 | O26: =ROUNDDOWN(EPSIS_RAW!F212,0) -> 2015 | R26: =IF(O26>$F$2,TRUE,"-") -> TRUE | S26: =IF(R26=TRUE,O26+30,"-") -> 2045
A27: =IFERROR(INDEX(EPSIS!$B$2:'EPSIS'!$B$603,MATCH($B27,EPSIS!$F$2:'EPSIS'!$F$603,0)),"") -> 천연U | B27: {=IFERROR(INDEX(EPSIS!$F$2:'EPSIS'!$F$603,SMALL(IF(($C$3=EPSIS!$B$2:'EPSIS'!$B$603),MATCH(ROW(EPSIS!$B$2:'EPSIS'!$B$603), ROW(EPSIS!$B$2:'EPSIS'!$B$603)), ""), ROWS($A$1:A2))),"")} -> 520월 성 #3 | C27: =IFERROR(INDEX(EPSIS!D$2:'EPSIS'!D$603,MATCH($B27,EPSIS!$F$2:'EPSIS'!$F$603,0)),"") -> 700 | D27: =IFERROR(INDEX(EPSIS!E$2:'EPSIS'!E$603,MATCH($B27,EPSIS!$F$2:'EPSIS'!$F$603,0)),"") -> 1998 | G27: =IF(D27>$F$2,TRUE,"-") -> - | H27: =IF(G27=TRUE,D27+30,"-") -> - | L27: =IFERROR(INDEX(EPSIS!$B$2:'EPSIS'!$B$603,MATCH($M27,EPSIS!$F$2:'EPSIS'!$F$603,0)),"") -> LNG | M27: {=IFERROR(INDEX(EPSIS!$F$2:'EPSIS'!$F$603,SMALL(IF(($M$3=EPSIS!$B$2:'EPSIS'!$B$603),MATCH(ROW(EPSIS!$B$2:'EPSIS'!$B$603), ROW(EPSIS!$B$2:'EPSIS'!$B$603)), ""), ROWS($A$1:A23))),"")} -> 209동두천#1 GT | N27: =IFERROR(INDEX(EPSIS!D$2:'EPSIS'!D$603,MATCH($M27,EPSIS!$F$2:'EPSIS'!$F$603,0)),"") -> 572.6 | O27: =IFERROR(INDEX(EPSIS!E$2:'EPSIS'!E$603,MATCH($M27,EPSIS!$F$2:'EPSIS'!$F$603,0)),"") -> 2015 | R27: =IF(O27>$F$2,TRUE,"-") -> TRUE | S27: =IF(R27=TRUE,O27+30,"-") -> 2045
A28: =IFERROR(INDEX(EPSIS!$B$2:'EPSIS'!$B$603,MATCH($B28,EPSIS!$F$2:'EPSIS'!$F$603,0)),"") -> 천연U | B28: {=IFERROR(INDEX(EPSIS!$F$2:'EPSIS'!$F$603,SMALL(IF(($C$3=EPSIS!$B$2:'EPSIS'!$B$603),MATCH(ROW(EPSIS!$B$2:'EPSIS'!$B$603), ROW(EPSIS!$B$2:'EPSIS'!$B$603)), ""), ROWS($A$1:A3))),"")} -> 521월 성 #4 | C28: =IFERROR(INDEX(EPSIS!D$2:'EPSIS'!D$603,MATCH($B28,EPSIS!$F$2:'EPSIS'!$F$603,0)),"") -> 700 | D28: =IFERROR(INDEX(EPSIS!E$2:'EPSIS'!E$603,MATCH($B28,EPSIS!$F$2:'EPSIS'!$F$603,0)),"") -> 1999 | G28: =IF(D28>$F$2,TRUE,"-") -> - | H28: =IF(G28=TRUE,D28+30,"-") -> - | L28: =IFERROR(INDEX(EPSIS!$B$2:'EPSIS'!$B$603,MATCH($M28,EPSIS!$F$2:'EPSIS'!$F$603,0)),"") -> LNG | M28: {=IFERROR(INDEX(EPSIS!$F$2:'EPSIS'!$F$603,SMALL(IF(($M$3=EPSIS!$B$2:'EPSIS'!$B$603),MATCH(ROW(EPSIS!$B$2:'EPSIS'!$B$603), ROW(EPSIS!$B$2:'EPSIS'!$B$603)), ""), ROWS($A$1:A24))),"")} -> 210동두천#1 ST | N28: =IFERROR(INDEX(EPSIS!D$2:'EPSIS'!D$603,MATCH($M28,EPSIS!$F$2:'EPSIS'!$F$603,0)),"") -> 285.8 | O28: =IFERROR(INDEX(EPSIS!E$2:'EPSIS'!E$603,MATCH($M28,EPSIS!$F$2:'EPSIS'!$F$603,0)),"") -> 2015 | R28: =IF(O28>$F$2,TRUE,"-") -> TRUE | S28: =IF(R28=TRUE,O28+30,"-") -> 2045
L29: =IFERROR(INDEX(EPSIS!$B$2:'EPSIS'!$B$603,MATCH($M29,EPSIS!$F$2:'EPSIS'!$F$603,0)),"") -> LNG | M29: {=IFERROR(INDEX(EPSIS!$F$2:'EPSIS'!$F$603,SMALL(IF(($M$3=EPSIS!$B$2:'EPSIS'!$B$603),MATCH(ROW(EPSIS!$B$2:'EPSIS'!$B$603), ROW(EPSIS!$B$2:'EPSIS'!$B$603)), ""), ROWS($A$1:A25))),"")} -> 211동두천#2 GT | N29: =IFERROR(INDEX(EPSIS!D$2:'EPSIS'!D$603,MATCH($M29,EPSIS!$F$2:'EPSIS'!$F$603,0)),"") -> 572.6 | O29: =IFERROR(INDEX(EPSIS!E$2:'EPSIS'!E$603,MATCH($M29,EPSIS!$F$2:'EPSIS'!$F$603,0)),"") -> 2015 | R29: =IF(O29>$F$2,TRUE,"-") -> TRUE | S29: =IF(R29=TRUE,O29+30,"-") -> 2045
L30: =IFERROR(INDEX(EPSIS!$B$2:'EPSIS'!$B$603,MATCH($M30,EPSIS!$F$2:'EPSIS'!$F$603,0)),"") -> LNG | M30: {=IFERROR(INDEX(EPSIS!$F$2:'EPSIS'!$F$603,SMALL(IF(($M$3=EPSIS!$B$2:'EPSIS'!$B$603),MATCH(ROW(EPSIS!$B$2:'EPSIS'!$B$603), ROW(EPSIS!$B$2:'EPSIS'!$B$603)), ""), ROWS($A$1:A26))),"")} -> 212동두천#2 ST | N30: =IFERROR(INDEX(EPSIS!D$2:'EPSIS'!D$603,MATCH($M30,EPSIS!$F$2:'EPSIS'!$F$603,0)),"") -> 285.8 | O30: =IFERROR(INDEX(EPSIS!E$2:'EPSIS'!E$603,MATCH($M30,EPSIS!$F$2:'EPSIS'!$F$603,0)),"") -> 2015 | R30: =IF(O30>$F$2,TRUE,"-") -> TRUE | S30: =IF(R30=TRUE,O30+30,"-") -> 2045
A31: # hard coal | E31: * Assumed retire cycle of nuclear plant : | F31: 30 | G31: years | L31: =IFERROR(INDEX(EPSIS!$B$2:'EPSIS'!$B$603,MATCH($M31,EPSIS!$F$2:'EPSIS'!$F$603,0)),"") -> LNG | M31: {=IFERROR(INDEX(EPSIS!$F$2:'EPSIS'!$F$603,SMALL(IF(($M$3=EPSIS!$B$2:'EPSIS'!$B$603),MATCH(ROW(EPSIS!$B$2:'EPSIS'!$B$603), ROW(EPSIS!$B$2:'EPSIS'!$B$603)), ""), ROWS($A$1:A27))),"")} -> 213보령#1-3 GT | N31: =IFERROR(INDEX(EPSIS!D$2:'EPSIS'!D$603,MATCH($M31,EPSIS!$F$2:'EPSIS'!$F$603,0)),"") -> 900 | O31: =IFERROR(INDEX(EPSIS!E$2:'EPSIS'!E$603,MATCH($M31,EPSIS!$F$2:'EPSIS'!$F$603,0)),"") -> 1997 | R31: =IF(O31>$F$2,TRUE,"-") -> - | S31: =IF(R31=TRUE,O31+30,"-") -> -
E32: ** plants built before | F32: =$I$1-F31 -> 2004 | G32: are not considerd (Assume MOTIE Data already considered them) | L32: =IFERROR(INDEX(EPSIS!$B$2:'EPSIS'!$B$603,MATCH($M32,EPSIS!$F$2:'EPSIS'!$F$603,0)),"") -> LNG | M32: {=IFERROR(INDEX(EPSIS!$F$2:'EPSIS'!$F$603,SMALL(IF(($M$3=EPSIS!$B$2:'EPSIS'!$B$603),MATCH(ROW(EPSIS!$B$2:'EPSIS'!$B$603), ROW(EPSIS!$B$2:'EPSIS'!$B$603)), ""), ROWS($A$1:A28))),"")} -> 214보령#1-3 ST | N32: =IFERROR(INDEX(EPSIS!D$2:'EPSIS'!D$603,MATCH($M32,EPSIS!$F$2:'EPSIS'!$F$603,0)),"") -> 450 | O32: =IFERROR(INDEX(EPSIS!E$2:'EPSIS'!E$603,MATCH($M32,EPSIS!$F$2:'EPSIS'!$F$603,0)),"") -> 2002 | R32: =IF(O32>$F$2,TRUE,"-") -> - | S32: =IF(R32=TRUE,O32+30,"-") -> -
A33: resource | B33: =EPSIS!I6 -> 유연탄 | C33: =EPSIS!I7 -> 무연탄 | D33: =EPSIS!I20 -> 역청탄 | L33: =IFERROR(INDEX(EPSIS!$B$2:'EPSIS'!$B$603,MATCH($M33,EPSIS!$F$2:'EPSIS'!$F$603,0)),"") -> LNG | M33: {=IFERROR(INDEX(EPSIS!$F$2:'EPSIS'!$F$603,SMALL(IF(($M$3=EPSIS!$B$2:'EPSIS'!$B$603),MATCH(ROW(EPSIS!$B$2:'EPSIS'!$B$603), ROW(EPSIS!$B$2:'EPSIS'!$B$603)), ""), ROWS($A$1:A29))),"")} -> 215부산#1 GT | N33: =IFERROR(INDEX(EPSIS!D$2:'EPSIS'!D$603,MATCH($M33,EPSIS!$F$2:'EPSIS'!$F$603,0)),"") -> 300 | O33: =IFERROR(INDEX(EPSIS!E$2:'EPSIS'!E$603,MATCH($M33,EPSIS!$F$2:'EPSIS'!$F$603,0)),"") -> 2003 | R33: =IF(O33>$F$2,TRUE,"-") -> - | S33: =IF(R33=TRUE,O33+30,"-") -> -
A34: Type | B34: Plant name | C34: Cap. (MW) | D34: starting year | G34: After 2004 ? | H34: Retirement year | L34: =IFERROR(INDEX(EPSIS!$B$2:'EPSIS'!$B$603,MATCH($M34,EPSIS!$F$2:'EPSIS'!$F$603,0)),"") -> LNG | M34: {=IFERROR(INDEX(EPSIS!$F$2:'EPSIS'!$F$603,SMALL(IF(($M$3=EPSIS!$B$2:'EPSIS'!$B$603),MATCH(ROW(EPSIS!$B$2:'EPSIS'!$B$603), ROW(EPSIS!$B$2:'EPSIS'!$B$603)), ""), ROWS($A$1:A30))),"")} -> 216부산#1 ST | N34: =IFERROR(INDEX(EPSIS!D$2:'EPSIS'!D$603,MATCH($M34,EPSIS!$F$2:'EPSIS'!$F$603,0)),"") -> 150 | O34: =IFERROR(INDEX(EPSIS!E$2:'EPSIS'!E$603,MATCH($M34,EPSIS!$F$2:'EPSIS'!$F$603,0)),"") -> 2003 | R34: =IF(O34>$F$2,TRUE,"-") -> - | S34: =IF(R34=TRUE,O34+30,"-") -> -
A35: =IFERROR(INDEX(EPSIS!$B$2:'EPSIS'!$B$603,MATCH($B35,EPSIS!$F$2:'EPSIS'!$F$603,0)),"") -> 유연탄 | B35: {=IFERROR(INDEX(EPSIS!$F$2:'EPSIS'!$F$603,SMALL(IF(($B$33=EPSIS!$B$2:'EPSIS'!$B$603),MATCH(ROW(EPSIS!$B$2:'EPSIS'!$B$603), ROW(EPSIS!$B$2:'EPSIS'!$B$603)), ""), ROWS($A$1:A1))),"")} -> 2강릉안인#2 | C35: =IFERROR(INDEX(EPSIS!D$2:'EPSIS'!D$603,MATCH($B35,EPSIS!$F$2:'EPSIS'!$F$603,0)),"") -> 1040 | D35: =IFERROR(INDEX(EPSIS!E$2:'EPSIS'!E$603,MATCH($B35,EPSIS!$F$2:'EPSIS'!$F$603,0)),"") -> 2022 | G35: =IF(D35>$F$2,TRUE,"-") -> TRUE | H35: =IF(G35=TRUE,D35+30,"-") -> 2052 | L35: =IFERROR(INDEX(EPSIS!$B$2:'EPSIS'!$B$603,MATCH($M35,EPSIS!$F$2:'EPSIS'!$F$603,0)),"") -> LNG | M35: {=IFERROR(INDEX(EPSIS!$F$2:'EPSIS'!$F$603,SMALL(IF(($M$3=EPSIS!$B$2:'EPSIS'!$B$603),MATCH(ROW(EPSIS!$B$2:'EPSIS'!$B$603), ROW(EPSIS!$B$2:'EPSIS'!$B$603)), ""), ROWS($A$1:A31))),"")} -> 217부산#2 GT | N35: =IFERROR(INDEX(EPSIS!D$2:'EPSIS'!D$603,MATCH($M35,EPSIS!$F$2:'EPSIS'!$F$603,0)),"") -> 300 | O35: =IFERROR(INDEX(EPSIS!E$2:'EPSIS'!E$603,MATCH($M35,EPSIS!$F$2:'EPSIS'!$F$603,0)),"") -> 2003 | R35: =IF(O35>$F$2,TRUE,"-") -> - | S35: =IF(R35=TRUE,O35+30,"-") -> -
A36: =IFERROR(INDEX(EPSIS!$B$2:'EPSIS'!$B$603,MATCH($B36,EPSIS!$F$2:'EPSIS'!$F$603,0)),"") -> 유연탄 | B36: {=IFERROR(INDEX(EPSIS!$F$2:'EPSIS'!$F$603,SMALL(IF(($B$33=EPSIS!$B$2:'EPSIS'!$B$603),MATCH(ROW(EPSIS!$B$2:'EPSIS'!$B$603), ROW(EPSIS!$B$2:'EPSIS'!$B$603)), ""), ROWS($A$1:A2))),"")} -> 5당진#1 | C36: =IFERROR(INDEX(EPSIS!D$2:'EPSIS'!D$603,MATCH($B36,EPSIS!$F$2:'EPSIS'!$F$603,0)),"") -> 500 | D36: =IFERROR(INDEX(EPSIS!E$2:'EPSIS'!E$603,MATCH($B36,EPSIS!$F$2:'EPSIS'!$F$603,0)),"") -> 1999 | G36: =IF(D36>$F$2,TRUE,"-") -> - | H36: =IF(G36=TRUE,D36+30,"-") -> - | L36: =IFERROR(INDEX(EPSIS!$B$2:'EPSIS'!$B$603,MATCH($M36,EPSIS!$F$2:'EPSIS'!$F$603,0)),"") -> LNG | M36: {=IFERROR(INDEX(EPSIS!$F$2:'EPSIS'!$F$603,SMALL(IF(($M$3=EPSIS!$B$2:'EPSIS'!$B$603),MATCH(ROW(EPSIS!$B$2:'EPSIS'!$B$603), ROW(EPSIS!$B$2:'EPSIS'!$B$603)), ""), ROWS($A$1:A32))),"")} -> 218부산#2 ST | N36: =IFERROR(INDEX(EPSIS!D$2:'EPSIS'!D$603,MATCH($M36,EPSIS!$F$2:'EPSIS'!$F$603,0)),"") -> 150 | O36: =IFERROR(INDEX(EPSIS!E$2:'EPSIS'!E$603,MATCH($M36,EPSIS!$F$2:'EPSIS'!$F$603,0)),"") -> 2003 | R36: =IF(O36>$F$2,TRUE,"-") -> - | S36: =IF(R36=TRUE,O36+30,"-") -> -
A37: =IFERROR(INDEX(EPSIS!$B$2:'EPSIS'!$B$603,MATCH($B37,EPSIS!$F$2:'EPSIS'!$F$603,0)),"") -> 유연탄 | B37: {=IFERROR(INDEX(EPSIS!$F$2:'EPSIS'!$F$603,SMALL(IF(($B$33=EPSIS!$B$2:'EPSIS'!$B$603),MATCH(ROW(EPSIS!$B$2:'EPSIS'!$B$603), ROW(EPSIS!$B$2:'EPSIS'!$B$603)), ""), ROWS($A$1:A3))),"")} -> 6당진#10 | C37: =IFERROR(INDEX(EPSIS!D$2:'EPSIS'!D$603,MATCH($B37,EPSIS!$F$2:'EPSIS'!$F$603,0)),"") -> 1020 | D37: =IFERROR(INDEX(EPSIS!E$2:'EPSIS'!E$603,MATCH($B37,EPSIS!$F$2:'EPSIS'!$F$603,0)),"") -> 2016 | G37: =IF(D37>$F$2,TRUE,"-") -> TRUE | H37: =IF(G37=TRUE,D37+30,"-") -> 2046 | L37: =IFERROR(INDEX(EPSIS!$B$2:'EPSIS'!$B$603,MATCH($M37,EPSIS!$F$2:'EPSIS'!$F$603,0)),"") -> LNG | M37: {=IFERROR(INDEX(EPSIS!$F$2:'EPSIS'!$F$603,SMALL(IF(($M$3=EPSIS!$B$2:'EPSIS'!$B$603),MATCH(ROW(EPSIS!$B$2:'EPSIS'!$B$603), ROW(EPSIS!$B$2:'EPSIS'!$B$603)), ""), ROWS($A$1:A33))),"")} -> 219부산#3 GT | N37: =IFERROR(INDEX(EPSIS!D$2:'EPSIS'!D$603,MATCH($M37,EPSIS!$F$2:'EPSIS'!$F$603,0)),"") -> 300 | O37: =IFERROR(INDEX(EPSIS!E$2:'EPSIS'!E$603,MATCH($M37,EPSIS!$F$2:'EPSIS'!$F$603,0)),"") -> 2004 | R37: =IF(O37>$F$2,TRUE,"-") -> - | S37: =IF(R37=TRUE,O37+30,"-") -> -
A38: =IFERROR(INDEX(EPSIS!$B$2:'EPSIS'!$B$603,MATCH($B38,EPSIS!$F$2:'EPSIS'!$F$603,0)),"") -> 유연탄 | B38: {=IFERROR(INDEX(EPSIS!$F$2:'EPSIS'!$F$603,SMALL(IF(($B$33=EPSIS!$B$2:'EPSIS'!$B$603),MATCH(ROW(EPSIS!$B$2:'EPSIS'!$B$603), ROW(EPSIS!$B$2:'EPSIS'!$B$603)), ""), ROWS($A$1:A4))),"")} -> 7당진#2 | C38: =IFERROR(INDEX(EPSIS!D$2:'EPSIS'!D$603,MATCH($B38,EPSIS!$F$2:'EPSIS'!$F$603,0)),"") -> 500 | D38: =IFERROR(INDEX(EPSIS!E$2:'EPSIS'!E$603,MATCH($B38,EPSIS!$F$2:'EPSIS'!$F$603,0)),"") -> 1999 | G38: =IF(D38>$F$2,TRUE,"-") -> - | H38: =IF(G38=TRUE,D38+30,"-") -> - | L38: =IFERROR(INDEX(EPSIS!$B$2:'EPSIS'!$B$603,MATCH($M38,EPSIS!$F$2:'EPSIS'!$F$603,0)),"") -> LNG | M38: {=IFERROR(INDEX(EPSIS!$F$2:'EPSIS'!$F$603,SMALL(IF(($M$3=EPSIS!$B$2:'EPSIS'!$B$603),MATCH(ROW(EPSIS!$B$2:'EPSIS'!$B$603), ROW(EPSIS!$B$2:'EPSIS'!$B$603)), ""), ROWS($A$1:A34))),"")} -> 220부산#3 ST | N38: =IFERROR(INDEX(EPSIS!D$2:'EPSIS'!D$603,MATCH($M38,EPSIS!$F$2:'EPSIS'!$F$603,0)),"") -> 150 | O38: =IFERROR(INDEX(EPSIS!E$2:'EPSIS'!E$603,MATCH($M38,EPSIS!$F$2:'EPSIS'!$F$603,0)),"") -> 2004 | R38: =IF(O38>$F$2,TRUE,"-") -> - | S38: =IF(R38=TRUE,O38+30,"-") -> -
A39: =IFERROR(INDEX(EPSIS!$B$2:'EPSIS'!$B$603,MATCH($B39,EPSIS!$F$2:'EPSIS'!$F$603,0)),"") -> 유연탄 | B39: {=IFERROR(INDEX(EPSIS!$F$2:'EPSIS'!$F$603,SMALL(IF(($B$33=EPSIS!$B$2:'EPSIS'!$B$603),MATCH(ROW(EPSIS!$B$2:'EPSIS'!$B$603), ROW(EPSIS!$B$2:'EPSIS'!$B$603)), ""), ROWS($A$1:A5))),"")} -> 8당진#3 | C39: =IFERROR(INDEX(EPSIS!D$2:'EPSIS'!D$603,MATCH($B39,EPSIS!$F$2:'EPSIS'!$F$603,0)),"") -> 500 | D39: =IFERROR(INDEX(EPSIS!E$2:'EPSIS'!E$603,MATCH($B39,EPSIS!$F$2:'EPSIS'!$F$603,0)),"") -> 2000 | G39: =IF(D39>$F$2,TRUE,"-") -> - | H39: =IF(G39=TRUE,D39+30,"-") -> - | L39: =IFERROR(INDEX(EPSIS!$B$2:'EPSIS'!$B$603,MATCH($M39,EPSIS!$F$2:'EPSIS'!$F$603,0)),"") -> LNG | M39: {=IFERROR(INDEX(EPSIS!$F$2:'EPSIS'!$F$603,SMALL(IF(($M$3=EPSIS!$B$2:'EPSIS'!$B$603),MATCH(ROW(EPSIS!$B$2:'EPSIS'!$B$603), ROW(EPSIS!$B$2:'EPSIS'!$B$603)), ""), ROWS($A$1:A35))),"")} -> 221부산#4 GT | N39: =IFERROR(INDEX(EPSIS!D$2:'EPSIS'!D$603,MATCH($M39,EPSIS!$F$2:'EPSIS'!$F$603,0)),"") -> 300 | O39: =IFERROR(INDEX(EPSIS!E$2:'EPSIS'!E$603,MATCH($M39,EPSIS!$F$2:'EPSIS'!$F$603,0)),"") -> 2004 | R39: =IF(O39>$F$2,TRUE,"-") -> - | S39: =IF(R39=TRUE,O39+30,"-") -> -
A40: =IFERROR(INDEX(EPSIS!$B$2:'EPSIS'!$B$603,MATCH($B40,EPSIS!$F$2:'EPSIS'!$F$603,0)),"") -> 유연탄 | B40: {=IFERROR(INDEX(EPSIS!$F$2:'EPSIS'!$F$603,SMALL(IF(($B$33=EPSIS!$B$2:'EPSIS'!$B$603),MATCH(ROW(EPSIS!$B$2:'EPSIS'!$B$603), ROW(EPSIS!$B$2:'EPSIS'!$B$603)), ""), ROWS($A$1:A6))),"")} -> 9당진#4 | C40: =IFERROR(INDEX(EPSIS!D$2:'EPSIS'!D$603,MATCH($B40,EPSIS!$F$2:'EPSIS'!$F$603,0)),"") -> 500 | D40: =IFERROR(INDEX(EPSIS!E$2:'EPSIS'!E$603,MATCH($B40,EPSIS!$F$2:'EPSIS'!$F$603,0)),"") -> 2001 | G40: =IF(D40>$F$2,TRUE,"-") -> - | H40: =IF(G40=TRUE,D40+30,"-") -> - | L40: =IFERROR(INDEX(EPSIS!$B$2:'EPSIS'!$B$603,MATCH($M40,EPSIS!$F$2:'EPSIS'!$F$603,0)),"") -> LNG | M40: {=IFERROR(INDEX(EPSIS!$F$2:'EPSIS'!$F$603,SMALL(IF(($M$3=EPSIS!$B$2:'EPSIS'!$B$603),MATCH(ROW(EPSIS!$B$2:'EPSIS'!$B$603), ROW(EPSIS!$B$2:'EPSIS'!$B$603)), ""), ROWS($A$1:A36))),"")} -> 222부산#4 ST | N40: =IFERROR(INDEX(EPSIS!D$2:'EPSIS'!D$603,MATCH($M40,EPSIS!$F$2:'EPSIS'!$F$603,0)),"") -> 150 | O40: =IFERROR(INDEX(EPSIS!E$2:'EPSIS'!E$603,MATCH($M40,EPSIS!$F$2:'EPSIS'!$F$603,0)),"") -> 2004 | R40: =IF(O40>$F$2,TRUE,"-") -> - | S40: =IF(R40=TRUE,O40+30,"-") -> -
A41: =IFERROR(INDEX(EPSIS!$B$2:'EPSIS'!$B$603,MATCH($B41,EPSIS!$F$2:'EPSIS'!$F$603,0)),"") -> 유연탄 | B41: {=IFERROR(INDEX(EPSIS!$F$2:'EPSIS'!$F$603,SMALL(IF(($B$33=EPSIS!$B$2:'EPSIS'!$B$603),MATCH(ROW(EPSIS!$B$2:'EPSIS'!$B$603), ROW(EPSIS!$B$2:'EPSIS'!$B$603)), ""), ROWS($A$1:A7))),"")} -> 10당진#5 | C41: =IFERROR(INDEX(EPSIS!D$2:'EPSIS'!D$603,MATCH($B41,EPSIS!$F$2:'EPSIS'!$F$603,0)),"") -> 500 | D41: =IFERROR(INDEX(EPSIS!E$2:'EPSIS'!E$603,MATCH($B41,EPSIS!$F$2:'EPSIS'!$F$603,0)),"") -> 2005 | G41: =IF(D41>$F$2,TRUE,"-") -> TRUE | H41: =IF(G41=TRUE,D41+30,"-") -> 2035 | L41: =IFERROR(INDEX(EPSIS!$B$2:'EPSIS'!$B$603,MATCH($M41,EPSIS!$F$2:'EPSIS'!$F$603,0)),"") -> LNG | M41: {=IFERROR(INDEX(EPSIS!$F$2:'EPSIS'!$F$603,SMALL(IF(($M$3=EPSIS!$B$2:'EPSIS'!$B$603),MATCH(ROW(EPSIS!$B$2:'EPSIS'!$B$603), ROW(EPSIS!$B$2:'EPSIS'!$B$603)), ""), ROWS($A$1:A37))),"")} -> 223부산정관에너지 GT | N41: =IFERROR(INDEX(EPSIS!D$2:'EPSIS'!D$603,MATCH($M41,EPSIS!$F$2:'EPSIS'!$F$603,0)),"") -> 26.65 | O41: =IFERROR(INDEX(EPSIS!E$2:'EPSIS'!E$603,MATCH($M41,EPSIS!$F$2:'EPSIS'!$F$603,0)),"") -> 2017 | R41: =IF(O41>$F$2,TRUE,"-") -> TRUE | S41: =IF(R41=TRUE,O41+30,"-") -> 2047
A42: =IFERROR(INDEX(EPSIS!$B$2:'EPSIS'!$B$603,MATCH($B42,EPSIS!$F$2:'EPSIS'!$F$603,0)),"") -> 유연탄 | B42: {=IFERROR(INDEX(EPSIS!$F$2:'EPSIS'!$F$603,SMALL(IF(($B$33=EPSIS!$B$2:'EPSIS'!$B$603),MATCH(ROW(EPSIS!$B$2:'EPSIS'!$B$603), ROW(EPSIS!$B$2:'EPSIS'!$B$603)), ""), ROWS($A$1:A8))),"")} -> 11당진#6 | C42: =IFERROR(INDEX(EPSIS!D$2:'EPSIS'!D$603,MATCH($B42,EPSIS!$F$2:'EPSIS'!$F$603,0)),"") -> 500 | D42: =IFERROR(INDEX(EPSIS!E$2:'EPSIS'!E$603,MATCH($B42,EPSIS!$F$2:'EPSIS'!$F$603,0)),"") -> 2006 | G42: =IF(D42>$F$2,TRUE,"-") -> TRUE | H42: =IF(G42=TRUE,D42+30,"-") -> 2036 | L42: =IFERROR(INDEX(EPSIS!$B$2:'EPSIS'!$B$603,MATCH($M42,EPSIS!$F$2:'EPSIS'!$F$603,0)),"") -> LNG | M42: {=IFERROR(INDEX(EPSIS!$F$2:'EPSIS'!$F$603,SMALL(IF(($M$3=EPSIS!$B$2:'EPSIS'!$B$603),MATCH(ROW(EPSIS!$B$2:'EPSIS'!$B$603), ROW(EPSIS!$B$2:'EPSIS'!$B$603)), ""), ROWS($A$1:A38))),"")} -> 224부산정관에너지 ST | N42: =IFERROR(INDEX(EPSIS!D$2:'EPSIS'!D$603,MATCH($M42,EPSIS!$F$2:'EPSIS'!$F$603,0)),"") -> 19.186 | O42: =IFERROR(INDEX(EPSIS!E$2:'EPSIS'!E$603,MATCH($M42,EPSIS!$F$2:'EPSIS'!$F$603,0)),"") -> 2017 | R42: =IF(O42>$F$2,TRUE,"-") -> TRUE | S42: =IF(R42=TRUE,O42+30,"-") -> 2047
A43: =IFERROR(INDEX(EPSIS!$B$2:'EPSIS'!$B$603,MATCH($B43,EPSIS!$F$2:'EPSIS'!$F$603,0)),"") -> 유연탄 | B43: {=IFERROR(INDEX(EPSIS!$F$2:'EPSIS'!$F$603,SMALL(IF(($B$33=EPSIS!$B$2:'EPSIS'!$B$603),MATCH(ROW(EPSIS!$B$2:'EPSIS'!$B$603), ROW(EPSIS!$B$2:'EPSIS'!$B$603)), ""), ROWS($A$1:A9))),"")} -> 12당진#7 | C43: =IFERROR(INDEX(EPSIS!D$2:'EPSIS'!D$603,MATCH($B43,EPSIS!$F$2:'EPSIS'!$F$603,0)),"") -> 500 | D43: =IFERROR(INDEX(EPSIS!E$2:'EPSIS'!E$603,MATCH($B43,EPSIS!$F$2:'EPSIS'!$F$603,0)),"") -> 2007 | G43: =IF(D43>$F$2,TRUE,"-") -> TRUE | H43: =IF(G43=TRUE,D43+30,"-") -> 2037 | L43: =IFERROR(INDEX(EPSIS!$B$2:'EPSIS'!$B$603,MATCH($M43,EPSIS!$F$2:'EPSIS'!$F$603,0)),"") -> LNG | M43: {=IFERROR(INDEX(EPSIS!$F$2:'EPSIS'!$F$603,SMALL(IF(($M$3=EPSIS!$B$2:'EPSIS'!$B$603),MATCH(ROW(EPSIS!$B$2:'EPSIS'!$B$603), ROW(EPSIS!$B$2:'EPSIS'!$B$603)), ""), ROWS($A$1:A39))),"")} -> 225분당#1 GT | N43: =IFERROR(INDEX(EPSIS!D$2:'EPSIS'!D$603,MATCH($M43,EPSIS!$F$2:'EPSIS'!$F$603,0)),"") -> 155.516 | O43: =IFERROR(INDEX(EPSIS!E$2:'EPSIS'!E$603,MATCH($M43,EPSIS!$F$2:'EPSIS'!$F$603,0)),"") -> 1992 | R43: =IF(O43>$F$2,TRUE,"-") -> - | S43: =IF(R43=TRUE,O43+30,"-") -> -
A44: =IFERROR(INDEX(EPSIS!$B$2:'EPSIS'!$B$603,MATCH($B44,EPSIS!$F$2:'EPSIS'!$F$603,0)),"") -> 유연탄 | B44: {=IFERROR(INDEX(EPSIS!$F$2:'EPSIS'!$F$603,SMALL(IF(($B$33=EPSIS!$B$2:'EPSIS'!$B$603),MATCH(ROW(EPSIS!$B$2:'EPSIS'!$B$603), ROW(EPSIS!$B$2:'EPSIS'!$B$603)), ""), ROWS($A$1:A10))),"")} -> 13당진#8 | C44: =IFERROR(INDEX(EPSIS!D$2:'EPSIS'!D$603,MATCH($B44,EPSIS!$F$2:'EPSIS'!$F$603,0)),"") -> 500 | D44: =IFERROR(INDEX(EPSIS!E$2:'EPSIS'!E$603,MATCH($B44,EPSIS!$F$2:'EPSIS'!$F$603,0)),"") -> 2007 | G44: =IF(D44>$F$2,TRUE,"-") -> TRUE | H44: =IF(G44=TRUE,D44+30,"-") -> 2037 | L44: =IFERROR(INDEX(EPSIS!$B$2:'EPSIS'!$B$603,MATCH($M44,EPSIS!$F$2:'EPSIS'!$F$603,0)),"") -> LNG | M44: {=IFERROR(INDEX(EPSIS!$F$2:'EPSIS'!$F$603,SMALL(IF(($M$3=EPSIS!$B$2:'EPSIS'!$B$603),MATCH(ROW(EPSIS!$B$2:'EPSIS'!$B$603), ROW(EPSIS!$B$2:'EPSIS'!$B$603)), ""), ROWS($A$1:A40))),"")} -> 226분당#1 GT | N44: =IFERROR(INDEX(EPSIS!D$2:'EPSIS'!D$603,MATCH($M44,EPSIS!$F$2:'EPSIS'!$F$603,0)),"") -> 233.274 | O44: =IFERROR(INDEX(EPSIS!E$2:'EPSIS'!E$603,MATCH($M44,EPSIS!$F$2:'EPSIS'!$F$603,0)),"") -> 1992 | R44: =IF(O44>$F$2,TRUE,"-") -> - | S44: =IF(R44=TRUE,O44+30,"-") -> -
A45: =IFERROR(INDEX(EPSIS!$B$2:'EPSIS'!$B$603,MATCH($B45,EPSIS!$F$2:'EPSIS'!$F$603,0)),"") -> 유연탄 | B45: {=IFERROR(INDEX(EPSIS!$F$2:'EPSIS'!$F$603,SMALL(IF(($B$33=EPSIS!$B$2:'EPSIS'!$B$603),MATCH(ROW(EPSIS!$B$2:'EPSIS'!$B$603), ROW(EPSIS!$B$2:'EPSIS'!$B$603)), ""), ROWS($A$1:A11))),"")} -> 14당진#9 | C45: =IFERROR(INDEX(EPSIS!D$2:'EPSIS'!D$603,MATCH($B45,EPSIS!$F$2:'EPSIS'!$F$603,0)),"") -> 1020 | D45: =IFERROR(INDEX(EPSIS!E$2:'EPSIS'!E$603,MATCH($B45,EPSIS!$F$2:'EPSIS'!$F$603,0)),"") -> 2016 | G45: =IF(D45>$F$2,TRUE,"-") -> TRUE | H45: =IF(G45=TRUE,D45+30,"-") -> 2046 | L45: =IFERROR(INDEX(EPSIS!$B$2:'EPSIS'!$B$603,MATCH($M45,EPSIS!$F$2:'EPSIS'!$F$603,0)),"") -> LNG | M45: {=IFERROR(INDEX(EPSIS!$F$2:'EPSIS'!$F$603,SMALL(IF(($M$3=EPSIS!$B$2:'EPSIS'!$B$603),MATCH(ROW(EPSIS!$B$2:'EPSIS'!$B$603), ROW(EPSIS!$B$2:'EPSIS'!$B$603)), ""), ROWS($A$1:A41))),"")} -> 227분당#1 ST | N45: =IFERROR(INDEX(EPSIS!D$2:'EPSIS'!D$603,MATCH($M45,EPSIS!$F$2:'EPSIS'!$F$603,0)),"") -> 185 | O45: =IFERROR(INDEX(EPSIS!E$2:'EPSIS'!E$603,MATCH($M45,EPSIS!$F$2:'EPSIS'!$F$603,0)),"") -> 1993 | R45: =IF(O45>$F$2,TRUE,"-") -> - | S45: =IF(R45=TRUE,O45+30,"-") -> -
A46: =IFERROR(INDEX(EPSIS!$B$2:'EPSIS'!$B$603,MATCH($B46,EPSIS!$F$2:'EPSIS'!$F$603,0)),"") -> 유연탄 | B46: {=IFERROR(INDEX(EPSIS!$F$2:'EPSIS'!$F$603,SMALL(IF(($B$33=EPSIS!$B$2:'EPSIS'!$B$603),MATCH(ROW(EPSIS!$B$2:'EPSIS'!$B$603), ROW(EPSIS!$B$2:'EPSIS'!$B$603)), ""), ROWS($A$1:A12))),"")} -> 17보령#1 | C46: =IFERROR(INDEX(EPSIS!D$2:'EPSIS'!D$603,MATCH($B46,EPSIS!$F$2:'EPSIS'!$F$603,0)),"") -> 500 | D46: =IFERROR(INDEX(EPSIS!E$2:'EPSIS'!E$603,MATCH($B46,EPSIS!$F$2:'EPSIS'!$F$603,0)),"") -> 1983 | G46: =IF(D46>$F$2,TRUE,"-") -> - | H46: =IF(G46=TRUE,D46+30,"-") -> - | L46: =$M$3 -> LNG | M46: {=IFERROR(INDEX(EPSIS!$F$2:'EPSIS'!$F$603,SMALL(IF(($M$3=EPSIS!$B$2:'EPSIS'!$B$603),MATCH(ROW(EPSIS!$B$2:'EPSIS'!$B$603), ROW(EPSIS!$B$2:'EPSIS'!$B$603)), ""), ROWS($A$1:A42))),"")} -> 228분당#2 GT | N46: =(EPSIS_RAW!E232)*EPSIS!$H$2 -> 127.875 | O46: =ROUNDDOWN(EPSIS_RAW!F232,0) -> 2019 | R46: =IF(O46>$F$2,TRUE,"-") -> TRUE | S46: =IF(R46=TRUE,O46+30,"-") -> 2049
A47: =IFERROR(INDEX(EPSIS!$B$2:'EPSIS'!$B$603,MATCH($B47,EPSIS!$F$2:'EPSIS'!$F$603,0)),"") -> 유연탄 | B47: {=IFERROR(INDEX(EPSIS!$F$2:'EPSIS'!$F$603,SMALL(IF(($B$33=EPSIS!$B$2:'EPSIS'!$B$603),MATCH(ROW(EPSIS!$B$2:'EPSIS'!$B$603), ROW(EPSIS!$B$2:'EPSIS'!$B$603)), ""), ROWS($A$1:A13))),"")} -> 18보령#2 | C47: =IFERROR(INDEX(EPSIS!D$2:'EPSIS'!D$603,MATCH($B47,EPSIS!$F$2:'EPSIS'!$F$603,0)),"") -> 500 | D47: =IFERROR(INDEX(EPSIS!E$2:'EPSIS'!E$603,MATCH($B47,EPSIS!$F$2:'EPSIS'!$F$603,0)),"") -> 1984 | G47: =IF(D47>$F$2,TRUE,"-") -> - | H47: =IF(G47=TRUE,D47+30,"-") -> - | L47: =$M$3 -> LNG | M47: {=IFERROR(INDEX(EPSIS!$F$2:'EPSIS'!$F$603,SMALL(IF(($M$3=EPSIS!$B$2:'EPSIS'!$B$603),MATCH(ROW(EPSIS!$B$2:'EPSIS'!$B$603), ROW(EPSIS!$B$2:'EPSIS'!$B$603)), ""), ROWS($A$1:A43))),"")} -> 229분당#2 ST | N47: =(EPSIS_RAW!E233)*EPSIS!$H$2 -> 241.298 | O47: =ROUNDDOWN(EPSIS_RAW!F233,0) -> 2019 | R47: =IF(O47>$F$2,TRUE,"-") -> TRUE | S47: =IF(R47=TRUE,O47+30,"-") -> 2049
A48: =IFERROR(INDEX(EPSIS!$B$2:'EPSIS'!$B$603,MATCH($B48,EPSIS!$F$2:'EPSIS'!$F$603,0)),"") -> 유연탄 | B48: {=IFERROR(INDEX(EPSIS!$F$2:'EPSIS'!$F$603,SMALL(IF(($B$33=EPSIS!$B$2:'EPSIS'!$B$603),MATCH(ROW(EPSIS!$B$2:'EPSIS'!$B$603), ROW(EPSIS!$B$2:'EPSIS'!$B$603)), ""), ROWS($A$1:A14))),"")} -> 19보령#3 | C48: =IFERROR(INDEX(EPSIS!D$2:'EPSIS'!D$603,MATCH($B48,EPSIS!$F$2:'EPSIS'!$F$603,0)),"") -> 500 | D48: =IFERROR(INDEX(EPSIS!E$2:'EPSIS'!E$603,MATCH($B48,EPSIS!$F$2:'EPSIS'!$F$603,0)),"") -> 1993 | G48: =IF(D48>$F$2,TRUE,"-") -> - | H48: =IF(G48=TRUE,D48+30,"-") -> - | L48: =$M$3 -> LNG | M48: {=IFERROR(INDEX(EPSIS!$F$2:'EPSIS'!$F$603,SMALL(IF(($M$3=EPSIS!$B$2:'EPSIS'!$B$603),MATCH(ROW(EPSIS!$B$2:'EPSIS'!$B$603), ROW(EPSIS!$B$2:'EPSIS'!$B$603)), ""), ROWS($A$1:A44))),"")} -> 230서울복합#1 GT | N48: =(EPSIS_RAW!E234)*EPSIS!$H$2 -> 127.875 | O48: =ROUNDDOWN(EPSIS_RAW!F234,0) -> 2019 | R48: =IF(O48>$F$2,TRUE,"-") -> TRUE | S48: =IF(R48=TRUE,O48+30,"-") -> 2049
A49: =IFERROR(INDEX(EPSIS!$B$2:'EPSIS'!$B$603,MATCH($B49,EPSIS!$F$2:'EPSIS'!$F$603,0)),"") -> 유연탄 | B49: {=IFERROR(INDEX(EPSIS!$F$2:'EPSIS'!$F$603,SMALL(IF(($B$33=EPSIS!$B$2:'EPSIS'!$B$603),MATCH(ROW(EPSIS!$B$2:'EPSIS'!$B$603), ROW(EPSIS!$B$2:'EPSIS'!$B$603)), ""), ROWS($A$1:A15))),"")} -> 20보령#4 | C49: =IFERROR(INDEX(EPSIS!D$2:'EPSIS'!D$603,MATCH($B49,EPSIS!$F$2:'EPSIS'!$F$603,0)),"") -> 500 | D49: =IFERROR(INDEX(EPSIS!E$2:'EPSIS'!E$603,MATCH($B49,EPSIS!$F$2:'EPSIS'!$F$603,0)),"") -> 1993 | G49: =IF(D49>$F$2,TRUE,"-") -> - | H49: =IF(G49=TRUE,D49+30,"-") -> - | L49: =$M$3 -> LNG | M49: {=IFERROR(INDEX(EPSIS!$F$2:'EPSIS'!$F$603,SMALL(IF(($M$3=EPSIS!$B$2:'EPSIS'!$B$603),MATCH(ROW(EPSIS!$B$2:'EPSIS'!$B$603), ROW(EPSIS!$B$2:'EPSIS'!$B$603)), ""), ROWS($A$1:A45))),"")} -> 231서울복합#1 ST | N49: =(EPSIS_RAW!E235)*EPSIS!$H$2 -> 300 | O49: =ROUNDDOWN(EPSIS_RAW!F235,0) -> 1992 | R49: =IF(O49>$F$2,TRUE,"-") -> - | S49: =IF(R49=TRUE,O49+30,"-") -> -
A50: =IFERROR(INDEX(EPSIS!$B$2:'EPSIS'!$B$603,MATCH($B50,EPSIS!$F$2:'EPSIS'!$F$603,0)),"") -> 유연탄 | B50: {=IFERROR(INDEX(EPSIS!$F$2:'EPSIS'!$F$603,SMALL(IF(($B$33=EPSIS!$B$2:'EPSIS'!$B$603),MATCH(ROW(EPSIS!$B$2:'EPSIS'!$B$603), ROW(EPSIS!$B$2:'EPSIS'!$B$603)), ""), ROWS($A$1:A16))),"")} -> 21보령#5 | C50: =IFERROR(INDEX(EPSIS!D$2:'EPSIS'!D$603,MATCH($B50,EPSIS!$F$2:'EPSIS'!$F$603,0)),"") -> 500 | D50: =IFERROR(INDEX(EPSIS!E$2:'EPSIS'!E$603,MATCH($B50,EPSIS!$F$2:'EPSIS'!$F$603,0)),"") -> 1993 | G50: =IF(D50>$F$2,TRUE,"-") -> - | H50: =IF(G50=TRUE,D50+30,"-") -> - | L50: =$M$3 -> LNG | M50: {=IFERROR(INDEX(EPSIS!$F$2:'EPSIS'!$F$603,SMALL(IF(($M$3=EPSIS!$B$2:'EPSIS'!$B$603),MATCH(ROW(EPSIS!$B$2:'EPSIS'!$B$603), ROW(EPSIS!$B$2:'EPSIS'!$B$603)), ""), ROWS($A$1:A46))),"")} -> 232서울복합#2 GT | N50: =(EPSIS_RAW!E236)*EPSIS!$H$2 -> 300 | O50: =ROUNDDOWN(EPSIS_RAW!F236,0) -> 1992 | R50: =IF(O50>$F$2,TRUE,"-") -> - | S50: =IF(R50=TRUE,O50+30,"-") -> -
A51: =IFERROR(INDEX(EPSIS!$B$2:'EPSIS'!$B$603,MATCH($B51,EPSIS!$F$2:'EPSIS'!$F$603,0)),"") -> 유연탄 | B51: {=IFERROR(INDEX(EPSIS!$F$2:'EPSIS'!$F$603,SMALL(IF(($B$33=EPSIS!$B$2:'EPSIS'!$B$603),MATCH(ROW(EPSIS!$B$2:'EPSIS'!$B$603), ROW(EPSIS!$B$2:'EPSIS'!$B$603)), ""), ROWS($A$1:A17))),"")} -> 22보령#6 | C51: =IFERROR(INDEX(EPSIS!D$2:'EPSIS'!D$603,MATCH($B51,EPSIS!$F$2:'EPSIS'!$F$603,0)),"") -> 500 | D51: =IFERROR(INDEX(EPSIS!E$2:'EPSIS'!E$603,MATCH($B51,EPSIS!$F$2:'EPSIS'!$F$603,0)),"") -> 1994 | G51: =IF(D51>$F$2,TRUE,"-") -> - | H51: =IF(G51=TRUE,D51+30,"-") -> - | L51: =$M$3 -> LNG | M51: {=IFERROR(INDEX(EPSIS!$F$2:'EPSIS'!$F$603,SMALL(IF(($M$3=EPSIS!$B$2:'EPSIS'!$B$603),MATCH(ROW(EPSIS!$B$2:'EPSIS'!$B$603), ROW(EPSIS!$B$2:'EPSIS'!$B$603)), ""), ROWS($A$1:A47))),"")} -> 233서울복합#2 ST | N51: =(EPSIS_RAW!E237)*EPSIS!$H$2 -> 150 | O51: =ROUNDDOWN(EPSIS_RAW!F237,0) -> 1992 | R51: =IF(O51>$F$2,TRUE,"-") -> - | S51: =IF(R51=TRUE,O51+30,"-") -> -
A52: =IFERROR(INDEX(EPSIS!$B$2:'EPSIS'!$B$603,MATCH($B52,EPSIS!$F$2:'EPSIS'!$F$603,0)),"") -> 유연탄 | B52: {=IFERROR(INDEX(EPSIS!$F$2:'EPSIS'!$F$603,SMALL(IF(($B$33=EPSIS!$B$2:'EPSIS'!$B$603),MATCH(ROW(EPSIS!$B$2:'EPSIS'!$B$603), ROW(EPSIS!$B$2:'EPSIS'!$B$603)), ""), ROWS($A$1:A18))),"")} -> 23보령#7 | C52: =IFERROR(INDEX(EPSIS!D$2:'EPSIS'!D$603,MATCH($B52,EPSIS!$F$2:'EPSIS'!$F$603,0)),"") -> 500 | D52: =IFERROR(INDEX(EPSIS!E$2:'EPSIS'!E$603,MATCH($B52,EPSIS!$F$2:'EPSIS'!$F$603,0)),"") -> 2008 | G52: =IF(D52>$F$2,TRUE,"-") -> TRUE | H52: =IF(G52=TRUE,D52+30,"-") -> 2038 | L52: =$M$3 -> LNG | M52: {=IFERROR(INDEX(EPSIS!$F$2:'EPSIS'!$F$603,SMALL(IF(($M$3=EPSIS!$B$2:'EPSIS'!$B$603),MATCH(ROW(EPSIS!$B$2:'EPSIS'!$B$603), ROW(EPSIS!$B$2:'EPSIS'!$B$603)), ""), ROWS($A$1:A48))),"")} -> 234서인천 #5-8 GT | N52: =(EPSIS_RAW!E238)*EPSIS!$H$2 -> 150 | O52: =ROUNDDOWN(EPSIS_RAW!F238,0) -> 1992 | R52: =IF(O52>$F$2,TRUE,"-") -> - | S52: =IF(R52=TRUE,O52+30,"-") -> -
A53: =IFERROR(INDEX(EPSIS!$B$2:'EPSIS'!$B$603,MATCH($B53,EPSIS!$F$2:'EPSIS'!$F$603,0)),"") -> 유연탄 | B53: {=IFERROR(INDEX(EPSIS!$F$2:'EPSIS'!$F$603,SMALL(IF(($B$33=EPSIS!$B$2:'EPSIS'!$B$603),MATCH(ROW(EPSIS!$B$2:'EPSIS'!$B$603), ROW(EPSIS!$B$2:'EPSIS'!$B$603)), ""), ROWS($A$1:A19))),"")} -> 24보령#8 | C53: =IFERROR(INDEX(EPSIS!D$2:'EPSIS'!D$603,MATCH($B53,EPSIS!$F$2:'EPSIS'!$F$603,0)),"") -> 500 | D53: =IFERROR(INDEX(EPSIS!E$2:'EPSIS'!E$603,MATCH($B53,EPSIS!$F$2:'EPSIS'!$F$603,0)),"") -> 2008 | G53: =IF(D53>$F$2,TRUE,"-") -> TRUE | H53: =IF(G53=TRUE,D53+30,"-") -> 2038 | L53: =$M$3 -> LNG | M53: {=IFERROR(INDEX(EPSIS!$F$2:'EPSIS'!$F$603,SMALL(IF(($M$3=EPSIS!$B$2:'EPSIS'!$B$603),MATCH(ROW(EPSIS!$B$2:'EPSIS'!$B$603), ROW(EPSIS!$B$2:'EPSIS'!$B$603)), ""), ROWS($A$1:A49))),"")} -> 235서인천 #5-8 GT | N53: =(EPSIS_RAW!E239)*EPSIS!$H$2 -> 150 | O53: =ROUNDDOWN(EPSIS_RAW!F239,0) -> 1992 | R53: =IF(O53>$F$2,TRUE,"-") -> - | S53: =IF(R53=TRUE,O53+30,"-") -> -
A54: =IFERROR(INDEX(EPSIS!$B$2:'EPSIS'!$B$603,MATCH($B54,EPSIS!$F$2:'EPSIS'!$F$603,0)),"") -> 유연탄 | B54: {=IFERROR(INDEX(EPSIS!$F$2:'EPSIS'!$F$603,SMALL(IF(($B$33=EPSIS!$B$2:'EPSIS'!$B$603),MATCH(ROW(EPSIS!$B$2:'EPSIS'!$B$603), ROW(EPSIS!$B$2:'EPSIS'!$B$603)), ""), ROWS($A$1:A20))),"")} -> 25북평#1 | C54: =IFERROR(INDEX(EPSIS!D$2:'EPSIS'!D$603,MATCH($B54,EPSIS!$F$2:'EPSIS'!$F$603,0)),"") -> 595 | D54: =IFERROR(INDEX(EPSIS!E$2:'EPSIS'!E$603,MATCH($B54,EPSIS!$F$2:'EPSIS'!$F$603,0)),"") -> 2017 | G54: =IF(D54>$F$2,TRUE,"-") -> TRUE | H54: =IF(G54=TRUE,D54+30,"-") -> 2047 | L54: =$M$3 -> LNG | M54: {=IFERROR(INDEX(EPSIS!$F$2:'EPSIS'!$F$603,SMALL(IF(($M$3=EPSIS!$B$2:'EPSIS'!$B$603),MATCH(ROW(EPSIS!$B$2:'EPSIS'!$B$603), ROW(EPSIS!$B$2:'EPSIS'!$B$603)), ""), ROWS($A$1:A50))),"")} -> 236서인천 #5-8 ST | N54: =(EPSIS_RAW!E240)*EPSIS!$H$2 -> 150 | O54: =ROUNDDOWN(EPSIS_RAW!F240,0) -> 1992 | R54: =IF(O54>$F$2,TRUE,"-") -> - | S54: =IF(R54=TRUE,O54+30,"-") -> -
A55: =IFERROR(INDEX(EPSIS!$B$2:'EPSIS'!$B$603,MATCH($B55,EPSIS!$F$2:'EPSIS'!$F$603,0)),"") -> 유연탄 | B55: {=IFERROR(INDEX(EPSIS!$F$2:'EPSIS'!$F$603,SMALL(IF(($B$33=EPSIS!$B$2:'EPSIS'!$B$603),MATCH(ROW(EPSIS!$B$2:'EPSIS'!$B$603), ROW(EPSIS!$B$2:'EPSIS'!$B$603)), ""), ROWS($A$1:A21))),"")} -> 26북평#2 | C55: =IFERROR(INDEX(EPSIS!D$2:'EPSIS'!D$603,MATCH($B55,EPSIS!$F$2:'EPSIS'!$F$603,0)),"") -> 595 | D55: =IFERROR(INDEX(EPSIS!E$2:'EPSIS'!E$603,MATCH($B55,EPSIS!$F$2:'EPSIS'!$F$603,0)),"") -> 2017 | G55: =IF(D55>$F$2,TRUE,"-") -> TRUE | H55: =IF(G55=TRUE,D55+30,"-") -> 2047 | L55: =IFERROR(INDEX(EPSIS!$B$2:'EPSIS'!$B$603,MATCH($M55,EPSIS!$F$2:'EPSIS'!$F$603,0)),"") -> LNG | M55: {=IFERROR(INDEX(EPSIS!$F$2:'EPSIS'!$F$603,SMALL(IF(($M$3=EPSIS!$B$2:'EPSIS'!$B$603),MATCH(ROW(EPSIS!$B$2:'EPSIS'!$B$603), ROW(EPSIS!$B$2:'EPSIS'!$B$603)), ""), ROWS($A$1:A51))),"")} -> 237서인천 #5-8 ST | N55: =IFERROR(INDEX(EPSIS!D$2:'EPSIS'!D$603,MATCH($M55,EPSIS!$F$2:'EPSIS'!$F$603,0)),"") -> 150 | O55: =IFERROR(INDEX(EPSIS!E$2:'EPSIS'!E$603,MATCH($M55,EPSIS!$F$2:'EPSIS'!$F$603,0)),"") -> 1992 | R55: =IF(O55>$F$2,TRUE,"-") -> - | S55: =IF(R55=TRUE,O55+30,"-") -> -
A56: =IFERROR(INDEX(EPSIS!$B$2:'EPSIS'!$B$603,MATCH($B56,EPSIS!$F$2:'EPSIS'!$F$603,0)),"") -> 유연탄 | B56: {=IFERROR(INDEX(EPSIS!$F$2:'EPSIS'!$F$603,SMALL(IF(($B$33=EPSIS!$B$2:'EPSIS'!$B$603),MATCH(ROW(EPSIS!$B$2:'EPSIS'!$B$603), ROW(EPSIS!$B$2:'EPSIS'!$B$603)), ""), ROWS($A$1:A22))),"")} -> 27삼척그린파워 #1 | C56: =IFERROR(INDEX(EPSIS!D$2:'EPSIS'!D$603,MATCH($B56,EPSIS!$F$2:'EPSIS'!$F$603,0)),"") -> 1022 | D56: =IFERROR(INDEX(EPSIS!E$2:'EPSIS'!E$603,MATCH($B56,EPSIS!$F$2:'EPSIS'!$F$603,0)),"") -> 2016 | G56: =IF(D56>$F$2,TRUE,"-") -> TRUE | H56: =IF(G56=TRUE,D56+30,"-") -> 2046 | L56: =IFERROR(INDEX(EPSIS!$B$2:'EPSIS'!$B$603,MATCH($M56,EPSIS!$F$2:'EPSIS'!$F$603,0)),"") -> LNG | M56: {=IFERROR(INDEX(EPSIS!$F$2:'EPSIS'!$F$603,SMALL(IF(($M$3=EPSIS!$B$2:'EPSIS'!$B$603),MATCH(ROW(EPSIS!$B$2:'EPSIS'!$B$603), ROW(EPSIS!$B$2:'EPSIS'!$B$603)), ""), ROWS($A$1:A52))),"")} -> 238서인천#1-4 GT | N56: =IFERROR(INDEX(EPSIS!D$2:'EPSIS'!D$603,MATCH($M56,EPSIS!$F$2:'EPSIS'!$F$603,0)),"") -> 150 | O56: =IFERROR(INDEX(EPSIS!E$2:'EPSIS'!E$603,MATCH($M56,EPSIS!$F$2:'EPSIS'!$F$603,0)),"") -> 1992 | R56: =IF(O56>$F$2,TRUE,"-") -> - | S56: =IF(R56=TRUE,O56+30,"-") -> -
A57: =IFERROR(INDEX(EPSIS!$B$2:'EPSIS'!$B$603,MATCH($B57,EPSIS!$F$2:'EPSIS'!$F$603,0)),"") -> 유연탄 | B57: {=IFERROR(INDEX(EPSIS!$F$2:'EPSIS'!$F$603,SMALL(IF(($B$33=EPSIS!$B$2:'EPSIS'!$B$603),MATCH(ROW(EPSIS!$B$2:'EPSIS'!$B$603), ROW(EPSIS!$B$2:'EPSIS'!$B$603)), ""), ROWS($A$1:A23))),"")} -> 28삼척그린파워 #2 | C57: =IFERROR(INDEX(EPSIS!D$2:'EPSIS'!D$603,MATCH($B57,EPSIS!$F$2:'EPSIS'!$F$603,0)),"") -> 1022 | D57: =IFERROR(INDEX(EPSIS!E$2:'EPSIS'!E$603,MATCH($B57,EPSIS!$F$2:'EPSIS'!$F$603,0)),"") -> 2017 | G57: =IF(D57>$F$2,TRUE,"-") -> TRUE | H57: =IF(G57=TRUE,D57+30,"-") -> 2047 | L57: =IFERROR(INDEX(EPSIS!$B$2:'EPSIS'!$B$603,MATCH($M57,EPSIS!$F$2:'EPSIS'!$F$603,0)),"") -> LNG | M57: {=IFERROR(INDEX(EPSIS!$F$2:'EPSIS'!$F$603,SMALL(IF(($M$3=EPSIS!$B$2:'EPSIS'!$B$603),MATCH(ROW(EPSIS!$B$2:'EPSIS'!$B$603), ROW(EPSIS!$B$2:'EPSIS'!$B$603)), ""), ROWS($A$1:A53))),"")} -> 239서인천#1-4 GT | N57: =IFERROR(INDEX(EPSIS!D$2:'EPSIS'!D$603,MATCH($M57,EPSIS!$F$2:'EPSIS'!$F$603,0)),"") -> 150 | O57: =IFERROR(INDEX(EPSIS!E$2:'EPSIS'!E$603,MATCH($M57,EPSIS!$F$2:'EPSIS'!$F$603,0)),"") -> 1992 | R57: =IF(O57>$F$2,TRUE,"-") -> - | S57: =IF(R57=TRUE,O57+30,"-") -> -
A58: =IFERROR(INDEX(EPSIS!$B$2:'EPSIS'!$B$603,MATCH($B58,EPSIS!$F$2:'EPSIS'!$F$603,0)),"") -> 유연탄 | B58: {=IFERROR(INDEX(EPSIS!$F$2:'EPSIS'!$F$603,SMALL(IF(($B$33=EPSIS!$B$2:'EPSIS'!$B$603),MATCH(ROW(EPSIS!$B$2:'EPSIS'!$B$603), ROW(EPSIS!$B$2:'EPSIS'!$B$603)), ""), ROWS($A$1:A24))),"")} -> 29삼천포#1 | C58: =IFERROR(INDEX(EPSIS!D$2:'EPSIS'!D$603,MATCH($B58,EPSIS!$F$2:'EPSIS'!$F$603,0)),"") -> 560 | D58: =IFERROR(INDEX(EPSIS!E$2:'EPSIS'!E$603,MATCH($B58,EPSIS!$F$2:'EPSIS'!$F$603,0)),"") -> 1983 | G58: =IF(D58>$F$2,TRUE,"-") -> - | H58: =IF(G58=TRUE,D58+30,"-") -> - | L58: =IFERROR(INDEX(EPSIS!$B$2:'EPSIS'!$B$603,MATCH($M58,EPSIS!$F$2:'EPSIS'!$F$603,0)),"") -> LNG | M58: {=IFERROR(INDEX(EPSIS!$F$2:'EPSIS'!$F$603,SMALL(IF(($M$3=EPSIS!$B$2:'EPSIS'!$B$603),MATCH(ROW(EPSIS!$B$2:'EPSIS'!$B$603), ROW(EPSIS!$B$2:'EPSIS'!$B$603)), ""), ROWS($A$1:A54))),"")} -> 240서인천#1-4 GT | N58: =IFERROR(INDEX(EPSIS!D$2:'EPSIS'!D$603,MATCH($M58,EPSIS!$F$2:'EPSIS'!$F$603,0)),"") -> 300 | O58: =IFERROR(INDEX(EPSIS!E$2:'EPSIS'!E$603,MATCH($M58,EPSIS!$F$2:'EPSIS'!$F$603,0)),"") -> 1992 | R58: =IF(O58>$F$2,TRUE,"-") -> - | S58: =IF(R58=TRUE,O58+30,"-") -> -
A59: =IFERROR(INDEX(EPSIS!$B$2:'EPSIS'!$B$603,MATCH($B59,EPSIS!$F$2:'EPSIS'!$F$603,0)),"") -> 유연탄 | B59: {=IFERROR(INDEX(EPSIS!$F$2:'EPSIS'!$F$603,SMALL(IF(($B$33=EPSIS!$B$2:'EPSIS'!$B$603),MATCH(ROW(EPSIS!$B$2:'EPSIS'!$B$603), ROW(EPSIS!$B$2:'EPSIS'!$B$603)), ""), ROWS($A$1:A25))),"")} -> 30삼천포#2 | C59: =IFERROR(INDEX(EPSIS!D$2:'EPSIS'!D$603,MATCH($B59,EPSIS!$F$2:'EPSIS'!$F$603,0)),"") -> 560 | D59: =IFERROR(INDEX(EPSIS!E$2:'EPSIS'!E$603,MATCH($B59,EPSIS!$F$2:'EPSIS'!$F$603,0)),"") -> 1984 | G59: =IF(D59>$F$2,TRUE,"-") -> - | H59: =IF(G59=TRUE,D59+30,"-") -> - | L59: =IFERROR(INDEX(EPSIS!$B$2:'EPSIS'!$B$603,MATCH($M59,EPSIS!$F$2:'EPSIS'!$F$603,0)),"") -> LNG | M59: {=IFERROR(INDEX(EPSIS!$F$2:'EPSIS'!$F$603,SMALL(IF(($M$3=EPSIS!$B$2:'EPSIS'!$B$603),MATCH(ROW(EPSIS!$B$2:'EPSIS'!$B$603), ROW(EPSIS!$B$2:'EPSIS'!$B$603)), ""), ROWS($A$1:A55))),"")} -> 241서인천#1-4 ST | N59: =IFERROR(INDEX(EPSIS!D$2:'EPSIS'!D$603,MATCH($M59,EPSIS!$F$2:'EPSIS'!$F$603,0)),"") -> 150 | O59: =IFERROR(INDEX(EPSIS!E$2:'EPSIS'!E$603,MATCH($M59,EPSIS!$F$2:'EPSIS'!$F$603,0)),"") -> 1992 | R59: =IF(O59>$F$2,TRUE,"-") -> - | S59: =IF(R59=TRUE,O59+30,"-") -> -
A60: =IFERROR(INDEX(EPSIS!$B$2:'EPSIS'!$B$603,MATCH($B60,EPSIS!$F$2:'EPSIS'!$F$603,0)),"") -> 유연탄 | B60: {=IFERROR(INDEX(EPSIS!$F$2:'EPSIS'!$F$603,SMALL(IF(($B$33=EPSIS!$B$2:'EPSIS'!$B$603),MATCH(ROW(EPSIS!$B$2:'EPSIS'!$B$603), ROW(EPSIS!$B$2:'EPSIS'!$B$603)), ""), ROWS($A$1:A26))),"")} -> 31삼천포#3 | C60: =IFERROR(INDEX(EPSIS!D$2:'EPSIS'!D$603,MATCH($B60,EPSIS!$F$2:'EPSIS'!$F$603,0)),"") -> 560 | D60: =IFERROR(INDEX(EPSIS!E$2:'EPSIS'!E$603,MATCH($B60,EPSIS!$F$2:'EPSIS'!$F$603,0)),"") -> 1993 | G60: =IF(D60>$F$2,TRUE,"-") -> - | H60: =IF(G60=TRUE,D60+30,"-") -> - | L60: =IFERROR(INDEX(EPSIS!$B$2:'EPSIS'!$B$603,MATCH($M60,EPSIS!$F$2:'EPSIS'!$F$603,0)),"") -> LNG | M60: {=IFERROR(INDEX(EPSIS!$F$2:'EPSIS'!$F$603,SMALL(IF(($M$3=EPSIS!$B$2:'EPSIS'!$B$603),MATCH(ROW(EPSIS!$B$2:'EPSIS'!$B$603), ROW(EPSIS!$B$2:'EPSIS'!$B$603)), ""), ROWS($A$1:A56))),"")} -> 242서인천#1-4 ST | N60: =IFERROR(INDEX(EPSIS!D$2:'EPSIS'!D$603,MATCH($M60,EPSIS!$F$2:'EPSIS'!$F$603,0)),"") -> 150 | O60: =IFERROR(INDEX(EPSIS!E$2:'EPSIS'!E$603,MATCH($M60,EPSIS!$F$2:'EPSIS'!$F$603,0)),"") -> 1992 | R60: =IF(O60>$F$2,TRUE,"-") -> - | S60: =IF(R60=TRUE,O60+30,"-") -> -
A61: =IFERROR(INDEX(EPSIS!$B$2:'EPSIS'!$B$603,MATCH($B61,EPSIS!$F$2:'EPSIS'!$F$603,0)),"") -> 유연탄 | B61: {=IFERROR(INDEX(EPSIS!$F$2:'EPSIS'!$F$603,SMALL(IF(($B$33=EPSIS!$B$2:'EPSIS'!$B$603),MATCH(ROW(EPSIS!$B$2:'EPSIS'!$B$603), ROW(EPSIS!$B$2:'EPSIS'!$B$603)), ""), ROWS($A$1:A27))),"")} -> 32삼천포#4 | C61: =IFERROR(INDEX(EPSIS!D$2:'EPSIS'!D$603,MATCH($B61,EPSIS!$F$2:'EPSIS'!$F$603,0)),"") -> 560 | D61: =IFERROR(INDEX(EPSIS!E$2:'EPSIS'!E$603,MATCH($B61,EPSIS!$F$2:'EPSIS'!$F$603,0)),"") -> 1994 | G61: =IF(D61>$F$2,TRUE,"-") -> - | H61: =IF(G61=TRUE,D61+30,"-") -> - | L61: =IFERROR(INDEX(EPSIS!$B$2:'EPSIS'!$B$603,MATCH($M61,EPSIS!$F$2:'EPSIS'!$F$603,0)),"") -> LNG | M61: {=IFERROR(INDEX(EPSIS!$F$2:'EPSIS'!$F$603,SMALL(IF(($M$3=EPSIS!$B$2:'EPSIS'!$B$603),MATCH(ROW(EPSIS!$B$2:'EPSIS'!$B$603), ROW(EPSIS!$B$2:'EPSIS'!$B$603)), ""), ROWS($A$1:A57))),"")} -> 243신인천#1,2 GT | N61: =IFERROR(INDEX(EPSIS!D$2:'EPSIS'!D$603,MATCH($M61,EPSIS!$F$2:'EPSIS'!$F$603,0)),"") -> 600 | O61: =IFERROR(INDEX(EPSIS!E$2:'EPSIS'!E$603,MATCH($M61,EPSIS!$F$2:'EPSIS'!$F$603,0)),"") -> 1996 | R61: =IF(O61>$F$2,TRUE,"-") -> - | S61: =IF(R61=TRUE,O61+30,"-") -> -
A62: =IFERROR(INDEX(EPSIS!$B$2:'EPSIS'!$B$603,MATCH($B62,EPSIS!$F$2:'EPSIS'!$F$603,0)),"") -> 유연탄 | B62: {=IFERROR(INDEX(EPSIS!$F$2:'EPSIS'!$F$603,SMALL(IF(($B$33=EPSIS!$B$2:'EPSIS'!$B$603),MATCH(ROW(EPSIS!$B$2:'EPSIS'!$B$603), ROW(EPSIS!$B$2:'EPSIS'!$B$603)), ""), ROWS($A$1:A28))),"")} -> 33삼천포#5 | C62: =IFERROR(INDEX(EPSIS!D$2:'EPSIS'!D$603,MATCH($B62,EPSIS!$F$2:'EPSIS'!$F$603,0)),"") -> 500 | D62: =IFERROR(INDEX(EPSIS!E$2:'EPSIS'!E$603,MATCH($B62,EPSIS!$F$2:'EPSIS'!$F$603,0)),"") -> 1997 | G62: =IF(D62>$F$2,TRUE,"-") -> - | H62: =IF(G62=TRUE,D62+30,"-") -> - | L62: =IFERROR(INDEX(EPSIS!$B$2:'EPSIS'!$B$603,MATCH($M62,EPSIS!$F$2:'EPSIS'!$F$603,0)),"") -> LNG | M62: {=IFERROR(INDEX(EPSIS!$F$2:'EPSIS'!$F$603,SMALL(IF(($M$3=EPSIS!$B$2:'EPSIS'!$B$603),MATCH(ROW(EPSIS!$B$2:'EPSIS'!$B$603), ROW(EPSIS!$B$2:'EPSIS'!$B$603)), ""), ROWS($A$1:A58))),"")} -> 244신인천#1,2 ST | N62: =IFERROR(INDEX(EPSIS!D$2:'EPSIS'!D$603,MATCH($M62,EPSIS!$F$2:'EPSIS'!$F$603,0)),"") -> 300 | O62: =IFERROR(INDEX(EPSIS!E$2:'EPSIS'!E$603,MATCH($M62,EPSIS!$F$2:'EPSIS'!$F$603,0)),"") -> 1997 | R62: =IF(O62>$F$2,TRUE,"-") -> - | S62: =IF(R62=TRUE,O62+30,"-") -> -
A63: =IFERROR(INDEX(EPSIS!$B$2:'EPSIS'!$B$603,MATCH($B63,EPSIS!$F$2:'EPSIS'!$F$603,0)),"") -> 유연탄 | B63: {=IFERROR(INDEX(EPSIS!$F$2:'EPSIS'!$F$603,SMALL(IF(($B$33=EPSIS!$B$2:'EPSIS'!$B$603),MATCH(ROW(EPSIS!$B$2:'EPSIS'!$B$603), ROW(EPSIS!$B$2:'EPSIS'!$B$603)), ""), ROWS($A$1:A29))),"")} -> 34삼천포#6 | C63: =IFERROR(INDEX(EPSIS!D$2:'EPSIS'!D$603,MATCH($B63,EPSIS!$F$2:'EPSIS'!$F$603,0)),"") -> 500 | D63: =IFERROR(INDEX(EPSIS!E$2:'EPSIS'!E$603,MATCH($B63,EPSIS!$F$2:'EPSIS'!$F$603,0)),"") -> 1998 | G63: =IF(D63>$F$2,TRUE,"-") -> - | H63: =IF(G63=TRUE,D63+30,"-") -> - | L63: =IFERROR(INDEX(EPSIS!$B$2:'EPSIS'!$B$603,MATCH($M63,EPSIS!$F$2:'EPSIS'!$F$603,0)),"") -> LNG | M63: {=IFERROR(INDEX(EPSIS!$F$2:'EPSIS'!$F$603,SMALL(IF(($M$3=EPSIS!$B$2:'EPSIS'!$B$603),MATCH(ROW(EPSIS!$B$2:'EPSIS'!$B$603), ROW(EPSIS!$B$2:'EPSIS'!$B$603)), ""), ROWS($A$1:A59))),"")} -> 245신인천#3,4 GT | N63: =IFERROR(INDEX(EPSIS!D$2:'EPSIS'!D$603,MATCH($M63,EPSIS!$F$2:'EPSIS'!$F$603,0)),"") -> 600 | O63: =IFERROR(INDEX(EPSIS!E$2:'EPSIS'!E$603,MATCH($M63,EPSIS!$F$2:'EPSIS'!$F$603,0)),"") -> 1996 | R63: =IF(O63>$F$2,TRUE,"-") -> - | S63: =IF(R63=TRUE,O63+30,"-") -> -
A64: =IFERROR(INDEX(EPSIS!$B$2:'EPSIS'!$B$603,MATCH($B64,EPSIS!$F$2:'EPSIS'!$F$603,0)),"") -> 유연탄 | B64: {=IFERROR(INDEX(EPSIS!$F$2:'EPSIS'!$F$603,SMALL(IF(($B$33=EPSIS!$B$2:'EPSIS'!$B$603),MATCH(ROW(EPSIS!$B$2:'EPSIS'!$B$603), ROW(EPSIS!$B$2:'EPSIS'!$B$603)), ""), ROWS($A$1:A30))),"")} -> 35신보령#1 | C64: =IFERROR(INDEX(EPSIS!D$2:'EPSIS'!D$603,MATCH($B64,EPSIS!$F$2:'EPSIS'!$F$603,0)),"") -> 1019.029 | D64: =IFERROR(INDEX(EPSIS!E$2:'EPSIS'!E$603,MATCH($B64,EPSIS!$F$2:'EPSIS'!$F$603,0)),"") -> 2017 | G64: =IF(D64>$F$2,TRUE,"-") -> TRUE | H64: =IF(G64=TRUE,D64+30,"-") -> 2047 | L64: =IFERROR(INDEX(EPSIS!$B$2:'EPSIS'!$B$603,MATCH($M64,EPSIS!$F$2:'EPSIS'!$F$603,0)),"") -> LNG | M64: {=IFERROR(INDEX(EPSIS!$F$2:'EPSIS'!$F$603,SMALL(IF(($M$3=EPSIS!$B$2:'EPSIS'!$B$603),MATCH(ROW(EPSIS!$B$2:'EPSIS'!$B$603), ROW(EPSIS!$B$2:'EPSIS'!$B$603)), ""), ROWS($A$1:A60))),"")} -> 246신인천#3,4 ST | N64: =IFERROR(INDEX(EPSIS!D$2:'EPSIS'!D$603,MATCH($M64,EPSIS!$F$2:'EPSIS'!$F$603,0)),"") -> 300 | O64: =IFERROR(INDEX(EPSIS!E$2:'EPSIS'!E$603,MATCH($M64,EPSIS!$F$2:'EPSIS'!$F$603,0)),"") -> 1997 | R64: =IF(O64>$F$2,TRUE,"-") -> - | S64: =IF(R64=TRUE,O64+30,"-") -> -
A65: =IFERROR(INDEX(EPSIS!$B$2:'EPSIS'!$B$603,MATCH($B65,EPSIS!$F$2:'EPSIS'!$F$603,0)),"") -> 유연탄 | B65: {=IFERROR(INDEX(EPSIS!$F$2:'EPSIS'!$F$603,SMALL(IF(($B$33=EPSIS!$B$2:'EPSIS'!$B$603),MATCH(ROW(EPSIS!$B$2:'EPSIS'!$B$603), ROW(EPSIS!$B$2:'EPSIS'!$B$603)), ""), ROWS($A$1:A31))),"")} -> 36신보령#2 | C65: =IFERROR(INDEX(EPSIS!D$2:'EPSIS'!D$603,MATCH($B65,EPSIS!$F$2:'EPSIS'!$F$603,0)),"") -> 1019.029 | D65: =IFERROR(INDEX(EPSIS!E$2:'EPSIS'!E$603,MATCH($B65,EPSIS!$F$2:'EPSIS'!$F$603,0)),"") -> 2017 | G65: =IF(D65>$F$2,TRUE,"-") -> TRUE | H65: =IF(G65=TRUE,D65+30,"-") -> 2047 | L65: =IFERROR(INDEX(EPSIS!$B$2:'EPSIS'!$B$603,MATCH($M65,EPSIS!$F$2:'EPSIS'!$F$603,0)),"") -> LNG | M65: {=IFERROR(INDEX(EPSIS!$F$2:'EPSIS'!$F$603,SMALL(IF(($M$3=EPSIS!$B$2:'EPSIS'!$B$603),MATCH(ROW(EPSIS!$B$2:'EPSIS'!$B$603), ROW(EPSIS!$B$2:'EPSIS'!$B$603)), ""), ROWS($A$1:A61))),"")} -> 247신평택 GT | N65: =IFERROR(INDEX(EPSIS!D$2:'EPSIS'!D$603,MATCH($M65,EPSIS!$F$2:'EPSIS'!$F$603,0)),"") -> 580.4 | O65: =IFERROR(INDEX(EPSIS!E$2:'EPSIS'!E$603,MATCH($M65,EPSIS!$F$2:'EPSIS'!$F$603,0)),"") -> 2019 | R65: =IF(O65>$F$2,TRUE,"-") -> TRUE | S65: =IF(R65=TRUE,O65+30,"-") -> 2049
A66: =IFERROR(INDEX(EPSIS!$B$2:'EPSIS'!$B$603,MATCH($B66,EPSIS!$F$2:'EPSIS'!$F$603,0)),"") -> 유연탄 | B66: {=IFERROR(INDEX(EPSIS!$F$2:'EPSIS'!$F$603,SMALL(IF(($B$33=EPSIS!$B$2:'EPSIS'!$B$603),MATCH(ROW(EPSIS!$B$2:'EPSIS'!$B$603), ROW(EPSIS!$B$2:'EPSIS'!$B$603)), ""), ROWS($A$1:A32))),"")} -> 37여수#1 | C66: =IFERROR(INDEX(EPSIS!D$2:'EPSIS'!D$603,MATCH($B66,EPSIS!$F$2:'EPSIS'!$F$603,0)),"") -> 340 | D66: =IFERROR(INDEX(EPSIS!E$2:'EPSIS'!E$603,MATCH($B66,EPSIS!$F$2:'EPSIS'!$F$603,0)),"") -> 2016 | G66: =IF(D66>$F$2,TRUE,"-") -> TRUE | H66: =IF(G66=TRUE,D66+30,"-") -> 2046 | L66: =IFERROR(INDEX(EPSIS!$B$2:'EPSIS'!$B$603,MATCH($M66,EPSIS!$F$2:'EPSIS'!$F$603,0)),"") -> LNG | M66: {=IFERROR(INDEX(EPSIS!$F$2:'EPSIS'!$F$603,SMALL(IF(($M$3=EPSIS!$B$2:'EPSIS'!$B$603),MATCH(ROW(EPSIS!$B$2:'EPSIS'!$B$603), ROW(EPSIS!$B$2:'EPSIS'!$B$603)), ""), ROWS($A$1:A62))),"")} -> 248신평택 ST | N66: =IFERROR(INDEX(EPSIS!D$2:'EPSIS'!D$603,MATCH($M66,EPSIS!$F$2:'EPSIS'!$F$603,0)),"") -> 282.9 | O66: =IFERROR(INDEX(EPSIS!E$2:'EPSIS'!E$603,MATCH($M66,EPSIS!$F$2:'EPSIS'!$F$603,0)),"") -> 2019 | R66: =IF(O66>$F$2,TRUE,"-") -> TRUE | S66: =IF(R66=TRUE,O66+30,"-") -> 2049
... A113: =IFERROR(INDEX(EPSIS!$B$2:'EPSIS'!$B$603,MATCH($B113,EPSIS!$F$2:'EPSIS'!$F$603,0)),"") | B113: {=IFERROR(INDEX(EPSIS!$F$2:'EPSIS'!$F$603,SMALL(IF(($B$33=EPSIS!$B$2:'EPSIS'!$B$603),MATCH(ROW(EPSIS!$B$2:'EPSIS'!$B$603), ROW(EPSIS!$B$2:'EPSIS'!$B$603)), ""), ROWS($A$1:A79))),"")} | C113: =IFERROR(INDEX(EPSIS!D$2:'EPSIS'!D$603,MATCH($B113,EPSIS!$F$2:'EPSIS'!$F$603,0)),"") | D113: =IFERROR(INDEX(EPSIS!E$2:'EPSIS'!E$603,MATCH($B113,EPSIS!$F$2:'EPSIS'!$F$603,0)),"") | G113: =IF(D113>$F$2,TRUE,"-") -> TRUE | H113: =IF(G113=TRUE,D113+30,"-") -> #VALUE! | L113: =IFERROR(INDEX(EPSIS!$B$2:'EPSIS'!$B$603,MATCH($M113,EPSIS!$F$2:'EPSIS'!$F$603,0)),"") -> LNG | M113: {=IFERROR(INDEX(EPSIS!$F$2:'EPSIS'!$F$603,SMALL(IF(($M$3=EPSIS!$B$2:'EPSIS'!$B$603),MATCH(ROW(EPSIS!$B$2:'EPSIS'!$B$603), ROW(EPSIS!$B$2:'EPSIS'!$B$603)), ""), ROWS($A$1:A109))),"")} -> 297포스코#3 ST | N113: =IFERROR(INDEX(EPSIS!D$2:'EPSIS'!D$603,MATCH($M113,EPSIS!$F$2:'EPSIS'!$F$603,0)),"") -> 150 | O113: =IFERROR(INDEX(EPSIS!E$2:'EPSIS'!E$603,MATCH($M113,EPSIS!$F$2:'EPSIS'!$F$603,0)),"") -> 1999 | R113: =IF(O113>$F$2,TRUE,"-") -> - | S113: =IF(R113=TRUE,O113+30,"-") -> -
A114: =IFERROR(INDEX(EPSIS!$B$2:'EPSIS'!$B$603,MATCH($B114,EPSIS!$F$2:'EPSIS'!$F$603,0)),"") -> 무연탄 | B114: {=IFERROR(INDEX(EPSIS!$F$2:'EPSIS'!$F$603,SMALL(IF(($C$33=EPSIS!$B$2:'EPSIS'!$B$603),MATCH(ROW(EPSIS!$B$2:'EPSIS'!$B$603), ROW(EPSIS!$B$2:'EPSIS'!$B$603)), ""), ROWS($A$1:A1))),"")} -> 15동해#1 | C114: =IFERROR(INDEX(EPSIS!D$2:'EPSIS'!D$603,MATCH($B114,EPSIS!$F$2:'EPSIS'!$F$603,0)),"") -> 200 | D114: =IFERROR(INDEX(EPSIS!E$2:'EPSIS'!E$603,MATCH($B114,EPSIS!$F$2:'EPSIS'!$F$603,0)),"") -> 1998 | G114: =IF(D114>$F$2,TRUE,"-") -> - | H114: =IF(G114=TRUE,D114+30,"-") -> - | L114: =IFERROR(INDEX(EPSIS!$B$2:'EPSIS'!$B$603,MATCH($M114,EPSIS!$F$2:'EPSIS'!$F$603,0)),"") -> LNG | M114: {=IFERROR(INDEX(EPSIS!$F$2:'EPSIS'!$F$603,SMALL(IF(($M$3=EPSIS!$B$2:'EPSIS'!$B$603),MATCH(ROW(EPSIS!$B$2:'EPSIS'!$B$603), ROW(EPSIS!$B$2:'EPSIS'!$B$603)), ""), ROWS($A$1:A110))),"")} -> 298포스코#4 GT | N114: =IFERROR(INDEX(EPSIS!D$2:'EPSIS'!D$603,MATCH($M114,EPSIS!$F$2:'EPSIS'!$F$603,0)),"") -> 300 | O114: =IFERROR(INDEX(EPSIS!E$2:'EPSIS'!E$603,MATCH($M114,EPSIS!$F$2:'EPSIS'!$F$603,0)),"") -> 1997 | R114: =IF(O114>$F$2,TRUE,"-") -> - | S114: =IF(R114=TRUE,O114+30,"-") -> -
A115: =IFERROR(INDEX(EPSIS!$B$2:'EPSIS'!$B$603,MATCH($B115,EPSIS!$F$2:'EPSIS'!$F$603,0)),"") -> 무연탄 | B115: {=IFERROR(INDEX(EPSIS!$F$2:'EPSIS'!$F$603,SMALL(IF(($C$33=EPSIS!$B$2:'EPSIS'!$B$603),MATCH(ROW(EPSIS!$B$2:'EPSIS'!$B$603), ROW(EPSIS!$B$2:'EPSIS'!$B$603)), ""), ROWS($A$1:A2))),"")} -> 16동해#2 | C115: =IFERROR(INDEX(EPSIS!D$2:'EPSIS'!D$603,MATCH($B115,EPSIS!$F$2:'EPSIS'!$F$603,0)),"") -> 200 | D115: =IFERROR(INDEX(EPSIS!E$2:'EPSIS'!E$603,MATCH($B115,EPSIS!$F$2:'EPSIS'!$F$603,0)),"") -> 1999 | G115: =IF(D115>$F$2,TRUE,"-") -> - | H115: =IF(G115=TRUE,D115+30,"-") -> - | L115: =IFERROR(INDEX(EPSIS!$B$2:'EPSIS'!$B$603,MATCH($M115,EPSIS!$F$2:'EPSIS'!$F$603,0)),"") -> LNG | M115: {=IFERROR(INDEX(EPSIS!$F$2:'EPSIS'!$F$603,SMALL(IF(($M$3=EPSIS!$B$2:'EPSIS'!$B$603),MATCH(ROW(EPSIS!$B$2:'EPSIS'!$B$603), ROW(EPSIS!$B$2:'EPSIS'!$B$603)), ""), ROWS($A$1:A111))),"")} -> 299포스코#4 ST | N115: =IFERROR(INDEX(EPSIS!D$2:'EPSIS'!D$603,MATCH($M115,EPSIS!$F$2:'EPSIS'!$F$603,0)),"") -> 150 | O115: =IFERROR(INDEX(EPSIS!E$2:'EPSIS'!E$603,MATCH($M115,EPSIS!$F$2:'EPSIS'!$F$603,0)),"") -> 2001 | R115: =IF(O115>$F$2,TRUE,"-") -> - | S115: =IF(R115=TRUE,O115+30,"-") -> -
A116: =IFERROR(INDEX(EPSIS!$B$2:'EPSIS'!$B$603,MATCH($B116,EPSIS!$F$2:'EPSIS'!$F$603,0)),"") | B116: {=IFERROR(INDEX(EPSIS!$F$2:'EPSIS'!$F$603,SMALL(IF(($C$33=EPSIS!$B$2:'EPSIS'!$B$603),MATCH(ROW(EPSIS!$B$2:'EPSIS'!$B$603), ROW(EPSIS!$B$2:'EPSIS'!$B$603)), ""), ROWS($A$1:A3))),"")} | C116: =IFERROR(INDEX(EPSIS!D$2:'EPSIS'!D$603,MATCH($B116,EPSIS!$F$2:'EPSIS'!$F$603,0)),"") | D116: =IFERROR(INDEX(EPSIS!E$2:'EPSIS'!E$603,MATCH($B116,EPSIS!$F$2:'EPSIS'!$F$603,0)),"") | G116: =IF(D116>$F$2,TRUE,"-") -> TRUE | H116: =IF(G116=TRUE,D116+30,"-") -> #VALUE! | L116: =IFERROR(INDEX(EPSIS!$B$2:'EPSIS'!$B$603,MATCH($M116,EPSIS!$F$2:'EPSIS'!$F$603,0)),"") -> LNG | M116: {=IFERROR(INDEX(EPSIS!$F$2:'EPSIS'!$F$603,SMALL(IF(($M$3=EPSIS!$B$2:'EPSIS'!$B$603),MATCH(ROW(EPSIS!$B$2:'EPSIS'!$B$603), ROW(EPSIS!$B$2:'EPSIS'!$B$603)), ""), ROWS($A$1:A112))),"")} -> 300포스코#5 GT | N116: =IFERROR(INDEX(EPSIS!D$2:'EPSIS'!D$603,MATCH($M116,EPSIS!$F$2:'EPSIS'!$F$603,0)),"") -> 366.4 | O116: =IFERROR(INDEX(EPSIS!E$2:'EPSIS'!E$603,MATCH($M116,EPSIS!$F$2:'EPSIS'!$F$603,0)),"") -> 2011 | R116: =IF(O116>$F$2,TRUE,"-") -> TRUE | S116: =IF(R116=TRUE,O116+30,"-") -> 2041
A117: =IFERROR(INDEX(EPSIS!$B$2:'EPSIS'!$B$603,MATCH($B117,EPSIS!$F$2:'EPSIS'!$F$603,0)),"") -> 역청탄 | B117: {=IFERROR(INDEX(EPSIS!$F$2:'EPSIS'!$F$603,SMALL(IF(($D$33=EPSIS!$B$2:'EPSIS'!$B$603),MATCH(ROW(EPSIS!$B$2:'EPSIS'!$B$603), ROW(EPSIS!$B$2:'EPSIS'!$B$603)), ""), ROWS($A$1:A1))),"")} -> 534SGC에너지#1 | C117: =IFERROR(INDEX(EPSIS!D$2:'EPSIS'!D$603,MATCH($B117,EPSIS!$F$2:'EPSIS'!$F$603,0)),"") -> 54.529 | D117: =IFERROR(INDEX(EPSIS!E$2:'EPSIS'!E$603,MATCH($B117,EPSIS!$F$2:'EPSIS'!$F$603,0)),"") -> 2008 | G117: =IF(D117>$F$2,TRUE,"-") -> TRUE | H117: =IF(G117=TRUE,D117+30,"-") -> 2038 | L117: =IFERROR(INDEX(EPSIS!$B$2:'EPSIS'!$B$603,MATCH($M117,EPSIS!$F$2:'EPSIS'!$F$603,0)),"") -> LNG | M117: {=IFERROR(INDEX(EPSIS!$F$2:'EPSIS'!$F$603,SMALL(IF(($M$3=EPSIS!$B$2:'EPSIS'!$B$603),MATCH(ROW(EPSIS!$B$2:'EPSIS'!$B$603), ROW(EPSIS!$B$2:'EPSIS'!$B$603)), ""), ROWS($A$1:A113))),"")} -> 301포스코#5 ST | N117: =IFERROR(INDEX(EPSIS!D$2:'EPSIS'!D$603,MATCH($M117,EPSIS!$F$2:'EPSIS'!$F$603,0)),"") -> 208.2 | O117: =IFERROR(INDEX(EPSIS!E$2:'EPSIS'!E$603,MATCH($M117,EPSIS!$F$2:'EPSIS'!$F$603,0)),"") -> 2011 | R117: =IF(O117>$F$2,TRUE,"-") -> TRUE | S117: =IF(R117=TRUE,O117+30,"-") -> 2041
A118: =IFERROR(INDEX(EPSIS!$B$2:'EPSIS'!$B$603,MATCH($B118,EPSIS!$F$2:'EPSIS'!$F$603,0)),"") -> 역청탄 | B118: {=IFERROR(INDEX(EPSIS!$F$2:'EPSIS'!$F$603,SMALL(IF(($D$33=EPSIS!$B$2:'EPSIS'!$B$603),MATCH(ROW(EPSIS!$B$2:'EPSIS'!$B$603), ROW(EPSIS!$B$2:'EPSIS'!$B$603)), ""), ROWS($A$1:A2))),"")} -> 535SGC에너지#2 | C118: =IFERROR(INDEX(EPSIS!D$2:'EPSIS'!D$603,MATCH($B118,EPSIS!$F$2:'EPSIS'!$F$603,0)),"") -> 30.54 | D118: =IFERROR(INDEX(EPSIS!E$2:'EPSIS'!E$603,MATCH($B118,EPSIS!$F$2:'EPSIS'!$F$603,0)),"") -> 2009 | G118: =IF(D118>$F$2,TRUE,"-") -> TRUE | H118: =IF(G118=TRUE,D118+30,"-") -> 2039 | L118: =IFERROR(INDEX(EPSIS!$B$2:'EPSIS'!$B$603,MATCH($M118,EPSIS!$F$2:'EPSIS'!$F$603,0)),"") -> LNG | M118: {=IFERROR(INDEX(EPSIS!$F$2:'EPSIS'!$F$603,SMALL(IF(($M$3=EPSIS!$B$2:'EPSIS'!$B$603),MATCH(ROW(EPSIS!$B$2:'EPSIS'!$B$603), ROW(EPSIS!$B$2:'EPSIS'!$B$603)), ""), ROWS($A$1:A114))),"")} -> 302포스코#6 GT | N118: =IFERROR(INDEX(EPSIS!D$2:'EPSIS'!D$603,MATCH($M118,EPSIS!$F$2:'EPSIS'!$F$603,0)),"") -> 366.4 | O118: =IFERROR(INDEX(EPSIS!E$2:'EPSIS'!E$603,MATCH($M118,EPSIS!$F$2:'EPSIS'!$F$603,0)),"") -> 2011 | R118: =IF(O118>$F$2,TRUE,"-") -> TRUE | S118: =IF(R118=TRUE,O118+30,"-") -> 2041
L119: =IFERROR(INDEX(EPSIS!$B$2:'EPSIS'!$B$603,MATCH($M119,EPSIS!$F$2:'EPSIS'!$F$603,0)),"") -> LNG | M119: {=IFERROR(INDEX(EPSIS!$F$2:'EPSIS'!$F$603,SMALL(IF(($M$3=EPSIS!$B$2:'EPSIS'!$B$603),MATCH(ROW(EPSIS!$B$2:'EPSIS'!$B$603), ROW(EPSIS!$B$2:'EPSIS'!$B$603)), ""), ROWS($A$1:A115))),"")} -> 303포스코#6 ST | N119: =IFERROR(INDEX(EPSIS!D$2:'EPSIS'!D$603,MATCH($M119,EPSIS!$F$2:'EPSIS'!$F$603,0)),"") -> 208.2 | O119: =IFERROR(INDEX(EPSIS!E$2:'EPSIS'!E$603,MATCH($M119,EPSIS!$F$2:'EPSIS'!$F$603,0)),"") -> 2011 | R119: =IF(O119>$F$2,TRUE,"-") -> TRUE | S119: =IF(R119=TRUE,O119+30,"-") -> 2041
L120: =IFERROR(INDEX(EPSIS!$B$2:'EPSIS'!$B$603,MATCH($M120,EPSIS!$F$2:'EPSIS'!$F$603,0)),"") -> LNG | M120: {=IFERROR(INDEX(EPSIS!$F$2:'EPSIS'!$F$603,SMALL(IF(($M$3=EPSIS!$B$2:'EPSIS'!$B$603),MATCH(ROW(EPSIS!$B$2:'EPSIS'!$B$603), ROW(EPSIS!$B$2:'EPSIS'!$B$603)), ""), ROWS($A$1:A116))),"")} -> 304포스코#7 GT | N120: =IFERROR(INDEX(EPSIS!D$2:'EPSIS'!D$603,MATCH($M120,EPSIS!$F$2:'EPSIS'!$F$603,0)),"") -> 242.7 | O120: =IFERROR(INDEX(EPSIS!E$2:'EPSIS'!E$603,MATCH($M120,EPSIS!$F$2:'EPSIS'!$F$603,0)),"") -> 2014 | R120: =IF(O120>$F$2,TRUE,"-") -> TRUE | S120: =IF(R120=TRUE,O120+30,"-") -> 2044
L121: =IFERROR(INDEX(EPSIS!$B$2:'EPSIS'!$B$603,MATCH($M121,EPSIS!$F$2:'EPSIS'!$F$603,0)),"") -> LNG | M121: {=IFERROR(INDEX(EPSIS!$F$2:'EPSIS'!$F$603,SMALL(IF(($M$3=EPSIS!$B$2:'EPSIS'!$B$603),MATCH(ROW(EPSIS!$B$2:'EPSIS'!$B$603), ROW(EPSIS!$B$2:'EPSIS'!$B$603)), ""), ROWS($A$1:A117))),"")} -> 305포스코#7 ST | N121: =IFERROR(INDEX(EPSIS!D$2:'EPSIS'!D$603,MATCH($M121,EPSIS!$F$2:'EPSIS'!$F$603,0)),"") -> 132.9 | O121: =IFERROR(INDEX(EPSIS!E$2:'EPSIS'!E$603,MATCH($M121,EPSIS!$F$2:'EPSIS'!$F$603,0)),"") -> 2014 | R121: =IF(O121>$F$2,TRUE,"-") -> TRUE | S121: =IF(R121=TRUE,O121+30,"-") -> 2044
A122: # biomass | E122: * Assumed retire cycle of nuclear plant : | F122: 30 | G122: years | L122: =IFERROR(INDEX(EPSIS!$B$2:'EPSIS'!$B$603,MATCH($M122,EPSIS!$F$2:'EPSIS'!$F$603,0)),"") -> LNG | M122: {=IFERROR(INDEX(EPSIS!$F$2:'EPSIS'!$F$603,SMALL(IF(($M$3=EPSIS!$B$2:'EPSIS'!$B$603),MATCH(ROW(EPSIS!$B$2:'EPSIS'!$B$603), ROW(EPSIS!$B$2:'EPSIS'!$B$603)), ""), ROWS($A$1:A118))),"")} -> 306포스코#8 GT | N122: =IFERROR(INDEX(EPSIS!D$2:'EPSIS'!D$603,MATCH($M122,EPSIS!$F$2:'EPSIS'!$F$603,0)),"") -> 242.7 | O122: =IFERROR(INDEX(EPSIS!E$2:'EPSIS'!E$603,MATCH($M122,EPSIS!$F$2:'EPSIS'!$F$603,0)),"") -> 2014 | R122: =IF(O122>$F$2,TRUE,"-") -> TRUE | S122: =IF(R122=TRUE,O122+30,"-") -> 2044
E123: ** plants built before | F123: =$I$1-F122 -> 2004 | G123: are not considerd (Assume MOTIE Data already considered them) | L123: =IFERROR(INDEX(EPSIS!$B$2:'EPSIS'!$B$603,MATCH($M123,EPSIS!$F$2:'EPSIS'!$F$603,0)),"") -> LNG | M123: {=IFERROR(INDEX(EPSIS!$F$2:'EPSIS'!$F$603,SMALL(IF(($M$3=EPSIS!$B$2:'EPSIS'!$B$603),MATCH(ROW(EPSIS!$B$2:'EPSIS'!$B$603), ROW(EPSIS!$B$2:'EPSIS'!$B$603)), ""), ROWS($A$1:A119))),"")} -> 307포스코#8 ST | N123: =IFERROR(INDEX(EPSIS!D$2:'EPSIS'!D$603,MATCH($M123,EPSIS!$F$2:'EPSIS'!$F$603,0)),"") -> 132.9 | O123: =IFERROR(INDEX(EPSIS!E$2:'EPSIS'!E$603,MATCH($M123,EPSIS!$F$2:'EPSIS'!$F$603,0)),"") -> 2014 | R123: =IF(O123>$F$2,TRUE,"-") -> TRUE | S123: =IF(R123=TRUE,O123+30,"-") -> 2044
A124: resource | B124: =EPSIS!I5 -> 바이오중유 | L124: =IFERROR(INDEX(EPSIS!$B$2:'EPSIS'!$B$603,MATCH($M124,EPSIS!$F$2:'EPSIS'!$F$603,0)),"") -> LNG | M124: {=IFERROR(INDEX(EPSIS!$F$2:'EPSIS'!$F$603,SMALL(IF(($M$3=EPSIS!$B$2:'EPSIS'!$B$603),MATCH(ROW(EPSIS!$B$2:'EPSIS'!$B$603), ROW(EPSIS!$B$2:'EPSIS'!$B$603)), ""), ROWS($A$1:A120))),"")} -> 308포스코#9 GT | N124: =IFERROR(INDEX(EPSIS!D$2:'EPSIS'!D$603,MATCH($M124,EPSIS!$F$2:'EPSIS'!$F$603,0)),"") -> 242.7 | O124: =IFERROR(INDEX(EPSIS!E$2:'EPSIS'!E$603,MATCH($M124,EPSIS!$F$2:'EPSIS'!$F$603,0)),"") -> 2015 | R124: =IF(O124>$F$2,TRUE,"-") -> TRUE | S124: =IF(R124=TRUE,O124+30,"-") -> 2045
A125: Type | B125: Plant name | C125: Cap. (MW) | D125: starting year | G125: After 2004 ? | H125: Retirement year | L125: =IFERROR(INDEX(EPSIS!$B$2:'EPSIS'!$B$603,MATCH($M125,EPSIS!$F$2:'EPSIS'!$F$603,0)),"") -> LNG | M125: {=IFERROR(INDEX(EPSIS!$F$2:'EPSIS'!$F$603,SMALL(IF(($M$3=EPSIS!$B$2:'EPSIS'!$B$603),MATCH(ROW(EPSIS!$B$2:'EPSIS'!$B$603), ROW(EPSIS!$B$2:'EPSIS'!$B$603)), ""), ROWS($A$1:A121))),"")} -> 309포스코#9 ST | N125: =IFERROR(INDEX(EPSIS!D$2:'EPSIS'!D$603,MATCH($M125,EPSIS!$F$2:'EPSIS'!$F$603,0)),"") -> 132.9 | O125: =IFERROR(INDEX(EPSIS!E$2:'EPSIS'!E$603,MATCH($M125,EPSIS!$F$2:'EPSIS'!$F$603,0)),"") -> 2015 | R125: =IF(O125>$F$2,TRUE,"-") -> TRUE | S125: =IF(R125=TRUE,O125+30,"-") -> 2045
A126: =IFERROR(INDEX(EPSIS!$B$2:'EPSIS'!$B$603,MATCH($B126,EPSIS!$F$2:'EPSIS'!$F$603,0)),"") -> 바이오중유 | B126: {=IFERROR(INDEX(EPSIS!$F$2:'EPSIS'!$F$603,SMALL(IF(($B$124=EPSIS!$B$2:'EPSIS'!$B$603),MATCH(ROW(EPSIS!$B$2:'EPSIS'!$B$603), ROW(EPSIS!$B$2:'EPSIS'!$B$603)), ""), ROWS($A$1:A1))),"")} -> 3남제주#1 | C126: =IFERROR(INDEX(EPSIS!D$2:'EPSIS'!D$603,MATCH($B126,EPSIS!$F$2:'EPSIS'!$F$603,0)),"") -> 100 | D126: =IFERROR(INDEX(EPSIS!E$2:'EPSIS'!E$603,MATCH($B126,EPSIS!$F$2:'EPSIS'!$F$603,0)),"") -> 2006 | G126: =IF(D126>$F$2,TRUE,"-") -> TRUE | H126: =IF(G126=TRUE,D126+30,"-") -> 2036 | L126: =IFERROR(INDEX(EPSIS!$B$2:'EPSIS'!$B$603,MATCH($M126,EPSIS!$F$2:'EPSIS'!$F$603,0)),"") -> LNG | M126: {=IFERROR(INDEX(EPSIS!$F$2:'EPSIS'!$F$603,SMALL(IF(($M$3=EPSIS!$B$2:'EPSIS'!$B$603),MATCH(ROW(EPSIS!$B$2:'EPSIS'!$B$603), ROW(EPSIS!$B$2:'EPSIS'!$B$603)), ""), ROWS($A$1:A122))),"")} -> 310포천#1 GT | N126: =IFERROR(INDEX(EPSIS!D$2:'EPSIS'!D$603,MATCH($M126,EPSIS!$F$2:'EPSIS'!$F$603,0)),"") -> 481 | O126: =IFERROR(INDEX(EPSIS!E$2:'EPSIS'!E$603,MATCH($M126,EPSIS!$F$2:'EPSIS'!$F$603,0)),"") -> 2014 | R126: =IF(O126>$F$2,TRUE,"-") -> TRUE | S126: =IF(R126=TRUE,O126+30,"-") -> 2044
A127: =IFERROR(INDEX(EPSIS!$B$2:'EPSIS'!$B$603,MATCH($B127,EPSIS!$F$2:'EPSIS'!$F$603,0)),"") -> 바이오중유 | B127: {=IFERROR(INDEX(EPSIS!$F$2:'EPSIS'!$F$603,SMALL(IF(($B$124=EPSIS!$B$2:'EPSIS'!$B$603),MATCH(ROW(EPSIS!$B$2:'EPSIS'!$B$603), ROW(EPSIS!$B$2:'EPSIS'!$B$603)), ""), ROWS($A$1:A2))),"")} -> 4남제주#2 | C127: =IFERROR(INDEX(EPSIS!D$2:'EPSIS'!D$603,MATCH($B127,EPSIS!$F$2:'EPSIS'!$F$603,0)),"") -> 100 | D127: =IFERROR(INDEX(EPSIS!E$2:'EPSIS'!E$603,MATCH($B127,EPSIS!$F$2:'EPSIS'!$F$603,0)),"") -> 2007 | G127: =IF(D127>$F$2,TRUE,"-") -> TRUE | H127: =IF(G127=TRUE,D127+30,"-") -> 2037 | L127: =IFERROR(INDEX(EPSIS!$B$2:'EPSIS'!$B$603,MATCH($M127,EPSIS!$F$2:'EPSIS'!$F$603,0)),"") -> LNG | M127: {=IFERROR(INDEX(EPSIS!$F$2:'EPSIS'!$F$603,SMALL(IF(($M$3=EPSIS!$B$2:'EPSIS'!$B$603),MATCH(ROW(EPSIS!$B$2:'EPSIS'!$B$603), ROW(EPSIS!$B$2:'EPSIS'!$B$603)), ""), ROWS($A$1:A123))),"")} -> 311포천#1 ST | N127: =IFERROR(INDEX(EPSIS!D$2:'EPSIS'!D$603,MATCH($M127,EPSIS!$F$2:'EPSIS'!$F$603,0)),"") -> 244 | O127: =IFERROR(INDEX(EPSIS!E$2:'EPSIS'!E$603,MATCH($M127,EPSIS!$F$2:'EPSIS'!$F$603,0)),"") -> 2014 | R127: =IF(O127>$F$2,TRUE,"-") -> TRUE | S127: =IF(R127=TRUE,O127+30,"-") -> 2044
A128: =IFERROR(INDEX(EPSIS!$B$2:'EPSIS'!$B$603,MATCH($B128,EPSIS!$F$2:'EPSIS'!$F$603,0)),"") -> 바이오중유 | B128: {=IFERROR(INDEX(EPSIS!$F$2:'EPSIS'!$F$603,SMALL(IF(($B$124=EPSIS!$B$2:'EPSIS'!$B$603),MATCH(ROW(EPSIS!$B$2:'EPSIS'!$B$603), ROW(EPSIS!$B$2:'EPSIS'!$B$603)), ""), ROWS($A$1:A3))),"")} -> 39영동#2 | C128: =IFERROR(INDEX(EPSIS!D$2:'EPSIS'!D$603,MATCH($B128,EPSIS!$F$2:'EPSIS'!$F$603,0)),"") -> 200 | D128: =IFERROR(INDEX(EPSIS!E$2:'EPSIS'!E$603,MATCH($B128,EPSIS!$F$2:'EPSIS'!$F$603,0)),"") -> 1979 | G128: =IF(D128>$F$2,TRUE,"-") -> - | H128: =IF(G128=TRUE,D128+30,"-") -> - | L128: =IFERROR(INDEX(EPSIS!$B$2:'EPSIS'!$B$603,MATCH($M128,EPSIS!$F$2:'EPSIS'!$F$603,0)),"") -> LNG | M128: {=IFERROR(INDEX(EPSIS!$F$2:'EPSIS'!$F$603,SMALL(IF(($M$3=EPSIS!$B$2:'EPSIS'!$B$603),MATCH(ROW(EPSIS!$B$2:'EPSIS'!$B$603), ROW(EPSIS!$B$2:'EPSIS'!$B$603)), ""), ROWS($A$1:A124))),"")} -> 312포천#2 GT | N128: =IFERROR(INDEX(EPSIS!D$2:'EPSIS'!D$603,MATCH($M128,EPSIS!$F$2:'EPSIS'!$F$603,0)),"") -> 481 | O128: =IFERROR(INDEX(EPSIS!E$2:'EPSIS'!E$603,MATCH($M128,EPSIS!$F$2:'EPSIS'!$F$603,0)),"") -> 2014 | R128: =IF(O128>$F$2,TRUE,"-") -> TRUE | S128: =IF(R128=TRUE,O128+30,"-") -> 2044
A129: =IFERROR(INDEX(EPSIS!$B$2:'EPSIS'!$B$603,MATCH($B129,EPSIS!$F$2:'EPSIS'!$F$603,0)),"") -> 바이오중유 | B129: {=IFERROR(INDEX(EPSIS!$F$2:'EPSIS'!$F$603,SMALL(IF(($B$124=EPSIS!$B$2:'EPSIS'!$B$603),MATCH(ROW(EPSIS!$B$2:'EPSIS'!$B$603), ROW(EPSIS!$B$2:'EPSIS'!$B$603)), ""), ROWS($A$1:A4))),"")} -> 49제주#2 | C129: =IFERROR(INDEX(EPSIS!D$2:'EPSIS'!D$603,MATCH($B129,EPSIS!$F$2:'EPSIS'!$F$603,0)),"") -> 75 | D129: =IFERROR(INDEX(EPSIS!E$2:'EPSIS'!E$603,MATCH($B129,EPSIS!$F$2:'EPSIS'!$F$603,0)),"") -> 2000 | G129: =IF(D129>$F$2,TRUE,"-") -> - | H129: =IF(G129=TRUE,D129+30,"-") -> - | L129: =IFERROR(INDEX(EPSIS!$B$2:'EPSIS'!$B$603,MATCH($M129,EPSIS!$F$2:'EPSIS'!$F$603,0)),"") -> LNG | M129: {=IFERROR(INDEX(EPSIS!$F$2:'EPSIS'!$F$603,SMALL(IF(($M$3=EPSIS!$B$2:'EPSIS'!$B$603),MATCH(ROW(EPSIS!$B$2:'EPSIS'!$B$603), ROW(EPSIS!$B$2:'EPSIS'!$B$603)), ""), ROWS($A$1:A125))),"")} -> 313포천#2 ST | N129: =IFERROR(INDEX(EPSIS!D$2:'EPSIS'!D$603,MATCH($M129,EPSIS!$F$2:'EPSIS'!$F$603,0)),"") -> 244 | O129: =IFERROR(INDEX(EPSIS!E$2:'EPSIS'!E$603,MATCH($M129,EPSIS!$F$2:'EPSIS'!$F$603,0)),"") -> 2014 | R129: =IF(O129>$F$2,TRUE,"-") -> TRUE | S129: =IF(R129=TRUE,O129+30,"-") -> 2044
L130: =IFERROR(INDEX(EPSIS!$B$2:'EPSIS'!$B$603,MATCH($M130,EPSIS!$F$2:'EPSIS'!$F$603,0)),"") -> LNG | M130: {=IFERROR(INDEX(EPSIS!$F$2:'EPSIS'!$F$603,SMALL(IF(($M$3=EPSIS!$B$2:'EPSIS'!$B$603),MATCH(ROW(EPSIS!$B$2:'EPSIS'!$B$603), ROW(EPSIS!$B$2:'EPSIS'!$B$603)), ""), ROWS($A$1:A126))),"")} -> 314포천천연 GT | N130: =IFERROR(INDEX(EPSIS!D$2:'EPSIS'!D$603,MATCH($M130,EPSIS!$F$2:'EPSIS'!$F$603,0)),"") -> 575.4 | O130: =IFERROR(INDEX(EPSIS!E$2:'EPSIS'!E$603,MATCH($M130,EPSIS!$F$2:'EPSIS'!$F$603,0)),"") -> 2017 | R130: =IF(O130>$F$2,TRUE,"-") -> TRUE | S130: =IF(R130=TRUE,O130+30,"-") -> 2047
L131: =IFERROR(INDEX(EPSIS!$B$2:'EPSIS'!$B$603,MATCH($M131,EPSIS!$F$2:'EPSIS'!$F$603,0)),"") -> LNG | M131: {=IFERROR(INDEX(EPSIS!$F$2:'EPSIS'!$F$603,SMALL(IF(($M$3=EPSIS!$B$2:'EPSIS'!$B$603),MATCH(ROW(EPSIS!$B$2:'EPSIS'!$B$603), ROW(EPSIS!$B$2:'EPSIS'!$B$603)), ""), ROWS($A$1:A127))),"")} -> 315포천천연 ST | N131: =IFERROR(INDEX(EPSIS!D$2:'EPSIS'!D$603,MATCH($M131,EPSIS!$F$2:'EPSIS'!$F$603,0)),"") -> 298.8 | O131: =IFERROR(INDEX(EPSIS!E$2:'EPSIS'!E$603,MATCH($M131,EPSIS!$F$2:'EPSIS'!$F$603,0)),"") -> 2017 | R131: =IF(O131>$F$2,TRUE,"-") -> TRUE | S131: =IF(R131=TRUE,O131+30,"-") -> 2047
L132: =IFERROR(INDEX(EPSIS!$B$2:'EPSIS'!$B$603,MATCH($M132,EPSIS!$F$2:'EPSIS'!$F$603,0)),"") -> LNG | M132: {=IFERROR(INDEX(EPSIS!$F$2:'EPSIS'!$F$603,SMALL(IF(($M$3=EPSIS!$B$2:'EPSIS'!$B$603),MATCH(ROW(EPSIS!$B$2:'EPSIS'!$B$603), ROW(EPSIS!$B$2:'EPSIS'!$B$603)), ""), ROWS($A$1:A128))),"")} -> 316한림 GT | N132: =IFERROR(INDEX(EPSIS!D$2:'EPSIS'!D$603,MATCH($M132,EPSIS!$F$2:'EPSIS'!$F$603,0)),"") -> 35 | O132: =IFERROR(INDEX(EPSIS!E$2:'EPSIS'!E$603,MATCH($M132,EPSIS!$F$2:'EPSIS'!$F$603,0)),"") -> 1995 | R132: =IF(O132>$F$2,TRUE,"-") -> - | S132: =IF(R132=TRUE,O132+30,"-") -> -
A133: # petroleum | E133: * Assumed retire cycle of nuclear plant : | F133: 30 | G133: years | L133: =IFERROR(INDEX(EPSIS!$B$2:'EPSIS'!$B$603,MATCH($M133,EPSIS!$F$2:'EPSIS'!$F$603,0)),"") -> LNG | M133: {=IFERROR(INDEX(EPSIS!$F$2:'EPSIS'!$F$603,SMALL(IF(($M$3=EPSIS!$B$2:'EPSIS'!$B$603),MATCH(ROW(EPSIS!$B$2:'EPSIS'!$B$603), ROW(EPSIS!$B$2:'EPSIS'!$B$603)), ""), ROWS($A$1:A129))),"")} -> 317한림 GT | N133: =IFERROR(INDEX(EPSIS!D$2:'EPSIS'!D$603,MATCH($M133,EPSIS!$F$2:'EPSIS'!$F$603,0)),"") -> 35 | O133: =IFERROR(INDEX(EPSIS!E$2:'EPSIS'!E$603,MATCH($M133,EPSIS!$F$2:'EPSIS'!$F$603,0)),"") -> 1996 | R133: =IF(O133>$F$2,TRUE,"-") -> - | S133: =IF(R133=TRUE,O133+30,"-") -> -
E134: ** plants built before | F134: =$I$1-F133 -> 2004 | G134: are not considerd (Assume MOTIE Data already considered them) | L134: =IFERROR(INDEX(EPSIS!$B$2:'EPSIS'!$B$603,MATCH($M134,EPSIS!$F$2:'EPSIS'!$F$603,0)),"") -> LNG | M134: {=IFERROR(INDEX(EPSIS!$F$2:'EPSIS'!$F$603,SMALL(IF(($M$3=EPSIS!$B$2:'EPSIS'!$B$603),MATCH(ROW(EPSIS!$B$2:'EPSIS'!$B$603), ROW(EPSIS!$B$2:'EPSIS'!$B$603)), ""), ROWS($A$1:A130))),"")} -> 318한림 ST | N134: =IFERROR(INDEX(EPSIS!D$2:'EPSIS'!D$603,MATCH($M134,EPSIS!$F$2:'EPSIS'!$F$603,0)),"") -> 35 | O134: =IFERROR(INDEX(EPSIS!E$2:'EPSIS'!E$603,MATCH($M134,EPSIS!$F$2:'EPSIS'!$F$603,0)),"") -> 1997 | R134: =IF(O134>$F$2,TRUE,"-") -> - | S134: =IF(R134=TRUE,O134+30,"-") -> -
A135: resource | B135: =EPSIS!I9 -> 경유 | C135: 유류 | D135: *** Assumed '유류' is petroleum | L135: =IFERROR(INDEX(EPSIS!$B$2:'EPSIS'!$B$603,MATCH($M135,EPSIS!$F$2:'EPSIS'!$F$603,0)),"") -> LNG | M135: {=IFERROR(INDEX(EPSIS!$F$2:'EPSIS'!$F$603,SMALL(IF(($M$3=EPSIS!$B$2:'EPSIS'!$B$603),MATCH(ROW(EPSIS!$B$2:'EPSIS'!$B$603), ROW(EPSIS!$B$2:'EPSIS'!$B$603)), ""), ROWS($A$1:A131))),"")} -> 539광교열병합 | N135: =IFERROR(INDEX(EPSIS!D$2:'EPSIS'!D$603,MATCH($M135,EPSIS!$F$2:'EPSIS'!$F$603,0)),"") -> 102.588 | O135: =IFERROR(INDEX(EPSIS!E$2:'EPSIS'!E$603,MATCH($M135,EPSIS!$F$2:'EPSIS'!$F$603,0)),"") -> 2012 | R135: =IF(O135>$F$2,TRUE,"-") -> TRUE | S135: =IF(R135=TRUE,O135+30,"-") -> 2042
A136: Type | B136: Plant name | C136: Cap. (MW) | D136: starting year | G136: After 2004 ? | H136: Retirement year | L136: =IFERROR(INDEX(EPSIS!$B$2:'EPSIS'!$B$603,MATCH($M136,EPSIS!$F$2:'EPSIS'!$F$603,0)),"") -> LNG | M136: {=IFERROR(INDEX(EPSIS!$F$2:'EPSIS'!$F$603,SMALL(IF(($M$3=EPSIS!$B$2:'EPSIS'!$B$603),MATCH(ROW(EPSIS!$B$2:'EPSIS'!$B$603), ROW(EPSIS!$B$2:'EPSIS'!$B$603)), ""), ROWS($A$1:A132))),"")} -> 540광교열병합 | N136: =IFERROR(INDEX(EPSIS!D$2:'EPSIS'!D$603,MATCH($M136,EPSIS!$F$2:'EPSIS'!$F$603,0)),"") -> 42.2 | O136: =IFERROR(INDEX(EPSIS!E$2:'EPSIS'!E$603,MATCH($M136,EPSIS!$F$2:'EPSIS'!$F$603,0)),"") -> 2012 | R136: =IF(O136>$F$2,TRUE,"-") -> TRUE | S136: =IF(R136=TRUE,O136+30,"-") -> 2042
A137: =IFERROR(INDEX(EPSIS!$B$2:'EPSIS'!$B$603,MATCH($B137,EPSIS!$F$2:'EPSIS'!$F$603,0)),"") -> 경유 | B137: {=IFERROR(INDEX(EPSIS!$F$2:'EPSIS'!$F$603,SMALL(IF(($B$135=EPSIS!$B$2:'EPSIS'!$B$603),MATCH(ROW(EPSIS!$B$2:'EPSIS'!$B$603), ROW(EPSIS!$B$2:'EPSIS'!$B$603)), ""), ROWS($A$1:A1))),"")} -> 77가거도 | C137: =IFERROR(INDEX(EPSIS!D$2:'EPSIS'!D$603,MATCH($B137,EPSIS!$F$2:'EPSIS'!$F$603,0)),"") -> 0.3 | D137: =IFERROR(INDEX(EPSIS!E$2:'EPSIS'!E$603,MATCH($B137,EPSIS!$F$2:'EPSIS'!$F$603,0)),"") -> 2004 | G137: =IF(D137>$F$2,TRUE,"-") -> - | H137: =IF(G137=TRUE,D137+30,"-") -> - | L137: =IFERROR(INDEX(EPSIS!$B$2:'EPSIS'!$B$603,MATCH($M137,EPSIS!$F$2:'EPSIS'!$F$603,0)),"") -> LNG | M137: {=IFERROR(INDEX(EPSIS!$F$2:'EPSIS'!$F$603,SMALL(IF(($M$3=EPSIS!$B$2:'EPSIS'!$B$603),MATCH(ROW(EPSIS!$B$2:'EPSIS'!$B$603), ROW(EPSIS!$B$2:'EPSIS'!$B$603)), ""), ROWS($A$1:A132))),"")} -> 540광교열병합 | N137: =IFERROR(INDEX(EPSIS!D$2:'EPSIS'!D$603,MATCH($M137,EPSIS!$F$2:'EPSIS'!$F$603,0)),"") -> 42.2 | O137: =IFERROR(INDEX(EPSIS!E$2:'EPSIS'!E$603,MATCH($M137,EPSIS!$F$2:'EPSIS'!$F$603,0)),"") -> 2012 | R137: =IF(O137>$F$2,TRUE,"-") -> TRUE | S137: =IF(R137=TRUE,O137+30,"-") -> 2042
A138: =IFERROR(INDEX(EPSIS!$B$2:'EPSIS'!$B$603,MATCH($B138,EPSIS!$F$2:'EPSIS'!$F$603,0)),"") -> 경유 | B138: {=IFERROR(INDEX(EPSIS!$F$2:'EPSIS'!$F$603,SMALL(IF(($B$135=EPSIS!$B$2:'EPSIS'!$B$603),MATCH(ROW(EPSIS!$B$2:'EPSIS'!$B$603), ROW(EPSIS!$B$2:'EPSIS'!$B$603)), ""), ROWS($A$1:A2))),"")} -> 78가거도 | C138: =IFERROR(INDEX(EPSIS!D$2:'EPSIS'!D$603,MATCH($B138,EPSIS!$F$2:'EPSIS'!$F$603,0)),"") -> 0.75 | D138: =IFERROR(INDEX(EPSIS!E$2:'EPSIS'!E$603,MATCH($B138,EPSIS!$F$2:'EPSIS'!$F$603,0)),"") -> 2009 | G138: =IF(D138>$F$2,TRUE,"-") -> TRUE | H138: =IF(G138=TRUE,D138+30,"-") -> 2039 | L138: =IFERROR(INDEX(EPSIS!$B$2:'EPSIS'!$B$603,MATCH($M138,EPSIS!$F$2:'EPSIS'!$F$603,0)),"") -> LNG | M138: {=IFERROR(INDEX(EPSIS!$F$2:'EPSIS'!$F$603,SMALL(IF(($M$3=EPSIS!$B$2:'EPSIS'!$B$603),MATCH(ROW(EPSIS!$B$2:'EPSIS'!$B$603), ROW(EPSIS!$B$2:'EPSIS'!$B$603)), ""), ROWS($A$1:A132))),"")} -> 540광교열병합 | N138: =IFERROR(INDEX(EPSIS!D$2:'EPSIS'!D$603,MATCH($M138,EPSIS!$F$2:'EPSIS'!$F$603,0)),"") -> 42.2 | O138: =IFERROR(INDEX(EPSIS!E$2:'EPSIS'!E$603,MATCH($M138,EPSIS!$F$2:'EPSIS'!$F$603,0)),"") -> 2012 | R138: =IF(O138>$F$2,TRUE,"-") -> TRUE | S138: =IF(R138=TRUE,O138+30,"-") -> 2042
A139: =IFERROR(INDEX(EPSIS!$B$2:'EPSIS'!$B$603,MATCH($B139,EPSIS!$F$2:'EPSIS'!$F$603,0)),"") -> 경유 | B139: {=IFERROR(INDEX(EPSIS!$F$2:'EPSIS'!$F$603,SMALL(IF(($B$135=EPSIS!$B$2:'EPSIS'!$B$603),MATCH(ROW(EPSIS!$B$2:'EPSIS'!$B$603), ROW(EPSIS!$B$2:'EPSIS'!$B$603)), ""), ROWS($A$1:A3))),"")} -> 79가의도 | C139: =IFERROR(INDEX(EPSIS!D$2:'EPSIS'!D$603,MATCH($B139,EPSIS!$F$2:'EPSIS'!$F$603,0)),"") -> 0.24 | D139: =IFERROR(INDEX(EPSIS!E$2:'EPSIS'!E$603,MATCH($B139,EPSIS!$F$2:'EPSIS'!$F$603,0)),"") -> 1996 | G139: =IF(D139>$F$2,TRUE,"-") -> - | H139: =IF(G139=TRUE,D139+30,"-") -> - | L139: =IFERROR(INDEX(EPSIS!$B$2:'EPSIS'!$B$603,MATCH($M139,EPSIS!$F$2:'EPSIS'!$F$603,0)),"") -> LNG | M139: {=IFERROR(INDEX(EPSIS!$F$2:'EPSIS'!$F$603,SMALL(IF(($M$3=EPSIS!$B$2:'EPSIS'!$B$603),MATCH(ROW(EPSIS!$B$2:'EPSIS'!$B$603), ROW(EPSIS!$B$2:'EPSIS'!$B$603)), ""), ROWS($A$1:A132))),"")} -> 540광교열병합 | N139: =IFERROR(INDEX(EPSIS!D$2:'EPSIS'!D$603,MATCH($M139,EPSIS!$F$2:'EPSIS'!$F$603,0)),"") -> 42.2 | O139: =IFERROR(INDEX(EPSIS!E$2:'EPSIS'!E$603,MATCH($M139,EPSIS!$F$2:'EPSIS'!$F$603,0)),"") -> 2012 | R139: =IF(O139>$F$2,TRUE,"-") -> TRUE | S139: =IF(R139=TRUE,O139+30,"-") -> 2042
A140: =IFERROR(INDEX(EPSIS!$B$2:'EPSIS'!$B$603,MATCH($B140,EPSIS!$F$2:'EPSIS'!$F$603,0)),"") -> 경유 | B140: {=IFERROR(INDEX(EPSIS!$F$2:'EPSIS'!$F$603,SMALL(IF(($B$135=EPSIS!$B$2:'EPSIS'!$B$603),MATCH(ROW(EPSIS!$B$2:'EPSIS'!$B$603), ROW(EPSIS!$B$2:'EPSIS'!$B$603)), ""), ROWS($A$1:A4))),"")} -> 80가파도 | C140: =IFERROR(INDEX(EPSIS!D$2:'EPSIS'!D$603,MATCH($B140,EPSIS!$F$2:'EPSIS'!$F$603,0)),"") -> 0.45 | D140: =IFERROR(INDEX(EPSIS!E$2:'EPSIS'!E$603,MATCH($B140,EPSIS!$F$2:'EPSIS'!$F$603,0)),"") -> 1993 | G140: =IF(D140>$F$2,TRUE,"-") -> - | H140: =IF(G140=TRUE,D140+30,"-") -> - | L140: =IFERROR(INDEX(EPSIS!$B$2:'EPSIS'!$B$603,MATCH($M140,EPSIS!$F$2:'EPSIS'!$F$603,0)),"") -> LNG | M140: {=IFERROR(INDEX(EPSIS!$F$2:'EPSIS'!$F$603,SMALL(IF(($M$3=EPSIS!$B$2:'EPSIS'!$B$603),MATCH(ROW(EPSIS!$B$2:'EPSIS'!$B$603), ROW(EPSIS!$B$2:'EPSIS'!$B$603)), ""), ROWS($A$1:A132))),"")} -> 540광교열병합 | N140: =IFERROR(INDEX(EPSIS!D$2:'EPSIS'!D$603,MATCH($M140,EPSIS!$F$2:'EPSIS'!$F$603,0)),"") -> 42.2 | O140: =IFERROR(INDEX(EPSIS!E$2:'EPSIS'!E$603,MATCH($M140,EPSIS!$F$2:'EPSIS'!$F$603,0)),"") -> 2012 | R140: =IF(O140>$F$2,TRUE,"-") -> TRUE | S140: =IF(R140=TRUE,O140+30,"-") -> 2042
A141: =IFERROR(INDEX(EPSIS!$B$2:'EPSIS'!$B$603,MATCH($B141,EPSIS!$F$2:'EPSIS'!$F$603,0)),"") -> 경유 | B141: {=IFERROR(INDEX(EPSIS!$F$2:'EPSIS'!$F$603,SMALL(IF(($B$135=EPSIS!$B$2:'EPSIS'!$B$603),MATCH(ROW(EPSIS!$B$2:'EPSIS'!$B$603), ROW(EPSIS!$B$2:'EPSIS'!$B$603)), ""), ROWS($A$1:A5))),"")} -> 81개야도 | C141: =IFERROR(INDEX(EPSIS!D$2:'EPSIS'!D$603,MATCH($B141,EPSIS!$F$2:'EPSIS'!$F$603,0)),"") -> 0.5 | D141: =IFERROR(INDEX(EPSIS!E$2:'EPSIS'!E$603,MATCH($B141,EPSIS!$F$2:'EPSIS'!$F$603,0)),"") -> 1994 | G141: =IF(D141>$F$2,TRUE,"-") -> - | H141: =IF(G141=TRUE,D141+30,"-") -> - | L141: =IFERROR(INDEX(EPSIS!$B$2:'EPSIS'!$B$603,MATCH($M141,EPSIS!$F$2:'EPSIS'!$F$603,0)),"") -> LNG | M141: {=IFERROR(INDEX(EPSIS!$F$2:'EPSIS'!$F$603,SMALL(IF(($M$3=EPSIS!$B$2:'EPSIS'!$B$603),MATCH(ROW(EPSIS!$B$2:'EPSIS'!$B$603), ROW(EPSIS!$B$2:'EPSIS'!$B$603)), ""), ROWS($A$1:A137))),"")} -> 549노원열병합 | N141: =IFERROR(INDEX(EPSIS!D$2:'EPSIS'!D$603,MATCH($M141,EPSIS!$F$2:'EPSIS'!$F$603,0)),"") -> 37 | O141: =IFERROR(INDEX(EPSIS!E$2:'EPSIS'!E$603,MATCH($M141,EPSIS!$F$2:'EPSIS'!$F$603,0)),"") -> 1994 | R141: =IF(O141>$F$2,TRUE,"-") -> - | S141: =IF(R141=TRUE,O141+30,"-") -> -
A142: =IFERROR(INDEX(EPSIS!$B$2:'EPSIS'!$B$603,MATCH($B142,EPSIS!$F$2:'EPSIS'!$F$603,0)),"") -> 경유 | B142: {=IFERROR(INDEX(EPSIS!$F$2:'EPSIS'!$F$603,SMALL(IF(($B$135=EPSIS!$B$2:'EPSIS'!$B$603),MATCH(ROW(EPSIS!$B$2:'EPSIS'!$B$603), ROW(EPSIS!$B$2:'EPSIS'!$B$603)), ""), ROWS($A$1:A6))),"")} -> 82개야도 | C142: =IFERROR(INDEX(EPSIS!D$2:'EPSIS'!D$603,MATCH($B142,EPSIS!$F$2:'EPSIS'!$F$603,0)),"") -> 1 | D142: =IFERROR(INDEX(EPSIS!E$2:'EPSIS'!E$603,MATCH($B142,EPSIS!$F$2:'EPSIS'!$F$603,0)),"") -> 2006 | G142: =IF(D142>$F$2,TRUE,"-") -> TRUE | H142: =IF(G142=TRUE,D142+30,"-") -> 2036 | L142: =IFERROR(INDEX(EPSIS!$B$2:'EPSIS'!$B$603,MATCH($M142,EPSIS!$F$2:'EPSIS'!$F$603,0)),"") -> LNG | M142: {=IFERROR(INDEX(EPSIS!$F$2:'EPSIS'!$F$603,SMALL(IF(($M$3=EPSIS!$B$2:'EPSIS'!$B$603),MATCH(ROW(EPSIS!$B$2:'EPSIS'!$B$603), ROW(EPSIS!$B$2:'EPSIS'!$B$603)), ""), ROWS($A$1:A138))),"")} -> 550논현열병합 | N142: =IFERROR(INDEX(EPSIS!D$2:'EPSIS'!D$603,MATCH($M142,EPSIS!$F$2:'EPSIS'!$F$603,0)),"") -> 24 | O142: =IFERROR(INDEX(EPSIS!E$2:'EPSIS'!E$603,MATCH($M142,EPSIS!$F$2:'EPSIS'!$F$603,0)),"") -> 2007 | R142: =IF(O142>$F$2,TRUE,"-") -> TRUE | S142: =IF(R142=TRUE,O142+30,"-") -> 2037
A143: =IFERROR(INDEX(EPSIS!$B$2:'EPSIS'!$B$603,MATCH($B143,EPSIS!$F$2:'EPSIS'!$F$603,0)),"") -> 경유 | B143: {=IFERROR(INDEX(EPSIS!$F$2:'EPSIS'!$F$603,SMALL(IF(($B$135=EPSIS!$B$2:'EPSIS'!$B$603),MATCH(ROW(EPSIS!$B$2:'EPSIS'!$B$603), ROW(EPSIS!$B$2:'EPSIS'!$B$603)), ""), ROWS($A$1:A7))),"")} -> 83거문도 | C143: =IFERROR(INDEX(EPSIS!D$2:'EPSIS'!D$603,MATCH($B143,EPSIS!$F$2:'EPSIS'!$F$603,0)),"") -> 2 | D143: =IFERROR(INDEX(EPSIS!E$2:'EPSIS'!E$603,MATCH($B143,EPSIS!$F$2:'EPSIS'!$F$603,0)),"") -> 1989 | G143: =IF(D143>$F$2,TRUE,"-") -> - | H143: =IF(G143=TRUE,D143+30,"-") -> - | L143: =IFERROR(INDEX(EPSIS!$B$2:'EPSIS'!$B$603,MATCH($M143,EPSIS!$F$2:'EPSIS'!$F$603,0)),"") -> LNG | M143: {=IFERROR(INDEX(EPSIS!$F$2:'EPSIS'!$F$603,SMALL(IF(($M$3=EPSIS!$B$2:'EPSIS'!$B$603),MATCH(ROW(EPSIS!$B$2:'EPSIS'!$B$603), ROW(EPSIS!$B$2:'EPSIS'!$B$603)), ""), ROWS($A$1:A139))),"")} -> 551대구그린파워 | N143: =IFERROR(INDEX(EPSIS!D$2:'EPSIS'!D$603,MATCH($M143,EPSIS!$F$2:'EPSIS'!$F$603,0)),"") -> 239.9 | O143: =IFERROR(INDEX(EPSIS!E$2:'EPSIS'!E$603,MATCH($M143,EPSIS!$F$2:'EPSIS'!$F$603,0)),"") -> 2014 | R143: =IF(O143>$F$2,TRUE,"-") -> TRUE | S143: =IF(R143=TRUE,O143+30,"-") -> 2044
A144: =IFERROR(INDEX(EPSIS!$B$2:'EPSIS'!$B$603,MATCH($B144,EPSIS!$F$2:'EPSIS'!$F$603,0)),"") -> 경유 | B144: {=IFERROR(INDEX(EPSIS!$F$2:'EPSIS'!$F$603,SMALL(IF(($B$135=EPSIS!$B$2:'EPSIS'!$B$603),MATCH(ROW(EPSIS!$B$2:'EPSIS'!$B$603), ROW(EPSIS!$B$2:'EPSIS'!$B$603)), ""), ROWS($A$1:A8))),"")} -> 84거문도 | C144: =IFERROR(INDEX(EPSIS!D$2:'EPSIS'!D$603,MATCH($B144,EPSIS!$F$2:'EPSIS'!$F$603,0)),"") -> 0.5 | D144: =IFERROR(INDEX(EPSIS!E$2:'EPSIS'!E$603,MATCH($B144,EPSIS!$F$2:'EPSIS'!$F$603,0)),"") -> 1997 | G144: =IF(D144>$F$2,TRUE,"-") -> - | H144: =IF(G144=TRUE,D144+30,"-") -> - | L144: =IFERROR(INDEX(EPSIS!$B$2:'EPSIS'!$B$603,MATCH($M144,EPSIS!$F$2:'EPSIS'!$F$603,0)),"") -> LNG | M144: {=IFERROR(INDEX(EPSIS!$F$2:'EPSIS'!$F$603,SMALL(IF(($M$3=EPSIS!$B$2:'EPSIS'!$B$603),MATCH(ROW(EPSIS!$B$2:'EPSIS'!$B$603), ROW(EPSIS!$B$2:'EPSIS'!$B$603)), ""), ROWS($A$1:A140))),"")} -> 552대구그린파워 | N144: =IFERROR(INDEX(EPSIS!D$2:'EPSIS'!D$603,MATCH($M144,EPSIS!$F$2:'EPSIS'!$F$603,0)),"") -> 130.8 | O144: =IFERROR(INDEX(EPSIS!E$2:'EPSIS'!E$603,MATCH($M144,EPSIS!$F$2:'EPSIS'!$F$603,0)),"") -> 2014 | R144: =IF(O144>$F$2,TRUE,"-") -> TRUE | S144: =IF(R144=TRUE,O144+30,"-") -> 2044
A145: =IFERROR(INDEX(EPSIS!$B$2:'EPSIS'!$B$603,MATCH($B145,EPSIS!$F$2:'EPSIS'!$F$603,0)),"") -> 경유 | B145: {=IFERROR(INDEX(EPSIS!$F$2:'EPSIS'!$F$603,SMALL(IF(($B$135=EPSIS!$B$2:'EPSIS'!$B$603),MATCH(ROW(EPSIS!$B$2:'EPSIS'!$B$603), ROW(EPSIS!$B$2:'EPSIS'!$B$603)), ""), ROWS($A$1:A9))),"")} -> 85거문도 | C145: =IFERROR(INDEX(EPSIS!D$2:'EPSIS'!D$603,MATCH($B145,EPSIS!$F$2:'EPSIS'!$F$603,0)),"") -> 2 | D145: =IFERROR(INDEX(EPSIS!E$2:'EPSIS'!E$603,MATCH($B145,EPSIS!$F$2:'EPSIS'!$F$603,0)),"") -> 2005 | G145: =IF(D145>$F$2,TRUE,"-") -> TRUE | H145: =IF(G145=TRUE,D145+30,"-") -> 2035 | L145: =IFERROR(INDEX(EPSIS!$B$2:'EPSIS'!$B$603,MATCH($M145,EPSIS!$F$2:'EPSIS'!$F$603,0)),"") -> LNG | M145: {=IFERROR(INDEX(EPSIS!$F$2:'EPSIS'!$F$603,SMALL(IF(($M$3=EPSIS!$B$2:'EPSIS'!$B$603),MATCH(ROW(EPSIS!$B$2:'EPSIS'!$B$603), ROW(EPSIS!$B$2:'EPSIS'!$B$603)), ""), ROWS($A$1:A141))),"")} -> 555대전서남부 | N145: =IFERROR(INDEX(EPSIS!D$2:'EPSIS'!D$603,MATCH($M145,EPSIS!$F$2:'EPSIS'!$F$603,0)),"") -> 48.3 | O145: =IFERROR(INDEX(EPSIS!E$2:'EPSIS'!E$603,MATCH($M145,EPSIS!$F$2:'EPSIS'!$F$603,0)),"") -> 2011 | R145: =IF(O145>$F$2,TRUE,"-") -> TRUE | S145: =IF(R145=TRUE,O145+30,"-") -> 2041
A146: =IFERROR(INDEX(EPSIS!$B$2:'EPSIS'!$B$603,MATCH($B146,EPSIS!$F$2:'EPSIS'!$F$603,0)),"") -> 경유 | B146: {=IFERROR(INDEX(EPSIS!$F$2:'EPSIS'!$F$603,SMALL(IF(($B$135=EPSIS!$B$2:'EPSIS'!$B$603),MATCH(ROW(EPSIS!$B$2:'EPSIS'!$B$603), ROW(EPSIS!$B$2:'EPSIS'!$B$603)), ""), ROWS($A$1:A10))),"")} -> 86고대도 | C146: =IFERROR(INDEX(EPSIS!D$2:'EPSIS'!D$603,MATCH($B146,EPSIS!$F$2:'EPSIS'!$F$603,0)),"") -> 0.1 | D146: =IFERROR(INDEX(EPSIS!E$2:'EPSIS'!E$603,MATCH($B146,EPSIS!$F$2:'EPSIS'!$F$603,0)),"") -> 1996 | G146: =IF(D146>$F$2,TRUE,"-") -> - | H146: =IF(G146=TRUE,D146+30,"-") -> - | L146: =IFERROR(INDEX(EPSIS!$B$2:'EPSIS'!$B$603,MATCH($M146,EPSIS!$F$2:'EPSIS'!$F$603,0)),"") -> LNG | M146: {=IFERROR(INDEX(EPSIS!$F$2:'EPSIS'!$F$603,SMALL(IF(($M$3=EPSIS!$B$2:'EPSIS'!$B$603),MATCH(ROW(EPSIS!$B$2:'EPSIS'!$B$603), ROW(EPSIS!$B$2:'EPSIS'!$B$603)), ""), ROWS($A$1:A142))),"")} -> 558동탄열병합 #1 GT | N146: =IFERROR(INDEX(EPSIS!D$2:'EPSIS'!D$603,MATCH($M146,EPSIS!$F$2:'EPSIS'!$F$603,0)),"") -> 246.47 | O146: =IFERROR(INDEX(EPSIS!E$2:'EPSIS'!E$603,MATCH($M146,EPSIS!$F$2:'EPSIS'!$F$603,0)),"") -> 2017 | R146: =IF(O146>$F$2,TRUE,"-") -> TRUE | S146: =IF(R146=TRUE,O146+30,"-") -> 2047
A147: =IFERROR(INDEX(EPSIS!$B$2:'EPSIS'!$B$603,MATCH($B147,EPSIS!$F$2:'EPSIS'!$F$603,0)),"") -> 경유 | B147: {=IFERROR(INDEX(EPSIS!$F$2:'EPSIS'!$F$603,SMALL(IF(($B$135=EPSIS!$B$2:'EPSIS'!$B$603),MATCH(ROW(EPSIS!$B$2:'EPSIS'!$B$603), ROW(EPSIS!$B$2:'EPSIS'!$B$603)), ""), ROWS($A$1:A11))),"")} -> 87고대도 | C147: =IFERROR(INDEX(EPSIS!D$2:'EPSIS'!D$603,MATCH($B147,EPSIS!$F$2:'EPSIS'!$F$603,0)),"") -> 0.3 | D147: =IFERROR(INDEX(EPSIS!E$2:'EPSIS'!E$603,MATCH($B147,EPSIS!$F$2:'EPSIS'!$F$603,0)),"") -> 1996 | G147: =IF(D147>$F$2,TRUE,"-") -> - | H147: =IF(G147=TRUE,D147+30,"-") -> - | L147: =IFERROR(INDEX(EPSIS!$B$2:'EPSIS'!$B$603,MATCH($M147,EPSIS!$F$2:'EPSIS'!$F$603,0)),"") -> LNG | M147: {=IFERROR(INDEX(EPSIS!$F$2:'EPSIS'!$F$603,SMALL(IF(($M$3=EPSIS!$B$2:'EPSIS'!$B$603),MATCH(ROW(EPSIS!$B$2:'EPSIS'!$B$603), ROW(EPSIS!$B$2:'EPSIS'!$B$603)), ""), ROWS($A$1:A143))),"")} -> 559동탄열병합 #1 ST | N147: =IFERROR(INDEX(EPSIS!D$2:'EPSIS'!D$603,MATCH($M147,EPSIS!$F$2:'EPSIS'!$F$603,0)),"") -> 131.91 | O147: =IFERROR(INDEX(EPSIS!E$2:'EPSIS'!E$603,MATCH($M147,EPSIS!$F$2:'EPSIS'!$F$603,0)),"") -> 2017 | R147: =IF(O147>$F$2,TRUE,"-") -> TRUE | S147: =IF(R147=TRUE,O147+30,"-") -> 2047
A148: =IFERROR(INDEX(EPSIS!$B$2:'EPSIS'!$B$603,MATCH($B148,EPSIS!$F$2:'EPSIS'!$F$603,0)),"") -> 경유 | B148: {=IFERROR(INDEX(EPSIS!$F$2:'EPSIS'!$F$603,SMALL(IF(($B$135=EPSIS!$B$2:'EPSIS'!$B$603),MATCH(ROW(EPSIS!$B$2:'EPSIS'!$B$603), ROW(EPSIS!$B$2:'EPSIS'!$B$603)), ""), ROWS($A$1:A12))),"")} -> 88구자도 | C148: =IFERROR(INDEX(EPSIS!D$2:'EPSIS'!D$603,MATCH($B148,EPSIS!$F$2:'EPSIS'!$F$603,0)),"") -> 0.24 | D148: =IFERROR(INDEX(EPSIS!E$2:'EPSIS'!E$603,MATCH($B148,EPSIS!$F$2:'EPSIS'!$F$603,0)),"") -> 2007 | G148: =IF(D148>$F$2,TRUE,"-") -> TRUE | H148: =IF(G148=TRUE,D148+30,"-") -> 2037 | L148: =IFERROR(INDEX(EPSIS!$B$2:'EPSIS'!$B$603,MATCH($M148,EPSIS!$F$2:'EPSIS'!$F$603,0)),"") -> LNG | M148: {=IFERROR(INDEX(EPSIS!$F$2:'EPSIS'!$F$603,SMALL(IF(($M$3=EPSIS!$B$2:'EPSIS'!$B$603),MATCH(ROW(EPSIS!$B$2:'EPSIS'!$B$603), ROW(EPSIS!$B$2:'EPSIS'!$B$603)), ""), ROWS($A$1:A144))),"")} -> 560동탄열병합 #2 GT | N148: =IFERROR(INDEX(EPSIS!D$2:'EPSIS'!D$603,MATCH($M148,EPSIS!$F$2:'EPSIS'!$F$603,0)),"") -> 246.47 | O148: =IFERROR(INDEX(EPSIS!E$2:'EPSIS'!E$603,MATCH($M148,EPSIS!$F$2:'EPSIS'!$F$603,0)),"") -> 2017 | R148: =IF(O148>$F$2,TRUE,"-") -> TRUE | S148: =IF(R148=TRUE,O148+30,"-") -> 2047
A149: =IFERROR(INDEX(EPSIS!$B$2:'EPSIS'!$B$603,MATCH($B149,EPSIS!$F$2:'EPSIS'!$F$603,0)),"") -> 경유 | B149: {=IFERROR(INDEX(EPSIS!$F$2:'EPSIS'!$F$603,SMALL(IF(($B$135=EPSIS!$B$2:'EPSIS'!$B$603),MATCH(ROW(EPSIS!$B$2:'EPSIS'!$B$603), ROW(EPSIS!$B$2:'EPSIS'!$B$603)), ""), ROWS($A$1:A13))),"")} -> 89낙월도 | C149: =IFERROR(INDEX(EPSIS!D$2:'EPSIS'!D$603,MATCH($B149,EPSIS!$F$2:'EPSIS'!$F$603,0)),"") -> 0.75 | D149: =IFERROR(INDEX(EPSIS!E$2:'EPSIS'!E$603,MATCH($B149,EPSIS!$F$2:'EPSIS'!$F$603,0)),"") -> 1994 | G149: =IF(D149>$F$2,TRUE,"-") -> - | H149: =IF(G149=TRUE,D149+30,"-") -> - | L149: =IFERROR(INDEX(EPSIS!$B$2:'EPSIS'!$B$603,MATCH($M149,EPSIS!$F$2:'EPSIS'!$F$603,0)),"") -> LNG | M149: {=IFERROR(INDEX(EPSIS!$F$2:'EPSIS'!$F$603,SMALL(IF(($M$3=EPSIS!$B$2:'EPSIS'!$B$603),MATCH(ROW(EPSIS!$B$2:'EPSIS'!$B$603), ROW(EPSIS!$B$2:'EPSIS'!$B$603)), ""), ROWS($A$1:A145))),"")} -> 561동탄열병합 #2 ST | N149: =IFERROR(INDEX(EPSIS!D$2:'EPSIS'!D$603,MATCH($M149,EPSIS!$F$2:'EPSIS'!$F$603,0)),"") -> 131.91 | O149: =IFERROR(INDEX(EPSIS!E$2:'EPSIS'!E$603,MATCH($M149,EPSIS!$F$2:'EPSIS'!$F$603,0)),"") -> 2017 | R149: =IF(O149>$F$2,TRUE,"-") -> TRUE | S149: =IF(R149=TRUE,O149+30,"-") -> 2047
A150: =IFERROR(INDEX(EPSIS!$B$2:'EPSIS'!$B$603,MATCH($B150,EPSIS!$F$2:'EPSIS'!$F$603,0)),"") -> 경유 | B150: {=IFERROR(INDEX(EPSIS!$F$2:'EPSIS'!$F$603,SMALL(IF(($B$135=EPSIS!$B$2:'EPSIS'!$B$603),MATCH(ROW(EPSIS!$B$2:'EPSIS'!$B$603), ROW(EPSIS!$B$2:'EPSIS'!$B$603)), ""), ROWS($A$1:A14))),"")} -> 90녹도 | C150: =IFERROR(INDEX(EPSIS!D$2:'EPSIS'!D$603,MATCH($B150,EPSIS!$F$2:'EPSIS'!$F$603,0)),"") -> 0.16 | D150: =IFERROR(INDEX(EPSIS!E$2:'EPSIS'!E$603,MATCH($B150,EPSIS!$F$2:'EPSIS'!$F$603,0)),"") -> 1996 | G150: =IF(D150>$F$2,TRUE,"-") -> - | H150: =IF(G150=TRUE,D150+30,"-") -> - | L150: =IFERROR(INDEX(EPSIS!$B$2:'EPSIS'!$B$603,MATCH($M150,EPSIS!$F$2:'EPSIS'!$F$603,0)),"") -> LNG | M150: {=IFERROR(INDEX(EPSIS!$F$2:'EPSIS'!$F$603,SMALL(IF(($M$3=EPSIS!$B$2:'EPSIS'!$B$603),MATCH(ROW(EPSIS!$B$2:'EPSIS'!$B$603), ROW(EPSIS!$B$2:'EPSIS'!$B$603)), ""), ROWS($A$1:A146))),"")} -> 562명품오산열병합 | N150: =IFERROR(INDEX(EPSIS!D$2:'EPSIS'!D$603,MATCH($M150,EPSIS!$F$2:'EPSIS'!$F$603,0)),"") -> 289.3 | O150: =IFERROR(INDEX(EPSIS!E$2:'EPSIS'!E$603,MATCH($M150,EPSIS!$F$2:'EPSIS'!$F$603,0)),"") -> 2016 | R150: =IF(O150>$F$2,TRUE,"-") -> TRUE | S150: =IF(R150=TRUE,O150+30,"-") -> 2046
A151: =IFERROR(INDEX(EPSIS!$B$2:'EPSIS'!$B$603,MATCH($B151,EPSIS!$F$2:'EPSIS'!$F$603,0)),"") -> 경유 | B151: {=IFERROR(INDEX(EPSIS!$F$2:'EPSIS'!$F$603,SMALL(IF(($B$135=EPSIS!$B$2:'EPSIS'!$B$603),MATCH(ROW(EPSIS!$B$2:'EPSIS'!$B$603), ROW(EPSIS!$B$2:'EPSIS'!$B$603)), ""), ROWS($A$1:A15))),"")} -> 91녹도 | C151: =IFERROR(INDEX(EPSIS!D$2:'EPSIS'!D$603,MATCH($B151,EPSIS!$F$2:'EPSIS'!$F$603,0)),"") -> 0.1 | D151: =IFERROR(INDEX(EPSIS!E$2:'EPSIS'!E$603,MATCH($B151,EPSIS!$F$2:'EPSIS'!$F$603,0)),"") -> 2011 | G151: =IF(D151>$F$2,TRUE,"-") -> TRUE | H151: =IF(G151=TRUE,D151+30,"-") -> 2041 | L151: =IFERROR(INDEX(EPSIS!$B$2:'EPSIS'!$B$603,MATCH($M151,EPSIS!$F$2:'EPSIS'!$F$603,0)),"") -> LNG | M151: {=IFERROR(INDEX(EPSIS!$F$2:'EPSIS'!$F$603,SMALL(IF(($M$3=EPSIS!$B$2:'EPSIS'!$B$603),MATCH(ROW(EPSIS!$B$2:'EPSIS'!$B$603), ROW(EPSIS!$B$2:'EPSIS'!$B$603)), ""), ROWS($A$1:A147))),"")} -> 563명품오산열병합 | N151: =IFERROR(INDEX(EPSIS!D$2:'EPSIS'!D$603,MATCH($M151,EPSIS!$F$2:'EPSIS'!$F$603,0)),"") -> 146.8 | O151: =IFERROR(INDEX(EPSIS!E$2:'EPSIS'!E$603,MATCH($M151,EPSIS!$F$2:'EPSIS'!$F$603,0)),"") -> 2016 | R151: =IF(O151>$F$2,TRUE,"-") -> TRUE | S151: =IF(R151=TRUE,O151+30,"-") -> 2046
A152: =IFERROR(INDEX(EPSIS!$B$2:'EPSIS'!$B$603,MATCH($B152,EPSIS!$F$2:'EPSIS'!$F$603,0)),"") -> 경유 | B152: {=IFERROR(INDEX(EPSIS!$F$2:'EPSIS'!$F$603,SMALL(IF(($B$135=EPSIS!$B$2:'EPSIS'!$B$603),MATCH(ROW(EPSIS!$B$2:'EPSIS'!$B$603), ROW(EPSIS!$B$2:'EPSIS'!$B$603)), ""), ROWS($A$1:A16))),"")} -> 92대청도 | C152: =IFERROR(INDEX(EPSIS!D$2:'EPSIS'!D$603,MATCH($B152,EPSIS!$F$2:'EPSIS'!$F$603,0)),"") -> 0.45 | D152: =IFERROR(INDEX(EPSIS!E$2:'EPSIS'!E$603,MATCH($B152,EPSIS!$F$2:'EPSIS'!$F$603,0)),"") -> 1995 | G152: =IF(D152>$F$2,TRUE,"-") -> - | H152: =IF(G152=TRUE,D152+30,"-") -> - | L152: =IFERROR(INDEX(EPSIS!$B$2:'EPSIS'!$B$603,MATCH($M152,EPSIS!$F$2:'EPSIS'!$F$603,0)),"") -> LNG | M152: {=IFERROR(INDEX(EPSIS!$F$2:'EPSIS'!$F$603,SMALL(IF(($M$3=EPSIS!$B$2:'EPSIS'!$B$603),MATCH(ROW(EPSIS!$B$2:'EPSIS'!$B$603), ROW(EPSIS!$B$2:'EPSIS'!$B$603)), ""), ROWS($A$1:A148))),"")} -> 564목동열병합 | N152: =IFERROR(INDEX(EPSIS!D$2:'EPSIS'!D$603,MATCH($M152,EPSIS!$F$2:'EPSIS'!$F$603,0)),"") -> 21 | O152: =IFERROR(INDEX(EPSIS!E$2:'EPSIS'!E$603,MATCH($M152,EPSIS!$F$2:'EPSIS'!$F$603,0)),"") -> 1987 | R152: =IF(O152>$F$2,TRUE,"-") -> - | S152: =IF(R152=TRUE,O152+30,"-") -> -
... A188: =IFERROR(INDEX(EPSIS!$B$2:'EPSIS'!$B$603,MATCH($B188,EPSIS!$F$2:'EPSIS'!$F$603,0)),"") -> 경유 | B188: {=IFERROR(INDEX(EPSIS!$F$2:'EPSIS'!$F$603,SMALL(IF(($B$135=EPSIS!$B$2:'EPSIS'!$B$603),MATCH(ROW(EPSIS!$B$2:'EPSIS'!$B$603), ROW(EPSIS!$B$2:'EPSIS'!$B$603)), ""), ROWS($A$1:A52))),"")} -> 128수우도 | C188: =IFERROR(INDEX(EPSIS!D$2:'EPSIS'!D$603,MATCH($B188,EPSIS!$F$2:'EPSIS'!$F$603,0)),"") -> 0.08 | D188: =IFERROR(INDEX(EPSIS!E$2:'EPSIS'!E$603,MATCH($B188,EPSIS!$F$2:'EPSIS'!$F$603,0)),"") -> 1996 | G188: =IF(D188>$F$2,TRUE,"-") -> - | H188: =IF(G188=TRUE,D188+30,"-") -> - | L188: =IFERROR(INDEX(EPSIS!$B$2:'EPSIS'!$B$603,MATCH($M188,EPSIS!$F$2:'EPSIS'!$F$603,0)),"") | M188: {=IFERROR(INDEX(EPSIS!$F$2:'EPSIS'!$F$603,SMALL(IF(($M$3=EPSIS!$B$2:'EPSIS'!$B$603),MATCH(ROW(EPSIS!$B$2:'EPSIS'!$B$603), ROW(EPSIS!$B$2:'EPSIS'!$B$603)), ""), ROWS($A$1:A184))),"")} | N188: =IFERROR(INDEX(EPSIS!D$2:'EPSIS'!D$603,MATCH($M188,EPSIS!$F$2:'EPSIS'!$F$603,0)),"") | O188: =IFERROR(INDEX(EPSIS!E$2:'EPSIS'!E$603,MATCH($M188,EPSIS!$F$2:'EPSIS'!$F$603,0)),"") | R188: =IF(O188>$F$2,TRUE,"-") -> TRUE | S188: =IF(R188=TRUE,O188+30,"-") -> #VALUE!
...

Sheet 35-50 Retirements
B2: 2035-2050 Retirements
B3: MW | C3: 2035 | D3: 2036 | E3: 2037 | F3: 2038 | G3: 2039 | H3: 2040 | I3: 2041 | J3: 2042 | K3: 2043 | L3: 2044 | M3: 2045 | N3: 2046 | O3: 2047 | P3: 2048 | Q3: 2049 | R3: 2050
B4: hard coal | C4: =SUMIF(EPSIS_Cal!$H$35:$H$118, C$3, EPSIS_Cal!$C$35:$C$118) -> 500 | D4: =SUMIF(EPSIS_Cal!$H$35:$H$118, D$3, EPSIS_Cal!$C$35:$C$118) -> 500 | E4: =SUMIF(EPSIS_Cal!$H$35:$H$118, E$3, EPSIS_Cal!$C$35:$C$118) -> 2000 | F4: =SUMIF(EPSIS_Cal!$H$35:$H$118, F$3, EPSIS_Cal!$C$35:$C$118) -> 3294.529 | G4: =SUMIF(EPSIS_Cal!$H$35:$H$118, G$3, EPSIS_Cal!$C$35:$C$118) -> 649.67 | H4: =SUMIF(EPSIS_Cal!$H$35:$H$118, H$3, EPSIS_Cal!$C$35:$C$118) -> 0 | I4: =SUMIF(EPSIS_Cal!$H$35:$H$118, I$3, EPSIS_Cal!$C$35:$C$118) -> 0 | J4: =SUMIF(EPSIS_Cal!$H$35:$H$118, J$3, EPSIS_Cal!$C$35:$C$118) -> 9.8 | ... R4: =SUMIF(EPSIS_Cal!$H$35:$H$118, R$3, EPSIS_Cal!$C$35:$C$118) -> 0
B5: natural gas nonpeaker | C5: =SUMIF(EPSIS_Cal!$S$5:$S$176, C$3, EPSIS_Cal!$N$5:$N$176) -> 701.439 | D5: =SUMIF(EPSIS_Cal!$S$5:$S$176, D$3, EPSIS_Cal!$N$5:$N$176) -> 989.2 | E5: =SUMIF(EPSIS_Cal!$S$5:$S$176, E$3, EPSIS_Cal!$N$5:$N$176) -> 24 | F5: =SUMIF(EPSIS_Cal!$S$5:$S$176, F$3, EPSIS_Cal!$N$5:$N$176) -> 533 | G5: =SUMIF(EPSIS_Cal!$S$5:$S$176, G$3, EPSIS_Cal!$N$5:$N$176) -> 508.908 | H5: =SUMIF(EPSIS_Cal!$S$5:$S$176, H$3, EPSIS_Cal!$N$5:$N$176) -> 1868.946 | I5: =SUMIF(EPSIS_Cal!$S$5:$S$176, I$3, EPSIS_Cal!$N$5:$N$176) -> 1305.2 | J5: =SUMIF(EPSIS_Cal!$S$5:$S$176, J$3, EPSIS_Cal!$N$5:$N$176) -> 763.588 | ... R5: =SUMIF(EPSIS_Cal!$S$5:$S$176, R$3, EPSIS_Cal!$N$5:$N$176) -> 146.245
B6: nuclear | C6: =SUMIF(EPSIS_Cal!$H$5:$H$28, C$3, EPSIS_Cal!$C$5:$C$28) -> 0 | D6: =SUMIF(EPSIS_Cal!$H$5:$H$28, D$3, EPSIS_Cal!$C$5:$C$28) -> 0 | E6: =SUMIF(EPSIS_Cal!$H$5:$H$28, E$3, EPSIS_Cal!$C$5:$C$28) -> 0 | F6: =SUMIF(EPSIS_Cal!$H$5:$H$28, F$3, EPSIS_Cal!$C$5:$C$28) -> 0 | G6: =SUMIF(EPSIS_Cal!$H$5:$H$28, G$3, EPSIS_Cal!$C$5:$C$28) -> 0 | H6: =SUMIF(EPSIS_Cal!$H$5:$H$28, H$3, EPSIS_Cal!$C$5:$C$28) -> 0 | I6: =SUMIF(EPSIS_Cal!$H$5:$H$28, I$3, EPSIS_Cal!$C$5:$C$28) -> 1000 | J6: =SUMIF(EPSIS_Cal!$H$5:$H$28, J$3, EPSIS_Cal!$C$5:$C$28) -> 2000 | ... R6: =SUMIF(EPSIS_Cal!$H$5:$H$28, R$3, EPSIS_Cal!$C$5:$C$28) -> 0
B7: hydro | C7: 0 | D7: 0 | E7: 0 | F7: 0 | G7: 0 | H7: 0 | I7: 0 | J7: 0 | K7: 0 | L7: 0 | M7: 0 | N7: 0 | O7: 0 | P7: 0 | Q7: 0 | R7: 0
B8: onshore wind | C8: 0 | D8: 0 | E8: 0 | F8: 0 | G8: 0 | H8: 0 | I8: 0 | J8: 0 | K8: 0 | L8: 0 | M8: 0 | N8: 0 | O8: 0 | P8: 0 | Q8: 0 | R8: 0
B9: solar PV | C9: 0 | D9: 0 | E9: 0 | F9: 0 | G9: 0 | H9: 0 | I9: 0 | J9: 0 | K9: 0 | L9: 0 | M9: 0 | N9: 0 | O9: 0 | P9: 0 | Q9: 0 | R9: 0
B10: solar thermal | C10: 0 | D10: 0 | E10: 0 | F10: 0 | G10: 0 | H10: 0 | I10: 0 | J10: 0 | K10: 0 | L10: 0 | M10: 0 | N10: 0 | O10: 0 | P10: 0 | Q10: 0 | R10: 0
B11: biomass | C11: =SUMIF(EPSIS_Cal!$H$126:$H$129, C$3, EPSIS_Cal!$C$126:$C$129) -> 0 | D11: =SUMIF(EPSIS_Cal!$H$126:$H$129, D$3, EPSIS_Cal!$C$126:$C$129) -> 100 | E11: =SUMIF(EPSIS_Cal!$H$126:$H$129, E$3, EPSIS_Cal!$C$126:$C$129) -> 100 | F11: =SUMIF(EPSIS_Cal!$H$126:$H$129, F$3, EPSIS_Cal!$C$126:$C$129) -> 0 | G11: =SUMIF(EPSIS_Cal!$H$126:$H$129, G$3, EPSIS_Cal!$C$126:$C$129) -> 0 | H11: =SUMIF(EPSIS_Cal!$H$126:$H$129, H$3, EPSIS_Cal!$C$126:$C$129) -> 0 | I11: =SUMIF(EPSIS_Cal!$H$126:$H$129, I$3, EPSIS_Cal!$C$126:$C$129) -> 0 | J11: =SUMIF(EPSIS_Cal!$H$126:$H$129, J$3, EPSIS_Cal!$C$126:$C$129) -> 0 | ... R11: =SUMIF(EPSIS_Cal!$H$126:$H$129, R$3, EPSIS_Cal!$C$126:$C$129) -> 0
B12: geothermal | C12: 0 | D12: 0 | E12: 0 | F12: 0 | G12: 0 | H12: 0 | I12: 0 | J12: 0 | K12: 0 | L12: 0 | M12: 0 | N12: 0 | O12: 0 | P12: 0 | Q12: 0 | R12: 0
B13: petroleum | C13: =SUMIF(EPSIS_Cal!$H$137:$H$248, C$3, EPSIS_Cal!$C$137:$C$248) -> 5.24 | D13: =SUMIF(EPSIS_Cal!$H$137:$H$248, D$3, EPSIS_Cal!$C$137:$C$248) -> 2.98 | E13: =SUMIF(EPSIS_Cal!$H$137:$H$248, E$3, EPSIS_Cal!$C$137:$C$248) -> 8.92 | F13: =SUMIF(EPSIS_Cal!$H$137:$H$248, F$3, EPSIS_Cal!$C$137:$C$248) -> 4.76 | G13: =SUMIF(EPSIS_Cal!$H$137:$H$248, G$3, EPSIS_Cal!$C$137:$C$248) -> 0.75 | H13: =SUMIF(EPSIS_Cal!$H$137:$H$248, H$3, EPSIS_Cal!$C$137:$C$248) -> 1.84 | I13: =SUMIF(EPSIS_Cal!$H$137:$H$248, I$3, EPSIS_Cal!$C$137:$C$248) -> 15.1 | J13: =SUMIF(EPSIS_Cal!$H$137:$H$248, J$3, EPSIS_Cal!$C$137:$C$248) -> 2.5 | ... R13: =SUMIF(EPSIS_Cal!$H$137:$H$248, R$3, EPSIS_Cal!$C$137:$C$248) -> 0
B14: natural gas peaker | C14: 0 | D14: 0 | E14: 0 | F14: 0 | G14: 0 | H14: 0 | I14: 0 | J14: 0 | K14: 0 | L14: 0 | M14: 0 | N14: 0 | O14: 0 | P14: 0 | Q14: 0 | R14: 0
B15: lignite | C15: 0 | D15: 0 | E15: 0 | F15: 0 | G15: 0 | H15: 0 | I15: 0 | J15: 0 | K15: 0 | L15: 0 | M15: 0 | N15: 0 | O15: 0 | P15: 0 | Q15: 0 | R15: 0
B16: offshore wind | C16: 0 | D16: 0 | E16: 0 | F16: 0 | G16: 0 | H16: 0 | I16: 0 | J16: 0 | K16: 0 | L16: 0 | M16: 0 | N16: 0 | O16: 0 | P16: 0 | Q16: 0 | R16: 0
B17: crude oil | C17: 0 | D17: 0 | E17: 0 | F17: 0 | G17: 0 | H17: 0 | I17: 0 | J17: 0 | K17: 0 | L17: 0 | M17: 0 | N17: 0 | O17: 0 | P17: 0 | Q17: 0 | R17: 0
B18: heavy or residual fuel oil | C18: 0 | D18: =SUMIF(EPSIS_Cal!$S$195:$S$214, D$3, EPSIS_Cal!$N$195:$N$214) -> 0 | E18: =SUMIF(EPSIS_Cal!$S$195:$S$214, E$3, EPSIS_Cal!$N$195:$N$214) -> 0 | F18: =SUMIF(EPSIS_Cal!$S$195:$S$214, F$3, EPSIS_Cal!$N$195:$N$214) -> 0 | G18: 0 | H18: =SUMIF(EPSIS_Cal!$S$195:$S$214, H$3, EPSIS_Cal!$N$195:$N$214) -> 0 | I18: =SUMIF(EPSIS_Cal!$S$195:$S$214, I$3, EPSIS_Cal!$N$195:$N$214) -> 0 | J18: =SUMIF(EPSIS_Cal!$S$195:$S$214, J$3, EPSIS_Cal!$N$195:$N$214) -> 0 | K18: =SUMIF(EPSIS_Cal!$S$195:$S$214, K$3, EPSIS_Cal!$N$195:$N$214) -> 0 | L18: =SUMIF(EPSIS_Cal!$S$195:$S$214, L$3, EPSIS_Cal!$N$195:$N$214) -> 0 | M18: =SUMIF(EPSIS_Cal!$S$195:$S$214, M$3, EPSIS_Cal!$N$195:$N$214) -> 0 | N18: =SUMIF(EPSIS_Cal!$S$195:$S$214, N$3, EPSIS_Cal!$N$195:$N$214) -> 0 | O18: =SUMIF(EPSIS_Cal!$S$195:$S$214, O$3, EPSIS_Cal!$N$195:$N$214) -> 0 | ... R18: =SUMIF(EPSIS_Cal!$S$195:$S$214, R$3, EPSIS_Cal!$N$195:$N$214) -> 0
B19: municipal solid waste | C19: 0 | D19: 0 | E19: 0 | F19: 0 | G19: 0 | H19: 0 | I19: 0 | J19: 0 | K19: 0 | L19: 0 | M19: 0 | N19: 0 | O19: 0 | P19: 0 | Q19: 0 | R19: 0

Sheet MPPC
B1: Minimum Capacity (MW)
A2: hard coal | B2: 258
A3: natural gas nonpeaker | B3: 154
A4: nuclear | B4: 500
A5: hydro | B5: 1
A6: onshore wind | B6: 5
A7: solar PV | B7: 2
A8: solar thermal | B8: 156
A9: biomass | B9: 18
A10: geothermal | B10: 10
A11: petroleum | B11: 1
A12: natural gas peaker | B12: 50
A13: lignite | B13: 258
... A17: municipal solid waste | B17: 14
B19: * We used EI's original MPPC data

Sheet Calcs
A1: BAU Capacity Retirements (MW) | B1: 2020 | C1: 2021 | D1: 2022 | E1: 2023 | F1: 2024 | G1: 2025 | H1: 2026 | I1: 2027 | J1: 2028 | K1: 2029 | L1: 2030 | M1: 2031 | N1: 2032 | O1: 2033 | P1: 2034 | Q1: 2035 | R1: 2036 | S1: 2037 | T1: 2038 | U1: 2039 | V1: 2040 | W1: 2041 | X1: 2042 | Y1: 2043 | Z1: 2044 | AA1: 2045 | AB1: 2046 | AC1: 2047 | AD1: 2048 | AE1: 2049 | AF1: 2050
A2: hard coal | B2: ='19-20 Retirements'!W13 -> 138.4 | C2: ='MOTIE_21-34 Retirements'!D71 -> 0 | D2: ='MOTIE_21-34 Retirements'!E71 -> 0 | E2: ='MOTIE_21-34 Retirements'!F71 -> 0 | F2: ='MOTIE_21-34 Retirements'!G71 -> 0 | G2: ='MOTIE_21-34 Retirements'!H71 -> 1000 | H2: ='MOTIE_21-34 Retirements'!I71 -> 2600 | I2: ='MOTIE_21-34 Retirements'!J71 -> 1500 | J2: ='MOTIE_21-34 Retirements'!K71 -> 1500 | ... P2: ='MOTIE_21-34 Retirements'!Q71 -> 1600 | Q2: ='35-50 Retirements'!C4 -> 500 | R2: ='35-50 Retirements'!D4 -> 500 | S2: ='35-50 Retirements'!E4 -> 2000 | T2: ='35-50 Retirements'!F4 -> 3294.529 | U2: ='35-50 Retirements'!G4 -> 649.67 | V2: ='35-50 Retirements'!H4 -> 0 | W2: ='35-50 Retirements'!I4 -> 0 | X2: ='35-50 Retirements'!J4 -> 9.8 | ... AF2: ='35-50 Retirements'!R4 -> 0 | AH2: =SUM(B2:AF2) -> 32518.327
A3: natural gas nonpeaker | B3: ='19-20 Retirements'!W14 -> 0 | C3: ='MOTIE_21-34 Retirements'!D72 -> 0 | D3: ='MOTIE_21-34 Retirements'!E72 -> 0 | E3: ='MOTIE_21-34 Retirements'!F72 -> 0 | F3: ='MOTIE_21-34 Retirements'!G72 -> 0 | G3: ='MOTIE_21-34 Retirements'!H72 -> 0 | H3: ='MOTIE_21-34 Retirements'!I72 -> 0 | I3: ='MOTIE_21-34 Retirements'!J72 -> 0 | J3: ='MOTIE_21-34 Retirements'!K72 -> 0 | ... P3: ='MOTIE_21-34 Retirements'!Q72 -> 0 | Q3: ='35-50 Retirements'!C5 -> 701.439 | R3: ='35-50 Retirements'!D5 -> 989.2 | S3: ='35-50 Retirements'!E5 -> 24 | T3: ='35-50 Retirements'!F5 -> 533 | U3: ='35-50 Retirements'!G5 -> 508.908 | V3: ='35-50 Retirements'!H5 -> 1868.946 | W3: ='35-50 Retirements'!I5 -> 1305.2 | X3: ='35-50 Retirements'!J5 -> 763.588 | ... AF3: ='35-50 Retirements'!R5 -> 146.245 | AH3: =SUM(B3:AF3) -> 24910.964
A4: nuclear | B4: ='19-20 Retirements'!W15 -> 0 | C4: ='MOTIE_21-34 Retirements'!D73 -> 0 | D4: ='MOTIE_21-34 Retirements'!E73 -> 0 | E4: ='MOTIE_21-34 Retirements'!F73 -> 0 | F4: ='MOTIE_21-34 Retirements'!G73 -> 0 | G4: ='MOTIE_21-34 Retirements'!H73 -> 0 | H4: ='MOTIE_21-34 Retirements'!I73 -> 0 | I4: ='MOTIE_21-34 Retirements'!J73 -> 0 | J4: ='MOTIE_21-34 Retirements'!K73 -> 0 | ... P4: ='MOTIE_21-34 Retirements'!Q73 -> 0 | Q4: ='35-50 Retirements'!C6 -> 0 | R4: ='35-50 Retirements'!D6 -> 0 | S4: ='35-50 Retirements'!E6 -> 0 | T4: ='35-50 Retirements'!F6 -> 0 | U4: ='35-50 Retirements'!G6 -> 0 | V4: ='35-50 Retirements'!H6 -> 0 | W4: ='35-50 Retirements'!I6 -> 1000 | X4: ='35-50 Retirements'!J6 -> 2000 | ... AF4: ='35-50 Retirements'!R6 -> 0 | AH4: =SUM(B4:AF4) -> 6800
A5: hydro | B5: ='19-20 Retirements'!W16 -> 2.335 | C5: ='MOTIE_21-34 Retirements'!D74 -> 0 | D5: ='MOTIE_21-34 Retirements'!E74 -> 28.718 | E5: ='MOTIE_21-34 Retirements'!F74 -> 7.427 | F5: ='MOTIE_21-34 Retirements'!G74 -> 2.14 | G5: ='MOTIE_21-34 Retirements'!H74 -> 0 | H5: ='MOTIE_21-34 Retirements'!I74 -> 0 | I5: ='MOTIE_21-34 Retirements'!J74 -> 0 | J5: ='MOTIE_21-34 Retirements'!K74 -> 0 | ... P5: ='MOTIE_21-34 Retirements'!Q74 -> 0 | Q5: ='35-50 Retirements'!C7 -> 0 | R5: ='35-50 Retirements'!D7 -> 0 | S5: ='35-50 Retirements'!E7 -> 0 | T5: ='35-50 Retirements'!F7 -> 0 | U5: ='35-50 Retirements'!G7 -> 0 | V5: ='35-50 Retirements'!H7 -> 0 | W5: ='35-50 Retirements'!I7 -> 0 | X5: ='35-50 Retirements'!J7 -> 0 | ... AF5: ='35-50 Retirements'!R7 -> 0 | AH5: =SUM(B5:AF5) -> 40.62
A6: onshore wind | B6: ='19-20 Retirements'!W17 -> 0 | C6: ='MOTIE_21-34 Retirements'!D75 -> 0 | D6: ='MOTIE_21-34 Retirements'!E75 -> 0 | E6: ='MOTIE_21-34 Retirements'!F75 -> 0 | F6: ='MOTIE_21-34 Retirements'!G75 -> 0 | G6: ='MOTIE_21-34 Retirements'!H75 -> 0 | H6: ='MOTIE_21-34 Retirements'!I75 -> 0 | I6: ='MOTIE_21-34 Retirements'!J75 -> 0 | J6: ='MOTIE_21-34 Retirements'!K75 -> 0 | ... P6: ='MOTIE_21-34 Retirements'!Q75 -> 0 | Q6: ='35-50 Retirements'!C8 -> 0 | R6: ='35-50 Retirements'!D8 -> 0 | S6: ='35-50 Retirements'!E8 -> 0 | T6: ='35-50 Retirements'!F8 -> 0 | U6: ='35-50 Retirements'!G8 -> 0 | V6: ='35-50 Retirements'!H8 -> 0 | W6: ='35-50 Retirements'!I8 -> 0 | X6: ='35-50 Retirements'!J8 -> 0 | ... AF6: ='35-50 Retirements'!R8 -> 0 | AH6: =SUM(B6:AF6) -> 0
A7: solar pv | B7: ='19-20 Retirements'!W18 -> 0 | C7: ='MOTIE_21-34 Retirements'!D76 -> 0 | D7: ='MOTIE_21-34 Retirements'!E76 -> 0 | E7: ='MOTIE_21-34 Retirements'!F76 -> 0 | F7: ='MOTIE_21-34 Retirements'!G76 -> 0 | G7: ='MOTIE_21-34 Retirements'!H76 -> 0 | H7: ='MOTIE_21-34 Retirements'!I76 -> 0 | I7: ='MOTIE_21-34 Retirements'!J76 -> 0 | J7: ='MOTIE_21-34 Retirements'!K76 -> 0 | ... P7: ='MOTIE_21-34 Retirements'!Q76 -> 0 | Q7: ='35-50 Retirements'!C9 -> 0 | R7: ='35-50 Retirements'!D9 -> 0 | S7: ='35-50 Retirements'!E9 -> 0 | T7: ='35-50 Retirements'!F9 -> 0 | U7: ='35-50 Retirements'!G9 -> 0 | V7: ='35-50 Retirements'!H9 -> 0 | W7: ='35-50 Retirements'!I9 -> 0 | X7: ='35-50 Retirements'!J9 -> 0 | ... AF7: ='35-50 Retirements'!R9 -> 0 | AH7: =SUM(B7:AF7) -> 0
A8: solar thermal | B8: ='19-20 Retirements'!W19 -> 0 | C8: ='MOTIE_21-34 Retirements'!D77 -> 0 | D8: ='MOTIE_21-34 Retirements'!E77 -> 0 | E8: ='MOTIE_21-34 Retirements'!F77 -> 0 | F8: ='MOTIE_21-34 Retirements'!G77 -> 0 | G8: ='MOTIE_21-34 Retirements'!H77 -> 0 | H8: ='MOTIE_21-34 Retirements'!I77 -> 0 | I8: ='MOTIE_21-34 Retirements'!J77 -> 0 | J8: ='MOTIE_21-34 Retirements'!K77 -> 0 | ... P8: ='MOTIE_21-34 Retirements'!Q77 -> 0 | Q8: ='35-50 Retirements'!C10 -> 0 | R8: ='35-50 Retirements'!D10 -> 0 | S8: ='35-50 Retirements'!E10 -> 0 | T8: ='35-50 Retirements'!F10 -> 0 | U8: ='35-50 Retirements'!G10 -> 0 | V8: ='35-50 Retirements'!H10 -> 0 | W8: ='35-50 Retirements'!I10 -> 0 | X8: ='35-50 Retirements'!J10 -> 0 | ... AF8: ='35-50 Retirements'!R10 -> 0 | AH8: =SUM(B8:AF8) -> 0
A9: biomass | B9: ='19-20 Retirements'!W20 -> 0 | C9: ='MOTIE_21-34 Retirements'!D78 -> 0 | D9: ='MOTIE_21-34 Retirements'!E78 -> 0 | E9: ='MOTIE_21-34 Retirements'!F78 -> 0 | F9: ='MOTIE_21-34 Retirements'!G78 -> 0 | G9: ='MOTIE_21-34 Retirements'!H78 -> 0 | H9: ='MOTIE_21-34 Retirements'!I78 -> 0 | I9: ='MOTIE_21-34 Retirements'!J78 -> 0 | J9: ='MOTIE_21-34 Retirements'!K78 -> 0 | ... P9: ='MOTIE_21-34 Retirements'!Q78 -> 0 | Q9: ='35-50 Retirements'!C11 -> 0 | R9: ='35-50 Retirements'!D11 -> 100 | S9: ='35-50 Retirements'!E11 -> 100 | T9: ='35-50 Retirements'!F11 -> 0 | U9: ='35-50 Retirements'!G11 -> 0 | V9: ='35-50 Retirements'!H11 -> 0 | W9: ='35-50 Retirements'!I11 -> 0 | X9: ='35-50 Retirements'!J11 -> 0 | ... AF9: ='35-50 Retirements'!R11 -> 0 | AH9: =SUM(B9:AF9) -> 200
A10: geothermal | B10: ='19-20 Retirements'!W21 -> 0 | C10: ='MOTIE_21-34 Retirements'!D79 -> 0 | D10: ='MOTIE_21-34 Retirements'!E79 -> 0 | E10: ='MOTIE_21-34 Retirements'!F79 -> 0 | F10: ='MOTIE_21-34 Retirements'!G79 -> 0 | G10: ='MOTIE_21-34 Retirements'!H79 -> 0 | H10: ='MOTIE_21-34 Retirements'!I79 -> 0 | I10: ='MOTIE_21-34 Retirements'!J79 -> 0 | J10: ='MOTIE_21-34 Retirements'!K79 -> 0 | ... P10: ='MOTIE_21-34 Retirements'!Q79 -> 0 | Q10: ='35-50 Retirements'!C12 -> 0 | R10: ='35-50 Retirements'!D12 -> 0 | S10: ='35-50 Retirements'!E12 -> 0 | T10: ='35-50 Retirements'!F12 -> 0 | U10: ='35-50 Retirements'!G12 -> 0 | V10: ='35-50 Retirements'!H12 -> 0 | W10: ='35-50 Retirements'!I12 -> 0 | X10: ='35-50 Retirements'!J12 -> 0 | ... AF10: ='35-50 Retirements'!R12 -> 0 | AH10: =SUM(B10:AF10) -> 0
A11: petroleum | B11: ='19-20 Retirements'!W22 -> 112.415 | C11: ='MOTIE_21-34 Retirements'!D80 -> 0 | D11: ='MOTIE_21-34 Retirements'!E80 -> 0 | E11: ='MOTIE_21-34 Retirements'!F80 -> 0 | F11: ='MOTIE_21-34 Retirements'!G80 -> 0 | G11: ='MOTIE_21-34 Retirements'!H80 -> 0 | H11: ='MOTIE_21-34 Retirements'!I80 -> 0 | I11: ='MOTIE_21-34 Retirements'!J80 -> 0 | J11: ='MOTIE_21-34 Retirements'!K80 -> 0 | ... P11: ='MOTIE_21-34 Retirements'!Q80 -> 0 | Q11: ='35-50 Retirements'!C13 -> 5.24 | R11: ='35-50 Retirements'!D13 -> 2.98 | S11: ='35-50 Retirements'!E13 -> 8.92 | T11: ='35-50 Retirements'!F13 -> 4.76 | U11: ='35-50 Retirements'!G13 -> 0.75 | V11: ='35-50 Retirements'!H13 -> 1.84 | W11: ='35-50 Retirements'!I13 -> 15.1 | X11: ='35-50 Retirements'!J13 -> 2.5 | ... AF11: ='35-50 Retirements'!R13 -> 0 | AH11: =SUM(B11:AF11) -> 161.965
A12: natural gas peaker | B12: ='19-20 Retirements'!W23 -> 0 | C12: ='MOTIE_21-34 Retirements'!D81 -> 0 | D12: ='MOTIE_21-34 Retirements'!E81 -> 0 | E12: ='MOTIE_21-34 Retirements'!F81 -> 0 | F12: ='MOTIE_21-34 Retirements'!G81 -> 0 | G12: ='MOTIE_21-34 Retirements'!H81 -> 0 | H12: ='MOTIE_21-34 Retirements'!I81 -> 0 | I12: ='MOTIE_21-34 Retirements'!J81 -> 0 | J12: ='MOTIE_21-34 Retirements'!K81 -> 0 | ... P12: ='MOTIE_21-34 Retirements'!Q81 -> 0 | Q12: ='35-50 Retirements'!C14 -> 0 | R12: ='35-50 Retirements'!D14 -> 0 | S12: ='35-50 Retirements'!E14 -> 0 | T12: ='35-50 Retirements'!F14 -> 0 | U12: ='35-50 Retirements'!G14 -> 0 | V12: ='35-50 Retirements'!H14 -> 0 | W12: ='35-50 Retirements'!I14 -> 0 | X12: ='35-50 Retirements'!J14 -> 0 | ... AF12: ='35-50 Retirements'!R14 -> 0 | AH12: =SUM(B12:AF12) -> 0
A13: lignite | B13: ='19-20 Retirements'!W24 -> 0 | C13: ='MOTIE_21-34 Retirements'!D82 -> 0 | D13: ='MOTIE_21-34 Retirements'!E82 -> 0 | E13: ='MOTIE_21-34 Retirements'!F82 -> 0 | F13: ='MOTIE_21-34 Retirements'!G82 -> 0 | G13: ='MOTIE_21-34 Retirements'!H82 -> 0 | H13: ='MOTIE_21-34 Retirements'!I82 -> 0 | I13: ='MOTIE_21-34 Retirements'!J82 -> 0 | J13: ='MOTIE_21-34 Retirements'!K82 -> 0 | ... P13: ='MOTIE_21-34 Retirements'!Q82 -> 0 | Q13: ='35-50 Retirements'!C15 -> 0 | R13: ='35-50 Retirements'!D15 -> 0 | S13: ='35-50 Retirements'!E15 -> 0 | T13: ='35-50 Retirements'!F15 -> 0 | U13: ='35-50 Retirements'!G15 -> 0 | V13: ='35-50 Retirements'!H15 -> 0 | W13: ='35-50 Retirements'!I15 -> 0 | X13: ='35-50 Retirements'!J15 -> 0 | ... AF13: ='35-50 Retirements'!R15 -> 0 | AH13: =SUM(B13:AF13) -> 0
... A17: municipal solid waste | B17: ='19-20 Retirements'!W28 -> 0 | C17: ='MOTIE_21-34 Retirements'!D86 -> 0 | D17: ='MOTIE_21-34 Retirements'!E86 -> 0 | E17: ='MOTIE_21-34 Retirements'!F86 -> 0 | F17: ='MOTIE_21-34 Retirements'!G86 -> 0 | G17: ='MOTIE_21-34 Retirements'!H86 -> 0 | H17: ='MOTIE_21-34 Retirements'!I86 -> 0 | I17: ='MOTIE_21-34 Retirements'!J86 -> 0 | J17: ='MOTIE_21-34 Retirements'!K86 -> 0 | ... P17: ='MOTIE_21-34 Retirements'!Q86 -> 0 | Q17: ='35-50 Retirements'!C19 -> 0 | R17: ='35-50 Retirements'!D19 -> 0 | S17: ='35-50 Retirements'!E19 -> 0 | T17: ='35-50 Retirements'!F19 -> 0 | U17: ='35-50 Retirements'!G19 -> 0 | V17: ='35-50 Retirements'!H19 -> 0 | W17: ='35-50 Retirements'!I19 -> 0 | X17: ='35-50 Retirements'!J19 -> 0 | ... AF17: ='35-50 Retirements'!R19 -> 0 | AH17: =SUM(B17:AF17) -> 0
A20: Total
A21: hard coal | B21: =SUM($B2:B2) -> 138.4 | C21: =SUM($B2:C2) -> 138.4 | D21: =SUM($B2:D2) -> 138.4 | E21: =SUM($B2:E2) -> 138.4 | F21: =SUM($B2:F2) -> 138.4 | G21: =SUM($B2:G2) -> 1138.4 | H21: =SUM($B2:H2) -> 3738.4 | I21: =SUM($B2:I2) -> 5238.4 | ... AF21: =SUM($B2:AF2) -> 32518.327
A22: natural gas nonpeaker | B22: =SUM($B3:B3) -> 0 | C22: =SUM($B3:C3) -> 0 | D22: =SUM($B3:D3) -> 0 | E22: =SUM($B3:E3) -> 0 | F22: =SUM($B3:F3) -> 0 | G22: =SUM($B3:G3) -> 0 | H22: =SUM($B3:H3) -> 0 | I22: =SUM($B3:I3) -> 0 | ... AF22: =SUM($B3:AF3) -> 24910.964
A23: nuclear | B23: =SUM($B4:B4) -> 0 | C23: =SUM($B4:C4) -> 0 | D23: =SUM($B4:D4) -> 0 | E23: =SUM($B4:E4) -> 0 | F23: =SUM($B4:F4) -> 0 | G23: =SUM($B4:G4) -> 0 | H23: =SUM($B4:H4) -> 0 | I23: =SUM($B4:I4) -> 0 | ... AF23: =SUM($B4:AF4) -> 6800
A24: hydro | B24: =SUM($B5:B5) -> 2.335 | C24: =SUM($B5:C5) -> 2.335 | D24: =SUM($B5:D5) -> 31.053 | E24: =SUM($B5:E5) -> 38.48 | F24: =SUM($B5:F5) -> 40.62 | G24: =SUM($B5:G5) -> 40.62 | H24: =SUM($B5:H5) -> 40.62 | I24: =SUM($B5:I5) -> 40.62 | ... AF24: =SUM($B5:AF5) -> 40.62
A25: onshore wind | B25: =SUM($B6:B6) -> 0 | C25: =SUM($B6:C6) -> 0 | D25: =SUM($B6:D6) -> 0 | E25: =SUM($B6:E6) -> 0 | F25: =SUM($B6:F6) -> 0 | G25: =SUM($B6:G6) -> 0 | H25: =SUM($B6:H6) -> 0 | I25: =SUM($B6:I6) -> 0 | ... AF25: =SUM($B6:AF6) -> 0
A26: solar pv | B26: =SUM($B7:B7) -> 0 | C26: =SUM($B7:C7) -> 0 | D26: =SUM($B7:D7) -> 0 | E26: =SUM($B7:E7) -> 0 | F26: =SUM($B7:F7) -> 0 | G26: =SUM($B7:G7) -> 0 | H26: =SUM($B7:H7) -> 0 | I26: =SUM($B7:I7) -> 0 | ... AF26: =SUM($B7:AF7) -> 0
A27: solar thermal | B27: =SUM($B8:B8) -> 0 | C27: =SUM($B8:C8) -> 0 | D27: =SUM($B8:D8) -> 0 | E27: =SUM($B8:E8) -> 0 | F27: =SUM($B8:F8) -> 0 | G27: =SUM($B8:G8) -> 0 | H27: =SUM($B8:H8) -> 0 | I27: =SUM($B8:I8) -> 0 | ... AF27: =SUM($B8:AF8) -> 0
A28: biomass | B28: =SUM($B9:B9) -> 0 | C28: =SUM($B9:C9) -> 0 | D28: =SUM($B9:D9) -> 0 | E28: =SUM($B9:E9) -> 0 | F28: =SUM($B9:F9) -> 0 | G28: =SUM($B9:G9) -> 0 | H28: =SUM($B9:H9) -> 0 | I28: =SUM($B9:I9) -> 0 | ... AF28: =SUM($B9:AF9) -> 200
A29: geothermal | B29: =SUM($B10:B10) -> 0 | C29: =SUM($B10:C10) -> 0 | D29: =SUM($B10:D10) -> 0 | E29: =SUM($B10:E10) -> 0 | F29: =SUM($B10:F10) -> 0 | G29: =SUM($B10:G10) -> 0 | H29: =SUM($B10:H10) -> 0 | I29: =SUM($B10:I10) -> 0 | ... AF29: =SUM($B10:AF10) -> 0
A30: petroleum | B30: =SUM($B11:B11) -> 112.415 | C30: =SUM($B11:C11) -> 112.415 | D30: =SUM($B11:D11) -> 112.415 | E30: =SUM($B11:E11) -> 112.415 | F30: =SUM($B11:F11) -> 112.415 | G30: =SUM($B11:G11) -> 112.415 | H30: =SUM($B11:H11) -> 112.415 | I30: =SUM($B11:I11) -> 112.415 | ... AF30: =SUM($B11:AF11) -> 161.965
A31: natural gas peaker | B31: =SUM($B12:B12) -> 0 | C31: =SUM($B12:C12) -> 0 | D31: =SUM($B12:D12) -> 0 | E31: =SUM($B12:E12) -> 0 | F31: =SUM($B12:F12) -> 0 | G31: =SUM($B12:G12) -> 0 | H31: =SUM($B12:H12) -> 0 | I31: =SUM($B12:I12) -> 0 | ... AF31: =SUM($B12:AF12) -> 0
A32: lignite | B32: =SUM($B13:B13) -> 0 | C32: =SUM($B13:C13) -> 0 | D32: =SUM($B13:D13) -> 0 | E32: =SUM($B13:E13) -> 0 | F32: =SUM($B13:F13) -> 0 | G32: =SUM($B13:G13) -> 0 | H32: =SUM($B13:H13) -> 0 | I32: =SUM($B13:I13) -> 0 | ... AF32: =SUM($B13:AF13) -> 0
... A36: municipal solid waste | B36: =SUM($B17:B17) -> 0 | C36: =SUM($B17:C17) -> 0 | D36: =SUM($B17:D17) -> 0 | E36: =SUM($B17:E17) -> 0 | F36: =SUM($B17:F17) -> 0 | G36: =SUM($B17:G17) -> 0 | H36: =SUM($B17:H17) -> 0 | I36: =SUM($B17:I17) -> 0 | ... AF36: =SUM($B17:AF17) -> 0
A38: Number of mppcs
A39: hard coal | B39: =ROUNDDOWN(B21/MPPC!$B2,0) -> 0 | C39: =ROUNDDOWN(C21/MPPC!$B2,0) -> 0 | D39: =ROUNDDOWN(D21/MPPC!$B2,0) -> 0 | E39: =ROUNDDOWN(E21/MPPC!$B2,0) -> 0 | F39: =ROUNDDOWN(F21/MPPC!$B2,0) -> 0 | G39: =ROUNDDOWN(G21/MPPC!$B2,0) -> 4 | H39: =ROUNDDOWN(H21/MPPC!$B2,0) -> 14 | I39: =ROUNDDOWN(I21/MPPC!$B2,0) -> 20 | ... AF39: =ROUNDDOWN(AF21/MPPC!$B2,0) -> 126
A40: natural gas nonpeaker | B40: =ROUNDDOWN(B22/MPPC!$B3,0) -> 0 | C40: =ROUNDDOWN(C22/MPPC!$B3,0) -> 0 | D40: =ROUNDDOWN(D22/MPPC!$B3,0) -> 0 | E40: =ROUNDDOWN(E22/MPPC!$B3,0) -> 0 | F40: =ROUNDDOWN(F22/MPPC!$B3,0) -> 0 | G40: =ROUNDDOWN(G22/MPPC!$B3,0) -> 0 | H40: =ROUNDDOWN(H22/MPPC!$B3,0) -> 0 | I40: =ROUNDDOWN(I22/MPPC!$B3,0) -> 0 | ... AF40: =ROUNDDOWN(AF22/MPPC!$B3,0) -> 161
A41: nuclear | B41: =ROUNDDOWN(B23/MPPC!$B4,0) -> 0 | C41: =ROUNDDOWN(C23/MPPC!$B4,0) -> 0 | D41: =ROUNDDOWN(D23/MPPC!$B4,0) -> 0 | E41: =ROUNDDOWN(E23/MPPC!$B4,0) -> 0 | F41: =ROUNDDOWN(F23/MPPC!$B4,0) -> 0 | G41: =ROUNDDOWN(G23/MPPC!$B4,0) -> 0 | H41: =ROUNDDOWN(H23/MPPC!$B4,0) -> 0 | I41: =ROUNDDOWN(I23/MPPC!$B4,0) -> 0 | ... AF41: =ROUNDDOWN(AF23/MPPC!$B4,0) -> 13
A42: hydro | B42: =ROUNDDOWN(B24/MPPC!$B5,0) -> 2 | C42: =ROUNDDOWN(C24/MPPC!$B5,0) -> 2 | D42: =ROUNDDOWN(D24/MPPC!$B5,0) -> 31 | E42: =ROUNDDOWN(E24/MPPC!$B5,0) -> 38 | F42: =ROUNDDOWN(F24/MPPC!$B5,0) -> 40 | G42: =ROUNDDOWN(G24/MPPC!$B5,0) -> 40 | H42: =ROUNDDOWN(H24/MPPC!$B5,0) -> 40 | I42: =ROUNDDOWN(I24/MPPC!$B5,0) -> 40 | ... AF42: =ROUNDDOWN(AF24/MPPC!$B5,0) -> 40
A43: onshore wind | B43: =ROUNDDOWN(B25/MPPC!$B6,0) -> 0 | C43: =ROUNDDOWN(C25/MPPC!$B6,0) -> 0 | D43: =ROUNDDOWN(D25/MPPC!$B6,0) -> 0 | E43: =ROUNDDOWN(E25/MPPC!$B6,0) -> 0 | F43: =ROUNDDOWN(F25/MPPC!$B6,0) -> 0 | G43: =ROUNDDOWN(G25/MPPC!$B6,0) -> 0 | H43: =ROUNDDOWN(H25/MPPC!$B6,0) -> 0 | I43: =ROUNDDOWN(I25/MPPC!$B6,0) -> 0 | ... AF43: =ROUNDDOWN(AF25/MPPC!$B6,0) -> 0
A44: solar pv | B44: =ROUNDDOWN(B26/MPPC!$B7,0) -> 0 | C44: =ROUNDDOWN(C26/MPPC!$B7,0) -> 0 | D44: =ROUNDDOWN(D26/MPPC!$B7,0) -> 0 | E44: =ROUNDDOWN(E26/MPPC!$B7,0) -> 0 | F44: =ROUNDDOWN(F26/MPPC!$B7,0) -> 0 | G44: =ROUNDDOWN(G26/MPPC!$B7,0) -> 0 | H44: =ROUNDDOWN(H26/MPPC!$B7,0) -> 0 | I44: =ROUNDDOWN(I26/MPPC!$B7,0) -> 0 | ... AF44: =ROUNDDOWN(AF26/MPPC!$B7,0) -> 0
A45: solar thermal | B45: =ROUNDDOWN(B27/MPPC!$B8,0) -> 0 | C45: =ROUNDDOWN(C27/MPPC!$B8,0) -> 0 | D45: =ROUNDDOWN(D27/MPPC!$B8,0) -> 0 | E45: =ROUNDDOWN(E27/MPPC!$B8,0) -> 0 | F45: =ROUNDDOWN(F27/MPPC!$B8,0) -> 0 | G45: =ROUNDDOWN(G27/MPPC!$B8,0) -> 0 | H45: =ROUNDDOWN(H27/MPPC!$B8,0) -> 0 | I45: =ROUNDDOWN(I27/MPPC!$B8,0) -> 0 | ... AF45: =ROUNDDOWN(AF27/MPPC!$B8,0) -> 0
A46: biomass | B46: =ROUNDDOWN(B28/MPPC!$B9,0) -> 0 | C46: =ROUNDDOWN(C28/MPPC!$B9,0) -> 0 | D46: =ROUNDDOWN(D28/MPPC!$B9,0) -> 0 | E46: =ROUNDDOWN(E28/MPPC!$B9,0) -> 0 | F46: =ROUNDDOWN(F28/MPPC!$B9,0) -> 0 | G46: =ROUNDDOWN(G28/MPPC!$B9,0) -> 0 | H46: =ROUNDDOWN(H28/MPPC!$B9,0) -> 0 | I46: =ROUNDDOWN(I28/MPPC!$B9,0) -> 0 | ... AF46: =ROUNDDOWN(AF28/MPPC!$B9,0) -> 11
A47: geothermal | B47: =ROUNDDOWN(B29/MPPC!$B10,0) -> 0 | C47: =ROUNDDOWN(C29/MPPC!$B10,0) -> 0 | D47: =ROUNDDOWN(D29/MPPC!$B10,0) -> 0 | E47: =ROUNDDOWN(E29/MPPC!$B10,0) -> 0 | F47: =ROUNDDOWN(F29/MPPC!$B10,0) -> 0 | G47: =ROUNDDOWN(G29/MPPC!$B10,0) -> 0 | H47: =ROUNDDOWN(H29/MPPC!$B10,0) -> 0 | I47: =ROUNDDOWN(I29/MPPC!$B10,0) -> 0 | ... AF47: =ROUNDDOWN(AF29/MPPC!$B10,0) -> 0
A48: petroleum | B48: =ROUNDDOWN(B30/MPPC!$B11,0) -> 112 | C48: =ROUNDDOWN(C30/MPPC!$B11,0) -> 112 | D48: =ROUNDDOWN(D30/MPPC!$B11,0) -> 112 | E48: =ROUNDDOWN(E30/MPPC!$B11,0) -> 112 | F48: =ROUNDDOWN(F30/MPPC!$B11,0) -> 112 | G48: =ROUNDDOWN(G30/MPPC!$B11,0) -> 112 | H48: =ROUNDDOWN(H30/MPPC!$B11,0) -> 112 | I48: =ROUNDDOWN(I30/MPPC!$B11,0) -> 112 | ... AF48: =ROUNDDOWN(AF30/MPPC!$B11,0) -> 161
A49: natural gas peaker | B49: =ROUNDDOWN(B31/MPPC!$B12,0) -> 0 | C49: =ROUNDDOWN(C31/MPPC!$B12,0) -> 0 | D49: =ROUNDDOWN(D31/MPPC!$B12,0) -> 0 | E49: =ROUNDDOWN(E31/MPPC!$B12,0) -> 0 | F49: =ROUNDDOWN(F31/MPPC!$B12,0) -> 0 | G49: =ROUNDDOWN(G31/MPPC!$B12,0) -> 0 | H49: =ROUNDDOWN(H31/MPPC!$B12,0) -> 0 | I49: =ROUNDDOWN(I31/MPPC!$B12,0) -> 0 | ... AF49: =ROUNDDOWN(AF31/MPPC!$B12,0) -> 0
A50: lignite | B50: =ROUNDDOWN(B32/MPPC!$B13,0) -> 0 | C50: =ROUNDDOWN(C32/MPPC!$B13,0) -> 0 | D50: =ROUNDDOWN(D32/MPPC!$B13,0) -> 0 | E50: =ROUNDDOWN(E32/MPPC!$B13,0) -> 0 | F50: =ROUNDDOWN(F32/MPPC!$B13,0) -> 0 | G50: =ROUNDDOWN(G32/MPPC!$B13,0) -> 0 | H50: =ROUNDDOWN(H32/MPPC!$B13,0) -> 0 | I50: =ROUNDDOWN(I32/MPPC!$B13,0) -> 0 | ... AF50: =ROUNDDOWN(AF32/MPPC!$B13,0) -> 0
... A54: municipal solid waste | B54: =ROUNDDOWN(B36/MPPC!$B17,0) -> 0 | C54: =ROUNDDOWN(C36/MPPC!$B17,0) -> 0 | D54: =ROUNDDOWN(D36/MPPC!$B17,0) -> 0 | E54: =ROUNDDOWN(E36/MPPC!$B17,0) -> 0 | F54: =ROUNDDOWN(F36/MPPC!$B17,0) -> 0 | G54: =ROUNDDOWN(G36/MPPC!$B17,0) -> 0 | H54: =ROUNDDOWN(H36/MPPC!$B17,0) -> 0 | I54: =ROUNDDOWN(I36/MPPC!$B17,0) -> 0 | ... AF54: =ROUNDDOWN(AF36/MPPC!$B17,0) -> 0
A56: Quantized | AH56: Total | AI56: Delta
A57: hard coal | B57: =B39*MPPC!B2 -> 0 | C57: =IF(C2>0,(C39-B39)*MPPC!$B2,0) -> 0 | D57: =IF(D2>0,(D39-C39)*MPPC!$B2,0) -> 0 | E57: =IF(E2>0,(E39-D39)*MPPC!$B2,0) -> 0 | F57: =IF(F2>0,(F39-E39)*MPPC!$B2,0) -> 0 | G57: =IF(G2>0,(G39-F39)*MPPC!$B2,0) -> 1032 | H57: =IF(H2>0,(H39-G39)*MPPC!$B2,0) -> 2580 | I57: =IF(I2>0,(I39-H39)*MPPC!$B2,0) -> 1548 | J57: =IF(J2>0,(J39-I39)*MPPC!$B2,0) -> 1548 | ... AF57: =IF(AF2>0,(AF39-AE39)*MPPC!$B2,0) -> 0 | AH57: =SUM(B57:AF57) -> 32508 | AI57: =(AH57-AH2) -> -10.327
A58: natural gas nonpeaker | B58: =B40*MPPC!B3 -> 0 | C58: =IF(C3>0,(C40-B40)*MPPC!$B3,0) -> 0 | D58: =IF(D3>0,(D40-C40)*MPPC!$B3,0) -> 0 | E58: =IF(E3>0,(E40-D40)*MPPC!$B3,0) -> 0 | F58: =IF(F3>0,(F40-E40)*MPPC!$B3,0) -> 0 | G58: =IF(G3>0,(G40-F40)*MPPC!$B3,0) -> 0 | H58: =IF(H3>0,(H40-G40)*MPPC!$B3,0) -> 0 | I58: =IF(I3>0,(I40-H40)*MPPC!$B3,0) -> 0 | J58: =IF(J3>0,(J40-I40)*MPPC!$B3,0) -> 0 | ... AF58: =IF(AF3>0,(AF40-AE40)*MPPC!$B3,0) -> 154 | AH58: =SUM(B58:AF58) -> 24794 | AI58: =(AH58-AH3) -> -116.964
A59: nuclear | B59: =B41*MPPC!B4 -> 0 | C59: =IF(C4>0,(C41-B41)*MPPC!$B4,0) -> 0 | D59: =IF(D4>0,(D41-C41)*MPPC!$B4,0) -> 0 | E59: =IF(E4>0,(E41-D41)*MPPC!$B4,0) -> 0 | F59: =IF(F4>0,(F41-E41)*MPPC!$B4,0) -> 0 | G59: =IF(G4>0,(G41-F41)*MPPC!$B4,0) -> 0 | H59: =IF(H4>0,(H41-G41)*MPPC!$B4,0) -> 0 | I59: =IF(I4>0,(I41-H41)*MPPC!$B4,0) -> 0 | J59: =IF(J4>0,(J41-I41)*MPPC!$B4,0) -> 0 | ... AF59: =IF(AF4>0,(AF41-AE41)*MPPC!$B4,0) -> 0 | AH59: =SUM(B59:AF59) -> 6500 | AI59: =(AH59-AH4) -> -300
A60: hydro | B60: =B42*MPPC!B5 -> 2 | C60: =IF(C5>0,(C42-B42)*MPPC!$B5,0) -> 0 | D60: =IF(D5>0,(D42-C42)*MPPC!$B5,0) -> 29 | E60: =IF(E5>0,(E42-D42)*MPPC!$B5,0) -> 7 | F60: =IF(F5>0,(F42-E42)*MPPC!$B5,0) -> 2 | G60: =IF(G5>0,(G42-F42)*MPPC!$B5,0) -> 0 | H60: =IF(H5>0,(H42-G42)*MPPC!$B5,0) -> 0 | I60: =IF(I5>0,(I42-H42)*MPPC!$B5,0) -> 0 | J60: =IF(J5>0,(J42-I42)*MPPC!$B5,0) -> 0 | ... AF60: =IF(AF5>0,(AF42-AE42)*MPPC!$B5,0) -> 0 | AH60: =SUM(B60:AF60) -> 40 | AI60: =(AH60-AH5) -> -0.62
A61: onshore wind | B61: =B43*MPPC!B6 -> 0 | C61: =IF(C6>0,(C43-B43)*MPPC!$B6,0) -> 0 | D61: =IF(D6>0,(D43-C43)*MPPC!$B6,0) -> 0 | E61: =IF(E6>0,(E43-D43)*MPPC!$B6,0) -> 0 | F61: =IF(F6>0,(F43-E43)*MPPC!$B6,0) -> 0 | G61: =IF(G6>0,(G43-F43)*MPPC!$B6,0) -> 0 | H61: =IF(H6>0,(H43-G43)*MPPC!$B6,0) -> 0 | I61: =IF(I6>0,(I43-H43)*MPPC!$B6,0) -> 0 | J61: =IF(J6>0,(J43-I43)*MPPC!$B6,0) -> 0 | ... AF61: =IF(AF6>0,(AF43-AE43)*MPPC!$B6,0) -> 0 | AH61: =SUM(B61:AF61) -> 0 | AI61: =(AH61-AH6) -> 0
A62: solar pv | B62: =B44*MPPC!B7 -> 0 | C62: =IF(C7>0,(C44-B44)*MPPC!$B7,0) -> 0 | D62: =IF(D7>0,(D44-C44)*MPPC!$B7,0) -> 0 | E62: =IF(E7>0,(E44-D44)*MPPC!$B7,0) -> 0 | F62: =IF(F7>0,(F44-E44)*MPPC!$B7,0) -> 0 | G62: =IF(G7>0,(G44-F44)*MPPC!$B7,0) -> 0 | H62: =IF(H7>0,(H44-G44)*MPPC!$B7,0) -> 0 | I62: =IF(I7>0,(I44-H44)*MPPC!$B7,0) -> 0 | J62: =IF(J7>0,(J44-I44)*MPPC!$B7,0) -> 0 | ... AF62: =IF(AF7>0,(AF44-AE44)*MPPC!$B7,0) -> 0 | AH62: =SUM(B62:AF62) -> 0 | AI62: =(AH62-AH7) -> 0
A63: solar thermal | B63: =B45*MPPC!B8 -> 0 | C63: =IF(C8>0,(C45-B45)*MPPC!$B8,0) -> 0 | D63: =IF(D8>0,(D45-C45)*MPPC!$B8,0) -> 0 | E63: =IF(E8>0,(E45-D45)*MPPC!$B8,0) -> 0 | F63: =IF(F8>0,(F45-E45)*MPPC!$B8,0) -> 0 | G63: =IF(G8>0,(G45-F45)*MPPC!$B8,0) -> 0 | H63: =IF(H8>0,(H45-G45)*MPPC!$B8,0) -> 0 | I63: =IF(I8>0,(I45-H45)*MPPC!$B8,0) -> 0 | J63: =IF(J8>0,(J45-I45)*MPPC!$B8,0) -> 0 | ... AF63: =IF(AF8>0,(AF45-AE45)*MPPC!$B8,0) -> 0 | AH63: =SUM(B63:AF63) -> 0 | AI63: =(AH63-AH8) -> 0
A64: biomass | B64: =B46*MPPC!B9 -> 0 | C64: =IF(C9>0,(C46-B46)*MPPC!$B9,0) -> 0 | D64: =IF(D9>0,(D46-C46)*MPPC!$B9,0) -> 0 | E64: =IF(E9>0,(E46-D46)*MPPC!$B9,0) -> 0 | F64: =IF(F9>0,(F46-E46)*MPPC!$B9,0) -> 0 | G64: =IF(G9>0,(G46-F46)*MPPC!$B9,0) -> 0 | H64: =IF(H9>0,(H46-G46)*MPPC!$B9,0) -> 0 | I64: =IF(I9>0,(I46-H46)*MPPC!$B9,0) -> 0 | J64: =IF(J9>0,(J46-I46)*MPPC!$B9,0) -> 0 | ... AF64: =IF(AF9>0,(AF46-AE46)*MPPC!$B9,0) -> 0 | AH64: =SUM(B64:AF64) -> 198 | AI64: =(AH64-AH9) -> -2
A65: geothermal | B65: =B47*MPPC!B10 -> 0 | C65: =IF(C10>0,(C47-B47)*MPPC!$B10,0) -> 0 | D65: =IF(D10>0,(D47-C47)*MPPC!$B10,0) -> 0 | E65: =IF(E10>0,(E47-D47)*MPPC!$B10,0) -> 0 | F65: =IF(F10>0,(F47-E47)*MPPC!$B10,0) -> 0 | G65: =IF(G10>0,(G47-F47)*MPPC!$B10,0) -> 0 | H65: =IF(H10>0,(H47-G47)*MPPC!$B10,0) -> 0 | I65: =IF(I10>0,(I47-H47)*MPPC!$B10,0) -> 0 | J65: =IF(J10>0,(J47-I47)*MPPC!$B10,0) -> 0 | ... AF65: =IF(AF10>0,(AF47-AE47)*MPPC!$B10,0) -> 0 | AH65: =SUM(B65:AF65) -> 0 | AI65: =(AH65-AH10) -> 0
A66: petroleum | B66: =B48*MPPC!B11 -> 112 | C66: =IF(C11>0,(C48-B48)*MPPC!$B11,0) -> 0 | D66: =IF(D11>0,(D48-C48)*MPPC!$B11,0) -> 0 | E66: =IF(E11>0,(E48-D48)*MPPC!$B11,0) -> 0 | F66: =IF(F11>0,(F48-E48)*MPPC!$B11,0) -> 0 | G66: =IF(G11>0,(G48-F48)*MPPC!$B11,0) -> 0 | H66: =IF(H11>0,(H48-G48)*MPPC!$B11,0) -> 0 | I66: =IF(I11>0,(I48-H48)*MPPC!$B11,0) -> 0 | J66: =IF(J11>0,(J48-I48)*MPPC!$B11,0) -> 0 | ... AF66: =IF(AF11>0,(AF48-AE48)*MPPC!$B11,0) -> 0 | AH66: =SUM(B66:AF66) -> 161 | AI66: =(AH66-AH11) -> -0.965
A67: natural gas peaker | B67: =B49*MPPC!B12 -> 0 | C67: =IF(C12>0,(C49-B49)*MPPC!$B12,0) -> 0 | D67: =IF(D12>0,(D49-C49)*MPPC!$B12,0) -> 0 | E67: =IF(E12>0,(E49-D49)*MPPC!$B12,0) -> 0 | F67: =IF(F12>0,(F49-E49)*MPPC!$B12,0) -> 0 | G67: =IF(G12>0,(G49-F49)*MPPC!$B12,0) -> 0 | H67: =IF(H12>0,(H49-G49)*MPPC!$B12,0) -> 0 | I67: =IF(I12>0,(I49-H49)*MPPC!$B12,0) -> 0 | J67: =IF(J12>0,(J49-I49)*MPPC!$B12,0) -> 0 | ... AF67: =IF(AF12>0,(AF49-AE49)*MPPC!$B12,0) -> 0 | AH67: =SUM(B67:AF67) -> 0 | AI67: =(AH67-AH12) -> 0
A68: lignite | B68: =B50*MPPC!B13 -> 0 | C68: =IF(C13>0,(C50-B50)*MPPC!$B13,0) -> 0 | D68: =IF(D13>0,(D50-C50)*MPPC!$B13,0) -> 0 | E68: =IF(E13>0,(E50-D50)*MPPC!$B13,0) -> 0 | F68: =IF(F13>0,(F50-E50)*MPPC!$B13,0) -> 0 | G68: =IF(G13>0,(G50-F50)*MPPC!$B13,0) -> 0 | H68: =IF(H13>0,(H50-G50)*MPPC!$B13,0) -> 0 | I68: =IF(I13>0,(I50-H50)*MPPC!$B13,0) -> 0 | J68: =IF(J13>0,(J50-I50)*MPPC!$B13,0) -> 0 | ... AF68: =IF(AF13>0,(AF50-AE50)*MPPC!$B13,0) -> 0 | AH68: =SUM(B68:AF68) -> 0 | AI68: =(AH68-AH13) -> 0
... A72: municipal solid waste | B72: =B54*MPPC!B17 -> 0 | C72: =IF(C17>0,(C54-B54)*MPPC!$B17,0) -> 0 | D72: =IF(D17>0,(D54-C54)*MPPC!$B17,0) -> 0 | E72: =IF(E17>0,(E54-D54)*MPPC!$B17,0) -> 0 | F72: =IF(F17>0,(F54-E54)*MPPC!$B17,0) -> 0 | G72: =IF(G17>0,(G54-F54)*MPPC!$B17,0) -> 0 | H72: =IF(H17>0,(H54-G54)*MPPC!$B17,0) -> 0 | I72: =IF(I17>0,(I54-H54)*MPPC!$B17,0) -> 0 | J72: =IF(J17>0,(J54-I54)*MPPC!$B17,0) -> 0 | ... AF72: =IF(AF17>0,(AF54-AE54)*MPPC!$B17,0) -> 0 | AH72: =SUM(B72:AF72) -> 0 | AI72: =(AH72-AH17) -> 0
A73: natural gas steam turbine | B73: 0 | C73: 0 | D73: 0 | E73: 0 | F73: 0 | G73: 0 | H73: 0 | I73: 0 | J73: 0 | K73: 0 | L73: 0 | M73: 0 | N73: 0 | O73: 0 | P73: 0 | Q73: 0 | R73: 0 | S73: 0 | T73: 0 | U73: 0 | V73: 0 | W73: 0 | X73: 0 | Y73: 0 | Z73: 0 | AA73: 0 | AB73: 0 | AC73: 0 | AD73: 0 | AE73: 0 | AF73: 0
A74: hard coal w CCS | B74: 0 | C74: 0 | D74: 0 | E74: 0 | F74: 0 | G74: 0 | H74: 0 | I74: 0 | J74: 0 | K74: 0 | L74: 0 | M74: 0 | N74: 0 | O74: 0 | P74: 0 | Q74: 0 | R74: 0 | S74: 0 | T74: 0 | U74: 0 | V74: 0 | W74: 0 | X74: 0 | Y74: 0 | Z74: 0 | AA74: 0 | AB74: 0 | AC74: 0 | AD74: 0 | AE74: 0 | AF74: 0
A75: natural gas combined cycle w CCS | B75: 0 | C75: 0 | D75: 0 | E75: 0 | F75: 0 | G75: 0 | H75: 0 | I75: 0 | J75: 0 | K75: 0 | L75: 0 | M75: 0 | N75: 0 | O75: 0 | P75: 0 | Q75: 0 | R75: 0 | S75: 0 | T75: 0 | U75: 0 | V75: 0 | W75: 0 | X75: 0 | Y75: 0 | Z75: 0 | AA75: 0 | AB75: 0 | AC75: 0 | AD75: 0 | AE75: 0 | AF75: 0
A76: biomass w CCS | B76: 0 | C76: 0 | D76: 0 | E76: 0 | F76: 0 | G76: 0 | H76: 0 | I76: 0 | J76: 0 | K76: 0 | L76: 0 | M76: 0 | N76: 0 | O76: 0 | P76: 0 | Q76: 0 | R76: 0 | S76: 0 | T76: 0 | U76: 0 | V76: 0 | W76: 0 | X76: 0 | Y76: 0 | Z76: 0 | AA76: 0 | AB76: 0 | AC76: 0 | AD76: 0 | AE76: 0 | AF76: 0
A77: lignite w CCS | B77: 0 | C77: 0 | D77: 0 | E77: 0 | F77: 0 | G77: 0 | H77: 0 | I77: 0 | J77: 0 | K77: 0 | L77: 0 | M77: 0 | N77: 0 | O77: 0 | P77: 0 | Q77: 0 | R77: 0 | S77: 0 | T77: 0 | U77: 0 | V77: 0 | W77: 0 | X77: 0 | Y77: 0 | Z77: 0 | AA77: 0 | AB77: 0 | AC77: 0 | AD77: 0 | AE77: 0 | AF77: 0
A78: small modular reactor | B78: 0 | C78: 0 | D78: 0 | E78: 0 | F78: 0 | G78: 0 | H78: 0 | I78: 0 | J78: 0 | K78: 0 | L78: 0 | M78: 0 | N78: 0 | O78: 0 | P78: 0 | Q78: 0 | R78: 0 | S78: 0 | T78: 0 | U78: 0 | V78: 0 | W78: 0 | X78: 0 | Y78: 0 | Z78: 0 | AA78: 0 | AB78: 0 | AC78: 0 | AD78: 0 | AE78: 0 | AF78: 0
A79: hydrogen combustion turbine | B79: 0 | C79: 0 | D79: 0 | E79: 0 | F79: 0 | G79: 0 | H79: 0 | I79: 0 | J79: 0 | K79: 0 | L79: 0 | M79: 0 | N79: 0 | O79: 0 | P79: 0 | Q79: 0 | R79: 0 | S79: 0 | T79: 0 | U79: 0 | V79: 0 | W79: 0 | X79: 0 | Y79: 0 | Z79: 0 | AA79: 0 | AB79: 0 | AC79: 0 | AD79: 0 | AE79: 0 | AF79: 0
A80: hydrogen combined cycle | B80: 0 | C80: 0 | D80: 0 | E80: 0 | F80: 0 | G80: 0 | H80: 0 | I80: 0 | J80: 0 | K80: 0 | L80: 0 | M80: 0 | N80: 0 | O80: 0 | P80: 0 | Q80: 0 | R80: 0 | S80: 0 | T80: 0 | U80: 0 | V80: 0 | W80: 0 | X80: 0 | Y80: 0 | Z80: 0 | AA80: 0 | AB80: 0 | AC80: 0 | AD80: 0 | AE80: 0 | AF80: 0

Sheet CRbQ
A1: BAU Capacity Retirements (MW) | B1: 2021 | C1: 2022 | D1: 2023 | E1: 2024 | F1: 2025 | G1: 2026 | H1: 2027 | I1: 2028 | J1: 2029 | K1: 2030 | L1: 2031 | M1: 2032 | N1: 2033 | O1: 2034 | P1: 2035 | Q1: 2036 | R1: 2037 | S1: 2038 | T1: 2039 | U1: 2040 | V1: 2041 | W1: 2042 | X1: 2043 | Y1: 2044 | Z1: 2045 | AA1: 2046 | AB1: 2047 | AC1: 2048 | AD1: 2049 | AE1: 2050
A2: hard coal | B2: =Calcs!C57 -> 0 | C2: =Calcs!D57 -> 0 | D2: =Calcs!E57 -> 0 | E2: =Calcs!F57 -> 0 | F2: =Calcs!G57 -> 1032 | G2: =Calcs!H57 -> 2580 | H2: =Calcs!I57 -> 1548 | I2: =Calcs!J57 -> 1548 | ... AE2: =Calcs!AF57 -> 0
A3: natural gas steam turbine | B3: =Calcs!C73 -> 0 | C3: =Calcs!D73 -> 0 | D3: =Calcs!E73 -> 0 | E3: =Calcs!F73 -> 0 | F3: =Calcs!G73 -> 0 | G3: =Calcs!H73 -> 0 | H3: =Calcs!I73 -> 0 | I3: =Calcs!J73 -> 0 | ... AC3: =Calcs!AD73 -> 0 | AD3: =Calcs!AE58 -> 1386 | AE3: =Calcs!AF58 -> 154
A4: natural gas combined cycle | B4: =Calcs!C58 -> 0 | C4: =Calcs!D58 -> 0 | D4: =Calcs!E58 -> 0 | E4: =Calcs!F58 -> 0 | F4: =Calcs!G58 -> 0 | G4: =Calcs!H58 -> 0 | H4: =Calcs!I58 -> 0 | I4: =Calcs!J58 -> 0 | ... AC4: =Calcs!AD58 -> 462 | AD4: =Calcs!AE59 -> 1500 | AE4: =Calcs!AF59 -> 0
A5: nuclear | B5: =Calcs!C59 -> 0 | C5: =Calcs!D59 -> 0 | D5: =Calcs!E59 -> 0 | E5: =Calcs!F59 -> 0 | F5: =Calcs!G59 -> 0 | G5: =Calcs!H59 -> 0 | H5: =Calcs!I59 -> 0 | I5: =Calcs!J59 -> 0 | ... AC5: =Calcs!AD59 -> 0 | AD5: =Calcs!AE60 -> 0 | AE5: =Calcs!AF60 -> 0
A6: hydro | B6: =Calcs!C60 -> 0 | C6: =Calcs!D60 -> 29 | D6: =Calcs!E60 -> 7 | E6: =Calcs!F60 -> 2 | F6: =Calcs!G60 -> 0 | G6: =Calcs!H60 -> 0 | H6: =Calcs!I60 -> 0 | I6: =Calcs!J60 -> 0 | ... AC6: =Calcs!AD60 -> 0 | AD6: =Calcs!AE61 -> 0 | AE6: =Calcs!AF61 -> 0
A7: onshore wind | B7: =Calcs!C61 -> 0 | C7: =Calcs!D61 -> 0 | D7: =Calcs!E61 -> 0 | E7: =Calcs!F61 -> 0 | F7: =Calcs!G61 -> 0 | G7: =Calcs!H61 -> 0 | H7: =Calcs!I61 -> 0 | I7: =Calcs!J61 -> 0 | ... AC7: =Calcs!AD61 -> 0 | AD7: =Calcs!AE62 -> 0 | AE7: =Calcs!AF62 -> 0
A8: solar pv | B8: =Calcs!C62 -> 0 | C8: =Calcs!D62 -> 0 | D8: =Calcs!E62 -> 0 | E8: =Calcs!F62 -> 0 | F8: =Calcs!G62 -> 0 | G8: =Calcs!H62 -> 0 | H8: =Calcs!I62 -> 0 | I8: =Calcs!J62 -> 0 | ... AC8: =Calcs!AD62 -> 0 | AD8: =Calcs!AE63 -> 0 | AE8: =Calcs!AF63 -> 0
A9: solar thermal | B9: =Calcs!C63 -> 0 | C9: =Calcs!D63 -> 0 | D9: =Calcs!E63 -> 0 | E9: =Calcs!F63 -> 0 | F9: =Calcs!G63 -> 0 | G9: =Calcs!H63 -> 0 | H9: =Calcs!I63 -> 0 | I9: =Calcs!J63 -> 0 | ... AC9: =Calcs!AD63 -> 0 | AD9: =Calcs!AE64 -> 0 | AE9: =Calcs!AF64 -> 0
A10: biomass | B10: =Calcs!C64 -> 0 | C10: =Calcs!D64 -> 0 | D10: =Calcs!E64 -> 0 | E10: =Calcs!F64 -> 0 | F10: =Calcs!G64 -> 0 | G10: =Calcs!H64 -> 0 | H10: =Calcs!I64 -> 0 | I10: =Calcs!J64 -> 0 | ... AC10: =Calcs!AD64 -> 0 | AD10: =Calcs!AE65 -> 0 | AE10: =Calcs!AF65 -> 0
A11: geothermal | B11: =Calcs!C65 -> 0 | C11: =Calcs!D65 -> 0 | D11: =Calcs!E65 -> 0 | E11: =Calcs!F65 -> 0 | F11: =Calcs!G65 -> 0 | G11: =Calcs!H65 -> 0 | H11: =Calcs!I65 -> 0 | I11: =Calcs!J65 -> 0 | ... AC11: =Calcs!AD65 -> 0 | AD11: =Calcs!AE66 -> 0 | AE11: =Calcs!AF66 -> 0
A12: petroleum | B12: =Calcs!C66 -> 0 | C12: =Calcs!D66 -> 0 | D12: =Calcs!E66 -> 0 | E12: =Calcs!F66 -> 0 | F12: =Calcs!G66 -> 0 | G12: =Calcs!H66 -> 0 | H12: =Calcs!I66 -> 0 | I12: =Calcs!J66 -> 0 | ... AC12: =Calcs!AD66 -> 0 | AD12: =Calcs!AE67 -> 0 | AE12: =Calcs!AF67 -> 0
A13: natural gas peaker | B13: =Calcs!C67 -> 0 | C13: =Calcs!D67 -> 0 | D13: =Calcs!E67 -> 0 | E13: =Calcs!F67 -> 0 | F13: =Calcs!G67 -> 0 | G13: =Calcs!H67 -> 0 | H13: =Calcs!I67 -> 0 | I13: =Calcs!J67 -> 0 | ... AC13: =Calcs!AD67 -> 0 | AD13: =Calcs!AE68 -> 0 | AE13: =Calcs!AF68 -> 0
A14: lignite | B14: =Calcs!C68 -> 0 | C14: =Calcs!D68 -> 0 | D14: =Calcs!E68 -> 0 | E14: =Calcs!F68 -> 0 | F14: =Calcs!G68 -> 0 | G14: =Calcs!H68 -> 0 | H14: =Calcs!I68 -> 0 | I14: =Calcs!J68 -> 0 | ... AC14: =Calcs!AD68 -> 0 | AD14: =Calcs!AE69 -> 0 | AE14: =Calcs!AF69 -> 0
A15: offshore wind | B15: =Calcs!C69 -> 0 | C15: =Calcs!D69 -> 0 | D15: =Calcs!E69 -> 0 | E15: =Calcs!F69 -> 0 | F15: =Calcs!G69 -> 0 | G15: =Calcs!H69 -> 0 | H15: =Calcs!I69 -> 0 | I15: =Calcs!J69 -> 0 | ... AC15: =Calcs!AD69 -> 0 | AD15: =Calcs!AE70 -> 0 | AE15: =Calcs!AF70 -> 0
... A18: municipal solid waste | B18: =Calcs!C72 -> 0 | C18: =Calcs!D72 -> 0 | D18: =Calcs!E72 -> 0 | E18: =Calcs!F72 -> 0 | F18: =Calcs!G72 -> 0 | G18: =Calcs!H72 -> 0 | H18: =Calcs!I72 -> 0 | I18: =Calcs!J72 -> 0 | ... AC18: =Calcs!AD72 -> 0 | AD18: =Calcs!AE73 -> 0 | AE18: =Calcs!AF73 -> 0
A19: hard coal w CCS | B19: =Calcs!C74 -> 0 | C19: =Calcs!D74 -> 0 | D19: =Calcs!E74 -> 0 | E19: =Calcs!F74 -> 0 | F19: =Calcs!G74 -> 0 | G19: =Calcs!H74 -> 0 | H19: =Calcs!I74 -> 0 | I19: =Calcs!J74 -> 0 | ... AE19: =Calcs!AF74 -> 0
A20: natural gas combined cycle w CCS | B20: =Calcs!C75 -> 0 | C20: =Calcs!D75 -> 0 | D20: =Calcs!E75 -> 0 | E20: =Calcs!F75 -> 0 | F20: =Calcs!G75 -> 0 | G20: =Calcs!H75 -> 0 | H20: =Calcs!I75 -> 0 | I20: =Calcs!J75 -> 0 | ... AE20: =Calcs!AF75 -> 0
A21: biomass w CCS | B21: =Calcs!C76 -> 0 | C21: =Calcs!D76 -> 0 | D21: =Calcs!E76 -> 0 | E21: =Calcs!F76 -> 0 | F21: =Calcs!G76 -> 0 | G21: =Calcs!H76 -> 0 | H21: =Calcs!I76 -> 0 | I21: =Calcs!J76 -> 0 | ... AE21: =Calcs!AF76 -> 0
A22: lignite w CCS | B22: =Calcs!C77 -> 0 | C22: =Calcs!D77 -> 0 | D22: =Calcs!E77 -> 0 | E22: =Calcs!F77 -> 0 | F22: =Calcs!G77 -> 0 | G22: =Calcs!H77 -> 0 | H22: =Calcs!I77 -> 0 | I22: =Calcs!J77 -> 0 | ... AE22: =Calcs!AF77 -> 0
A23: small modular reactor | B23: =Calcs!C78 -> 0 | C23: =Calcs!D78 -> 0 | D23: =Calcs!E78 -> 0 | E23: =Calcs!F78 -> 0 | F23: =Calcs!G78 -> 0 | G23: =Calcs!H78 -> 0 | H23: =Calcs!I78 -> 0 | I23: =Calcs!J78 -> 0 | ... AE23: =Calcs!AF78 -> 0
A24: hydrogen combustion turbine | B24: =Calcs!C79 -> 0 | C24: =Calcs!D79 -> 0 | D24: =Calcs!E79 -> 0 | E24: =Calcs!F79 -> 0 | F24: =Calcs!G79 -> 0 | G24: =Calcs!H79 -> 0 | H24: =Calcs!I79 -> 0 | I24: =Calcs!J79 -> 0 | ... AE24: =Calcs!AF79 -> 0
A25: hydrogen combined cycle | B25: =Calcs!C80 -> 0 | C25: =Calcs!D80 -> 0 | D25: =Calcs!E80 -> 0 | E25: =Calcs!F80 -> 0 | F25: =Calcs!G80 -> 0 | G25: =Calcs!H80 -> 0 | H25: =Calcs!I80 -> 0 | I25: =Calcs!J80 -> 0 | ... AE25: =Calcs!AF80 -> 0
