Workbook
Name AAA: #REF!
Name AAAAAAAA: [1]Information!#REF!
Name CRF_CountryName: [2]Sheet1!$C$4
Name CRF_InventoryYear: [2]Sheet1!$C$6
Name CRF_REC_Year: #REF!
Name CRF_Status: [1]Information!#REF!
Name CRF_Submission: [2]Sheet1!$C$8
Name CRF_Summary1.As1_Main: #REF!
Name CRF_Summary1.As2_Dyn100: #REF!
Name CRF_Summary1.As2_Dyn101: #REF!
Name CRF_Summary1.As2_Dyn102: #REF!
Name CRF_Summary1.As2_Dyn103: #REF!
Name CRF_Summary1.As2_Dyn104: #REF!
Name CRF_Summary1.As2_Dyn105: #REF!
Name CRF_Summary1.As2_Dyn106: #REF!
Name CRF_Summary1.As2_Dyn107: #REF!
Name CRF_Summary1.As2_Dyn108: #REF!
Name CRF_Summary1.As2_Dyn109: #REF!
Name CRF_Summary1.As2_Dyn110: #REF!
Name CRF_Summary1.As2_Dyn111: #REF!
Name CRF_Summary1.As2_Dyn112: #REF!
Name CRF_Summary1.As2_Dyn113: #REF!
Name CRF_Summary1.As2_DynA28: #REF!
Name CRF_Summary1.As2_Main: #REF!
Name CRF_Summary1.As3_Main: #REF!
Name CRF_Summary1.B_Main: #REF!
Name CRF_Summary1_A_Main: #REF!
Name CRF_Summary1_A_Range1: #REF!
Name CRF_Summary2_Main: #REF!
Name CRF_Summary2_Main2: '[3]2001'!#REF!
Name CRF_Summary2_Range1: #REF!
Name CRF_Summary3s1_Main: #REF!
Name CRF_Summary3s2_DynA28: #REF!
Name CRF_Summary3s2_Main: #REF!
Name CRF_Table1.A_a_s1_Main: #REF!
Name CRF_Table1.A_a_s2_Main: #REF!
Name CRF_Table1.A_a_s3_Dyn10: #REF!
Name CRF_Table1.A_a_s3_Dyn11: #REF!
Name CRF_Table1.A_a_s3_Dyn12: #REF!
Name CRF_Table1.A_a_s3_Dyn13: #REF!
Name CRF_Table1.A_a_s3_Dyn1A3b: #REF!
Name CRF_Table1.A_a_s3_Dyn1A3c: #REF!
Name CRF_Table1.A_a_s3_Dyn1A3d: #REF!
Name CRF_Table1.A_a_s3_Dyn20: #REF!
Name CRF_Table1.A_a_s3_Dyn21: #REF!
Name CRF_Table1.A_a_s3_Dyn22: #REF!
Name CRF_Table1.A_a_s3_Dyn23: #REF!
Name CRF_Table1.A_a_s3_Dyn30: #REF!
Name CRF_Table1.A_a_s3_Dyn31: #REF!
Name CRF_Table1.A_a_s3_Dyn32: #REF!
Name CRF_Table1.A_a_s3_Dyn33: #REF!
Name CRF_Table1.A_a_s3_Main: #REF!
Name CRF_Table1.A_a_s4_Doc: #REF!
Name CRF_Table1.A_a_s4_Main: #REF!
Name CRF_Table1.A_b__Main: #REF!
Name CRF_Table1.A_c__Doc: #REF!
Name CRF_Table1.A_c__Main: #REF!
Name CRF_Table1.A_d__Add: #REF!
Name CRF_Table1.A_d__Doc: #REF!
Name CRF_Table1.A_d__Main: #REF!

Sheet About
A1: BLAPE BAU LULUCF Anthropogenic Pollutant Emissions
A3: Source: | B3: GHG Emissions and Absorption
B4: 2025 National Greenhouse Gas Inventory (1990-2023) Publication
B5: 2025
B6: Greenhouse Gas Inventory & Research Center (GIR)
B7: https://www.gir.go.kr/home/board/read.do?pagerOffset=0&maxPageItems=10&maxIndexPages=10&searchKey=&searchValue=&menuId=36&boardId=89&boardMasterId=2&boardCategoryId=&pagerOffset=0
B8: Information Hub / National & Regional GHG Statistics
A11: Notes
A12: start year | B12: 2019
A14: GHG
A15: GHG absorption and emission data by greenhouse gas (CO2, N2O, CH4) of LULUCF

Sheet CO2
B1: CO2 배출량 (단위: kt CO2-eq)
B4: 분야·부문/연도 | C4: 1990 | D4: 1991 | E4: 1992 | F4: 1993 | G4: 1994 | H4: 1995 | I4: 1996 | J4: 1997 | K4: 1998 | L4: 1999 | M4: 2000 | N4: 2001 | O4: 2002 | P4: 2003 | Q4: 2004 | R4: 2005 | S4: 2006 | T4: 2007 | U4: 2008 | V4: 2009 | W4: 2010 | X4: 2011 | Y4: 2012 | Z4: 2013 | AA4: 2014 | AB4: 2015 | AC4: 2016 | AD4: 2017 | AE4: 2018 | AF4: 2019 | AG4: 2020 | AH4: 2021 | AI4: 2022 | AJ4: 2023
B5: 총배출량 | C5: 256267.35 | D5: 286248.61 | E5: 310421.34 | F5: 344718.36 | G5: 372283.57 | H5: 401764.1 | I5: 437283.39 | J5: 458072.3 | K5: 394728.56 | L5: 430301.05 | M5: 462898.48 | N5: 482505.29 | O5: 500405.66 | P5: 512627.77 | Q5: 521974.19 | R5: 524748.32 | S5: 533517.38 | T5: 546776.01 | U5: 561457.93 | V5: 564640.13 | W5: 618413.64 | X5: 651162.2 | Y5: 647722.73 | Z5: 653775.91 | AA5: 645934.45 | AB5: 650168.57 | AC5: 660414.06 | AD5: 677013.59 | AE5: 697579.19 | AF5: 673287.02 | AG5: 623833.06 | AH5: 650976.15 | AI5: 633764.79 | AJ5: 621683.9
B6: 순배출량 | C6: 216882.7 | D6: 250848.03 | E6: 275859.69 | F6: 311742.66 | G6: 336947.84 | H6: 368183.8 | I6: 400263.04 | J6: 416050.85 | K6: 344319.95 | L6: 371700.01 | M6: 402039.74 | N6: 421410.51 | O6: 441631.06 | P6: 454168.85 | Q6: 462162.6 | R6: 466903.48 | S6: 474474.75 | T6: 487021.41 | U6: 500758.92 | V6: 504167.73 | W6: 560664.2 | X6: 594219.51 | Y6: 596783 | Z6: 607133.66 | AA6: 598403.35 | AB6: 601968.29 | AC6: 611786.69 | AD6: 633756.56 | AE6: 655615.03 | AF6: 634196.15 | AG6: 584550.93 | AH6: 611684.17 | AI6: 595290.73 | AJ6: 581828.51
B7: 1. 에너지 | C7: 219172.3 | D7: 242960.55 | E7: 260630.17 | F7: 288174.91 | G7: 312173.46 | H7: 337711.41 | I7: 371560.36 | J7: 388533.27 | K7: 330938.36 | L7: 363578.93 | M7: 393249.64 | N7: 405976.62 | O7: 423182.63 | P7: 433275.71 | Q7: 442738.95 | R7: 442697.47 | S7: 449884.35 | T7: 468435.86 | U7: 480988.03 | V7: 489589.3 | W7: 540718.52 | X7: 573348.82 | Y7: 568606.78 | Z7: 563505.09 | AA7: 555291.26 | AB7: 555733.93 | AC7: 566982.02 | AD7: 581576.39 | AE7: 604410.64 | AF7: 581655.32 | AG7: 539016.9 | AH7: 561902.45 | AI7: 547089.21 | AJ7: 536521.24
B8: A. 연료연소 | C8: 218985.32 | D8: 242796.98 | E8: 260500.1 | F8: 288072.22 | G8: 312092.49 | H8: 337649.01 | I8: 371506.22 | J8: 388483.8 | K8: 330890.51 | L8: 363532.74 | M8: 393203.84 | N8: 405934.38 | O8: 423145.74 | P8: 433238.99 | Q8: 442694.38 | R8: 442641.15 | S8: 449830.99 | T8: 468386.99 | U8: 480945.68 | V8: 489537.41 | W8: 540669.06 | X8: 573303.65 | Y8: 568562.25 | Z8: 563462.28 | AA8: 555255.91 | AB8: 555704.71 | AC8: 566954.68 | AD8: 581542.93 | AE8: 604381.81 | AF8: 581630.03 | AG8: 538995.85 | AH8: 561888.58 | AI8: 547078.58 | AJ8: 536512.73
B9: 1. 에너지산업 | C9: 41862.91 | D9: 49781.26 | E9: 58854.01 | F9: 67011.41 | G9: 81046.89 | H9: 91650.47 | I9: 109709.33 | J9: 120169.74 | K9: 107566.89 | L9: 117320.37 | M9: 135819.69 | N9: 146598.02 | O9: 155303.27 | P9: 159257.12 | Q9: 171855.01 | R9: 177703.37 | S9: 186462.87 | T9: 198786.72 | U9: 211668.54 | V9: 229789.41 | W9: 253692.74 | X9: 264016.86 | Y9: 268491.43 | Z9: 275114.77 | AA9: 262954.54 | AB9: 261273.91 | AC9: 262856.19 | AD9: 272622.82 | AE9: 296288.66 | AF9: 277663.84 | AG9: 245561.72 | AH9: 258208.85 | AI9: 256317.57 | AJ9: 246843.12
B10: a. 공공전기 및 열 생산 | C10: 37044.76 | D10: 43623.51 | E10: 51109.72 | F10: 57898.08 | G10: 71469.05 | H10: 79276.27 | I10: 96299.15 | J10: 104197.73 | K10: 92143.63 | L10: 101496.92 | M10: 120324.83 | N10: 131435.29 | O10: 141053.97 | P10: 145126.17 | Q10: 156779.28 | R10: 162729.58 | S10: 171556.62 | T10: 183816.94 | U10: 195425.03 | V10: 214045.02 | W10: 239037.82 | X10: 247819.58 | Y10: 252218.81 | Z10: 259272.77 | AA10: 243704.29 | AB10: 243463.01 | AC10: 243807.03 | AD10: 254191.08 | AE10: 275199.88 | AF10: 256165.93 | AG10: 225746.56 | AH10: 238363.89 | AI10: 236592.34 | AJ10: 225672.72
B11: b. 석유정제 | C11: 4183.18 | D11: 4965.94 | E11: 6081.84 | F11: 6775.56 | G11: 7027.56 | H11: 9271.65 | I11: 10501.9 | J11: 13134.09 | K11: 13371.07 | L11: 13845.9 | M11: 13676.07 | N11: 13801.89 | O11: 13785.72 | P11: 13347.33 | Q11: 13331.83 | R11: 13856.89 | S11: 13965.52 | T11: 14204.72 | U11: 15575.43 | V11: 15149.36 | W11: 13979.79 | X11: 15317.36 | Y11: 15160.25 | Z11: 14751.99 | AA11: 18494.49 | AB11: 17143.28 | AC11: 18386.2 | AD11: 17248.76 | AE11: 20264.91 | AF11: 20628 | AG11: 19145.19 | AH11: 18872.3 | AI11: 18403.72 | AJ11: 19583.96
B12: c. 고체연료 제조 및 기타 에너지 산업 | C12: 634.97 | D12: 1191.81 | E12: 1662.45 | F12: 2337.78 | G12: 2550.27 | H12: 3102.56 | I12: 2908.28 | J12: 2837.92 | K12: 2052.18 | L12: 1977.55 | M12: 1818.79 | N12: 1360.84 | O12: 463.58 | P12: 783.62 | Q12: 1743.9 | R12: 1116.89 | S12: 940.73 | T12: 765.06 | U12: 668.08 | V12: 595.03 | W12: 675.14 | X12: 879.91 | Y12: 1112.38 | Z12: 1090.01 | AA12: 755.76 | AB12: 667.62 | AC12: 662.96 | AD12: 1182.98 | AE12: 823.88 | AF12: 869.9 | AG12: 669.97 | AH12: 972.66 | AI12: 1321.52 | AJ12: 1586.44
B13: 2. 제조업 및 건설업 | C13: 71945.14 | D13: 85016.98 | E13: 88560.19 | F13: 102635.2 | G13: 102557.48 | H13: 104272.86 | I13: 111351.2 | J13: 110941.73 | K13: 100766.19 | L13: 108518.88 | M13: 115153.37 | N13: 115287.74 | O13: 118833.65 | P13: 123985.46 | Q13: 124769.09 | R13: 116009.43 | S13: 118351.23 | T13: 124007.66 | U13: 127787.62 | V13: 118716.8 | W13: 141562.32 | X13: 165680.72 | Y13: 156684.23 | Z13: 144092.07 | AA13: 153663.53 | AB13: 149235.63 | AC13: 152569.93 | AD13: 156708.04 | AE13: 156493.36 | AF13: 152473 | AG13: 148442.73 | AH13: 156299.4 | AI13: 143788.84 | AJ13: 146548.55
B14: a. 철강 | C14: 27806.85 | D14: 35147.82 | E14: 37175.68 | F14: 41653.99 | G14: 41310.1 | H14: 42942.78 | I14: 43477.67 | J14: 41549.44 | K14: 42478.94 | L14: 44929.72 | M14: 46609.47 | N14: 46822.91 | O14: 49156.15 | P14: 50181.79 | Q14: 52771.3 | R14: 47009.65 | S14: 49513.19 | T14: 55225.54 | U14: 58678.54 | V14: 50894.38 | W14: 68509.13 | X14: 86528.63 | Y14: 84749.61 | Z14: 72142.23 | AA14: 84299.46 | AB14: 79211.26 | AC14: 78009.13 | AD14: 81594.79 | AE14: 83531.58 | AF14: 82554.78 | AG14: 79505.67 | AH14: 82885.96 | AI14: 73696.36 | AJ14: 74895.79
B15: b. 비철금속 | C15: 547.94 | D15: 544.09 | E15: 403 | F15: 415.85 | G15: 942.72 | H15: 1017.66 | I15: 963.3 | J15: 788 | K15: 781.56 | L15: 868.88 | M15: 1168.62 | N15: 1101.88 | O15: 1136.79 | P15: 1352.23 | Q15: 1336.61 | R15: 1241.03 | S15: 1269.07 | T15: 1789.65 | U15: 2006.67 | V15: 2652.83 | W15: 2206.76 | X15: 2548.29 | Y15: 2255.68 | Z15: 2398.99 | AA15: 2398.08 | AB15: 2691.25 | AC15: 2656.55 | AD15: 2635.11 | AE15: 2913.65 | AF15: 2859.26 | AG15: 3189.54 | AH15: 3748.43 | AI15: 3474.27 | AJ15: 3759.57
... B46: c.탈기 및 소각 | C46: 0.01 | D46: 0.01 | E46: 0.01 | F46: 0.02 | G46: 0.02 | H46: 0.03 | I46: 0.03 | J46: 0.04 | K46: 0.04 | L46: 0.05 | M46: 0.06 | N46: 0.06 | O46: 0.07 | P46: 0.07 | Q46: 9.04 | R46: 24.59 | S46: 21.71 | T46: 16.52 | U46: 11.17 | V46: 23.45 | W46: 25.6 | X46: 21.25 | Y46: 20.4 | Z46: 21.73 | AA46: 15.1 | AB46: 8.88 | AC46: 7.37 | AD46: 16.03 | AE46: 14.36 | AF46: 12.17 | AG46: 8.68 | AH46: 2.74 | AI46: 0.29 | AJ46: 0.17
B47: C.이산화탄소 수송 및 저장 | C47: NO | D47: NO | E47: NO | F47: NO | G47: NO | H47: NO | I47: NO | J47: NO | K47: NO | L47: NO | M47: NO | N47: NO | O47: NO | P47: NO | Q47: NO | R47: NO | S47: NO | T47: NO | U47: NO | V47: NO | W47: NO | X47: NO | Y47: NO | Z47: NO | AA47: NO | AB47: NO | AC47: NO | AD47: NO | AE47: NO | AF47: NO | AG47: NO | AH47: NO | AI47: NO | AJ47: NO
B48: 2. 산업공정 및 제품 사용 | C48: 36130.02 | D48: 42288.2 | E48: 48620.49 | F48: 55172.47 | G48: 58302.98 | H48: 61617.98 | I48: 63896.24 | J48: 67326.7 | K48: 61670.02 | L48: 63290.81 | M48: 65200.18 | N48: 71429.31 | O48: 72707.91 | P48: 74684.3 | Q48: 74591.15 | R48: 77202.09 | S48: 78516.86 | T48: 73918.3 | U48: 76372.5 | V48: 70937.31 | W48: 73753.18 | X48: 73150.09 | Y48: 73885.35 | Z48: 84997.96 | AA48: 85802.66 | AB48: 89315.88 | AC48: 88278.77 | AD48: 90068.82 | AE48: 88199.75 | AF48: 86773.12 | AG48: 80251.63 | AH48: 84488.14 | AI48: 82317.95 | AJ48: 80326.09
B49: A. 광물산업 | C49: 16386.71 | D49: 19523.83 | E49: 21749.27 | F49: 25352.7 | G49: 27687.12 | H49: 29093.2 | I49: 29305.51 | J49: 30433.51 | K49: 23929.33 | L49: 24996.35 | M49: 26101.3 | N49: 27071.25 | O49: 28485.06 | P49: 29471.32 | Q49: 27768.27 | R49: 25097.93 | S49: 24905.72 | T49: 28165.27 | U49: 28819.51 | V49: 28089.12 | W49: 28334.52 | X49: 29172.79 | Y49: 29364.92 | Z49: 29451.7 | AA49: 29893.4 | AB49: 30550.15 | AC49: 32196.9 | AD49: 31963.44 | AE49: 30453.92 | AF49: 30539.66 | AG49: 27967.39 | AH49: 29005.86 | AI49: 28421.13 | AJ49: 28027.05
B50: 1. 시멘트생산 | C50: 15870.87 | D50: 18960.06 | E50: 21126.45 | F50: 24697.88 | G50: 26837.24 | H50: 28101.72 | I50: 28305.66 | J50: 29317.11 | K50: 22876.59 | L50: 23716.89 | M50: 24753.54 | N50: 25662.76 | O50: 27104.25 | P50: 27917.99 | Q50: 26121.25 | R50: 23323.54 | S50: 23137.27 | T50: 26272.63 | U50: 26077.02 | V50: 24550.65 | W50: 24294.28 | X50: 24717.81 | Y50: 24845.98 | Z50: 25047.57 | AA50: 25409.1 | AB50: 25776.03 | AC50: 26669.1 | AD50: 26347.96 | AE50: 24699.53 | AF50: 24927.31 | AG50: 22700.5 | AH50: 23516.13 | AI50: 23227.36 | AJ50: 22737.36
B51: 2. 석회생산 | C51: 256.81 | D51: 297.3 | E51: 321.7 | F51: 356.06 | G51: 509.39 | H51: 637.75 | I51: 635.09 | J51: 750.25 | K51: 762.23 | L51: 815.95 | M51: 803.6 | N51: 787.75 | O51: 758.82 | P51: 893.5 | Q51: 932.56 | R51: 1033.49 | S51: 1028.29 | T51: 1019.56 | U51: 1856.6 | V51: 2607.18 | W51: 2970.56 | X51: 3314.36 | Y51: 3365.5 | Z51: 3242.23 | AA51: 3287.57 | AB51: 3415.22 | AC51: 4109 | AD51: 4153.96 | AE51: 4303.18 | AF51: 4335.6 | AG51: 3978.67 | AH51: 4215.7 | AI51: 3961.71 | AJ51: 4110.23
B52: 3. 유리생산 | C52: 57.38 | D52: 76.7 | E52: 86.16 | F52: 94.52 | G52: 99.29 | H52: 100.64 | I52: 111.64 | J52: 123.14 | K52: 89.05 | L52: 91.46 | M52: 109.67 | N52: 121.58 | O52: 113.6 | P52: 128.02 | Q52: 131.28 | R52: 129.47 | S52: 138.97 | T52: 136.47 | U52: 143.62 | V52: 115.58 | W52: 223.63 | X52: 240.88 | Y52: 197.29 | Z52: 211.04 | AA52: 212.71 | AB52: 226.74 | AC52: 254.02 | AD52: 248.76 | AE52: 302.59 | AF52: 272.43 | AG52: 253.47 | AH52: 255.49 | AI52: 260.47 | AJ52: 260.71
B53: 4. 탄산염의 기타 공정 사용 | C53: 201.64 | D53: 189.77 | E53: 214.96 | F53: 204.25 | G53: 241.2 | H53: 253.08 | I53: 253.12 | J53: 243 | K53: 201.46 | L53: 372.06 | M53: 434.49 | N53: 499.16 | O53: 508.39 | P53: 531.81 | Q53: 583.18 | R53: 611.43 | S53: 601.18 | T53: 736.6 | U53: 742.27 | V53: 815.71 | W53: 846.06 | X53: 899.74 | Y53: 956.16 | Z53: 950.86 | AA53: 984.02 | AB53: 1132.15 | AC53: 1164.78 | AD53: 1212.76 | AE53: 1148.62 | AF53: 1004.33 | AG53: 1034.75 | AH53: 1018.54 | AI53: 971.58 | AJ53: 918.75
B54: B. 화학산업 | C54: 6322.1 | D54: 8135.36 | E54: 11614.17 | F54: 12715.13 | G54: 13872.33 | H54: 14553.22 | I54: 15310.34 | J54: 18209.84 | K54: 19927.24 | L54: 20503.19 | M54: 20107.77 | N54: 24865.26 | O54: 25155.44 | P54: 25788.47 | Q54: 26811.56 | R54: 28466.45 | S54: 29764.34 | T54: 25106.65 | U54: 24551.64 | V54: 23248.97 | W54: 23628.28 | X54: 24662.46 | Y54: 26076.25 | Z54: 25496.47 | AA54: 26350.89 | AB54: 27107.23 | AC54: 29410.36 | AD54: 30575.32 | AE54: 30733.28 | AF54: 30004.58 | AG54: 28551.98 | AH54: 32629.47 | AI54: 30449.21 | AJ54: 28079.15
B55: 1. 암모니아 생산 | C55: IE | D55: IE | E55: IE | F55: IE | G55: IE | H55: IE | I55: IE | J55: IE | K55: IE | L55: IE | M55: IE | N55: IE | O55: IE | P55: IE | Q55: IE | R55: IE | S55: IE | T55: IE | U55: IE | V55: IE | W55: IE | X55: IE | Y55: IE | Z55: IE | AA55: IE | AB55: IE | AC55: IE | AD55: IE | AE55: IE | AF55: IE | AG55: IE | AH55: IE | AI55: IE | AJ55: IE
B56: 2. 질산 생산
B57: 3. 아디프산 생산 | C57: NO | D57: NO | E57: NO | F57: NO | G57: NO | H57: NO | I57: NO | J57: NO | K57: NO | L57: NO | M57: NO | N57: NO | O57: NO | P57: NO | Q57: NO | R57: NO | S57: NO | T57: NO | U57: NO | V57: NO | W57: NO | X57: NO | Y57: NO | Z57: NO | AA57: NO | AB57: NO | AC57: NO | AD57: NO | AE57: NO | AF57: NO | AG57: NO | AH57: NO | AI57: NO | AJ57: NO
B58: 4. 카프로락탐, 글리옥살, 글리옥실산 생산 | C58: NO | D58: NO | E58: NO | F58: NO | G58: NO | H58: NO | I58: NO | J58: NO | K58: NO | L58: NO | M58: NO | N58: NO | O58: NO | P58: NO | Q58: NO | R58: NO | S58: NO | T58: NO | U58: NO | V58: NO | W58: NO | X58: NO | Y58: NO | Z58: NO | AA58: NO | AB58: NO | AC58: NO | AD58: NO | AE58: NO | AF58: NO | AG58: NO | AH58: NO | AI58: NO | AJ58: NO
B59: 5. 카바이드 생산 | C59: NO, IE | D59: NO, IE | E59: NO, IE | F59: NO, IE | G59: NO, IE | H59: NO, IE | I59: NO, IE | J59: NO, IE | K59: NO, IE | L59: NO, IE | M59: NO, IE | N59: NO, IE | O59: NO, IE | P59: NO, IE | Q59: NO, IE | R59: NO, IE | S59: NO, IE | T59: NO, IE | U59: NO, IE | V59: NO, IE | W59: NO, IE | X59: NO, IE | Y59: NO, IE | Z59: NO, IE | AA59: NO, IE | AB59: NO, IE | AC59: NO, IE | AD59: NO, IE | AE59: NO, IE | AF59: NO, IE | AG59: NO, IE | AH59: NO, IE | AI59: NO, IE | AJ59: NO, IE
B60: 6. 이산화티타늄 생산 | C60: NO | D60: NO | E60: NO | F60: NO | G60: NO | H60: NO | I60: NO | J60: NO | K60: NO | L60: NO | M60: NO | N60: NO | O60: NO | P60: NO | Q60: NO | R60: NO | S60: NO | T60: NO | U60: NO | V60: NO | W60: NO | X60: NO | Y60: NO | Z60: NO | AA60: NO | AB60: NO | AC60: NO | AD60: NO | AE60: NO | AF60: NO | AG60: NO | AH60: NO | AI60: NO | AJ60: NO
B61: 7. 소다회 생산 | C61: NO | D61: NO | E61: NO | F61: NO | G61: NO | H61: NO | I61: NO | J61: NO | K61: NO | L61: NO | M61: NO | N61: NO | O61: NO | P61: NO | Q61: NO | R61: NO | S61: NO | T61: NO | U61: NO | V61: NO | W61: NO | X61: NO | Y61: NO | Z61: NO | AA61: NO | AB61: NO | AC61: NO | AD61: NO | AE61: NO | AF61: NO | AG61: NO | AH61: NO | AI61: NO | AJ61: NO
B62: 8. 석유화학제품 및 카본블랙 생산 | C62: 5264.22 | D62: 7087.48 | E62: 10475.8 | F62: 11723.92 | G62: 12399.11 | H62: 12973.58 | I62: 13782.37 | J62: 16907.08 | K62: 18654.37 | L62: 19273.13 | M62: 19133.86 | N62: 23848.34 | O62: 24690.66 | P62: 25462.64 | Q62: 26397.92 | R62: 28067.04 | S62: 29548.62 | T62: 24887.22 | U62: 24328.04 | V62: 23038.56 | W62: 23423.32 | X62: 24588 | Y62: 26074.44 | Z62: 25494.7 | AA62: 26349.17 | AB62: 27105.65 | AC62: 29408.8 | AD62: 30573.76 | AE62: 30731.95 | AF62: 30003.38 | AG62: 28550.8 | AH62: 32628.39 | AI62: 30448.21 | AJ62: 28078.1
B63: 9. 불소화합물 생산
B64: 10. 기타 | C64: 1057.88 | D64: 1047.87 | E64: 1138.37 | F64: 991.2 | G64: 1473.22 | H64: 1579.63 | I64: 1527.97 | J64: 1302.76 | K64: 1272.87 | L64: 1230.06 | M64: 973.9 | N64: 1016.91 | O64: 464.79 | P64: 325.83 | Q64: 413.64 | R64: 399.41 | S64: 215.71 | T64: 219.43 | U64: 223.6 | V64: 210.41 | W64: 204.96 | X64: 74.46 | Y64: 1.81 | Z64: 1.77 | AA64: 1.72 | AB64: 1.58 | AC64: 1.56 | AD64: 1.57 | AE64: 1.33 | AF64: 1.2 | AG64: 1.18 | AH64: 1.08 | AI64: 1 | AJ64: 1.04
B65: C. 금속산업 | C65: 13064.48 | D65: 14268.54 | E65: 14868.81 | F65: 16695.57 | G65: 16296.95 | H65: 17488.62 | I65: 18750.33 | J65: 18153.48 | K65: 17404.74 | L65: 17305.59 | M65: 18480.56 | N65: 19007.17 | O65: 18581.26 | P65: 18901.32 | Q65: 19475.27 | R65: 23102.63 | S65: 23326.35 | T65: 20123.89 | U65: 22483.72 | V65: 19129.21 | W65: 21244.85 | X65: 18770.26 | Y65: 17887.6 | Z65: 29476.43 | AA65: 28975.35 | AB65: 31051.94 | AC65: 26065.97 | AD65: 26909.46 | AE65: 26413.51 | AF65: 25659.33 | AG65: 23183.51 | AH65: 22279.43 | AI65: 22834.16 | AJ65: 23580.31
B66: 1. 철강생산 | C66: 13041.22 | D66: 14268.54 | E66: 14868.81 | F66: 16695.57 | G66: 16296.95 | H66: 17488.62 | I66: 18750.33 | J66: 18153.48 | K66: 17404.74 | L66: 17305.59 | M66: 18480.56 | N66: 19007.17 | O66: 18581.26 | P66: 18901.32 | Q66: 19475.27 | R66: 23102.63 | S66: 23326.35 | T66: 20055.63 | U66: 22416.74 | V66: 19052.74 | W66: 21157.46 | X66: 18691.13 | Y66: 17796.32 | Z66: 29375.25 | AA66: 28878.76 | AB66: 30973.22 | AC66: 25980.62 | AD66: 26824.42 | AE66: 26328.23 | AF66: 25582.15 | AG66: 23101.6 | AH66: 22202.4 | AI66: 22773.51 | AJ66: 23518.84
B67: 2. 합금철 생산 | C67: IE | D67: IE | E67: IE | F67: IE | G67: IE | H67: IE | I67: IE | J67: IE | K67: IE | L67: IE | M67: IE | N67: IE | O67: IE | P67: IE | Q67: IE | R67: IE | S67: IE | T67: 11.21 | U67: 6.4 | V67: 12.82 | W67: 15.68 | X67: 18.48 | Y67: 18.88 | Z67: 16.16 | AA67: 8.73 | AB67: 7.74 | AC67: 2.8 | AD67: 1.58 | AE67: 0.91 | AF67: 0.8 | AG67: 0.77 | AH67: 1.92 | AI67: 1.91 | AJ67: 0.48
B68: 3. 알루미늄 생산 | C68: 23.26 | D68: NO | E68: NO | F68: NO | G68: NO | H68: NO | I68: NO | J68: NO | K68: NO | L68: NO | M68: NO | N68: NO | O68: NO | P68: NO | Q68: NO | R68: NO | S68: NO | T68: NO | U68: NO | V68: NO | W68: NO | X68: NO | Y68: NO | Z68: NO | AA68: NO | AB68: NO | AC68: NO | AD68: NO | AE68: NO | AF68: NO | AG68: NO | AH68: NO | AI68: NO | AJ68: NO
B69: 4. 마그네슘 생산 | C69: NO | D69: NO | E69: NO | F69: NO | G69: NO | H69: NO | I69: NO | J69: NO | K69: NO | L69: NO | M69: NO | N69: NO | O69: NO | P69: NO | Q69: NO | R69: NO | S69: NO | T69: NO | U69: NO | V69: NO | W69: NO | X69: NO | Y69: NO | Z69: 7.19 | AA69: 8.44 | AB69: NO | AC69: NO | AD69: NO | AE69: NO | AF69: NO | AG69: NO | AH69: NO | AI69: NO | AJ69: NO
B70: 5. 납 생산 | C70: IE | D70: IE | E70: IE | F70: IE | G70: IE | H70: IE | I70: IE | J70: IE | K70: IE | L70: IE | M70: IE | N70: IE | O70: IE | P70: IE | Q70: IE | R70: IE | S70: IE | T70: IE | U70: IE | V70: IE | W70: IE | X70: IE | Y70: IE | Z70: IE | AA70: IE | AB70: IE | AC70: IE | AD70: IE | AE70: IE | AF70: IE | AG70: IE | AH70: IE | AI70: IE | AJ70: IE
B71: 6. 아연 생산 | C71: IE | D71: IE | E71: IE | F71: IE | G71: IE | H71: IE | I71: IE | J71: IE | K71: IE | L71: IE | M71: IE | N71: IE | O71: IE | P71: IE | Q71: IE | R71: IE | S71: IE | T71: IE | U71: IE | V71: IE | W71: IE | X71: IE | Y71: IE | Z71: IE | AA71: IE | AB71: IE | AC71: IE | AD71: IE | AE71: IE | AF71: IE | AG71: IE | AH71: IE | AI71: IE | AJ71: IE
B72: 7. 기타 | C72: NO, NE | D72: NO, NE | E72: NO, NE | F72: NO, NE | G72: NO, NE | H72: NO, NE | I72: NO, NE | J72: NO, NE | K72: NO, NE | L72: NO, NE | M72: NO, NE | N72: NO, NE | O72: NO, NE | P72: NO, NE | Q72: NO, NE | R72: NO, NE | S72: NO, NE | T72: 57.05 | U72: 60.59 | V72: 63.66 | W72: 71.71 | X72: 60.64 | Y72: 72.4 | Z72: 77.84 | AA72: 79.41 | AB72: 70.98 | AC72: 82.55 | AD72: 83.47 | AE72: 84.37 | AF72: 76.38 | AG72: 81.14 | AH72: 75.11 | AI72: 58.74 | AJ72: 60.99
B73: D. 비에너지 제품 및 용매 사용 | C73: 356.72 | D73: 360.47 | E73: 388.23 | F73: 409.07 | G73: 446.59 | H73: 482.95 | I73: 530.05 | J73: 529.87 | K73: 408.71 | L73: 485.68 | M73: 510.55 | N73: 485.64 | O73: 486.15 | P73: 523.2 | Q73: 536.06 | R73: 535.07 | S73: 520.46 | T73: 522.49 | U73: 517.63 | V73: 470.01 | W73: 545.53 | X73: 544.59 | Y73: 556.58 | Z73: 573.36 | AA73: 583.02 | AB73: 606.57 | AC73: 605.54 | AD73: 620.59 | AE73: 599.05 | AF73: 569.54 | AG73: 548.75 | AH73: 573.38 | AI73: 613.45 | AJ73: 639.58
B74: 1. 윤활유 사용 | C74: 356.72 | D74: 360.47 | E74: 388.23 | F74: 409.07 | G74: 446.59 | H74: 482.95 | I74: 530.05 | J74: 522.39 | K74: 403.3 | L74: 479.55 | M74: 504.97 | N74: 479.35 | O74: 479.37 | P74: 515.49 | Q74: 526.2 | R74: 526.8 | S74: 511.38 | T74: 510.8 | U74: 507.84 | V74: 460.88 | W74: 534.96 | X74: 535.53 | Y74: 547.59 | Z74: 563.62 | AA74: 573.14 | AB74: 597.27 | AC74: 594.97 | AD74: 609.74 | AE74: 589.59 | AF74: 556.9 | AG74: 536.73 | AH74: 558.32 | AI74: 598.78 | AJ74: 624.61
B75: 2. 파라핀 왁스 사용 | C75: NO | D75: NO | E75: NO | F75: NO | G75: NO | H75: NO | I75: NO | J75: 7.47 | K75: 5.41 | L75: 6.13 | M75: 5.58 | N75: 6.29 | O75: 6.78 | P75: 7.71 | Q75: 9.86 | R75: 8.27 | S75: 9.08 | T75: 11.69 | U75: 9.79 | V75: 9.12 | W75: 10.57 | X75: 9.06 | Y75: 8.99 | Z75: 9.74 | AA75: 9.88 | AB75: 9.29 | AC75: 10.57 | AD75: 10.85 | AE75: 9.46 | AF75: 12.65 | AG75: 12.02 | AH75: 15.06 | AI75: 14.67 | AJ75: 14.98
B76: 3. 기타 | C76: NA | D76: NA | E76: NA | F76: NA | G76: NA | H76: NA | I76: NA | J76: NA | K76: NA | L76: NA | M76: NA | N76: NA | O76: NA | P76: NA | Q76: NA | R76: NA | S76: NA | T76: NA | U76: NA | V76: NA | W76: NA | X76: NA | Y76: NA | Z76: NA | AA76: NA | AB76: NA | AC76: NA | AD76: NA | AE76: NA | AF76: NA | AG76: NA | AH76: NA | AI76: NA | AJ76: NA
B77: E. 전자산업
B78: F. 오존층파괴물질의 대체물질 사용
B79: 1. 냉장 및 냉방
B80: 2. 발포제
B81: 3. 소화기
B82: 4. 에어로졸
B83: 5. 용매
B84: 6. 기타 오존층파괴물질의 대체물질 사용
B85: G. 기타 제품제조 및 소비
B86: 1. 중전기기
B87: 2. 기타 제품사용의 육불화황 및 과불화탄소
B88: 3. 제품사용의 아산화질소
B89: H. 기타 | C89: NO | D89: NO | E89: NO | F89: NO | G89: NO | H89: NO | I89: NO | J89: NO | K89: NO | L89: NO | M89: NO | N89: NO | O89: NO | P89: NO | Q89: NO | R89: NO | S89: NO | T89: NO | U89: NO | V89: NO | W89: NO | X89: NO | Y89: NO | Z89: NO | AA89: NO | AB89: NO | AC89: NO | AD89: NO | AE89: NO | AF89: NO | AG89: NO | AH89: NO | AI89: NO | AJ89: NO
B90: 1. 펄프 및 종이 | C90: NO | D90: NO | E90: NO | F90: NO | G90: NO | H90: NO | I90: NO | J90: NO | K90: NO | L90: NO | M90: NO | N90: NO | O90: NO | P90: NO | Q90: NO | R90: NO | S90: NO | T90: NO | U90: NO | V90: NO | W90: NO | X90: NO | Y90: NO | Z90: NO | AA90: NO | AB90: NO | AC90: NO | AD90: NO | AE90: NO | AF90: NO | AG90: NO | AH90: NO | AI90: NO | AJ90: NO
B91: 2. 식품 및 음료 | C91: NO | D91: NO | E91: NO | F91: NO | G91: NO | H91: NO | I91: NO | J91: NO | K91: NO | L91: NO | M91: NO | N91: NO | O91: NO | P91: NO | Q91: NO | R91: NO | S91: NO | T91: NO | U91: NO | V91: NO | W91: NO | X91: NO | Y91: NO | Z91: NO | AA91: NO | AB91: NO | AC91: NO | AD91: NO | AE91: NO | AF91: NO | AG91: NO | AH91: NO | AI91: NO | AJ91: NO
B92: 3. 기타 | C92: NO | D92: NO | E92: NO | F92: NO | G92: NO | H92: NO | I92: NO | J92: NO | K92: NO | L92: NO | M92: NO | N92: NO | O92: NO | P92: NO | Q92: NO | R92: NO | S92: NO | T92: NO | U92: NO | V92: NO | W92: NO | X92: NO | Y92: NO | Z92: NO | AA92: NO | AB92: NO | AC92: NO | AD92: NO | AE92: NO | AF92: NO | AG92: NO | AH92: NO | AI92: NO | AJ92: NO
B93: 3. 농업 | C93: 435.03 | D93: 294.58 | E93: 341.92 | F93: 348.69 | G93: 330.39 | H93: 320.92 | I93: 318.13 | J93: 307.58 | K93: 323.02 | L93: 312.5 | M93: 288.28 | N93: 240.73 | O93: 230.4 | P93: 223.42 | Q93: 245.19 | R93: 165.58 | S93: 130.44 | T93: 193.67 | U93: 157.2 | V93: 134.06 | W93: 124.26 | X93: 139.73 | Y93: 140.28 | Z93: 132.92 | AA93: 130.92 | AB93: 122.13 | AC93: 121.58 | AD93: 114.34 | AE93: 120.16 | AF93: 112.84 | AG93: 107.8 | AH93: 112.76 | AI93: 94.32 | AJ93: 95.03
B94: A. 장내발효
B95: 1. 소
B96: 2. 양(면양)
B97: 3. 돼지
B98: 4. 기타 가축
B99: B. 가축분뇨처리
B100: 1. 소
B101: 2. 양(면양)
B102: 3. 돼지
B103: 4. 기타 가축
B104: 5. 간접 아산화질소 배출량
B105: C. 벼재배
... B117: 5. 기타
B118: G. 석회 시용 | C118: 2.54 | D118: 2.39 | E118: 2.15 | F118: 2.83 | G118: 2.98 | H118: 2.67 | I118: 2.68 | J118: 3.17 | K118: 3.63 | L118: 3.49 | M118: 3.42 | N118: 4.05 | O118: 4.93 | P118: 4.49 | Q118: 4.02 | R118: 4.38 | S118: 3.99 | T118: 3.45 | U118: 3.06 | V118: 3.45 | W118: 2.67 | X118: 4.27 | Y118: 3.87 | Z118: 3.43 | AA118: 3.8 | AB118: 3.49 | AC118: 3.51 | AD118: 3.55 | AE118: 3.12 | AF118: 2.21 | AG118: 2.79 | AH118: 2.47 | AI118: 2.48 | AJ118: 2.7
B119: H. 요소 시용 | C119: 432.49 | D119: 292.2 | E119: 339.77 | F119: 345.86 | G119: 327.41 | H119: 318.25 | I119: 315.45 | J119: 304.41 | K119: 319.39 | L119: 309.02 | M119: 284.85 | N119: 236.68 | O119: 225.47 | P119: 218.93 | Q119: 241.17 | R119: 161.19 | S119: 126.45 | T119: 190.22 | U119: 154.14 | V119: 130.61 | W119: 121.6 | X119: 135.46 | Y119: 136.41 | Z119: 129.49 | AA119: 127.12 | AB119: 118.64 | AC119: 118.06 | AD119: 110.79 | AE119: 117.04 | AF119: 110.62 | AG119: 105.01 | AH119: 110.29 | AI119: 91.84 | AJ119: 92.33
B120: 4. LULUCF | C120: -39384.65 | D120: -35400.58 | E120: -34561.65 | F120: -32975.7 | G120: -35335.73 | H120: -33580.3 | I120: -37020.35 | J120: -42021.44 | K120: -50408.61 | L120: -58601.03 | M120: -60858.75 | N120: -61094.78 | O120: -58774.61 | P120: -58458.92 | Q120: -59811.59 | R120: -57844.84 | S120: -59042.63 | T120: -59754.6 | U120: -60699.02 | V120: -60472.4 | W120: -57749.44 | X120: -56942.69 | Y120: -50939.73 | Z120: -46642.25 | AA120: -47531.1 | AB120: -48200.29 | AC120: -48627.37 | AD120: -43257.03 | AE120: -41964.15 | AF120: -39090.87 | AG120: -39282.13 | AH120: -39291.98 | AI120: -38474.05 | AJ120: -39855.39
B121: A. 산림지 | C121: -38226.33 | D121: -34163.25 | E121: -33540.81 | F121: -31968.59 | G121: -34375.7 | H121: -33102.61 | I121: -36825.76 | J121: -41925.03 | K121: -50590.83 | L121: -58347.23 | M121: -60590.33 | N121: -60918.49 | O121: -58657.08 | P121: -58358.19 | Q121: -59594.87 | R121: -57612.52 | S121: -59187.42 | T121: -60257.75 | U121: -61485.52 | V121: -61241.79 | W121: -58836.95 | X121: -57732.37 | Y121: -51553.42 | Z121: -47014.1 | AA121: -47856.79 | AB121: -48486.43 | AC121: -48728.61 | AD121: -43702.34 | AE121: -42633.12 | AF121: -39974.75 | AG121: -40244.16 | AH121: -40385.36 | AI121: -39539.93 | AJ121: -41066.43
B122: 1. 산림지로 유지된 산림지 | C122: -38226.51 | D122: -34164.24 | E122: -33542.19 | F122: -31971.37 | G122: -34377.77 | H122: -33104.37 | I122: -37033.68 | J122: -41948.4 | K122: -50616.11 | L122: -58350.9 | M122: -61380.17 | N122: -60937.94 | O122: -58844.14 | P122: -58359.6 | Q122: -59625.35 | R122: -57678.27 | S122: -59191.93 | T122: -60261.49 | U122: -61488.16 | V122: -61294.65 | W122: -58843.38 | X122: -57762.62 | Y122: -51554.84 | Z122: -47052.53 | AA122: -47860.8 | AB122: -48504.6 | AC122: -48732.42 | AD122: -43830.85 | AE122: -42690.78 | AF122: -40261.67 | AG122: -40521.96 | AH122: -40388.58 | AI122: -41207.25 | AJ122: -41331.04
B123: 2. 타토지에서 전용된 산림지 | C123: NO, NE, IE | D123: NO, NE, IE | E123: NO, NE, IE | F123: NO, NE, IE | G123: NO, NE, IE | H123: NO, NE, IE | I123: NO, NE, IE | J123: NO, NE, IE | K123: NO, NE, IE | L123: NO, NE, IE | M123: NO, NE, IE | N123: NO, NE, IE | O123: NO, NE, IE | P123: NO, NE, IE | Q123: NO, NE, IE | R123: NO, NE, IE | S123: NO, NE, IE | T123: NO, NE, IE | U123: NO, NE, IE | V123: NO, NE, IE | W123: NO, NE, IE | X123: NO, NE, IE | Y123: NO, NE, IE | Z123: NO, NE, IE | AA123: NO, NE, IE | AB123: NO, NE, IE | AC123: NO, NE, IE | AD123: NO, NE, IE | AE123: NO, NE, IE | AF123: NO, NE, IE | AG123: NO, NE, IE | AH123: NO, NE, IE | AI123: NO, NE, IE | AJ123: NO, NE, IE
B124: 3. 산불(산림지에서 바이오매스 연소에 의한 배출) | C124: 0.18 | D124: 0.99 | E124: 1.38 | F124: 2.78 | G124: 2.06 | H124: 1.76 | I124: 207.92 | J124: 23.37 | K124: 25.28 | L124: 3.66 | M124: 789.84 | N124: 19.45 | O124: 187.06 | P124: 1.41 | Q124: 30.48 | R124: 65.75 | S124: 4.51 | T124: 3.74 | U124: 2.64 | V124: 52.86 | W124: 6.43 | X124: 30.25 | Y124: 1.42 | Z124: 38.44 | AA124: 4.01 | AB124: 18.16 | AC124: 3.82 | AD124: 128.51 | AE124: 57.66 | AF124: 286.93 | AG124: 277.81 | AH124: 3.22 | AI124: 1667.33 | AJ124: 264.61
B125: B. 농경지 | C125: -29.89 | D125: 123.45 | E125: 338.94 | F125: 514.24 | G125: 779.06 | H125: 1278.96 | I125: 1700.2 | J125: 1841.71 | K125: 1870.26 | L125: 1852.34 | M125: 1843.02 | N125: 1910.85 | O125: 1943.15 | P125: 2037.88 | Q125: 2095.27 | R125: 2165.2 | S125: 2379.32 | T125: 2569.51 | U125: 2754.62 | V125: 2900.12 | W125: 2971.71 | X125: 3031.48 | Y125: 2703.68 | Z125: 2712.58 | AA125: 2768.42 | AB125: 2486.78 | AC125: 2370.96 | AD125: 2448.61 | AE125: 2570.48 | AF125: 2635.54 | AG125: 2684.21 | AH125: 2873.77 | AI125: 2859.49 | AJ125: 2863.43
B126: 1. 농경지로 유지된 농경지 | C126: NO, NE | D126: NO, NE | E126: NO, NE | F126: NO, NE | G126: NO, NE | H126: NO, NE | I126: NO, NE | J126: NO, NE | K126: NO, NE | L126: NO, NE | M126: NO, NE | N126: NO, NE | O126: NO, NE | P126: NO, NE | Q126: NO, NE | R126: NO, NE | S126: NO, NE | T126: NO, NE | U126: NO, NE | V126: NO, NE | W126: NO, NE | X126: NO, NE | Y126: NO, NE | Z126: NO, NE | AA126: NO, NE | AB126: NO, NE | AC126: NO, NE | AD126: NO, NE | AE126: NO, NE | AF126: NO, NE | AG126: NO, NE | AH126: NO, NE | AI126: NO, NE | AJ126: NO, NE
B127: 2. 타토지에서 전용된 농경지 | C127: -29.89 | D127: 123.45 | E127: 338.94 | F127: 514.24 | G127: 779.06 | H127: 1278.96 | I127: 1700.2 | J127: 1841.71 | K127: 1870.26 | L127: 1852.34 | M127: 1843.02 | N127: 1910.85 | O127: 1943.15 | P127: 2037.88 | Q127: 2095.27 | R127: 2165.2 | S127: 2379.32 | T127: 2569.51 | U127: 2754.62 | V127: 2900.12 | W127: 2971.71 | X127: 3031.48 | Y127: 2703.68 | Z127: 2712.58 | AA127: 2768.42 | AB127: 2486.78 | AC127: 2370.96 | AD127: 2448.61 | AE127: 2570.48 | AF127: 2635.54 | AG127: 2684.21 | AH127: 2873.77 | AI127: 2859.49 | AJ127: 2863.43
B128: C. 초지 | C128: -670.41 | D128: -712.21 | E128: -686.06 | F128: -679.09 | G128: -678.03 | H128: -693.12 | I128: -711.17 | J128: -728.41 | K128: -734.29 | L128: -734.55 | M128: -741.89 | N128: -722.83 | O128: -688.75 | P128: -670.25 | Q128: -622.22 | R128: -531.52 | S128: -377.15 | T128: -298.26 | U128: -252.1 | V128: -231.14 | W128: -211.75 | X128: -161.48 | Y128: -174.72 | Z128: -167.52 | AA128: -150.55 | AB128: -120.8 | AC128: -88.89 | AD128: -55.86 | AE128: -36.36 | AF128: -23.93 | AG128: -16.02 | AH128: -6.9 | AI128: 1.24 | AJ128: 8.11
B129: 1. 초지로 유지된 초지 | C129: NO, NE | D129: NO, NE | E129: NO, NE | F129: NO, NE | G129: NO, NE | H129: NO, NE | I129: NO, NE | J129: NO, NE | K129: NO, NE | L129: NO, NE | M129: NO, NE | N129: NO, NE | O129: NO, NE | P129: NO, NE | Q129: NO, NE | R129: NO, NE | S129: NO, NE | T129: NO, NE | U129: NO, NE | V129: NO, NE | W129: NO, NE | X129: NO, NE | Y129: NO, NE | Z129: NO, NE | AA129: NO, NE | AB129: NO, NE | AC129: NO, NE | AD129: NO, NE | AE129: NO, NE | AF129: NO, NE | AG129: NO, NE | AH129: NO, NE | AI129: NO, NE | AJ129: NO, NE
B130: 2. 타토지에서 전용된 초지 | C130: -670.41 | D130: -712.21 | E130: -686.06 | F130: -679.09 | G130: -678.03 | H130: -693.12 | I130: -711.17 | J130: -728.41 | K130: -734.29 | L130: -734.55 | M130: -741.89 | N130: -722.83 | O130: -688.75 | P130: -670.25 | Q130: -622.22 | R130: -531.52 | S130: -377.15 | T130: -298.26 | U130: -252.1 | V130: -231.14 | W130: -211.75 | X130: -161.48 | Y130: -174.72 | Z130: -167.52 | AA130: -150.55 | AB130: -120.8 | AC130: -88.89 | AD130: -55.86 | AE130: -36.36 | AF130: -23.93 | AG130: -16.02 | AH130: -6.9 | AI130: 1.24 | AJ130: 8.11
B131: D. 습지 | C131: 65.24 | D131: 58.2 | E131: 63.62 | F131: 63.49 | G131: 63.59 | H131: 76.77 | I131: 71.18 | J131: 74.83 | K131: 75.1 | L131: 69.22 | M131: 71.01 | N131: 70.57 | O131: 72.1 | P131: 65.6 | Q131: 56.46 | R131: 29.44 | S131: 21.64 | T131: 25.08 | U131: 35.65 | V131: 35.87 | W131: 29.19 | X131: 30.06 | Y131: 24.79 | Z131: 30.61 | AA131: 32.26 | AB131: 41.46 | AC131: 44.33 | AD131: 27.67 | AE131: 15.19 | AF131: 10.24 | AG131: 8.75 | AH131: 4.69 | AI131: 0.13 | AJ131: -0.4
B132: 1. 습지로 유지된 습지 | C132: -21.06 | D132: -20.79 | E132: -19.16 | F132: -18.72 | G132: -19.25 | H132: -19.23 | I132: -20.22 | J132: -18.66 | K132: -19.46 | L132: -21.07 | M132: -20.83 | N132: -22.28 | O132: -21.68 | P132: -23.03 | Q132: -22.83 | R132: -24.48 | S132: -25.22 | T132: -24.7 | U132: -24.43 | V132: -25.13 | W132: -27.64 | X132: -27.97 | Y132: -27.42 | Z132: -21.31 | AA132: -21.83 | AB132: -20.74 | AC132: -20.85 | AD132: -23.06 | AE132: -20.42 | AF132: -21.47 | AG132: -21.82 | AH132: -22.24 | AI132: -23.72 | AJ132: -23.22
B133: 내륙습지 | C133: NO, NE | D133: NO, NE | E133: NO, NE | F133: NO, NE | G133: NO, NE | H133: NO, NE | I133: NO, NE | J133: NO, NE | K133: NO, NE | L133: NO, NE | M133: NO, NE | N133: NO, NE | O133: NO, NE | P133: NO, NE | Q133: NO, NE | R133: NO, NE | S133: NO, NE | T133: NO, NE | U133: NO, NE | V133: NO, NE | W133: NO, NE | X133: NO, NE | Y133: NO, NE | Z133: NO, NE | AA133: NO, NE | AB133: NO, NE | AC133: NO, NE | AD133: NO, NE | AE133: NO, NE | AF133: NO, NE | AG133: NO, NE | AH133: NO, NE | AI133: NO, NE | AJ133: NO, NE
B134: 연안습지 | C134: -21.06 | D134: -20.79 | E134: -19.16 | F134: -18.72 | G134: -19.25 | H134: -19.23 | I134: -20.22 | J134: -18.66 | K134: -19.46 | L134: -21.07 | M134: -20.83 | N134: -22.28 | O134: -21.68 | P134: -23.03 | Q134: -22.83 | R134: -24.48 | S134: -25.22 | T134: -24.7 | U134: -24.43 | V134: -25.13 | W134: -27.64 | X134: -27.97 | Y134: -27.42 | Z134: -21.31 | AA134: -21.83 | AB134: -20.74 | AC134: -20.85 | AD134: -23.06 | AE134: -20.42 | AF134: -21.47 | AG134: -21.82 | AH134: -22.24 | AI134: -23.72 | AJ134: -23.22
B135: 2. 타토지에서 전용된 습지 | C135: 86.3 | D135: 78.99 | E135: 82.79 | F135: 82.21 | G135: 82.84 | H135: 96 | I135: 91.4 | J135: 93.49 | K135: 94.56 | L135: 90.3 | M135: 91.84 | N135: 92.85 | O135: 93.78 | P135: 88.63 | Q135: 79.28 | R135: 53.92 | S135: 46.86 | T135: 49.79 | U135: 60.08 | V135: 61 | W135: 56.83 | X135: 58.03 | Y135: 52.22 | Z135: 51.91 | AA135: 54.09 | AB135: 62.2 | AC135: 65.17 | AD135: 50.73 | AE135: 35.6 | AF135: 31.71 | AG135: 30.57 | AH135: 26.94 | AI135: 23.85 | AJ135: 22.82
B136: 내륙습지 | C136: 86.3 | D136: 78.99 | E136: 82.79 | F136: 82.21 | G136: 82.84 | H136: 96 | I136: 91.4 | J136: 93.49 | K136: 94.56 | L136: 90.3 | M136: 91.84 | N136: 92.85 | O136: 93.78 | P136: 88.63 | Q136: 79.28 | R136: 53.92 | S136: 46.86 | T136: 49.79 | U136: 60.08 | V136: 61 | W136: 56.83 | X136: 58.03 | Y136: 52.22 | Z136: 51.91 | AA136: 54.09 | AB136: 62.2 | AC136: 65.17 | AD136: 50.73 | AE136: 35.6 | AF136: 31.71 | AG136: 30.57 | AH136: 26.94 | AI136: 23.85 | AJ136: 22.82
B137: E. 정주지 | C137: -729.01 | D137: -750.14 | E137: -770.95 | F137: -791.44 | G137: -811.62 | H137: -831.48 | I137: -851.03 | J137: -870.26 | K137: -889.17 | L137: -907.77 | M137: -926.05 | N137: -944.01 | O137: -915.35 | P137: -936.74 | Q137: -957.77 | R137: -978.43 | S137: -998.72 | T137: -1018.65 | U137: -1038.21 | V137: -1057.4 | W137: -1076.23 | X137: -1094.69 | Y137: -1112.78 | Z137: -1130.51 | AA137: -1147.88 | AB137: -1164.87 | AC137: -1181.5 | AD137: -1197.77 | AE137: -1213.67 | AF137: -1229.2 | AG137: -1224.7 | AH137: -1220.18 | AI137: -1215.64 | AJ137: -1211.07
B138: 1. 정주지로 유지된 정주지 | C138: -729.01 | D138: -750.14 | E138: -770.95 | F138: -791.44 | G138: -811.62 | H138: -831.48 | I138: -851.03 | J138: -870.26 | K138: -889.17 | L138: -907.77 | M138: -926.05 | N138: -944.01 | O138: -915.35 | P138: -936.74 | Q138: -957.77 | R138: -978.43 | S138: -998.72 | T138: -1018.65 | U138: -1038.21 | V138: -1057.4 | W138: -1076.23 | X138: -1094.69 | Y138: -1112.78 | Z138: -1130.51 | AA138: -1147.88 | AB138: -1164.87 | AC138: -1181.5 | AD138: -1197.77 | AE138: -1213.67 | AF138: -1229.2 | AG138: -1224.7 | AH138: -1220.18 | AI138: -1215.64 | AJ138: -1211.07
B139: 2. 타토지에서 전용된 정주지 | C139: NO, NE, IE | D139: NO, NE, IE | E139: NO, NE, IE | F139: NO, NE, IE | G139: NO, NE, IE | H139: NO, NE, IE | I139: NO, NE, IE | J139: NO, NE, IE | K139: NO, NE, IE | L139: NO, NE, IE | M139: NO, NE, IE | N139: NO, NE, IE | O139: NO, NE, IE | P139: NO, NE, IE | Q139: NO, NE, IE | R139: NO, NE, IE | S139: NO, NE, IE | T139: NO, NE, IE | U139: NO, NE, IE | V139: NO, NE, IE | W139: NO, NE, IE | X139: NO, NE, IE | Y139: NO, NE, IE | Z139: NO, NE, IE | AA139: NO, NE, IE | AB139: NO, NE, IE | AC139: NO, NE, IE | AD139: NO, NE, IE | AE139: NO, NE, IE | AF139: NO, NE, IE | AG139: NO, NE, IE | AH139: NO, NE, IE | AI139: NO, NE, IE | AJ139: NO, NE, IE
B140: F. 기타토지 | C140: NO, NE | D140: NO, NE | E140: NO, NE | F140: NO, NE | G140: NO, NE | H140: NO, NE | I140: NO, NE | J140: NO, NE | K140: NO, NE | L140: NO, NE | M140: NO, NE | N140: NO, NE | O140: NO, NE | P140: NO, NE | Q140: NO, NE | R140: NO, NE | S140: NO, NE | T140: NO, NE | U140: NO, NE | V140: NO, NE | W140: NO, NE | X140: NO, NE | Y140: NO, NE | Z140: NO, NE | AA140: NO, NE | AB140: NO, NE | AC140: NO, NE | AD140: NO, NE | AE140: NO, NE | AF140: NO, NE | AG140: NO, NE | AH140: NO, NE | AI140: NO, NE | AJ140: NO, NE
B141: 1. 기타토지로 유지된 기타토지
B142: 2. 타토지에서 전용된 기타토지 | C142: NO, NE | D142: NO, NE | E142: NO, NE | F142: NO, NE | G142: NO, NE | H142: NO, NE | I142: NO, NE | J142: NO, NE | K142: NO, NE | L142: NO, NE | M142: NO, NE | N142: NO, NE | O142: NO, NE | P142: NO, NE | Q142: NO, NE | R142: NO, NE | S142: NO, NE | T142: NO, NE | U142: NO, NE | V142: NO, NE | W142: NO, NE | X142: NO, NE | Y142: NO, NE | Z142: NO, NE | AA142: NO, NE | AB142: NO, NE | AC142: NO, NE | AD142: NO, NE | AE142: NO, NE | AF142: NO, NE | AG142: NO, NE | AH142: NO, NE | AI142: NO, NE | AJ142: NO, NE
B143: G. 수확된 목재제품 | C143: 205.75 | D143: 43.36 | E143: 33.6 | F143: -114.3 | G143: -313.03 | H143: -308.82 | I143: -403.78 | J143: -414.29 | K143: -139.67 | L143: -533.05 | M143: -514.51 | N143: -490.86 | O143: -528.67 | P143: -597.22 | Q143: -788.46 | R143: -917.02 | S143: -880.31 | T143: -774.53 | U143: -713.46 | V143: -878.06 | W143: -625.42 | X143: -1015.69 | Y143: -827.28 | Z143: -1073.31 | AA143: -1176.57 | AB143: -956.42 | AC143: -1043.65 | AD143: -777.34 | AE143: -666.67 | AF143: -508.78 | AG143: -490.21 | AH143: -558 | AI143: -579.36 | AJ143: -449.03
...

Sheet CH4
B1: CH4 배출량 (단위: kt CO2-eq)
B4: 분야·부문/연도 | C4: 1990 | D4: 1991 | E4: 1992 | F4: 1993 | G4: 1994 | H4: 1995 | I4: 1996 | J4: 1997 | K4: 1998 | L4: 1999 | M4: 2000 | N4: 2001 | O4: 2002 | P4: 2003 | Q4: 2004 | R4: 2005 | S4: 2006 | T4: 2007 | U4: 2008 | V4: 2009 | W4: 2010 | X4: 2011 | Y4: 2012 | Z4: 2013 | AA4: 2014 | AB4: 2015 | AC4: 2016 | AD4: 2017 | AE4: 2018 | AF4: 2019 | AG4: 2020 | AH4: 2021 | AI4: 2022 | AJ4: 2023
B5: 총배출량 | C5: 46792.93 | D5: 47106.81 | E5: 47238.53 | F5: 47071.92 | G5: 47313.49 | H5: 47058.88 | I5: 47018.83 | J5: 46992.09 | K5: 45601.61 | L5: 44826.24 | M5: 44600.39 | N5: 44884.85 | O5: 44494.91 | P5: 44228.03 | Q5: 42413.02 | R5: 42127.79 | S5: 41832.3 | T5: 41088.74 | U5: 40737.78 | V5: 40722.2 | W5: 40563.76 | X5: 39446.83 | Y5: 38848.87 | Z5: 38310.7 | AA5: 37943.58 | AB5: 37813.03 | AC5: 37589.33 | AD5: 37882.17 | AE5: 37112.51 | AF5: 35894.72 | AG5: 35510.09 | AH5: 35279.61 | AI5: 35056.65 | AJ5: 34239.18
B6: 순배출량 | C6: 47071.64 | D6: 47365.05 | E6: 47510.8 | F6: 47333.52 | G6: 47582.24 | H6: 47326.73 | I6: 47306.81 | J6: 47290.71 | K6: 45913.33 | L6: 45126.66 | M6: 44985.86 | N6: 45214.29 | O6: 44853.19 | P6: 44570.39 | Q6: 42749.97 | R6: 42450.24 | S6: 42173.08 | T6: 41436.81 | U6: 41103.14 | V6: 41079.38 | W6: 40906.63 | X6: 39810.19 | Y6: 39192.58 | Z6: 38661.48 | AA6: 38312.18 | AB6: 38230.19 | AC6: 37983.48 | AD6: 38268.26 | AE6: 37495.67 | AF6: 36305.84 | AG6: 35930.16 | AH6: 35676.72 | AI6: 35572 | AJ6: 34649.75
B7: 1. 에너지 | C7: 14099.77 | D7: 13062.02 | E7: 11677.72 | F7: 10465.92 | G7: 9160.62 | H7: 8243.34 | I7: 7728.68 | J7: 7385.12 | K7: 6919.03 | L7: 6829.85 | M7: 6821.45 | N7: 6792.99 | O7: 6525.73 | P7: 6467.3 | Q7: 6352.05 | R7: 6350.9 | S7: 6328.96 | T7: 6337.38 | U7: 6328.7 | V7: 6201.75 | W7: 6155.49 | X7: 6161.92 | Y7: 6196.63 | Z7: 6023.16 | AA7: 5689.66 | AB7: 5685.03 | AC7: 5697.53 | AD7: 5593.72 | AE7: 5536.42 | AF7: 5172.55 | AG7: 5015.23 | AH7: 5000.44 | AI7: 4982.05 | AJ7: 4909.4
B8: A. 연료연소 | C8: 3292.6 | D8: 2761.54 | E8: 2291.84 | F8: 1848 | G8: 1459.57 | H8: 1308.06 | I8: 1214.42 | J8: 1208.49 | K8: 990.45 | L8: 1068.06 | M8: 1159.19 | N8: 1277.9 | O8: 1349.55 | P8: 1364.44 | Q8: 1363.55 | R8: 1494.09 | S8: 1563.86 | T8: 1618.14 | U8: 1679.01 | V8: 1701.28 | W8: 1796.15 | X8: 1818.27 | Y8: 1841.56 | Z8: 1849.93 | AA8: 1653.83 | AB8: 1732.12 | AC8: 1780.99 | AD8: 1861.38 | AE8: 1877.28 | AF8: 1644.25 | AG8: 1578.25 | AH8: 1593.87 | AI8: 1590.89 | AJ8: 1675.92
B9: 1. 에너지산업 | C9: 27.31 | D9: 35.41 | E9: 43.08 | F9: 45.39 | G9: 52.76 | H9: 58.45 | I9: 65.61 | J9: 67.27 | K9: 49.87 | L9: 54.21 | M9: 64.81 | N9: 69.63 | O9: 70.8 | P9: 71.87 | Q9: 74.69 | R9: 77.26 | S9: 80.13 | T9: 84.5 | U9: 83.69 | V9: 88.6 | W9: 96.66 | X9: 106.06 | Y9: 105.84 | Z9: 115.11 | AA9: 126.42 | AB9: 134.73 | AC9: 137.32 | AD9: 70.6 | AE9: 74.2 | AF9: 73.93 | AG9: 68.24 | AH9: 74.96 | AI9: 86.71 | AJ9: 122.85
B10: a. 공공전기 및 열 생산 | C10: 23.16 | D10: 30.17 | E10: 36.51 | F10: 37.8 | G10: 44.86 | H10: 49.75 | I10: 55.81 | J10: 56.23 | K10: 38.81 | L10: 42.89 | M10: 53.82 | N10: 58.62 | O10: 60.27 | P10: 61.67 | Q10: 64.07 | R10: 65.22 | S10: 68.21 | T10: 72.51 | U10: 71.83 | V10: 77.82 | W10: 87.46 | X10: 95.87 | Y10: 96.16 | Z10: 105.95 | AA10: 117.39 | AB10: 126.26 | AC10: 127.36 | AD10: 62.83 | AE10: 66.48 | AF10: 65.5 | AG10: 62 | AH10: 69.08 | AI10: 80.22 | AJ10: 115.5
B11: b. 석유정제 | C11: 3.83 | D11: 4.64 | E11: 5.74 | F11: 6.41 | G11: 6.67 | H11: 7.25 | I11: 8.42 | J11: 9.51 | K11: 9.8 | L11: 10.34 | M11: 10.02 | N11: 10.2 | O11: 10.13 | P11: 9.62 | Q11: 9.51 | R11: 10.1 | S11: 10.03 | T11: 10.17 | U11: 10.3 | V11: 9.46 | W11: 7.98 | X11: 8.26 | Y11: 7.5 | Z11: 7.27 | AA11: 8.55 | AB11: 8.07 | AC11: 9.59 | AD11: 7.04 | AE11: 7.28 | AF11: 6.5 | AG11: 5.87 | AH11: 5.2 | AI11: 5.4 | AJ11: 5.91
B12: c. 고체연료 제조 및 기타 에너지 산업 | C12: 0.33 | D12: 0.6 | E12: 0.83 | F12: 1.18 | G12: 1.24 | H12: 1.46 | I12: 1.38 | J12: 1.54 | K12: 1.25 | L12: 0.98 | M12: 0.96 | N12: 0.81 | O12: 0.41 | P12: 0.58 | Q12: 1.1 | R12: 1.94 | S12: 1.89 | T12: 1.82 | U12: 1.56 | V12: 1.33 | W12: 1.22 | X12: 1.93 | Y12: 2.18 | Z12: 1.88 | AA12: 0.48 | AB12: 0.4 | AC12: 0.37 | AD12: 0.73 | AE12: 0.44 | AF12: 1.94 | AG12: 0.37 | AH12: 0.68 | AI12: 1.09 | AJ12: 1.44
B13: 2. 제조업 및 건설업 | C13: 81.55 | D13: 98.96 | E13: 102.57 | F13: 117.15 | G13: 123.44 | H13: 124.8 | I13: 136.41 | J13: 136.69 | K13: 119.79 | L13: 126.72 | M13: 148.87 | N13: 153.56 | O13: 152.77 | P13: 165.93 | Q13: 162.9 | R13: 154.39 | S13: 157.08 | T13: 168.88 | U13: 179.32 | V13: 168.15 | W13: 197.83 | X13: 206.2 | Y13: 191.85 | Z13: 185.23 | AA13: 202.94 | AB13: 205.17 | AC13: 210.1 | AD13: 211.3 | AE13: 230.55 | AF13: 225.49 | AG13: 221.52 | AH13: 244.42 | AI13: 240.42 | AJ13: 228.2
B14: a. 철강 | C14: 11.86 | D14: 19.07 | E14: 21.1 | F14: 23.11 | G14: 23.49 | H14: 24 | I14: 24.49 | J14: 22.7 | K14: 22.61 | L14: 24.77 | M14: 25 | N14: 26.9 | O14: 26.26 | P14: 27.43 | Q14: 31.34 | R14: 20.99 | S14: 22.17 | T14: 32.95 | U14: 37.51 | V14: 30.48 | W14: 44.29 | X14: 42.47 | Y14: 38.66 | Z14: 24.5 | AA14: 27.56 | AB14: 31.71 | AC14: 26.73 | AD14: 26.14 | AE14: 33.3 | AF14: 26.93 | AG14: 23.91 | AH14: 25.3 | AI14: 24.17 | AJ14: 21.24
B15: b. 비철금속 | C15: 0.59 | D15: 0.58 | E15: 0.43 | F15: 0.41 | G15: 0.68 | H15: 0.8 | I15: 0.63 | J15: 0.53 | K15: 0.6 | L15: 0.7 | M15: 2.03 | N15: 1.6 | O15: 1.94 | P15: 2.15 | Q15: 2.08 | R15: 1.98 | S15: 1.99 | T15: 2.68 | U15: 3.32 | V15: 5.31 | W15: 4 | X15: 4.83 | Y15: 3.88 | Z15: 4.18 | AA15: 4.36 | AB15: 4.69 | AC15: 4.97 | AD15: 3.88 | AE15: 4.31 | AF15: 4.39 | AG15: 4.94 | AH15: 5.09 | AI15: 5.52 | AJ15: 5.35
... B46: c.탈기 및 소각 | C46: 1.9 | D46: 2.03 | E46: 2.53 | F46: 3.7 | G46: 4.95 | H46: 5.68 | I46: 7.5 | J46: 9.38 | K46: 8.57 | L46: 10.24 | M46: 12.67 | N46: 12.66 | O46: 15.28 | P46: 15.58 | Q46: 17.88 | R46: 20.88 | S46: 21.69 | T46: 23.06 | U46: 22.47 | V46: 23.91 | W46: 28.36 | X46: 31.7 | Y46: 32.98 | Z46: 34.61 | AA46: 31.36 | AB46: 28.84 | AC46: 29.82 | AD46: 32.13 | AE46: 36.25 | AF46: 35.35 | AG46: 35.19 | AH46: 38.63 | AI46: 38.19 | AJ46: 36.6
B47: C.이산화탄소 수송 및 저장
B48: 2. 산업공정 및 제품 사용 | C48: 50.02 | D48: 88.86 | E48: 136.45 | F48: 139.79 | G48: 150.29 | H48: 153.76 | I48: 186.06 | J48: 238.18 | K48: 253.29 | L48: 264.6 | M48: 277.02 | N48: 261.07 | O48: 294.88 | P48: 285.01 | Q48: 296.55 | R48: 305.65 | S48: 327.68 | T48: 333.53 | U48: 309.65 | V48: 311.02 | W48: 307.55 | X48: 309.21 | Y48: 314.82 | Z48: 306.19 | AA48: 339.38 | AB48: 320.97 | AC48: 342.87 | AD48: 335.06 | AE48: 350.2 | AF48: 302.7 | AG48: 288.09 | AH48: 323 | AI48: 252.58 | AJ48: 190.82
B49: A. 광물산업 | C49: NO | D49: NO | E49: NO | F49: NO | G49: NO | H49: NO | I49: NO | J49: NO | K49: NO | L49: NO | M49: NO | N49: NO | O49: NO | P49: NO | Q49: NO | R49: NO | S49: NO | T49: NO | U49: NO | V49: NO | W49: NO | X49: NO | Y49: NO | Z49: NO | AA49: NO | AB49: NO | AC49: NO | AD49: NO | AE49: NO | AF49: NO | AG49: NO | AH49: NO | AI49: NO | AJ49: NO
B50: 1. 시멘트생산
B51: 2. 석회생산
B52: 3. 유리생산
B53: 4. 탄산염의 기타 공정 사용 | C53: NO | D53: NO | E53: NO | F53: NO | G53: NO | H53: NO | I53: NO | J53: NO | K53: NO | L53: NO | M53: NO | N53: NO | O53: NO | P53: NO | Q53: NO | R53: NO | S53: NO | T53: NO | U53: NO | V53: NO | W53: NO | X53: NO | Y53: NO | Z53: NO | AA53: NO | AB53: NO | AC53: NO | AD53: NO | AE53: NO | AF53: NO | AG53: NO | AH53: NO | AI53: NO | AJ53: NO
B54: B. 화학산업 | C54: 50.02 | D54: 88.86 | E54: 136.45 | F54: 139.79 | G54: 150.29 | H54: 153.76 | I54: 186.06 | J54: 238.18 | K54: 253.29 | L54: 264.6 | M54: 277.02 | N54: 261.07 | O54: 294.88 | P54: 285.01 | Q54: 296.55 | R54: 305.65 | S54: 327.68 | T54: 333.53 | U54: 309.65 | V54: 311.02 | W54: 307.55 | X54: 309.21 | Y54: 314.82 | Z54: 306.19 | AA54: 339.38 | AB54: 320.97 | AC54: 342.87 | AD54: 335.06 | AE54: 350.2 | AF54: 302.7 | AG54: 288.09 | AH54: 323 | AI54: 252.58 | AJ54: 190.82
B55: 1. 암모니아 생산 | C55: NA | D55: NA | E55: NA | F55: NA | G55: NA | H55: NA | I55: NA | J55: NA | K55: NA | L55: NA | M55: NA | N55: NA | O55: NA | P55: NA | Q55: NA | R55: NA | S55: NA | T55: NA | U55: NA | V55: NA | W55: NA | X55: NA | Y55: NA | Z55: NA | AA55: NA | AB55: NA | AC55: NA | AD55: NA | AE55: NA | AF55: NA | AG55: NA | AH55: NA | AI55: NA | AJ55: NA
B56: 2. 질산 생산
B57: 3. 아디프산 생산
B58: 4. 카프로락탐, 글리옥살, 글리옥실산 생산
B59: 5. 카바이드 생산 | C59: NO | D59: NO | E59: NO | F59: NO | G59: NO | H59: NO | I59: NO | J59: NO | K59: NO | L59: NO | M59: NO | N59: NO | O59: NO | P59: NO | Q59: NO | R59: NO | S59: NO | T59: NO | U59: NO | V59: NO | W59: NO | X59: NO | Y59: NO | Z59: NO | AA59: NO | AB59: NO | AC59: NO | AD59: NO | AE59: NO | AF59: NO | AG59: NO | AH59: NO | AI59: NO | AJ59: NO
B60: 6. 이산화티타늄 생산
B61: 7. 소다회 생산
B62: 8. 석유화학제품 및 카본블랙 생산 | C62: 50.02 | D62: 88.86 | E62: 136.45 | F62: 139.79 | G62: 150.29 | H62: 153.76 | I62: 186.06 | J62: 238.18 | K62: 253.29 | L62: 264.6 | M62: 277.02 | N62: 261.07 | O62: 294.88 | P62: 285.01 | Q62: 296.55 | R62: 305.65 | S62: 327.68 | T62: 333.53 | U62: 309.65 | V62: 311.02 | W62: 307.55 | X62: 309.21 | Y62: 314.82 | Z62: 306.19 | AA62: 339.38 | AB62: 320.97 | AC62: 342.87 | AD62: 335.06 | AE62: 350.2 | AF62: 302.7 | AG62: 288.09 | AH62: 323 | AI62: 252.58 | AJ62: 190.82
B63: 9. 불소화합물 생산
B64: 10. 기타 | C64: NO | D64: NO | E64: NO | F64: NO | G64: NO | H64: NO | I64: NO | J64: NO | K64: NO | L64: NO | M64: NO | N64: NO | O64: NO | P64: NO | Q64: NO | R64: NO | S64: NO | T64: NO | U64: NO | V64: NO | W64: NO | X64: NO | Y64: NO | Z64: NO | AA64: NO | AB64: NO | AC64: NO | AD64: NO | AE64: NO | AF64: NO | AG64: NO | AH64: NO | AI64: NO | AJ64: NO
B65: C. 금속산업 | C65: NO | D65: NO | E65: NO | F65: NO | G65: NO | H65: NO | I65: NO | J65: NO | K65: NO | L65: NO | M65: NO | N65: NO | O65: NO | P65: NO | Q65: NO | R65: NO | S65: NO | T65: NO | U65: NO | V65: NO | W65: NO | X65: NO | Y65: NO | Z65: NO | AA65: NO | AB65: NO | AC65: NO | AD65: NO | AE65: NO | AF65: NO | AG65: NO | AH65: NO | AI65: NO | AJ65: NO
B66: 1. 철강생산 | C66: NO | D66: NO | E66: NO | F66: NO | G66: NO | H66: NO | I66: NO | J66: NO | K66: NO | L66: NO | M66: NO | N66: NO | O66: NO | P66: NO | Q66: NO | R66: NO | S66: NO | T66: NO | U66: NO | V66: NO | W66: NO | X66: NO | Y66: NO | Z66: NO | AA66: NO | AB66: NO | AC66: NO | AD66: NO | AE66: NO | AF66: NO | AG66: NO | AH66: NO | AI66: NO | AJ66: NO
B67: 2. 합금철 생산 | C67: NO | D67: NO | E67: NO | F67: NO | G67: NO | H67: NO | I67: NO | J67: NO | K67: NO | L67: NO | M67: NO | N67: NO | O67: NO | P67: NO | Q67: NO | R67: NO | S67: NO | T67: NO | U67: NO | V67: NO | W67: NO | X67: NO | Y67: NO | Z67: NO | AA67: NO | AB67: NO | AC67: NO | AD67: NO | AE67: NO | AF67: NO | AG67: NO | AH67: NO | AI67: NO | AJ67: NO
B68: 3. 알루미늄 생산
B69: 4. 마그네슘 생산
B70: 5. 납 생산
B71: 6. 아연 생산
B72: 7. 기타 | C72: NO | D72: NO | E72: NO | F72: NO | G72: NO | H72: NO | I72: NO | J72: NO | K72: NO | L72: NO | M72: NO | N72: NO | O72: NO | P72: NO | Q72: NO | R72: NO | S72: NO | T72: NO | U72: NO | V72: NO | W72: NO | X72: NO | Y72: NO | Z72: NO | AA72: NO | AB72: NO | AC72: NO | AD72: NO | AE72: NO | AF72: NO | AG72: NO | AH72: NO | AI72: NO | AJ72: NO
B73: D. 비에너지 제품 및 용매 사용 | C73: NO, NA | D73: NO, NA | E73: NO, NA | F73: NO, NA | G73: NO, NA | H73: NO, NA | I73: NO, NA | J73: NO, NA | K73: NO, NA | L73: NO, NA | M73: NO, NA | N73: NO, NA | O73: NO, NA | P73: NO, NA | Q73: NO, NA | R73: NO, NA | S73: NO, NA | T73: NO, NA | U73: NO, NA | V73: NO, NA | W73: NO, NA | X73: NO, NA | Y73: NO, NA | Z73: NO, NA | AA73: NO, NA | AB73: NO, NA | AC73: NO, NA | AD73: NO, NA | AE73: NO, NA | AF73: NO, NA | AG73: NO, NA | AH73: NO, NA | AI73: NO, NA | AJ73: NO, NA
B74: 1. 윤활유 사용 | C74: NO | D74: NO | E74: NO | F74: NO | G74: NO | H74: NO | I74: NO | J74: NO | K74: NO | L74: NO | M74: NO | N74: NO | O74: NO | P74: NO | Q74: NO | R74: NO | S74: NO | T74: NO | U74: NO | V74: NO | W74: NO | X74: NO | Y74: NO | Z74: NO | AA74: NO | AB74: NO | AC74: NO | AD74: NO | AE74: NO | AF74: NO | AG74: NO | AH74: NO | AI74: NO | AJ74: NO
B75: 2. 파라핀 왁스 사용 | C75: NO | D75: NO | E75: NO | F75: NO | G75: NO | H75: NO | I75: NO | J75: NO | K75: NO | L75: NO | M75: NO | N75: NO | O75: NO | P75: NO | Q75: NO | R75: NO | S75: NO | T75: NO | U75: NO | V75: NO | W75: NO | X75: NO | Y75: NO | Z75: NO | AA75: NO | AB75: NO | AC75: NO | AD75: NO | AE75: NO | AF75: NO | AG75: NO | AH75: NO | AI75: NO | AJ75: NO
B76: 3. 기타 | C76: NA | D76: NA | E76: NA | F76: NA | G76: NA | H76: NA | I76: NA | J76: NA | K76: NA | L76: NA | M76: NA | N76: NA | O76: NA | P76: NA | Q76: NA | R76: NA | S76: NA | T76: NA | U76: NA | V76: NA | W76: NA | X76: NA | Y76: NA | Z76: NA | AA76: NA | AB76: NA | AC76: NA | AD76: NA | AE76: NA | AF76: NA | AG76: NA | AH76: NA | AI76: NA | AJ76: NA
B77: E. 전자산업
B78: F. 오존층파괴물질의 대체물질 사용
B79: 1. 냉장 및 냉방
B80: 2. 발포제
B81: 3. 소화기
B82: 4. 에어로졸
B83: 5. 용매
B84: 6. 기타 오존층파괴물질의 대체물질 사용
B85: G. 기타 제품제조 및 소비
B86: 1. 중전기기
B87: 2. 기타 제품사용의 육불화황 및 과불화탄소
B88: 3. 제품사용의 아산화질소
B89: H. 기타 | C89: NO | D89: NO | E89: NO | F89: NO | G89: NO | H89: NO | I89: NO | J89: NO | K89: NO | L89: NO | M89: NO | N89: NO | O89: NO | P89: NO | Q89: NO | R89: NO | S89: NO | T89: NO | U89: NO | V89: NO | W89: NO | X89: NO | Y89: NO | Z89: NO | AA89: NO | AB89: NO | AC89: NO | AD89: NO | AE89: NO | AF89: NO | AG89: NO | AH89: NO | AI89: NO | AJ89: NO
B90: 1. 펄프 및 종이 | C90: NO | D90: NO | E90: NO | F90: NO | G90: NO | H90: NO | I90: NO | J90: NO | K90: NO | L90: NO | M90: NO | N90: NO | O90: NO | P90: NO | Q90: NO | R90: NO | S90: NO | T90: NO | U90: NO | V90: NO | W90: NO | X90: NO | Y90: NO | Z90: NO | AA90: NO | AB90: NO | AC90: NO | AD90: NO | AE90: NO | AF90: NO | AG90: NO | AH90: NO | AI90: NO | AJ90: NO
B91: 2. 식품 및 음료 | C91: NO | D91: NO | E91: NO | F91: NO | G91: NO | H91: NO | I91: NO | J91: NO | K91: NO | L91: NO | M91: NO | N91: NO | O91: NO | P91: NO | Q91: NO | R91: NO | S91: NO | T91: NO | U91: NO | V91: NO | W91: NO | X91: NO | Y91: NO | Z91: NO | AA91: NO | AB91: NO | AC91: NO | AD91: NO | AE91: NO | AF91: NO | AG91: NO | AH91: NO | AI91: NO | AJ91: NO
B92: 3. 기타 | C92: NO | D92: NO | E92: NO | F92: NO | G92: NO | H92: NO | I92: NO | J92: NO | K92: NO | L92: NO | M92: NO | N92: NO | O92: NO | P92: NO | Q92: NO | R92: NO | S92: NO | T92: NO | U92: NO | V92: NO | W92: NO | X92: NO | Y92: NO | Z92: NO | AA92: NO | AB92: NO | AC92: NO | AD92: NO | AE92: NO | AF92: NO | AG92: NO | AH92: NO | AI92: NO | AJ92: NO
B93: 3. 농업 | C93: 19813.3 | D93: 19954.46 | E93: 20043.78 | F93: 20282.75 | G93: 20267.99 | H93: 20226.55 | I93: 20413.99 | J93: 20355.46 | K93: 20357.09 | L93: 19629.77 | M93: 19340.7 | N93: 19143.11 | O93: 19094.26 | P93: 18949.24 | Q93: 18786.8 | R93: 18619.7 | S93: 18700.32 | T93: 18847.4 | U93: 18887.21 | V93: 19112.87 | W93: 19423.61 | X93: 18489.61 | Y93: 18810.81 | Z93: 18607.49 | AA93: 18665.26 | AB93: 18327.38 | AC93: 18276.06 | AD93: 18326.68 | AE93: 18034.96 | AF93: 17716.03 | AG93: 17520.28 | AH93: 17469.45 | AI93: 17324.21 | AJ93: 17108.08
B94: A. 장내발효 | C94: 3727.75 | D94: 3960.56 | E94: 4282.79 | F94: 4759.76 | G94: 5040.46 | H94: 5265.81 | I94: 5677.54 | J94: 5725.22 | K94: 5525.6 | L94: 4779.29 | M94: 4318.41 | N94: 4007.05 | O94: 3929.82 | P94: 3928.32 | Q94: 4110.03 | R94: 4235.4 | S94: 4456.11 | T94: 4686.77 | U94: 4965.38 | V94: 5229.32 | W94: 5618.12 | X94: 5628.92 | Y94: 5846.17 | Z94: 5846.63 | AA94: 6069.67 | AB94: 5798.63 | AC94: 5756.19 | AD94: 5857.44 | AE94: 5937.85 | AF94: 6085.7 | AG94: 6286.29 | AH94: 6517.49 | AI94: 6701.04 | AJ94: 6738.79
B95: 1. 소 | C95: 3538.66 | D95: 3741.35 | E95: 4027.18 | F95: 4475.7 | G95: 4734.91 | H95: 4934.49 | I95: 5328.3 | J95: 5359.15 | K95: 5140.4 | L95: 4397.39 | M95: 3923.54 | N95: 3604.54 | O95: 3518.33 | P95: 3508.63 | Q95: 3694.39 | R95: 3820.87 | S95: 4037.93 | T95: 4275.41 | U95: 4588.77 | V95: 4861.35 | W95: 5245.01 | X95: 5320.37 | Y95: 5492.54 | Z95: 5487.21 | AA95: 5717.77 | AB95: 5444.62 | AC95: 5391.8 | AD95: 5463.21 | AE95: 5530.19 | AF95: 5670.53 | AG95: 5871.88 | AH95: 6108.51 | AI95: 6301.51 | AJ95: 6346.3
B96: 2. 양(면양) | C96: 0.46 | D96: 0.47 | E96: 0.49 | F96: 0.43 | G96: 0.35 | H96: 0.24 | I96: 0.22 | J96: 0.22 | K96: 0.2 | L96: 0.18 | M96: 0.15 | N96: 0.13 | O96: 0.11 | P96: 0.12 | Q96: 0.13 | R96: 0.15 | S96: 0.17 | T96: 0.2 | U96: 0.28 | V96: 0.37 | W96: 0.61 | X96: 0.61 | Y96: 0.6 | Z96: 0.4 | AA96: 0.36 | AB96: 0.37 | AC96: 0.32 | AD96: 0.34 | AE96: 0.32 | AF96: 0.35 | AG96: 0.33 | AH96: 0.31 | AI96: 0.3 | AJ96: 0.28
B97: 3. 돼지 | C97: 137.33 | D97: 153 | E97: 168.59 | F97: 176.35 | G97: 180.78 | H97: 192.53 | I97: 198.44 | J97: 207.61 | K97: 226.09 | L97: 225.02 | M97: 240.51 | N97: 248.57 | O97: 257.02 | P97: 263.74 | Q97: 257.97 | R97: 257.33 | S97: 267.08 | T97: 273.89 | U97: 258.51 | V97: 265.48 | W97: 281.62 | X97: 222.67 | Y97: 272.27 | Z97: 282.79 | AA97: 278.55 | AB97: 284.13 | AC97: 291.83 | AD97: 316.24 | AE97: 317.26 | AF97: 315.3 | AG97: 310.32 | AH97: 310.3 | AI97: 308.36 | AJ97: 305.92
B98: 4. 기타 가축 | C98: 51.3 | D98: 65.74 | E98: 86.53 | F98: 107.27 | G98: 124.42 | H98: 138.55 | I98: 150.57 | J98: 158.24 | K98: 158.91 | L98: 156.7 | M98: 154.21 | N98: 153.81 | O98: 154.35 | P98: 155.83 | Q98: 157.54 | R98: 157.05 | S98: 150.94 | T98: 137.27 | U98: 117.82 | V98: 102.12 | W98: 90.88 | X98: 85.27 | Y98: 80.76 | Z98: 76.23 | AA98: 73 | AB98: 69.5 | AC98: 72.23 | AD98: 77.64 | AE98: 90.08 | AF98: 99.53 | AG98: 103.76 | AH98: 98.37 | AI98: 90.88 | AJ98: 86.3
B99: B. 가축분뇨처리 | C99: 1968.29 | D99: 2077.35 | E99: 2214.64 | F99: 2354.32 | G99: 2437.79 | H99: 2522.77 | I99: 2601.35 | J99: 2662.34 | K99: 2839.51 | L99: 2805.77 | M99: 2939.45 | N99: 3026.41 | O99: 3109.7 | P99: 3151.6 | Q99: 3073.22 | R99: 3037.7 | S99: 3090.46 | T99: 3147.22 | U99: 3040 | V99: 3089.72 | W99: 3211.95 | X99: 2641.32 | Y99: 3115.76 | Z99: 3248.27 | AA99: 3231.54 | AB99: 3286.46 | AC99: 3335.31 | AD99: 3507.57 | AE99: 3539.92 | AF99: 3546.66 | AG99: 3510.84 | AH99: 3512.12 | AI99: 3490.12 | AJ99: 3478.13
B100: 1. 소 | C100: 855.71 | D100: 860.38 | E100: 864.58 | F100: 934.1 | G100: 968 | H100: 963.7 | I100: 982.99 | J100: 969.14 | K100: 975.7 | L100: 926.62 | M100: 927.42 | N100: 927.17 | O100: 925.15 | P100: 908.01 | Q100: 868.18 | R100: 841.7 | S100: 820.1 | T100: 801.67 | U100: 791.95 | V100: 790.91 | W100: 786.78 | X100: 735.74 | Y100: 756.19 | Z100: 767.86 | AA100: 800.78 | AB100: 784.94 | AC100: 765.74 | AD100: 754.26 | AE100: 747.16 | AF100: 747.4 | AG100: 756.86 | AH100: 751.21 | AI100: 738.5 | AJ100: 729.11
B101: 2. 양(면양) | C101: 0.01 | D101: 0.01 | E101: 0.01 | F101: 0.01 | G101: 0.01 | H101: 0.005 | I101: 0.004 | J101: 0.004 | K101: 0.004 | L101: 0.004 | M101: 0.003 | N101: 0.003 | O101: 0.002 | P101: 0.002 | Q101: 0.003 | R101: 0.003 | S101: 0.003 | T101: 0.004 | U101: 0.01 | V101: 0.01 | W101: 0.01 | X101: 0.01 | Y101: 0.01 | Z101: 0.01 | AA101: 0.01 | AB101: 0.01 | AC101: 0.01 | AD101: 0.01 | AE101: 0.01 | AF101: 0.01 | AG101: 0.01 | AH101: 0.01 | AI101: 0.01 | AJ101: 0.01
B102: 3. 돼지 | C102: 1061.72 | D102: 1160.79 | E102: 1292.37 | F102: 1362.65 | G102: 1410.7 | H102: 1493.89 | I102: 1550.81 | J102: 1624.11 | K102: 1797.96 | L102: 1805.85 | M102: 1934.86 | N102: 2019.36 | O102: 2101.72 | P102: 2164.22 | Q102: 2125.39 | R102: 2104.08 | S102: 2176.45 | T102: 2249.44 | U102: 2151.81 | V102: 2191.74 | W102: 2313.95 | X102: 1793.83 | Y102: 2249.69 | Z102: 2371.22 | AA102: 2317.83 | AB102: 2379.45 | AC102: 2448.67 | AD102: 2639.97 | AE102: 2667.4 | AF102: 2670.52 | AG102: 2624.09 | AH102: 2638.36 | AI102: 2625.64 | AJ102: 2620.26
B103: 4. 기타 가축 | C103: 50.85 | D103: 56.17 | E103: 57.68 | F103: 57.57 | G103: 59.08 | H103: 65.17 | I103: 67.55 | J103: 69.08 | K103: 65.84 | L103: 73.3 | M103: 77.17 | N103: 79.88 | O103: 82.83 | P103: 79.37 | Q103: 79.65 | R103: 91.91 | S103: 93.9 | T103: 96.11 | U103: 96.24 | V103: 107.06 | W103: 111.21 | X103: 111.74 | Y103: 109.87 | Z103: 109.17 | AA103: 112.93 | AB103: 122.08 | AC103: 120.89 | AD103: 113.33 | AE103: 125.35 | AF103: 128.73 | AG103: 129.89 | AH103: 122.55 | AI103: 125.97 | AJ103: 128.75
B104: 5. 간접 아산화질소 배출량
B105: C. 벼재배 | C105: 14073.08 | D105: 13876.62 | E105: 13506.9 | F105: 13129.33 | G105: 12749.12 | H105: 12395.49 | I105: 12089.88 | J105: 11921.38 | K105: 11947.47 | L105: 11998.26 | M105: 12034.93 | N105: 12057.87 | O105: 12004.91 | P105: 11822.34 | Q105: 11557.66 | R105: 11299.87 | S105: 11106.46 | T105: 10966.54 | U105: 10836.03 | V105: 10748.05 | W105: 10551.23 | X105: 10181.33 | Y105: 9812.86 | Z105: 9476.38 | AA105: 9327.25 | AB105: 9206.57 | AC105: 9150.83 | AD105: 8929.27 | AE105: 8523.97 | AF105: 8048.63 | AG105: 7692.49 | AH105: 7413.2 | AI105: 7112.37 | AJ105: 6879.37
B106: 1. 수리답 | C106: 14029.76 | D106: 13833.96 | E106: 13465.41 | F106: 13089.01 | G106: 12709.99 | H106: 12357.45 | I106: 12052.78 | J106: 11884.81 | K106: 11910.82 | L106: 11961.47 | M106: 11998.03 | N106: 12020.89 | O106: 11968.08 | P106: 11786.07 | Q106: 11522.23 | R106: 11265.25 | S106: 11072.42 | T106: 10932.94 | U106: 10802.83 | V106: 10715.13 | W106: 10518.91 | X106: 10148.6 | Y106: 9777.12 | Z106: 9441.6 | AA106: 9295.84 | AB106: 9180.2 | AC106: 9124.31 | AD106: 8902.6 | AE106: 8498.64 | AF106: 8027.07 | AG106: 7673.64 | AH106: 7396.96 | AI106: 7098.45 | AJ106: 6869.3
B107: 2. 천수답 | C107: 43.32 | D107: 42.67 | E107: 41.48 | F107: 40.32 | G107: 39.12 | H107: 38.04 | I107: 37.09 | J107: 36.57 | K107: 36.65 | L107: 36.78 | M107: 36.9 | N107: 36.99 | O107: 36.83 | P107: 36.27 | Q107: 35.43 | R107: 34.62 | S107: 34.03 | T107: 33.6 | U107: 33.2 | V107: 32.93 | W107: 32.32 | X107: 32.73 | Y107: 35.73 | Z107: 34.78 | AA107: 31.41 | AB107: 26.37 | AC107: 26.52 | AD107: 26.67 | AE107: 25.33 | AF107: 21.56 | AG107: 18.85 | AH107: 16.23 | AI107: 13.92 | AJ107: 10.07
B108: D. 농경지토양
B109: 1. 직접배출
B110: 2. 간접배출
B111: E. 사바나 소각 | C111: NO | D111: NO | E111: NO | F111: NO | G111: NO | H111: NO | I111: NO | J111: NO | K111: NO | L111: NO | M111: NO | N111: NO | O111: NO | P111: NO | Q111: NO | R111: NO | S111: NO | T111: NO | U111: NO | V111: NO | W111: NO | X111: NO | Y111: NO | Z111: NO | AA111: NO | AB111: NO | AC111: NO | AD111: NO | AE111: NO | AF111: NO | AG111: NO | AH111: NO | AI111: NO | AJ111: NO
B112: F. 작물잔사소각 | C112: 44.18 | D112: 39.93 | E112: 39.45 | F112: 39.34 | G112: 40.62 | H112: 42.48 | I112: 45.23 | J112: 46.53 | K112: 44.52 | L112: 46.46 | M112: 47.91 | N112: 51.77 | O112: 49.82 | P112: 46.98 | Q112: 45.9 | R112: 46.73 | S112: 47.29 | T112: 46.86 | U112: 45.8 | V112: 45.78 | W112: 42.32 | X112: 38.04 | Y112: 36.02 | Z112: 36.21 | AA112: 36.79 | AB112: 35.71 | AC112: 33.73 | AD112: 32.4 | AE112: 33.23 | AF112: 35.04 | AG112: 30.66 | AH112: 26.64 | AI112: 20.68 | AJ112: 11.79
B113: 1. 곡류 | C113: 6.97 | D113: 5.93 | E113: 5.01 | F113: 4.57 | G113: 4.1 | H113: 4.05 | I113: 4.03 | J113: 3.89 | K113: 3.39 | L113: 3.09 | M113: 2.91 | N113: 3.27 | O113: 3.17 | P113: 3.24 | Q113: 2.93 | R113: 2.86 | S113: 2.77 | T113: 2.67 | U113: 2.59 | V113: 2.75 | W113: 2.72 | X113: 2.67 | Y113: 2.45 | Z113: 2.13 | AA113: 1.95 | AB113: 1.92 | AC113: 2.21 | AD113: 2.3 | AE113: 2.31 | AF113: 1.79 | AG113: 1.54 | AH113: 1.41 | AI113: 1.48 | AJ113: 1.6
B114: 2. 두류 | C114: 7.77 | D114: 7.08 | E114: 6.27 | F114: 5.65 | G114: 5.24 | H114: 5.04 | I114: 4.93 | J114: 4.97 | K114: 4.75 | L114: 4.3 | M114: 3.88 | N114: 3.66 | O114: 3.62 | P114: 3.51 | Q114: 3.65 | R114: 4.22 | S114: 4.65 | T114: 4.41 | U114: 3.95 | V114: 3.82 | W114: 3.74 | X114: 3.69 | Y114: 3.53 | Z114: 4 | AA114: 4.15 | AB114: 4 | AC114: 3.27 | AD114: 2.76 | AE114: 2.81 | AF114: 3.29 | AG114: 2.71 | AH114: 2.3 | AI114: 1.74 | AJ114: 1.6
B115: 3. 서류 | C115: NO | D115: NO | E115: NO | F115: NO | G115: NO | H115: NO | I115: NO | J115: NO | K115: NO | L115: NO | M115: NO | N115: NO | O115: NO | P115: NO | Q115: NO | R115: NO | S115: NO | T115: NO | U115: NO | V115: NO | W115: NO | X115: NO | Y115: NO | Z115: NO | AA115: NO | AB115: NO | AC115: NO | AD115: NO | AE115: NO | AF115: NO | AG115: NO | AH115: NO | AI115: NO | AJ115: NO
B116: 4. 사탕수수 | C116: NO | D116: NO | E116: NO | F116: NO | G116: NO | H116: NO | I116: NO | J116: NO | K116: NO | L116: NO | M116: NO | N116: NO | O116: NO | P116: NO | Q116: NO | R116: NO | S116: NO | T116: NO | U116: NO | V116: NO | W116: NO | X116: NO | Y116: NO | Z116: NO | AA116: NO | AB116: NO | AC116: NO | AD116: NO | AE116: NO | AF116: NO | AG116: NO | AH116: NO | AI116: NO | AJ116: NO
B117: 5. 기타 | C117: 29.44 | D117: 26.91 | E117: 28.17 | F117: 29.12 | G117: 31.28 | H117: 33.38 | I117: 36.26 | J117: 37.66 | K117: 36.38 | L117: 39.06 | M117: 41.12 | N117: 44.84 | O117: 43.03 | P117: 40.23 | Q117: 39.32 | R117: 39.65 | S117: 39.87 | T117: 39.79 | U117: 39.26 | V117: 39.21 | W117: 35.86 | X117: 31.68 | Y117: 30.04 | Z117: 30.08 | AA117: 30.69 | AB117: 29.8 | AC117: 28.26 | AD117: 27.34 | AE117: 28.11 | AF117: 29.96 | AG117: 26.41 | AH117: 22.93 | AI117: 17.46 | AJ117: 8.59
B118: G. 석회 시용
B119: H. 요소 시용
B120: 4. LULUCF | C120: 278.71 | D120: 258.24 | E120: 272.27 | F120: 261.6 | G120: 268.75 | H120: 267.85 | I120: 287.97 | J120: 298.61 | K120: 311.72 | L120: 300.42 | M120: 385.47 | N120: 329.44 | O120: 358.28 | P120: 342.36 | Q120: 336.95 | R120: 322.46 | S120: 340.78 | T120: 348.07 | U120: 365.36 | V120: 357.18 | W120: 342.87 | X120: 363.37 | Y120: 343.71 | Z120: 350.79 | AA120: 368.6 | AB120: 417.15 | AC120: 394.15 | AD120: 386.1 | AE120: 383.15 | AF120: 411.12 | AG120: 420.07 | AH120: 397.1 | AI120: 515.35 | AJ120: 410.57
B121: A. 산림지 | C121: 0.02 | D121: 0.08 | E121: 0.12 | F121: 0.23 | G121: 0.17 | H121: 0.15 | I121: 17.44 | J121: 1.96 | K121: 2.12 | L121: 0.31 | M121: 66.25 | N121: 1.63 | O121: 15.69 | P121: 0.12 | Q121: 2.56 | R121: 5.51 | S121: 0.38 | T121: 0.31 | U121: 0.22 | V121: 4.43 | W121: 0.54 | X121: 2.54 | Y121: 0.12 | Z121: 3.22 | AA121: 0.34 | AB121: 1.52 | AC121: 0.32 | AD121: 10.78 | AE121: 4.84 | AF121: 24.07 | AG121: 23.3 | AH121: 0.27 | AI121: 139.85 | AJ121: 22.19
B122: 1. 산림지로 유지된 산림지 | C122: NO | D122: NO | E122: NO | F122: NO | G122: NO | H122: NO | I122: NO | J122: NO | K122: NO | L122: NO | M122: NO | N122: NO | O122: NO | P122: NO | Q122: NO | R122: NO | S122: NO | T122: NO | U122: NO | V122: NO | W122: NO | X122: NO | Y122: NO | Z122: NO | AA122: NO | AB122: NO | AC122: NO | AD122: NO | AE122: NO | AF122: NO | AG122: NO | AH122: NO | AI122: NO | AJ122: NO
B123: 2. 타토지에서 전용된 산림지 | C123: NO | D123: NO | E123: NO | F123: NO | G123: NO | H123: NO | I123: NO | J123: NO | K123: NO | L123: NO | M123: NO | N123: NO | O123: NO | P123: NO | Q123: NO | R123: NO | S123: NO | T123: NO | U123: NO | V123: NO | W123: NO | X123: NO | Y123: NO | Z123: NO | AA123: NO | AB123: NO | AC123: NO | AD123: NO | AE123: NO | AF123: NO | AG123: NO | AH123: NO | AI123: NO | AJ123: NO
B124: 3. 산불(산림지에서 바이오매스 연소에 의한 배출) | C124: 0.02 | D124: 0.08 | E124: 0.12 | F124: 0.23 | G124: 0.17 | H124: 0.15 | I124: 17.44 | J124: 1.96 | K124: 2.12 | L124: 0.31 | M124: 66.25 | N124: 1.63 | O124: 15.69 | P124: 0.12 | Q124: 2.56 | R124: 5.51 | S124: 0.38 | T124: 0.31 | U124: 0.22 | V124: 4.43 | W124: 0.54 | X124: 2.54 | Y124: 0.12 | Z124: 3.22 | AA124: 0.34 | AB124: 1.52 | AC124: 0.32 | AD124: 10.78 | AE124: 4.84 | AF124: 24.07 | AG124: 23.3 | AH124: 0.27 | AI124: 139.85 | AJ124: 22.19
B125: B. 농경지 | C125: NO, NE | D125: NO, NE | E125: NO, NE | F125: NO, NE | G125: NO, NE | H125: NO, NE | I125: NO, NE | J125: NO, NE | K125: NO, NE | L125: NO, NE | M125: NO, NE | N125: NO, NE | O125: NO, NE | P125: NO, NE | Q125: NO, NE | R125: NO, NE | S125: NO, NE | T125: NO, NE | U125: NO, NE | V125: NO, NE | W125: NO, NE | X125: NO, NE | Y125: NO, NE | Z125: NO, NE | AA125: NO, NE | AB125: NO, NE | AC125: NO, NE | AD125: NO, NE | AE125: NO, NE | AF125: NO, NE | AG125: NO, NE | AH125: NO, NE | AI125: NO, NE | AJ125: NO, NE
B126: 1. 농경지로 유지된 농경지 | C126: NO, NE | D126: NO, NE | E126: NO, NE | F126: NO, NE | G126: NO, NE | H126: NO, NE | I126: NO, NE | J126: NO, NE | K126: NO, NE | L126: NO, NE | M126: NO, NE | N126: NO, NE | O126: NO, NE | P126: NO, NE | Q126: NO, NE | R126: NO, NE | S126: NO, NE | T126: NO, NE | U126: NO, NE | V126: NO, NE | W126: NO, NE | X126: NO, NE | Y126: NO, NE | Z126: NO, NE | AA126: NO, NE | AB126: NO, NE | AC126: NO, NE | AD126: NO, NE | AE126: NO, NE | AF126: NO, NE | AG126: NO, NE | AH126: NO, NE | AI126: NO, NE | AJ126: NO, NE
B127: 2. 타토지에서 전용된 농경지 | C127: NO, NE | D127: NO, NE | E127: NO, NE | F127: NO, NE | G127: NO, NE | H127: NO, NE | I127: NO, NE | J127: NO, NE | K127: NO, NE | L127: NO, NE | M127: NO, NE | N127: NO, NE | O127: NO, NE | P127: NO, NE | Q127: NO, NE | R127: NO, NE | S127: NO, NE | T127: NO, NE | U127: NO, NE | V127: NO, NE | W127: NO, NE | X127: NO, NE | Y127: NO, NE | Z127: NO, NE | AA127: NO, NE | AB127: NO, NE | AC127: NO, NE | AD127: NO, NE | AE127: NO, NE | AF127: NO, NE | AG127: NO, NE | AH127: NO, NE | AI127: NO, NE | AJ127: NO, NE
B128: C. 초지 | C128: NO, NE | D128: NO, NE | E128: NO, NE | F128: NO, NE | G128: NO, NE | H128: NO, NE | I128: NO, NE | J128: NO, NE | K128: NO, NE | L128: NO, NE | M128: NO, NE | N128: NO, NE | O128: NO, NE | P128: NO, NE | Q128: NO, NE | R128: NO, NE | S128: NO, NE | T128: NO, NE | U128: NO, NE | V128: NO, NE | W128: NO, NE | X128: NO, NE | Y128: NO, NE | Z128: NO, NE | AA128: NO, NE | AB128: NO, NE | AC128: NO, NE | AD128: NO, NE | AE128: NO, NE | AF128: NO, NE | AG128: NO, NE | AH128: NO, NE | AI128: NO, NE | AJ128: NO, NE
B129: 1. 초지로 유지된 초지 | C129: NO, NE | D129: NO, NE | E129: NO, NE | F129: NO, NE | G129: NO, NE | H129: NO, NE | I129: NO, NE | J129: NO, NE | K129: NO, NE | L129: NO, NE | M129: NO, NE | N129: NO, NE | O129: NO, NE | P129: NO, NE | Q129: NO, NE | R129: NO, NE | S129: NO, NE | T129: NO, NE | U129: NO, NE | V129: NO, NE | W129: NO, NE | X129: NO, NE | Y129: NO, NE | Z129: NO, NE | AA129: NO, NE | AB129: NO, NE | AC129: NO, NE | AD129: NO, NE | AE129: NO, NE | AF129: NO, NE | AG129: NO, NE | AH129: NO, NE | AI129: NO, NE | AJ129: NO, NE
B130: 2. 타토지에서 전용된 초지 | C130: NO, NE | D130: NO, NE | E130: NO, NE | F130: NO, NE | G130: NO, NE | H130: NO, NE | I130: NO, NE | J130: NO, NE | K130: NO, NE | L130: NO, NE | M130: NO, NE | N130: NO, NE | O130: NO, NE | P130: NO, NE | Q130: NO, NE | R130: NO, NE | S130: NO, NE | T130: NO, NE | U130: NO, NE | V130: NO, NE | W130: NO, NE | X130: NO, NE | Y130: NO, NE | Z130: NO, NE | AA130: NO, NE | AB130: NO, NE | AC130: NO, NE | AD130: NO, NE | AE130: NO, NE | AF130: NO, NE | AG130: NO, NE | AH130: NO, NE | AI130: NO, NE | AJ130: NO, NE
B131: D. 습지 | C131: 278.7 | D131: 258.16 | E131: 272.15 | F131: 261.37 | G131: 268.58 | H131: 267.7 | I131: 270.53 | J131: 296.65 | K131: 309.6 | L131: 300.11 | M131: 319.22 | N131: 327.81 | O131: 342.59 | P131: 342.24 | Q131: 334.39 | R131: 316.94 | S131: 340.41 | T131: 347.76 | U131: 365.14 | V131: 352.74 | W131: 342.33 | X131: 360.83 | Y131: 343.59 | Z131: 347.56 | AA131: 368.27 | AB131: 415.63 | AC131: 393.83 | AD131: 375.32 | AE131: 378.32 | AF131: 387.06 | AG131: 396.77 | AH131: 396.83 | AI131: 375.5 | AJ131: 388.38
B132: 1. 습지로 유지된 습지 | C132: 278.7 | D132: 258.16 | E132: 272.15 | F132: 261.37 | G132: 268.58 | H132: 267.7 | I132: 270.53 | J132: 296.65 | K132: 309.6 | L132: 300.11 | M132: 319.22 | N132: 327.81 | O132: 342.59 | P132: 342.24 | Q132: 334.39 | R132: 316.94 | S132: 340.41 | T132: 347.76 | U132: 365.14 | V132: 352.74 | W132: 342.33 | X132: 360.83 | Y132: 343.59 | Z132: 347.56 | AA132: 368.27 | AB132: 415.63 | AC132: 393.83 | AD132: 375.32 | AE132: 378.32 | AF132: 387.06 | AG132: 396.77 | AH132: 396.83 | AI132: 375.5 | AJ132: 388.38
...

Sheet N2O
B1: N2O 배출량 (단위: kt CO2-eq)
B4: 분야·부문/연도 | C4: 1990 | D4: 1991 | E4: 1992 | F4: 1993 | G4: 1994 | H4: 1995 | I4: 1996 | J4: 1997 | K4: 1998 | L4: 1999 | M4: 2000 | N4: 2001 | O4: 2002 | P4: 2003 | Q4: 2004 | R4: 2005 | S4: 2006 | T4: 2007 | U4: 2008 | V4: 2009 | W4: 2010 | X4: 2011 | Y4: 2012 | Z4: 2013 | AA4: 2014 | AB4: 2015 | AC4: 2016 | AD4: 2017 | AE4: 2018 | AF4: 2019 | AG4: 2020 | AH4: 2021 | AI4: 2022 | AJ4: 2023
B5: 총배출량 | C5: 6294.56 | D5: 6699.32 | E5: 8816.49 | F5: 9287.14 | G5: 9999.12 | H5: 10848.13 | I5: 11812.25 | J5: 12726.24 | K5: 12953.86 | L5: 13845.48 | M5: 14784.38 | N5: 15050.06 | O5: 15067.72 | P5: 17781.45 | Q5: 19927.77 | R5: 18718.7 | S5: 17979.99 | T5: 10556.59 | U5: 9881.24 | V5: 10173.44 | W5: 10479.91 | X5: 9611.41 | Y5: 10075.58 | Z5: 10089.84 | AA5: 10104.72 | AB5: 9947.52 | AC5: 10196.03 | AD5: 10458.96 | AE5: 10724.15 | AF5: 10844.56 | AG5: 10555.6 | AH5: 10679.81 | AI5: 10587.46 | AJ5: 10614.33
B6: 순배출량 | C6: 6294.57 | D6: 6699.37 | E6: 8816.55 | F6: 9287.26 | G6: 9999.21 | H6: 10848.2 | I6: 11821.38 | J6: 12727.26 | K6: 12954.97 | L6: 13845.64 | M6: 14819.06 | N6: 15050.92 | O6: 15075.93 | P6: 17781.52 | Q6: 19929.11 | R6: 18721.59 | S6: 17980.19 | T6: 10556.75 | U6: 9881.36 | V6: 10175.76 | W6: 10480.19 | X6: 9612.74 | Y6: 10075.64 | Z6: 10091.52 | AA6: 10104.89 | AB6: 9948.32 | AC6: 10196.2 | AD6: 10464.61 | AE6: 10726.69 | AF6: 10857.16 | AG6: 10567.8 | AH6: 10679.95 | AI6: 10660.68 | AJ6: 10625.95
B7: 1. 에너지 | C7: 1245.93 | D7: 1351.42 | E7: 1491.68 | F7: 1765.23 | G7: 1886.64 | H7: 2075.72 | I7: 2314.34 | J7: 2524.1 | K7: 2040.1 | L7: 2224.3 | M7: 2410.88 | N7: 2502.06 | O7: 2584.88 | P7: 2588.19 | Q7: 2579.47 | R7: 2570.01 | S7: 2571.27 | T7: 2613.46 | U7: 2633.99 | V7: 2725.48 | W7: 2874.51 | X7: 2936.05 | Y7: 2921.98 | Z7: 2965.97 | AA7: 2949.84 | AB7: 3020.99 | AC7: 3083.79 | AD7: 3603.01 | AE7: 3725.8 | AF7: 3661.15 | AG7: 3452.94 | AH7: 3595.83 | AI7: 3559.39 | AJ7: 3557.66
B8: A. 연료연소 | C8: 1245.93 | D8: 1351.42 | E8: 1491.68 | F8: 1765.23 | G8: 1886.64 | H8: 2075.72 | I8: 2314.34 | J8: 2524.1 | K8: 2040.1 | L8: 2224.3 | M8: 2410.88 | N8: 2502.06 | O8: 2584.88 | P8: 2588.19 | Q8: 2579.46 | R8: 2569.99 | S8: 2571.26 | T8: 2613.45 | U8: 2633.98 | V8: 2725.47 | W8: 2874.5 | X8: 2936.04 | Y8: 2921.97 | Z8: 2965.96 | AA8: 2949.83 | AB8: 3020.98 | AC8: 3083.79 | AD8: 3603 | AE8: 3725.79 | AF8: 3661.14 | AG8: 3452.94 | AH8: 3595.83 | AI8: 3559.39 | AJ8: 3557.66
B9: 1. 에너지산업 | C9: 113.84 | D9: 129.05 | E9: 147.9 | F9: 176.46 | G9: 218.61 | H9: 243.51 | I9: 305.15 | J9: 338.51 | K9: 335.63 | L9: 366.44 | M9: 431.96 | N9: 472.42 | O9: 505.4 | P9: 521.26 | Q9: 553.71 | R9: 577.96 | S9: 601.23 | T9: 628.62 | U9: 690.91 | V9: 776.67 | W9: 829.78 | X9: 866.94 | Y9: 852.37 | Z9: 869.44 | AA9: 865.87 | AB9: 895.78 | AC9: 886.84 | AD9: 1268.41 | AE9: 1370.08 | AF9: 1285.46 | AG9: 1138.02 | AH9: 1204.73 | AI9: 1202.46 | AJ9: 1189.42
B10: a. 공공전기 및 열 생산 | C10: 106.74 | D10: 120.14 | E10: 136.76 | F10: 163.71 | G10: 205.4 | H10: 229.14 | I10: 288.71 | J10: 320.01 | K10: 316.73 | L10: 347.24 | M10: 413.41 | N10: 453.56 | O10: 486.92 | P10: 503.62 | Q10: 535.77 | R10: 557.64 | S10: 581.18 | T10: 608.5 | U10: 671.4 | V10: 758.93 | W10: 815.16 | X10: 851.29 | Y10: 838.16 | Z10: 855.77 | AA10: 853.07 | AB10: 883.23 | AC10: 871.37 | AD10: 1248.88 | AE10: 1352.45 | AF10: 1264.91 | AG10: 1119.07 | AH10: 1185.8 | AI10: 1185.52 | AJ10: 1171.65
B11: b. 석유정제 | C11: 6.72 | D11: 8.22 | E11: 10.21 | F11: 11.4 | G11: 11.87 | H11: 12.88 | I11: 14.99 | J11: 16.66 | K11: 17.22 | L11: 18.18 | M11: 17.47 | N11: 17.87 | O11: 17.79 | P11: 16.77 | Q11: 16.5 | R11: 17.69 | S11: 17.51 | T11: 17.66 | U11: 17.39 | V11: 15.89 | W11: 12.91 | X11: 13.08 | Y11: 11.33 | Z11: 11.21 | AA11: 12.14 | AB11: 12.02 | AC11: 15 | AD11: 18.53 | AE11: 17.1 | AF11: 18.14 | AG11: 18.49 | AH11: 17.94 | AI11: 15.15 | AJ11: 15.28
B12: c. 고체연료 제조 및 기타 에너지 산업 | C12: 0.38 | D12: 0.69 | E12: 0.93 | F12: 1.35 | G12: 1.34 | H12: 1.5 | I12: 1.45 | J12: 1.84 | K12: 1.68 | L12: 1.03 | M12: 1.07 | N12: 1 | O12: 0.7 | P12: 0.88 | Q12: 1.45 | R12: 2.63 | S12: 2.54 | T12: 2.46 | U12: 2.12 | V12: 1.85 | W12: 1.71 | X12: 2.57 | Y12: 2.88 | Z12: 2.46 | AA12: 0.67 | AB12: 0.54 | AC12: 0.46 | AD12: 1 | AE12: 0.52 | AF12: 2.4 | AG12: 0.46 | AH12: 0.99 | AI12: 1.78 | AJ12: 2.49
B13: 2. 제조업 및 건설업 | C13: 165.77 | D13: 192.15 | E13: 196.11 | F13: 223.76 | G13: 232.22 | H13: 234.26 | I13: 259.13 | J13: 264.01 | K13: 232.64 | L13: 237.5 | M13: 267.89 | N13: 268.03 | O13: 261.24 | P13: 278.32 | Q13: 285.52 | R13: 266.06 | S13: 278.95 | T13: 297.71 | U13: 313.38 | V13: 296.71 | W13: 335.54 | X13: 360.44 | Y13: 330.44 | Z13: 315.19 | AA13: 354.93 | AB13: 357.82 | AC13: 370.36 | AD13: 474.61 | AE13: 485.55 | AF13: 470.1 | AG13: 458.43 | AH13: 486.75 | AI13: 462.37 | AJ13: 463.63
B14: a. 철강 | C14: 17.71 | D14: 27.72 | E14: 30.83 | F14: 33.82 | G14: 34.68 | H14: 35.4 | I14: 35.6 | J14: 31.96 | K14: 31.29 | L14: 34.84 | M14: 34.77 | N14: 34.78 | O14: 35.63 | P14: 37.07 | Q14: 42.45 | R14: 27.5 | S14: 29.01 | T14: 44.26 | U14: 50.53 | V14: 40.32 | W14: 57.5 | X14: 54.92 | Y14: 49.88 | Z14: 30.25 | AA14: 34.3 | AB14: 40.26 | AC14: 33.14 | AD14: 90.47 | AE14: 98.33 | AF14: 93.78 | AG14: 90.93 | AH14: 90.47 | AI14: 81.41 | AJ14: 80.23
B15: b. 비철금속 | C15: 1.36 | D15: 1.32 | E15: 1.02 | F15: 0.99 | G15: 3.01 | H15: 3.03 | I15: 3.23 | J15: 2.57 | K15: 2.71 | L15: 2.58 | M15: 3.63 | N15: 3.47 | O15: 3.66 | P15: 4.52 | Q15: 4.54 | R15: 4.28 | S15: 4.41 | T15: 5.35 | U15: 6.19 | V15: 8.73 | W15: 6.93 | X15: 7.98 | Y15: 6.9 | Z15: 7.21 | AA15: 7.53 | AB15: 8.1 | AC15: 8.32 | AD15: 8.95 | AE15: 9.1 | AF15: 9.03 | AG15: 9.6 | AH15: 12.1 | AI15: 10.69 | AJ15: 10.51
... B40: 5. 미분류 | C40: 0.39 | D40: 10.23 | E40: 6.43 | F40: 6.83 | G40: 6.18 | H40: 6.14 | I40: 6.7 | J40: 6.34 | K40: 5.72 | L40: 5.95 | M40: 5.24 | N40: 6.82 | O40: 6.19 | P40: 7.29 | Q40: 6.92 | R40: 7.06 | S40: 6.21 | T40: 6.32 | U40: 5.66 | V40: 6.25 | W40: 6.4 | X40: 6.26 | Y40: 6.3 | Z40: 6.42 | AA40: 6.18 | AB40: 6.69 | AC40: 6.62 | AD40: 6.88 | AE40: 6.72 | AF40: 6.34 | AG40: 6.27 | AH40: 6.29 | AI40: 6.5 | AJ40: 6.44
B41: B. 탈루 | C41: NO, NA | D41: NO, NA | E41: NO, NA | F41: NO, NA | G41: NO, NA | H41: NO, NA | I41: NO, NA | J41: NO, NA | K41: NO, NA | L41: NO, NA | M41: NO, NA | N41: NO, NA | O41: NO, NA | P41: NO, NA | Q41: 0.0029 | R41: 0.01804 | S41: 0.01527 | T41: 0.01119 | U41: 0.00743 | V41: 0.01554 | W41: 0.01768 | X41: 0.01391 | Y41: 0.01309 | Z41: 0.01418 | AA41: 0.00975 | AB41: 0.00568 | AC41: 0.00492 | AD41: 0.01054 | AE41: 0.00928 | AF41: 0.00774 | AG41: 0.00531 | AH41: 0.00171 | AI41: 0.00045 | AJ41: NO
B42: 1. 고체연료
B43: 2. 석유 및 천연가스 | C43: NO, NA | D43: NO, NA | E43: NO, NA | F43: NO, NA | G43: NO, NA | H43: NO, NA | I43: NO, NA | J43: NO, NA | K43: NO, NA | L43: NO, NA | M43: NO, NA | N43: NO, NA | O43: NO, NA | P43: NO, NA | Q43: 0.0029 | R43: 0.01804 | S43: 0.01527 | T43: 0.01119 | U43: 0.00743 | V43: 0.01554 | W43: 0.01768 | X43: 0.01391 | Y43: 0.01309 | Z43: 0.01418 | AA43: 0.00975 | AB43: 0.00568 | AC43: 0.00492 | AD43: 0.01054 | AE43: 0.00928 | AF43: 0.00774 | AG43: 0.00531 | AH43: 0.00171 | AI43: 0.00045 | AJ43: NO
B44: a.석유 | C44: NO, NA | D44: NO, NA | E44: NO, NA | F44: NO, NA | G44: NO, NA | H44: NO, NA | I44: NO, NA | J44: NO, NA | K44: NO, NA | L44: NO, NA | M44: NO, NA | N44: NO, NA | O44: NO, NA | P44: NO, NA | Q44: NO, NA | R44: NO, NA | S44: NO, NA | T44: NO, NA | U44: NO, NA | V44: NO, NA | W44: NO, NA | X44: NO, NA | Y44: NO, NA | Z44: NO, NA | AA44: NO, NA | AB44: NO, NA | AC44: NO, NA | AD44: NO, NA | AE44: NO, NA | AF44: NO, NA | AG44: NO, NA | AH44: NO, NA | AI44: NO, NA | AJ44: NO, NA
B45: b.천연가스
B46: c.탈기 및 소각 | C46: NO | D46: NO | E46: NO | F46: NO | G46: NO | H46: NO | I46: NO | J46: NO | K46: NO | L46: NO | M46: NO | N46: NO | O46: NO | P46: NO | Q46: 0.0029 | R46: 0.01804 | S46: 0.01527 | T46: 0.01119 | U46: 0.00743 | V46: 0.01554 | W46: 0.01768 | X46: 0.01391 | Y46: 0.01309 | Z46: 0.01418 | AA46: 0.00975 | AB46: 0.00568 | AC46: 0.00492 | AD46: 0.01054 | AE46: 0.00928 | AF46: 0.00774 | AG46: 0.00531 | AH46: 0.00171 | AI46: 0.00045 | AJ46: NO
B47: C.이산화탄소 수송 및 저장
B48: 2. 산업공정 및 제품 사용 | C48: 417.19 | D48: 640.43 | E48: 2405.53 | F48: 2458.76 | G48: 2677.05 | H48: 3135.19 | I48: 3528 | J48: 4177.09 | K48: 4734.64 | L48: 5567.39 | M48: 6324.63 | N48: 6663.43 | O48: 6488.86 | P48: 9432.84 | Q48: 11525.7 | R48: 10265.06 | S48: 9531.07 | T48: 2003.35 | U48: 1374.63 | V48: 1359.65 | W48: 1418.31 | X48: 835.11 | Y48: 972.18 | Z48: 842.23 | AA48: 807.98 | AB48: 630.62 | AC48: 802.57 | AD48: 535.98 | AE48: 548.92 | AF48: 641.39 | AG48: 506.98 | AH48: 408.71 | AI48: 303.5 | AJ48: 322.86
B49: A. 광물산업 | C49: NO | D49: NO | E49: NO | F49: NO | G49: NO | H49: NO | I49: NO | J49: NO | K49: NO | L49: NO | M49: NO | N49: NO | O49: NO | P49: NO | Q49: NO | R49: NO | S49: NO | T49: NO | U49: NO | V49: NO | W49: NO | X49: NO | Y49: NO | Z49: NO | AA49: NO | AB49: NO | AC49: NO | AD49: NO | AE49: NO | AF49: NO | AG49: NO | AH49: NO | AI49: NO | AJ49: NO
B50: 1. 시멘트생산
B51: 2. 석회생산
B52: 3. 유리생산
B53: 4. 탄산염의 기타 공정 사용 | C53: NO | D53: NO | E53: NO | F53: NO | G53: NO | H53: NO | I53: NO | J53: NO | K53: NO | L53: NO | M53: NO | N53: NO | O53: NO | P53: NO | Q53: NO | R53: NO | S53: NO | T53: NO | U53: NO | V53: NO | W53: NO | X53: NO | Y53: NO | Z53: NO | AA53: NO | AB53: NO | AC53: NO | AD53: NO | AE53: NO | AF53: NO | AG53: NO | AH53: NO | AI53: NO | AJ53: NO
B54: B. 화학산업 | C54: 417.19 | D54: 640.43 | E54: 2405.53 | F54: 2458.76 | G54: 2677.05 | H54: 3135.19 | I54: 3528 | J54: 4177.09 | K54: 4734.64 | L54: 5567.39 | M54: 6324.63 | N54: 6663.43 | O54: 6488.86 | P54: 9432.84 | Q54: 11446.92 | R54: 10119.68 | S54: 9379.9 | T54: 1834.06 | U54: 1202.18 | V54: 1177.19 | W54: 1219.79 | X54: 632.66 | Y54: 744.77 | Z54: 595.79 | AA54: 599.98 | AB54: 469.44 | AC54: 663.07 | AD54: 404.16 | AE54: 416.56 | AF54: 505.09 | AG54: 379.88 | AH54: 312.98 | AI54: 199.81 | AJ54: 170.56
B55: 1. 암모니아 생산 | C55: NA | D55: NA | E55: NA | F55: NA | G55: NA | H55: NA | I55: NA | J55: NA | K55: NA | L55: NA | M55: NA | N55: NA | O55: NA | P55: NA | Q55: NA | R55: NA | S55: NA | T55: NA | U55: NA | V55: NA | W55: NA | X55: NA | Y55: NA | Z55: NA | AA55: NA | AB55: NA | AC55: NA | AD55: NA | AE55: NA | AF55: NA | AG55: NA | AH55: NA | AI55: NA | AJ55: NA
B56: 2. 질산 생산 | C56: 219.29 | D56: 270.85 | E56: 352.77 | F56: 438.3 | G56: 493.48 | H56: 599.99 | I56: 673.29 | J56: 777.58 | K56: 861.48 | L56: 879.28 | M56: 1064.25 | N56: 1021.54 | O56: 1087.62 | P56: 1370.72 | Q56: 1411.46 | R56: 1485.43 | S56: 1648.19 | T56: 463.63 | U56: 168.3 | V56: 142.53 | W56: 160.27 | X56: 187.59 | Y56: 332.51 | Z56: 204.04 | AA56: 242.71 | AB56: 229.55 | AC56: 305.08 | AD56: 301.93 | AE56: 291.52 | AF56: 374.08 | AG56: 276.2 | AH56: 189.7 | AI56: 96.3 | AJ56: 100.88
B57: 3. 아디프산 생산 | C57: IE | D57: IE | E57: IE | F57: IE | G57: IE | H57: IE | I57: IE | J57: IE | K57: IE | L57: IE | M57: IE | N57: IE | O57: IE | P57: IE | Q57: IE | R57: IE | S57: IE | T57: IE | U57: IE | V57: IE | W57: IE | X57: IE | Y57: IE | Z57: IE | AA57: IE | AB57: IE | AC57: IE | AD57: IE | AE57: IE | AF57: IE | AG57: IE | AH57: IE | AI57: IE | AJ57: IE
B58: 4. 카프로락탐, 글리옥살, 글리옥실산 생산 | C58: NO, IE | D58: NO, IE | E58: NO, IE | F58: NO, IE | G58: NO, IE | H58: NO, IE | I58: NO, IE | J58: NO, IE | K58: NO, IE | L58: NO, IE | M58: NO, IE | N58: NO, IE | O58: NO, IE | P58: NO, IE | Q58: NO, IE | R58: NO, IE | S58: NO, IE | T58: NO, IE | U58: NO, IE | V58: NO, IE | W58: NO, IE | X58: NO, IE | Y58: NO, IE | Z58: NO, IE | AA58: NO, IE | AB58: NO, IE | AC58: NO, IE | AD58: NO, IE | AE58: NO, IE | AF58: NO, IE | AG58: NO, IE | AH58: NO, IE | AI58: NO, IE | AJ58: NO, IE
B59: 5. 카바이드 생산
B60: 6. 이산화티타늄 생산
B61: 7. 소다회 생산
B62: 8. 석유화학제품 및 카본블랙 생산
B63: 9. 불소화합물 생산
B64: 10. 기타 | C64: 197.9 | D64: 369.58 | E64: 2052.76 | F64: 2020.47 | G64: 2183.58 | H64: 2535.2 | I64: 2854.71 | J64: 3399.51 | K64: 3873.16 | L64: 4688.11 | M64: 5260.38 | N64: 5641.89 | O64: 5401.24 | P64: 8062.12 | Q64: 10035.46 | R64: 8634.26 | S64: 7731.71 | T64: 1370.44 | U64: 1033.87 | V64: 1034.66 | W64: 1059.52 | X64: 445.07 | Y64: 412.26 | Z64: 391.76 | AA64: 357.27 | AB64: 239.89 | AC64: 357.99 | AD64: 102.23 | AE64: 125.04 | AF64: 131.01 | AG64: 103.68 | AH64: 123.27 | AI64: 103.51 | AJ64: 69.68
B65: C. 금속산업 | C65: NO | D65: NO | E65: NO | F65: NO | G65: NO | H65: NO | I65: NO | J65: NO | K65: NO | L65: NO | M65: NO | N65: NO | O65: NO | P65: NO | Q65: NO | R65: NO | S65: NO | T65: NO | U65: NO | V65: NO | W65: NO | X65: NO | Y65: NO | Z65: NO | AA65: NO | AB65: NO | AC65: NO | AD65: NO | AE65: NO | AF65: NO | AG65: NO | AH65: NO | AI65: NO | AJ65: NO
B66: 1. 철강생산
B67: 2. 합금철 생산
B68: 3. 알루미늄 생산
B69: 4. 마그네슘 생산
B70: 5. 납 생산
B71: 6. 아연 생산
B72: 7. 기타 | C72: NO | D72: NO | E72: NO | F72: NO | G72: NO | H72: NO | I72: NO | J72: NO | K72: NO | L72: NO | M72: NO | N72: NO | O72: NO | P72: NO | Q72: NO | R72: NO | S72: NO | T72: NO | U72: NO | V72: NO | W72: NO | X72: NO | Y72: NO | Z72: NO | AA72: NO | AB72: NO | AC72: NO | AD72: NO | AE72: NO | AF72: NO | AG72: NO | AH72: NO | AI72: NO | AJ72: NO
B73: D. 비에너지 제품 및 용매 사용 | C73: NO, NA | D73: NO, NA | E73: NO, NA | F73: NO, NA | G73: NO, NA | H73: NO, NA | I73: NO, NA | J73: NO, NA | K73: NO, NA | L73: NO, NA | M73: NO, NA | N73: NO, NA | O73: NO, NA | P73: NO, NA | Q73: NO, NA | R73: NO, NA | S73: NO, NA | T73: NO, NA | U73: NO, NA | V73: NO, NA | W73: NO, NA | X73: NO, NA | Y73: NO, NA | Z73: NO, NA | AA73: NO, NA | AB73: NO, NA | AC73: NO, NA | AD73: NO, NA | AE73: NO, NA | AF73: NO, NA | AG73: NO, NA | AH73: NO, NA | AI73: NO, NA | AJ73: NO, NA
B74: 1. 윤활유 사용 | C74: NO | D74: NO | E74: NO | F74: NO | G74: NO | H74: NO | I74: NO | J74: NO | K74: NO | L74: NO | M74: NO | N74: NO | O74: NO | P74: NO | Q74: NO | R74: NO | S74: NO | T74: NO | U74: NO | V74: NO | W74: NO | X74: NO | Y74: NO | Z74: NO | AA74: NO | AB74: NO | AC74: NO | AD74: NO | AE74: NO | AF74: NO | AG74: NO | AH74: NO | AI74: NO | AJ74: NO
B75: 2. 파라핀 왁스 사용 | C75: NO | D75: NO | E75: NO | F75: NO | G75: NO | H75: NO | I75: NO | J75: NO | K75: NO | L75: NO | M75: NO | N75: NO | O75: NO | P75: NO | Q75: NO | R75: NO | S75: NO | T75: NO | U75: NO | V75: NO | W75: NO | X75: NO | Y75: NO | Z75: NO | AA75: NO | AB75: NO | AC75: NO | AD75: NO | AE75: NO | AF75: NO | AG75: NO | AH75: NO | AI75: NO | AJ75: NO
B76: 3. 기타 | C76: NA | D76: NA | E76: NA | F76: NA | G76: NA | H76: NA | I76: NA | J76: NA | K76: NA | L76: NA | M76: NA | N76: NA | O76: NA | P76: NA | Q76: NA | R76: NA | S76: NA | T76: NA | U76: NA | V76: NA | W76: NA | X76: NA | Y76: NA | Z76: NA | AA76: NA | AB76: NA | AC76: NA | AD76: NA | AE76: NA | AF76: NA | AG76: NA | AH76: NA | AI76: NA | AJ76: NA
B77: E. 전자산업 | C77: NO, NA | D77: NO, NA | E77: NO, NA | F77: NO, NA | G77: NO, NA | H77: NO, NA | I77: NO, NA | J77: NO, NA | K77: NO, NA | L77: NO, NA | M77: NO, NA | N77: NO, NA | O77: NO, NA | P77: NO, NA | Q77: NO, NA | R77: NO, NA | S77: NO, NA | T77: NO, NA | U77: NO, NA | V77: NO, NA | W77: NO, NA | X77: NO, NA | Y77: NO, NA | Z77: NO, NA | AA77: NO, NA | AB77: NO, NA | AC77: NO, NA | AD77: NO, NA | AE77: NO, NA | AF77: NO, NA | AG77: NO, NA | AH77: NO, NA | AI77: NO, NA | AJ77: NO, NA
B78: F. 오존층파괴물질의 대체물질 사용
B79: 1. 냉장 및 냉방
B80: 2. 발포제
B81: 3. 소화기
B82: 4. 에어로졸
B83: 5. 용매
B84: 6. 기타 오존층파괴물질의 대체물질 사용
B85: G. 기타 제품제조 및 소비 | C85: NO, NE | D85: NO, NE | E85: NO, NE | F85: NO, NE | G85: NO, NE | H85: NO, NE | I85: NO, NE | J85: NO, NE | K85: NO, NE | L85: NO, NE | M85: NO, NE | N85: NO, NE | O85: NO, NE | P85: NO, NE | Q85: 78.78 | R85: 145.37 | S85: 151.17 | T85: 169.28 | U85: 172.46 | V85: 182.46 | W85: 198.51 | X85: 202.45 | Y85: 227.41 | Z85: 246.43 | AA85: 208 | AB85: 161.17 | AC85: 139.5 | AD85: 131.82 | AE85: 132.36 | AF85: 136.3 | AG85: 127.1 | AH85: 95.73 | AI85: 103.69 | AJ85: 152.3
B86: 1. 중전기기
B87: 2. 기타 제품사용의 육불화황 및 과불화탄소
B88: 3. 제품사용의 아산화질소 | C88: NO, NE | D88: NO, NE | E88: NO, NE | F88: NO, NE | G88: NO, NE | H88: NO, NE | I88: NO, NE | J88: NO, NE | K88: NO, NE | L88: NO, NE | M88: NO, NE | N88: NO, NE | O88: NO, NE | P88: NO, NE | Q88: 78.78 | R88: 145.37 | S88: 151.17 | T88: 169.28 | U88: 172.46 | V88: 182.46 | W88: 198.51 | X88: 202.45 | Y88: 227.41 | Z88: 246.43 | AA88: 208 | AB88: 161.17 | AC88: 139.5 | AD88: 131.82 | AE88: 132.36 | AF88: 136.3 | AG88: 127.1 | AH88: 95.73 | AI88: 103.69 | AJ88: 152.3
B89: H. 기타 | C89: NO | D89: NO | E89: NO | F89: NO | G89: NO | H89: NO | I89: NO | J89: NO | K89: NO | L89: NO | M89: NO | N89: NO | O89: NO | P89: NO | Q89: NO | R89: NO | S89: NO | T89: NO | U89: NO | V89: NO | W89: NO | X89: NO | Y89: NO | Z89: NO | AA89: NO | AB89: NO | AC89: NO | AD89: NO | AE89: NO | AF89: NO | AG89: NO | AH89: NO | AI89: NO | AJ89: NO
B90: 1. 펄프 및 종이 | C90: NO | D90: NO | E90: NO | F90: NO | G90: NO | H90: NO | I90: NO | J90: NO | K90: NO | L90: NO | M90: NO | N90: NO | O90: NO | P90: NO | Q90: NO | R90: NO | S90: NO | T90: NO | U90: NO | V90: NO | W90: NO | X90: NO | Y90: NO | Z90: NO | AA90: NO | AB90: NO | AC90: NO | AD90: NO | AE90: NO | AF90: NO | AG90: NO | AH90: NO | AI90: NO | AJ90: NO
B91: 2. 식품 및 음료 | C91: NO | D91: NO | E91: NO | F91: NO | G91: NO | H91: NO | I91: NO | J91: NO | K91: NO | L91: NO | M91: NO | N91: NO | O91: NO | P91: NO | Q91: NO | R91: NO | S91: NO | T91: NO | U91: NO | V91: NO | W91: NO | X91: NO | Y91: NO | Z91: NO | AA91: NO | AB91: NO | AC91: NO | AD91: NO | AE91: NO | AF91: NO | AG91: NO | AH91: NO | AI91: NO | AJ91: NO
B92: 3. 기타 | C92: NO | D92: NO | E92: NO | F92: NO | G92: NO | H92: NO | I92: NO | J92: NO | K92: NO | L92: NO | M92: NO | N92: NO | O92: NO | P92: NO | Q92: NO | R92: NO | S92: NO | T92: NO | U92: NO | V92: NO | W92: NO | X92: NO | Y92: NO | Z92: NO | AA92: NO | AB92: NO | AC92: NO | AD92: NO | AE92: NO | AF92: NO | AG92: NO | AH92: NO | AI92: NO | AJ92: NO
B93: 3. 농업 | C93: 4551.93 | D93: 4592.13 | E93: 4749.36 | F93: 4834.62 | G93: 5083.43 | H93: 5229.97 | I93: 5393.49 | J93: 5414.49 | K93: 5351.71 | L93: 5096.1 | M93: 4980.42 | N93: 4818.29 | O93: 4728.07 | P93: 4627.74 | Q93: 4691.81 | R93: 4769.16 | S93: 4724.6 | T93: 4755.33 | U93: 4727.27 | V93: 4920.13 | W93: 4971.13 | X93: 4669.6 | Y93: 4943.78 | Z93: 5011.21 | AA93: 5077.08 | AB93: 5019.93 | AC93: 4985.41 | AD93: 5049.73 | AE93: 5152.42 | AF93: 5243.91 | AG93: 5277.57 | AH93: 5321.74 | AI93: 5363.93 | AJ93: 5334.23
B94: A. 장내발효
B95: 1. 소
B96: 2. 양(면양)
B97: 3. 돼지
B98: 4. 기타 가축
B99: B. 가축분뇨처리 | C99: 1321.8 | D99: 1412.45 | E99: 1521.27 | F99: 1652.52 | G99: 1736.89 | H99: 1819.41 | I99: 1934.98 | J99: 1969.09 | K99: 1956.48 | L99: 1801.04 | M99: 1744.06 | N99: 1701.47 | O99: 1720.67 | P99: 1728.06 | Q99: 1752.96 | R99: 1802.15 | S99: 1873.78 | T99: 1947.98 | U99: 1977.86 | V99: 2067.84 | W99: 2191.4 | X99: 2044.72 | Y99: 2216.13 | Z99: 2224.89 | AA99: 2265.84 | AB99: 2245.56 | AC99: 2236.24 | AD99: 2314.95 | AE99: 2362.82 | AF99: 2408.62 | AG99: 2421.64 | AH99: 2430.92 | AI99: 2502.41 | AJ99: 2503.9
B100: 1. 소 | C100: 601.14 | D100: 630.56 | E100: 672.74 | F100: 747.47 | G100: 792.18 | H100: 818.52 | I100: 879.51 | J100: 883.66 | K100: 845.57 | L100: 726.64 | M100: 655.4 | N100: 604.84 | O100: 595.34 | P100: 590.3 | Q100: 613.64 | R100: 631.76 | S100: 661.59 | T100: 693.71 | U100: 735.61 | V100: 771.85 | W100: 823.52 | X100: 827.74 | Y100: 849.25 | Z100: 842.69 | AA100: 865.48 | AB100: 825.22 | AC100: 811.21 | AD100: 816.17 | AE100: 827.98 | AF100: 846.73 | AG100: 872.26 | AH100: 899.56 | AI100: 925.1 | AJ100: 927.56
B101: 2. 양(면양) | C101: 0.05 | D101: 0.05 | E101: 0.05 | F101: 0.05 | G101: 0.04 | H101: 0.03 | I101: 0.02 | J101: 0.02 | K101: 0.02 | L101: 0.02 | M101: 0.02 | N101: 0.01 | O101: 0.01 | P101: 0.01 | Q101: 0.01 | R101: 0.02 | S101: 0.02 | T101: 0.02 | U101: 0.03 | V101: 0.04 | W101: 0.07 | X101: 0.07 | Y101: 0.07 | Z101: 0.04 | AA101: 0.04 | AB101: 0.04 | AC101: 0.03 | AD101: 0.04 | AE101: 0.03 | AF101: 0.04 | AG101: 0.04 | AH101: 0.03 | AI101: 0.03 | AJ101: 0.03
B102: 3. 돼지 | C102: 150.13 | D102: 164.86 | E102: 182.99 | F102: 192.3 | G102: 198.38 | H102: 210.33 | I102: 217.53 | J102: 227.12 | K102: 249.86 | L102: 250.53 | M102: 268.04 | N102: 279.02 | O102: 289.79 | P102: 298.15 | Q102: 292.31 | R102: 289.85 | S102: 299.95 | T102: 309.43 | U102: 294.91 | V102: 300.34 | W102: 316.86 | X102: 247.27 | Y102: 289.59 | Z102: 295.84 | AA102: 288.78 | AB102: 298.4 | AC102: 309.17 | AD102: 345.03 | AE102: 326.94 | AF102: 321.8 | AG102: 321.22 | AH102: 328.43 | AI102: 346.25 | AJ102: 338.42
B103: 4. 기타 가축 | C103: 57.06 | D103: 63.83 | E103: 67.42 | F103: 69.62 | G103: 73.03 | H103: 80.76 | I103: 85.62 | J103: 88.9 | K103: 87.16 | L103: 95.06 | M103: 99.72 | N103: 103.75 | O103: 107.98 | P103: 106.2 | Q103: 106.75 | R103: 117.47 | S103: 118.45 | T103: 119.45 | U103: 117.95 | V103: 126.91 | W103: 130.3 | X103: 129.79 | Y103: 135.37 | Z103: 130.72 | AA103: 142.81 | AB103: 145.4 | AC103: 135.5 | AD103: 149.79 | AE103: 159.26 | AF103: 169.03 | AG103: 154.01 | AH103: 127.61 | AI103: 150.74 | AJ103: 150.47
B104: 5. 간접 아산화질소 배출량 | C104: 513.42 | D104: 553.16 | E104: 598.05 | F104: 643.08 | G104: 673.27 | H104: 709.78 | I104: 752.3 | J104: 769.38 | K104: 773.86 | L104: 728.8 | M104: 720.88 | N104: 713.85 | O104: 727.54 | P104: 733.4 | Q104: 740.25 | R104: 763.05 | S104: 793.77 | T104: 825.38 | U104: 829.36 | V104: 868.71 | W104: 920.65 | X104: 839.85 | Y104: 941.86 | Z104: 955.6 | AA104: 968.73 | AB104: 976.5 | AC104: 980.34 | AD104: 1003.92 | AE104: 1048.61 | AF104: 1071.02 | AG104: 1074.12 | AH104: 1075.29 | AI104: 1080.29 | AJ104: 1087.42
B105: C. 벼재배
B106: 1. 수리답
B107: 2. 천수답
B108: D. 농경지토양 | C108: 3219.3 | D108: 3169.88 | E108: 3218.42 | F108: 3172.45 | G108: 3336.57 | H108: 3400.14 | I108: 3447.42 | J108: 3433.99 | K108: 3384.31 | L108: 3283.66 | M108: 3224.6 | N108: 3104.11 | O108: 2995.18 | P108: 2888.16 | Q108: 2927.59 | R108: 2955.55 | S108: 2839.22 | T108: 2795.85 | U108: 2738.17 | V108: 2841.06 | W108: 2769.34 | X108: 2615.54 | Y108: 2718.81 | Z108: 2777.43 | AA108: 2802.21 | AB108: 2765.6 | AC108: 2740.89 | AD108: 2726.83 | AE108: 2781.44 | AF108: 2826.69 | AG108: 2848.4 | AH108: 2884.28 | AI108: 2856.44 | AJ108: 2827.44
B109: 1. 직접배출 | C109: 1706.5 | D109: 1684.65 | E109: 1719.73 | F109: 1705.27 | G109: 1802.06 | H109: 1844.15 | I109: 1877.91 | J109: 1873.21 | K109: 1843.4 | L109: 1779.08 | M109: 1744.64 | N109: 1678.61 | O109: 1623.32 | P109: 1565.86 | Q109: 1591.67 | R109: 1613.55 | S109: 1561.04 | T109: 1543.82 | U109: 1518.55 | V109: 1581.55 | W109: 1552.23 | X109: 1465.61 | Y109: 1534.04 | Z109: 1572.24 | AA109: 1588.29 | AB109: 1568.14 | AC109: 1553.5 | AD109: 1546.62 | AE109: 1579.05 | AF109: 1607.35 | AG109: 1622.97 | AH109: 1646.84 | AI109: 1634.42 | AJ109: 1620.95
B110: 2. 간접배출 | C110: 1512.8 | D110: 1485.23 | E110: 1498.69 | F110: 1467.18 | G110: 1534.51 | H110: 1555.99 | I110: 1569.5 | J110: 1560.78 | K110: 1540.91 | L110: 1504.58 | M110: 1479.96 | N110: 1425.5 | O110: 1371.85 | P110: 1322.3 | Q110: 1335.92 | R110: 1342 | S110: 1278.17 | T110: 1252.03 | U110: 1219.62 | V110: 1259.51 | W110: 1217.11 | X110: 1149.93 | Y110: 1184.77 | Z110: 1205.19 | AA110: 1213.92 | AB110: 1197.47 | AC110: 1187.39 | AD110: 1180.21 | AE110: 1202.39 | AF110: 1219.35 | AG110: 1225.44 | AH110: 1237.45 | AI110: 1222.02 | AJ110: 1206.48
B111: E. 사바나 소각 | C111: NO | D111: NO | E111: NO | F111: NO | G111: NO | H111: NO | I111: NO | J111: NO | K111: NO | L111: NO | M111: NO | N111: NO | O111: NO | P111: NO | Q111: NO | R111: NO | S111: NO | T111: NO | U111: NO | V111: NO | W111: NO | X111: NO | Y111: NO | Z111: NO | AA111: NO | AB111: NO | AC111: NO | AD111: NO | AE111: NO | AF111: NO | AG111: NO | AH111: NO | AI111: NO | AJ111: NO
B112: F. 작물잔사소각 | C112: 10.84 | D112: 9.8 | E112: 9.68 | F112: 9.65 | G112: 9.97 | H112: 10.42 | I112: 11.1 | J112: 11.42 | K112: 10.92 | L112: 11.4 | M112: 11.76 | N112: 12.7 | O112: 12.22 | P112: 11.53 | Q112: 11.26 | R112: 11.47 | S112: 11.6 | T112: 11.5 | U112: 11.24 | V112: 11.23 | W112: 10.38 | X112: 9.33 | Y112: 8.84 | Z112: 8.88 | AA112: 9.03 | AB112: 8.76 | AC112: 8.28 | AD112: 7.95 | AE112: 8.15 | AF112: 8.6 | AG112: 7.52 | AH112: 6.54 | AI112: 5.07 | AJ112: 2.89
B113: 1. 곡류 | C113: 1.71 | D113: 1.46 | E113: 1.23 | F113: 1.12 | G113: 1.01 | H113: 0.99 | I113: 0.99 | J113: 0.96 | K113: 0.83 | L113: 0.76 | M113: 0.71 | N113: 0.8 | O113: 0.78 | P113: 0.79 | Q113: 0.72 | R113: 0.7 | S113: 0.68 | T113: 0.65 | U113: 0.64 | V113: 0.67 | W113: 0.67 | X113: 0.65 | Y113: 0.6 | Z113: 0.52 | AA113: 0.48 | AB113: 0.47 | AC113: 0.54 | AD113: 0.57 | AE113: 0.57 | AF113: 0.44 | AG113: 0.38 | AH113: 0.35 | AI113: 0.36 | AJ113: 0.39
B114: 2. 두류 | C114: 1.91 | D114: 1.74 | E114: 1.54 | F114: 1.39 | G114: 1.29 | H114: 1.24 | I114: 1.21 | J114: 1.22 | K114: 1.17 | L114: 1.06 | M114: 0.95 | N114: 0.9 | O114: 0.89 | P114: 0.86 | Q114: 0.9 | R114: 1.03 | S114: 1.14 | T114: 1.08 | U114: 0.97 | V114: 0.94 | W114: 0.92 | X114: 0.91 | Y114: 0.86 | Z114: 0.98 | AA114: 1.02 | AB114: 0.98 | AC114: 0.8 | AD114: 0.68 | AE114: 0.69 | AF114: 0.81 | AG114: 0.67 | AH114: 0.56 | AI114: 0.43 | AJ114: 0.39
B115: 3. 서류 | C115: NO | D115: NO | E115: NO | F115: NO | G115: NO | H115: NO | I115: NO | J115: NO | K115: NO | L115: NO | M115: NO | N115: NO | O115: NO | P115: NO | Q115: NO | R115: NO | S115: NO | T115: NO | U115: NO | V115: NO | W115: NO | X115: NO | Y115: NO | Z115: NO | AA115: NO | AB115: NO | AC115: NO | AD115: NO | AE115: NO | AF115: NO | AG115: NO | AH115: NO | AI115: NO | AJ115: NO
B116: 4. 사탕수수 | C116: NO | D116: NO | E116: NO | F116: NO | G116: NO | H116: NO | I116: NO | J116: NO | K116: NO | L116: NO | M116: NO | N116: NO | O116: NO | P116: NO | Q116: NO | R116: NO | S116: NO | T116: NO | U116: NO | V116: NO | W116: NO | X116: NO | Y116: NO | Z116: NO | AA116: NO | AB116: NO | AC116: NO | AD116: NO | AE116: NO | AF116: NO | AG116: NO | AH116: NO | AI116: NO | AJ116: NO
B117: 5. 기타 | C117: 7.22 | D117: 6.6 | E117: 6.91 | F117: 7.15 | G117: 7.68 | H117: 8.19 | I117: 8.9 | J117: 9.24 | K117: 8.93 | L117: 9.58 | M117: 10.09 | N117: 11 | O117: 10.56 | P117: 9.87 | Q117: 9.65 | R117: 9.73 | S117: 9.78 | T117: 9.76 | U117: 9.63 | V117: 9.62 | W117: 8.8 | X117: 7.77 | Y117: 7.37 | Z117: 7.38 | AA117: 7.53 | AB117: 7.31 | AC117: 6.93 | AD117: 6.71 | AE117: 6.9 | AF117: 7.35 | AG117: 6.48 | AH117: 5.63 | AI117: 4.28 | AJ117: 2.11
B118: G. 석회 시용
B119: H. 요소 시용
B120: 4. LULUCF | C120: 0.01 | D120: 0.04 | E120: 0.06 | F120: 0.12 | G120: 0.09 | H120: 0.08 | I120: 9.13 | J120: 1.03 | K120: 1.11 | L120: 0.16 | M120: 34.68 | N120: 0.85 | O120: 8.21 | P120: 0.06 | Q120: 1.34 | R120: 2.89 | S120: 0.2 | T120: 0.16 | U120: 0.12 | V120: 2.32 | W120: 0.28 | X120: 1.33 | Y120: 0.06 | Z120: 1.69 | AA120: 0.18 | AB120: 0.8 | AC120: 0.17 | AD120: 5.64 | AE120: 2.53 | AF120: 12.6 | AG120: 12.2 | AH120: 0.14 | AI120: 73.22 | AJ120: 11.62
B121: A. 산림지 | C121: 0.01 | D121: 0.04 | E121: 0.06 | F121: 0.12 | G121: 0.09 | H121: 0.08 | I121: 9.13 | J121: 1.03 | K121: 1.11 | L121: 0.16 | M121: 34.68 | N121: 0.85 | O121: 8.21 | P121: 0.06 | Q121: 1.34 | R121: 2.89 | S121: 0.2 | T121: 0.16 | U121: 0.12 | V121: 2.32 | W121: 0.28 | X121: 1.33 | Y121: 0.06 | Z121: 1.69 | AA121: 0.18 | AB121: 0.8 | AC121: 0.17 | AD121: 5.64 | AE121: 2.53 | AF121: 12.6 | AG121: 12.2 | AH121: 0.14 | AI121: 73.22 | AJ121: 11.62
B122: 1. 산림지로 유지된 산림지 | C122: NO | D122: NO | E122: NO | F122: NO | G122: NO | H122: NO | I122: NO | J122: NO | K122: NO | L122: NO | M122: NO | N122: NO | O122: NO | P122: NO | Q122: NO | R122: NO | S122: NO | T122: NO | U122: NO | V122: NO | W122: NO | X122: NO | Y122: NO | Z122: NO | AA122: NO | AB122: NO | AC122: NO | AD122: NO | AE122: NO | AF122: NO | AG122: NO | AH122: NO | AI122: NO | AJ122: NO
B123: 2. 타토지에서 전용된 산림지 | C123: NO, NE | D123: NO, NE | E123: NO, NE | F123: NO, NE | G123: NO, NE | H123: NO, NE | I123: NO, NE | J123: NO, NE | K123: NO, NE | L123: NO, NE | M123: NO, NE | N123: NO, NE | O123: NO, NE | P123: NO, NE | Q123: NO, NE | R123: NO, NE | S123: NO, NE | T123: NO, NE | U123: NO, NE | V123: NO, NE | W123: NO, NE | X123: NO, NE | Y123: NO, NE | Z123: NO, NE | AA123: NO, NE | AB123: NO, NE | AC123: NO, NE | AD123: NO, NE | AE123: NO, NE | AF123: NO, NE | AG123: NO, NE | AH123: NO, NE | AI123: NO, NE | AJ123: NO, NE
B124: 3. 산불(산림지에서 바이오매스 연소에 의한 배출) | C124: 0.01 | D124: 0.04 | E124: 0.06 | F124: 0.12 | G124: 0.09 | H124: 0.08 | I124: 9.13 | J124: 1.03 | K124: 1.11 | L124: 0.16 | M124: 34.68 | N124: 0.85 | O124: 8.21 | P124: 0.06 | Q124: 1.34 | R124: 2.89 | S124: 0.2 | T124: 0.16 | U124: 0.12 | V124: 2.32 | W124: 0.28 | X124: 1.33 | Y124: 0.06 | Z124: 1.69 | AA124: 0.18 | AB124: 0.8 | AC124: 0.17 | AD124: 5.64 | AE124: 2.53 | AF124: 12.6 | AG124: 12.2 | AH124: 0.14 | AI124: 73.22 | AJ124: 11.62
B125: B. 농경지 | C125: NO, NE | D125: NO, NE | E125: NO, NE | F125: NO, NE | G125: NO, NE | H125: NO, NE | I125: NO, NE | J125: NO, NE | K125: NO, NE | L125: NO, NE | M125: NO, NE | N125: NO, NE | O125: NO, NE | P125: NO, NE | Q125: NO, NE | R125: NO, NE | S125: NO, NE | T125: NO, NE | U125: NO, NE | V125: NO, NE | W125: NO, NE | X125: NO, NE | Y125: NO, NE | Z125: NO, NE | AA125: NO, NE | AB125: NO, NE | AC125: NO, NE | AD125: NO, NE | AE125: NO, NE | AF125: NO, NE | AG125: NO, NE | AH125: NO, NE | AI125: NO, NE | AJ125: NO, NE
B126: 1. 농경지로 유지된 농경지 | C126: NO, NE | D126: NO, NE | E126: NO, NE | F126: NO, NE | G126: NO, NE | H126: NO, NE | I126: NO, NE | J126: NO, NE | K126: NO, NE | L126: NO, NE | M126: NO, NE | N126: NO, NE | O126: NO, NE | P126: NO, NE | Q126: NO, NE | R126: NO, NE | S126: NO, NE | T126: NO, NE | U126: NO, NE | V126: NO, NE | W126: NO, NE | X126: NO, NE | Y126: NO, NE | Z126: NO, NE | AA126: NO, NE | AB126: NO, NE | AC126: NO, NE | AD126: NO, NE | AE126: NO, NE | AF126: NO, NE | AG126: NO, NE | AH126: NO, NE | AI126: NO, NE | AJ126: NO, NE
...

Sheet Cal
A1: CO2 배출량 (단위: kt CO2-eq)
B2: 분야·부문/연도 | C2: 2015 | D2: 2016 | E2: 2017 | F2: 2018 | G2: 2019 | H2: 2020 | I2: 2021 | J2: 2022 | K2: 2023
B3: CO2 | C3: ='CO2'!AB120 -> -48200.29 | D3: ='CO2'!AC120 -> -48627.37 | E3: ='CO2'!AD120 -> -43257.03 | F3: ='CO2'!AE120 -> -41964.15 | G3: ='CO2'!AF120 -> -39090.87 | H3: ='CO2'!AG120 -> -39282.13 | I3: ='CO2'!AH120 -> -39291.98 | J3: ='CO2'!AI120 -> -38474.05 | K3: ='CO2'!AJ120 -> -39855.39
B4: CH4 | C4: ='CH4'!AB120 -> 417.15 | D4: ='CH4'!AC120 -> 394.15 | E4: ='CH4'!AD120 -> 386.1 | F4: ='CH4'!AE120 -> 383.15 | G4: ='CH4'!AF120 -> 411.12 | H4: ='CH4'!AG120 -> 420.07 | I4: ='CH4'!AH120 -> 397.1 | J4: ='CH4'!AI120 -> 515.35 | K4: ='CH4'!AJ120 -> 410.57
B5: N2O | C5: =N2O!AB120 -> 0.8 | D5: =N2O!AC120 -> 0.17 | E5: =N2O!AD120 -> 5.64 | F5: =N2O!AE120 -> 2.53 | G5: =N2O!AF120 -> 12.6 | H5: =N2O!AG120 -> 12.2 | I5: =N2O!AH120 -> 0.14 | J5: =N2O!AI120 -> 73.22 | K5: =N2O!AJ120 -> 11.62
A6: CO2 배출량 (단위: 백만톤 CO2-eq)
B7: CO2 | C7: =C3/1000 -> -48.20029 | D7: =D3/1000 -> -48.62737 | E7: =E3/1000 -> -43.25703 | F7: =F3/1000 -> -41.96415 | G7: =G3/1000 -> -39.09087 | H7: =H3/1000 -> -39.28213 | I7: =I3/1000 -> -39.29198 | J7: =J3/1000 -> -38.47405 | K7: =K3/1000 -> -39.85539
B8: CH4 | C8: =C4/1000 -> 0.41715 | D8: =D4/1000 -> 0.39415 | E8: =E4/1000 -> 0.3861 | F8: =F4/1000 -> 0.38315 | G8: =G4/1000 -> 0.41112 | H8: =H4/1000 -> 0.42007 | I8: =I4/1000 -> 0.3971 | J8: =J4/1000 -> 0.51535 | K8: =K4/1000 -> 0.41057
B9: N2O | C9: =C5/1000 -> 0.0008 | D9: =D5/1000 -> 0.00017 | E9: =E5/1000 -> 0.00564 | F9: =F5/1000 -> 0.00253 | G9: =G5/1000 -> 0.0126 | H9: =H5/1000 -> 0.0122 | I9: =I5/1000 -> 0.00014 | J9: =J5/1000 -> 0.07322 | K9: =K5/1000 -> 0.01162
A10: [Step 1] CH4, N2O 배출량 합계 (단위: 백만톤 CO2-eq)
A12: 분야·부문/연도 | B12: 2015 | C12: 2016 | D12: 2017 | E12: 2018 | F12: 2019 | G12: 2020 | H12: 2021 | I12: 2022 | J12: 2023
A13: CO2 | B13: =C7 -> -48.20029 | C13: =D7 -> -48.62737 | D13: =E7 -> -43.25703 | E13: =F7 -> -41.96415 | F13: =G7 -> -39.09087 | G13: =H7 -> -39.28213 | H13: =I7 -> -39.29198 | I13: =J7 -> -38.47405 | J13: =K7 -> -39.85539
A14: CH4 | B14: =C8 -> 0.41715 | C14: =D8 -> 0.39415 | D14: =E8 -> 0.3861 | E14: =F8 -> 0.38315 | F14: =G8 -> 0.41112 | G14: =H8 -> 0.42007 | H14: =I8 -> 0.3971 | I14: =J8 -> 0.51535 | J14: =K8 -> 0.41057
A15: N2O | B15: =C9 -> 0.0008 | C15: =D9 -> 0.00017 | D15: =E9 -> 0.00564 | E15: =F9 -> 0.00253 | F15: =G9 -> 0.0126 | G15: =H9 -> 0.0122 | H15: =I9 -> 0.00014 | I15: =J9 -> 0.07322 | J15: =K9 -> 0.01162
A18: [Step 2] g 단위 변환 (from GbPbT)
A19: GWP (g CO2e/g pollutant) | B19: 20년 GWP | C19: 100년 GWP | F19: 연도 별 물질별 g 배출량 | G19: 2015 | H19: 2016 | I19: 2017 | J19: 2018 | K19: 2019 | L19: 2020 | M19: 2021 | N19: 2022 | O19: 2023
A20: CO2 | B20: 1 | C20: 1 | F20: CH4 | G20: =B14/$C$29 -> 0.014898214 | H20: =C14/$C$29 -> 0.014076786 | I20: =D14/$C$29 -> 0.013789286 | J20: =E14/$C$29 -> 0.013683929 | K20: =F14/$C$29 -> 0.014682857 | L20: =G14/$C$29 -> 0.0150025 | M20: =H14/$C$29 -> 0.014182143 | N20: =I14/$C$29 -> 0.018405357 | O20: =J14/$C$29 -> 0.014663214
A21: VOC | B21: 16.2 | C21: 5 | F21: N2O | G21: =B15/$C$30 -> 3.0188679e-06 | H21: =C15/$C$30 -> 6.4150943e-07 | I21: =D15/$C$30 -> 2.1283019e-05 | J21: =E15/$C$30 -> 9.5471698e-06 | K21: =F15/$C$30 -> 4.754717e-05 | L21: =G15/$C$30 -> 4.6037736e-05 | M21: =H15/$C$30 -> 5.2830189e-07 | N21: =I15/$C$30 -> 0.00027630189 | O21: =J15/$C$30 -> 4.3849057e-05
A22: CO | B22: 5.6 | C22: 1.8
A23: NOx | B23: -2.4 | C23: -8.2
A24: PM10 | B24: 0 | C24: 0
A25: PM2.5 | B25: 0 | C25: 0
A26: SOx | B26: 0 | C26: 0
A27: BC | B27: 1200 | C27: 345
A28: OC | B28: -160 | C28: -46
A29: CH4 | B29: 84 | C29: 28
A30: N2O | B30: 264 | C30: 265
A31: F gases | B31: 1 | C31: 1

Sheet BLAPE
A1: Year | B1: 2015 | C1: 2016 | D1: 2017 | E1: 2018 | F1: 2019 | G1: 2020 | H1: 2021 | I1: 2022 | J1: 2023 | K1: 2024 | L1: 2025 | M1: 2026 | N1: 2027 | O1: 2028 | P1: 2029 | Q1: 2030 | R1: 2031 | S1: 2032 | T1: 2033 | U1: 2034 | V1: 2035 | W1: 2036 | X1: 2037 | Y1: 2038 | Z1: 2039 | AA1: 2040 | AB1: 2041 | AC1: 2042 | AD1: 2043 | AE1: 2044 | AF1: 2045 | AG1: 2046 | AH1: 2047 | AI1: 2048 | AJ1: 2049 | AK1: 2050
A2: CO2 (g) | B2: =Cal!B13*10^12 -> -48200290000000 | C2: =Cal!C13*10^12 -> -48627370000000 | D2: =Cal!D13*10^12 -> -43257030000000 | E2: =Cal!E13*10^12 -> -41964150000000 | F2: =Cal!F13*10^12 -> -39090870000000 | G2: =Cal!G13*10^12 -> -3.928213e+13 | H2: =Cal!H13*10^12 -> -39291980000000 | I2: =Cal!I13*10^12 -> -3.847405e+13 | J2: =Cal!J13*10^12 -> -39855390000000 | K2: =J2 -> -39855390000000 | L2: =K2 -> -39855390000000 | M2: =L2 -> -39855390000000 | N2: =M2 -> -39855390000000 | O2: =N2 -> -39855390000000 | P2: =O2 -> -39855390000000 | Q2: =P2 -> -39855390000000 | R2: =Q2 -> -39855390000000 | ... AK2: =AJ2 -> -39855390000000
A3: VOCs (g) | B3: 0 | C3: 0 | D3: 0 | E3: 0 | F3: 0 | G3: 0 | H3: 0 | I3: 0 | J3: 0 | K3: 0 | L3: 0 | M3: 0 | N3: 0 | O3: 0 | P3: 0 | Q3: 0 | R3: 0 | S3: 0 | T3: 0 | U3: 0 | V3: 0 | W3: 0 | X3: 0 | Y3: 0 | Z3: 0 | AA3: 0 | AB3: 0 | AC3: 0 | AD3: 0 | AE3: 0 | AF3: 0 | AG3: 0 | AH3: 0 | AI3: 0 | AJ3: 0 | AK3: 0
A4: CO (g) | B4: 0 | C4: 0 | D4: 0 | E4: 0 | F4: 0 | G4: 0 | H4: 0 | I4: 0 | J4: 0 | K4: 0 | L4: 0 | M4: 0 | N4: 0 | O4: 0 | P4: 0 | Q4: 0 | R4: 0 | S4: 0 | T4: 0 | U4: 0 | V4: 0 | W4: 0 | X4: 0 | Y4: 0 | Z4: 0 | AA4: 0 | AB4: 0 | AC4: 0 | AD4: 0 | AE4: 0 | AF4: 0 | AG4: 0 | AH4: 0 | AI4: 0 | AJ4: 0 | AK4: 0
A5: NOx (g) | B5: 0 | C5: 0 | D5: 0 | E5: 0 | F5: 0 | G5: 0 | H5: 0 | I5: 0 | J5: 0 | K5: 0 | L5: 0 | M5: 0 | N5: 0 | O5: 0 | P5: 0 | Q5: 0 | R5: 0 | S5: 0 | T5: 0 | U5: 0 | V5: 0 | W5: 0 | X5: 0 | Y5: 0 | Z5: 0 | AA5: 0 | AB5: 0 | AC5: 0 | AD5: 0 | AE5: 0 | AF5: 0 | AG5: 0 | AH5: 0 | AI5: 0 | AJ5: 0 | AK5: 0
A6: PM10 (g) | B6: 0 | C6: 0 | D6: 0 | E6: 0 | F6: 0 | G6: 0 | H6: 0 | I6: 0 | J6: 0 | K6: 0 | L6: 0 | M6: 0 | N6: 0 | O6: 0 | P6: 0 | Q6: 0 | R6: 0 | S6: 0 | T6: 0 | U6: 0 | V6: 0 | W6: 0 | X6: 0 | Y6: 0 | Z6: 0 | AA6: 0 | AB6: 0 | AC6: 0 | AD6: 0 | AE6: 0 | AF6: 0 | AG6: 0 | AH6: 0 | AI6: 0 | AJ6: 0 | AK6: 0
A7: PM25 (g) | B7: 0 | C7: 0 | D7: 0 | E7: 0 | F7: 0 | G7: 0 | H7: 0 | I7: 0 | J7: 0 | K7: 0 | L7: 0 | M7: 0 | N7: 0 | O7: 0 | P7: 0 | Q7: 0 | R7: 0 | S7: 0 | T7: 0 | U7: 0 | V7: 0 | W7: 0 | X7: 0 | Y7: 0 | Z7: 0 | AA7: 0 | AB7: 0 | AC7: 0 | AD7: 0 | AE7: 0 | AF7: 0 | AG7: 0 | AH7: 0 | AI7: 0 | AJ7: 0 | AK7: 0
A8: SOx (g) | B8: 0 | C8: 0 | D8: 0 | E8: 0 | F8: 0 | G8: 0 | H8: 0 | I8: 0 | J8: 0 | K8: 0 | L8: 0 | M8: 0 | N8: 0 | O8: 0 | P8: 0 | Q8: 0 | R8: 0 | S8: 0 | T8: 0 | U8: 0 | V8: 0 | W8: 0 | X8: 0 | Y8: 0 | Z8: 0 | AA8: 0 | AB8: 0 | AC8: 0 | AD8: 0 | AE8: 0 | AF8: 0 | AG8: 0 | AH8: 0 | AI8: 0 | AJ8: 0 | AK8: 0
A9: BC (g) | B9: 0 | C9: 0 | D9: 0 | E9: 0 | F9: 0 | G9: 0 | H9: 0 | I9: 0 | J9: 0 | K9: 0 | L9: 0 | M9: 0 | N9: 0 | O9: 0 | P9: 0 | Q9: 0 | R9: 0 | S9: 0 | T9: 0 | U9: 0 | V9: 0 | W9: 0 | X9: 0 | Y9: 0 | Z9: 0 | AA9: 0 | AB9: 0 | AC9: 0 | AD9: 0 | AE9: 0 | AF9: 0 | AG9: 0 | AH9: 0 | AI9: 0 | AJ9: 0 | AK9: 0
A10: OC (g) | B10: 0 | C10: 0 | D10: 0 | E10: 0 | F10: 0 | G10: 0 | H10: 0 | I10: 0 | J10: 0 | K10: 0 | L10: 0 | M10: 0 | N10: 0 | O10: 0 | P10: 0 | Q10: 0 | R10: 0 | S10: 0 | T10: 0 | U10: 0 | V10: 0 | W10: 0 | X10: 0 | Y10: 0 | Z10: 0 | AA10: 0 | AB10: 0 | AC10: 0 | AD10: 0 | AE10: 0 | AF10: 0 | AG10: 0 | AH10: 0 | AI10: 0 | AJ10: 0 | AK10: 0
A11: CH4 (g) | B11: =Cal!G20*10^12 -> 1.4898214e+10 | C11: =Cal!H20*10^12 -> 1.4076786e+10 | D11: =Cal!I20*10^12 -> 1.3789286e+10 | E11: =Cal!J20*10^12 -> 1.3683929e+10 | F11: =Cal!K20*10^12 -> 1.4682857e+10 | G11: =Cal!L20*10^12 -> 15002500000 | H11: =Cal!M20*10^12 -> 1.4182143e+10 | I11: =Cal!N20*10^12 -> 1.8405357e+10 | J11: =Cal!O20*10^12 -> 1.4663214e+10 | K11: =J11 -> 1.4663214e+10 | L11: =K11 -> 1.4663214e+10 | M11: =L11 -> 1.4663214e+10 | N11: =M11 -> 1.4663214e+10 | O11: =N11 -> 1.4663214e+10 | P11: =O11 -> 1.4663214e+10 | Q11: =P11 -> 1.4663214e+10 | R11: =Q11 -> 1.4663214e+10 | ... AK11: =AJ11 -> 1.4663214e+10
A12: N2O (g) | B12: =Cal!G21*10^12 -> 3018867.9 | C12: =Cal!H21*10^12 -> 641509.43 | D12: =Cal!I21*10^12 -> 21283019 | E12: =Cal!J21*10^12 -> 9547169.8 | F12: =Cal!K21*10^12 -> 47547170 | G12: =Cal!L21*10^12 -> 46037736 | H12: =Cal!M21*10^12 -> 528301.89 | I12: =Cal!N21*10^12 -> 2.7630189e+08 | J12: =Cal!O21*10^12 -> 43849057 | K12: =J12 -> 43849057 | L12: =K12 -> 43849057 | M12: =L12 -> 43849057 | N12: =M12 -> 43849057 | O12: =N12 -> 43849057 | P12: =O12 -> 43849057 | Q12: =P12 -> 43849057 | R12: =Q12 -> 43849057 | ... AK12: =AJ12 -> 43849057
A13: F gases (g CO2e) | B13: 0 | C13: 0 | D13: 0 | E13: 0 | F13: 0 | G13: 0 | H13: 0 | I13: 0 | J13: 0 | K13: 0 | L13: 0 | M13: 0 | N13: 0 | O13: 0 | P13: 0 | Q13: 0 | R13: 0 | S13: 0 | T13: 0 | U13: 0 | V13: 0 | W13: 0 | X13: 0 | Y13: 0 | Z13: 0 | AA13: 0 | AB13: 0 | AC13: 0 | AD13: 0 | AE13: 0 | AF13: 0 | AG13: 0 | AH13: 0 | AI13: 0 | AJ13: 0 | AK13: 0
