Workbook
Name _1_year: #REF!
Name _1_yr_after_compl_yr: #REF!
Name _1_yr_after_compl_yr0: #REF!
Name _1_yr_before_compl_yr: #REF!
Name _2_year: #REF!
Name _2_year_after_compl_yr: #REF!
Name _2_years: #REF!
Name _2_yrs_before_compl_yr: #REF!
Name _20_years: #REF!
Name _22_years: #REF!
Name _25_years: #REF!
Name _3_years: #REF!
Name _3_yrs_before_compl_yr: #REF!
Name _30_years: #REF!
Name _5_years: #REF!
Name _5_yrs_after_compl_yr: #REF!
Name analysis_year: #REF!
Name capital_20_for_ipm: #REF!
Name capital_22_for_ipm: #REF!
Name capital_25_for_ipm: #REF!
Name capital_30_for_ipm: #REF!
Name capital_ct_30_for_ipm: #REF!
Name ck_310_Tm_master2: #REF!
Name ck_310_Tm_master2_ICF: #REF!
Name compl_yr: #REF!
Name compl_yr_for_ipm: #REF!
Name compliance_year_1: #REF!
Name compliance_year_2: #REF!
Name compliance_year_3: #REF!
Name compliance_year_4: #REF!
Name compliance_year_5: #REF!
Name compliance_year_6: #REF!
Name compliance_year_7: #REF!
Name compliance_year_8: #REF!
Name compliance_year_9: #REF!
Name ct_icr: #REF!
Name discount_rate: #REF!
Name downtime_for_ipm: #REF!
Name dq_stq_facility_costs: #REF!
Name F860_COOLING_STATUS: #REF!
Name F860_NOXCONTROL: #REF!
Name fom_for_ipm: #REF!
Name icr_costs: #REF!
Name InputUnitList: #REF!
Name IQ_CH: 110000
Name IQ_CQ: 5000
Name IQ_CY: 10000
Name IQ_DAILY: 500000
Name IQ_FH: 100000
Name IQ_FQ: 500
Name IQ_FY: 1000
Name IQ_LTM: 2000
Name IQ_MONTH: 15000
Name IQ_NTM: 6000
Name IQ_WEEK: 50000
Name IQ_YTD: 3000
Name ListCommandControVaryingDegrees: #REF!
Name monitor_markup: #REF!
Name NEEDS_For_Parsing: #REF!
Name NEEDS617_Population: #REF!

Sheet About
A1: BPMCRS BAU Policy Mandated Capacity Retrofit Schedule
A3: Sources: | B3: EPA 111 Rules
B4: EPA
B5: Analaysis of the Final Greenhouse Gas Standards and Guidelines
B6: 2024
B7: Final Rule Sens Vehicle Rules MATS and ELG (zip)
B8: Final Rule Sens Vehicle Rules MATS and ELG SSR.xlsx
A10: Note:
A11: The purpose of this variable is to specify the electricity generating capacity
A12: in MW that will be retrofit with CCS each year in the BAU case before the model considers
A13: what else to build in order to satisfy demand, satisfy an RPS (in the policy
A14: case), etc.
A16: In the U.S., we use this file to represent expected coal CCS retrofits due to EPA 111 Rules
A17: for existing coal capacity.

Sheet AEO Table 9
B1: highogs.d120120a | C1: 2020 | D1: 2021 | E1: 2022 | F1: 2023 | G1: 2024 | H1: 2025 | I1: 2026 | J1: 2027 | K1: 2028 | L1: 2029 | M1: 2030 | N1: 2031 | O1: 2032 | P1: 2033 | Q1: 2034 | R1: 2035 | S1: 2036 | T1: 2037 | U1: 2038 | V1: 2039 | W1: 2040 | X1: 2041 | Y1: 2042 | Z1: 2043 | AA1: 2044 | AB1: 2045 | AC1: 2046 | AD1: 2047 | AE1: 2048 | AF1: 2049 | AG1: 2050
C3: Report | D3: Annual Energy Outlook 2021
C4: Scenario | D4: ref2021 | G4: Reference case
C5: Datekey | D5: d113020a
C6: Release Date | E6: January 2021
A10: EGC000 | B10: 9. Electricity Generating Capacity | AH10: Compound
B11: (gigawatts) | AH11: Growth
AH12: 2020-2050
B13: Net Summer Capacity 1/ | C13: 2020 | D13: 2021 | E13: 2022 | F13: 2023 | G13: 2024 | H13: 2025 | I13: 2026 | J13: 2027 | K13: 2028 | L13: 2029 | M13: 2030 | N13: 2031 | O13: 2032 | P13: 2033 | Q13: 2034 | R13: 2035 | S13: 2036 | T13: 2037 | U13: 2038 | V13: 2039 | W13: 2040 | X13: 2041 | Y13: 2042 | Z13: 2043 | AA13: 2044 | AB13: 2045 | AC13: 2046 | AD13: 2047 | AE13: 2048 | AF13: 2049 | AG13: 2050 | AH13: (percent)
B15: Electric Power Sector 2/
B16: Power Only 3/
A17: EGC000:ba_CoalSteam | B17: Coal 4/ | C17: 217.31993 | D17: 212.9165 | E17: 208.20419 | F17: 187.9456 | G17: 177.84901 | H17: 111.62372 | I17: 107.49852 | J17: 99.09462 | K17: 95.793617 | L17: 93.304123 | M17: 90.772118 | N17: 89.354118 | O17: 86.515114 | P17: 84.896118 | Q17: 82.760315 | R17: 81.14431 | S17: 81.14431 | T17: 80.805313 | U17: 78.68531 | V17: 78.346306 | W17: 78.346306 | X17: 78.00631 | Y17: 78.00631 | Z17: 78.00631 | AA17: 77.985306 | AB17: 75.056305 | AC17: 74.376312 | AD17: 74.376312 | AE17: 73.266312 | AF17: 73.266312 | AG17: 73.266312 | AH17: -0.035593
A18: EGC000:ba_OtherFossilSt | B18: Oil and Natural Gas Steam 4, 5/ | C18: 72.645203 | D18: 71.450104 | E18: 66.598999 | F18: 62.020508 | G18: 56.8395 | H18: 69.829697 | I18: 65.723 | J18: 64.680496 | K18: 63.032501 | L18: 56.303104 | M18: 56.258102 | N18: 55.284603 | O18: 55.041599 | P18: 54.297802 | Q18: 53.794804 | R18: 52.824299 | S18: 51.914299 | T18: 51.914299 | U18: 51.914299 | V18: 51.7883 | W18: 51.7883 | X18: 51.7883 | Y18: 51.7883 | Z18: 51.7883 | AA18: 51.7883 | AB18: 51.682301 | AC18: 51.682301 | AD18: 51.682301 | AE18: 51.682301 | AF18: 51.129299 | AG18: 51.129299 | AH18: -0.011639
A19: EGC000:ba_CombinedCycle | B19: Combined Cycle | C19: 245.41911 | D19: 248.74231 | E19: 261.34235 | F19: 266.80924 | G19: 275.23621 | H19: 295.5976 | I19: 316.2475 | J19: 340.65677 | K19: 347.02155 | L19: 351.84 | M19: 356.66968 | N19: 362.06024 | O19: 368.02655 | P19: 372.73224 | Q19: 377.60669 | R19: 382.26901 | S19: 387.8067 | T19: 394.61877 | U19: 400.82574 | V19: 405.36829 | W19: 411.04443 | X19: 416.14801 | Y19: 421.73791 | Z19: 430.15918 | AA19: 439.63422 | AB19: 444.72955 | AC19: 450.20056 | AD19: 455.42334 | AE19: 462.29407 | AF19: 466.41812 | AG19: 472.56198 | AH19: 0.02208
A20: EGC000:ba_CombustionTur | B20: Combustion Turbine/Diesel | C20: 139.99884 | D20: 151.966 | E20: 157.28397 | F20: 163.12407 | G20: 170.05273 | H20: 186.36914 | I20: 195.86475 | J20: 201.53641 | K20: 206.65286 | L20: 210.36844 | M20: 214.01863 | N20: 217.90662 | O20: 221.90842 | P20: 224.93639 | Q20: 229.371 | R20: 234.94542 | S20: 239.25157 | T20: 243.65843 | U20: 246.74908 | V20: 250.24753 | W20: 255.83899 | X20: 259.13599 | Y20: 265.74377 | Z20: 271.13489 | AA20: 275.76062 | AB20: 283.54571 | AC20: 289.10193 | AD20: 293.97659 | AE20: 298.95785 | AF20: 302.97553 | AG20: 310.84103 | AH20: 0.026945
A21: EGC000:ba_NuclearPower | B21: Nuclear Power 6/ | C21: 97.120911 | D21: 92.484604 | E21: 92.860008 | F21: 92.904007 | G21: 92.954803 | H21: 91.86393 | I21: 78.538353 | J21: 70.422722 | K21: 68.100891 | L21: 61.715469 | M21: 61.801544 | N21: 59.645149 | O21: 58.45676 | P21: 57.484283 | Q21: 55.438354 | R21: 55.616707 | S21: 54.627182 | T21: 52.646942 | U21: 51.831886 | V21: 51.831886 | W21: 51.875618 | X21: 52.034546 | Y21: 52.149536 | Z21: 49.878754 | AA21: 44.363968 | AB21: 44.467846 | AC21: 44.521946 | AD21: 43.665047 | AE21: 41.858734 | AF21: 41.899445 | AG21: 41.961777 | AH21: -0.027586
A22: EGC000:ba_PumpedStorage | B22: Pumped Storage | C22: 22.778303 | D22: 22.778303 | E22: 22.778303 | F22: 22.778303 | G22: 22.778303 | H22: 22.778303 | I22: 22.778303 | J22: 22.778303 | K22: 22.778303 | L22: 22.778303 | M22: 22.778303 | N22: 22.778303 | O22: 22.778303 | P22: 22.778303 | Q22: 22.778303 | R22: 22.778303 | S22: 22.778303 | T22: 22.778303 | U22: 22.778303 | V22: 22.778303 | W22: 22.778303 | X22: 22.778303 | Y22: 22.778303 | Z22: 22.778303 | AA22: 22.778303 | AB22: 22.778303 | AC22: 22.778303 | AD22: 22.778303 | AE22: 22.778303 | AF22: 22.778303 | AG22: 22.778303 | AH22: 0
A23: EGC000:ba_DiurnalStorag | B23: Diurnal Storage | C23: 3.151 | D23: 6.9255 | E23: 8.623799 | F23: 9.5348 | G23: 10.196526 | H23: 11.049868 | I23: 11.467272 | J23: 11.890328 | K23: 12.301329 | L23: 12.712328 | M23: 13.123329 | N23: 13.123329 | O23: 13.128527 | P23: 13.128527 | Q23: 13.128527 | R23: 16.083761 | S23: 16.161716 | T23: 16.159718 | U23: 16.159718 | V23: 16.159718 | W23: 16.409718 | X23: 16.409718 | Y23: 16.409718 | Z23: 16.409718 | AA23: 16.409718 | AB23: 16.659718 | AC23: 16.659718 | AD23: 16.739216 | AE23: 17.035295 | AF23: 17.258429 | AG23: 17.777584 | AH23: 0.05937
A24: EGC000:ba_FuelCells | B24: Fuel Cells | C24: 0.2042 | D24: 0.2303 | E24: 0.2303 | F24: 0.231397 | G24: 0.232498 | H24: 0.232498 | I24: 0.232498 | J24: 0.232498 | K24: 0.232498 | L24: 0.232498 | M24: 0.232498 | N24: 0.231398 | O24: 0.231398 | P24: 0.231398 | Q24: 0.231398 | R24: 0.232443 | S24: 0.232443 | T24: 0.232443 | U24: 0.232443 | V24: 0.232443 | W24: 0.232443 | X24: 0.232443 | Y24: 0.232443 | Z24: 0.232443 | AA24: 0.232443 | AB24: 0.232443 | AC24: 0.232443 | AD24: 0.233445 | AE24: 0.233445 | AF24: 0.233445 | AG24: 0.233445 | AH24: 0.004472
A25: EGC000:ba_RenewableSour | B25: Renewable Sources 7/ | C25: 263.93091 | D25: 283.68082 | E25: 302.70618 | F25: 334.72897 | G25: 369.97696 | H25: 389.30862 | I25: 402.99243 | J25: 409.72995 | K25: 416.53796 | L25: 427.15076 | M25: 435.90375 | N25: 439.85443 | O25: 445.55588 | P25: 452.2225 | Q25: 463.27234 | R25: 476.52661 | S25: 486.44336 | T25: 493.01562 | U25: 502.82404 | V25: 508.07126 | W25: 514.43146 | X25: 519.57922 | Y25: 524.2912 | Z25: 531.30829 | AA25: 540.67932 | AB25: 550.00958 | AC25: 563.00537 | AD25: 580.09589 | AE25: 601.65747 | AF25: 626.57434 | AG25: 637.31628 | AH25: 0.029822
A26: EGC000:ba_DistributedGe | B26: Distributed Generation (Natural Gas) 8/ | C26: 0 | D26: 0 | E26: 1.557683 | F26: 2.029814 | G26: 2.589538 | H26: 3.788425 | I26: 4.369585 | J26: 5.052324 | K26: 5.972651 | L26: 6.829225 | M26: 7.551871 | N26: 8.336995 | O26: 9.196261 | P26: 10.102161 | Q26: 11.118253 | R26: 12.202368 | S26: 13.468646 | T26: 14.828192 | U26: 16.063656 | V26: 17.33741 | W26: 18.650297 | X26: 19.995911 | Y26: 21.409273 | Z26: 23.142252 | AA26: 24.906137 | AB26: 26.691204 | AC26: 28.452904 | AD26: 30.297573 | AE26: 32.29063 | AF26: 34.308743 | AG26: 36.505852 | AH26: - -
A27: EGC000:ba_Total | B27: Total | C27: 1062.5685 | D27: 1091.1744 | E27: 1122.1857 | F27: 1142.1067 | G27: 1178.7061 | H27: 1182.4419 | I27: 1205.7122 | J27: 1226.0745 | K27: 1238.4241 | L27: 1243.2341 | M27: 1259.1097 | N27: 1268.5752 | O27: 1280.8389 | P27: 1292.8097 | Q27: 1309.5 | R27: 1334.6233 | S27: 1353.8286 | T27: 1370.6581 | U27: 1388.0643 | V27: 1402.1615 | W27: 1421.3959 | X27: 1436.1086 | Y27: 1454.5468 | Z27: 1474.8383 | AA27: 1494.5382 | AB27: 1515.8528 | AC27: 1541.0117 | AD27: 1569.2681 | AE27: 1602.0544 | AF27: 1636.842 | AG27: 1664.3718 | AH27: 0.015071
B28: Combined Heat and Power 9/
A29: EGC000:ca_CoalSteam | B29: Coal | C29: 1.8879 | D29: 1.7829 | E29: 1.7829 | F29: 1.7829 | G29: 1.7829 | H29: 1.7829 | I29: 1.7829 | J29: 1.7829 | K29: 1.7829 | L29: 1.7829 | M29: 1.7829 | N29: 1.7829 | O29: 1.7829 | P29: 1.7829 | Q29: 1.7829 | R29: 1.7829 | S29: 1.7829 | T29: 1.7829 | U29: 1.7829 | V29: 1.7829 | W29: 1.7829 | X29: 1.7829 | Y29: 1.7829 | Z29: 1.7829 | AA29: 1.7829 | AB29: 1.7829 | AC29: 1.7829 | AD29: 1.7829 | AE29: 1.7829 | AF29: 1.7829 | AG29: 1.7829 | AH29: -0.001906
A30: EGC000:ca_OtherFossilSt | B30: Oil and Natural Gas Steam 5/ | C30: 0.6218 | D30: 0.6218 | E30: 0.6218 | F30: 0.6218 | G30: 0.6218 | H30: 0.6218 | I30: 0.6218 | J30: 0.6218 | K30: 0.6218 | L30: 0.6218 | M30: 0.6218 | N30: 0.6218 | O30: 0.6218 | P30: 0.6218 | Q30: 0.6218 | R30: 0.6218 | S30: 0.6218 | T30: 0.6218 | U30: 0.6218 | V30: 0.6218 | W30: 0.6218 | X30: 0.6218 | Y30: 0.6218 | Z30: 0.6218 | AA30: 0.6218 | AB30: 0.6218 | AC30: 0.6218 | AD30: 0.6218 | AE30: 0.6218 | AF30: 0.6218 | AG30: 0.6218 | AH30: 0
A31: EGC000:ca_CombinedCycle | B31: Combined Cycle | C31: 21.979706 | D31: 21.979706 | E31: 21.979706 | F31: 21.801105 | G31: 21.801105 | H31: 21.801105 | I31: 21.801105 | J31: 21.801105 | K31: 21.801105 | L31: 21.801105 | M31: 21.801105 | N31: 21.801105 | O31: 21.801105 | P31: 21.801105 | Q31: 21.801105 | R31: 21.801105 | S31: 21.801105 | T31: 21.801105 | U31: 21.801105 | V31: 21.801105 | W31: 21.801105 | X31: 21.801105 | Y31: 21.801105 | Z31: 21.801105 | AA31: 21.801105 | AB31: 21.801105 | AC31: 21.801105 | AD31: 21.801105 | AE31: 21.801105 | AF31: 21.801105 | AG31: 21.801105 | AH31: -0.000272
A32: EGC000:ca_CombustionTur | B32: Combustion Turbine/Diesel | C32: 3.1476 | D32: 3.1476 | E32: 3.1476 | F32: 3.1476 | G32: 3.1476 | H32: 3.1476 | I32: 3.1476 | J32: 3.1476 | K32: 3.1476 | L32: 3.1476 | M32: 3.1476 | N32: 3.1476 | O32: 3.1476 | P32: 3.1476 | Q32: 3.1476 | R32: 3.1476 | S32: 3.1476 | T32: 3.1476 | U32: 3.1476 | V32: 3.1476 | W32: 3.1476 | X32: 3.1476 | Y32: 3.1476 | Z32: 3.1476 | AA32: 3.1476 | AB32: 3.1476 | AC32: 3.1476 | AD32: 3.1476 | AE32: 3.1476 | AF32: 3.1476 | AG32: 3.1476 | AH32: 0
A33: EGC000:ca_RenewableSour | B33: Renewable Sources 7/ | C33: 0.9772 | D33: 0.9792 | E33: 0.9792 | F33: 0.9792 | G33: 0.9792 | H33: 0.9792 | I33: 0.9792 | J33: 0.9792 | K33: 0.9792 | L33: 0.9792 | M33: 0.9792 | N33: 0.9792 | O33: 0.9792 | P33: 0.9792 | Q33: 0.9792 | R33: 0.9792 | S33: 0.9792 | T33: 0.9792 | U33: 0.9792 | V33: 0.9792 | W33: 0.9792 | X33: 0.9792 | Y33: 0.9792 | Z33: 0.9792 | AA33: 0.9792 | AB33: 0.9792 | AC33: 0.9792 | AD33: 0.9792 | AE33: 0.9792 | AF33: 0.9792 | AG33: 0.9792 | AH33: 6.8e-05
A34: EGC000:ca_Total | B34: Total | C34: 28.614206 | D34: 28.511206 | E34: 28.511206 | F34: 28.332605 | G34: 28.332605 | H34: 28.332605 | I34: 28.332605 | J34: 28.332605 | K34: 28.332605 | L34: 28.332605 | M34: 28.332605 | N34: 28.332605 | O34: 28.332605 | P34: 28.332605 | Q34: 28.332605 | R34: 28.332605 | S34: 28.332605 | T34: 28.332605 | U34: 28.332605 | V34: 28.332605 | W34: 28.332605 | X34: 28.332605 | Y34: 28.332605 | Z34: 28.332605 | AA34: 28.332605 | AB34: 28.332605 | AC34: 28.332605 | AD34: 28.332605 | AE34: 28.332605 | AF34: 28.332605 | AG34: 28.332605 | AH34: -0.00033
B36: Cumulative Planned Additions 10/
A37: EGC000:da_CoalSteam | B37: Coal | C37: - - | D37: 0 | E37: 0 | F37: 0 | G37: 0 | H37: 0 | I37: 0 | J37: 0 | K37: 0 | L37: 0 | M37: 0 | N37: 0 | O37: 0 | P37: 0 | Q37: 0 | R37: 0 | S37: 0 | T37: 0 | U37: 0 | V37: 0 | W37: 0 | X37: 0 | Y37: 0 | Z37: 0 | AA37: 0 | AB37: 0 | AC37: 0 | AD37: 0 | AE37: 0 | AF37: 0 | AG37: 0 | AH37: - -
A38: EGC000:da_OtherFossilSt | B38: Oil and Natural Gas Steam 5/ | C38: - - | D38: 0 | E38: 0 | F38: 0 | G38: 0 | H38: 0 | I38: 0 | J38: 0 | K38: 0 | L38: 0 | M38: 0 | N38: 0 | O38: 0 | P38: 0 | Q38: 0 | R38: 0 | S38: 0 | T38: 0 | U38: 0 | V38: 0 | W38: 0 | X38: 0 | Y38: 0 | Z38: 0 | AA38: 0 | AB38: 0 | AC38: 0 | AD38: 0 | AE38: 0 | AF38: 0 | AG38: 0 | AH38: - -
A39: EGC000:da_CombinedCycle | B39: Combined Cycle | C39: - - | D39: 3.3792 | E39: 17.000202 | F39: 17.000202 | G39: 17.000202 | H39: 17.000202 | I39: 17.000202 | J39: 17.000202 | K39: 17.000202 | L39: 17.000202 | M39: 17.000202 | N39: 17.000202 | O39: 17.000202 | P39: 17.000202 | Q39: 17.000202 | R39: 17.000202 | S39: 17.000202 | T39: 17.000202 | U39: 17.000202 | V39: 17.000202 | W39: 17.000202 | X39: 17.000202 | Y39: 17.000202 | Z39: 17.000202 | AA39: 17.000202 | AB39: 17.000202 | AC39: 17.000202 | AD39: 17.000202 | AE39: 17.000202 | AF39: 17.000202 | AG39: 17.000202 | AH39: - -
A40: EGC000:da_CombustionTur | B40: Combustion Turbine/Diesel | C40: - - | D40: 3.2778 | E40: 4.028899 | F40: 4.028899 | G40: 4.545899 | H40: 4.545899 | I40: 4.545899 | J40: 4.545899 | K40: 4.545899 | L40: 4.545899 | M40: 4.545899 | N40: 4.545899 | O40: 4.545899 | P40: 4.545899 | Q40: 4.545899 | R40: 4.545899 | S40: 4.545899 | T40: 4.545899 | U40: 4.545899 | V40: 4.545899 | W40: 4.545899 | X40: 4.545899 | Y40: 4.545899 | Z40: 4.545899 | AA40: 4.545899 | AB40: 4.545899 | AC40: 4.545899 | AD40: 4.545899 | AE40: 4.545899 | AF40: 4.545899 | AG40: 4.545899 | AH40: - -
A41: EGC000:da_NuclearPower | B41: Nuclear Power | C41: - - | D41: 1.1 | E41: 2.2 | F41: 2.2 | G41: 2.2 | H41: 2.2 | I41: 2.2 | J41: 2.2 | K41: 2.2 | L41: 2.2 | M41: 2.2 | N41: 2.2 | O41: 2.2 | P41: 2.2 | Q41: 2.2 | R41: 2.2 | S41: 2.2 | T41: 2.2 | U41: 2.2 | V41: 2.2 | W41: 2.2 | X41: 2.2 | Y41: 2.2 | Z41: 2.2 | AA41: 2.2 | AB41: 2.2 | AC41: 2.2 | AD41: 2.2 | AE41: 2.2 | AF41: 2.2 | AG41: 2.2 | AH41: - -
A42: EGC000:da_PumpedStorage | B42: Pumped Storage | C42: - - | D42: 0 | E42: 0 | F42: 0 | G42: 0 | H42: 0 | I42: 0 | J42: 0 | K42: 0 | L42: 0 | M42: 0 | N42: 0 | O42: 0 | P42: 0 | Q42: 0 | R42: 0 | S42: 0 | T42: 0 | U42: 0 | V42: 0 | W42: 0 | X42: 0 | Y42: 0 | Z42: 0 | AA42: 0 | AB42: 0 | AC42: 0 | AD42: 0 | AE42: 0 | AF42: 0 | AG42: 0 | AH42: - -
A43: EGC000:da_DiurnalStorag | B43: Diurnal Storage | C43: - - | D43: 3.7745 | E43: 5.472799 | F43: 6.3838 | G43: 7.0148 | H43: 7.4578 | I43: 7.8688 | J43: 8.2798 | K43: 8.6908 | L43: 9.101799 | M43: 9.5128 | N43: 9.5128 | O43: 9.5128 | P43: 9.5128 | Q43: 9.5128 | R43: 12.462799 | S43: 12.462799 | T43: 12.462799 | U43: 12.462799 | V43: 12.462799 | W43: 12.7128 | X43: 12.7128 | Y43: 12.7128 | Z43: 12.7128 | AA43: 12.7128 | AB43: 12.9628 | AC43: 12.9628 | AD43: 12.9628 | AE43: 12.9628 | AF43: 12.9628 | AG43: 12.9628 | AH43: - -
A44: EGC000:da_FuelCells | B44: Fuel Cells | C44: - - | D44: 0.0261 | E44: 0.0261 | F44: 0.0261 | G44: 0.0261 | H44: 0.0261 | I44: 0.0261 | J44: 0.0261 | K44: 0.0261 | L44: 0.0261 | M44: 0.0261 | N44: 0.0261 | O44: 0.0261 | P44: 0.0261 | Q44: 0.0261 | R44: 0.0261 | S44: 0.0261 | T44: 0.0261 | U44: 0.0261 | V44: 0.0261 | W44: 0.0261 | X44: 0.0261 | Y44: 0.0261 | Z44: 0.0261 | AA44: 0.0261 | AB44: 0.0261 | AC44: 0.0261 | AD44: 0.0261 | AE44: 0.0261 | AF44: 0.0261 | AG44: 0.0261 | AH44: - -
A45: EGC000:da_RenewableSour | B45: Renewable Sources 7/ | C45: - - | D45: 19.650896 | E45: 29.922707 | F45: 32.861702 | G45: 33.421703 | H45: 33.421703 | I45: 33.421703 | J45: 33.421703 | K45: 35.421707 | L45: 35.421707 | M45: 42.521709 | N45: 42.521709 | O45: 42.521709 | P45: 42.521709 | Q45: 47.721706 | R45: 55.921703 | S45: 55.921703 | T45: 55.921703 | U45: 55.921703 | V45: 55.921703 | W45: 55.921703 | X45: 55.921703 | Y45: 55.921703 | Z45: 55.921703 | AA45: 55.921703 | AB45: 55.921703 | AC45: 55.921703 | AD45: 55.921703 | AE45: 55.921703 | AF45: 55.921703 | AG45: 55.921703 | AH45: - -
A46: EGC000:da_DistributedGe | B46: Distributed Generation 8/ | C46: - - | D46: 0 | E46: 0 | F46: 0 | G46: 0 | H46: 0 | I46: 0 | J46: 0 | K46: 0 | L46: 0 | M46: 0 | N46: 0 | O46: 0 | P46: 0 | Q46: 0 | R46: 0 | S46: 0 | T46: 0 | U46: 0 | V46: 0 | W46: 0 | X46: 0 | Y46: 0 | Z46: 0 | AA46: 0 | AB46: 0 | AC46: 0 | AD46: 0 | AE46: 0 | AF46: 0 | AG46: 0 | AH46: - -
A47: EGC000:da_Total | B47: Total | C47: - - | D47: 31.208511 | E47: 58.650719 | F47: 62.500725 | G47: 64.208717 | H47: 64.651718 | I47: 65.062721 | J47: 65.473724 | K47: 67.88472 | L47: 68.295723 | M47: 75.806725 | N47: 75.806725 | O47: 75.806725 | P47: 75.806725 | Q47: 81.006729 | R47: 92.156731 | S47: 92.156731 | T47: 92.156731 | U47: 92.156731 | V47: 92.156731 | W47: 92.406731 | X47: 92.406731 | Y47: 92.406731 | Z47: 92.406731 | AA47: 92.406731 | AB47: 92.656731 | AC47: 92.656731 | AD47: 92.656731 | AE47: 92.656731 | AF47: 92.656731 | AG47: 92.656731 | AH47: - -
B48: Cumulative Unplanned Additions 10/
A49: EGC000:ea_CoalSteam | B49: Coal | C49: - - | D49: 0 | E49: 0 | F49: 0 | G49: 0 | H49: 0 | I49: 0 | J49: 0 | K49: 0 | L49: 0 | M49: 0 | N49: 0 | O49: 0 | P49: 0 | Q49: 0 | R49: 0 | S49: 0 | T49: 0 | U49: 0 | V49: 0 | W49: 0 | X49: 0 | Y49: 0 | Z49: 0 | AA49: 0 | AB49: 0 | AC49: 0 | AD49: 0 | AE49: 0 | AF49: 0 | AG49: 0 | AH49: - -
A50: EGC000:ea_OtherFossilSt | B50: Oil and Natural Gas Steam 5/ | C50: - - | D50: 0 | E50: 0 | F50: 0 | G50: 0 | H50: 0 | I50: 0 | J50: 0 | K50: 0 | L50: 0 | M50: 0 | N50: 0 | O50: 0 | P50: 0 | Q50: 0 | R50: 0 | S50: 0 | T50: 0 | U50: 0 | V50: 0 | W50: 0 | X50: 0 | Y50: 0 | Z50: 0 | AA50: 0 | AB50: 0 | AC50: 0 | AD50: 0 | AE50: 0 | AF50: 0 | AG50: 0 | AH50: - -
A51: EGC000:ea_CombinedCycle | B51: Combined Cycle | C51: - - | D51: 0 | E51: 0 | F51: 6.855511 | G51: 16.450567 | H51: 38.256062 | I51: 58.905983 | J51: 83.765274 | K51: 90.179405 | L51: 95.041962 | M51: 100.93546 | N51: 107.21101 | O51: 113.17733 | P51: 117.94572 | Q51: 122.9622 | R51: 127.69555 | S51: 133.2332 | T51: 140.0453 | U51: 146.25227 | V51: 151.44778 | W51: 157.12399 | X51: 162.22754 | Y51: 168.32851 | Z51: 176.74976 | AA51: 186.22479 | AB51: 191.34714 | AC51: 196.81821 | AD51: 202.66997 | AE51: 209.54069 | AF51: 213.72131 | AG51: 219.86516 | AH51: - -
A52: EGC000:ea_CombustionTur | B52: Combustion Turbine/Diesel | C52: - - | D52: 8.708146 | E52: 13.355809 | F52: 19.833431 | G52: 26.814489 | H52: 43.190498 | I52: 53.946213 | J52: 60.250496 | K52: 65.372116 | L52: 69.087692 | M52: 73.102402 | N52: 76.990356 | O52: 81.154198 | P52: 84.302963 | Q52: 88.756134 | R52: 94.347572 | S52: 98.653748 | T52: 103.06061 | U52: 106.16376 | V52: 109.66218 | W52: 115.25362 | X52: 118.75964 | Y52: 125.39948 | Z52: 130.79056 | AA52: 135.41631 | AB52: 143.28834 | AC52: 148.84459 | AD52: 153.71924 | AE52: 158.76604 | AF52: 162.78371 | AG52: 170.6492 | AH52: - -
A53: EGC000:ea_NuclearPower | B53: Nuclear Power | C53: - - | D53: 0 | E53: 0 | F53: 0 | G53: 0 | H53: 0 | I53: 0 | J53: 0 | K53: 0 | L53: 0 | M53: 0 | N53: 0 | O53: 0 | P53: 0 | Q53: 0 | R53: 0 | S53: 0 | T53: 0 | U53: 0 | V53: 0 | W53: 0 | X53: 0 | Y53: 0 | Z53: 0 | AA53: 0 | AB53: 0 | AC53: 0 | AD53: 0 | AE53: 0 | AF53: 0 | AG53: 0 | AH53: - -
A54: EGC000:ea_PumpedStorage | B54: Pumped Storage | C54: - - | D54: 0 | E54: 0 | F54: 0 | G54: 0 | H54: 0 | I54: 0 | J54: 0 | K54: 0 | L54: 0 | M54: 0 | N54: 0 | O54: 0 | P54: 0 | Q54: 0 | R54: 0 | S54: 0 | T54: 0 | U54: 0 | V54: 0 | W54: 0 | X54: 0 | Y54: 0 | Z54: 0 | AA54: 0 | AB54: 0 | AC54: 0 | AD54: 0 | AE54: 0 | AF54: 0 | AG54: 0 | AH54: - -
A55: EGC000:ea_DiurnalStorag | B55: Diurnal Storage | C55: - - | D55: 0 | E55: 0 | F55: 0 | G55: 0.031726 | H55: 0.442067 | I55: 0.448471 | J55: 0.460528 | K55: 0.460528 | L55: 0.460528 | M55: 0.460528 | N55: 0.460528 | O55: 0.465726 | P55: 0.465726 | Q55: 0.465726 | R55: 0.470962 | S55: 0.548917 | T55: 0.548917 | U55: 0.548917 | V55: 0.548917 | W55: 0.548917 | X55: 0.548917 | Y55: 0.548917 | Z55: 0.548917 | AA55: 0.548917 | AB55: 0.548917 | AC55: 0.548917 | AD55: 0.628415 | AE55: 0.924495 | AF55: 1.147628 | AG55: 1.666782 | AH55: - -
A56: EGC000:ea_FuelCells | B56: Fuel Cells | C56: - - | D56: 0 | E56: 0 | F56: 0.001097 | G56: 0.002198 | H56: 0.002198 | I56: 0.002198 | J56: 0.002198 | K56: 0.002198 | L56: 0.002198 | M56: 0.002198 | N56: 0.002198 | O56: 0.002198 | P56: 0.002198 | Q56: 0.002198 | R56: 0.003243 | S56: 0.003243 | T56: 0.003243 | U56: 0.003243 | V56: 0.003243 | W56: 0.003243 | X56: 0.003243 | Y56: 0.003243 | Z56: 0.003243 | AA56: 0.003243 | AB56: 0.003243 | AC56: 0.003243 | AD56: 0.004245 | AE56: 0.004245 | AF56: 0.004245 | AG56: 0.004245 | AH56: - -
A57: EGC000:ea_RenewableSour | B57: Renewable Sources 7/ | C57: - - | D57: 0.100994 | E57: 8.866649 | F57: 37.973278 | G57: 72.677269 | H57: 92.013435 | I57: 105.6973 | J57: 112.43943 | K57: 117.45568 | L57: 128.14792 | M57: 129.80087 | N57: 133.75157 | O57: 139.453 | P57: 146.11961 | Q57: 151.96945 | R57: 157.02373 | S57: 166.94049 | T57: 173.51283 | U57: 183.32109 | V57: 188.56845 | W57: 194.92856 | X57: 200.07631 | Y57: 204.78832 | Z57: 211.80543 | AA57: 221.25636 | AB57: 230.58656 | AC57: 243.58241 | AD57: 260.6759 | AE57: 282.23746 | AF57: 307.16946 | AG57: 317.91125 | AH57: - -
A58: EGC000:ea_DistributedGe | B58: Distributed Generation 8/ | C58: - - | D58: 0 | E58: 1.557683 | F58: 2.029814 | G58: 2.589538 | H58: 3.788425 | I58: 4.369585 | J58: 5.052324 | K58: 5.972651 | L58: 6.829225 | M58: 7.551871 | N58: 8.336995 | O58: 9.196261 | P58: 10.102161 | Q58: 11.118253 | R58: 12.202368 | S58: 13.468646 | T58: 14.828192 | U58: 16.063656 | V58: 17.33741 | W58: 18.650297 | X58: 19.995911 | Y58: 21.409273 | Z58: 23.142252 | AA58: 24.906137 | AB58: 26.691204 | AC58: 28.452904 | AD58: 30.297573 | AE58: 32.29063 | AF58: 34.308743 | AG58: 36.505852 | AH58: - -
A59: EGC000:ea_Total | B59: Total | C59: - - | D59: 8.809139 | E59: 23.780142 | F59: 66.693123 | G59: 118.56578 | H59: 177.6927 | I59: 223.36971 | J59: 261.97018 | K59: 279.4425 | L59: 299.5694 | M59: 311.85327 | N59: 326.75259 | O59: 343.44867 | P59: 358.93835 | Q59: 375.27405 | R59: 391.74344 | S59: 412.84818 | T59: 431.99893 | U59: 452.353 | V59: 467.56793 | W59: 486.5087 | X59: 501.6116 | Y59: 520.47778 | Z59: 543.04028 | AA59: 568.35583 | AB59: 592.46545 | AC59: 618.25018 | AD59: 647.99548 | AE59: 683.76337 | AF59: 719.13477 | AG59: 746.60254 | AH59: - -
A60: EGC000:ea_CumulativeEle | B60: Cumulative Electric Power Sector Additions 10 | C60: - - | D60: 40.017651 | E60: 82.430862 | F60: 129.19385 | G60: 182.77451 | H60: 242.34442 | I60: 288.43243 | J60: 327.44391 | K60: 347.32721 | L60: 367.86511 | M60: 387.66 | N60: 402.55933 | O60: 419.2554 | P60: 434.74509 | Q60: 456.28076 | R60: 483.90018 | S60: 505.00491 | T60: 524.15564 | U60: 544.50971 | V60: 559.72467 | W60: 578.9154 | X60: 594.01831 | Y60: 612.88452 | Z60: 635.44702 | AA60: 660.76257 | AB60: 685.12219 | AC60: 710.90692 | AD60: 740.65222 | AE60: 776.42011 | AF60: 811.7915 | AG60: 839.25928 | AH60: - -
B62: Cumulative Retirements 11/
A63: EGC000:fa_CoalSteam | B63: Coal | C63: - - | D63: 4.5084 | E63: 9.220699 | F63: 29.479296 | G63: 39.575901 | H63: 89.742378 | I63: 93.867584 | J63: 102.27149 | K63: 105.57249 | L63: 108.062 | M63: 110.594 | N63: 112.012 | O63: 114.85101 | P63: 116.47001 | Q63: 118.6058 | R63: 120.22181 | S63: 120.22181 | T63: 120.56081 | U63: 122.68079 | V63: 123.0198 | W63: 123.0198 | X63: 123.3598 | Y63: 123.3598 | Z63: 123.3598 | AA63: 123.38079 | AB63: 126.30979 | AC63: 126.9898 | AD63: 126.9898 | AE63: 128.09979 | AF63: 128.09979 | AG63: 128.09979 | AH63: - -
A64: EGC000:fa_OtherFossilSt | B64: Oil and Natural Gas Steam 5/ | C64: - - | D64: 1.1951 | E64: 6.046201 | F64: 10.624702 | G64: 15.805702 | H64: 18.874302 | I64: 22.981003 | J64: 24.023502 | K64: 25.671501 | L64: 32.400902 | M64: 32.445904 | N64: 33.419407 | O64: 33.662407 | P64: 34.406208 | Q64: 34.909206 | R64: 35.879707 | S64: 36.789703 | T64: 36.789703 | U64: 36.789703 | V64: 36.915703 | W64: 36.915703 | X64: 36.915703 | Y64: 36.915703 | Z64: 36.915703 | AA64: 36.915703 | AB64: 37.021706 | AC64: 37.021706 | AD64: 37.021706 | AE64: 37.021706 | AF64: 37.574707 | AG64: 37.574707 | AH64: - -
A65: EGC000:fa_CombinedCycle | B65: Combined Cycle | C65: - - | D65: 0.056 | E65: 1.077 | F65: 2.6442 | G65: 3.8123 | H65: 5.256402 | I65: 5.256402 | J65: 5.706402 | K65: 5.755802 | L65: 5.799901 | M65: 6.863701 | N65: 7.748702 | O65: 7.748702 | P65: 7.811402 | Q65: 7.953402 | R65: 8.024402 | S65: 8.024402 | T65: 8.024402 | U65: 8.024402 | V65: 8.677402 | W65: 8.677402 | X65: 8.677402 | Y65: 9.188502 | Z65: 9.188502 | AA65: 9.188502 | AB65: 9.215502 | AC65: 9.215502 | AD65: 9.844501 | AE65: 9.844501 | AF65: 9.901102 | AG65: 9.901102 | AH65: - -
A66: EGC000:fa_CombustionTur | B66: Combustion Turbine/Diesel | C66: - - | D66: 0.0188 | E66: 0.0996 | F66: 0.7371 | G66: 1.3065 | H66: 1.3661 | I66: 2.6262 | J66: 3.258801 | K66: 3.264 | L66: 3.264 | M66: 3.6285 | N66: 3.6285 | O66: 3.790501 | P66: 3.911301 | Q66: 3.929901 | R66: 3.946901 | S66: 3.946901 | T66: 3.946901 | U66: 3.959401 | V66: 3.959401 | W66: 3.959401 | X66: 4.168401 | Y66: 4.200401 | Z66: 4.200401 | AA66: 4.200401 | AB66: 4.287401 | AC66: 4.287401 | AD66: 4.287401 | AE66: 4.352901 | AF66: 4.352901 | AG66: 4.352901 | AH66: - -
A67: EGC000:fa_NuclearPower | B67: Nuclear Power | C67: - - | D67: 5.7363 | E67: 6.5079 | F67: 6.5079 | G67: 6.5079 | H67: 7.6299 | I67: 20.986601 | J67: 29.137402 | K67: 31.494406 | L67: 37.924797 | M67: 37.924797 | N67: 40.219898 | O67: 41.504597 | P67: 42.569599 | Q67: 44.703598 | R67: 44.703598 | S67: 45.825699 | T67: 47.832699 | U67: 48.674496 | V67: 48.674496 | W67: 48.674496 | X67: 48.674496 | Y67: 48.674496 | Z67: 51.056198 | AA67: 56.666897 | AB67: 56.666897 | AC67: 56.666897 | AD67: 57.5779 | AE67: 59.417896 | AF67: 59.417896 | AG67: 59.417896 | AH67: - -
A68: EGC000:fa_PumpedStorage | B68: Pumped Storage | C68: - - | D68: 0 | E68: 0 | F68: 0 | G68: 0 | H68: 0 | I68: 0 | J68: 0 | K68: 0 | L68: 0 | M68: 0 | N68: 0 | O68: 0 | P68: 0 | Q68: 0 | R68: 0 | S68: 0 | T68: 0 | U68: 0 | V68: 0 | W68: 0 | X68: 0 | Y68: 0 | Z68: 0 | AA68: 0 | AB68: 0 | AC68: 0 | AD68: 0 | AE68: 0 | AF68: 0 | AG68: 0 | AH68: - -
A69: EGC000:fa_DiurnalStorag | B69: Diurnal Storage | C69: - - | D69: 0 | E69: 0 | F69: 0 | G69: 0.001 | H69: 0.001 | I69: 0.001 | J69: 0.001 | K69: 0.001 | L69: 0.001 | M69: 0.001 | N69: 0.001 | O69: 0.001 | P69: 0.001 | Q69: 0.001 | R69: 0.001 | S69: 0.001 | T69: 0.003 | U69: 0.003 | V69: 0.003 | W69: 0.003 | X69: 0.003 | Y69: 0.003 | Z69: 0.003 | AA69: 0.003 | AB69: 0.003 | AC69: 0.003 | AD69: 0.003 | AE69: 0.003 | AF69: 0.003 | AG69: 0.003 | AH69: - -
A70: EGC000:fa_FuelCells | B70: Fuel Cells | C70: - - | D70: 0 | E70: 0 | F70: 0 | G70: 0 | H70: 0 | I70: 0 | J70: 0 | K70: 0 | L70: 0 | M70: 0 | N70: 0.0011 | O70: 0.0011 | P70: 0.0011 | Q70: 0.0011 | R70: 0.0011 | S70: 0.0011 | T70: 0.0011 | U70: 0.0011 | V70: 0.0011 | W70: 0.0011 | X70: 0.0011 | Y70: 0.0011 | Z70: 0.0011 | AA70: 0.0011 | AB70: 0.0011 | AC70: 0.0011 | AD70: 0.0011 | AE70: 0.0011 | AF70: 0.0011 | AG70: 0.0011 | AH70: - -
A71: EGC000:fa_RenewableSour | B71: Renewable Sources 7/ | C71: - - | D71: 0 | E71: 0.0121 | F71: 0.0349 | G71: 0.0509 | H71: 0.0554 | I71: 0.0554 | J71: 0.06 | K71: 0.2323 | L71: 0.3117 | M71: 0.3117 | N71: 0.3117 | O71: 0.3117 | P71: 0.3117 | Q71: 0.3117 | R71: 0.3117 | S71: 0.3117 | T71: 0.3117 | U71: 0.3117 | V71: 0.3117 | W71: 0.3117 | X71: 0.3117 | Y71: 0.3117 | Z71: 0.3117 | AA71: 0.3916 | AB71: 0.3916 | AC71: 0.3916 | AD71: 0.3946 | AE71: 0.3946 | AF71: 0.4096 | AG71: 0.4096 | AH71: - -
A72: EGC000:fa_Total | B72: Total | C72: - - | D72: 11.514603 | E72: 22.963499 | F72: 50.028084 | G72: 67.060181 | H72: 122.9255 | I72: 145.77422 | J72: 164.45862 | K72: 172.02751 | L72: 187.80028 | M72: 191.80557 | N72: 197.37825 | O72: 201.90698 | P72: 205.51829 | Q72: 210.45167 | R72: 213.12617 | S72: 215.15828 | T72: 217.50627 | U72: 220.48055 | V72: 221.59854 | W72: 221.59854 | X72: 222.14754 | Y72: 222.69063 | Z72: 225.07233 | AA72: 230.78398 | AB72: 233.93297 | AC72: 234.61296 | AD72: 236.15598 | AE72: 239.17146 | AF72: 239.79607 | AG72: 239.79607 | AH72: - -
A74: EGC000:ga_TotalElectric | B74: Total Electric Power Sector Capacity | C74: 1091.1827 | D74: 1119.6857 | E74: 1150.6969 | F74: 1170.4393 | G74: 1207.0387 | H74: 1210.7745 | I74: 1234.0448 | J74: 1254.4071 | K74: 1266.7567 | L74: 1271.5668 | M74: 1287.4424 | N74: 1296.9078 | O74: 1309.1715 | P74: 1321.1423 | Q74: 1337.8326 | R74: 1362.9559 | S74: 1382.1613 | T74: 1398.9907 | U74: 1416.397 | V74: 1430.4941 | W74: 1449.7285 | X74: 1464.4413 | Y74: 1482.8794 | Z74: 1503.1709 | AA74: 1522.8709 | AB74: 1544.1854 | AC74: 1569.3444 | AD74: 1597.6007 | AE74: 1630.3871 | AF74: 1665.1747 | AG74: 1692.7045 | AH74: 0.014743
B76: End-Use Generators 12/
A77: EGC000:ha_Coal | B77: Coal | C77: 1.94556 | D77: 1.916276 | E77: 1.925017 | F77: 1.922601 | G77: 1.926983 | H77: 1.926186 | I77: 1.924083 | J77: 1.920661 | K77: 1.916551 | L77: 1.910062 | M77: 1.907287 | N77: 1.903833 | O77: 1.900576 | P77: 1.895256 | Q77: 1.891755 | R77: 1.890439 | S77: 1.887616 | T77: 1.88537 | U77: 1.884536 | V77: 1.883561 | W77: 1.879852 | X77: 1.877477 | Y77: 1.876735 | Z77: 1.877751 | AA77: 1.875301 | AB77: 1.874235 | AC77: 1.87176 | AD77: 1.868565 | AE77: 1.866995 | AF77: 1.865326 | AG77: 1.865263 | AH77: -0.001404
A78: EGC000:ha_Petroleum | B78: Petroleum | C78: 0.568761 | D78: 0.568761 | E78: 0.568761 | F78: 0.568761 | G78: 0.568761 | H78: 0.568761 | I78: 0.568761 | J78: 0.568761 | K78: 0.568761 | L78: 0.568761 | M78: 0.568761 | N78: 0.568761 | O78: 0.568761 | P78: 0.568761 | Q78: 0.568761 | R78: 0.568761 | S78: 0.568761 | T78: 0.568761 | U78: 0.568761 | V78: 0.568761 | W78: 0.568761 | X78: 0.568761 | Y78: 0.568761 | Z78: 0.568761 | AA78: 0.568761 | AB78: 0.568761 | AC78: 0.568761 | AD78: 0.568761 | AE78: 0.568761 | AF78: 0.568761 | AG78: 0.568761 | AH78: 0
A79: EGC000:ha_NaturalGas | B79: Natural Gas | C79: 17.840422 | D79: 18.414034 | E79: 18.744448 | F79: 19.040003 | G79: 19.390608 | H79: 19.757416 | I79: 20.138281 | J79: 20.523817 | K79: 20.906796 | L79: 21.285425 | M79: 21.655716 | N79: 22.032509 | O79: 22.409348 | P79: 22.789431 | Q79: 23.18235 | R79: 23.596098 | S79: 24.022133 | T79: 24.469906 | U79: 24.94371 | V79: 25.43655 | W79: 25.943195 | X79: 26.494547 | Y79: 27.106615 | Z79: 27.799932 | AA79: 28.55995 | AB79: 29.406044 | AC79: 30.335108 | AD79: 31.345692 | AE79: 32.447323 | AF79: 33.679142 | AG79: 35.076496 | AH79: 0.022791
A80: EGC000:ha_OtherGaseousF | B80: Other Gaseous Fuels 13/ | C80: 2.84635 | D80: 2.86975 | E80: 2.88985 | F80: 2.88985 | G80: 2.88985 | H80: 2.88985 | I80: 2.88985 | J80: 2.88985 | K80: 2.88985 | L80: 2.88985 | M80: 2.88985 | N80: 2.88985 | O80: 2.88985 | P80: 2.88985 | Q80: 2.88985 | R80: 2.88985 | S80: 2.88985 | T80: 2.88985 | U80: 2.88985 | V80: 2.88985 | W80: 2.88985 | X80: 2.88985 | Y80: 2.88985 | Z80: 2.88985 | AA80: 2.88985 | AB80: 2.88985 | AC80: 2.88985 | AD80: 2.88985 | AE80: 2.88985 | AF80: 2.88985 | AG80: 2.88985 | AH80: 0.000506
A81: EGC000:ha_RenewableSour | B81: Renewable Sources 7/ | C81: 40.20483 | D81: 45.801537 | E81: 50.177376 | F81: 53.586945 | G81: 56.823536 | H81: 60.726688 | I81: 64.043724 | J81: 68.181313 | K81: 71.735199 | L81: 75.26059 | M81: 78.723595 | N81: 82.729477 | O81: 86.037529 | P81: 89.811134 | Q81: 93.586372 | R81: 97.505814 | S81: 102.02862 | T81: 105.99029 | U81: 110.25511 | V81: 114.54185 | W81: 118.97092 | X81: 123.35316 | Y81: 127.81803 | Z81: 132.41515 | AA81: 136.86403 | AB81: 141.62399 | AC81: 146.97783 | AD81: 151.49603 | AE81: 155.98624 | AF81: 160.29065 | AG81: 164.92387 | AH81: 0.048174
A82: EGC000:ha_Other | B82: Other 14/ | C82: 0.6358 | D82: 0.6358 | E82: 0.6858 | F82: 0.6858 | G82: 0.6858 | H82: 0.6858 | I82: 0.6858 | J82: 0.6858 | K82: 0.6858 | L82: 0.6858 | M82: 0.6858 | N82: 0.6858 | O82: 0.6858 | P82: 0.6858 | Q82: 0.6858 | R82: 0.6858 | S82: 0.6858 | T82: 0.6858 | U82: 0.6858 | V82: 0.6858 | W82: 0.6858 | X82: 0.6858 | Y82: 0.6858 | Z82: 0.6858 | AA82: 0.6858 | AB82: 0.6858 | AC82: 0.6858 | AD82: 0.6858 | AE82: 0.6858 | AF82: 0.6858 | AG82: 0.6858 | AH82: 0.002527
A83: EGC000:ha_Total | B83: Total | C83: 64.041725 | D83: 70.206161 | E83: 74.991257 | F83: 78.693962 | G83: 82.285538 | H83: 86.554703 | I83: 90.250504 | J83: 94.770203 | K83: 98.702957 | L83: 102.60049 | M83: 106.43101 | N83: 110.81023 | O83: 114.49186 | P83: 118.64023 | Q83: 122.80489 | R83: 127.13676 | S83: 132.08278 | T83: 136.48997 | U83: 141.22777 | V83: 146.00638 | W83: 150.93837 | X83: 155.8696 | Y83: 160.94579 | Z83: 166.23724 | AA83: 171.44369 | AB83: 177.04868 | AC83: 183.3291 | AD83: 188.85471 | AE83: 194.44498 | AF83: 199.97952 | AG83: 206.01004 | AH83: 0.039715
A85: EGC000:ia_CumulativeCap | B85: Cumulative Capacity Additions 10/ | C85: - - | D85: 6.193716 | E85: 10.978814 | F85: 14.683936 | G85: 18.275517 | H85: 22.545471 | I85: 26.244617 | J85: 30.767748 | K85: 34.704609 | L85: 38.608631 | M85: 42.441956 | N85: 46.824619 | O85: 50.509506 | P85: 54.663204 | Q85: 58.831371 | R85: 63.164593 | S85: 68.113403 | T85: 72.52285 | U85: 77.261459 | V85: 82.041016 | W85: 86.976746 | X85: 91.910332 | Y85: 96.987289 | Z85: 102.27872 | AA85: 107.48759 | AB85: 113.09364 | AC85: 119.37653 | AD85: 124.90534 | AE85: 130.49718 | AF85: 136.07678 | AG85: 142.10735 | AH85: - -
B87: 1/ Net summer capacity is the steady hourly output that generating equipment is expected to supply to
B88: system load (exclusive of auxiliary power), as demonstrated by tests during summer peak demand.
B89: 2/ Includes electricity-only and combined heat and power plants that have a regulatory status.
B90: 3/ Includes plants that only produce electricity and that have a regulatory status. Includes capacity increases (uprates) at existing units.
B91: 4/ Total coal and oil and natural gas steam capacity account for the conversion of coal capacity to gas steam capacity, but the conversions
B92: are not included explicitly as additions or retirements. No planned conversions are assumed. The totals reflect any conversions projected by
B93: the model.
B94: 5/ Includes oil-, gas-, and dual-fired capacity.
B95: 6/ Nuclear capacity includes 2.1 gigawatts of uprates.
B96: 7/ Includes conventional hydroelectric, geothermal, wood, wood waste, all municipal waste, landfill gas,
B97: other biomass, solar, and wind power. Facilities co-firing biomass and coal are classified as coal.
B98: 8/ Primarily peak-load capacity fueled by natural gas.
... B111: AEO2021 National Energy Modeling System run highogs.d120120a. Projections: EIA, AEO2021 National Energy Modeling System run highogs.d120120a.

Sheet AEO_coal discrepency
B1: Electric Power Sector 2/ | C1: ='AEO Table 9'!C13 -> 2020 | D1: ='AEO Table 9'!D13 -> 2021 | E1: ='AEO Table 9'!E13 -> 2022 | F1: ='AEO Table 9'!F13 -> 2023 | G1: ='AEO Table 9'!G13 -> 2024 | H1: ='AEO Table 9'!H13 -> 2025 | I1: ='AEO Table 9'!I13 -> 2026 | J1: ='AEO Table 9'!J13 -> 2027 | ... AG1: ='AEO Table 9'!AG13 -> 2050
B2: Power Only 3/
A3: EGC000:ba_CoalSteam | B3: Coal 4/ | C3: ='AEO Table 9'!C17 -> 217.31993 | D3: ='AEO Table 9'!D17 -> 212.9165 | E3: ='AEO Table 9'!E17 -> 208.20419 | F3: ='AEO Table 9'!F17 -> 187.9456 | G3: ='AEO Table 9'!G17 -> 177.84901 | H3: ='AEO Table 9'!H17 -> 111.62372 | I3: ='AEO Table 9'!I17 -> 107.49852 | J3: ='AEO Table 9'!J17 -> 99.09462 | ... AG3: ='AEO Table 9'!AG17 -> 73.266312
B5: Cumulative Retirements 11/
A6: EGC000:fa_CoalSteam | B6: Coal | C6: ='AEO Table 9'!C63 -> - - | D6: ='AEO Table 9'!D63 -> 4.5084 | E6: ='AEO Table 9'!E63 -> 9.220699 | F6: ='AEO Table 9'!F63 -> 29.479296 | G6: ='AEO Table 9'!G63 -> 39.575901 | H6: ='AEO Table 9'!H63 -> 89.742378 | I6: ='AEO Table 9'!I63 -> 93.867584 | J6: ='AEO Table 9'!J63 -> 102.27149 | ... AG6: ='AEO Table 9'!AG63 -> 128.09979
B8: Coal Minus Retirements - forecasted coal cap | D8: =$C$3-D6 -> 212.81153 | E8: =$C$3-E6 -> 208.09923 | F8: =$C$3-F6 -> 187.84063 | G8: =$C$3-G6 -> 177.74403 | H8: =$C$3-H6 -> 127.57755 | I8: =$C$3-I6 -> 123.45235 | J8: =$C$3-J6 -> 115.04844 | K8: =$C$3-K6 -> 111.74744 | ... AG8: =$C$3-AG6 -> 89.220139
B9: Additional Retirements from coal to gas switching (see email from EIA staff) | D9: =IF(D8-D3<0,0,D8-D3) -> 0 | E9: =IF(E8-E3<0,0,E8-E3) -> 0 | F9: =IF(F8-F3<0,0,F8-F3) -> 0 | G9: =IF(G8-G3<0,0,G8-G3) -> 0 | H9: =IF(H8-H3<0,0,H8-H3) -> 15.953835 | I9: =IF(I8-I3<0,0,I8-I3) -> 15.953827 | J9: =IF(J8-J3<0,0,J8-J3) -> 15.953819 | K9: =IF(K8-K3<0,0,K8-K3) -> 15.953827 | ... AG9: =IF(AG8-AG3<0,0,AG8-AG3) -> 15.953827
A10: GWs | B10: Year to year change | E10: =E9-D9 -> 0 | F10: =F9-E9 -> 0 | G10: =G9-F9 -> 0 | H10: =H9-G9 -> 15.953835 | I10: =I9-H9 -> -8e-06 | J10: =J9-I9 -> -8e-06 | K10: =K9-J9 -> 8e-06 | L10: =L9-K9 -> -1.5e-05 | ... AG10: =AG9-AF9 -> 0
A11: GWs | B11: Estimated additional gas capacity from coal to gas fuel switching (add to BPMCCS) | H11: =H9 -> 15.953835

Sheet Calculations
A1: 44197
A2: Status | B2: (All)
A3: Plant Producer Type | B3: (Multiple Items)
M4: Model Energy Source
A5: Sum of Net Summer Capacity (MW) | B5: Column Labels
A6: Row Labels | B6: 2020 | C6: 2021 | D6: 2022 | E6: 2023 | F6: 2024 | G6: 2025 | H6: 2026 | I6: 2027
A7: Batteries | B7: 394.1 | C7: 4025 | D7: 1966.2 | E7: 3848.3 | F7: 100 | M7: NA
A8: Conventional Hydroelectric | B8: 5.2 | C8: 104.8 | D8: 19.8 | E8: 177.6 | G8: 9 | I8: 9.6 | M8: hydro
A9: Geothermal | C9: 42 | M9: geothermal
A10: Landfill Gas | B10: 1.4 | D10: 3 | F10: 3.2 | M10: biomass
A11: Natural Gas Fired Combined Cycle | C11: 3529.6 | D11: 13680.7 | E11: 7174.7 | F11: 2671.9 | G11: 3143.8 | M11: natural gas combined cycle
A12: Natural Gas Fired Combustion Turbine | B12: 364.4 | C12: 2124.3 | D12: 1145.9 | E12: 746.8 | F12: 517 | M12: natural gas peaker
A13: Natural Gas Internal Combustion Engine | C13: 55.2 | M13: natural gas peaker
A14: Natural Gas Steam Turbine | E14: 335 | M14: natural gas steam turbine
A15: Natural Gas with Compressed Air Storage | E15: 317 | M15: natural gas peaker
A16: Nuclear | C16: 1100 | D16: 1100 | H16: 380 | I16: 190 | M16: nuclear
A17: Offshore Wind Turbine | C17: 12 | D17: 20.4 | E17: 920 | F17: 1100 | M17: offshore wind
A18: Onshore Wind Turbine | B18: 10166 | C18: 15280.7 | D18: 3600.6 | E18: 2446.5 | F18: 895.5 | G18: 1360 | H18: 750 | M18: onshore wind
A19: Other Natural Gas | B19: 3.7 | C19: 33.5 | D19: 8.4 | M19: natural gas peaker
A20: Other Waste Biomass | C20: 41 | D20: 1.2 | E20: 19 | M20: biomass
A21: Petroleum Liquids | B21: 3.1 | C21: 1.7 | M21: petroleum
A22: Solar Photovoltaic | B22: 4254.6 | C22: 16239.4 | D22: 12316 | E22: 8213.1 | F22: 1100 | G22: 7 | M22: solar PV
A23: Solar Thermal without Energy Storage | G23: 200 | M23: solar thermal
A24: Wood/Wood Waste Biomass | D24: 42 | M24: biomass
A25: Grand Total | B25: 15192.5 | C25: 42589.2 | D25: 33904.2 | E25: 24198 | F25: 6387.6 | G25: 4719.8 | H25: 1130 | I25: 199.6
A29: 44562
A30: Status | B30: (All)
A31: Plant Producer Type | B31: (Multiple Items)
M32: Model Energy Source
A33: Sum of Net Summer Capacity (MW) | B33: Column Labels
A34: Row Labels | B34: 2021 | C34: 2022 | D34: 2023 | E34: 2024 | F34: 2025 | G34: 2026 | H34: 2027 | I34: 2030
A35: Batteries | B35: 1118.8 | C35: 5404.8 | D35: 5335 | E35: 1130 | F35: 30 | M35: =INDEX($M$7:$M$24,MATCH(A35,$A$7:$A$24,0)) -> NA
A36: Conventional Hydroelectric | C36: 28 | D36: 78.3 | E36: 110.6 | F36: 20 | G36: 1.5 | H36: 9.6 | M36: =INDEX($M$7:$M$24,MATCH(A36,$A$7:$A$24,0)) -> hydro
A37: Geothermal | C37: 42 | M37: =INDEX($M$7:$M$24,MATCH(A37,$A$7:$A$24,0)) -> geothermal
A38: Landfill Gas | C38: 4.6 | M38: =INDEX($M$7:$M$24,MATCH(A38,$A$7:$A$24,0)) -> biomass
A39: Natural Gas Fired Combined Cycle | C39: 8256 | D39: 4270.8 | E39: 3266.7 | F39: 7063.2 | H39: 680 | M39: =INDEX($M$7:$M$24,MATCH(A39,$A$7:$A$24,0)) -> natural gas combined cycle
A40: Natural Gas Fired Combustion Turbine | B40: 806 | C40: 1534.1 | D40: 1616.6 | E40: 517 | F40: 5 | M40: =INDEX($M$7:$M$24,MATCH(A40,$A$7:$A$24,0)) -> natural gas peaker
A41: Natural Gas Internal Combustion Engine | D41: 125.3 | E41: 136 | M41: =INDEX($M$7:$M$24,MATCH(A41,$A$7:$A$24,0)) -> natural gas peaker
A42: Natural Gas Steam Turbine | D42: 335 | M42: =INDEX($M$7:$M$24,MATCH(A42,$A$7:$A$24,0)) -> natural gas steam turbine
A43: Natural Gas with Compressed Air Storage | D43: 158.5 | E43: 158.5 | M43: =INDEX($M$7:$M$24,MATCH(A43,$A$7:$A$24,0)) -> natural gas peaker
A44: Nuclear | C44: 1114 | D44: 1114 | G44: 380 | H44: 190 | M44: =INDEX($M$7:$M$24,MATCH(A44,$A$7:$A$24,0)) -> nuclear
A45: Offshore Wind Turbine | E45: 1920.4 | G45: 120 | H45: 1265 | M45: =INDEX($M$7:$M$24,MATCH(A45,$A$7:$A$24,0)) -> offshore wind
A46: Onshore Wind Turbine | B46: 5326.3 | C46: 7743.6 | D46: 4267.2 | E46: 2347.5 | F46: 2290 | G46: 1500 | M46: =INDEX($M$7:$M$24,MATCH(A46,$A$7:$A$24,0)) -> onshore wind
A47: Other Natural Gas | B47: 15.8 | C47: 34.8 | M47: =INDEX($M$7:$M$24,MATCH(A47,$A$7:$A$24,0)) -> natural gas peaker
A48: Other Waste Biomass | C48: 41 | D48: 19 | M48: =INDEX($M$7:$M$24,MATCH(A48,$A$7:$A$24,0)) -> biomass
A49: Petroleum Liquids | C49: 25.4 | M49: =INDEX($M$7:$M$24,MATCH(A49,$A$7:$A$24,0)) -> petroleum
A50: Solar Photovoltaic | B50: 4350.8 | C50: 21625.1 | D50: 17328.8 | E50: 5097.4 | F50: 885 | G50: 1051.8 | I50: 222.8 | M50: =INDEX($M$7:$M$24,MATCH(A50,$A$7:$A$24,0)) -> solar PV
A51: Solar Thermal without Energy Storage | F51: 200 | M51: =INDEX($M$7:$M$24,MATCH(A51,$A$7:$A$24,0)) -> solar thermal
A52: Grand Total | B52: 11617.7 | C52: 45853.4 | D52: 34648.5 | E52: 14684.1 | F52: 10493.2 | G52: 3053.3 | H52: 2144.6 | I52: 222.8
A55: 2023
M56: Model Energy Source
A57: Sum of Net Summer Capacity (MW) | B57: Column Labels
A58: Row Labels | B58: 2023 | C58: 2024 | D58: 2025 | E58: 2026 | F58: 2027 | G58: 2028 | H58: 2029 | I58: 2030
A59: Batteries | B59: 12345.8 | C59: 12018.6 | D59: 7876.5 | E59: 2939 | F59: 352.5 | G59: 20 | M59: =INDEX($M$7:$M$24,MATCH(A59,$A$7:$A$24,0)) -> NA
A60: Conventional Hydroelectric | B60: 22.6 | C60: 10.3 | D60: 10.4 | E60: 31.4 | F60: 51.1 | G60: 132.3 | M60: =INDEX($M$7:$M$24,MATCH(A60,$A$7:$A$24,0)) -> hydro
A61: Geothermal | B61: 25 | C61: 16 | M61: =INDEX($M$7:$M$24,MATCH(A61,$A$7:$A$24,0)) -> geothermal
A62: Landfill Gas | B62: 7.5 | E62: 6.4 | M62: =INDEX($M$7:$M$24,MATCH(A62,$A$7:$A$24,0)) -> biomass
A63: Natural Gas Fired Combined Cycle | B63: 5442.2 | C63: 97.8 | D63: 4109.6 | E63: 2749.6 | F63: 524.5 | M63: =INDEX($M$7:$M$24,MATCH(A63,$A$7:$A$24,0)) -> natural gas combined cycle
A64: Natural Gas Fired Combustion Turbine | B64: 1338.2 | C64: 2208.7 | D64: 1068.6 | E64: 775.5 | F64: 42 | M64: =INDEX($M$7:$M$24,MATCH(A64,$A$7:$A$24,0)) -> natural gas peaker
A65: Natural Gas Internal Combustion Engine | B65: 379.9 | C65: 273.2 | D65: 295.6 | M65: =INDEX($M$7:$M$24,MATCH(A65,$A$7:$A$24,0)) -> natural gas peaker
A66: Natural Gas Steam Turbine | B66: 11 | C66: 4.6 | F66: 25 | M66: =INDEX($M$7:$M$24,MATCH(A66,$A$7:$A$24,0)) -> natural gas steam turbine
A67: Natural Gas with Compressed Air Storage | F67: 317 | M67: =INDEX($M$7:$M$24,MATCH(A67,$A$7:$A$24,0)) -> natural gas peaker
A68: Nuclear | B68: 2228 | C68: 1114 | H68: 72.7 | I68: 363.5 | M68: =INDEX($M$7:$M$24,MATCH(A68,$A$7:$A$24,0)) -> nuclear
A69: Offshore Wind Turbine | B69: 130 | C69: 2015 | D69: 715 | E69: 986.4 | F69: 1265 | H69: 1148 | M69: =INDEX($M$7:$M$24,MATCH(A69,$A$7:$A$24,0)) -> offshore wind
A70: Onshore Wind Turbine | B70: 7864.7 | C70: 3999.1 | D70: 4991.2 | E70: 1494.9 | F70: 2285 | G70: 821.4 | H70: 750 | M70: =INDEX($M$7:$M$24,MATCH(A70,$A$7:$A$24,0)) -> onshore wind
A71: Other Natural Gas | B71: 14 | M71: =INDEX($M$7:$M$24,MATCH(A71,$A$7:$A$24,0)) -> natural gas peaker
A72: Other Waste Biomass | B72: 9 | C72: 51 | M72: =INDEX($M$7:$M$24,MATCH(A72,$A$7:$A$24,0)) -> biomass
A73: Petroleum Liquids | B73: 69 | M73: =INDEX($M$7:$M$24,MATCH(A73,$A$7:$A$24,0)) -> petroleum
A74: Solar Photovoltaic | B74: 28795.2 | C74: 32837.3 | D74: 20404.9 | E74: 8079.8 | F74: 4939 | G74: 628 | H74: 100 | I74: 222.8 | M74: =INDEX($M$7:$M$24,MATCH(A74,$A$7:$A$24,0)) -> solar PV
A75: Solar Thermal without Energy Storage | F75: 200 | M75: =INDEX($M$7:$M$24,MATCH(A75,$A$7:$A$24,0)) -> solar thermal
A76: Wood/Wood Waste Biomass | D76: 20 | M76: =INDEX($M$7:$M$24,MATCH(A76,$A$7:$A$24,0)) -> biomass
M77: =INDEX($M$7:$M$24,MATCH(A77,$A$7:$A$24,0)) -> #N/A

Sheet Summary
A2: EPA IPM Summary Run Results
A4: Projections for Continental U.S.
C6: Final Rule Sens Vehicle Rules MATS and ELG
A9: All costs and prices are in 2022-year dollars | C9: Values in red are rounded to zero, not equal to zero
A10: NATIONWIDE EMISSIONS | C10: 2028 | D10: 2030 | E10: 2035 | F10: 2040 | G10: 2045 | H10: 2050 | I10: 2055
A11: SO2 (million tons) | C11: 0.38178204 | D11: 0.2877666 | E11: 0.15008062 | F11: 0.13375077 | G11: 0.0136601 | H11: 0.016605887 | I11: 0.01703559
A12: NOx (million tons) | C12: 0.41680328 | D12: 0.34966976 | E12: 0.21915307 | F12: 0.17104618 | G12: 0.086862064 | H12: 0.10890104 | I12: 0.11869103
A13: CO2 (million metric tons) | C13: 1075.7036 | D13: 1007.938 | E13: 652.29001 | F13: 440.68979 | G13: 289.83436 | H13: 413.78669 | I13: 475.62131
A14: Hg (tons) | C14: 2.3622842 | D14: 2.190447 | E14: 1.8558747 | F14: 1.7549231 | G14: 1.2599124 | H14: 1.2566786 | I14: 1.2690883
A15: HCL (Mtons) | C15: 2.1144118 | D15: 1.7733223 | E15: 1.161718 | F15: 1.0492678 | G15: 0.096565891 | H15: 0.11699042 | I15: 0.11715545
A17: TOTAL COSTS | C17: 2028 | D17: 2030 | E17: 2035 | F17: 2040 | G17: 2045 | H17: 2050 | I17: 2055
A18: Total Costs (billion $) | C18: 132.75369 | D18: 141.08153 | E18: 155.02027 | F18: 160.85825 | G18: 178.0532 | H18: 190.13077 | I18: 209.2489
A20: PRICES | C20: 2028 | D20: 2030 | E20: 2035 | F20: 2040 | G20: 2045 | H20: 2050 | I20: 2055
A21: National Wholesale Electricity Price (mills/kWh) | C21: 35.598189 | D21: 39.985036 | E21: 39.047732 | F21: 33.919317 | G21: 28.962111 | H21: 39.068346 | I21: 42.898249
A22: Natural Gas Prices (2022 $/MMBtu)
A23: Henry Hub | C23: 3.0610044 | D23: 3.2856843 | E23: 3.5237571 | F23: 3.2990909 | G23: 3.4962832 | H23: 4.2861253 | I23: 4.7051272
A24: Delivered | C24: 3.1353645 | D24: 3.3594684 | E24: 3.545301 | F24: 3.2673407 | G24: 3.4817099 | H24: 4.278484 | I24: 4.6999493
A25: Minemouth Coal Prices (2022 $/MMBtu)
A26: Appalachia | C26: 1.4549263 | D26: 1.4772264 | E26: 1.4863063 | F26: 1.5516406 | G26: 2.2655175 | H26: 2.3980142 | I26: 2.3977365
A27: Imports | C27: 4.729026 | D27: 4.4503375 | E27: 4.3027965
A28: Interior | C28: 1.518363 | D28: 1.5722408 | E28: 1.7297247 | F28: 1.7859779 | G28: 1.8652331 | H28: 1.981953 | I28: 2.0035881
A29: Waste Coal | C29: 0.54324641 | D29: 0.81628239 | E29: 0.38324153 | F29: 2.0167941
A30: West | C30: 0.85137439 | D30: 0.91585383 | E30: 0.99292377 | F30: 1.0415212 | G30: 1.4784636 | H30: 1.2613479 | I30: 1.2721753
A31: National | C31: 1.0780782 | D31: 1.1725092 | E31: 1.2457788 | F31: 1.3783975 | G31: 1.6974458 | H31: 1.6369371 | I31: 1.649027
K32: Extrapolated
A33: TOTAL CAPACITY (Cumulative GW) | C33: 2028 | D33: 2030 | E33: 2035 | F33: 2040 | G33: 2045 | H33: 2050 | I33: 2055 | K33: 2028 | L33: 2029 | M33: 2030 | N33: 2031 | O33: 2032 | P33: 2033 | Q33: 2034 | R33: 2035 | S33: 2036 | T33: 2037 | U33: 2038 | V33: 2039 | W33: 2040 | X33: 2041 | Y33: 2042 | Z33: 2043 | AA33: 2044 | AB33: 2045 | AC33: 2046 | AD33: 2047 | AE33: 2048 | AF33: 2049 | AG33: 2050
A34: Hydro | C34: 102.4067 | D34: 104.50799 | E34: 108.14516 | F34: 111.82621 | G34: 112.26044 | H34: 112.26044 | I34: 112.26053
A35: Non-Hydro Renewables | C35: 428.53412 | D35: 477.61208 | E35: 738.0805 | F35: 1032.3573 | G35: 1366.2569 | H35: 1400.5869 | I35: 1492.857
A36: Biomass | C36: 0.2029 | D36: 0.2029 | E36: 0.1909 | F36: 0.1444 | G36: 0.1444 | H36: 0.1444 | I36: 0.1444
A37: Geothermal | C37: 3.21123 | D37: 3.21123 | E37: 3.21123 | F37: 3.21123 | G37: 3.28528 | H37: 3.28528 | I37: 3.28528
A38: Landfill Gas | C38: 3.1949 | D38: 3.1949 | E38: 3.0753 | F38: 3.0753 | G38: 3.0753 | H38: 4.6099926 | I38: 5.5548314
A39: Solar | C39: 184.19787 | D39: 187.34955 | E39: 303.75831 | F39: 366.91604 | G39: 540.26025 | H39: 565.94633 | I39: 604.50262
A40: Wind | C40: 237.72723 | D40: 283.6535 | E40: 427.84476 | F40: 659.01037 | G40: 819.49171 | H40: 826.60092 | I40: 879.36986
A41: Distributed Solar PV | C41: 81.438517 | D41: 92.295531 | E41: 120.51016 | F41: 151.53083 | G41: 185.35586 | H41: 223.72962 | I41: 273.9191
A42: Coal | C42: 92.528817 | D42: 63.354547 | E42: 20.016061 | F42: 18.614682 | G42: 0.91530777 | H42: 0.86830777 | I42: 0.86830777
A43: Coal without CCS | C43: 92.459169 | D43: 62.316 | E43: 0.83908578 | F43: 0.17560001 | G43: 0.17330001 | H43: 0.12630001 | I43: 0.12630001
A44: IGCC without CCS | C44: 0.069647814 | D44: 0.069647814 | E44: 0 | F44: 0 | G44: 0 | H44: 0 | I44: 0
A45: Coal with CCS | C45: 0 | D45: 0.96889969 | E45: 19.176975 | F45: 18.439082 | G45: 0.74200776 | H45: 0.74200776 | I45: 0.74200776 | K45: {=TREND($C$45:$D$45,$C$33:$D$33,K33)} -> 0 | L45: {=TREND($C$45:$D$45,$C$33:$D$33,L33)} -> 0.48444984 | M45: {=TREND($C$45:$D$45,$C$33:$D$33,M33)} -> 0.96889968 | N45: {=TREND($D$45:$E$45,$D$33:$E$33,N33)} -> 4.6105148 | O45: {=TREND($D$45:$E$45,$D$33:$E$33,O33)} -> 8.2521299 | P45: {=TREND($D$45:$E$45,$D$33:$E$33,P33)} -> 11.893745 | Q45: {=TREND($D$45:$E$45,$D$33:$E$33,Q33)} -> 15.53536 | R45: {=TREND($D$45:$E$45,$D$33:$E$33,R33)} -> 19.176975 | S45: {=TREND($E$45:$F$45,$E$33:$F$33,S33)} -> 19.029397 | T45: {=TREND($E$45:$F$45,$E$33:$F$33,T33)} -> 18.881818 | U45: {=TREND($E$45:$F$45,$E$33:$F$33,U33)} -> 18.734239 | V45: {=TREND($E$45:$F$45,$E$33:$F$33,V33)} -> 18.586661 | W45: {=TREND($E$45:$F$45,$E$33:$F$33,W33)} -> 18.439082 | X45: {=TREND($F$45:$G$45,$F$33:$G$33,X33)} -> 14.899667 | Y45: {=TREND($F$45:$G$45,$F$33:$G$33,Y33)} -> 11.360252 | Z45: {=TREND($F$45:$G$45,$F$33:$G$33,Z33)} -> 7.8208375 | AA45: {=TREND($F$45:$G$45,$F$33:$G$33,AA33)} -> 4.2814226 | AB45: {=TREND($F$45:$G$45,$F$33:$G$33,AB33)} -> 0.74200776 | AC45: {=TREND($G$45:$H$45,$G$33:$H$33,AC33)} -> 0.74200776 | AD45: {=TREND($G$45:$H$45,$G$33:$H$33,AD33)} -> 0.74200776 | AE45: {=TREND($G$45:$H$45,$G$33:$H$33,AE33)} -> 0.74200776 | AF45: {=TREND($G$45:$H$45,$G$33:$H$33,AF33)} -> 0.74200776 | AG45: {=TREND($G$45:$H$45,$G$33:$H$33,AG33)} -> 0.74200776
A46: Energy Storage | C46: 46.640658 | D46: 55.413889 | E46: 122.60925 | F46: 142.80619 | G46: 181.98062 | H46: 184.92925 | I46: 186.09179
A47: Nuclear | C47: 93.5696 | D47: 90.882 | E47: 83.6945 | F47: 79.0619 | G47: 64.844 | H47: 45.617486 | I47: 28.784686
A48: Natural Gas | C48: 473.69092 | D48: 481.12424 | E48: 486.1944 | F48: 540.41078 | G48: 604.18426 | H48: 713.90103 | I48: 796.51024
A49: CC without CCS | C49: 315.52063 | D49: 316.57323 | E49: 314.22691 | F49: 314.24786 | G49: 308.28216 | H49: 325.234 | I49: 357.05457
A50: CC with CCS | C50: 0 | D50: 0 | E50: 0.90324353 | F50: 0.90324353 | G50: 0.90324353 | H50: 0.90324353 | I50: 0.90324353
A51: CT | C51: 158.17029 | D51: 164.55101 | E51: 171.06425 | F51: 225.25968 | G51: 294.99886 | H51: 387.76379 | I51: 438.55243
A52: Oil/Gas Steam | C52: 64.828125 | D52: 73.707303 | E52: 69.896217 | F52: 68.826217 | G52: 68.826217 | H52: 66.360617 | I52: 66.160348
A53: Other | C53: 6.5003 | D53: 6.5003 | E53: 6.5003 | F53: 6.5003 | G53: 6.5003 | H53: 6.5003 | I53: 6.5003
A54: Grand Total | C54: 1308.6992 | D54: 1353.1024 | E54: 1635.1364 | F54: 2000.4036 | G54: 2405.7681 | H54: 2531.0244 | I54: 2690.0332
A56: NEW MODELED CAPACITY (Cumulative GW) | C56: 2028 | D56: 2030 | E56: 2035 | F56: 2040 | G56: 2045 | H56: 2050 | I56: 2055
A57: Hydro | C57: 0 | D57: 2.1012934 | E57: 5.7384559 | F57: 9.4195092 | G57: 9.8537435 | H57: 9.8537435 | I57: 9.8538336
A58: Non-Hydro Renewables | C58: 79.215822 | D58: 128.29378 | E58: 388.8958 | F58: 683.21914 | G58: 1017.1187 | H58: 1051.4487 | I58: 1143.7188
... A140: Coal Use by Region (million tons) | C140: 77 | D140: 69.32 | E140: 66.23 | F140: 72.33 | G140: 69.83 | H140: 71.35 | I140: 70.78
A141: Power Sector
A142: Appalachia | C142: 29.145252 | D142: 31.767572 | E142: 18.949828 | F142: 18.882657
A143: Imports | C143: 0.16993139 | D143: 0.28574277 | E143: 0.0025662488
A144: Interior | C144: 32.529949 | D144: 32.335263 | E144: 25.094811 | F144: 25.052311 | G144: 0.68421884 | H144: 1.3092279 | I144: 1.3092279
A145: Waste Coal | C145: 7.2701941 | D145: 7.1457381 | E145: 3.1731807 | F145: 3.1731807
A146: West | C146: 144.02363 | D146: 104.27844 | E146: 63.729267 | F146: 56.250931 | G146: 2.9731879 | H146: 3.1986121 | I146: 3.2371733
A147: Non-Power Sector | C147: 77 | D147: 69.32 | E147: 66.23 | F147: 72.33 | G147: 69.83 | H147: 71.35 | I147: 70.78
A148: Appalachia | C148: 5.26 | D148: 5.11 | E148: 4.6899999 | F148: 4.13 | G148: 3.63 | H148: 3.37 | I148: 3.37
A149: Interior | C149: 21.05 | D149: 17.29 | E149: 14.95 | F149: 28.21 | G149: 29.47 | H149: 28.97 | I149: 28.4
A150: West | C150: 50.69 | D150: 46.92 | E150: 46.59 | F150: 39.99 | G150: 36.73 | H150: 39.01 | I150: 39.01
A151: Power Sector Coal Use by Rank (million tons) | C151: 211.50578 | D151: 170.91494 | E151: 108.44167 | F151: 100.8511 | G151: 4.3217483 | H151: 5.1730419 | I151: 5.2116031
A152: Bituminous | C152: 56.895655 | D152: 53.373883 | E152: 30.766368 | F152: 30.663889
A153: Subbituminous | C153: 125.42056 | D153: 88.735758 | E153: 47.897913 | F153: 40.420048 | G153: 2.2800658 | H153: 2.4819959 | I153: 2.5205571
A154: Lignite | C154: 29.18956 | D154: 28.805304 | E154: 29.777393 | F154: 29.767163 | G154: 2.0416824 | H154: 2.6910459 | I154: 2.6910459
A156: Natural Gas Use (Trillion cubic feet) | C156: 11.440512 | D156: 11.705009 | E156: 10.577683 | F156: 7.0440174 | G156: 4.7326068 | H156: 6.7884203 | I156: 7.8382325
A158: Note: Distributed Solar PV are not included in the Grand Total of "Total Capacity" and "Generation Mix"

Sheet BPMCRS
A1: Mandated Construction (MW) | B1: 2020 | C1: 2021 | D1: 2022 | E1: 2023 | F1: 2024 | G1: 2025 | H1: 2026 | I1: 2027 | J1: 2028 | K1: 2029 | L1: 2030 | M1: 2031 | N1: 2032 | O1: 2033 | P1: 2034 | Q1: 2035 | R1: 2036 | S1: 2037 | T1: 2038 | U1: 2039 | V1: 2040 | W1: 2041 | X1: 2042 | Y1: 2043 | Z1: 2044 | AA1: 2045 | AB1: 2046 | AC1: 2047 | AD1: 2048 | AE1: 2049 | AF1: 2050
A2: hard coal | B2: 0 | C2: 0 | D2: 0 | E2: 0 | F2: 0 | G2: 0 | H2: 0 | I2: 0 | J2: 0 | K2: 0 | L2: 0 | M2: 0 | N2: 0 | O2: 0 | P2: 0 | Q2: 0 | R2: 0 | S2: 0 | T2: 0 | U2: 0 | V2: 0 | W2: 0 | X2: 0 | Y2: 0 | Z2: 0 | AA2: 0 | AB2: 0 | AC2: 0 | AD2: 0 | AE2: 0 | AF2: 0
A3: natural gas steam turbine | B3: 0 | C3: 0 | D3: 0 | E3: 0 | F3: 0 | G3: 0 | H3: 0 | I3: 0 | J3: 0 | K3: 0 | L3: 0 | M3: 0 | N3: 0 | O3: 0 | P3: 0 | Q3: 0 | R3: 0 | S3: 0 | T3: 0 | U3: 0 | V3: 0 | W3: 0 | X3: 0 | Y3: 0 | Z3: 0 | AA3: 0 | AB3: 0 | AC3: 0 | AD3: 0 | AE3: 0 | AF3: 0
A4: natural gas combined cycle | B4: 0 | C4: 0 | D4: 0 | E4: 0 | F4: 0 | G4: 0 | H4: 0 | I4: 0 | J4: 0 | K4: 0 | L4: 0 | M4: 0 | N4: 0 | O4: 0 | P4: 0 | Q4: 0 | R4: 0 | S4: 0 | T4: 0 | U4: 0 | V4: 0 | W4: 0 | X4: 0 | Y4: 0 | Z4: 0 | AA4: 0 | AB4: 0 | AC4: 0 | AD4: 0 | AE4: 0 | AF4: 0
A5: nuclear | B5: 0 | C5: 0 | D5: 0 | E5: 0 | F5: 0 | G5: 0 | H5: 0 | I5: 0 | J5: 0 | K5: 0 | L5: 0 | M5: 0 | N5: 0 | O5: 0 | P5: 0 | Q5: 0 | R5: 0 | S5: 0 | T5: 0 | U5: 0 | V5: 0 | W5: 0 | X5: 0 | Y5: 0 | Z5: 0 | AA5: 0 | AB5: 0 | AC5: 0 | AD5: 0 | AE5: 0 | AF5: 0
A6: hydro | B6: 0 | C6: 0 | D6: 0 | E6: 0 | F6: 0 | G6: 0 | H6: 0 | I6: 0 | J6: 0 | K6: 0 | L6: 0 | M6: 0 | N6: 0 | O6: 0 | P6: 0 | Q6: 0 | R6: 0 | S6: 0 | T6: 0 | U6: 0 | V6: 0 | W6: 0 | X6: 0 | Y6: 0 | Z6: 0 | AA6: 0 | AB6: 0 | AC6: 0 | AD6: 0 | AE6: 0 | AF6: 0
A7: onshore wind | B7: 0 | C7: 0 | D7: 0 | E7: 0 | F7: 0 | G7: 0 | H7: 0 | I7: 0 | J7: 0 | K7: 0 | L7: 0 | M7: 0 | N7: 0 | O7: 0 | P7: 0 | Q7: 0 | R7: 0 | S7: 0 | T7: 0 | U7: 0 | V7: 0 | W7: 0 | X7: 0 | Y7: 0 | Z7: 0 | AA7: 0 | AB7: 0 | AC7: 0 | AD7: 0 | AE7: 0 | AF7: 0
A8: solar PV | B8: 0 | C8: 0 | D8: 0 | E8: 0 | F8: 0 | G8: 0 | H8: 0 | I8: 0 | J8: 0 | K8: 0 | L8: 0 | M8: 0 | N8: 0 | O8: 0 | P8: 0 | Q8: 0 | R8: 0 | S8: 0 | T8: 0 | U8: 0 | V8: 0 | W8: 0 | X8: 0 | Y8: 0 | Z8: 0 | AA8: 0 | AB8: 0 | AC8: 0 | AD8: 0 | AE8: 0 | AF8: 0
A9: solar thermal | B9: 0 | C9: 0 | D9: 0 | E9: 0 | F9: 0 | G9: 0 | H9: 0 | I9: 0 | J9: 0 | K9: 0 | L9: 0 | M9: 0 | N9: 0 | O9: 0 | P9: 0 | Q9: 0 | R9: 0 | S9: 0 | T9: 0 | U9: 0 | V9: 0 | W9: 0 | X9: 0 | Y9: 0 | Z9: 0 | AA9: 0 | AB9: 0 | AC9: 0 | AD9: 0 | AE9: 0 | AF9: 0
A10: biomass | B10: 0 | C10: 0 | D10: 0 | E10: 0 | F10: 0 | G10: 0 | H10: 0 | I10: 0 | J10: 0 | K10: 0 | L10: 0 | M10: 0 | N10: 0 | O10: 0 | P10: 0 | Q10: 0 | R10: 0 | S10: 0 | T10: 0 | U10: 0 | V10: 0 | W10: 0 | X10: 0 | Y10: 0 | Z10: 0 | AA10: 0 | AB10: 0 | AC10: 0 | AD10: 0 | AE10: 0 | AF10: 0
A11: geothermal | B11: 0 | C11: 0 | D11: 0 | E11: 0 | F11: 0 | G11: 0 | H11: 0 | I11: 0 | J11: 0 | K11: 0 | L11: 0 | M11: 0 | N11: 0 | O11: 0 | P11: 0 | Q11: 0 | R11: 0 | S11: 0 | T11: 0 | U11: 0 | V11: 0 | W11: 0 | X11: 0 | Y11: 0 | Z11: 0 | AA11: 0 | AB11: 0 | AC11: 0 | AD11: 0 | AE11: 0 | AF11: 0
A12: petroleum | B12: 0 | C12: 0 | D12: 0 | E12: 0 | F12: 0 | G12: 0 | H12: 0 | I12: 0 | J12: 0 | K12: 0 | L12: 0 | M12: 0 | N12: 0 | O12: 0 | P12: 0 | Q12: 0 | R12: 0 | S12: 0 | T12: 0 | U12: 0 | V12: 0 | W12: 0 | X12: 0 | Y12: 0 | Z12: 0 | AA12: 0 | AB12: 0 | AC12: 0 | AD12: 0 | AE12: 0 | AF12: 0
... A25: hydrogen combined cycle | B25: 0 | C25: 0 | D25: 0 | E25: 0 | F25: 0 | G25: 0 | H25: 0 | I25: 0 | J25: 0 | K25: 0 | L25: 0 | M25: 0 | N25: 0 | O25: 0 | P25: 0 | Q25: 0 | R25: 0 | S25: 0 | T25: 0 | U25: 0 | V25: 0 | W25: 0 | X25: 0 | Y25: 0 | Z25: 0 | AA25: 0 | AB25: 0 | AC25: 0 | AD25: 0 | AE25: 0 | AF25: 0
