Workbook
Name income: Calculations!#REF!
Name Range_EV: Calculations!#REF!
Name range_ICE: Calculations!#REF!

Sheet About
A1: BNoEVC BAU Number of EV Chargers
A3: Source: | B3: Number of EVSE Ports
B4: Charge Info
B5: 2025
B6: 전기차 충전기 구축현황
B7: https://chargeinfo.ksga.org/front/statistics/charger
A11: Notes
A12: Currency Conversion | B12: 0.89805482
A13: 2019 to 2012 USD | B13: 0.84730413
A14: 2021 to 2012 USD | B14: 0.785
A15: 2022 to 2012 USD
A17: Using data on EV charger deployment in South Korea from 2020 to 2024, we projected the deployment from 2025 to 2050.

Sheet 202412년_지역별 전기차 충전기 구축현황(누적)
A1: 지역별 전기차 충전기 구축현황(누적)
A4: 년월 | B4: 충전속도 | C4: 서울 | D4: 경기 | E4: 인천 | F4: 경상 | G4: 전라 | H4: 충청 | I4: 강원 | J4: 제주 | K4: 합계
A5: 2024-12 | B5: 완속 | C5: 56070 | D5: 20513 | E5: 102272 | F5: 11481 | G5: 41015 | H5: 32713 | I5: 79228 | J5: 6264 | K5: 349556
A6: 2024-12 | B6: 급속 | C6: 4545 | D6: 1836 | E6: 10112 | F6: 2337 | G6: 6232 | H6: 5872 | I6: 11345 | J6: 2297 | K6: 44576
A7: 2024-11 | B7: 완속 | C7: 55617 | D7: 20003 | E7: 99689 | F7: 11237 | G7: 39615 | H7: 32179 | I7: 76708 | J7: 6258 | K7: 341306
A8: 2024-11 | B8: 급속 | C8: 4584 | D8: 1792 | E8: 9778 | F8: 2281 | G8: 6020 | H8: 5732 | I8: 11120 | J8: 2261 | K8: 43568
A9: 2024-10 | B9: 완속 | C9: 55028 | D9: 19293 | E9: 97333 | F9: 11012 | G9: 38786 | H9: 31371 | I9: 75307 | J9: 6255 | K9: 334385
A10: 2024-10 | B10: 급속 | C10: 4496 | D10: 1768 | E10: 9634 | F10: 2291 | G10: 5998 | H10: 5695 | I10: 11030 | J10: 2234 | K10: 43146
A11: 2024-09 | B11: 완속 | C11: 54014 | D11: 18757 | E11: 94429 | F11: 10835 | G11: 38069 | H11: 30598 | I11: 73968 | J11: 6133 | K11: 326803
A12: 2024-09 | B12: 급속 | C12: 4770 | D12: 1745 | E12: 9803 | F12: 2274 | G12: 5866 | H12: 5636 | I12: 10902 | J12: 2228 | K12: 43224
A13: 2024-08 | B13: 완속 | C13: 53431 | D13: 18472 | E13: 92350 | F13: 10709 | G13: 37755 | H13: 29932 | I13: 73288 | J13: 5930 | K13: 321867
A14: 2024-08 | B14: 급속 | C14: 4751 | D14: 1724 | E14: 9682 | F14: 2258 | G14: 5812 | H14: 5575 | I14: 10858 | J14: 2222 | K14: 42882
A15: 2024-07 | B15: 완속 | C15: 52694 | D15: 17968 | E15: 90194 | F15: 10535 | G15: 37103 | H15: 29064 | I15: 71805 | J15: 5850 | K15: 315213
A16: 2024-07 | B16: 급속 | C16: 4706 | D16: 1680 | E16: 9480 | F16: 2243 | G16: 5710 | H16: 5418 | I16: 10539 | J16: 2178 | K16: 41954
... A42: 2020-12 | B42: 급속 | C42: 763 | D42: 232 | E42: 1377 | F42: 595 | G42: 980 | H42: 1120 | I42: 2027 | J42: 933 | K42: 8027

Sheet Calculations
A1: * 전기차 충전기 보급 목표 | B1: 1230000
A3: 연도 | B3: 전기가 충전기
A4: 2020 | B4: 34714
A5: 2021 | B5: 94041
A6: 2022 | B6: 192948
A7: 2023 | B7: 288148
A8: 2024 | B8: 394132
A9: 2030* | B9: 1230000
B11: 2020 | C11: 2021 | D11: 2022 | E11: 2023 | F11: 2024 | G11: 2025 | H11: 2026 | I11: 2027 | J11: 2028 | K11: 2029 | L11: 2030 | M11: 2031 | N11: 2032 | O11: 2033 | P11: 2034 | Q11: 2035 | R11: 2036 | S11: 2037 | T11: 2038 | U11: 2039 | V11: 2040 | W11: 2041 | X11: 2042 | Y11: 2043 | Z11: 2044 | AA11: 2045 | AB11: 2046 | AC11: 2047 | AD11: 2048 | AE11: 2049 | AF11: 2050
A12: Assumed Number of EVSE ports | B12: =B4 -> 34714 | C12: =B5 -> 94041 | D12: =B6 -> 192948 | E12: =B7 -> 288148 | F12: =B8 -> 394132 | G12: =_xlfn.FORECAST.LINEAR(G11,$B$12:$F$12,$B$11:$F$11) -> 474679.5 | H12: =_xlfn.FORECAST.LINEAR(H11,$B$12:$F$12,$B$11:$F$11) -> 565973.8 | I12: =_xlfn.FORECAST.LINEAR(I11,$B$12:$F$12,$B$11:$F$11) -> 657268.1 | J12: =_xlfn.FORECAST.LINEAR(J11,$B$12:$F$12,$B$11:$F$11) -> 748562.4 | K12: =_xlfn.FORECAST.LINEAR(K11,$B$12:$F$12,$B$11:$F$11) -> 839856.7 | L12: =_xlfn.FORECAST.LINEAR(L11,$B$12:$F$12,$B$11:$F$11) -> 931151 | M12: =_xlfn.FORECAST.LINEAR(M11,$B$12:$F$12,$B$11:$F$11) -> 1022445.3 | N12: =_xlfn.FORECAST.LINEAR(N11,$B$12:$F$12,$B$11:$F$11) -> 1113739.6 | ... AF12: =_xlfn.FORECAST.LINEAR(AF11,$B$12:$F$12,$B$11:$F$11) -> 2757037

Sheet BNoEVC
A1: Number of chargers | B1: 2021 | C1: 2022 | D1: 2023 | E1: 2024 | F1: 2025 | G1: 2026 | H1: 2027 | I1: 2028 | J1: 2029 | K1: 2030 | L1: 2031 | M1: 2032 | N1: 2033 | O1: 2034 | P1: 2035 | Q1: 2036 | R1: 2037 | S1: 2038 | T1: 2039 | U1: 2040 | V1: 2041 | W1: 2042 | X1: 2043 | Y1: 2044 | Z1: 2045 | AA1: 2046 | AB1: 2047 | AC1: 2048 | AD1: 2049 | AE1: 2050
A2: BAU EV Chargers | B2: =Calculations!C12 -> 94041 | C2: =Calculations!D12 -> 192948 | D2: =Calculations!E12 -> 288148 | E2: =Calculations!F12 -> 394132 | F2: =Calculations!G12 -> 474679.5 | G2: =Calculations!H12 -> 565973.8 | H2: =Calculations!I12 -> 657268.1 | I2: =Calculations!J12 -> 748562.4 | ... AE2: =Calculations!AF12 -> 2757037
