Workbook

Sheet About
A1: MPCbS Max Potential Capacity by Source
A3: Source: | B3: Renewable sources
B4: KNREC
B5: 2020
B6: Renewable White Paper
B7: https://www.knrec.or.kr/pds/pds_read.aspx?no=320&searchfield=&searchword=&page=1
B8: Page 119
A10: Notes:
A11: We used the technical potential of renewable energy sources
A13: As peaking needs are expected to be met by gas in Korea, we limit petroleum and
A14: heavy fuel oil plants at current capacity.

Sheet Data
A1: Electricity Source | B1: Max Potential Capacity (MW)
A2: hard coal | B2: =9*10^12 -> 9000000000000
A3: natural gas steam turbine | B3: =9*10^12 -> 9000000000000
A4: natural gas combined cycle | B4: =9*10^12 -> 9000000000000
A5: nuclear | B5: =9*10^12 -> 9000000000000
A6: hydro | B6: 12000
A7: onshore wind | B7: 352000
A8: solar PV | B8: 2409000
A9: solar thermal | B9: =Data!B21 -> 10000
A10: biomass | B10: 10000
A11: geothermal | B11: 0
A12: petroleum | B12: =9*10^12 -> 9000000000000
A13: natural gas peaker | B13: =9*10^12 -> 9000000000000
A14: lignite | B14: 0
A15: offshore wind | B15: 387000
A16: crude oil | B16: 0
A17: heavy or residual fuel oil | B17: 0
A18: municipal solid waste | B18: 0
A19: hard coal w CCS | B19: =9*10^12 -> 9000000000000
A20: natural gas combined cycle w CCS | B20: =9*10^12 -> 9000000000000
A21: biomass w CCS | B21: 10000
A22: lignite w CCS | B22: 0
A23: small modular reactor | B23: =9*10^12 -> 9000000000000
A24: hydrogen combustion turbine | B24: =B13 -> 9000000000000
A25: hydrogen combined cycle | B25: =B4 -> 9000000000000

Sheet MPCbS
A1: Electricity Source | B1: Max Potential Capacity (MW)
A2: hard coal | B2: =Data!B2 -> 9000000000000
A3: natural gas steam turbine | B3: =Data!B3 -> 9000000000000
A4: natural gas combined cycle | B4: =Data!B4 -> 9000000000000
A5: nuclear | B5: =Data!B5 -> 9000000000000
A6: hydro | B6: =Data!B6 -> 12000
A7: onshore wind | B7: =Data!B7 -> 352000
A8: solar PV | B8: =Data!B8 -> 2409000
A9: solar thermal | B9: =Data!B9 -> 10000
A10: biomass | B10: =Data!B10 -> 10000
A11: geothermal | B11: =Data!B11 -> 0
A12: petroleum | B12: =Data!B12 -> 9000000000000
A13: natural gas peaker | B13: =Data!B13 -> 9000000000000
... A25: hydrogen combined cycle | B25: =Data!B25 -> 9000000000000
