Workbook

Sheet About
A1: EoCEDwEC Elasticity of Component Energy Demand wrt Energy Cost
A3: Source: | B3: U.S. Energy Information Administration
B4: 2021
B5: Price Elasticities for Energy Use in Buildings of the United States
B6: https://www.eia.gov/analysis/studies/buildings/energyuse/pdf/price_elasticities.pdf
B7: Appendix
A9: Note:
A10: We use same-price, long-run elasticities minus the 3-year short-run elasticities.
A11: We calculate it this way because we assume that 3-year elasticities primarily reflect behavior
A12: change rather than equipment change, and the response of behavior to price per unit service
A13: provided (that is, controlling for things like efficiency of equipment) should be constant at
A14: all timescales. So, the portion of the long-run elasticitiy represented by the 3-year elasticity
A15: is still behavior change, and the rest is equipment efficiency change, which is what we are
A16: looking for here. (The non-behavior long-run elasticity should be fully implemented in the
A17: current model year, and its effects gradually filter into the fleet of building components as
A18: new components are deployed and old ones are retired.)
A20: Note that the source doesn't provide coal or district heat. We assume the elasticity of
A21: coal heating equipment efficiency is similar to that of petroleum heating equipment.
... A31: contain fuel cells that produce electricity from hydrogen).

Sheet EIA Table 1
A1: This is a subset of Table 1 that includes only values from AEO2003 (not AEO99).
A2: It includes only the "Residential" and "Commercial" sections.
A4: Residential
B5: Short-Run Own-Price Elasticity | E5: Long-Run Own-Price and Cross-Price Elasticity
A6: Fuel | B6: 1-year | C6: 2-year | D6: 3-year | E6: Electricity | F6: Natural Gas | G6: Distillate Fuel
A7: Electricity | B7: -0.12 | C7: -0.21 | D7: -0.25 | E7: -0.28 | F7: 0 | G7: 0
A8: Natural Gas | B8: -0.07 | C8: -0.13 | D8: -0.15 | E8: 0.03 | F8: -0.21 | G8: 0
A9: Distillate Fuel | B9: -0.07 | C9: -0.12 | D9: -0.14 | E9: 0 | F9: 0 | G9: -0.22
A11: Commercial
B12: Short-Run Own-Price Elasticity | E12: Long-Run Own-Price and Cross-Price Elasticity
A13: Fuel | B13: 1-year | C13: 2-year | D13: 3-year | E13: Electricity | F13: Natural Gas | G13: Distillate Fuel
A14: Electricity | B14: -0.11 | C14: -0.18 | D14: -0.22 | E14: -0.33 | F14: 0.09 | G14: 0
A15: Natural Gas | B15: -0.15 | C15: -0.25 | D15: -0.3 | E15: 0.15 | F15: -0.58 | G15: 0.02
A16: Distillate Fuel | B16: -0.14 | C16: -0.24 | D16: -0.29 | E16: 0 | F16: 0.05 | G16: -0.42

Sheet EoCEDwEC
A1: Elasticity by Fuel (dimensionless) | B1: Urban Residential | C1: Rural Residential | D1: Commercial
A2: electricity | B2: ='EIA Table 1'!E7-'EIA Table 1'!D7 -> -0.03 | C2: =B2 -> -0.03 | D2: ='EIA Table 1'!E14-'EIA Table 1'!D14 -> -0.11
A3: coal | B3: =B5 -> -0.08 | C3: =B3 -> -0.08 | D3: =D5 -> -0.13
A4: natural gas | B4: ='EIA Table 1'!F8-'EIA Table 1'!D8 -> -0.06 | C4: =B4 -> -0.06 | D4: ='EIA Table 1'!F15-'EIA Table 1'!D15 -> -0.28
A5: petroleum diesel | B5: ='EIA Table 1'!G9-'EIA Table 1'!D9 -> -0.08 | C5: =B5 -> -0.08 | D5: ='EIA Table 1'!G16-'EIA Table 1'!D16 -> -0.13
A6: heat | B6: 0 | C6: =B6 -> 0 | D6: 0
A7: biomass | B7: 0 | C7: 0 | D7: 0
A8: kerosene | B8: =B5 -> -0.08 | C8: =C5 -> -0.08 | D8: =D5 -> -0.13
A9: heavy or residual fuel oil | B9: =B5 -> -0.08 | C9: =C5 -> -0.08 | D9: =D5 -> -0.13
A10: LPG propane or butane | B10: =B4 -> -0.06 | C10: =C4 -> -0.06 | D10: =D4 -> -0.28
A11: hydrogen | B11: =B2 -> -0.03 | C11: =C2 -> -0.03 | D11: =D2 -> -0.11
