Workbook

Sheet About
A1: BFPIaE BAU Fuel Production
A2: BFPIaE BAU Fuel Imports
A3: BFPIaE BAU Fuel Exports
A5: Source: | B5: Korea Energy Statistics information System
B6: 2019~2023
B7: Energy Balance(Extended)
B8: https://kesis.keei.re.kr/statHtml/statHtml.do?orgId=339&tblId=DT_BAL_EXTEND_TOE&conn_path=I2
B11: KEEI
B12: 2019~2023
B13: long-term energy outlook
B14: http://www.kesis.net/FileDownloadAction.do?file=/admin/admin_RegList.jsp/20200408/743991586327836294_01.pdf&oldFile=2019_%EC%9E%A5%EA%B8%B0%EC%97%90%EB%84%88%EC%A7%80%EC%A0%84%EB%A7%9D.pdf
A16: Notes :
B17: 1 kTOE to BTU | C17: =39656668.31*(10^3) -> 39656668310
B18: 1 milion TOE to BTU | C18: =39656668.31*(10^6) -> 39656668310000
B19: 1 tons to BTU (gas) | C19: =1.306*39656668.31 -> 51791609
B20: 1 tons to BTU (hydrogen) | C20: =1000 * 141.9 * 947.81707774915 -> 1.3449524e+08
B21: 1000 tons to BTU (coal) | C21: =27778243.7878409 * 1000 -> 2.7778244e+10

Sheet mapping
A1: EPS 연료 | B1: EB production 소스 | C1: KEEI 추세 | D1: 비고
A2: electricity (not used in this variable) | B2: 국내생산(3행) | C2: 평탄 | D2: 2023 유지
A3: hard coal | B3: 국내생산(3행) | C3: 석탄총공급
A4: natural gas | B4: 국내생산(3행) | C4: 가스총공급
A5: nuclear | B5: 국내생산(3행) | C5: 원자력발전
A6: hydro (is not a fuel) | B6: 국내생산(3행) | C6: 수력발전
A7: wind (is not a fuel) | B7: 국내생산(3행) | C7: 변동성재생
A8: solar (is not a fuel) | B8: 국내생산(3행) | C8: 변동성재생
A9: biomass | B9: 국내생산(3행) | C9: 신재생총수요
A10: petroleum gasoline | B10: 석유정제(27행) | C10: 석유총공급
A11: petroleum diesel | B11: 석유정제(27행) | C11: 석유총공급
A12: biofuel gasoline | B12: 국내생산(3행) | C12: 신재생총수요
A13: biofuel diesel | B13: 국내생산(3행) | C13: 신재생총수요
A14: jet fuel or kerosene | B14: 석유정제(27행) | C14: 석유총공급
A15: heat (not used in this variable) | B15: 국내생산(3행) | C15: 평탄 | D15: 2023 유지
A16: geothermal (is not a fuel) | B16: 국내생산(3행) | C16: 신재생총수요
A17: lignite | B17: 국내생산(3행) | C17: 석탄총공급
A18: crude oil | B18: 국내생산(3행) | C18: 석유총공급
A19: heavy fuel oil | B19: 석유정제(27행) | C19: 석유총공급
A20: LPG propane or butane | B20: 석유정제(27행) | C20: 석유총공급
A21: municipal solid waste | B21: 국내생산(3행) | C21: 신재생총수요
A22: hydrogen | B22: 국내생산(3행) | C22: 수소생산 | D22: KEEI 수소생산 절대값(2023=0)

Sheet EB_2019
A1: 에너지흐름별(1) | B1: 에너지흐름별(2) | C1: 에너지흐름별(3) | D1: 에너지흐름별(4) | E1: 에너지흐름별(5) | F1: 2019 | G1: 2019 | H1: 2019 | I1: 2019 | J1: 2019 | K1: 2019 | L1: 2019 | M1: 2019 | N1: 2019 | O1: 2019 | P1: 2019 | Q1: 2019 | R1: 2019 | S1: 2019 | T1: 2019 | U1: 2019 | V1: 2019 | W1: 2019 | X1: 2019 | Y1: 2019 | Z1: 2019 | AA1: 2019 | AB1: 2019 | AC1: 2019 | AD1: 2019 | AE1: 2019 | AF1: 2019 | AG1: 2019 | AH1: 2019 | AI1: 2019 | AJ1: 2019 | AK1: 2019 | AL1: 2019 | AM1: 2019 | AN1: 2019 | AO1: 2019 | AP1: 2019 | AQ1: 2019 | AR1: 2019 | AS1: 2019 | AT1: 2019 | AU1: 2019 | AV1: 2019 | AW1: 2019 | AX1: 2019 | AY1: 2019 | AZ1: 2019 | BA1: 2019 | BB1: 2019 | BC1: 2019 | BD1: 2019 | BE1: 2019 | BF1: 2019 | BG1: 2019 | BH1: 2019 | BI1: 2019 | BJ1: 2019 | BK1: 2019 | BL1: 2019 | BM1: 2019
A2: 에너지흐름별(1) | B2: 에너지흐름별(2) | C2: 에너지흐름별(3) | D2: 에너지흐름별(4) | E2: 에너지흐름별(5) | F2: 국내무연탄 | G2: 수입무연탄 | H2: 원료탄 | I2: 기타유연탄 | J2: 아역청탄 | K2: 갈탄 | L2: 토탄 | M2: 고형연료 | N2: 코크스 | O2: 콜타르 | P2: 코크스로가스 | Q2: 고로가스 | R2: 기타석탄가스 | S2: 천연가스 | T2: 도시가스 | U2: 원유 | V2: 정제원료 | W2: 첨가물 | X2: 기타탄화수소 | Y2: 정제가스 | Z2: 프로판 | AA2: 부탄 | AB2: 휘발유 | AC2: 항공휘발유 | AD2: 휘발유형항공유 | AE2: 등유형항공유 | AF2: 등유 | AG2: 경유 | AH2: B-A | AI2: B-B | AJ2: B-C | AK2: 납사 | AL2: 용제 | AM2: 윤활유 | AN2: 아스팔트 | AO2: 파라핀왁스 | AP2: 석유코크 | AQ2: 기타석유제품 | AR2: 산업폐기물 | AS2: 도시폐기물_재생 | AT2: 도시폐기물_비재생 | AU2: 고형바이오매스 | AV2: 바이오가스 | AW2: 매립지가스 | AX2: 바이오휘발유 | AY2: 바이오경유 | AZ2: 기타바이오연료 | BA2: 목탄 | BB2: 원자력 | BC2: 수력 | BD2: 지열 | BE2: 태양광 | BF2: 태양열 | BG2: 해양 | BH2: 풍력 | BI2: 기타에너지원 | BJ2: 전기 | BK2: 열 | BL2: 총에너지 | BM2: 메모: 신재생
A3: 국내생산 | B3: 소계 | C3: 소계 | D3: 소계 | E3: 소계 | F3: 512.7 | G3: - | H3: - | I3: - | J3: - | K3: - | L3: - | M3: - | N3: - | O3: - | P3: - | Q3: - | R3: - | S3: 259 | T3: - | U3: 22.7 | V3: - | W3: - | X3: - | Y3: - | Z3: - | AA3: - | AB3: - | AC3: - | AD3: - | AE3: - | AF3: - | AG3: - | AH3: - | AI3: - | AJ3: - | AK3: - | AL3: - | AM3: - | AN3: - | AO3: - | AP3: - | AQ3: - | AR3: 1806.9 | AS3: 974.1 | AT3: 669.9 | AU3: 2804.4 | AV3: 96.3 | AW3: 75.5 | AX3: - | AY3: 687.8 | AZ3: 488.9 | BA3: - | BB3: 31078.8 | BC3: 594.5 | BD3: 224.7 | BE3: 3016.7 | BF3: 26.9 | BG3: 101 | BH3: 570.7 | BI3: - | BJ3: - | BK3: 66.3 | BL3: 44077.9 | BM3: 12138.4
A4: 수입 | B4: 소계 | C4: 소계 | D4: 소계 | E4: 소계 | F4: - | G4: 3470.3 | H4: 15767.8 | I4: 65146.6 | J4: 955.6 | K4: 0 | L4: 15.4 | M4: 2.2 | N4: 227.6 | O4: - | P4: - | Q4: - | R4: - | S4: 53217.3 | T4: - | U4: 157205.7 | V4: 687.5 | W4: - | X4: 62.2 | Y4: - | Z4: 7255.1 | AA4: 2117.7 | AB4: 16.2 | AC4: 0.5 | AD4: - | AE4: - | AF4: 4.9 | AG4: 19.8 | AH4: - | AI4: - | AJ4: 5001.4 | AK4: 27713.1 | AL4: 0.4 | AM4: 5.2 | AN4: - | AO4: - | AP4: - | AQ4: 6.2 | AR4: - | AS4: - | AT4: - | AU4: - | AV4: - | AW4: - | AX4: - | AY4: - | AZ4: - | BA4: - | BB4: - | BC4: - | BD4: - | BE4: - | BF4: - | BG4: - | BH4: - | BI4: - | BJ4: - | BK4: - | BL4: 338898.7 | BM4: -
A5: 수출 | B5: 소계 | C5: 소계 | D5: 소계 | E5: 소계 | F5: - | G5: -0.2 | H5: - | I5: - | J5: 0 | K5: - | L5: 0 | M5: - | N5: -11.7 | O5: - | P5: - | Q5: - | R5: - | S5: - | T5: - | U5: - | V5: -64.6 | W5: - | X5: -73.5 | Y5: - | Z5: -498.5 | AA5: -74 | AB5: -10910.8 | AC5: -26.1 | AD5: - | AE5: -15896.1 | AF5: -581.6 | AG5: -28027.9 | AH5: -33.3 | AI5: - | AJ5: -2731.6 | AK5: -5808 | AL5: -156.9 | AM5: -2416.3 | AN5: -3324.6 | AO5: - | AP5: - | AQ5: -1888.5 | AR5: - | AS5: - | AT5: - | AU5: - | AV5: - | AW5: - | AX5: - | AY5: - | AZ5: - | BA5: - | BB5: - | BC5: - | BD5: - | BE5: - | BF5: - | BG5: - | BH5: - | BI5: - | BJ5: - | BK5: - | BL5: -72524.1 | BM5: -
A6: 국제해운벙커링 | B6: 소계 | C6: 소계 | D6: 소계 | E6: 소계 | F6: - | G6: - | H6: - | I6: - | J6: - | K6: - | L6: - | M6: - | N6: - | O6: - | P6: - | Q6: - | R6: - | S6: - | T6: - | U6: - | V6: - | W6: - | X6: - | Y6: - | Z6: 0 | AA6: - | AB6: - | AC6: - | AD6: - | AE6: - | AF6: - | AG6: -1290.5 | AH6: -54.3 | AI6: -2 | AJ6: -7111.6 | AK6: - | AL6: 0 | AM6: - | AN6: - | AO6: - | AP6: - | AQ6: - | AR6: - | AS6: - | AT6: - | AU6: - | AV6: - | AW6: - | AX6: - | AY6: - | AZ6: - | BA6: - | BB6: - | BC6: - | BD6: - | BE6: - | BF6: - | BG6: - | BH6: - | BI6: - | BJ6: - | BK6: - | BL6: -8458.4 | BM6: -
A7: 국제항공벙커링 | B7: 소계 | C7: 소계 | D7: 소계 | E7: 소계 | F7: - | G7: - | H7: - | I7: - | J7: - | K7: - | L7: - | M7: - | N7: - | O7: - | P7: - | Q7: - | R7: - | S7: - | T7: - | U7: - | V7: - | W7: - | X7: - | Y7: - | Z7: - | AA7: - | AB7: - | AC7: -0.5 | AD7: - | AE7: -5596.8 | AF7: - | AG7: - | AH7: - | AI7: - | AJ7: - | AK7: - | AL7: - | AM7: - | AN7: - | AO7: - | AP7: - | AQ7: - | AR7: - | AS7: - | AT7: - | AU7: - | AV7: - | AW7: - | AX7: - | AY7: - | AZ7: - | BA7: - | BB7: - | BC7: - | BD7: - | BE7: - | BF7: - | BG7: - | BH7: - | BI7: - | BJ7: - | BK7: - | BL7: -5597.4 | BM7: -
A8: 재고변화 | B8: 소계 | C8: 소계 | D8: 소계 | E8: 소계 | F8: -55.8 | G8: 28.8 | H8: -547.2 | I8: -509.5 | J8: - | K8: - | L8: - | M8: - | N8: -47.4 | O8: - | P8: - | Q8: - | R8: - | S8: 398.8 | T8: - | U8: 955 | V8: -140.4 | W8: -0.1 | X8: 0.3 | Y8: - | Z8: 56.9 | AA8: 56.6 | AB8: 129.7 | AC8: 2.5 | AD8: - | AE8: 12.5 | AF8: -32.7 | AG8: 97 | AH8: 21.8 | AI8: -0.7 | AJ8: 299.1 | AK8: 429.1 | AL8: 0.9 | AM8: -20.9 | AN8: 19.8 | AO8: 0.6 | AP8: -3.1 | AQ8: -24.8 | AR8: - | AS8: - | AT8: - | AU8: - | AV8: - | AW8: - | AX8: - | AY8: -2.5 | AZ8: - | BA8: - | BB8: - | BC8: - | BD8: - | BE8: - | BF8: - | BG8: - | BH8: - | BI8: - | BJ8: - | BK8: - | BL8: 1124 | BM8: -2.5
A9: 일차에너지공급 | B9: 소계 | C9: 소계 | D9: 소계 | E9: 소계 | F9: 456.9 | G9: 3499 | H9: 15220.5 | I9: 64637 | J9: 955.6 | K9: 0 | L9: 15.4 | M9: 2.2 | N9: 168.6 | O9: - | P9: - | Q9: - | R9: - | S9: 53875.1 | T9: - | U9: 158183.3 | V9: 482.5 | W9: -0.1 | X9: -11 | Y9: - | Z9: 6813.4 | AA9: 2100.3 | AB9: -10764.9 | AC9: -23.7 | AD9: - | AE9: -21480.4 | AF9: -609.4 | AG9: -29201.6 | AH9: -65.8 | AI9: -2.7 | AJ9: -4542.7 | AK9: 22334.2 | AL9: -155.6 | AM9: -2432 | AN9: -3304.8 | AO9: 0.6 | AP9: -3.1 | AQ9: -1907.1 | AR9: 1806.9 | AS9: 974.1 | AT9: 669.9 | AU9: 2804.4 | AV9: 96.3 | AW9: 75.5 | AX9: - | AY9: 685.3 | AZ9: 488.9 | BA9: - | BB9: 31078.8 | BC9: 594.5 | BD9: 224.7 | BE9: 3016.7 | BF9: 26.9 | BG9: 101 | BH9: 570.7 | BI9: - | BJ9: - | BK9: 66.3 | BL9: 297520.7 | BM9: 12135.9
A10: 제품이동 | B10: 소계 | C10: 소계 | D10: 소계 | E10: 소계 | F10: - | G10: - | H10: - | I10: - | J10: - | K10: - | L10: - | M10: - | N10: - | O10: - | P10: - | Q10: - | R10: - | S10: - | T10: - | U10: - | V10: 17202.9 | W10: 0 | X10: - | Y10: 0 | Z10: -561.3 | AA10: 173.3 | AB10: -77.1 | AC10: 12.8 | AD10: - | AE10: -241 | AF10: 118.6 | AG10: 95.7 | AH10: -39.9 | AI10: 46.7 | AJ10: -2479.6 | AK10: -8719 | AL10: -173.9 | AM10: -13.6 | AN10: - | AO10: - | AP10: - | AQ10: 0.1 | AR10: - | AS10: - | AT10: - | AU10: - | AV10: - | AW10: - | AX10: - | AY10: - | AZ10: - | BA10: - | BB10: - | BC10: - | BD10: - | BE10: - | BF10: - | BG10: - | BH10: - | BI10: - | BJ10: - | BK10: - | BL10: 5344.6 | BM10: 0
A11: 통계오차 | B11: 소계 | C11: 소계 | D11: 소계 | E11: 소계 | F11: 19.8 | G11: -28.6 | H11: 3000.4 | I11: -2257.4 | J11: - | K11: - | L11: - | M11: - | N11: 10 | O11: - | P11: - | Q11: - | R11: - | S11: -341.9 | T11: 490.5 | U11: -2107.8 | V11: -24.1 | W11: 0.1 | X11: 0.3 | Y11: 0.5 | Z11: -6.1 | AA11: 4.3 | AB11: -25.9 | AC11: - | AD11: - | AE11: -122.8 | AF11: 6.1 | AG11: -2.1 | AH11: 0.5 | AI11: 0 | AJ11: -5.3 | AK11: 1.7 | AL11: 0.1 | AM11: -0.4 | AN11: 0.9 | AO11: - | AP11: - | AQ11: -1 | AR11: - | AS11: - | AT11: - | AU11: - | AV11: - | AW11: 2 | AX11: - | AY11: 0.1 | AZ11: - | BA11: - | BB11: - | BC11: - | BD11: - | BE11: - | BF11: - | BG11: 0.1 | BH11: - | BI11: - | BJ11: - | BK11: - | BL11: -1386.1 | BM11: 2.6
A12: 일차에너지소비 | B12: 소계 | C12: 소계 | D12: 소계 | E12: 소계 | F12: 476.7 | G12: 3470.3 | H12: 18220.9 | I12: 62379.6 | J12: 955.6 | K12: 0 | L12: 15.4 | M12: 2.2 | N12: 178.6 | O12: - | P12: - | Q12: - | R12: - | S12: 53533.2 | T12: 490.5 | U12: 156075.5 | V12: 17661.3 | W12: 0 | X12: -10.8 | Y12: 0.5 | Z12: 6246.1 | AA12: 2277.9 | AB12: -10868 | AC12: -10.9 | AD12: - | AE12: -21844.3 | AF12: -484.7 | AG12: -29108 | AH12: -105.2 | AI12: 44 | AJ12: -7027.6 | AK12: 13617 | AL12: -329.3 | AM12: -2446.1 | AN12: -3303.9 | AO12: 0.6 | AP12: -3.1 | AQ12: -1908 | AR12: 1806.9 | AS12: 974.1 | AT12: 669.9 | AU12: 2804.4 | AV12: 96.3 | AW12: 77.5 | AX12: - | AY12: 685.4 | AZ12: 488.9 | BA12: - | BB12: 31078.8 | BC12: 594.5 | BD12: 224.7 | BE12: 3016.7 | BF12: 26.9 | BG12: 101.1 | BH12: 570.7 | BI12: - | BJ12: - | BK12: 66.3 | BL12: 301479.2 | BM12: 12138.5
A13: 전환공정 | B13: 소계 | C13: 소계 | D13: 소계 | E13: 소계 | F13: -476.7 | G13: -405.1 | H13: -18220.9 | I13: -58811.6 | J13: -955.6 | K13: - | L13: - | M13: 296.1 | N13: 555.7 | O13: 560.7 | P13: 2799 | Q13: 2324.5 | R13: 371.1 | S13: -50941.4 | T13: 23288.5 | U13: -156075.5 | V13: -17661.3 | W13: 0 | X13: 10.8 | Y13: 2809.9 | Z13: 487.2 | AA13: 2412.9 | AB13: 21143 | AC13: 14 | AD13: - | AE13: 23660 | AF13: 2806.7 | AG13: 52624.9 | AH13: 294.3 | AI13: 20.2 | AJ13: 8173.8 | AK13: 31177.7 | AL13: 544.5 | AM13: 3169.3 | AN13: 4988 | AO13: 20 | AP13: 286.9 | AQ13: 2929.7 | AR13: -248.7 | AS13: -136.2 | AT13: -242.5 | AU13: -1980.3 | AV13: -43.5 | AW13: -70.8 | AX13: - | AY13: - | AZ13: -488.9 | BA13: - | BB13: -31078.8 | BC13: -594.5 | BD13: - | BE13: -3016.7 | BF13: - | BG13: -101.1 | BH13: -570.7 | BI13: - | BJ13: 50908.8 | BK13: 7003.8 | BL13: -96438.8 | BM13: 810.6
B14: 발전전용 | C14: 소계 | D14: 소계 | E14: 소계 | F14: -189.3 | G14: -386.9 | H14: - | I14: -50087.2 | J14: -955.6 | K14: - | L14: - | M14: - | N14: - | O14: - | P14: -779.4 | Q14: -3068.2 | R14: -1295.3 | S14: -18981.7 | T14: -14.1 | U14: - | V14: - | W14: - | X14: - | Y14: -261.5 | Z14: -5.1 | AA14: -0.6 | AB14: 0 | AC14: - | AD14: - | AE14: - | AF14: -184.6 | AG14: -139.7 | AH14: - | AI14: - | AJ14: -519.2 | AK14: - | AL14: - | AM14: - | AN14: - | AO14: - | AP14: - | AQ14: - | AR14: -62.2 | AS14: -12.4 | AT14: -45.9 | AU14: -917.2 | AV14: -38.8 | AW14: -51 | AX14: - | AY14: - | AZ14: -488.9 | BA14: - | BB14: -31078.8 | BC14: -594.5 | BD14: - | BE14: -3016.7 | BF14: - | BG14: -101.1 | BH14: -570.7 | BI14: -487.2 | BJ14: 45602.1 | BK14: - | BL14: -68731.6 | BM14: -12010.5
C15: 발전전용_사업 | D15: 소계 | E15: 소계 | F15: -189.3 | G15: -386.9 | H15: - | I15: -49976.7 | J15: -955.6 | K15: - | L15: - | M15: - | N15: - | O15: - | P15: - | Q15: - | R15: -219.7 | S15: -18304.4 | T15: - | U15: - | V15: - | W15: - | X15: - | Y15: - | Z15: -5.1 | AA15: -0.6 | AB15: 0 | AC15: - | AD15: - | AE15: - | AF15: -184.6 | AG15: -139.5 | AH15: - | AI15: - | AJ15: -464.7 | AK15: - | AL15: - | AM15: - | AN15: - | AO15: - | AP15: - | AQ15: - | AR15: -61.3 | AS15: -5.3 | AT15: -43.1 | AU15: -916.2 | AV15: -35.9 | AW15: -51 | AX15: - | AY15: - | AZ15: -488.9 | BA15: - | BB15: -31078.8 | BC15: -594 | BD15: - | BE15: -2513.6 | BF15: - | BG15: -101.1 | BH15: -568.6 | BI15: -480.6 | BJ15: 43036.7 | BK15: - | BL15: -64728.9 | BM15: -6299
C16: 발전전용_자가 | D16: 소계 | E16: 소계 | F16: - | G16: - | H16: - | I16: -110.4 | J16: - | K16: - | L16: - | M16: - | N16: - | O16: - | P16: -779.4 | Q16: -3068.2 | R16: -1075.7 | S16: -677.3 | T16: -14.1 | U16: - | V16: - | W16: - | X16: - | Y16: -261.5 | Z16: - | AA16: - | AB16: - | AC16: - | AD16: - | AE16: - | AF16: - | AG16: -0.2 | AH16: - | AI16: - | AJ16: -54.5 | AK16: - | AL16: - | AM16: - | AN16: - | AO16: - | AP16: - | AQ16: - | AR16: -0.9 | AS16: -7.1 | AT16: -2.7 | AU16: -1 | AV16: -2.9 | AW16: - | AX16: - | AY16: - | AZ16: - | BA16: - | BB16: - | BC16: -0.5 | BD16: - | BE16: -503.1 | BF16: - | BG16: - | BH16: -2.1 | BI16: -6.5 | BJ16: 2565.4 | BK16: - | BL16: -4002.6 | BM16: -5711.5
B17: 열병합 | C17: 소계 | D17: 소계 | E17: 소계 | F17: - | G17: - | H17: - | I17: -3703.4 | J17: - | K17: - | L17: - | M17: - | N17: - | O17: - | P17: - | Q17: - | R17: - | S17: -7584.6 | T17: -561.1 | U17: - | V17: - | W17: - | X17: - | Y17: -625.4 | Z17: -76.4 | AA17: - | AB17: - | AC17: - | AD17: - | AE17: - | AF17: -4.5 | AG17: 0 | AH17: - | AI17: - | AJ17: -187.9 | AK17: - | AL17: - | AM17: - | AN17: - | AO17: - | AP17: -316.9 | AQ17: -670.5 | AR17: -71.6 | AS17: -123.8 | AT17: -172.5 | AU17: -1046.6 | AV17: -0.8 | AW17: - | AX17: - | AY17: - | AZ17: - | BA17: - | BB17: - | BC17: - | BD17: - | BE17: - | BF17: - | BG17: - | BH17: - | BI17: - | BJ17: 5292.8 | BK17: 6593.6 | BL17: -3259.7 | BM17: -2040.7
C18: 열병합_사업 | D18: 소계 | E18: 소계 | F18: - | G18: - | H18: - | I18: - | J18: - | K18: - | L18: - | M18: - | N18: - | O18: - | P18: - | Q18: - | R18: - | S18: -6998.7 | T18: -422 | U18: - | V18: - | W18: - | X18: - | Y18: - | Z18: -15.5 | AA18: - | AB18: - | AC18: - | AD18: - | AE18: - | AF18: -0.4 | AG18: 0 | AH18: - | AI18: - | AJ18: -37.1 | AK18: - | AL18: - | AM18: - | AN18: - | AO18: - | AP18: - | AQ18: - | AR18: -71.5 | AS18: -78.2 | AT18: -10.9 | AU18: -66 | AV18: - | AW18: - | AX18: - | AY18: - | AZ18: - | BA18: - | BB18: - | BC18: - | BD18: - | BE18: - | BF18: - | BG18: - | BH18: - | BI18: - | BJ18: 3252.2 | BK18: 2920.3 | BL18: -1527.9 | BM18: -226.6
C19: 열병합_자가 | D19: 소계 | E19: 소계 | F19: - | G19: - | H19: - | I19: -3703.4 | J19: - | K19: - | L19: - | M19: - | N19: - | O19: - | P19: - | Q19: - | R19: - | S19: -585.9 | T19: -139.1 | U19: - | V19: - | W19: - | X19: - | Y19: -625.4 | Z19: -60.9 | AA19: - | AB19: - | AC19: - | AD19: - | AE19: - | AF19: -4.2 | AG19: - | AH19: - | AI19: - | AJ19: -150.8 | AK19: - | AL19: - | AM19: - | AN19: - | AO19: - | AP19: -316.9 | AQ19: -670.5 | AR19: -0.1 | AS19: -45.6 | AT19: -161.7 | AU19: -980.6 | AV19: -0.8 | AW19: - | AX19: - | AY19: - | AZ19: - | BA19: - | BB19: - | BC19: - | BD19: - | BE19: - | BF19: - | BG19: - | BH19: - | BI19: - | BJ19: 2040.6 | BK19: 3673.3 | BL19: -1731.8 | BM19: -1814.1
B20: 열전용 | C20: 소계 | D20: 소계 | E20: 소계 | F20: - | G20: - | H20: - | I20: - | J20: - | K20: - | L20: - | M20: - | N20: - | O20: - | P20: - | Q20: - | R20: - | S20: -40.9 | T20: -296.8 | U20: - | V20: - | W20: - | X20: - | Y20: - | Z20: -72.2 | AA20: - | AB20: - | AC20: - | AD20: - | AE20: - | AF20: -0.9 | AG20: -0.3 | AH20: 0 | AI20: - | AJ20: -197 | AK20: - | AL20: - | AM20: - | AN20: - | AO20: - | AP20: - | AQ20: -16.3 | AR20: -114.9 | AS20: - | AT20: -24.1 | AU20: -16.6 | AV20: -3.9 | AW20: -19.8 | AX20: - | AY20: - | AZ20: - | BA20: - | BB20: - | BC20: - | BD20: - | BE20: - | BF20: - | BG20: - | BH20: - | BI20: - | BJ20: - | BK20: 447.3 | BL20: -356.4 | BM20: -179.2
C21: 열전용_사업 | D21: 소계 | E21: 소계 | F21: - | G21: - | H21: - | I21: - | J21: - | K21: - | L21: - | M21: - | N21: - | O21: - | P21: - | Q21: - | R21: - | S21: -40.9 | T21: -286 | U21: - | V21: - | W21: - | X21: - | Y21: - | Z21: -71 | AA21: - | AB21: - | AC21: - | AD21: - | AE21: - | AF21: -0.9 | AG21: 0 | AH21: 0 | AI21: - | AJ21: -154.3 | AK21: - | AL21: - | AM21: - | AN21: - | AO21: - | AP21: - | AQ21: - | AR21: - | AS21: - | AT21: - | AU21: - | AV21: -3.9 | AW21: -19.8 | AX21: - | AY21: - | AZ21: - | BA21: - | BB21: - | BC21: - | BD21: - | BE21: - | BF21: - | BG21: - | BH21: - | BI21: - | BJ21: - | BK21: 241 | BL21: -335.8 | BM21: -23.7
C22: 열전용_자가 | D22: 소계 | E22: 소계 | F22: - | G22: - | H22: - | I22: - | J22: - | K22: - | L22: - | M22: - | N22: - | O22: - | P22: - | Q22: - | R22: - | S22: - | T22: -10.8 | U22: - | V22: - | W22: - | X22: - | Y22: - | Z22: -1.2 | AA22: - | AB22: - | AC22: - | AD22: - | AE22: - | AF22: - | AG22: -0.3 | AH22: - | AI22: - | AJ22: -42.8 | AK22: - | AL22: - | AM22: - | AN22: - | AO22: - | AP22: - | AQ22: -16.3 | AR22: -114.9 | AS22: - | AT22: -24.1 | AU22: -16.6 | AV22: - | AW22: - | AX22: - | AY22: - | AZ22: - | BA22: - | BB22: - | BC22: - | BD22: - | BE22: - | BF22: - | BG22: - | BH22: - | BI22: - | BJ22: - | BK22: 206.2 | BL22: -20.6 | BM22: -155.5
B23: 화학반응열 | C23: 소계 | D23: 소계 | E23: 소계 | F23: - | G23: - | H23: - | I23: - | J23: - | K23: - | L23: - | M23: - | N23: - | O23: - | P23: - | Q23: - | R23: - | S23: - | T23: - | U23: - | V23: - | W23: - | X23: - | Y23: - | Z23: - | AA23: - | AB23: - | AC23: - | AD23: - | AE23: - | AF23: - | AG23: - | AH23: - | AI23: - | AJ23: - | AK23: - | AL23: - | AM23: - | AN23: - | AO23: - | AP23: - | AQ23: - | AR23: - | AS23: - | AT23: - | AU23: - | AV23: - | AW23: - | AX23: - | AY23: - | AZ23: - | BA23: - | BB23: - | BC23: - | BD23: - | BE23: - | BF23: - | BG23: - | BH23: - | BI23: - | BJ23: 13.9 | BK23: -37.1 | BL23: -23.1 | BM23: -
B24: 코크스로 | C24: 소계 | D24: 소계 | E24: 소계 | F24: - | G24: - | H24: -17195.6 | I24: - | J24: - | K24: - | L24: - | M24: - | N24: 11619.7 | O24: 560.7 | P24: 3578.4 | Q24: - | R24: - | S24: - | T24: - | U24: - | V24: - | W24: - | X24: - | Y24: - | Z24: - | AA24: - | AB24: - | AC24: - | AD24: - | AE24: - | AF24: - | AG24: - | AH24: - | AI24: - | AJ24: - | AK24: - | AL24: - | AM24: - | AN24: - | AO24: - | AP24: - | AQ24: - | AR24: - | AS24: - | AT24: - | AU24: - | AV24: - | AW24: - | AX24: - | AY24: - | AZ24: - | BA24: - | BB24: - | BC24: - | BD24: - | BE24: - | BF24: - | BG24: - | BH24: - | BI24: - | BJ24: - | BK24: - | BL24: -1436.7 | BM24: -
B25: 고로 | C25: 소계 | D25: 소계 | E25: 소계 | F25: - | G25: - | H25: -1025.3 | I25: -4839.2 | J25: - | K25: - | L25: - | M25: - | N25: -11064.1 | O25: - | P25: - | Q25: 5392.6 | R25: 1446.8 | S25: - | T25: - | U25: - | V25: - | W25: - | X25: - | Y25: - | Z25: - | AA25: - | AB25: - | AC25: - | AD25: - | AE25: - | AF25: - | AG25: - | AH25: - | AI25: - | AJ25: - | AK25: - | AL25: - | AM25: - | AN25: - | AO25: - | AP25: - | AQ25: - | AR25: - | AS25: - | AT25: - | AU25: - | AV25: - | AW25: - | AX25: - | AY25: - | AZ25: - | BA25: - | BB25: - | BC25: - | BD25: - | BE25: - | BF25: - | BG25: - | BH25: - | BI25: - | BJ25: - | BK25: - | BL25: -10089.2 | BM25: -
B26: 연탄제조 | C26: 소계 | D26: 소계 | E26: 소계 | F26: -287.4 | G26: -18.2 | H26: - | I26: - | J26: - | K26: - | L26: - | M26: 296.1 | N26: - | O26: - | P26: - | Q26: - | R26: - | S26: - | T26: - | U26: - | V26: - | W26: - | X26: - | Y26: - | Z26: - | AA26: - | AB26: - | AC26: - | AD26: - | AE26: - | AF26: - | AG26: - | AH26: - | AI26: - | AJ26: - | AK26: - | AL26: - | AM26: - | AN26: - | AO26: - | AP26: - | AQ26: - | AR26: - | AS26: - | AT26: - | AU26: - | AV26: - | AW26: - | AX26: - | AY26: - | AZ26: - | BA26: - | BB26: - | BC26: - | BD26: - | BE26: - | BF26: - | BG26: - | BH26: - | BI26: - | BJ26: - | BK26: - | BL26: -9.6 | BM26: -
B27: 석유정제 | C27: 소계 | D27: 소계 | E27: 소계 | F27: - | G27: - | H27: - | I27: - | J27: - | K27: - | L27: - | M27: - | N27: - | O27: - | P27: - | Q27: - | R27: - | S27: - | T27: - | U27: -156075.5 | V27: -33101.5 | W27: 0 | X27: 106.9 | Y27: 3696.7 | Z27: 1425.9 | AA27: 2562.5 | AB27: 21143 | AC27: 14 | AD27: - | AE27: 23660 | AF27: 2996.8 | AG27: 52765 | AH27: 294.3 | AI27: 20.2 | AJ27: 9078 | AK27: 40146.8 | AL27: 544.5 | AM27: 3169.3 | AN27: 4988 | AO27: 20 | AP27: 603.7 | AQ27: 3616.5 | AR27: - | AS27: - | AT27: - | AU27: - | AV27: - | AW27: - | AX27: - | AY27: - | AZ27: - | BA27: - | BB27: - | BC27: - | BD27: - | BE27: - | BF27: - | BG27: - | BH27: - | BI27: - | BJ27: - | BK27: - | BL27: -18325 | BM27: -
B28: 석유화학 | C28: 소계 | D28: 소계 | E28: 소계 | F28: - | G28: - | H28: - | I28: - | J28: - | K28: - | L28: - | M28: - | N28: - | O28: - | P28: - | Q28: - | R28: - | S28: - | T28: - | U28: - | V28: 15440.2 | W28: - | X28: -96.1 | Y28: - | Z28: -761.4 | AA28: -149 | AB28: - | AC28: - | AD28: - | AE28: - | AF28: - | AG28: - | AH28: - | AI28: - | AJ28: - | AK28: -8969.1 | AL28: - | AM28: - | AN28: - | AO28: - | AP28: - | AQ28: - | AR28: - | AS28: - | AT28: - | AU28: - | AV28: - | AW28: - | AX28: - | AY28: - | AZ28: - | BA28: - | BB28: - | BC28: - | BD28: - | BE28: - | BF28: - | BG28: - | BH28: - | BI28: - | BJ28: - | BK28: - | BL28: 5464.7 | BM28: -
B29: 가스제조 | C29: 소계 | D29: 소계 | E29: 소계 | F29: - | G29: - | H29: - | I29: - | J29: - | K29: - | L29: - | M29: - | N29: - | O29: - | P29: - | Q29: - | R29: - | S29: -24334.2 | T29: 24357.8 | U29: - | V29: - | W29: - | X29: - | Y29: - | Z29: -23.6 | AA29: - | AB29: - | AC29: - | AD29: - | AE29: - | AF29: - | AG29: - | AH29: - | AI29: - | AJ29: - | AK29: - | AL29: - | AM29: - | AN29: - | AO29: - | AP29: - | AQ29: - | AR29: - | AS29: - | AT29: - | AU29: - | AV29: - | AW29: - | AX29: - | AY29: - | AZ29: - | BA29: - | BB29: - | BC29: - | BD29: - | BE29: - | BF29: - | BG29: - | BH29: - | BI29: - | BJ29: - | BK29: - | BL29: 0 | BM29: -
B30: 석탄합성가스제조 | C30: 소계 | D30: 소계 | E30: 소계 | F30: - | G30: - | H30: - | I30: -181.8 | J30: - | K30: - | L30: - | M30: - | N30: - | O30: - | P30: - | Q30: - | R30: 219.7 | S30: - | T30: - | U30: - | V30: - | W30: - | X30: - | Y30: - | Z30: - | AA30: - | AB30: - | AC30: - | AD30: - | AE30: - | AF30: - | AG30: - | AH30: - | AI30: - | AJ30: - | AK30: - | AL30: - | AM30: - | AN30: - | AO30: - | AP30: - | AQ30: - | AR30: - | AS30: - | AT30: - | AU30: - | AV30: - | AW30: - | AX30: - | AY30: - | AZ30: - | BA30: - | BB30: - | BC30: - | BD30: - | BE30: - | BF30: - | BG30: - | BH30: - | BI30: - | BJ30: - | BK30: - | BL30: 37.8 | BM30: 439.3
B31: 기타전환 | C31: 소계 | D31: 소계 | E31: 소계 | F31: - | G31: - | H31: - | I31: - | J31: - | K31: - | L31: - | M31: - | N31: - | O31: - | P31: - | Q31: - | R31: - | S31: - | T31: -197.3 | U31: - | V31: - | W31: - | X31: - | Y31: - | Z31: - | AA31: - | AB31: - | AC31: - | AD31: - | AE31: - | AF31: - | AG31: - | AH31: - | AI31: - | AJ31: - | AK31: - | AL31: - | AM31: - | AN31: - | AO31: - | AP31: - | AQ31: - | AR31: - | AS31: - | AT31: - | AU31: - | AV31: - | AW31: - | AX31: - | AY31: - | AZ31: - | BA31: - | BB31: - | BC31: - | BD31: - | BE31: - | BF31: - | BG31: - | BH31: - | BI31: 487.2 | BJ31: - | BK31: - | BL31: 289.9 | BM31: 487.2
A32: 에너지산업자체소비 | B32: 소계 | C32: 소계 | D32: 소계 | E32: 소계 | F32: - | G32: - | H32: - | I32: - | J32: - | K32: - | L32: - | M32: - | N32: - | O32: - | P32: -956.9 | Q32: -2279.7 | R32: -37.9 | S32: -1587.5 | T32: -848.5 | U32: - | V32: - | W32: - | X32: - | Y32: -2685.5 | Z32: -286.3 | AA32: -19.6 | AB32: -0.4 | AC32: - | AD32: - | AE32: - | AF32: -2.1 | AG32: -19.3 | AH32: -0.5 | AI32: -0.4 | AJ32: -241.3 | AK32: - | AL32: - | AM32: - | AN32: - | AO32: - | AP32: - | AQ32: - | AR32: - | AS32: - | AT32: -14.2 | AU32: - | AV32: - | AW32: - | AX32: - | AY32: - | AZ32: - | BA32: - | BB32: - | BC32: - | BD32: - | BE32: - | BF32: - | BG32: - | BH32: - | BI32: - | BJ32: -3271.1 | BK32: -183.1 | BL32: -12434.5 | BM32: -5974.3
B33: 석탄광업 | C33: 소계 | D33: 소계 | E33: 소계 | F33: - | G33: - | H33: - | I33: - | J33: - | K33: - | L33: - | M33: - | N33: - | O33: - | P33: - | Q33: - | R33: - | S33: - | T33: - | U33: - | V33: - | W33: - | X33: - | Y33: - | Z33: - | AA33: - | AB33: 0 | AC33: - | AD33: - | AE33: - | AF33: -0.1 | AG33: -9.6 | AH33: - | AI33: - | AJ33: -0.3 | AK33: - | AL33: - | AM33: - | AN33: - | AO33: - | AP33: - | AQ33: - | AR33: - | AS33: - | AT33: - | AU33: - | AV33: - | AW33: - | AX33: - | AY33: - | AZ33: - | BA33: - | BB33: - | BC33: - | BD33: - | BE33: - | BF33: - | BG33: - | BH33: - | BI33: - | BJ33: - | BK33: - | BL33: -9.9 | BM33: -
B34: 원유및천연가스채굴 | C34: 소계 | D34: 소계 | E34: 소계 | F34: - | G34: - | H34: - | I34: - | J34: - | K34: - | L34: - | M34: - | N34: - | O34: - | P34: - | Q34: - | R34: - | S34: - | T34: - | U34: - | V34: - | W34: - | X34: - | Y34: - | Z34: -3.7 | AA34: 0 | AB34: - | AC34: - | AD34: - | AE34: - | AF34: - | AG34: 0 | AH34: - | AI34: - | AJ34: - | AK34: - | AL34: - | AM34: - | AN34: - | AO34: - | AP34: - | AQ34: - | AR34: - | AS34: - | AT34: - | AU34: - | AV34: - | AW34: - | AX34: - | AY34: - | AZ34: - | BA34: - | BB34: - | BC34: - | BD34: - | BE34: - | BF34: - | BG34: - | BH34: - | BI34: - | BJ34: - | BK34: - | BL34: -3.7 | BM34: -
B35: 발전및열생산_자체소비 | C35: 소계 | D35: 소계 | E35: 소계 | F35: - | G35: - | H35: - | I35: - | J35: - | K35: - | L35: - | M35: - | N35: - | O35: - | P35: - | Q35: - | R35: - | S35: - | T35: - | U35: - | V35: - | W35: - | X35: - | Y35: - | Z35: - | AA35: - | AB35: - | AC35: - | AD35: - | AE35: - | AF35: - | AG35: - | AH35: - | AI35: - | AJ35: - | AK35: - | AL35: - | AM35: - | AN35: - | AO35: - | AP35: - | AQ35: - | AR35: - | AS35: - | AT35: - | AU35: - | AV35: - | AW35: - | AX35: - | AY35: - | AZ35: - | BA35: - | BB35: - | BC35: - | BD35: - | BE35: - | BF35: - | BG35: - | BH35: - | BI35: - | BJ35: -1855.3 | BK35: - | BL35: -1855.3 | BM35: -
B36: 양수투입 | C36: 소계 | D36: 소계 | E36: 소계 | F36: - | G36: - | H36: - | I36: - | J36: - | K36: - | L36: - | M36: - | N36: - | O36: - | P36: - | Q36: - | R36: - | S36: - | T36: - | U36: - | V36: - | W36: - | X36: - | Y36: - | Z36: - | AA36: - | AB36: - | AC36: - | AD36: - | AE36: - | AF36: - | AG36: - | AH36: - | AI36: - | AJ36: - | AK36: - | AL36: - | AM36: - | AN36: - | AO36: - | AP36: - | AQ36: - | AR36: - | AS36: - | AT36: - | AU36: - | AV36: - | AW36: - | AX36: - | AY36: - | AZ36: - | BA36: - | BB36: - | BC36: - | BD36: - | BE36: - | BF36: - | BG36: - | BH36: - | BI36: - | BJ36: -97.1 | BK36: - | BL36: -97.1 | BM36: -
B37: 코크스로_자체소비 | C37: 소계 | D37: 소계 | E37: 소계 | F37: - | G37: - | H37: - | I37: - | J37: - | K37: - | L37: - | M37: - | N37: - | O37: - | P37: -355.5 | Q37: -1076.6 | R37: -16.8 | S37: - | T37: - | U37: - | V37: - | W37: - | X37: - | Y37: - | Z37: - | AA37: - | AB37: - | AC37: - | AD37: - | AE37: - | AF37: - | AG37: - | AH37: - | AI37: - | AJ37: - | AK37: - | AL37: - | AM37: - | AN37: - | AO37: - | AP37: - | AQ37: - | AR37: - | AS37: - | AT37: - | AU37: - | AV37: - | AW37: - | AX37: - | AY37: - | AZ37: - | BA37: - | BB37: - | BC37: - | BD37: - | BE37: - | BF37: - | BG37: - | BH37: - | BI37: - | BJ37: - | BK37: - | BL37: -1448.9 | BM37: -1448.9
B38: 고로_자체소비 | C38: 소계 | D38: 소계 | E38: 소계 | F38: - | G38: - | H38: - | I38: - | J38: - | K38: - | L38: - | M38: - | N38: - | O38: - | P38: -601.4 | Q38: -1203.1 | R38: -21.1 | S38: - | T38: - | U38: - | V38: - | W38: - | X38: - | Y38: - | Z38: - | AA38: - | AB38: - | AC38: - | AD38: - | AE38: - | AF38: - | AG38: - | AH38: - | AI38: - | AJ38: - | AK38: - | AL38: - | AM38: - | AN38: - | AO38: - | AP38: - | AQ38: - | AR38: - | AS38: - | AT38: - | AU38: - | AV38: - | AW38: - | AX38: - | AY38: - | AZ38: - | BA38: - | BB38: - | BC38: - | BD38: - | BE38: - | BF38: - | BG38: - | BH38: - | BI38: - | BJ38: - | BK38: - | BL38: -1825.7 | BM38: -1825.7
B39: 연탄제조_자체소비 | C39: 소계 | D39: 소계 | E39: 소계 | F39: - | G39: - | H39: - | I39: - | J39: - | K39: - | L39: - | M39: - | N39: - | O39: - | P39: - | Q39: - | R39: - | S39: - | T39: - | U39: - | V39: - | W39: - | X39: - | Y39: - | Z39: - | AA39: - | AB39: - | AC39: - | AD39: - | AE39: - | AF39: - | AG39: - | AH39: - | AI39: - | AJ39: - | AK39: - | AL39: - | AM39: - | AN39: - | AO39: - | AP39: - | AQ39: - | AR39: - | AS39: - | AT39: - | AU39: - | AV39: - | AW39: - | AX39: - | AY39: - | AZ39: - | BA39: - | BB39: - | BC39: - | BD39: - | BE39: - | BF39: - | BG39: - | BH39: - | BI39: - | BJ39: - | BK39: - | BL39: - | BM39: -
B40: 석유정제_자체소비 | C40: 소계 | D40: 소계 | E40: 소계 | F40: - | G40: - | H40: - | I40: - | J40: - | K40: - | L40: - | M40: - | N40: - | O40: - | P40: - | Q40: - | R40: - | S40: -1471.9 | T40: -848.5 | U40: - | V40: - | W40: - | X40: - | Y40: -2675.7 | Z40: -124.6 | AA40: -0.1 | AB40: -0.3 | AC40: - | AD40: - | AE40: - | AF40: -1.3 | AG40: -4.5 | AH40: -0.5 | AI40: -0.1 | AJ40: -229 | AK40: - | AL40: - | AM40: - | AN40: - | AO40: - | AP40: - | AQ40: - | AR40: - | AS40: - | AT40: - | AU40: - | AV40: - | AW40: - | AX40: - | AY40: - | AZ40: - | BA40: - | BB40: - | BC40: - | BD40: - | BE40: - | BF40: - | BG40: - | BH40: - | BI40: - | BJ40: -1269 | BK40: -183.1 | BL40: -6808.6 | BM40: -2675.7
B41: 가스제조_자체소비 | C41: 소계 | D41: 소계 | E41: 소계 | F41: - | G41: - | H41: - | I41: - | J41: - | K41: - | L41: - | M41: - | N41: - | O41: - | P41: - | Q41: - | R41: - | S41: -115.6 | T41: - | U41: - | V41: - | W41: - | X41: - | Y41: -9.8 | Z41: -73 | AA41: -8.7 | AB41: 0 | AC41: - | AD41: - | AE41: - | AF41: -0.1 | AG41: -0.1 | AH41: - | AI41: - | AJ41: - | AK41: - | AL41: - | AM41: - | AN41: - | AO41: - | AP41: - | AQ41: - | AR41: - | AS41: - | AT41: - | AU41: - | AV41: - | AW41: - | AX41: - | AY41: - | AZ41: - | BA41: - | BB41: - | BC41: - | BD41: - | BE41: - | BF41: - | BG41: - | BH41: - | BI41: - | BJ41: - | BK41: - | BL41: -207.3 | BM41: -9.8
B42: 석탄합성가스제조_자체소비 | C42: 소계 | D42: 소계 | E42: 소계 | F42: - | G42: - | H42: - | I42: - | J42: - | K42: - | L42: - | M42: - | N42: - | O42: - | P42: - | Q42: - | R42: - | S42: - | T42: - | U42: - | V42: - | W42: - | X42: - | Y42: - | Z42: - | AA42: - | AB42: - | AC42: - | AD42: - | AE42: - | AF42: - | AG42: - | AH42: - | AI42: - | AJ42: - | AK42: - | AL42: - | AM42: - | AN42: - | AO42: - | AP42: - | AQ42: - | AR42: - | AS42: - | AT42: - | AU42: - | AV42: - | AW42: - | AX42: - | AY42: - | AZ42: - | BA42: - | BB42: - | BC42: - | BD42: - | BE42: - | BF42: - | BG42: - | BH42: - | BI42: - | BJ42: - | BK42: - | BL42: - | BM42: -
B43: 기타전환_자체소비 | C43: 소계 | D43: 소계 | E43: 소계 | F43: - | G43: - | H43: - | I43: - | J43: - | K43: - | L43: - | M43: - | N43: - | O43: - | P43: - | Q43: - | R43: - | S43: - | T43: - | U43: - | V43: - | W43: - | X43: - | Y43: - | Z43: -85.1 | AA43: -10.8 | AB43: -0.1 | AC43: - | AD43: - | AE43: - | AF43: -0.7 | AG43: -5.1 | AH43: 0 | AI43: -0.3 | AJ43: -12 | AK43: - | AL43: - | AM43: - | AN43: - | AO43: - | AP43: - | AQ43: - | AR43: - | AS43: - | AT43: -14.2 | AU43: - | AV43: - | AW43: - | AX43: - | AY43: - | AZ43: - | BA43: - | BB43: - | BC43: - | BD43: - | BE43: - | BF43: - | BG43: - | BH43: - | BI43: - | BJ43: -49.7 | BK43: - | BL43: -178 | BM43: -14.2
A44: 손실 | B44: 소계 | C44: 소계 | D44: 소계 | E44: 소계 | F44: - | G44: - | H44: - | I44: - | J44: - | K44: - | L44: - | M44: - | N44: - | O44: - | P44: - | Q44: - | R44: - | S44: 3 | T44: - | U44: - | V44: - | W44: - | X44: - | Y44: - | Z44: - | AA44: - | AB44: - | AC44: - | AD44: - | AE44: - | AF44: - | AG44: - | AH44: - | AI44: - | AJ44: - | AK44: - | AL44: - | AM44: - | AN44: - | AO44: - | AP44: - | AQ44: - | AR44: - | AS44: - | AT44: - | AU44: - | AV44: - | AW44: - | AX44: - | AY44: - | AZ44: - | BA44: - | BB44: - | BC44: - | BD44: - | BE44: - | BF44: - | BG44: - | BH44: - | BI44: - | BJ44: -1442.1 | BK44: -916.8 | BL44: -2356 | BM44: -
A45: 최종소비 | B45: 소계 | C45: 소계 | D45: 소계 | E45: 소계 | F45: - | G45: 3065.2 | H45: - | I45: 3568 | J45: - | K45: 0 | L45: 15.4 | M45: 298.3 | N45: 734.2 | O45: 560.7 | P45: 1842.1 | Q45: 44.8 | R45: 333.2 | S45: 1007.3 | T45: 22930.5 | U45: - | V45: - | W45: - | X45: - | Y45: 124.9 | Z45: 6446.9 | AA45: 4671.2 | AB45: 10274.6 | AC45: 3.1 | AD45: - | AE45: 1815.7 | AF45: 2319.9 | AG45: 23497.6 | AH45: 188.5 | AI45: 63.8 | AJ45: 904.9 | AK45: 44794.8 | AL45: 215.1 | AM45: 723.3 | AN45: 1684.1 | AO45: 20.6 | AP45: 283.7 | AQ45: 1021.7 | AR45: 1558.2 | AS45: 837.9 | AT45: 413.2 | AU45: 824.1 | AV45: 52.8 | AW45: 6.7 | AX45: - | AY45: 685.4 | AZ45: - | BA45: - | BB45: - | BC45: - | BD45: 224.7 | BE45: - | BF45: 26.9 | BG45: - | BH45: - | BI45: - | BJ45: 46195.5 | BK45: 5970.2 | BL45: 190249.9 | BM45: 6974.9
B46: 최종에너지소비 | C46: 소계 | D46: 소계 | E46: 소계 | F46: - | G46: 3065.2 | H46: - | I46: 3568 | J46: - | K46: 0 | L46: - | M46: 298.3 | N46: 734.2 | O46: - | P46: 1842.1 | Q46: 44.8 | R46: 333.2 | S46: 674.8 | T46: 22930.5 | U46: - | V46: - | W46: - | X46: - | Y46: 124.9 | Z46: 2571.7 | AA46: 3901.9 | AB46: 10274.6 | AC46: 3.1 | AD46: - | AE46: 1815.7 | AF46: 2319.9 | AG46: 23497.6 | AH46: 188.5 | AI46: 63.8 | AJ46: 904.9 | AK46: - | AL46: - | AM46: - | AN46: - | AO46: - | AP46: - | AQ46: - | AR46: 1558.2 | AS46: 837.9 | AT46: 413.2 | AU46: 824.1 | AV46: 52.8 | AW46: 6.7 | AX46: - | AY46: 685.4 | AZ46: - | BA46: - | BB46: - | BC46: - | BD46: 224.7 | BE46: - | BF46: 26.9 | BG46: - | BH46: - | BI46: - | BJ46: 46195.5 | BK46: 5970.2 | BL46: 135953.4 | BM46: 6974.9
C47: 산업 | D47: 소계 | E47: 소계 | F47: - | G47: 3065.2 | H47: - | I47: 3568 | J47: - | K47: 0 | L47: - | M47: 1.3 | N47: 734.2 | O47: - | P47: 1842.1 | Q47: 44.8 | R47: 333.2 | S47: 674.8 | T47: 7545.5 | U47: - | V47: - | W47: - | X47: - | Y47: 124.9 | Z47: 840.3 | AA47: 178.3 | AB47: 167.9 | AC47: 0 | AD47: - | AE47: 0.4 | AF47: 207.4 | AG47: 2254.8 | AH47: 76.8 | AI47: 37.7 | AJ47: 689 | AK47: - | AL47: - | AM47: - | AN47: - | AO47: - | AP47: - | AQ47: - | AR47: 1472.7 | AS47: 133.9 | AT47: 382.6 | AU47: 617.2 | AV47: 18.7 | AW47: 4.7 | AX47: - | AY47: - | AZ47: - | BA47: - | BB47: - | BC47: - | BD47: 33.8 | BE47: - | BF47: 1 | BG47: - | BH47: - | BI47: - | BJ47: 25117.2 | BK47: 3438.5 | BL47: 53606.6 | BM47: 5009.6
D48: 농림업 | E48: 소계 | F48: - | G48: - | H48: - | I48: - | J48: - | K48: - | L48: - | M48: 0.7 | N48: - | O48: - | P48: - | Q48: - | R48: - | S48: - | T48: 4.5 | U48: - | V48: - | W48: - | X48: - | Y48: - | Z48: 4.6 | AA48: 0.1 | AB48: 31.1 | AC48: - | AD48: - | AE48: - | AF48: 126.6 | AG48: 208.1 | AH48: 11.1 | AI48: 11.8 | AJ48: 2.9 | AK48: - | AL48: - | AM48: - | AN48: - | AO48: - | AP48: - | AQ48: - | AR48: - | AS48: 0.7 | AT48: - | AU48: 133.8 | AV48: - | AW48: - | AX48: - | AY48: - | AZ48: - | BA48: - | BB48: - | BC48: - | BD48: 29.3 | BE48: - | BF48: - | BG48: - | BH48: - | BI48: - | BJ48: 1218.2 | BK48: - | BL48: 1783.7 | BM48: 163.8
D49: 어업 | E49: 소계 | F49: - | G49: - | H49: - | I49: - | J49: - | K49: - | L49: - | M49: - | N49: - | O49: - | P49: - | Q49: - | R49: - | S49: - | T49: - | U49: - | V49: - | W49: - | X49: - | Y49: - | Z49: 1.2 | AA49: - | AB49: 81.3 | AC49: - | AD49: - | AE49: - | AF49: - | AG49: 894.1 | AH49: 3.3 | AI49: 9 | AJ49: 6.6 | AK49: - | AL49: - | AM49: - | AN49: - | AO49: - | AP49: - | AQ49: - | AR49: - | AS49: - | AT49: - | AU49: - | AV49: - | AW49: - | AX49: - | AY49: - | AZ49: - | BA49: - | BB49: - | BC49: - | BD49: - | BE49: - | BF49: - | BG49: - | BH49: - | BI49: - | BJ49: 270 | BK49: - | BL49: 1265.3 | BM49: -
D50: 광업(석탄광업제외) | E50: 소계 | F50: - | G50: - | H50: - | I50: - | J50: - | K50: - | L50: - | M50: - | N50: - | O50: - | P50: - | Q50: - | R50: - | S50: - | T50: - | U50: - | V50: - | W50: - | X50: - | Y50: - | Z50: 1.8 | AA50: 0 | AB50: 0 | AC50: - | AD50: - | AE50: - | AF50: 0.9 | AG50: 32.6 | AH50: 3.7 | AI50: 0.5 | AJ50: 2 | AK50: - | AL50: - | AM50: - | AN50: - | AO50: - | AP50: - | AQ50: - | AR50: - | AS50: - | AT50: - | AU50: 0.1 | AV50: - | AW50: - | AX50: - | AY50: - | AZ50: - | BA50: - | BB50: - | BC50: - | BD50: - | BE50: - | BF50: - | BG50: - | BH50: - | BI50: - | BJ50: 128.4 | BK50: - | BL50: 169.8 | BM50: 0.1
D51: 제조업 | E51: 소계 | F51: - | G51: 3065.2 | H51: - | I51: 3568 | J51: - | K51: - | L51: - | M51: 0.6 | N51: 734.2 | O51: - | P51: 1842.1 | Q51: 44.8 | R51: 333.2 | S51: 674.8 | T51: 7540.9 | U51: - | V51: - | W51: - | X51: - | Y51: 124.9 | Z51: 812.5 | AA51: 178.1 | AB51: 45.5 | AC51: 0 | AD51: - | AE51: 0.4 | AF51: 69.8 | AG51: 443.4 | AH51: 41.9 | AI51: 7.3 | AJ51: 671.4 | AK51: - | AL51: - | AM51: - | AN51: - | AO51: - | AP51: - | AQ51: - | AR51: 1460.6 | AS51: 111.8 | AT51: 382.6 | AU51: 483.3 | AV51: 18.7 | AW51: 4.7 | AX51: - | AY51: - | AZ51: - | BA51: - | BB51: - | BC51: - | BD51: 4.5 | BE51: - | BF51: 1 | BG51: - | BH51: - | BI51: - | BJ51: 23499.8 | BK51: 3438.5 | BL51: 49604.4 | BM51: 4812.2
E52: 식품및담배 | F52: - | G52: - | H52: - | I52: - | J52: - | K52: - | L52: - | M52: - | N52: - | O52: - | P52: - | Q52: - | R52: - | S52: - | T52: 802.8 | U52: - | V52: - | W52: - | X52: - | Y52: - | Z52: 23.5 | AA52: 1.6 | AB52: 0.6 | AC52: - | AD52: - | AE52: - | AF52: 5.4 | AG52: 13.7 | AH52: 0.7 | AI52: 0.3 | AJ52: 23.8 | AK52: - | AL52: - | AM52: - | AN52: - | AO52: - | AP52: - | AQ52: - | AR52: 24.8 | AS52: - | AT52: 0.9 | AU52: 18.4 | AV52: 6.8 | AW52: - | AX52: - | AY52: - | AZ52: - | BA52: - | BB52: - | BC52: - | BD52: - | BE52: - | BF52: - | BG52: - | BH52: - | BI52: - | BJ52: 1179 | BK52: 134 | BL52: 2236.3 | BM52: 50.8
E53: 섬유및가죽 | F53: - | G53: - | H53: - | I53: 466 | J53: - | K53: - | L53: - | M53: - | N53: - | O53: - | P53: - | Q53: - | R53: - | S53: - | T53: 244.6 | U53: - | V53: - | W53: - | X53: - | Y53: - | Z53: 3.7 | AA53: 0.2 | AB53: 0.1 | AC53: - | AD53: - | AE53: - | AF53: 3.6 | AG53: 3.1 | AH53: 1 | AI53: 1.5 | AJ53: 14 | AK53: - | AL53: - | AM53: - | AN53: - | AO53: - | AP53: - | AQ53: - | AR53: 27.9 | AS53: 1.9 | AT53: 21.6 | AU53: 53.5 | AV53: - | AW53: 4.7 | AX53: - | AY53: - | AZ53: - | BA53: - | BB53: - | BC53: - | BD53: - | BE53: - | BF53: - | BG53: - | BH53: - | BI53: - | BJ53: 866.6 | BK53: 253 | BL53: 1967.1 | BM53: 109.6
E54: 목재및나무제품 | F54: - | G54: - | H54: - | I54: - | J54: - | K54: - | L54: - | M54: - | N54: - | O54: - | P54: - | Q54: - | R54: - | S54: - | T54: 26.8 | U54: - | V54: - | W54: - | X54: - | Y54: - | Z54: 0.2 | AA54: - | AB54: 0.1 | AC54: - | AD54: - | AE54: - | AF54: 0.5 | AG54: 1.6 | AH54: - | AI54: 0.1 | AJ54: 1.7 | AK54: - | AL54: - | AM54: - | AN54: - | AO54: - | AP54: - | AQ54: - | AR54: - | AS54: - | AT54: 5.8 | AU54: 61.8 | AV54: - | AW54: - | AX54: - | AY54: - | AZ54: - | BA54: - | BB54: - | BC54: - | BD54: - | BE54: - | BF54: - | BG54: - | BH54: - | BI54: - | BJ54: 149.2 | BK54: 8.7 | BL54: 256.5 | BM54: 67.6
E55: 제지및인쇄 | F55: - | G55: - | H55: - | I55: - | J55: - | K55: - | L55: - | M55: - | N55: - | O55: - | P55: - | Q55: - | R55: - | S55: 0.1 | T55: 298.2 | U55: - | V55: - | W55: - | X55: - | Y55: - | Z55: 5.4 | AA55: - | AB55: 0 | AC55: - | AD55: - | AE55: - | AF55: 0.6 | AG55: 5.1 | AH55: 0.2 | AI55: 0.5 | AJ55: 11 | AK55: - | AL55: - | AM55: - | AN55: - | AO55: - | AP55: - | AQ55: - | AR55: 282.2 | AS55: 20.4 | AT55: 116.8 | AU55: 178.9 | AV55: 1.9 | AW55: - | AX55: - | AY55: - | AZ55: - | BA55: - | BB55: - | BC55: - | BD55: - | BE55: - | BF55: - | BG55: - | BH55: - | BI55: - | BJ55: 847.2 | BK55: 255.5 | BL55: 2024 | BM55: 600.2
E56: 화학및석유화학 | F56: - | G56: - | H56: - | I56: 657.6 | J56: - | K56: - | L56: - | M56: - | N56: - | O56: - | P56: - | Q56: - | R56: - | S56: - | T56: 1721.4 | U56: - | V56: - | W56: - | X56: - | Y56: 121.2 | Z56: 41.2 | AA56: 24 | AB56: 12.7 | AC56: - | AD56: - | AE56: - | AF56: 8.4 | AG56: 16.6 | AH56: 15.2 | AI56: 1.7 | AJ56: 128.3 | AK56: - | AL56: - | AM56: - | AN56: - | AO56: - | AP56: - | AQ56: - | AR56: 215.8 | AS56: 6.7 | AT56: 190.4 | AU56: 35.7 | AV56: 6.2 | AW56: - | AX56: - | AY56: - | AZ56: - | BA56: - | BB56: - | BC56: - | BD56: - | BE56: - | BF56: - | BG56: - | BH56: - | BI56: - | BJ56: 4693.9 | BK56: 2357.8 | BL56: 10254.8 | BM56: 576
E57: 비금속광물 | F57: - | G57: - | H57: - | I57: 2250.9 | J57: - | K57: - | L57: - | M57: - | N57: - | O57: - | P57: - | Q57: - | R57: - | S57: - | T57: 577.6 | U57: - | V57: - | W57: - | X57: - | Y57: - | Z57: 16.4 | AA57: 0 | AB57: 0.3 | AC57: - | AD57: - | AE57: - | AF57: 1.4 | AG57: 132.7 | AH57: 1.7 | AI57: 1.8 | AJ57: 265.4 | AK57: - | AL57: - | AM57: - | AN57: - | AO57: - | AP57: - | AQ57: - | AR57: 699.1 | AS57: - | AT57: - | AU57: 0.4 | AV57: - | AW57: - | AX57: - | AY57: - | AZ57: - | BA57: - | BB57: - | BC57: - | BD57: - | BE57: - | BF57: - | BG57: - | BH57: - | BI57: - | BJ57: 1050.2 | BK57: 0.3 | BL57: 4998.3 | BM57: 699.5
E58: 철강 | F58: - | G58: 900.2 | H58: - | I58: - | J58: - | K58: - | L58: - | M58: - | N58: 734.2 | O58: - | P58: 1842.1 | Q58: 44.8 | R58: 333.2 | S58: 426.8 | T58: 1232.5 | U58: - | V58: - | W58: - | X58: - | Y58: - | Z58: 48 | AA58: 19 | AB58: - | AC58: - | AD58: - | AE58: - | AF58: 0.3 | AG58: 2.7 | AH58: 0.1 | AI58: 0 | AJ58: 6 | AK58: - | AL58: - | AM58: - | AN58: - | AO58: - | AP58: - | AQ58: - | AR58: 4 | AS58: - | AT58: - | AU58: 7.3 | AV58: - | AW58: - | AX58: - | AY58: - | AZ58: - | BA58: - | BB58: - | BC58: - | BD58: - | BE58: - | BF58: - | BG58: - | BH58: - | BI58: - | BJ58: 4282.5 | BK58: 6.2 | BL58: 9890 | BM58: 2231.4
E59: 비철금속 | F59: - | G59: 148.3 | H59: - | I59: 193.5 | J59: - | K59: - | L59: - | M59: - | N59: - | O59: - | P59: - | Q59: - | R59: - | S59: - | T59: 370.3 | U59: - | V59: - | W59: - | X59: - | Y59: - | Z59: 12.1 | AA59: 0.2 | AB59: - | AC59: - | AD59: - | AE59: - | AF59: 0.1 | AG59: 3.1 | AH59: 0.2 | AI59: 0 | AJ59: 19.9 | AK59: - | AL59: - | AM59: - | AN59: - | AO59: - | AP59: - | AQ59: - | AR59: - | AS59: - | AT59: - | AU59: - | AV59: - | AW59: - | AX59: - | AY59: - | AZ59: - | BA59: - | BB59: - | BC59: - | BD59: - | BE59: - | BF59: - | BG59: - | BH59: - | BI59: - | BJ59: 852.3 | BK59: 70.2 | BL59: 1670.3 | BM59: -
E60: 기계류 | F60: - | G60: - | H60: - | I60: - | J60: - | K60: - | L60: - | M60: - | N60: - | O60: - | P60: - | Q60: - | R60: - | S60: - | T60: 1249.9 | U60: - | V60: - | W60: - | X60: - | Y60: - | Z60: 27.1 | AA60: 0.5 | AB60: 0.3 | AC60: - | AD60: - | AE60: 0 | AF60: 5.5 | AG60: 33.8 | AH60: 4.4 | AI60: 0.1 | AJ60: 5.5 | AK60: - | AL60: - | AM60: - | AN60: - | AO60: - | AP60: - | AQ60: - | AR60: 5.7 | AS60: - | AT60: 1.6 | AU60: 82.3 | AV60: - | AW60: - | AX60: - | AY60: - | AZ60: - | BA60: - | BB60: - | BC60: - | BD60: - | BE60: - | BF60: - | BG60: - | BH60: - | BI60: - | BJ60: 7320.1 | BK60: 305.1 | BL60: 9041.9 | BM60: 89.6
E61: 수송장비 | F61: - | G61: - | H61: - | I61: - | J61: - | K61: - | L61: - | M61: - | N61: - | O61: - | P61: - | Q61: - | R61: - | S61: 17.6 | T61: 695.8 | U61: - | V61: - | W61: - | X61: - | Y61: - | Z61: 19 | AA61: 1.9 | AB61: 26.8 | AC61: 0 | AD61: - | AE61: 0 | AF61: 0.9 | AG61: 90.2 | AH61: 17 | AI61: 0.2 | AJ61: 57.2 | AK61: - | AL61: - | AM61: - | AN61: - | AO61: - | AP61: - | AQ61: - | AR61: - | AS61: - | AT61: 12 | AU61: 0.2 | AV61: - | AW61: - | AX61: - | AY61: - | AZ61: - | BA61: - | BB61: - | BC61: - | BD61: - | BE61: - | BF61: - | BG61: - | BH61: - | BI61: - | BJ61: 1881.3 | BK61: 47.5 | BL61: 2867.5 | BM61: 12.2
E62: 기타제조 | F62: - | G62: 2016.7 | H62: - | I62: - | J62: - | K62: - | L62: - | M62: 0.6 | N62: - | O62: - | P62: - | Q62: - | R62: - | S62: 230.3 | T62: 320.9 | U62: - | V62: - | W62: - | X62: - | Y62: 3.7 | Z62: 615.9 | AA62: 130.7 | AB62: 4.6 | AC62: - | AD62: - | AE62: 0.3 | AF62: 43.1 | AG62: 140.8 | AH62: 1.5 | AI62: 1 | AJ62: 138.5 | AK62: - | AL62: - | AM62: - | AN62: - | AO62: - | AP62: - | AQ62: - | AR62: 201.3 | AS62: 82.9 | AT62: 33.4 | AU62: 45 | AV62: 3.7 | AW62: - | AX62: - | AY62: - | AZ62: - | BA62: - | BB62: - | BC62: - | BD62: 4.5 | BE62: - | BF62: 1 | BG62: - | BH62: - | BI62: - | BJ62: 377.4 | BK62: 0 | BL62: 4397.7 | BM62: 375.4
D63: 건설업 | E63: 소계 | F63: - | G63: - | H63: - | I63: - | J63: - | K63: 0 | L63: - | M63: - | N63: - | O63: - | P63: - | Q63: - | R63: - | S63: - | T63: 0.1 | U63: - | V63: - | W63: - | X63: - | Y63: - | Z63: 20.2 | AA63: - | AB63: 10 | AC63: - | AD63: - | AE63: - | AF63: 10.1 | AG63: 676.6 | AH63: 16.7 | AI63: 9.1 | AJ63: 6.1 | AK63: - | AL63: - | AM63: - | AN63: - | AO63: - | AP63: - | AQ63: - | AR63: 12.1 | AS63: 21.4 | AT63: - | AU63: - | AV63: 0 | AW63: - | AX63: - | AY63: - | AZ63: - | BA63: - | BB63: - | BC63: - | BD63: - | BE63: - | BF63: - | BG63: - | BH63: - | BI63: - | BJ63: 0.8 | BK63: - | BL63: 783.4 | BM63: 33.5
C64: 수송 | D64: 소계 | E64: 소계 | F64: - | G64: - | H64: - | I64: - | J64: - | K64: - | L64: - | M64: - | N64: - | O64: - | P64: - | Q64: - | R64: - | S64: - | T64: 1215.6 | U64: - | V64: - | W64: - | X64: - | Y64: - | Z64: 1.7 | AA64: 3606.6 | AB64: 10050.3 | AC64: 0.8 | AD64: - | AE64: 1362.4 | AF64: 6.3 | AG64: 19760.2 | AH64: 91.2 | AI64: 15.7 | AJ64: 125.8 | AK64: - | AL64: - | AM64: - | AN64: - | AO64: - | AP64: - | AQ64: - | AR64: - | AS64: - | AT64: - | AU64: - | AV64: - | AW64: - | AX64: - | AY64: 685.4 | AZ64: - | BA64: - | BB64: - | BC64: - | BD64: - | BE64: - | BF64: - | BG64: - | BH64: - | BI64: - | BJ64: 271.4 | BK64: - | BL64: 37193.3 | BM64: 685.4
D65: 철도 | E65: 소계 | F65: - | G65: - | H65: - | I65: - | J65: - | K65: - | L65: - | M65: - | N65: - | O65: - | P65: - | Q65: - | R65: - | S65: - | T65: - | U65: - | V65: - | W65: - | X65: - | Y65: - | Z65: 0 | AA65: - | AB65: - | AC65: - | AD65: - | AE65: - | AF65: 0 | AG65: 95.4 | AH65: - | AI65: - | AJ65: - | AK65: - | AL65: - | AM65: - | AN65: - | AO65: - | AP65: - | AQ65: - | AR65: - | AS65: - | AT65: - | AU65: - | AV65: - | AW65: - | AX65: - | AY65: - | AZ65: - | BA65: - | BB65: - | BC65: - | BD65: - | BE65: - | BF65: - | BG65: - | BH65: - | BI65: - | BJ65: 250.1 | BK65: - | BL65: 345.5 | BM65: -
D66: 도로 | E66: 소계 | F66: - | G66: - | H66: - | I66: - | J66: - | K66: - | L66: - | M66: - | N66: - | O66: - | P66: - | Q66: - | R66: - | S66: - | T66: 1215.6 | U66: - | V66: - | W66: - | X66: - | Y66: - | Z66: 0.4 | AA66: 3606.6 | AB66: 10047.2 | AC66: - | AD66: - | AE66: - | AF66: 0.7 | AG66: 19492.2 | AH66: 0.9 | AI66: 0.1 | AJ66: 3.7 | AK66: - | AL66: - | AM66: - | AN66: - | AO66: - | AP66: - | AQ66: - | AR66: - | AS66: - | AT66: - | AU66: - | AV66: - | AW66: - | AX66: - | AY66: 685.4 | AZ66: - | BA66: - | BB66: - | BC66: - | BD66: - | BE66: - | BF66: - | BG66: - | BH66: - | BI66: - | BJ66: 21.3 | BK66: - | BL66: 35074.1 | BM66: 685.4
D67: 국내해운 | E67: 소계 | F67: - | G67: - | H67: - | I67: - | J67: - | K67: - | L67: - | M67: - | N67: - | O67: - | P67: - | Q67: - | R67: - | S67: - | T67: - | U67: - | V67: - | W67: - | X67: - | Y67: - | Z67: 0.9 | AA67: - | AB67: 3 | AC67: - | AD67: - | AE67: - | AF67: 5.4 | AG67: 171.6 | AH67: 90.3 | AI67: 15.7 | AJ67: 122.1 | AK67: - | AL67: - | AM67: - | AN67: - | AO67: - | AP67: - | AQ67: - | AR67: - | AS67: - | AT67: - | AU67: - | AV67: - | AW67: - | AX67: - | AY67: - | AZ67: - | BA67: - | BB67: - | BC67: - | BD67: - | BE67: - | BF67: - | BG67: - | BH67: - | BI67: - | BJ67: - | BK67: - | BL67: 409 | BM67: -
D68: 국내항공 | E68: 소계 | F68: - | G68: - | H68: - | I68: - | J68: - | K68: - | L68: - | M68: - | N68: - | O68: - | P68: - | Q68: - | R68: - | S68: - | T68: - | U68: - | V68: - | W68: - | X68: - | Y68: - | Z68: 0.3 | AA68: - | AB68: 0 | AC68: 0.8 | AD68: - | AE68: 1362.4 | AF68: 0.1 | AG68: 1.1 | AH68: - | AI68: - | AJ68: - | AK68: - | AL68: - | AM68: - | AN68: - | AO68: - | AP68: - | AQ68: - | AR68: - | AS68: - | AT68: - | AU68: - | AV68: - | AW68: - | AX68: - | AY68: - | AZ68: - | BA68: - | BB68: - | BC68: - | BD68: - | BE68: - | BF68: - | BG68: - | BH68: - | BI68: - | BJ68: - | BK68: - | BL68: 1364.7 | BM68: -
C69: 가정 | D69: 소계 | E69: 소계 | F69: - | G69: - | H69: - | I69: - | J69: - | K69: - | L69: - | M69: 271.4 | N69: - | O69: - | P69: - | Q69: - | R69: - | S69: - | T69: 10475.4 | U69: - | V69: - | W69: - | X69: - | Y69: - | Z69: 565.7 | AA69: 15.9 | AB69: 2.3 | AC69: - | AD69: - | AE69: - | AF69: 1513.4 | AG69: 23.6 | AH69: 0.4 | AI69: 0 | AJ69: 30.5 | AK69: - | AL69: - | AM69: - | AN69: - | AO69: - | AP69: - | AQ69: - | AR69: - | AS69: - | AT69: - | AU69: 126.7 | AV69: 3.9 | AW69: 2 | AX69: - | AY69: - | AZ69: - | BA69: - | BB69: - | BC69: - | BD69: 36.2 | BE69: - | BF69: 12 | BG69: - | BH69: - | BI69: - | BJ69: 6195.9 | BK69: 2136.1 | BL69: 21411.4 | BM69: 180.7
C70: 상업 | D70: 소계 | E70: 소계 | F70: - | G70: - | H70: - | I70: - | J70: - | K70: - | L70: - | M70: 25.4 | N70: - | O70: - | P70: - | Q70: - | R70: - | S70: - | T70: 3616.1 | U70: - | V70: - | W70: - | X70: - | Y70: - | Z70: 1140.3 | AA70: 101 | AB70: 17.1 | AC70: 0 | AD70: - | AE70: 11.5 | AF70: 495.1 | AG70: 799 | AH70: 16.3 | AI70: 8.8 | AJ70: 53.4 | AK70: - | AL70: - | AM70: - | AN70: - | AO70: - | AP70: - | AQ70: - | AR70: 32.3 | AS70: 19.1 | AT70: 15.1 | AU70: 52.6 | AV70: - | AW70: - | AX70: - | AY70: - | AZ70: - | BA70: - | BB70: - | BC70: - | BD70: 3.8 | BE70: - | BF70: 1.8 | BG70: - | BH70: - | BI70: - | BJ70: 11918.8 | BK70: 326.1 | BL70: 18653.6 | BM70: 124.8
C71: 공공 | D71: 소계 | E71: 소계 | F71: - | G71: - | H71: - | I71: - | J71: - | K71: - | L71: - | M71: 0.2 | N71: - | O71: - | P71: - | Q71: - | R71: - | S71: - | T71: 77.9 | U71: - | V71: - | W71: - | X71: - | Y71: - | Z71: 23.7 | AA71: 0.2 | AB71: 37 | AC71: 2.3 | AD71: - | AE71: 441.4 | AF71: 97.7 | AG71: 660.1 | AH71: 3.9 | AI71: 1.6 | AJ71: 6.2 | AK71: - | AL71: - | AM71: - | AN71: - | AO71: - | AP71: - | AQ71: - | AR71: 53.2 | AS71: 684.9 | AT71: 15.5 | AU71: 27.6 | AV71: 30.2 | AW71: - | AX71: - | AY71: - | AZ71: - | BA71: - | BB71: - | BC71: - | BD71: 150.9 | BE71: - | BF71: 12.2 | BG71: - | BH71: - | BI71: - | BJ71: 2692.3 | BK71: 69.5 | BL71: 5088.4 | BM71: 974.4
B72: 최종비에너지소비 | C72: 소계 | D72: 소계 | E72: 소계 | F72: - | G72: - | H72: - | I72: - | J72: - | K72: - | L72: 15.4 | M72: - | N72: - | O72: 560.7 | P72: - | Q72: - | R72: - | S72: 332.6 | T72: - | U72: - | V72: - | W72: - | X72: - | Y72: - | Z72: 3875.3 | AA72: 769.2 | AB72: - | AC72: - | AD72: - | AE72: - | AF72: - | AG72: - | AH72: - | AI72: - | AJ72: - | AK72: 44794.8 | AL72: 215.1 | AM72: 723.3 | AN72: 1684.1 | AO72: 20.6 | AP72: 283.7 | AQ72: 1021.7 | AR72: - | AS72: - | AT72: - | AU72: - | AV72: - | AW72: - | AX72: - | AY72: - | AZ72: - | BA72: - | BB72: - | BC72: - | BD72: - | BE72: - | BF72: - | BG72: - | BH72: - | BI72: - | BJ72: - | BK72: - | BL72: 54296.5 | BM72: -
C73: 비에너지_산업및에너지 | D73: 소계 | E73: 소계 | F73: - | G73: - | H73: - | I73: - | J73: - | K73: - | L73: 15.4 | M73: - | N73: - | O73: 560.7 | P73: - | Q73: - | R73: - | S73: 332.6 | T73: - | U73: - | V73: - | W73: - | X73: - | Y73: - | Z73: 3875.3 | AA73: 769.2 | AB73: - | AC73: - | AD73: - | AE73: - | AF73: - | AG73: - | AH73: - | AI73: - | AJ73: - | AK73: 44794.8 | AL73: 184 | AM73: 723.3 | AN73: 1684.1 | AO73: 20.6 | AP73: 283.7 | AQ73: 1021.6 | AR73: - | AS73: - | AT73: - | AU73: - | AV73: - | AW73: - | AX73: - | AY73: - | AZ73: - | BA73: - | BB73: - | BC73: - | BD73: - | BE73: - | BF73: - | BG73: - | BH73: - | BI73: - | BJ73: - | BK73: - | BL73: 54265.2 | BM73: -
C74: 비에너지_수송 | D74: 소계 | E74: 소계 | F74: - | G74: - | H74: - | I74: - | J74: - | K74: - | L74: - | M74: - | N74: - | O74: - | P74: - | Q74: - | R74: - | S74: - | T74: - | U74: - | V74: - | W74: - | X74: - | Y74: - | Z74: - | AA74: - | AB74: - | AC74: - | AD74: - | AE74: - | AF74: - | AG74: - | AH74: - | AI74: - | AJ74: - | AK74: - | AL74: 0 | AM74: - | AN74: - | AO74: - | AP74: - | AQ74: - | AR74: - | AS74: - | AT74: - | AU74: - | AV74: - | AW74: - | AX74: - | AY74: - | AZ74: - | BA74: - | BB74: - | BC74: - | BD74: - | BE74: - | BF74: - | BG74: - | BH74: - | BI74: - | BJ74: - | BK74: - | BL74: 0 | BM74: -
C75: 비에너지_가정 | D75: 소계 | E75: 소계 | F75: - | G75: - | H75: - | I75: - | J75: - | K75: - | L75: - | M75: - | N75: - | O75: - | P75: - | Q75: - | R75: - | S75: - | T75: - | U75: - | V75: - | W75: - | X75: - | Y75: - | Z75: - | AA75: - | AB75: - | AC75: - | AD75: - | AE75: - | AF75: - | AG75: - | AH75: - | AI75: - | AJ75: - | AK75: - | AL75: - | AM75: - | AN75: - | AO75: - | AP75: - | AQ75: - | AR75: - | AS75: - | AT75: - | AU75: - | AV75: - | AW75: - | AX75: - | AY75: - | AZ75: - | BA75: - | BB75: - | BC75: - | BD75: - | BE75: - | BF75: - | BG75: - | BH75: - | BI75: - | BJ75: - | BK75: - | BL75: - | BM75: -
C76: 비에너지_상업 | D76: 소계 | E76: 소계 | F76: - | G76: - | H76: - | I76: - | J76: - | K76: - | L76: - | M76: - | N76: - | O76: - | P76: - | Q76: - | R76: - | S76: - | T76: - | U76: - | V76: - | W76: - | X76: - | Y76: - | Z76: - | AA76: - | AB76: - | AC76: - | AD76: - | AE76: - | AF76: - | AG76: - | AH76: - | AI76: - | AJ76: - | AK76: - | AL76: 30.8 | AM76: - | AN76: - | AO76: - | AP76: - | AQ76: 0.1 | AR76: - | AS76: - | AT76: - | AU76: - | AV76: - | AW76: - | AX76: - | AY76: - | AZ76: - | BA76: - | BB76: - | BC76: - | BD76: - | BE76: - | BF76: - | BG76: - | BH76: - | BI76: - | BJ76: - | BK76: - | BL76: 31 | BM76: -
C77: 비에너지_공공 | D77: 소계 | E77: 소계 | F77: - | G77: - | H77: - | I77: - | J77: - | K77: - | L77: - | M77: - | N77: - | O77: - | P77: - | Q77: - | R77: - | S77: - | T77: - | U77: - | V77: - | W77: - | X77: - | Y77: - | Z77: - | AA77: - | AB77: - | AC77: - | AD77: - | AE77: - | AF77: - | AG77: - | AH77: - | AI77: - | AJ77: - | AK77: - | AL77: 0.3 | AM77: - | AN77: - | AO77: - | AP77: - | AQ77: - | AR77: - | AS77: - | AT77: - | AU77: - | AV77: - | AW77: - | AX77: - | AY77: - | AZ77: - | BA77: - | BB77: - | BC77: - | BD77: - | BE77: - | BF77: - | BG77: - | BH77: - | BI77: - | BJ77: - | BK77: - | BL77: 0.3 | BM77: -
C78: 메모: 석유화학원료 | D78: 소계 | E78: 소계 | F78: - | G78: - | H78: - | I78: - | J78: - | K78: - | L78: - | M78: - | N78: - | O78: 560.7 | P78: - | Q78: - | R78: - | S78: - | T78: - | U78: - | V78: - | W78: - | X78: - | Y78: - | Z78: 3875.3 | AA78: 769.2 | AB78: - | AC78: - | AD78: - | AE78: - | AF78: - | AG78: - | AH78: - | AI78: - | AJ78: - | AK78: 44794.8 | AL78: - | AM78: - | AN78: - | AO78: - | AP78: - | AQ78: - | AR78: - | AS78: - | AT78: - | AU78: - | AV78: - | AW78: - | AX78: - | AY78: - | AZ78: - | BA78: - | BB78: - | BC78: - | BD78: - | BE78: - | BF78: - | BG78: - | BH78: - | BI78: - | BJ78: - | BK78: - | BL78: 50000 | BM78: -
A79: 전기생산 (GWh) | B79: 소계 | C79: 소계 | D79: 소계 | E79: 소계 | F79: 818 | G79: 1671.9 | H79: - | I79: 224247.3 | J79: 3969 | K79: - | L79: - | M79: - | N79: - | O79: - | P79: 3412.7 | Q79: 13451.7 | R79: 5732.3 | S79: 148415.7 | T79: 1357.4 | U79: - | V79: - | W79: - | X79: - | Y79: 2784.5 | Z79: 63.5 | AA79: - | AB79: - | AC79: - | AD79: - | AE79: - | AF79: 39.5 | AG79: 1294.4 | AH79: - | AI79: - | AJ79: 2610.8 | AK79: - | AL79: - | AM79: - | AN79: - | AO79: - | AP79: 256.8 | AQ79: 2655.3 | AR79: 312.9 | AS79: 362.1 | AT79: 490.6 | AU79: 6822.3 | AV79: 195.2 | AW79: 239.5 | AX79: - | AY79: - | AZ79: 2295.2 | BA79: - | BB79: 145909.7 | BC79: 2791.1 | BD79: - | BE79: 14163 | BF79: - | BG79: 474.6 | BH79: 2679.2 | BI79: 2284.3 | BJ79: - | BK79: 161.8 | BL79: 591962.4 | BM79: 59522.7
B80: 발전전용발전_사업 | C80: 소계 | D80: 소계 | E80: 소계 | F80: 818 | G80: 1671.9 | H80: - | I80: 212006.3 | J80: 3969 | K80: - | L80: - | M80: - | N80: - | O80: - | P80: - | Q80: - | R80: 1031.3 | S80: 104648.2 | T80: - | U80: - | V80: - | W80: - | X80: - | Y80: - | Z80: - | AA80: - | AB80: - | AC80: - | AD80: - | AE80: - | AF80: 3.2 | AG80: 1293.7 | AH80: - | AI80: - | AJ80: 1755.3 | AK80: - | AL80: - | AM80: - | AN80: - | AO80: - | AP80: - | AQ80: - | AR80: 288 | AS80: 25 | AT80: 202.5 | AU80: 4111.5 | AV80: 168.4 | AW80: 239.5 | AX80: - | AY80: - | AZ80: 2295.2 | BA80: - | BB80: 145909.7 | BC80: 2788.7 | BD80: - | BE80: 11801 | BF80: - | BG80: 474.6 | BH80: 2669.5 | BI80: 2256.6 | BJ80: - | BK80: - | BL80: 500426.7 | BM80: 29382.8
B81: 발전전용발전_자가 | C81: 소계 | D81: 소계 | E81: 소계 | F81: - | G81: - | H81: - | I81: 488 | J81: - | K81: - | L81: - | M81: - | N81: - | O81: - | P81: 3412.7 | Q81: 13451.7 | R81: 4701.1 | S81: 3840.3 | T81: 66 | U81: - | V81: - | W81: - | X81: - | Y81: 1155.4 | Z81: - | AA81: - | AB81: - | AC81: - | AD81: - | AE81: - | AF81: - | AG81: 0.7 | AH81: - | AI81: - | AJ81: 240.8 | AK81: - | AL81: - | AM81: - | AN81: - | AO81: - | AP81: - | AQ81: - | AR81: 4 | AS81: 33.5 | AT81: 11.7 | AU81: 4.7 | AV81: 17.2 | AW81: - | AX81: - | AY81: - | AZ81: - | BA81: - | BB81: - | BC81: 2.4 | BD81: - | BE81: 2362.1 | BF81: - | BG81: - | BH81: 9.7 | BI81: 27.8 | BJ81: - | BK81: - | BL81: 29829.8 | BM81: 25193.9
B82: 열병합발전_사업 | C82: 소계 | D82: 소계 | E82: 소계 | F82: - | G82: - | H82: - | I82: - | J82: - | K82: - | L82: - | M82: - | N82: - | O82: - | P82: - | Q82: - | R82: - | S82: 36294 | T82: 1007.3 | U82: - | V82: - | W82: - | X82: - | Y82: - | Z82: 0.3 | AA82: - | AB82: - | AC82: - | AD82: - | AE82: - | AF82: 0.2 | AG82: - | AH82: - | AI82: - | AJ82: 302.9 | AK82: - | AL82: - | AM82: - | AN82: - | AO82: - | AP82: - | AQ82: - | AR82: 19.8 | AS82: 113.7 | AT82: 0 | AU82: 77.6 | AV82: - | AW82: - | AX82: - | AY82: - | AZ82: - | BA82: - | BB82: - | BC82: - | BD82: - | BE82: - | BF82: - | BG82: - | BH82: - | BI82: - | BJ82: - | BK82: - | BL82: 37815.7 | BM82: 211.1
B83: 열병합발전_자가 | C83: 소계 | D83: 소계 | E83: 소계 | F83: - | G83: - | H83: - | I83: 11753 | J83: - | K83: - | L83: - | M83: - | N83: - | O83: - | P83: - | Q83: - | R83: - | S83: 3633.2 | T83: 284.1 | U83: - | V83: - | W83: - | X83: - | Y83: 1629.1 | Z83: 63.2 | AA83: - | AB83: - | AC83: - | AD83: - | AE83: - | AF83: 36.1 | AG83: - | AH83: - | AI83: - | AJ83: 311.8 | AK83: - | AL83: - | AM83: - | AN83: - | AO83: - | AP83: 256.8 | AQ83: 2655.3 | AR83: 1.2 | AS83: 190 | AT83: 276.4 | AU83: 2628.5 | AV83: 9.6 | AW83: - | AX83: - | AY83: - | AZ83: - | BA83: - | BB83: - | BC83: - | BD83: - | BE83: - | BF83: - | BG83: - | BH83: - | BI83: - | BJ83: - | BK83: - | BL83: 23728.3 | BM83: 4734.8
B84: 기타발전 | C84: 소계 | D84: 소계 | E84: 소계 | F84: - | G84: - | H84: - | I84: - | J84: - | K84: - | L84: - | M84: - | N84: - | O84: - | P84: - | Q84: - | R84: - | S84: - | T84: - | U84: - | V84: - | W84: - | X84: - | Y84: - | Z84: - | AA84: - | AB84: - | AC84: - | AD84: - | AE84: - | AF84: - | AG84: - | AH84: - | AI84: - | AJ84: - | AK84: - | AL84: - | AM84: - | AN84: - | AO84: - | AP84: - | AQ84: - | AR84: - | AS84: - | AT84: - | AU84: - | AV84: - | AW84: - | AX84: - | AY84: - | AZ84: - | BA84: - | BB84: - | BC84: - | BD84: - | BE84: - | BF84: - | BG84: - | BH84: - | BI84: - | BJ84: - | BK84: 161.8 | BL84: 161.8 | BM84: -
A85: 열생산 (TJ) | B85: 소계 | C85: 소계 | D85: 소계 | E85: 소계 | F85: - | G85: - | H85: - | I85: 73991.4 | J85: - | K85: - | L85: - | M85: - | N85: - | O85: - | P85: - | Q85: - | R85: - | S85: 63629 | T85: 17494.3 | U85: - | V85: - | W85: - | X85: - | Y85: 15132.2 | Z85: 1925.2 | AA85: - | AB85: - | AC85: - | AD85: - | AE85: - | AF85: 11.4 | AG85: 6.9 | AH85: - | AI85: - | AJ85: 9413.7 | AK85: - | AL85: - | AM85: - | AN85: - | AO85: - | AP85: 14679.6 | AQ85: 15252.3 | AR85: 7618.4 | AS85: 3766.8 | AT85: 4862.5 | AU85: 13914.5 | AV85: 147.5 | AW85: 735 | AX85: - | AY85: - | AZ85: - | BA85: - | BB85: - | BC85: - | BD85: - | BE85: - | BF85: - | BG85: - | BH85: - | BI85: - | BJ85: - | BK85: 54980.7 | BL85: 297561.4 | BM85: 46176.9
B86: 열병합열생산_사업 | C86: 소계 | D86: 소계 | E86: 소계 | F86: - | G86: - | H86: - | I86: - | J86: - | K86: - | L86: - | M86: - | N86: - | O86: - | P86: - | Q86: - | R86: - | S86: 61793.9 | T86: 5965.6 | U86: - | V86: - | W86: - | X86: - | Y86: - | Z86: 1.8 | AA86: - | AB86: - | AC86: - | AD86: - | AE86: - | AF86: 1.6 | AG86: - | AH86: - | AI86: - | AJ86: 2644.5 | AK86: - | AL86: - | AM86: - | AN86: - | AO86: - | AP86: - | AQ86: - | AR86: 2815 | AS86: 2624.8 | AT86: 455.1 | AU86: 2017 | AV86: - | AW86: - | AX86: - | AY86: - | AZ86: - | BA86: - | BB86: - | BC86: - | BD86: - | BE86: - | BF86: - | BG86: - | BH86: - | BI86: - | BJ86: - | BK86: 43948.2 | BL86: 122267.5 | BM86: 7911.8
B87: 열병합열생산_자가 | C87: 소계 | D87: 소계 | E87: 소계 | F87: - | G87: - | H87: - | I87: 73991.4 | J87: - | K87: - | L87: - | M87: - | N87: - | O87: - | P87: - | Q87: - | R87: - | S87: 723.5 | T87: 4447.4 | U87: - | V87: - | W87: - | X87: - | Y87: 15132.2 | Z87: 1855.3 | AA87: - | AB87: - | AC87: - | AD87: - | AE87: - | AF87: - | AG87: - | AH87: - | AI87: - | AJ87: 3778 | AK87: - | AL87: - | AM87: - | AN87: - | AO87: - | AP87: 14679.6 | AQ87: 14656.1 | AR87: - | AS87: 1142.1 | AT87: 3832.7 | AU87: 11297.6 | AV87: - | AW87: - | AX87: - | AY87: - | AZ87: - | BA87: - | BB87: - | BC87: - | BD87: - | BE87: - | BF87: - | BG87: - | BH87: - | BI87: - | BJ87: - | BK87: 8256.4 | BL87: 153792.2 | BM87: 31404.5
B88: 열전용열생산_사업 | C88: 소계 | D88: 소계 | E88: 소계 | F88: - | G88: - | H88: - | I88: - | J88: - | K88: - | L88: - | M88: - | N88: - | O88: - | P88: - | Q88: - | R88: - | S88: 1111.6 | T88: 6681.4 | U88: - | V88: - | W88: - | X88: - | Y88: - | Z88: 26.9 | AA88: - | AB88: - | AC88: - | AD88: - | AE88: - | AF88: 9.8 | AG88: 0.3 | AH88: - | AI88: - | AJ88: 1379.1 | AK88: - | AL88: - | AM88: - | AN88: - | AO88: - | AP88: - | AQ88: - | AR88: - | AS88: - | AT88: - | AU88: - | AV88: 147.5 | AW88: 735 | AX88: - | AY88: - | AZ88: - | BA88: - | BB88: - | BC88: - | BD88: - | BE88: - | BF88: - | BG88: - | BH88: - | BI88: - | BJ88: - | BK88: - | BL88: 10091.7 | BM88: 882.5
B89: 열전용열생산_자가 | C89: 소계 | D89: 소계 | E89: 소계 | F89: - | G89: - | H89: - | I89: - | J89: - | K89: - | L89: - | M89: - | N89: - | O89: - | P89: - | Q89: - | R89: - | S89: - | T89: 400 | U89: - | V89: - | W89: - | X89: - | Y89: - | Z89: 41.1 | AA89: - | AB89: - | AC89: - | AD89: - | AE89: - | AF89: - | AG89: 6.6 | AH89: - | AI89: - | AJ89: 1612.1 | AK89: - | AL89: - | AM89: - | AN89: - | AO89: - | AP89: - | AQ89: 596.2 | AR89: 4803.4 | AS89: - | AT89: 574.7 | AU89: 599.9 | AV89: - | AW89: - | AX89: - | AY89: - | AZ89: - | BA89: - | BB89: - | BC89: - | BD89: - | BE89: - | BF89: - | BG89: - | BH89: - | BI89: - | BJ89: - | BK89: - | BL89: 8633.9 | BM89: 5978.1
B90: 기타열생산 | C90: 소계 | D90: 소계 | E90: 소계 | F90: - | G90: - | H90: - | I90: - | J90: - | K90: - | L90: - | M90: - | N90: - | O90: - | P90: - | Q90: - | R90: - | S90: - | T90: - | U90: - | V90: - | W90: - | X90: - | Y90: - | Z90: - | AA90: - | AB90: - | AC90: - | AD90: - | AE90: - | AF90: - | AG90: - | AH90: - | AI90: - | AJ90: - | AK90: - | AL90: - | AM90: - | AN90: - | AO90: - | AP90: - | AQ90: - | AR90: - | AS90: - | AT90: - | AU90: - | AV90: - | AW90: - | AX90: - | AY90: - | AZ90: - | BA90: - | BB90: - | BC90: - | BD90: - | BE90: - | BF90: - | BG90: - | BH90: - | BI90: - | BJ90: - | BK90: 2776.1 | BL90: 2776.1 | BM90: -
A92: EPS_fuel | F92: hard coal | G92: hard coal | H92: hard coal | I92: hard coal | J92: hard coal | K92: lignite | L92: hard coal | M92: hard coal | N92: hard coal | O92: hard coal | P92: hard coal | Q92: hard coal | R92: hard coal | S92: natural gas | T92: natural gas | U92: crude oil | V92: crude oil | W92: crude oil | X92: crude oil | Y92: LPG propane or butane | Z92: LPG propane or butane | AA92: LPG propane or butane | AB92: petroleum gasoline | AC92: petroleum gasoline | AD92: jet fuel or kerosene | AE92: jet fuel or kerosene | AF92: jet fuel or kerosene | AG92: petroleum diesel | AH92: heavy fuel oil | AI92: heavy fuel oil | AJ92: heavy fuel oil | AK92: LPG propane or butane | AL92: petroleum diesel | AM92: heavy fuel oil | AN92: petroleum diesel | AO92: heavy fuel oil | AP92: petroleum diesel | AQ92: heavy fuel oil | AR92: biomass | AS92: municipal solid waste | AT92: municipal solid waste | AU92: biomass | AV92: biomass | AW92: biomass | AX92: biofuel gasoline | AY92: biofuel diesel | AZ92: biomass | BA92: biomass | BB92: nuclear | BC92: hydro (is not a fuel) | BD92: geothermal (is not a fuel) | BE92: solar (is not a fuel) | BF92: solar (is not a fuel) | BH92: wind (is not a fuel) | BJ92: electricity (not used in this variable) | BK92: heat (not used in this variable)
A93: P_source | F93: =F3 -> 512.7 | G93: =G3 -> - | H93: =H3 -> - | I93: =I3 -> - | J93: =J3 -> - | K93: =K3 -> - | L93: =L3 -> - | M93: =M3 -> - | ... X93: =X3 -> - | Y93: =Y27 -> 3696.7 | Z93: =Z27 -> 1425.9 | AA93: =AA27 -> 2562.5 | AB93: =AB27 -> 21143 | AC93: =AC27 -> 14 | AD93: =AD27 -> - | AE93: =AE27 -> 23660 | AF93: =AF27 -> 2996.8 | ... AQ93: =AQ27 -> 3616.5 | AR93: =AR3 -> 1806.9 | AS93: =AS3 -> 974.1 | AT93: =AT3 -> 669.9 | AU93: =AU3 -> 2804.4 | AV93: =AV3 -> 96.3 | AW93: =AW3 -> 75.5 | AX93: =AX3 -> - | AY93: =AY3 -> 687.8 | ... BK93: =BK3 -> 66.3

Sheet EB_2020
A1: 에너지흐름별(1) | B1: 에너지흐름별(2) | C1: 에너지흐름별(3) | D1: 에너지흐름별(4) | E1: 에너지흐름별(5) | F1: 2020 | G1: 2020 | H1: 2020 | I1: 2020 | J1: 2020 | K1: 2020 | L1: 2020 | M1: 2020 | N1: 2020 | O1: 2020 | P1: 2020 | Q1: 2020 | R1: 2020 | S1: 2020 | T1: 2020 | U1: 2020 | V1: 2020 | W1: 2020 | X1: 2020 | Y1: 2020 | Z1: 2020 | AA1: 2020 | AB1: 2020 | AC1: 2020 | AD1: 2020 | AE1: 2020 | AF1: 2020 | AG1: 2020 | AH1: 2020 | AI1: 2020 | AJ1: 2020 | AK1: 2020 | AL1: 2020 | AM1: 2020 | AN1: 2020 | AO1: 2020 | AP1: 2020 | AQ1: 2020 | AR1: 2020 | AS1: 2020 | AT1: 2020 | AU1: 2020 | AV1: 2020 | AW1: 2020 | AX1: 2020 | AY1: 2020 | AZ1: 2020 | BA1: 2020 | BB1: 2020 | BC1: 2020 | BD1: 2020 | BE1: 2020 | BF1: 2020 | BG1: 2020 | BH1: 2020 | BI1: 2020 | BJ1: 2020 | BK1: 2020 | BL1: 2020 | BM1: 2020
A2: 에너지흐름별(1) | B2: 에너지흐름별(2) | C2: 에너지흐름별(3) | D2: 에너지흐름별(4) | E2: 에너지흐름별(5) | F2: 국내무연탄 | G2: 수입무연탄 | H2: 원료탄 | I2: 기타유연탄 | J2: 아역청탄 | K2: 갈탄 | L2: 토탄 | M2: 고형연료 | N2: 코크스 | O2: 콜타르 | P2: 코크스로가스 | Q2: 고로가스 | R2: 기타석탄가스 | S2: 천연가스 | T2: 도시가스 | U2: 원유 | V2: 정제원료 | W2: 첨가물 | X2: 기타탄화수소 | Y2: 정제가스 | Z2: 프로판 | AA2: 부탄 | AB2: 휘발유 | AC2: 항공휘발유 | AD2: 휘발유형항공유 | AE2: 등유형항공유 | AF2: 등유 | AG2: 경유 | AH2: B-A | AI2: B-B | AJ2: B-C | AK2: 납사 | AL2: 용제 | AM2: 윤활유 | AN2: 아스팔트 | AO2: 파라핀왁스 | AP2: 석유코크 | AQ2: 기타석유제품 | AR2: 산업폐기물 | AS2: 도시폐기물_재생 | AT2: 도시폐기물_비재생 | AU2: 고형바이오매스 | AV2: 바이오가스 | AW2: 매립지가스 | AX2: 바이오휘발유 | AY2: 바이오경유 | AZ2: 기타바이오연료 | BA2: 목탄 | BB2: 원자력 | BC2: 수력 | BD2: 지열 | BE2: 태양광 | BF2: 태양열 | BG2: 해양 | BH2: 풍력 | BI2: 기타에너지원 | BJ2: 전기 | BK2: 열 | BL2: 총에너지 | BM2: 메모: 신재생
A3: 국내생산 | B3: 소계 | C3: 소계 | D3: 소계 | E3: 소계 | F3: 482 | G3: - | H3: - | I3: - | J3: - | K3: - | L3: - | M3: - | N3: - | O3: - | P3: - | Q3: - | R3: - | S3: 185 | T3: - | U3: 15.1 | V3: - | W3: - | X3: - | Y3: - | Z3: - | AA3: - | AB3: - | AC3: - | AD3: - | AE3: - | AF3: - | AG3: - | AH3: - | AI3: - | AJ3: - | AK3: - | AL3: - | AM3: - | AN3: - | AO3: - | AP3: - | AQ3: - | AR3: 1881 | AS3: 989.8 | AT3: 703.8 | AU3: 2643.1 | AV3: 95.4 | AW3: 62.2 | AX3: - | AY3: 694.1 | AZ3: 408.6 | BA3: - | BB3: 34119.1 | BC3: 826.3 | BD3: 241 | BE3: 4110.4 | BF3: 26.4 | BG3: 97.4 | BH3: 670.9 | BI3: - | BJ3: - | BK3: 73.1 | BL3: 48324.6 | BM3: 13450.4
A4: 수입 | B4: 소계 | C4: 소계 | D4: 소계 | E4: 소계 | F4: - | G4: 3180.7 | H4: 14800.1 | I4: 55730.5 | J4: 936.8 | K4: 0 | L4: 24.9 | M4: 0.3 | N4: 201.9 | O4: - | P4: - | Q4: - | R4: - | S4: 52216.8 | T4: - | U4: 143762.4 | V4: 1288.3 | W4: - | X4: 42.4 | Y4: - | Z4: 7870.8 | AA4: 2198.3 | AB4: 0 | AC4: 0.7 | AD4: - | AE4: - | AF4: 11.2 | AG4: 2.7 | AH4: - | AI4: - | AJ4: 4691.3 | AK4: 26461.6 | AL4: 0.9 | AM4: 25 | AN4: 68.8 | AO4: - | AP4: - | AQ4: - | AR4: - | AS4: - | AT4: - | AU4: - | AV4: - | AW4: - | AX4: - | AY4: - | AZ4: - | BA4: - | BB4: - | BC4: - | BD4: - | BE4: - | BF4: - | BG4: - | BH4: - | BI4: - | BJ4: - | BK4: - | BL4: 313516.4 | BM4: -
A5: 수출 | B5: 소계 | C5: 소계 | D5: 소계 | E5: 소계 | F5: - | G5: -0.1 | H5: - | I5: - | J5: 0 | K5: - | L5: 0 | M5: - | N5: -110.3 | O5: - | P5: - | Q5: - | R5: - | S5: - | T5: - | U5: - | V5: -25.5 | W5: - | X5: -54.3 | Y5: - | Z5: -566.6 | AA5: -23.7 | AB5: -9206.6 | AC5: -16.2 | AD5: - | AE5: -11386.1 | AF5: -891.9 | AG5: -28726.7 | AH5: -28.9 | AI5: - | AJ5: -2066.1 | AK5: -4496.2 | AL5: -251.3 | AM5: -2645 | AN5: -3161.1 | AO5: - | AP5: - | AQ5: -1741.2 | AR5: - | AS5: - | AT5: - | AU5: - | AV5: - | AW5: - | AX5: - | AY5: - | AZ5: - | BA5: - | BB5: - | BC5: - | BD5: - | BE5: - | BF5: - | BG5: - | BH5: - | BI5: - | BJ5: - | BK5: - | BL5: -65397.6 | BM5: -
A6: 국제해운벙커링 | B6: 소계 | C6: 소계 | D6: 소계 | E6: 소계 | F6: - | G6: - | H6: - | I6: - | J6: - | K6: - | L6: - | M6: - | N6: - | O6: - | P6: - | Q6: - | R6: - | S6: -31.7 | T6: - | U6: - | V6: - | W6: - | X6: - | Y6: - | Z6: 0 | AA6: - | AB6: 0 | AC6: - | AD6: - | AE6: - | AF6: - | AG6: -1455.5 | AH6: -18.4 | AI6: -0.4 | AJ6: -8772.2 | AK6: - | AL6: 0 | AM6: - | AN6: - | AO6: - | AP6: - | AQ6: - | AR6: - | AS6: - | AT6: - | AU6: - | AV6: - | AW6: - | AX6: - | AY6: - | AZ6: - | BA6: - | BB6: - | BC6: - | BD6: - | BE6: - | BF6: - | BG6: - | BH6: - | BI6: - | BJ6: - | BK6: - | BL6: -10278.3 | BM6: -
A7: 국제항공벙커링 | B7: 소계 | C7: 소계 | D7: 소계 | E7: 소계 | F7: - | G7: - | H7: - | I7: - | J7: - | K7: - | L7: - | M7: - | N7: - | O7: - | P7: - | Q7: - | R7: - | S7: - | T7: - | U7: - | V7: - | W7: - | X7: - | Y7: - | Z7: - | AA7: - | AB7: - | AC7: - | AD7: - | AE7: -3494.1 | AF7: - | AG7: 0 | AH7: - | AI7: - | AJ7: - | AK7: - | AL7: - | AM7: - | AN7: - | AO7: - | AP7: - | AQ7: - | AR7: - | AS7: - | AT7: - | AU7: - | AV7: - | AW7: - | AX7: - | AY7: - | AZ7: - | BA7: - | BB7: - | BC7: - | BD7: - | BE7: - | BF7: - | BG7: - | BH7: - | BI7: - | BJ7: - | BK7: - | BL7: -3494.1 | BM7: -
A8: 재고변화 | B8: 소계 | C8: 소계 | D8: 소계 | E8: 소계 | F8: -65.7 | G8: 8.6 | H8: -159.8 | I8: 973.3 | J8: - | K8: - | L8: - | M8: - | N8: -2.9 | O8: - | P8: - | Q8: - | R8: - | S8: 1544.7 | T8: - | U8: 249.3 | V8: 37.7 | W8: -0.1 | X8: -4.4 | Y8: 0 | Z8: -60.9 | AA8: -25.6 | AB8: 152.5 | AC8: -0.5 | AD8: - | AE8: 222.9 | AF8: 134.1 | AG8: 425.2 | AH8: 19.8 | AI8: -0.1 | AJ8: 165.6 | AK8: -650.8 | AL8: -9.5 | AM8: -19.6 | AN8: -57.7 | AO8: 0.4 | AP8: 4.3 | AQ8: -4.6 | AR8: - | AS8: - | AT8: - | AU8: - | AV8: - | AW8: - | AX8: - | AY8: 1 | AZ8: - | BA8: - | BB8: - | BC8: - | BD8: - | BE8: - | BF8: - | BG8: - | BH8: - | BI8: - | BJ8: - | BK8: - | BL8: 2877.3 | BM8: 1
A9: 일차에너지공급 | B9: 소계 | C9: 소계 | D9: 소계 | E9: 소계 | F9: 416.2 | G9: 3189.2 | H9: 14640.3 | I9: 56703.9 | J9: 936.8 | K9: 0 | L9: 24.9 | M9: 0.3 | N9: 88.7 | O9: - | P9: - | Q9: - | R9: - | S9: 53914.8 | T9: - | U9: 144026.8 | V9: 1300.5 | W9: -0.1 | X9: -16.2 | Y9: 0 | Z9: 7243.3 | AA9: 2149.1 | AB9: -9054 | AC9: -16 | AD9: - | AE9: -14657.2 | AF9: -746.6 | AG9: -29754.2 | AH9: -27.5 | AI9: -0.5 | AJ9: -5981.5 | AK9: 21314.6 | AL9: -259.8 | AM9: -2639.6 | AN9: -3150.1 | AO9: 0.4 | AP9: 4.3 | AQ9: -1745.8 | AR9: 1881 | AS9: 989.8 | AT9: 703.8 | AU9: 2643.1 | AV9: 95.4 | AW9: 62.2 | AX9: - | AY9: 695.1 | AZ9: 408.6 | BA9: - | BB9: 34119.1 | BC9: 826.3 | BD9: 241 | BE9: 4110.4 | BF9: 26.4 | BG9: 97.4 | BH9: 670.9 | BI9: - | BJ9: - | BK9: 73.1 | BL9: 285548.4 | BM9: 13451.3
A10: 제품이동 | B10: 소계 | C10: 소계 | D10: 소계 | E10: 소계 | F10: - | G10: - | H10: - | I10: - | J10: - | K10: - | L10: - | M10: - | N10: - | O10: - | P10: - | Q10: - | R10: - | S10: - | T10: - | U10: - | V10: 18920.7 | W10: - | X10: - | Y10: -16.4 | Z10: -447.8 | AA10: -8.6 | AB10: 319.3 | AC10: 18.5 | AD10: - | AE10: 215.8 | AF10: -2952.6 | AG10: 1563.6 | AH10: -6.5 | AI10: 18.9 | AJ10: -4400.9 | AK10: -7947.6 | AL10: -276.1 | AM10: -95.1 | AN10: 594.7 | AO10: -3.3 | AP10: - | AQ10: -14.5 | AR10: - | AS10: - | AT10: - | AU10: - | AV10: - | AW10: - | AX10: - | AY10: - | AZ10: - | BA10: - | BB10: - | BC10: - | BD10: - | BE10: - | BF10: - | BG10: - | BH10: - | BI10: - | BJ10: - | BK10: - | BL10: 5482.3 | BM10: -16.4
A11: 통계오차 | B11: 소계 | C11: 소계 | D11: 소계 | E11: 소계 | F11: 5.4 | G11: -8.5 | H11: 2626.7 | I11: -2715 | J11: - | K11: - | L11: - | M11: - | N11: -15.5 | O11: - | P11: - | Q11: - | R11: - | S11: 228.9 | T11: 393.5 | U11: -246.9 | V11: 64.6 | W11: -0.1 | X11: 10.7 | Y11: 131.2 | Z11: -3.2 | AA11: 0.3 | AB11: -11.7 | AC11: -0.1 | AD11: - | AE11: -88.2 | AF11: 12.2 | AG11: 13.2 | AH11: -9.3 | AI11: 0 | AJ11: 73.3 | AK11: -13.5 | AL11: -3.9 | AM11: -28.1 | AN11: 16.5 | AO11: 0 | AP11: - | AQ11: 2.4 | AR11: - | AS11: - | AT11: - | AU11: - | AV11: - | AW11: - | AX11: - | AY11: 0 | AZ11: - | BA11: - | BB11: - | BC11: - | BD11: - | BE11: - | BF11: - | BG11: - | BH11: - | BI11: - | BJ11: - | BK11: - | BL11: 434.8 | BM11: 131.2
A12: 일차에너지소비 | B12: 소계 | C12: 소계 | D12: 소계 | E12: 소계 | F12: 421.6 | G12: 3180.7 | H12: 17266.9 | I12: 53988.8 | J12: 936.8 | K12: 0 | L12: 24.9 | M12: 0.3 | N12: 73.2 | O12: - | P12: - | Q12: - | R12: - | S12: 54143.7 | T12: 393.5 | U12: 143779.9 | V12: 20285.8 | W12: -0.2 | X12: -5.5 | Y12: 114.8 | Z12: 6792.2 | AA12: 2140.8 | AB12: -8746.4 | AC12: 2.4 | AD12: - | AE12: -14529.6 | AF12: -3687 | AG12: -28177.4 | AH12: -43.3 | AI12: 18.4 | AJ12: -10309.1 | AK12: 13353.6 | AL12: -539.8 | AM12: -2762.7 | AN12: -2539 | AO12: -2.9 | AP12: 4.3 | AQ12: -1757.9 | AR12: 1881 | AS12: 989.8 | AT12: 703.8 | AU12: 2643.1 | AV12: 95.4 | AW12: 62.2 | AX12: - | AY12: 695.1 | AZ12: 408.6 | BA12: - | BB12: 34119.1 | BC12: 826.3 | BD12: 241 | BE12: 4110.4 | BF12: 26.4 | BG12: 97.4 | BH12: 670.9 | BI12: - | BJ12: - | BK12: 73.1 | BL12: 291465.5 | BM12: 13566.2
A13: 전환공정 | B13: 소계 | C13: 소계 | D13: 소계 | E13: 소계 | F13: -421.6 | G13: -297.6 | H13: -17266.9 | I13: -50690.1 | J13: -936.8 | K13: - | L13: - | M13: 233.8 | N13: 678.6 | O13: 524.6 | P13: 2706.2 | Q13: 2282 | R13: 186.9 | S13: -51196.9 | T13: 22482.9 | U13: -143779.9 | V13: -20283.8 | W13: 0.2 | X13: 5.5 | Y13: 2782.8 | Z13: 219.1 | AA13: 2033.5 | AB13: 18799.7 | AC13: - | AD13: - | AE13: 15607.6 | AF13: 6030.8 | AG13: 50441.4 | AH13: 241.3 | AI13: 12.9 | AJ13: 11321.9 | AK13: 27565.6 | AL13: 808 | AM13: 3460 | AN13: 4145.3 | AO13: 22.5 | AP13: 206.5 | AQ13: 3809 | AR13: -226.7 | AS13: -111.1 | AT13: -338.4 | AU13: -1857.4 | AV13: -40.8 | AW13: -55.6 | AX13: - | AY13: - | AZ13: -408.6 | BA13: - | BB13: -34119.1 | BC13: -826.3 | BD13: - | BE13: -4110.4 | BF13: - | BG13: -97.4 | BH13: -670.9 | BI13: - | BJ13: 50484.6 | BK13: 7122.7 | BL13: -93520.6 | BM13: -785.7
B14: 발전전용 | C14: 소계 | D14: 소계 | E14: 소계 | F14: -189.2 | G14: -289 | H14: - | I14: -41745.9 | J14: -936.8 | K14: - | L14: - | M14: - | N14: - | O14: - | P14: -704 | Q14: -2952 | R14: -1619.3 | S14: -19450.1 | T14: -10.2 | U14: - | V14: - | W14: - | X14: - | Y14: -337.1 | Z14: -10.5 | AA14: -0.5 | AB14: 0 | AC14: - | AD14: - | AE14: - | AF14: -152.6 | AG14: -56.2 | AH14: - | AI14: - | AJ14: -282 | AK14: - | AL14: - | AM14: - | AN14: - | AO14: - | AP14: - | AQ14: - | AR14: -53.4 | AS14: -27.8 | AT14: -59.9 | AU14: -864.2 | AV14: -35.8 | AW14: -38.3 | AX14: - | AY14: - | AZ14: -408.6 | BA14: - | BB14: -34119.1 | BC14: -826.3 | BD14: - | BE14: -4110.4 | BF14: - | BG14: -97.4 | BH14: -670.9 | BI14: -750.8 | BJ14: 45013.4 | BK14: - | BL14: -65785.2 | BM14: -14062.6
C15: 발전전용_사업 | D15: 소계 | E15: 소계 | F15: -189.2 | G15: -289 | H15: - | I15: -41723.4 | J15: -936.8 | K15: - | L15: - | M15: - | N15: - | O15: - | P15: - | Q15: - | R15: -506.4 | S15: -18621 | T15: - | U15: - | V15: - | W15: - | X15: - | Y15: - | Z15: -10.5 | AA15: -0.5 | AB15: 0 | AC15: - | AD15: - | AE15: - | AF15: -152.6 | AG15: -56.2 | AH15: - | AI15: - | AJ15: -282 | AK15: - | AL15: - | AM15: - | AN15: - | AO15: - | AP15: - | AQ15: - | AR15: -51.8 | AS15: -27.7 | AT15: -59.9 | AU15: -864.2 | AV15: -30.8 | AW15: -38.3 | AX15: - | AY15: - | AZ15: -408.6 | BA15: - | BB15: -34119.1 | BC15: -825.9 | BD15: - | BE15: -3538.1 | BF15: - | BG15: -97.4 | BH15: -668.7 | BI15: -742.4 | BJ15: 42429.9 | BK15: - | BL15: -61811 | BM15: -8366.7
C16: 발전전용_자가 | D16: 소계 | E16: 소계 | F16: - | G16: - | H16: - | I16: -22.5 | J16: - | K16: - | L16: - | M16: - | N16: - | O16: - | P16: -704 | Q16: -2952 | R16: -1112.9 | S16: -829.1 | T16: -10.2 | U16: - | V16: - | W16: - | X16: - | Y16: -337.1 | Z16: - | AA16: - | AB16: - | AC16: - | AD16: - | AE16: - | AF16: - | AG16: 0 | AH16: - | AI16: - | AJ16: - | AK16: - | AL16: - | AM16: - | AN16: - | AO16: - | AP16: - | AQ16: - | AR16: -1.5 | AS16: 0 | AT16: - | AU16: - | AV16: -5 | AW16: - | AX16: - | AY16: - | AZ16: - | BA16: - | BB16: - | BC16: -0.5 | BD16: - | BE16: -572.3 | BF16: - | BG16: - | BH16: -2.2 | BI16: -8.4 | BJ16: 2583.5 | BK16: - | BL16: -3974.2 | BM16: -5695.9
B17: 열병합 | C17: 소계 | D17: 소계 | E17: 소계 | F17: - | G17: - | H17: - | I17: -3871.6 | J17: - | K17: - | L17: - | M17: - | N17: - | O17: - | P17: - | Q17: - | R17: - | S17: -8156.3 | T17: -646.7 | U17: - | V17: - | W17: - | X17: - | Y17: -629.8 | Z17: -72.3 | AA17: - | AB17: - | AC17: - | AD17: - | AE17: - | AF17: -4.8 | AG17: 0 | AH17: - | AI17: - | AJ17: -155.7 | AK17: - | AL17: - | AM17: - | AN17: - | AO17: - | AP17: -349.6 | AQ17: -502.5 | AR17: -25.3 | AS17: -83.3 | AT17: -242.6 | AU17: -959.4 | AV17: -1.8 | AW17: - | AX17: - | AY17: - | AZ17: - | BA17: - | BB17: - | BC17: - | BD17: - | BE17: - | BF17: - | BG17: - | BH17: - | BI17: - | BJ17: 5456.6 | BK17: 6788.7 | BL17: -3456.4 | BM17: -1942.2
C18: 열병합_사업 | D18: 소계 | E18: 소계 | F18: - | G18: - | H18: - | I18: - | J18: - | K18: - | L18: - | M18: - | N18: - | O18: - | P18: - | Q18: - | R18: - | S18: -7447.8 | T18: -435.7 | U18: - | V18: - | W18: - | X18: - | Y18: - | Z18: -10.2 | AA18: - | AB18: - | AC18: - | AD18: - | AE18: - | AF18: -0.5 | AG18: 0 | AH18: - | AI18: - | AJ18: -54 | AK18: - | AL18: - | AM18: - | AN18: - | AO18: - | AP18: - | AQ18: - | AR18: -22.5 | AS18: -63.7 | AT18: -3.8 | AU18: -60.5 | AV18: -0.3 | AW18: - | AX18: - | AY18: - | AZ18: - | BA18: - | BB18: - | BC18: - | BD18: - | BE18: - | BF18: - | BG18: - | BH18: - | BI18: - | BJ18: 3452.8 | BK18: 3064.9 | BL18: -1581.3 | BM18: -150.8
C19: 열병합_자가 | D19: 소계 | E19: 소계 | F19: - | G19: - | H19: - | I19: -3871.6 | J19: - | K19: - | L19: - | M19: - | N19: - | O19: - | P19: - | Q19: - | R19: - | S19: -708.5 | T19: -211 | U19: - | V19: - | W19: - | X19: - | Y19: -629.8 | Z19: -62.1 | AA19: - | AB19: - | AC19: - | AD19: - | AE19: - | AF19: -4.3 | AG19: - | AH19: - | AI19: - | AJ19: -101.7 | AK19: - | AL19: - | AM19: - | AN19: - | AO19: - | AP19: -349.6 | AQ19: -502.5 | AR19: -2.8 | AS19: -19.6 | AT19: -238.8 | AU19: -898.9 | AV19: -1.5 | AW19: - | AX19: - | AY19: - | AZ19: - | BA19: - | BB19: - | BC19: - | BD19: - | BE19: - | BF19: - | BG19: - | BH19: - | BI19: - | BJ19: 2003.8 | BK19: 3723.8 | BL19: -1875.1 | BM19: -1791.4
B20: 열전용 | C20: 소계 | D20: 소계 | E20: 소계 | F20: - | G20: - | H20: - | I20: - | J20: - | K20: - | L20: - | M20: - | N20: - | O20: - | P20: - | Q20: - | R20: - | S20: -23.3 | T20: -148.9 | U20: - | V20: - | W20: - | X20: - | Y20: - | Z20: -65.6 | AA20: - | AB20: - | AC20: - | AD20: - | AE20: - | AF20: -1.5 | AG20: -0.5 | AH20: - | AI20: - | AJ20: -154.6 | AK20: - | AL20: - | AM20: - | AN20: - | AO20: - | AP20: - | AQ20: -9.5 | AR20: -148.1 | AS20: - | AT20: -35.9 | AU20: -33.8 | AV20: -3.2 | AW20: -17.3 | AX20: - | AY20: - | AZ20: - | BA20: - | BB20: - | BC20: - | BD20: - | BE20: - | BF20: - | BG20: - | BH20: - | BI20: - | BJ20: - | BK20: 372.9 | BL20: -269 | BM20: -238.2
C21: 열전용_사업 | D21: 소계 | E21: 소계 | F21: - | G21: - | H21: - | I21: - | J21: - | K21: - | L21: - | M21: - | N21: - | O21: - | P21: - | Q21: - | R21: - | S21: -23.3 | T21: -146.2 | U21: - | V21: - | W21: - | X21: - | Y21: - | Z21: -60 | AA21: - | AB21: - | AC21: - | AD21: - | AE21: - | AF21: -1.5 | AG21: - | AH21: - | AI21: - | AJ21: -153.1 | AK21: - | AL21: - | AM21: - | AN21: - | AO21: - | AP21: - | AQ21: - | AR21: - | AS21: - | AT21: - | AU21: - | AV21: -3.2 | AW21: -17.3 | AX21: - | AY21: - | AZ21: - | BA21: - | BB21: - | BC21: - | BD21: - | BE21: - | BF21: - | BG21: - | BH21: - | BI21: - | BJ21: - | BK21: 218 | BL21: -186.5 | BM21: -20.4
C22: 열전용_자가 | D22: 소계 | E22: 소계 | F22: - | G22: - | H22: - | I22: - | J22: - | K22: - | L22: - | M22: - | N22: - | O22: - | P22: - | Q22: - | R22: - | S22: - | T22: -2.7 | U22: - | V22: - | W22: - | X22: - | Y22: - | Z22: -5.6 | AA22: - | AB22: - | AC22: - | AD22: - | AE22: - | AF22: - | AG22: -0.5 | AH22: - | AI22: - | AJ22: -1.4 | AK22: - | AL22: - | AM22: - | AN22: - | AO22: - | AP22: - | AQ22: -9.5 | AR22: -148.1 | AS22: - | AT22: -35.9 | AU22: -33.8 | AV22: - | AW22: - | AX22: - | AY22: - | AZ22: - | BA22: - | BB22: - | BC22: - | BD22: - | BE22: - | BF22: - | BG22: - | BH22: - | BI22: - | BJ22: - | BK22: 154.9 | BL22: -82.5 | BM22: -217.7
B23: 화학반응열 | C23: 소계 | D23: 소계 | E23: 소계 | F23: - | G23: - | H23: - | I23: - | J23: - | K23: - | L23: - | M23: - | N23: - | O23: - | P23: - | Q23: - | R23: - | S23: - | T23: - | U23: - | V23: - | W23: - | X23: - | Y23: - | Z23: - | AA23: - | AB23: - | AC23: - | AD23: - | AE23: - | AF23: - | AG23: - | AH23: - | AI23: - | AJ23: - | AK23: - | AL23: - | AM23: - | AN23: - | AO23: - | AP23: - | AQ23: - | AR23: - | AS23: - | AT23: - | AU23: - | AV23: - | AW23: - | AX23: - | AY23: - | AZ23: - | BA23: - | BB23: - | BC23: - | BD23: - | BE23: - | BF23: - | BG23: - | BH23: - | BI23: - | BJ23: 14.6 | BK23: -38.8 | BL23: -24.3 | BM23: -
B24: 코크스로 | C24: 소계 | D24: 소계 | E24: 소계 | F24: - | G24: - | H24: -16286.9 | I24: - | J24: - | K24: - | L24: - | M24: - | N24: 10870.2 | O24: 524.6 | P24: 3410.2 | Q24: - | R24: - | S24: - | T24: - | U24: - | V24: - | W24: - | X24: - | Y24: - | Z24: - | AA24: - | AB24: - | AC24: - | AD24: - | AE24: - | AF24: - | AG24: - | AH24: - | AI24: - | AJ24: - | AK24: - | AL24: - | AM24: - | AN24: - | AO24: - | AP24: - | AQ24: - | AR24: - | AS24: - | AT24: - | AU24: - | AV24: - | AW24: - | AX24: - | AY24: - | AZ24: - | BA24: - | BB24: - | BC24: - | BD24: - | BE24: - | BF24: - | BG24: - | BH24: - | BI24: - | BJ24: - | BK24: - | BL24: -1482 | BM24: -
B25: 고로 | C25: 소계 | D25: 소계 | E25: 소계 | F25: - | G25: - | H25: -980 | I25: -4686.8 | J25: - | K25: - | L25: - | M25: - | N25: -10191.6 | O25: - | P25: - | Q25: 5234 | R25: 1299.8 | S25: - | T25: - | U25: - | V25: - | W25: - | X25: - | Y25: - | Z25: - | AA25: - | AB25: - | AC25: - | AD25: - | AE25: - | AF25: - | AG25: - | AH25: - | AI25: - | AJ25: - | AK25: - | AL25: - | AM25: - | AN25: - | AO25: - | AP25: - | AQ25: - | AR25: - | AS25: - | AT25: - | AU25: - | AV25: - | AW25: - | AX25: - | AY25: - | AZ25: - | BA25: - | BB25: - | BC25: - | BD25: - | BE25: - | BF25: - | BG25: - | BH25: - | BI25: - | BJ25: - | BK25: - | BL25: -9324.6 | BM25: -
B26: 연탄제조 | C26: 소계 | D26: 소계 | E26: 소계 | F26: -232.4 | G26: -8.6 | H26: - | I26: - | J26: - | K26: - | L26: - | M26: 233.8 | N26: - | O26: - | P26: - | Q26: - | R26: - | S26: - | T26: - | U26: - | V26: - | W26: - | X26: - | Y26: - | Z26: - | AA26: - | AB26: - | AC26: - | AD26: - | AE26: - | AF26: - | AG26: - | AH26: - | AI26: - | AJ26: - | AK26: - | AL26: - | AM26: - | AN26: - | AO26: - | AP26: - | AQ26: - | AR26: - | AS26: - | AT26: - | AU26: - | AV26: - | AW26: - | AX26: - | AY26: - | AZ26: - | BA26: - | BB26: - | BC26: - | BD26: - | BE26: - | BF26: - | BG26: - | BH26: - | BI26: - | BJ26: - | BK26: - | BL26: -7.2 | BM26: -
B27: 석유정제 | C27: 소계 | D27: 소계 | E27: 소계 | F27: - | G27: - | H27: - | I27: - | J27: - | K27: - | L27: - | M27: - | N27: - | O27: - | P27: - | Q27: - | R27: - | S27: - | T27: - | U27: -143779.9 | V27: -35730.1 | W27: 0.2 | X27: 151.7 | Y27: 3771.5 | Z27: 1262.2 | AA27: 2195.2 | AB27: 18799.7 | AC27: - | AD27: - | AE27: 15607.6 | AF27: 6189.6 | AG27: 50498.1 | AH27: 241.3 | AI27: 12.9 | AJ27: 11914.2 | AK27: 36322.5 | AL27: 808 | AM27: 3460 | AN27: 4145.3 | AO27: 22.5 | AP27: 556 | AQ27: 4321 | AR27: - | AS27: - | AT27: - | AU27: - | AV27: - | AW27: - | AX27: - | AY27: - | AZ27: - | BA27: - | BB27: - | BC27: - | BD27: - | BE27: - | BF27: - | BG27: - | BH27: - | BI27: - | BJ27: - | BK27: - | BL27: -19230.5 | BM27: -
B28: 석유화학 | C28: 소계 | D28: 소계 | E28: 소계 | F28: - | G28: - | H28: - | I28: - | J28: - | K28: - | L28: - | M28: - | N28: - | O28: - | P28: - | Q28: - | R28: - | S28: - | T28: - | U28: - | V28: 15446.4 | W28: - | X28: -146.2 | Y28: -21.8 | Z28: -870.1 | AA28: -161.1 | AB28: - | AC28: - | AD28: - | AE28: - | AF28: - | AG28: - | AH28: - | AI28: - | AJ28: - | AK28: -8756.9 | AL28: - | AM28: - | AN28: - | AO28: - | AP28: - | AQ28: - | AR28: - | AS28: - | AT28: - | AU28: - | AV28: - | AW28: - | AX28: - | AY28: - | AZ28: - | BA28: - | BB28: - | BC28: - | BD28: - | BE28: - | BF28: - | BG28: - | BH28: - | BI28: - | BJ28: - | BK28: - | BL28: 5490.1 | BM28: -
B29: 가스제조 | C29: 소계 | D29: 소계 | E29: 소계 | F29: - | G29: - | H29: - | I29: - | J29: - | K29: - | L29: - | M29: - | N29: - | O29: - | P29: - | Q29: - | R29: - | S29: -23567.1 | T29: 23591.8 | U29: - | V29: - | W29: - | X29: - | Y29: - | Z29: -24.7 | AA29: - | AB29: - | AC29: - | AD29: - | AE29: - | AF29: - | AG29: - | AH29: - | AI29: - | AJ29: - | AK29: - | AL29: - | AM29: - | AN29: - | AO29: - | AP29: - | AQ29: - | AR29: - | AS29: - | AT29: - | AU29: - | AV29: - | AW29: - | AX29: - | AY29: - | AZ29: - | BA29: - | BB29: - | BC29: - | BD29: - | BE29: - | BF29: - | BG29: - | BH29: - | BI29: - | BJ29: - | BK29: - | BL29: 0 | BM29: -
B30: 석탄합성가스제조 | C30: 소계 | D30: 소계 | E30: 소계 | F30: - | G30: - | H30: - | I30: -385.9 | J30: - | K30: - | L30: - | M30: - | N30: - | O30: - | P30: - | Q30: - | R30: 506.4 | S30: - | T30: - | U30: - | V30: - | W30: - | X30: - | Y30: - | Z30: - | AA30: - | AB30: - | AC30: - | AD30: - | AE30: - | AF30: - | AG30: - | AH30: - | AI30: - | AJ30: - | AK30: - | AL30: - | AM30: - | AN30: - | AO30: - | AP30: - | AQ30: - | AR30: - | AS30: - | AT30: - | AU30: - | AV30: - | AW30: - | AX30: - | AY30: - | AZ30: - | BA30: - | BB30: - | BC30: - | BD30: - | BE30: - | BF30: - | BG30: - | BH30: - | BI30: - | BJ30: - | BK30: - | BL30: 120.5 | BM30: 1012.8
B31: 기타전환 | C31: 소계 | D31: 소계 | E31: 소계 | F31: - | G31: - | H31: - | I31: - | J31: - | K31: - | L31: - | M31: - | N31: - | O31: - | P31: - | Q31: - | R31: - | S31: - | T31: -303.1 | U31: - | V31: - | W31: - | X31: - | Y31: - | Z31: - | AA31: - | AB31: - | AC31: - | AD31: - | AE31: - | AF31: - | AG31: - | AH31: - | AI31: - | AJ31: - | AK31: - | AL31: - | AM31: - | AN31: - | AO31: - | AP31: - | AQ31: - | AR31: - | AS31: - | AT31: - | AU31: - | AV31: - | AW31: - | AX31: - | AY31: - | AZ31: - | BA31: - | BB31: - | BC31: - | BD31: - | BE31: - | BF31: - | BG31: - | BH31: - | BI31: 750.8 | BJ31: - | BK31: - | BL31: 447.8 | BM31: 750.8
A32: 에너지산업자체소비 | B32: 소계 | C32: 소계 | D32: 소계 | E32: 소계 | F32: - | G32: - | H32: - | I32: - | J32: - | K32: - | L32: - | M32: - | N32: - | O32: - | P32: -917.3 | Q32: -2237.9 | R32: -38.1 | S32: -1213.9 | T32: -467.9 | U32: - | V32: -2 | W32: - | X32: - | Y32: -2660.6 | Z32: -284 | AA32: -12.2 | AB32: -0.3 | AC32: - | AD32: - | AE32: - | AF32: -2.3 | AG32: -26.3 | AH32: -0.1 | AI32: - | AJ32: -262.2 | AK32: - | AL32: - | AM32: - | AN32: - | AO32: - | AP32: - | AQ32: - | AR32: - | AS32: - | AT32: - | AU32: - | AV32: - | AW32: - | AX32: - | AY32: - | AZ32: - | BA32: - | BB32: - | BC32: - | BD32: - | BE32: - | BF32: - | BG32: - | BH32: - | BI32: - | BJ32: -3136.1 | BK32: -173.4 | BL32: -11434.7 | BM32: -5853.9
B33: 석탄광업 | C33: 소계 | D33: 소계 | E33: 소계 | F33: - | G33: - | H33: - | I33: - | J33: - | K33: - | L33: - | M33: - | N33: - | O33: - | P33: - | Q33: - | R33: - | S33: - | T33: - | U33: - | V33: - | W33: - | X33: - | Y33: - | Z33: - | AA33: - | AB33: -0.1 | AC33: - | AD33: - | AE33: - | AF33: -0.3 | AG33: -16.4 | AH33: - | AI33: - | AJ33: -0.2 | AK33: - | AL33: - | AM33: - | AN33: - | AO33: - | AP33: - | AQ33: - | AR33: - | AS33: - | AT33: - | AU33: - | AV33: - | AW33: - | AX33: - | AY33: - | AZ33: - | BA33: - | BB33: - | BC33: - | BD33: - | BE33: - | BF33: - | BG33: - | BH33: - | BI33: - | BJ33: - | BK33: - | BL33: -17 | BM33: -
B34: 원유및천연가스채굴 | C34: 소계 | D34: 소계 | E34: 소계 | F34: - | G34: - | H34: - | I34: - | J34: - | K34: - | L34: - | M34: - | N34: - | O34: - | P34: - | Q34: - | R34: - | S34: - | T34: - | U34: - | V34: - | W34: - | X34: - | Y34: - | Z34: -3.7 | AA34: 0 | AB34: - | AC34: - | AD34: - | AE34: - | AF34: - | AG34: - | AH34: - | AI34: - | AJ34: - | AK34: - | AL34: - | AM34: - | AN34: - | AO34: - | AP34: - | AQ34: - | AR34: - | AS34: - | AT34: - | AU34: - | AV34: - | AW34: - | AX34: - | AY34: - | AZ34: - | BA34: - | BB34: - | BC34: - | BD34: - | BE34: - | BF34: - | BG34: - | BH34: - | BI34: - | BJ34: - | BK34: - | BL34: -3.7 | BM34: -
B35: 발전및열생산_자체소비 | C35: 소계 | D35: 소계 | E35: 소계 | F35: - | G35: - | H35: - | I35: - | J35: - | K35: - | L35: - | M35: - | N35: - | O35: - | P35: - | Q35: - | R35: - | S35: - | T35: - | U35: - | V35: - | W35: - | X35: - | Y35: - | Z35: - | AA35: - | AB35: - | AC35: - | AD35: - | AE35: - | AF35: - | AG35: - | AH35: - | AI35: - | AJ35: - | AK35: - | AL35: - | AM35: - | AN35: - | AO35: - | AP35: - | AQ35: - | AR35: - | AS35: - | AT35: - | AU35: - | AV35: - | AW35: - | AX35: - | AY35: - | AZ35: - | BA35: - | BB35: - | BC35: - | BD35: - | BE35: - | BF35: - | BG35: - | BH35: - | BI35: - | BJ35: -1817.6 | BK35: - | BL35: -1817.6 | BM35: -
B36: 양수투입 | C36: 소계 | D36: 소계 | E36: 소계 | F36: - | G36: - | H36: - | I36: - | J36: - | K36: - | L36: - | M36: - | N36: - | O36: - | P36: - | Q36: - | R36: - | S36: - | T36: - | U36: - | V36: - | W36: - | X36: - | Y36: - | Z36: - | AA36: - | AB36: - | AC36: - | AD36: - | AE36: - | AF36: - | AG36: - | AH36: - | AI36: - | AJ36: - | AK36: - | AL36: - | AM36: - | AN36: - | AO36: - | AP36: - | AQ36: - | AR36: - | AS36: - | AT36: - | AU36: - | AV36: - | AW36: - | AX36: - | AY36: - | AZ36: - | BA36: - | BB36: - | BC36: - | BD36: - | BE36: - | BF36: - | BG36: - | BH36: - | BI36: - | BJ36: -92.9 | BK36: - | BL36: -92.9 | BM36: -
B37: 코크스로_자체소비 | C37: 소계 | D37: 소계 | E37: 소계 | F37: - | G37: - | H37: - | I37: - | J37: - | K37: - | L37: - | M37: - | N37: - | O37: - | P37: -318.5 | Q37: -1083.7 | R37: -17.7 | S37: - | T37: - | U37: - | V37: - | W37: - | X37: - | Y37: - | Z37: - | AA37: - | AB37: - | AC37: - | AD37: - | AE37: - | AF37: - | AG37: - | AH37: - | AI37: - | AJ37: - | AK37: - | AL37: - | AM37: - | AN37: - | AO37: - | AP37: - | AQ37: - | AR37: - | AS37: - | AT37: - | AU37: - | AV37: - | AW37: - | AX37: - | AY37: - | AZ37: - | BA37: - | BB37: - | BC37: - | BD37: - | BE37: - | BF37: - | BG37: - | BH37: - | BI37: - | BJ37: - | BK37: - | BL37: -1419.9 | BM37: -1419.9
B38: 고로_자체소비 | C38: 소계 | D38: 소계 | E38: 소계 | F38: - | G38: - | H38: - | I38: - | J38: - | K38: - | L38: - | M38: - | N38: - | O38: - | P38: -598.9 | Q38: -1154.2 | R38: -20.4 | S38: - | T38: - | U38: - | V38: - | W38: - | X38: - | Y38: - | Z38: - | AA38: - | AB38: - | AC38: - | AD38: - | AE38: - | AF38: - | AG38: - | AH38: - | AI38: - | AJ38: - | AK38: - | AL38: - | AM38: - | AN38: - | AO38: - | AP38: - | AQ38: - | AR38: - | AS38: - | AT38: - | AU38: - | AV38: - | AW38: - | AX38: - | AY38: - | AZ38: - | BA38: - | BB38: - | BC38: - | BD38: - | BE38: - | BF38: - | BG38: - | BH38: - | BI38: - | BJ38: - | BK38: - | BL38: -1773.4 | BM38: -1773.4
B39: 연탄제조_자체소비 | C39: 소계 | D39: 소계 | E39: 소계 | F39: - | G39: - | H39: - | I39: - | J39: - | K39: - | L39: - | M39: - | N39: - | O39: - | P39: - | Q39: - | R39: - | S39: - | T39: - | U39: - | V39: - | W39: - | X39: - | Y39: - | Z39: - | AA39: - | AB39: - | AC39: - | AD39: - | AE39: - | AF39: - | AG39: - | AH39: - | AI39: - | AJ39: - | AK39: - | AL39: - | AM39: - | AN39: - | AO39: - | AP39: - | AQ39: - | AR39: - | AS39: - | AT39: - | AU39: - | AV39: - | AW39: - | AX39: - | AY39: - | AZ39: - | BA39: - | BB39: - | BC39: - | BD39: - | BE39: - | BF39: - | BG39: - | BH39: - | BI39: - | BJ39: - | BK39: - | BL39: - | BM39: -
B40: 석유정제_자체소비 | C40: 소계 | D40: 소계 | E40: 소계 | F40: - | G40: - | H40: - | I40: - | J40: - | K40: - | L40: - | M40: - | N40: - | O40: - | P40: - | Q40: - | R40: - | S40: -1135.1 | T40: -467.9 | U40: - | V40: -2 | W40: - | X40: - | Y40: -2650.5 | Z40: -139.3 | AA40: -0.1 | AB40: -0.2 | AC40: - | AD40: - | AE40: - | AF40: -0.5 | AG40: -1.8 | AH40: -0.1 | AI40: - | AJ40: -252.8 | AK40: - | AL40: - | AM40: - | AN40: - | AO40: - | AP40: - | AQ40: - | AR40: - | AS40: - | AT40: - | AU40: - | AV40: - | AW40: - | AX40: - | AY40: - | AZ40: - | BA40: - | BB40: - | BC40: - | BD40: - | BE40: - | BF40: - | BG40: - | BH40: - | BI40: - | BJ40: -1219 | BK40: -173.4 | BL40: -6042.8 | BM40: -2650.5
B41: 가스제조_자체소비 | C41: 소계 | D41: 소계 | E41: 소계 | F41: - | G41: - | H41: - | I41: - | J41: - | K41: - | L41: - | M41: - | N41: - | O41: - | P41: - | Q41: - | R41: - | S41: -78.8 | T41: - | U41: - | V41: - | W41: - | X41: - | Y41: -10.1 | Z41: -68.5 | AA41: -7.7 | AB41: 0 | AC41: - | AD41: - | AE41: - | AF41: - | AG41: -4.5 | AH41: - | AI41: - | AJ41: - | AK41: - | AL41: - | AM41: - | AN41: - | AO41: - | AP41: - | AQ41: - | AR41: - | AS41: - | AT41: - | AU41: - | AV41: - | AW41: - | AX41: - | AY41: - | AZ41: - | BA41: - | BB41: - | BC41: - | BD41: - | BE41: - | BF41: - | BG41: - | BH41: - | BI41: - | BJ41: - | BK41: - | BL41: -169.6 | BM41: -10.1
B42: 석탄합성가스제조_자체소비 | C42: 소계 | D42: 소계 | E42: 소계 | F42: - | G42: - | H42: - | I42: - | J42: - | K42: - | L42: - | M42: - | N42: - | O42: - | P42: - | Q42: - | R42: - | S42: - | T42: - | U42: - | V42: - | W42: - | X42: - | Y42: - | Z42: - | AA42: - | AB42: - | AC42: - | AD42: - | AE42: - | AF42: - | AG42: - | AH42: - | AI42: - | AJ42: - | AK42: - | AL42: - | AM42: - | AN42: - | AO42: - | AP42: - | AQ42: - | AR42: - | AS42: - | AT42: - | AU42: - | AV42: - | AW42: - | AX42: - | AY42: - | AZ42: - | BA42: - | BB42: - | BC42: - | BD42: - | BE42: - | BF42: - | BG42: - | BH42: - | BI42: - | BJ42: - | BK42: - | BL42: - | BM42: -
B43: 기타전환_자체소비 | C43: 소계 | D43: 소계 | E43: 소계 | F43: - | G43: - | H43: - | I43: - | J43: - | K43: - | L43: - | M43: - | N43: - | O43: - | P43: - | Q43: - | R43: - | S43: - | T43: - | U43: - | V43: - | W43: - | X43: - | Y43: - | Z43: -72.5 | AA43: -4.4 | AB43: - | AC43: - | AD43: - | AE43: - | AF43: -1.4 | AG43: -3.6 | AH43: 0 | AI43: - | AJ43: -9.3 | AK43: - | AL43: - | AM43: - | AN43: - | AO43: - | AP43: - | AQ43: - | AR43: - | AS43: - | AT43: - | AU43: - | AV43: - | AW43: - | AX43: - | AY43: - | AZ43: - | BA43: - | BB43: - | BC43: - | BD43: - | BE43: - | BF43: - | BG43: - | BH43: - | BI43: - | BJ43: -6.5 | BK43: - | BL43: -97.8 | BM43: -
A44: 손실 | B44: 소계 | C44: 소계 | D44: 소계 | E44: 소계 | F44: - | G44: - | H44: - | I44: - | J44: - | K44: - | L44: - | M44: - | N44: - | O44: - | P44: - | Q44: - | R44: - | S44: 7.6 | T44: - | U44: - | V44: - | W44: - | X44: - | Y44: - | Z44: - | AA44: - | AB44: - | AC44: - | AD44: - | AE44: - | AF44: - | AG44: - | AH44: - | AI44: - | AJ44: - | AK44: - | AL44: - | AM44: - | AN44: - | AO44: - | AP44: - | AQ44: - | AR44: - | AS44: - | AT44: - | AU44: - | AV44: - | AW44: - | AX44: - | AY44: - | AZ44: - | BA44: - | BB44: - | BC44: - | BD44: - | BE44: - | BF44: - | BG44: - | BH44: - | BI44: - | BJ44: -1723.1 | BK44: -767.2 | BL44: -2482.7 | BM44: -
A45: 최종소비 | B45: 소계 | C45: 소계 | D45: 소계 | E45: 소계 | F45: - | G45: 2883.2 | H45: - | I45: 3298.7 | J45: - | K45: 0 | L45: 24.9 | M45: 234.1 | N45: 751.8 | O45: 524.6 | P45: 1788.9 | Q45: 44.1 | R45: 148.8 | S45: 1740.6 | T45: 22408.5 | U45: - | V45: - | W45: - | X45: - | Y45: 237 | Z45: 6727.4 | AA45: 4162 | AB45: 10053 | AC45: 2.4 | AD45: - | AE45: 1078 | AF45: 2341.5 | AG45: 22237.8 | AH45: 197.9 | AI45: 31.2 | AJ45: 750.5 | AK45: 40919.2 | AL45: 268.1 | AM45: 697.3 | AN45: 1606.3 | AO45: 19.6 | AP45: 210.8 | AQ45: 2051 | AR45: 1654.3 | AS45: 878.7 | AT45: 365.4 | AU45: 785.7 | AV45: 54.6 | AW45: 6.6 | AX45: - | AY45: 695.1 | AZ45: - | BA45: - | BB45: - | BC45: - | BD45: 241 | BE45: - | BF45: 26.4 | BG45: - | BH45: - | BI45: - | BJ45: 45625.4 | BK45: 6255.2 | BL45: 184027.4 | BM45: 6926.5
B46: 최종에너지소비 | C46: 소계 | D46: 소계 | E46: 소계 | F46: - | G46: 2883.2 | H46: - | I46: 3298.7 | J46: - | K46: 0 | L46: - | M46: 234.1 | N46: 751.8 | O46: - | P46: 1788.9 | Q46: 44.1 | R46: 148.8 | S46: 713.7 | T46: 22408.5 | U46: - | V46: - | W46: - | X46: - | Y46: 237 | Z46: 2672.7 | AA46: 3414.4 | AB46: 10053 | AC46: 2.4 | AD46: - | AE46: 1078 | AF46: 2341.5 | AG46: 22237.8 | AH46: 197.9 | AI46: 31.2 | AJ46: 750.5 | AK46: - | AL46: - | AM46: - | AN46: - | AO46: - | AP46: - | AQ46: - | AR46: 1654.3 | AS46: 878.7 | AT46: 365.4 | AU46: 785.7 | AV46: 54.6 | AW46: 6.6 | AX46: - | AY46: 695.1 | AZ46: - | BA46: - | BB46: - | BC46: - | BD46: 241 | BE46: - | BF46: 26.4 | BG46: - | BH46: - | BI46: - | BJ46: 45625.4 | BK46: 6255.2 | BL46: 131876.5 | BM46: 6926.5
C47: 산업 | D47: 소계 | E47: 소계 | F47: - | G47: 2883.2 | H47: - | I47: 3298.7 | J47: - | K47: 0 | L47: - | M47: 1 | N47: 751.8 | O47: - | P47: 1788.9 | Q47: 44.1 | R47: 148.8 | S47: 713.7 | T47: 7128.5 | U47: - | V47: - | W47: - | X47: - | Y47: 237 | Z47: 946.3 | AA47: 174.2 | AB47: 161.2 | AC47: 0 | AD47: - | AE47: 0.3 | AF47: 308.7 | AG47: 2345.3 | AH47: 96 | AI47: 22.1 | AJ47: 613.5 | AK47: - | AL47: - | AM47: - | AN47: - | AO47: - | AP47: - | AQ47: - | AR47: 1567.7 | AS47: 133.9 | AT47: 349.8 | AU47: 551.5 | AV47: 18 | AW47: 6.6 | AX47: - | AY47: - | AZ47: - | BA47: - | BB47: - | BC47: - | BD47: 35.7 | BE47: - | BF47: 1.2 | BG47: - | BH47: - | BI47: - | BJ47: 24451.7 | BK47: 3597.5 | BL47: 52376.8 | BM47: 4883.1
D48: 농림업 | E48: 소계 | F48: - | G48: - | H48: - | I48: - | J48: - | K48: - | L48: - | M48: 0.6 | N48: - | O48: - | P48: - | Q48: - | R48: - | S48: - | T48: 1 | U48: - | V48: - | W48: - | X48: - | Y48: - | Z48: 4.7 | AA48: 0.1 | AB48: 33.8 | AC48: - | AD48: - | AE48: - | AF48: 189.6 | AG48: 261.9 | AH48: 7.1 | AI48: 3 | AJ48: 2 | AK48: - | AL48: - | AM48: - | AN48: - | AO48: - | AP48: - | AQ48: - | AR48: - | AS48: 0.6 | AT48: - | AU48: 144.5 | AV48: - | AW48: - | AX48: - | AY48: - | AZ48: - | BA48: - | BB48: - | BC48: - | BD48: 30.8 | BE48: - | BF48: - | BG48: - | BH48: - | BI48: - | BJ48: 1213.5 | BK48: - | BL48: 1893.4 | BM48: 176
D49: 어업 | E49: 소계 | F49: - | G49: - | H49: - | I49: - | J49: - | K49: - | L49: - | M49: - | N49: - | O49: - | P49: - | Q49: - | R49: - | S49: - | T49: - | U49: - | V49: - | W49: - | X49: - | Y49: - | Z49: 1.2 | AA49: - | AB49: 82.7 | AC49: - | AD49: - | AE49: - | AF49: 0.2 | AG49: 936.9 | AH49: 10.1 | AI49: 8.9 | AJ49: 8.1 | AK49: - | AL49: - | AM49: - | AN49: - | AO49: - | AP49: - | AQ49: - | AR49: - | AS49: - | AT49: - | AU49: - | AV49: - | AW49: - | AX49: - | AY49: - | AZ49: - | BA49: - | BB49: - | BC49: - | BD49: - | BE49: - | BF49: - | BG49: - | BH49: - | BI49: - | BJ49: 251.6 | BK49: - | BL49: 1299.5 | BM49: -
D50: 광업(석탄광업제외) | E50: 소계 | F50: - | G50: - | H50: - | I50: - | J50: - | K50: - | L50: - | M50: - | N50: - | O50: - | P50: - | Q50: - | R50: - | S50: - | T50: - | U50: - | V50: - | W50: - | X50: - | Y50: - | Z50: 1.8 | AA50: 0 | AB50: 0 | AC50: - | AD50: - | AE50: - | AF50: 0.7 | AG50: 35.9 | AH50: 5.6 | AI50: 0 | AJ50: 2.6 | AK50: - | AL50: - | AM50: - | AN50: - | AO50: - | AP50: - | AQ50: - | AR50: - | AS50: - | AT50: - | AU50: 0.1 | AV50: - | AW50: - | AX50: - | AY50: - | AZ50: - | BA50: - | BB50: - | BC50: - | BD50: - | BE50: - | BF50: - | BG50: - | BH50: - | BI50: - | BJ50: 133.5 | BK50: - | BL50: 180.3 | BM50: 0.1
D51: 제조업 | E51: 소계 | F51: - | G51: 2883.2 | H51: - | I51: 3298.7 | J51: - | K51: - | L51: - | M51: 0.5 | N51: 751.8 | O51: - | P51: 1788.9 | Q51: 44.1 | R51: 148.8 | S51: 713.7 | T51: 7127.3 | U51: - | V51: - | W51: - | X51: - | Y51: 237 | Z51: 917.6 | AA51: 174.1 | AB51: 36 | AC51: 0 | AD51: - | AE51: 0.3 | AF51: 98.8 | AG51: 465 | AH51: 42.3 | AI51: 5.5 | AJ51: 596.7 | AK51: - | AL51: - | AM51: - | AN51: - | AO51: - | AP51: - | AQ51: - | AR51: 1567.7 | AS51: 118.3 | AT51: 349.8 | AU51: 406.7 | AV51: 18 | AW51: 6.6 | AX51: - | AY51: - | AZ51: - | BA51: - | BB51: - | BC51: - | BD51: 4.8 | BE51: - | BF51: 1.2 | BG51: - | BH51: - | BI51: - | BJ51: 22853.1 | BK51: 3597.5 | BL51: 48253.8 | BM51: 4691.8
E52: 식품및담배 | F52: - | G52: - | H52: - | I52: - | J52: - | K52: - | L52: - | M52: - | N52: - | O52: - | P52: - | Q52: - | R52: - | S52: - | T52: 838.4 | U52: - | V52: - | W52: - | X52: - | Y52: - | Z52: 21.1 | AA52: 1.2 | AB52: 0.1 | AC52: - | AD52: - | AE52: - | AF52: 9.1 | AG52: 16.2 | AH52: 1 | AI52: 0.6 | AJ52: 22.4 | AK52: - | AL52: - | AM52: - | AN52: - | AO52: - | AP52: - | AQ52: - | AR52: 35.9 | AS52: - | AT52: 3.1 | AU52: 15.9 | AV52: 8.4 | AW52: - | AX52: - | AY52: - | AZ52: - | BA52: - | BB52: - | BC52: - | BD52: - | BE52: - | BF52: - | BG52: - | BH52: - | BI52: - | BJ52: 1112.8 | BK52: 118.4 | BL52: 2204.7 | BM52: 63.3
E53: 섬유및가죽 | F53: - | G53: - | H53: - | I53: 399.4 | J53: - | K53: - | L53: - | M53: - | N53: - | O53: - | P53: - | Q53: - | R53: - | S53: - | T53: 218.6 | U53: - | V53: - | W53: - | X53: - | Y53: - | Z53: 3.7 | AA53: 0.2 | AB53: 0.1 | AC53: - | AD53: - | AE53: - | AF53: 6.3 | AG53: 3.6 | AH53: 0.5 | AI53: 1.1 | AJ53: 7.6 | AK53: - | AL53: - | AM53: - | AN53: - | AO53: - | AP53: - | AQ53: - | AR53: 28.1 | AS53: 1.9 | AT53: 19.6 | AU53: 55.1 | AV53: - | AW53: 6.6 | AX53: - | AY53: - | AZ53: - | BA53: - | BB53: - | BC53: - | BD53: - | BE53: - | BF53: - | BG53: - | BH53: - | BI53: - | BJ53: 782.6 | BK53: 219.4 | BL53: 1754.4 | BM53: 111.3
E54: 목재및나무제품 | F54: - | G54: - | H54: - | I54: - | J54: - | K54: - | L54: - | M54: - | N54: - | O54: - | P54: - | Q54: - | R54: - | S54: - | T54: 24.3 | U54: - | V54: - | W54: - | X54: - | Y54: - | Z54: 0.2 | AA54: - | AB54: 0.2 | AC54: - | AD54: - | AE54: - | AF54: 0.8 | AG54: 4 | AH54: 0.1 | AI54: 0 | AJ54: 1.2 | AK54: - | AL54: - | AM54: - | AN54: - | AO54: - | AP54: - | AQ54: - | AR54: - | AS54: - | AT54: 6.4 | AU54: 53.3 | AV54: - | AW54: - | AX54: - | AY54: - | AZ54: - | BA54: - | BB54: - | BC54: - | BD54: - | BE54: - | BF54: - | BG54: - | BH54: - | BI54: - | BJ54: 146.4 | BK54: 8.1 | BL54: 245.1 | BM54: 59.7
E55: 제지및인쇄 | F55: - | G55: - | H55: - | I55: - | J55: - | K55: - | L55: - | M55: - | N55: - | O55: - | P55: - | Q55: - | R55: - | S55: 1.2 | T55: 304.3 | U55: - | V55: - | W55: - | X55: - | Y55: - | Z55: 5.2 | AA55: - | AB55: 0.1 | AC55: - | AD55: - | AE55: - | AF55: 1.1 | AG55: 7.6 | AH55: 0.6 | AI55: 0.4 | AJ55: 10.7 | AK55: - | AL55: - | AM55: - | AN55: - | AO55: - | AP55: - | AQ55: - | AR55: 324.8 | AS55: 21.9 | AT55: 113.5 | AU55: 177.2 | AV55: 1.6 | AW55: - | AX55: - | AY55: - | AZ55: - | BA55: - | BB55: - | BC55: - | BD55: - | BE55: - | BF55: - | BG55: - | BH55: - | BI55: - | BJ55: 808.9 | BK55: 236.2 | BL55: 2015.4 | BM55: 639
E56: 화학및석유화학 | F56: - | G56: - | H56: - | I56: 708.1 | J56: - | K56: - | L56: - | M56: - | N56: - | O56: - | P56: - | Q56: - | R56: - | S56: - | T56: 1686.5 | U56: - | V56: - | W56: - | X56: - | Y56: 237 | Z56: 139.1 | AA56: 9 | AB56: 0.2 | AC56: - | AD56: - | AE56: - | AF56: 9.8 | AG56: 8 | AH56: 11.6 | AI56: 1.7 | AJ56: 152.7 | AK56: - | AL56: - | AM56: - | AN56: - | AO56: - | AP56: - | AQ56: - | AR56: 270.8 | AS56: 36.2 | AT56: 142.2 | AU56: 20.1 | AV56: 5.7 | AW56: - | AX56: - | AY56: - | AZ56: - | BA56: - | BB56: - | BC56: - | BD56: - | BE56: - | BF56: - | BG56: - | BH56: - | BI56: - | BJ56: 4905.8 | BK56: 2599.4 | BL56: 10943.8 | BM56: 712
E57: 비금속광물 | F57: - | G57: - | H57: - | I57: 2015.2 | J57: - | K57: - | L57: - | M57: - | N57: - | O57: - | P57: - | Q57: - | R57: - | S57: - | T57: 530.6 | U57: - | V57: - | W57: - | X57: - | Y57: - | Z57: 15 | AA57: 0 | AB57: 0.1 | AC57: - | AD57: - | AE57: - | AF57: 0.9 | AG57: 130.6 | AH57: 2.6 | AI57: 0.6 | AJ57: 258.5 | AK57: - | AL57: - | AM57: - | AN57: - | AO57: - | AP57: - | AQ57: - | AR57: 730.1 | AS57: - | AT57: - | AU57: 1.8 | AV57: - | AW57: - | AX57: - | AY57: - | AZ57: - | BA57: - | BB57: - | BC57: - | BD57: - | BE57: - | BF57: - | BG57: - | BH57: - | BI57: - | BJ57: 959.3 | BK57: 0.5 | BL57: 4645.8 | BM57: 731.9
E58: 철강 | F58: - | G58: 746.7 | H58: - | I58: - | J58: - | K58: - | L58: - | M58: - | N58: 751.8 | O58: - | P58: 1788.9 | Q58: 44.1 | R58: 148.8 | S58: 437.3 | T58: 1029.9 | U58: - | V58: - | W58: - | X58: - | Y58: - | Z58: 60.2 | AA58: 3.6 | AB58: - | AC58: - | AD58: - | AE58: - | AF58: 0.4 | AG58: 4.6 | AH58: 0.1 | AI58: 0 | AJ58: 0.7 | AK58: - | AL58: - | AM58: - | AN58: - | AO58: - | AP58: - | AQ58: - | AR58: 7.6 | AS58: - | AT58: - | AU58: 3.8 | AV58: - | AW58: - | AX58: - | AY58: - | AZ58: - | BA58: - | BB58: - | BC58: - | BD58: - | BE58: - | BF58: - | BG58: - | BH58: - | BI58: - | BJ58: 4038.5 | BK58: 5.8 | BL58: 9072.8 | BM58: 1993.1
E59: 비철금속 | F59: - | G59: 204.4 | H59: - | I59: 176 | J59: - | K59: - | L59: - | M59: - | N59: - | O59: - | P59: - | Q59: - | R59: - | S59: - | T59: 461.1 | U59: - | V59: - | W59: - | X59: - | Y59: - | Z59: 12.2 | AA59: 0.1 | AB59: - | AC59: - | AD59: - | AE59: - | AF59: 0.1 | AG59: 3.2 | AH59: 0.1 | AI59: 0 | AJ59: 24.4 | AK59: - | AL59: - | AM59: - | AN59: - | AO59: - | AP59: - | AQ59: - | AR59: - | AS59: - | AT59: - | AU59: - | AV59: - | AW59: - | AX59: - | AY59: - | AZ59: - | BA59: - | BB59: - | BC59: - | BD59: - | BE59: - | BF59: - | BG59: - | BH59: - | BI59: - | BJ59: 898.1 | BK59: 76.6 | BL59: 1856.4 | BM59: -
E60: 기계류 | F60: - | G60: - | H60: - | I60: - | J60: - | K60: - | L60: - | M60: - | N60: - | O60: - | P60: - | Q60: - | R60: - | S60: - | T60: 1287.7 | U60: - | V60: - | W60: - | X60: - | Y60: - | Z60: 23.3 | AA60: 0.6 | AB60: 0.4 | AC60: - | AD60: - | AE60: - | AF60: 8.5 | AG60: 41.9 | AH60: 1.2 | AI60: 0.1 | AJ60: 2.8 | AK60: - | AL60: - | AM60: - | AN60: - | AO60: - | AP60: - | AQ60: - | AR60: 5.6 | AS60: - | AT60: 4.2 | AU60: 44.6 | AV60: - | AW60: - | AX60: - | AY60: - | AZ60: - | BA60: - | BB60: - | BC60: - | BD60: - | BE60: - | BF60: - | BG60: - | BH60: - | BI60: - | BJ60: 7132.7 | BK60: 292.6 | BL60: 8846 | BM60: 54.4
E61: 수송장비 | F61: - | G61: - | H61: - | I61: - | J61: - | K61: - | L61: - | M61: - | N61: - | O61: - | P61: - | Q61: - | R61: - | S61: 46.4 | T61: 635 | U61: - | V61: - | W61: - | X61: - | Y61: - | Z61: 22.4 | AA61: 1.9 | AB61: 30.1 | AC61: 0 | AD61: - | AE61: 0 | AF61: 0.6 | AG61: 92.3 | AH61: 21.7 | AI61: 0.1 | AJ61: 50.9 | AK61: - | AL61: - | AM61: - | AN61: - | AO61: - | AP61: - | AQ61: - | AR61: 4.7 | AS61: - | AT61: 12.2 | AU61: 0.2 | AV61: - | AW61: - | AX61: - | AY61: - | AZ61: - | BA61: - | BB61: - | BC61: - | BD61: - | BE61: - | BF61: - | BG61: - | BH61: - | BI61: - | BJ61: 1778.2 | BK61: 40.6 | BL61: 2737.1 | BM61: 17.1
E62: 기타제조 | F62: - | G62: 1932 | H62: - | I62: - | J62: - | K62: - | L62: - | M62: 0.5 | N62: - | O62: - | P62: - | Q62: - | R62: - | S62: 228.9 | T62: 111.1 | U62: - | V62: - | W62: - | X62: - | Y62: - | Z62: 615.1 | AA62: 157.4 | AB62: 4.6 | AC62: - | AD62: - | AE62: 0.2 | AF62: 61.3 | AG62: 153 | AH62: 2.7 | AI62: 0.9 | AJ62: 64.8 | AK62: - | AL62: - | AM62: - | AN62: - | AO62: - | AP62: - | AQ62: - | AR62: 160.2 | AS62: 58.3 | AT62: 48.6 | AU62: 34.7 | AV62: 2.3 | AW62: - | AX62: - | AY62: - | AZ62: - | BA62: - | BB62: - | BC62: - | BD62: 4.8 | BE62: - | BF62: 1.2 | BG62: - | BH62: - | BI62: - | BJ62: 289.8 | BK62: 0 | BL62: 3932.3 | BM62: 310.1
D63: 건설업 | E63: 소계 | F63: - | G63: - | H63: - | I63: - | J63: - | K63: 0 | L63: - | M63: - | N63: - | O63: - | P63: - | Q63: - | R63: - | S63: - | T63: 0.1 | U63: - | V63: - | W63: - | X63: - | Y63: - | Z63: 21.1 | AA63: - | AB63: 8.7 | AC63: - | AD63: - | AE63: - | AF63: 19.3 | AG63: 645.6 | AH63: 31 | AI63: 4.7 | AJ63: 4.1 | AK63: - | AL63: - | AM63: - | AN63: - | AO63: - | AP63: - | AQ63: - | AR63: 0 | AS63: 15 | AT63: - | AU63: 0.2 | AV63: 0 | AW63: - | AX63: - | AY63: - | AZ63: - | BA63: - | BB63: - | BC63: - | BD63: - | BE63: - | BF63: - | BG63: - | BH63: - | BI63: - | BJ63: - | BK63: - | BL63: 749.8 | BM63: 15.2
C64: 수송 | D64: 소계 | E64: 소계 | F64: - | G64: - | H64: - | I64: - | J64: - | K64: - | L64: - | M64: - | N64: - | O64: - | P64: - | Q64: - | R64: - | S64: - | T64: 1098.6 | U64: - | V64: - | W64: - | X64: - | Y64: - | Z64: 1.7 | AA64: 3138.6 | AB64: 9857.4 | AC64: 0.7 | AD64: - | AE64: 621 | AF64: 7 | AG64: 18864.2 | AH64: 87.1 | AI64: 6.1 | AJ64: 82.6 | AK64: - | AL64: - | AM64: - | AN64: - | AO64: - | AP64: - | AQ64: - | AR64: - | AS64: - | AT64: - | AU64: - | AV64: - | AW64: - | AX64: - | AY64: 695.1 | AZ64: - | BA64: - | BB64: - | BC64: - | BD64: - | BE64: - | BF64: - | BG64: - | BH64: - | BI64: - | BJ64: 285.1 | BK64: - | BL64: 34745.1 | BM64: 695.1
D65: 철도 | E65: 소계 | F65: - | G65: - | H65: - | I65: - | J65: - | K65: - | L65: - | M65: - | N65: - | O65: - | P65: - | Q65: - | R65: - | S65: - | T65: - | U65: - | V65: - | W65: - | X65: - | Y65: - | Z65: 0 | AA65: - | AB65: - | AC65: - | AD65: - | AE65: - | AF65: 0 | AG65: 84.1 | AH65: - | AI65: - | AJ65: - | AK65: - | AL65: - | AM65: - | AN65: - | AO65: - | AP65: - | AQ65: - | AR65: - | AS65: - | AT65: - | AU65: - | AV65: - | AW65: - | AX65: - | AY65: - | AZ65: - | BA65: - | BB65: - | BC65: - | BD65: - | BE65: - | BF65: - | BG65: - | BH65: - | BI65: - | BJ65: 249.3 | BK65: - | BL65: 333.4 | BM65: -
D66: 도로 | E66: 소계 | F66: - | G66: - | H66: - | I66: - | J66: - | K66: - | L66: - | M66: - | N66: - | O66: - | P66: - | Q66: - | R66: - | S66: - | T66: 1098.6 | U66: - | V66: - | W66: - | X66: - | Y66: - | Z66: 0.4 | AA66: 3138.6 | AB66: 9857.3 | AC66: - | AD66: - | AE66: - | AF66: 0.9 | AG66: 18621.6 | AH66: 0.2 | AI66: 0.1 | AJ66: 2.1 | AK66: - | AL66: - | AM66: - | AN66: - | AO66: - | AP66: - | AQ66: - | AR66: - | AS66: - | AT66: - | AU66: - | AV66: - | AW66: - | AX66: - | AY66: 695.1 | AZ66: - | BA66: - | BB66: - | BC66: - | BD66: - | BE66: - | BF66: - | BG66: - | BH66: - | BI66: - | BJ66: 35.8 | BK66: - | BL66: 33450.6 | BM66: 695.1
D67: 국내해운 | E67: 소계 | F67: - | G67: - | H67: - | I67: - | J67: - | K67: - | L67: - | M67: - | N67: - | O67: - | P67: - | Q67: - | R67: - | S67: - | T67: - | U67: - | V67: - | W67: - | X67: - | Y67: - | Z67: 1 | AA67: - | AB67: 0.1 | AC67: - | AD67: - | AE67: - | AF67: 5.8 | AG67: 156.3 | AH67: 86.9 | AI67: 6.1 | AJ67: 80.4 | AK67: - | AL67: - | AM67: - | AN67: - | AO67: - | AP67: - | AQ67: - | AR67: - | AS67: - | AT67: - | AU67: - | AV67: - | AW67: - | AX67: - | AY67: - | AZ67: - | BA67: - | BB67: - | BC67: - | BD67: - | BE67: - | BF67: - | BG67: - | BH67: - | BI67: - | BJ67: - | BK67: - | BL67: 336.5 | BM67: -
D68: 국내항공 | E68: 소계 | F68: - | G68: - | H68: - | I68: - | J68: - | K68: - | L68: - | M68: - | N68: - | O68: - | P68: - | Q68: - | R68: - | S68: - | T68: - | U68: - | V68: - | W68: - | X68: - | Y68: - | Z68: 0.3 | AA68: - | AB68: 0 | AC68: 0.7 | AD68: - | AE68: 621 | AF68: 0.2 | AG68: 2.4 | AH68: - | AI68: 0 | AJ68: - | AK68: - | AL68: - | AM68: - | AN68: - | AO68: - | AP68: - | AQ68: - | AR68: - | AS68: - | AT68: - | AU68: - | AV68: - | AW68: - | AX68: - | AY68: - | AZ68: - | BA68: - | BB68: - | BC68: - | BD68: - | BE68: - | BF68: - | BG68: - | BH68: - | BI68: - | BJ68: - | BK68: - | BL68: 624.7 | BM68: -
C69: 가정 | D69: 소계 | E69: 소계 | F69: - | G69: - | H69: - | I69: - | J69: - | K69: - | L69: - | M69: 213 | N69: - | O69: - | P69: - | Q69: - | R69: - | S69: - | T69: 10893.6 | U69: - | V69: - | W69: - | X69: - | Y69: - | Z69: 555.6 | AA69: 13.8 | AB69: 0.7 | AC69: - | AD69: - | AE69: - | AF69: 1495.7 | AG69: 2.4 | AH69: 1.4 | AI69: 0.2 | AJ69: 27.4 | AK69: - | AL69: - | AM69: - | AN69: - | AO69: - | AP69: - | AQ69: - | AR69: - | AS69: - | AT69: - | AU69: 126.6 | AV69: - | AW69: - | AX69: - | AY69: - | AZ69: - | BA69: - | BB69: - | BC69: - | BD69: 39.3 | BE69: - | BF69: 11.7 | BG69: - | BH69: - | BI69: - | BJ69: 6531.9 | BK69: 2259.7 | BL69: 22173 | BM69: 177.6
C70: 상업 | D70: 소계 | E70: 소계 | F70: - | G70: - | H70: - | I70: - | J70: - | K70: - | L70: - | M70: 20 | N70: - | O70: - | P70: - | Q70: - | R70: - | S70: - | T70: 3218 | U70: - | V70: - | W70: - | X70: - | Y70: - | Z70: 1145.4 | AA70: 87.7 | AB70: 7.5 | AC70: 0 | AD70: - | AE70: 11.2 | AF70: 492.6 | AG70: 444.2 | AH70: 6.3 | AI70: 2.6 | AJ70: 22.2 | AK70: - | AL70: - | AM70: - | AN70: - | AO70: - | AP70: - | AQ70: - | AR70: 32.4 | AS70: 23.1 | AT70: 1.1 | AU70: 44.5 | AV70: - | AW70: - | AX70: - | AY70: - | AZ70: - | BA70: - | BB70: - | BC70: - | BD70: 3.9 | BE70: - | BF70: 1.6 | BG70: - | BH70: - | BI70: - | BJ70: 11791.3 | BK70: 334.5 | BL70: 17690.1 | BM70: 106.6
C71: 공공 | D71: 소계 | E71: 소계 | F71: - | G71: - | H71: - | I71: - | J71: - | K71: - | L71: - | M71: 0.1 | N71: - | O71: - | P71: - | Q71: - | R71: - | S71: - | T71: 69.9 | U71: - | V71: - | W71: - | X71: - | Y71: - | Z71: 23.6 | AA71: 0.2 | AB71: 26.3 | AC71: 1.7 | AD71: - | AE71: 445.6 | AF71: 37.5 | AG71: 581.6 | AH71: 7.1 | AI71: 0.1 | AJ71: 4.9 | AK71: - | AL71: - | AM71: - | AN71: - | AO71: - | AP71: - | AQ71: - | AR71: 54.2 | AS71: 721.8 | AT71: 14.5 | AU71: 63.1 | AV71: 36.6 | AW71: - | AX71: - | AY71: - | AZ71: - | BA71: - | BB71: - | BC71: - | BD71: 162.2 | BE71: - | BF71: 11.8 | BG71: - | BH71: - | BI71: - | BJ71: 2565.4 | BK71: 63.5 | BL71: 4891.5 | BM71: 1064.1
B72: 최종비에너지소비 | C72: 소계 | D72: 소계 | E72: 소계 | F72: - | G72: - | H72: - | I72: - | J72: - | K72: - | L72: 24.9 | M72: - | N72: - | O72: 524.6 | P72: - | Q72: - | R72: - | S72: 1026.9 | T72: - | U72: - | V72: - | W72: - | X72: - | Y72: - | Z72: 4054.7 | AA72: 747.6 | AB72: - | AC72: - | AD72: - | AE72: - | AF72: - | AG72: - | AH72: - | AI72: - | AJ72: - | AK72: 40919.2 | AL72: 268.1 | AM72: 697.3 | AN72: 1606.3 | AO72: 19.6 | AP72: 210.8 | AQ72: 2051 | AR72: - | AS72: - | AT72: - | AU72: - | AV72: - | AW72: - | AX72: - | AY72: - | AZ72: - | BA72: - | BB72: - | BC72: - | BD72: - | BE72: - | BF72: - | BG72: - | BH72: - | BI72: - | BJ72: - | BK72: - | BL72: 52150.9 | BM72: -
C73: 비에너지_산업및에너지 | D73: 소계 | E73: 소계 | F73: - | G73: - | H73: - | I73: - | J73: - | K73: - | L73: 24.9 | M73: - | N73: - | O73: 524.6 | P73: - | Q73: - | R73: - | S73: 1026.9 | T73: - | U73: - | V73: - | W73: - | X73: - | Y73: - | Z73: 4054.7 | AA73: 747.6 | AB73: - | AC73: - | AD73: - | AE73: - | AF73: - | AG73: - | AH73: - | AI73: - | AJ73: - | AK73: 40919.2 | AL73: 229.5 | AM73: 697.3 | AN73: 1606.3 | AO73: 19.6 | AP73: 210.8 | AQ73: 2051 | AR73: - | AS73: - | AT73: - | AU73: - | AV73: - | AW73: - | AX73: - | AY73: - | AZ73: - | BA73: - | BB73: - | BC73: - | BD73: - | BE73: - | BF73: - | BG73: - | BH73: - | BI73: - | BJ73: - | BK73: - | BL73: 52112.3 | BM73: -
C74: 비에너지_수송 | D74: 소계 | E74: 소계 | F74: - | G74: - | H74: - | I74: - | J74: - | K74: - | L74: - | M74: - | N74: - | O74: - | P74: - | Q74: - | R74: - | S74: - | T74: - | U74: - | V74: - | W74: - | X74: - | Y74: - | Z74: - | AA74: - | AB74: - | AC74: - | AD74: - | AE74: - | AF74: - | AG74: - | AH74: - | AI74: - | AJ74: - | AK74: - | AL74: 0 | AM74: - | AN74: - | AO74: - | AP74: - | AQ74: - | AR74: - | AS74: - | AT74: - | AU74: - | AV74: - | AW74: - | AX74: - | AY74: - | AZ74: - | BA74: - | BB74: - | BC74: - | BD74: - | BE74: - | BF74: - | BG74: - | BH74: - | BI74: - | BJ74: - | BK74: - | BL74: 0 | BM74: -
C75: 비에너지_가정 | D75: 소계 | E75: 소계 | F75: - | G75: - | H75: - | I75: - | J75: - | K75: - | L75: - | M75: - | N75: - | O75: - | P75: - | Q75: - | R75: - | S75: - | T75: - | U75: - | V75: - | W75: - | X75: - | Y75: - | Z75: - | AA75: - | AB75: - | AC75: - | AD75: - | AE75: - | AF75: - | AG75: - | AH75: - | AI75: - | AJ75: - | AK75: - | AL75: - | AM75: - | AN75: - | AO75: - | AP75: - | AQ75: - | AR75: - | AS75: - | AT75: - | AU75: - | AV75: - | AW75: - | AX75: - | AY75: - | AZ75: - | BA75: - | BB75: - | BC75: - | BD75: - | BE75: - | BF75: - | BG75: - | BH75: - | BI75: - | BJ75: - | BK75: - | BL75: - | BM75: -
C76: 비에너지_상업 | D76: 소계 | E76: 소계 | F76: - | G76: - | H76: - | I76: - | J76: - | K76: - | L76: - | M76: - | N76: - | O76: - | P76: - | Q76: - | R76: - | S76: - | T76: - | U76: - | V76: - | W76: - | X76: - | Y76: - | Z76: - | AA76: - | AB76: - | AC76: - | AD76: - | AE76: - | AF76: - | AG76: - | AH76: - | AI76: - | AJ76: - | AK76: - | AL76: 38.3 | AM76: - | AN76: - | AO76: - | AP76: - | AQ76: - | AR76: - | AS76: - | AT76: - | AU76: - | AV76: - | AW76: - | AX76: - | AY76: - | AZ76: - | BA76: - | BB76: - | BC76: - | BD76: - | BE76: - | BF76: - | BG76: - | BH76: - | BI76: - | BJ76: - | BK76: - | BL76: 38.3 | BM76: -
C77: 비에너지_공공 | D77: 소계 | E77: 소계 | F77: - | G77: - | H77: - | I77: - | J77: - | K77: - | L77: - | M77: - | N77: - | O77: - | P77: - | Q77: - | R77: - | S77: - | T77: - | U77: - | V77: - | W77: - | X77: - | Y77: - | Z77: - | AA77: - | AB77: - | AC77: - | AD77: - | AE77: - | AF77: - | AG77: - | AH77: - | AI77: - | AJ77: - | AK77: - | AL77: 0.3 | AM77: - | AN77: - | AO77: - | AP77: - | AQ77: - | AR77: - | AS77: - | AT77: - | AU77: - | AV77: - | AW77: - | AX77: - | AY77: - | AZ77: - | BA77: - | BB77: - | BC77: - | BD77: - | BE77: - | BF77: - | BG77: - | BH77: - | BI77: - | BJ77: - | BK77: - | BL77: 0.3 | BM77: -
C78: 메모: 석유화학원료 | D78: 소계 | E78: 소계 | F78: - | G78: - | H78: - | I78: - | J78: - | K78: - | L78: - | M78: - | N78: - | O78: 524.6 | P78: - | Q78: - | R78: - | S78: - | T78: - | U78: - | V78: - | W78: - | X78: - | Y78: - | Z78: 4054.7 | AA78: 747.6 | AB78: - | AC78: - | AD78: - | AE78: - | AF78: - | AG78: - | AH78: - | AI78: - | AJ78: - | AK78: 40919.2 | AL78: - | AM78: - | AN78: - | AO78: - | AP78: - | AQ78: - | AR78: - | AS78: - | AT78: - | AU78: - | AV78: - | AW78: - | AX78: - | AY78: - | AZ78: - | BA78: - | BB78: - | BC78: - | BD78: - | BE78: - | BF78: - | BG78: - | BH78: - | BI78: - | BJ78: - | BK78: - | BL78: 46246 | BM78: -
A79: 전기생산 (GWh) | B79: 소계 | C79: 소계 | D79: 소계 | E79: 소계 | F79: 786.2 | G79: 1235 | H79: - | I79: 192753.9 | J79: 3922.2 | K79: - | L79: - | M79: - | N79: - | O79: - | P79: 3135.5 | Q79: 12978.5 | R79: 7527.7 | S79: 154144.9 | T79: 1231.3 | U79: - | V79: - | W79: - | X79: - | Y79: 3310.8 | Z79: 65.9 | AA79: - | AB79: - | AC79: - | AD79: - | AE79: - | AF79: 216.4 | AG79: 642 | AH79: - | AI79: - | AJ79: 1686.2 | AK79: - | AL79: - | AM79: - | AN79: - | AO79: - | AP79: 182 | AQ79: 1730 | AR79: 314 | AS79: 452.8 | AT79: 527.5 | AU79: 7250.3 | AV79: 179 | AW79: 180 | AX79: - | AY79: - | AZ79: 1918.1 | BA79: - | BB79: 160183.7 | BC79: 3879.4 | BD79: - | BE79: 19297.9 | BF79: - | BG79: 457.3 | BH79: 3149.8 | BI79: 3522.4 | BJ79: - | BK79: 169.6 | BL79: 587030.4 | BM79: 43505.9
B80: 발전전용발전_사업 | C80: 소계 | D80: 소계 | E80: 소계 | F80: 786.2 | G80: 1235 | H80: - | I80: 180887 | J80: 3922.2 | K80: - | L80: - | M80: - | N80: - | O80: - | P80: - | Q80: - | R80: 2377.4 | S80: 107487.9 | T80: - | U80: - | V80: - | W80: - | X80: - | Y80: - | Z80: - | AA80: - | AB80: - | AC80: - | AD80: - | AE80: - | AF80: 4.5 | AG80: 642 | AH80: - | AI80: - | AJ80: 1308 | AK80: - | AL80: - | AM80: - | AN80: - | AO80: - | AP80: - | AQ80: - | AR80: 243.4 | AS80: 130.2 | AT80: 281.7 | AU80: 4068.7 | AV80: 144.2 | AW80: 180 | AX80: - | AY80: - | AZ80: 1918.1 | BA80: - | BB80: 160183.7 | BC80: 3877.2 | BD80: - | BE80: 16610.9 | BF80: - | BG80: 457.3 | BH80: 3139.5 | BI80: 3485.6 | BJ80: - | BK80: - | BL80: 493370.6 | BM80: 36914.1
B81: 발전전용발전_자가 | C81: 소계 | D81: 소계 | E81: 소계 | F81: - | G81: - | H81: - | I81: 99.5 | J81: - | K81: - | L81: - | M81: - | N81: - | O81: - | P81: 3135.5 | Q81: 12978.5 | R81: 5150.3 | S81: 4350.7 | T81: 45.1 | U81: - | V81: - | W81: - | X81: - | Y81: 1525.4 | Z81: - | AA81: - | AB81: - | AC81: - | AD81: - | AE81: - | AF81: - | AG81: 0 | AH81: - | AI81: - | AJ81: - | AK81: - | AL81: - | AM81: - | AN81: - | AO81: - | AP81: - | AQ81: - | AR81: 3.2 | AS81: 0.2 | AT81: - | AU81: - | AV81: 16.6 | AW81: - | AX81: - | AY81: - | AZ81: - | BA81: - | BB81: - | BC81: 2.2 | BD81: - | BE81: 2686.9 | BF81: - | BG81: - | BH81: 10.3 | BI81: 36.7 | BJ81: - | BK81: - | BL81: 30041.2 | BM81: 2756.2
B82: 열병합발전_사업 | C82: 소계 | D82: 소계 | E82: 소계 | F82: - | G82: - | H82: - | I82: - | J82: - | K82: - | L82: - | M82: - | N82: - | O82: - | P82: - | Q82: - | R82: - | S82: 38760.5 | T82: 893.5 | U82: - | V82: - | W82: - | X82: - | Y82: - | Z82: - | AA82: - | AB82: - | AC82: - | AD82: - | AE82: - | AF82: 174.6 | AG82: - | AH82: - | AI82: - | AJ82: 95.2 | AK82: - | AL82: - | AM82: - | AN82: - | AO82: - | AP82: - | AQ82: - | AR82: 54.1 | AS82: 98.6 | AT82: 4.2 | AU82: 67.7 | AV82: 1 | AW82: - | AX82: - | AY82: - | AZ82: - | BA82: - | BB82: - | BC82: - | BD82: - | BE82: - | BF82: - | BG82: - | BH82: - | BI82: - | BJ82: - | BK82: - | BL82: 40149.4 | BM82: 225.6
B83: 열병합발전_자가 | C83: 소계 | D83: 소계 | E83: 소계 | F83: - | G83: - | H83: - | I83: 11767.4 | J83: - | K83: - | L83: - | M83: - | N83: - | O83: - | P83: - | Q83: - | R83: - | S83: 3545.9 | T83: 292.7 | U83: - | V83: - | W83: - | X83: - | Y83: 1785.4 | Z83: 65.9 | AA83: - | AB83: - | AC83: - | AD83: - | AE83: - | AF83: 37.4 | AG83: - | AH83: - | AI83: - | AJ83: 282.9 | AK83: - | AL83: - | AM83: - | AN83: - | AO83: - | AP83: 182 | AQ83: 1730 | AR83: 13.4 | AS83: 223.8 | AT83: 241.7 | AU83: 3113.9 | AV83: 17.2 | AW83: - | AX83: - | AY83: - | AZ83: - | BA83: - | BB83: - | BC83: - | BD83: - | BE83: - | BF83: - | BG83: - | BH83: - | BI83: - | BJ83: - | BK83: - | BL83: 23299.6 | BM83: 3610
B84: 기타발전 | C84: 소계 | D84: 소계 | E84: 소계 | F84: - | G84: - | H84: - | I84: - | J84: - | K84: - | L84: - | M84: - | N84: - | O84: - | P84: - | Q84: - | R84: - | S84: - | T84: - | U84: - | V84: - | W84: - | X84: - | Y84: - | Z84: - | AA84: - | AB84: - | AC84: - | AD84: - | AE84: - | AF84: - | AG84: - | AH84: - | AI84: - | AJ84: - | AK84: - | AL84: - | AM84: - | AN84: - | AO84: - | AP84: - | AQ84: - | AR84: - | AS84: - | AT84: - | AU84: - | AV84: - | AW84: - | AX84: - | AY84: - | AZ84: - | BA84: - | BB84: - | BC84: - | BD84: - | BE84: - | BF84: - | BG84: - | BH84: - | BI84: - | BJ84: - | BK84: 169.6 | BL84: 169.6 | BM84: -
A85: 열생산 (TJ) | B85: 소계 | C85: 소계 | D85: 소계 | E85: 소계 | F85: - | G85: - | H85: - | I85: 77007.4 | J85: - | K85: - | L85: - | M85: - | N85: - | O85: - | P85: - | Q85: - | R85: - | S85: 71382 | T85: 17787.3 | U85: - | V85: - | W85: - | X85: - | Y85: 19280.9 | Z85: 1929.7 | AA85: - | AB85: - | AC85: - | AD85: - | AE85: - | AF85: 1494 | AG85: 9.8 | AH85: - | AI85: - | AJ85: 5071.3 | AK85: - | AL85: - | AM85: - | AN85: - | AO85: - | AP85: 12570.4 | AQ85: 11339.5 | AR85: 3761.7 | AS85: 3341.2 | AT85: 6777.2 | AU85: 9516.8 | AV85: 124.6 | AW85: 591.1 | AX85: - | AY85: - | AZ85: - | BA85: - | BB85: - | BC85: - | BD85: - | BE85: - | BF85: - | BG85: - | BH85: - | BI85: - | BJ85: - | BK85: 60914.4 | BL85: 302899.4 | BM85: 24112.6
B86: 열병합열생산_사업 | C86: 소계 | D86: 소계 | E86: 소계 | F86: - | G86: - | H86: - | I86: - | J86: - | K86: - | L86: - | M86: - | N86: - | O86: - | P86: - | Q86: - | R86: - | S86: 65391.3 | T86: 6764.3 | U86: - | V86: - | W86: - | X86: - | Y86: - | Z86: - | AA86: - | AB86: - | AC86: - | AD86: - | AE86: - | AF86: 1494 | AG86: - | AH86: - | AI86: - | AJ86: 401.2 | AK86: - | AL86: - | AM86: - | AN86: - | AO86: - | AP86: - | AQ86: - | AR86: 766 | AS86: 3341.2 | AT86: 108.5 | AU86: 2162.7 | AV86: 4.5 | AW86: - | AX86: - | AY86: - | AZ86: - | BA86: - | BB86: - | BC86: - | BD86: - | BE86: - | BF86: - | BG86: - | BH86: - | BI86: - | BJ86: - | BK86: 47886.6 | BL86: 128320.2 | BM86: 6382.8
B87: 열병합열생산_자가 | C87: 소계 | D87: 소계 | E87: 소계 | F87: - | G87: - | H87: - | I87: 77007.4 | J87: - | K87: - | L87: - | M87: - | N87: - | O87: - | P87: - | Q87: - | R87: - | S87: 5115.8 | T87: 5375.4 | U87: - | V87: - | W87: - | X87: - | Y87: 19280.9 | Z87: 1756.2 | AA87: - | AB87: - | AC87: - | AD87: - | AE87: - | AF87: - | AG87: - | AH87: - | AI87: - | AJ87: 2627.8 | AK87: - | AL87: - | AM87: - | AN87: - | AO87: - | AP87: 12570.4 | AQ87: 11033.4 | AR87: - | AS87: - | AT87: 4390 | AU87: 6781.5 | AV87: - | AW87: - | AX87: - | AY87: - | AZ87: - | BA87: - | BB87: - | BC87: - | BD87: - | BE87: - | BF87: - | BG87: - | BH87: - | BI87: - | BJ87: - | BK87: 9968.6 | BL87: 155907.3 | BM87: 11171.5
B88: 열전용열생산_사업 | C88: 소계 | D88: 소계 | E88: 소계 | F88: - | G88: - | H88: - | I88: - | J88: - | K88: - | L88: - | M88: - | N88: - | O88: - | P88: - | Q88: - | R88: - | S88: 874.9 | T88: 5543.7 | U88: - | V88: - | W88: - | X88: - | Y88: - | Z88: - | AA88: - | AB88: - | AC88: - | AD88: - | AE88: - | AF88: - | AG88: - | AH88: - | AI88: - | AJ88: 1997.8 | AK88: - | AL88: - | AM88: - | AN88: - | AO88: - | AP88: - | AQ88: - | AR88: - | AS88: - | AT88: - | AU88: - | AV88: 120.1 | AW88: 591.1 | AX88: - | AY88: - | AZ88: - | BA88: - | BB88: - | BC88: - | BD88: - | BE88: - | BF88: - | BG88: - | BH88: - | BI88: - | BJ88: - | BK88: - | BL88: 9127.6 | BM88: 711.2
B89: 열전용열생산_자가 | C89: 소계 | D89: 소계 | E89: 소계 | F89: - | G89: - | H89: - | I89: - | J89: - | K89: - | L89: - | M89: - | N89: - | O89: - | P89: - | Q89: - | R89: - | S89: - | T89: 104 | U89: - | V89: - | W89: - | X89: - | Y89: - | Z89: 173.5 | AA89: - | AB89: - | AC89: - | AD89: - | AE89: - | AF89: - | AG89: 9.8 | AH89: - | AI89: - | AJ89: 44.6 | AK89: - | AL89: - | AM89: - | AN89: - | AO89: - | AP89: - | AQ89: 306.1 | AR89: 2995.7 | AS89: - | AT89: 2278.7 | AU89: 572.6 | AV89: - | AW89: - | AX89: - | AY89: - | AZ89: - | BA89: - | BB89: - | BC89: - | BD89: - | BE89: - | BF89: - | BG89: - | BH89: - | BI89: - | BJ89: - | BK89: - | BL89: 6485.1 | BM89: 5847.1
B90: 기타열생산 | C90: 소계 | D90: 소계 | E90: 소계 | F90: - | G90: - | H90: - | I90: - | J90: - | K90: - | L90: - | M90: - | N90: - | O90: - | P90: - | Q90: - | R90: - | S90: - | T90: - | U90: - | V90: - | W90: - | X90: - | Y90: - | Z90: - | AA90: - | AB90: - | AC90: - | AD90: - | AE90: - | AF90: - | AG90: - | AH90: - | AI90: - | AJ90: - | AK90: - | AL90: - | AM90: - | AN90: - | AO90: - | AP90: - | AQ90: - | AR90: - | AS90: - | AT90: - | AU90: - | AV90: - | AW90: - | AX90: - | AY90: - | AZ90: - | BA90: - | BB90: - | BC90: - | BD90: - | BE90: - | BF90: - | BG90: - | BH90: - | BI90: - | BJ90: - | BK90: 3059.1 | BL90: 3059.1 | BM90: -
A92: EPS_fuel | F92: hard coal | G92: hard coal | H92: hard coal | I92: hard coal | J92: hard coal | K92: lignite | L92: hard coal | M92: hard coal | N92: hard coal | O92: hard coal | P92: hard coal | Q92: hard coal | R92: hard coal | S92: natural gas | T92: natural gas | U92: crude oil | V92: crude oil | W92: crude oil | X92: crude oil | Y92: LPG propane or butane | Z92: LPG propane or butane | AA92: LPG propane or butane | AB92: petroleum gasoline | AC92: petroleum gasoline | AD92: jet fuel or kerosene | AE92: jet fuel or kerosene | AF92: jet fuel or kerosene | AG92: petroleum diesel | AH92: heavy fuel oil | AI92: heavy fuel oil | AJ92: heavy fuel oil | AK92: LPG propane or butane | AL92: petroleum diesel | AM92: heavy fuel oil | AN92: petroleum diesel | AO92: heavy fuel oil | AP92: petroleum diesel | AQ92: heavy fuel oil | AR92: biomass | AS92: municipal solid waste | AT92: municipal solid waste | AU92: biomass | AV92: biomass | AW92: biomass | AX92: biofuel gasoline | AY92: biofuel diesel | AZ92: biomass | BA92: biomass | BB92: nuclear | BC92: hydro (is not a fuel) | BD92: geothermal (is not a fuel) | BE92: solar (is not a fuel) | BF92: solar (is not a fuel) | BH92: wind (is not a fuel) | BJ92: electricity (not used in this variable) | BK92: heat (not used in this variable)
A93: P_source | F93: =F3 -> 482 | G93: =G3 -> - | H93: =H3 -> - | I93: =I3 -> - | J93: =J3 -> - | K93: =K3 -> - | L93: =L3 -> - | M93: =M3 -> - | ... X93: =X3 -> - | Y93: =Y27 -> 3771.5 | Z93: =Z27 -> 1262.2 | AA93: =AA27 -> 2195.2 | AB93: =AB27 -> 18799.7 | AC93: =AC27 -> - | AD93: =AD27 -> - | AE93: =AE27 -> 15607.6 | AF93: =AF27 -> 6189.6 | ... AQ93: =AQ27 -> 4321 | AR93: =AR3 -> 1881 | AS93: =AS3 -> 989.8 | AT93: =AT3 -> 703.8 | AU93: =AU3 -> 2643.1 | AV93: =AV3 -> 95.4 | AW93: =AW3 -> 62.2 | AX93: =AX3 -> - | AY93: =AY3 -> 694.1 | ... BK93: =BK3 -> 73.1

Sheet EB_2021
A1: 에너지흐름별(1) | B1: 에너지흐름별(2) | C1: 에너지흐름별(3) | D1: 에너지흐름별(4) | E1: 에너지흐름별(5) | F1: 2021 | G1: 2021 | H1: 2021 | I1: 2021 | J1: 2021 | K1: 2021 | L1: 2021 | M1: 2021 | N1: 2021 | O1: 2021 | P1: 2021 | Q1: 2021 | R1: 2021 | S1: 2021 | T1: 2021 | U1: 2021 | V1: 2021 | W1: 2021 | X1: 2021 | Y1: 2021 | Z1: 2021 | AA1: 2021 | AB1: 2021 | AC1: 2021 | AD1: 2021 | AE1: 2021 | AF1: 2021 | AG1: 2021 | AH1: 2021 | AI1: 2021 | AJ1: 2021 | AK1: 2021 | AL1: 2021 | AM1: 2021 | AN1: 2021 | AO1: 2021 | AP1: 2021 | AQ1: 2021 | AR1: 2021 | AS1: 2021 | AT1: 2021 | AU1: 2021 | AV1: 2021 | AW1: 2021 | AX1: 2021 | AY1: 2021 | AZ1: 2021 | BA1: 2021 | BB1: 2021 | BC1: 2021 | BD1: 2021 | BE1: 2021 | BF1: 2021 | BG1: 2021 | BH1: 2021 | BI1: 2021 | BJ1: 2021 | BK1: 2021 | BL1: 2021 | BM1: 2021
A2: 에너지흐름별(1) | B2: 에너지흐름별(2) | C2: 에너지흐름별(3) | D2: 에너지흐름별(4) | E2: 에너지흐름별(5) | F2: 국내무연탄 | G2: 수입무연탄 | H2: 원료탄 | I2: 기타유연탄 | J2: 아역청탄 | K2: 갈탄 | L2: 토탄 | M2: 고형연료 | N2: 코크스 | O2: 콜타르 | P2: 코크스로가스 | Q2: 고로가스 | R2: 기타석탄가스 | S2: 천연가스 | T2: 도시가스 | U2: 원유 | V2: 정제원료 | W2: 첨가물 | X2: 기타탄화수소 | Y2: 정제가스 | Z2: 프로판 | AA2: 부탄 | AB2: 휘발유 | AC2: 항공휘발유 | AD2: 휘발유형항공유 | AE2: 등유형항공유 | AF2: 등유 | AG2: 경유 | AH2: B-A | AI2: B-B | AJ2: B-C | AK2: 납사 | AL2: 용제 | AM2: 윤활유 | AN2: 아스팔트 | AO2: 파라핀왁스 | AP2: 석유코크 | AQ2: 기타석유제품 | AR2: 산업폐기물 | AS2: 도시폐기물_재생 | AT2: 도시폐기물_비재생 | AU2: 고형바이오매스 | AV2: 바이오가스 | AW2: 매립지가스 | AX2: 바이오휘발유 | AY2: 바이오경유 | AZ2: 기타바이오연료 | BA2: 목탄 | BB2: 원자력 | BC2: 수력 | BD2: 지열 | BE2: 태양광 | BF2: 태양열 | BG2: 해양 | BH2: 풍력 | BI2: 기타에너지원 | BJ2: 전기 | BK2: 열 | BL2: 총에너지 | BM2: 메모: 신재생
A3: 국내생산 | B3: 소계 | C3: 소계 | D3: 소계 | E3: 소계 | F3: 424.8 | G3: - | H3: - | I3: - | J3: - | K3: - | L3: - | M3: - | N3: - | O3: - | P3: - | Q3: - | R3: - | S3: 55 | T3: - | U3: 5.2 | V3: - | W3: - | X3: - | Y3: - | Z3: - | AA3: - | AB3: - | AC3: - | AD3: - | AE3: - | AF3: - | AG3: - | AH3: - | AI3: - | AJ3: - | AK3: - | AL3: - | AM3: - | AN3: - | AO3: - | AP3: - | AQ3: - | AR3: 2019 | AS3: 1013.5 | AT3: 649.3 | AU3: 3080.6 | AV3: 114.3 | AW3: 81.2 | AX3: - | AY3: 704.5 | AZ3: 390.3 | BA3: - | BB3: 33657.2 | BC3: 651.2 | BD3: 255.6 | BE3: 5264.9 | BF3: 25.6 | BG3: 96.9 | BH3: 677.3 | BI3: - | BJ3: - | BK3: 67.6 | BL3: 49234 | BM3: 15024.3
A4: 수입 | B4: 소계 | C4: 소계 | D4: 소계 | E4: 소계 | F4: - | G4: 3276.3 | H4: 14993.2 | I4: 56592 | J4: 1040.3 | K4: 0 | L4: 35.6 | M4: 0 | N4: 234.2 | O4: - | P4: - | Q4: - | R4: - | S4: 59987 | T4: - | U4: 140812.8 | V4: 2529.9 | W4: - | X4: - | Y4: - | Z4: 7426.6 | AA4: 2230.9 | AB4: 37.1 | AC4: 0.7 | AD4: - | AE4: - | AF4: 30.1 | AG4: 0 | AH4: - | AI4: - | AJ4: 5896.7 | AK4: 31050.3 | AL4: 0.3 | AM4: 150.7 | AN4: 535.7 | AO4: - | AP4: - | AQ4: - | AR4: - | AS4: - | AT4: - | AU4: - | AV4: - | AW4: - | AX4: - | AY4: - | AZ4: - | BA4: - | BB4: - | BC4: - | BD4: - | BE4: - | BF4: - | BG4: - | BH4: - | BI4: - | BJ4: - | BK4: - | BL4: 326860.3 | BM4: -
A5: 수출 | B5: 소계 | C5: 소계 | D5: 소계 | E5: 소계 | F5: - | G5: -0.2 | H5: - | I5: - | J5: 0 | K5: - | L5: 0 | M5: - | N5: -216.6 | O5: - | P5: - | Q5: - | R5: - | S5: - | T5: - | U5: - | V5: -193.8 | W5: - | X5: -129 | Y5: - | Z5: -277.2 | AA5: -44.1 | AB5: -12214.3 | AC5: -18.7 | AD5: - | AE5: -9057 | AF5: -1098.4 | AG5: -25966.2 | AH5: -50.2 | AI5: - | AJ5: -1340.2 | AK5: -3824.7 | AL5: -172.1 | AM5: -3540.8 | AN5: -2393 | AO5: - | AP5: -4.3 | AQ5: -1833.5 | AR5: - | AS5: - | AT5: - | AU5: - | AV5: - | AW5: - | AX5: - | AY5: - | AZ5: - | BA5: - | BB5: - | BC5: - | BD5: - | BE5: - | BF5: - | BG5: - | BH5: - | BI5: - | BJ5: - | BK5: - | BL5: -62374.4 | BM5: -
A6: 국제해운벙커링 | B6: 소계 | C6: 소계 | D6: 소계 | E6: 소계 | F6: - | G6: - | H6: - | I6: - | J6: - | K6: - | L6: - | M6: - | N6: - | O6: - | P6: - | Q6: - | R6: - | S6: -28.6 | T6: - | U6: - | V6: - | W6: - | X6: - | Y6: - | Z6: 0 | AA6: - | AB6: 0 | AC6: - | AD6: - | AE6: - | AF6: - | AG6: -1826.2 | AH6: -12.7 | AI6: -0.2 | AJ6: -9062.9 | AK6: - | AL6: 0 | AM6: - | AN6: - | AO6: - | AP6: - | AQ6: - | AR6: - | AS6: - | AT6: - | AU6: - | AV6: - | AW6: - | AX6: - | AY6: - | AZ6: - | BA6: - | BB6: - | BC6: - | BD6: - | BE6: - | BF6: - | BG6: - | BH6: - | BI6: - | BJ6: - | BK6: - | BL6: -10930.7 | BM6: -
A7: 국제항공벙커링 | B7: 소계 | C7: 소계 | D7: 소계 | E7: 소계 | F7: - | G7: - | H7: - | I7: - | J7: - | K7: - | L7: - | M7: - | N7: - | O7: - | P7: - | Q7: - | R7: - | S7: - | T7: - | U7: - | V7: - | W7: - | X7: - | Y7: - | Z7: - | AA7: - | AB7: - | AC7: - | AD7: - | AE7: -2745.2 | AF7: - | AG7: - | AH7: - | AI7: - | AJ7: - | AK7: - | AL7: - | AM7: - | AN7: - | AO7: - | AP7: - | AQ7: - | AR7: - | AS7: - | AT7: - | AU7: - | AV7: - | AW7: - | AX7: - | AY7: - | AZ7: - | BA7: - | BB7: - | BC7: - | BD7: - | BE7: - | BF7: - | BG7: - | BH7: - | BI7: - | BJ7: - | BK7: - | BL7: -2745.2 | BM7: -
A8: 재고변화 | B8: 소계 | C8: 소계 | D8: 소계 | E8: 소계 | F8: -18 | G8: - | H8: -124.3 | I8: 580.2 | J8: - | K8: - | L8: - | M8: - | N8: -2.9 | O8: - | P8: - | Q8: - | R8: - | S8: -419.4 | T8: - | U8: 440.4 | V8: -213.3 | W8: 0.1 | X8: 12.2 | Y8: 0 | Z8: 54.3 | AA8: 17.3 | AB8: -67 | AC8: 0.7 | AD8: - | AE8: 158.7 | AF8: -53.5 | AG8: -90.9 | AH8: -11.7 | AI8: 0.4 | AJ8: -153.7 | AK8: 291.2 | AL8: 3 | AM8: -69.4 | AN8: -2.5 | AO8: 0 | AP8: 1.9 | AQ8: -15.7 | AR8: - | AS8: - | AT8: - | AU8: - | AV8: - | AW8: - | AX8: - | AY8: -0.6 | AZ8: - | BA8: - | BB8: - | BC8: - | BD8: - | BE8: - | BF8: - | BG8: - | BH8: - | BI8: - | BJ8: - | BK8: - | BL8: 317.8 | BM8: -0.6
A9: 일차에너지공급 | B9: 소계 | C9: 소계 | D9: 소계 | E9: 소계 | F9: 406.8 | G9: 3276.1 | H9: 14868.9 | I9: 57172.3 | J9: 1040.3 | K9: 0 | L9: 35.6 | M9: 0 | N9: 14.7 | O9: - | P9: - | Q9: - | R9: - | S9: 59593.9 | T9: - | U9: 141258.4 | V9: 2122.8 | W9: 0.1 | X9: -116.8 | Y9: 0 | Z9: 7203.7 | AA9: 2204.2 | AB9: -12244.2 | AC9: -17.2 | AD9: - | AE9: -11643.4 | AF9: -1121.8 | AG9: -27883.3 | AH9: -74.6 | AI9: 0.2 | AJ9: -4660.1 | AK9: 27516.7 | AL9: -168.8 | AM9: -3459.5 | AN9: -1859.9 | AO9: 0 | AP9: -2.4 | AQ9: -1849.2 | AR9: 2019 | AS9: 1013.5 | AT9: 649.3 | AU9: 3080.6 | AV9: 114.3 | AW9: 81.2 | AX9: - | AY9: 703.9 | AZ9: 390.3 | BA9: - | BB9: 33657.2 | BC9: 651.2 | BD9: 255.6 | BE9: 5264.9 | BF9: 25.6 | BG9: 96.9 | BH9: 677.3 | BI9: - | BJ9: - | BK9: 67.6 | BL9: 300361.8 | BM9: 15023.7
A10: 제품이동 | B10: 소계 | C10: 소계 | D10: 소계 | E10: 소계 | F10: - | G10: - | H10: - | I10: - | J10: - | K10: - | L10: - | M10: - | N10: - | O10: - | P10: - | Q10: - | R10: - | S10: - | T10: - | U10: - | V10: 21709.2 | W10: - | X10: - | Y10: -16.8 | Z10: -430.9 | AA10: -134.3 | AB10: 585.1 | AC10: 19.3 | AD10: - | AE10: 315.4 | AF10: -3908.3 | AG10: 1946.3 | AH10: -7.3 | AI10: 11.6 | AJ10: -5959.2 | AK10: -8314.7 | AL10: -151.2 | AM10: -284.2 | AN10: 765.1 | AO10: -3.4 | AP10: - | AQ10: -34.8 | AR10: - | AS10: - | AT10: - | AU10: - | AV10: - | AW10: - | AX10: - | AY10: - | AZ10: - | BA10: - | BB10: - | BC10: - | BD10: - | BE10: - | BF10: - | BG10: - | BH10: - | BI10: - | BJ10: - | BK10: - | BL10: 6107 | BM10: -16.8
A11: 통계오차 | B11: 소계 | C11: 소계 | D11: 소계 | E11: 소계 | F11: -5.2 | G11: 0.2 | H11: 2922.9 | I11: -1502.9 | J11: - | K11: - | L11: - | M11: - | N11: -10.9 | O11: - | P11: - | Q11: - | R11: - | S11: 195.9 | T11: 281.8 | U11: -264.2 | V11: 73.8 | W11: -0.2 | X11: 0 | Y11: 217.3 | Z11: 43.3 | AA11: -0.8 | AB11: 2.9 | AC11: 0 | AD11: - | AE11: 6.2 | AF11: 14.6 | AG11: -19.2 | AH11: -0.2 | AI11: 0 | AJ11: 13.4 | AK11: -198.5 | AL11: -1.6 | AM11: 37.1 | AN11: 22.8 | AO11: 0.1 | AP11: -0.1 | AQ11: 2.2 | AR11: - | AS11: - | AT11: - | AU11: - | AV11: - | AW11: 0 | AX11: - | AY11: 0 | AZ11: - | BA11: - | BB11: - | BC11: - | BD11: - | BE11: - | BF11: - | BG11: 0 | BH11: 0 | BI11: - | BJ11: - | BK11: - | BL11: 1830.9 | BM11: 217.4
A12: 일차에너지소비 | B12: 소계 | C12: 소계 | D12: 소계 | E12: 소계 | F12: 401.6 | G12: 3276.3 | H12: 17791.8 | I12: 55669.4 | J12: 1040.3 | K12: 0 | L12: 35.6 | M12: 0 | N12: 3.8 | O12: - | P12: - | Q12: - | R12: - | S12: 59789.8 | T12: 281.8 | U12: 140994.2 | V12: 23905.8 | W12: -0.1 | X12: -116.8 | Y12: 200.6 | Z12: 6816 | AA12: 2069 | AB12: -11656.2 | AC12: 2.1 | AD12: - | AE12: -11321.8 | AF12: -5015.5 | AG12: -25956.1 | AH12: -82.1 | AI12: 11.8 | AJ12: -10606 | AK12: 19003.6 | AL12: -321.7 | AM12: -3706.6 | AN12: -1072 | AO12: -3.3 | AP12: -2.5 | AQ12: -1881.8 | AR12: 2019 | AS12: 1013.5 | AT12: 649.3 | AU12: 3080.6 | AV12: 114.3 | AW12: 81.3 | AX12: - | AY12: 703.9 | AZ12: 390.3 | BA12: - | BB12: 33657.2 | BC12: 651.2 | BD12: 255.6 | BE12: 5264.9 | BF12: 25.6 | BG12: 96.9 | BH12: 677.3 | BI12: - | BJ12: - | BK12: 67.6 | BL12: 308299.7 | BM12: 15224.4
A13: 전환공정 | B13: 소계 | C13: 소계 | D13: 소계 | E13: 소계 | F13: -401.6 | G13: -252.8 | H13: -17791.8 | I13: -51958.5 | J13: -1040.3 | K13: - | L13: - | M13: 206.5 | N13: 710 | O13: 530.2 | P13: 2810 | Q13: 2385.4 | R13: 282.5 | S13: -56824.8 | T13: 23885.3 | U13: -140994.2 | V13: -23899.8 | W13: 0.1 | X13: 116.8 | Y13: 2123.1 | Z13: 217.4 | AA13: 1926.2 | AB13: 22194.9 | AC13: - | AD13: - | AE13: 13472.8 | AF13: 7315.8 | AG13: 48398.6 | AH13: 240.9 | AI13: 10.2 | AJ13: 11422.5 | AK13: 26339.7 | AL13: 519 | AM13: 4925.8 | AN13: 2581.8 | AO13: 27.9 | AP13: 608.1 | AQ13: 4950.8 | AR13: -232.1 | AS13: -128.2 | AT13: -293.1 | AU13: -1844.2 | AV13: -49.4 | AW13: -75.5 | AX13: - | AY13: - | AZ13: -390.3 | BA13: - | BB13: -33657.2 | BC13: -651.2 | BD13: - | BE13: -5264.9 | BF13: - | BG13: -96.9 | BH13: -677.3 | BI13: - | BJ13: 52912.9 | BK13: 7189.3 | BL13: -98219.6 | BM13: -2102.2
B14: 발전전용 | C14: 소계 | D14: 소계 | E14: 소계 | F14: -189.2 | G14: -252.8 | H14: - | I14: -42496.1 | J14: -1040.3 | K14: - | L14: - | M14: - | N14: - | O14: - | P14: -674.7 | Q14: -2996.5 | R14: -1562.9 | S14: -22713 | T14: -9.6 | U14: - | V14: - | W14: - | X14: - | Y14: -322.8 | Z14: -18.2 | AA14: -0.5 | AB14: 0 | AC14: - | AD14: - | AE14: - | AF14: -162.8 | AG14: -88.5 | AH14: - | AI14: - | AJ14: -291.1 | AK14: - | AL14: - | AM14: - | AN14: - | AO14: - | AP14: - | AQ14: - | AR14: -68.4 | AS14: -39.8 | AT14: -37.4 | AU14: -998.9 | AV14: -43.5 | AW14: -40 | AX14: - | AY14: - | AZ14: -390.3 | BA14: - | BB14: -33657.2 | BC14: -651.2 | BD14: - | BE14: -5264.9 | BF14: - | BG14: -96.9 | BH14: -677.3 | BI14: -1023.1 | BJ14: 47189.2 | BK14: - | BL14: -68618.8 | BM14: -15355.3
C15: 발전전용_사업 | D15: 소계 | E15: 소계 | F15: -189.2 | G15: -252.8 | H15: - | I15: -42471.8 | J15: -1040.3 | K15: - | L15: - | M15: - | N15: - | O15: - | P15: - | Q15: - | R15: -466.6 | S15: -22126.9 | T15: - | U15: - | V15: - | W15: - | X15: - | Y15: - | Z15: -18.2 | AA15: -0.5 | AB15: 0 | AC15: - | AD15: - | AE15: - | AF15: -162.8 | AG15: -88.5 | AH15: - | AI15: - | AJ15: -291.1 | AK15: - | AL15: - | AM15: - | AN15: - | AO15: - | AP15: - | AQ15: - | AR15: -56.1 | AS15: -39.8 | AT15: -37.4 | AU15: -998.9 | AV15: -35.6 | AW15: -40 | AX15: - | AY15: - | AZ15: -390.3 | BA15: - | BB15: -33657.2 | BC15: -650.6 | BD15: - | BE15: -4648.2 | BF15: - | BG15: -96.9 | BH15: -675.2 | BI15: -1006.9 | BJ15: 44407.4 | BK15: - | BL15: -65034.5 | BM15: -9609.3
C16: 발전전용_자가 | D16: 소계 | E16: 소계 | F16: - | G16: - | H16: - | I16: -24.4 | J16: - | K16: - | L16: - | M16: - | N16: - | O16: - | P16: -674.7 | Q16: -2996.5 | R16: -1096.3 | S16: -586.1 | T16: -9.6 | U16: - | V16: - | W16: - | X16: - | Y16: -322.8 | Z16: - | AA16: - | AB16: - | AC16: - | AD16: - | AE16: - | AF16: - | AG16: 0 | AH16: - | AI16: - | AJ16: - | AK16: - | AL16: - | AM16: - | AN16: - | AO16: - | AP16: - | AQ16: - | AR16: -12.3 | AS16: 0 | AT16: - | AU16: - | AV16: -7.9 | AW16: - | AX16: - | AY16: - | AZ16: - | BA16: - | BB16: - | BC16: -0.6 | BD16: - | BE16: -616.7 | BF16: - | BG16: 0 | BH16: -2.2 | BI16: -16.2 | BJ16: 2781.8 | BK16: - | BL16: -3584.3 | BM16: -5746.1
B17: 열병합 | C17: 소계 | D17: 소계 | E17: 소계 | F17: - | G17: - | H17: - | I17: -4307.7 | J17: - | K17: - | L17: - | M17: - | N17: - | O17: - | P17: - | Q17: - | R17: - | S17: -9122.2 | T17: -585.8 | U17: - | V17: - | W17: - | X17: - | Y17: -1167.8 | Z17: -163.7 | AA17: - | AB17: - | AC17: - | AD17: - | AE17: - | AF17: -0.3 | AG17: 0 | AH17: - | AI17: - | AJ17: -123.3 | AK17: - | AL17: - | AM17: - | AN17: - | AO17: - | AP17: - | AQ17: -404.2 | AR17: -30.2 | AS17: -88.4 | AT17: -221.9 | AU17: -835.5 | AV17: -1.8 | AW17: - | AX17: - | AY17: - | AZ17: - | BA17: - | BB17: - | BC17: - | BD17: - | BE17: - | BF17: - | BG17: - | BH17: - | BI17: - | BJ17: 5708.5 | BK17: 6856.6 | BL17: -4487.7 | BM17: -2345.6
C18: 열병합_사업 | D18: 소계 | E18: 소계 | F18: - | G18: - | H18: - | I18: - | J18: - | K18: - | L18: - | M18: - | N18: - | O18: - | P18: - | Q18: - | R18: - | S18: -8214.4 | T18: -475.8 | U18: - | V18: - | W18: - | X18: - | Y18: - | Z18: -31.5 | AA18: - | AB18: - | AC18: - | AD18: - | AE18: - | AF18: -0.3 | AG18: 0 | AH18: - | AI18: - | AJ18: -8.1 | AK18: - | AL18: - | AM18: - | AN18: - | AO18: - | AP18: - | AQ18: - | AR18: -27.9 | AS18: -66 | AT18: -2.6 | AU18: -75.9 | AV18: -0.7 | AW18: - | AX18: - | AY18: - | AZ18: - | BA18: - | BB18: - | BC18: - | BD18: - | BE18: - | BF18: - | BG18: - | BH18: - | BI18: - | BJ18: 3755.8 | BK18: 2864.6 | BL18: -2282.7 | BM18: -173.1
C19: 열병합_자가 | D19: 소계 | E19: 소계 | F19: - | G19: - | H19: - | I19: -4307.7 | J19: - | K19: - | L19: - | M19: - | N19: - | O19: - | P19: - | Q19: - | R19: - | S19: -907.8 | T19: -110 | U19: - | V19: - | W19: - | X19: - | Y19: -1167.8 | Z19: -132.3 | AA19: - | AB19: - | AC19: - | AD19: - | AE19: - | AF19: - | AG19: - | AH19: - | AI19: - | AJ19: -115.3 | AK19: - | AL19: - | AM19: - | AN19: - | AO19: - | AP19: - | AQ19: -404.2 | AR19: -2.3 | AS19: -22.4 | AT19: -219.2 | AU19: -759.6 | AV19: -1.1 | AW19: - | AX19: - | AY19: - | AZ19: - | BA19: - | BB19: - | BC19: - | BD19: - | BE19: - | BF19: - | BG19: - | BH19: - | BI19: - | BJ19: 1952.6 | BK19: 3992 | BL19: -2205 | BM19: -2172.4
B20: 열전용 | C20: 소계 | D20: 소계 | E20: 소계 | F20: - | G20: - | H20: - | I20: - | J20: - | K20: - | L20: - | M20: - | N20: - | O20: - | P20: - | Q20: - | R20: - | S20: -21.4 | T20: -157.9 | U20: - | V20: - | W20: - | X20: - | Y20: - | Z20: -90.3 | AA20: - | AB20: - | AC20: - | AD20: - | AE20: - | AF20: -3.6 | AG20: -0.5 | AH20: - | AI20: - | AJ20: -160.5 | AK20: - | AL20: - | AM20: - | AN20: - | AO20: - | AP20: - | AQ20: - | AR20: -133.5 | AS20: - | AT20: -33.9 | AU20: -9.7 | AV20: -4.1 | AW20: -35.6 | AX20: - | AY20: - | AZ20: - | BA20: - | BB20: - | BC20: - | BD20: - | BE20: - | BF20: - | BG20: - | BH20: - | BI20: - | BJ20: - | BK20: 373.2 | BL20: -277.6 | BM20: -216.7
C21: 열전용_사업 | D21: 소계 | E21: 소계 | F21: - | G21: - | H21: - | I21: - | J21: - | K21: - | L21: - | M21: - | N21: - | O21: - | P21: - | Q21: - | R21: - | S21: -21.4 | T21: -157.9 | U21: - | V21: - | W21: - | X21: - | Y21: - | Z21: -71.4 | AA21: - | AB21: - | AC21: - | AD21: - | AE21: - | AF21: -3.6 | AG21: - | AH21: - | AI21: - | AJ21: -160.5 | AK21: - | AL21: - | AM21: - | AN21: - | AO21: - | AP21: - | AQ21: - | AR21: - | AS21: - | AT21: - | AU21: - | AV21: -4.1 | AW21: -35.6 | AX21: - | AY21: - | AZ21: - | BA21: - | BB21: - | BC21: - | BD21: - | BE21: - | BF21: - | BG21: - | BH21: - | BI21: - | BJ21: - | BK21: 225.2 | BL21: -229.3 | BM21: -39.7
C22: 열전용_자가 | D22: 소계 | E22: 소계 | F22: - | G22: - | H22: - | I22: - | J22: - | K22: - | L22: - | M22: - | N22: - | O22: - | P22: - | Q22: - | R22: - | S22: - | T22: - | U22: - | V22: - | W22: - | X22: - | Y22: - | Z22: -18.9 | AA22: - | AB22: - | AC22: - | AD22: - | AE22: - | AF22: - | AG22: -0.5 | AH22: - | AI22: - | AJ22: - | AK22: - | AL22: - | AM22: - | AN22: - | AO22: - | AP22: - | AQ22: - | AR22: -133.5 | AS22: - | AT22: -33.9 | AU22: -9.7 | AV22: - | AW22: - | AX22: - | AY22: - | AZ22: - | BA22: - | BB22: - | BC22: - | BD22: - | BE22: - | BF22: - | BG22: - | BH22: - | BI22: - | BJ22: - | BK22: 148 | BL22: -48.3 | BM22: -177
B23: 화학반응열 | C23: 소계 | D23: 소계 | E23: 소계 | F23: - | G23: - | H23: - | I23: - | J23: - | K23: - | L23: - | M23: - | N23: - | O23: - | P23: - | Q23: - | R23: - | S23: - | T23: - | U23: - | V23: - | W23: - | X23: - | Y23: - | Z23: - | AA23: - | AB23: - | AC23: - | AD23: - | AE23: - | AF23: - | AG23: - | AH23: - | AI23: - | AJ23: - | AK23: - | AL23: - | AM23: - | AN23: - | AO23: - | AP23: - | AQ23: - | AR23: - | AS23: - | AT23: - | AU23: - | AV23: - | AW23: - | AX23: - | AY23: - | AZ23: - | BA23: - | BB23: - | BC23: - | BD23: - | BE23: - | BF23: - | BG23: - | BH23: - | BI23: - | BJ23: 15.2 | BK23: -40.5 | BL23: -25.3 | BM23: -
B24: 코크스로 | C24: 소계 | D24: 소계 | E24: 소계 | F24: - | G24: - | H24: -16794.1 | I24: - | J24: - | K24: - | L24: - | M24: - | N24: 10987.8 | O24: 530.2 | P24: 3484.7 | Q24: - | R24: - | S24: - | T24: - | U24: - | V24: - | W24: - | X24: - | Y24: - | Z24: - | AA24: - | AB24: - | AC24: - | AD24: - | AE24: - | AF24: - | AG24: - | AH24: - | AI24: - | AJ24: - | AK24: - | AL24: - | AM24: - | AN24: - | AO24: - | AP24: - | AQ24: - | AR24: - | AS24: - | AT24: - | AU24: - | AV24: - | AW24: - | AX24: - | AY24: - | AZ24: - | BA24: - | BB24: - | BC24: - | BD24: - | BE24: - | BF24: - | BG24: - | BH24: - | BI24: - | BJ24: - | BK24: - | BL24: -1791.3 | BM24: -
B25: 고로 | C25: 소계 | D25: 소계 | E25: 소계 | F25: - | G25: - | H25: -997.7 | I25: -4791.4 | J25: - | K25: - | L25: - | M25: - | N25: -10277.8 | O25: - | P25: - | Q25: 5381.9 | R25: 1378.8 | S25: - | T25: - | U25: - | V25: - | W25: - | X25: - | Y25: - | Z25: - | AA25: - | AB25: - | AC25: - | AD25: - | AE25: - | AF25: - | AG25: - | AH25: - | AI25: - | AJ25: - | AK25: - | AL25: - | AM25: - | AN25: - | AO25: - | AP25: - | AQ25: - | AR25: - | AS25: - | AT25: - | AU25: - | AV25: - | AW25: - | AX25: - | AY25: - | AZ25: - | BA25: - | BB25: - | BC25: - | BD25: - | BE25: - | BF25: - | BG25: - | BH25: - | BI25: - | BJ25: - | BK25: - | BL25: -9306.3 | BM25: -
B26: 연탄제조 | C26: 소계 | D26: 소계 | E26: 소계 | F26: -212.4 | G26: - | H26: - | I26: - | J26: - | K26: - | L26: - | M26: 206.5 | N26: - | O26: - | P26: - | Q26: - | R26: - | S26: - | T26: - | U26: - | V26: - | W26: - | X26: - | Y26: - | Z26: - | AA26: - | AB26: - | AC26: - | AD26: - | AE26: - | AF26: - | AG26: - | AH26: - | AI26: - | AJ26: - | AK26: - | AL26: - | AM26: - | AN26: - | AO26: - | AP26: - | AQ26: - | AR26: - | AS26: - | AT26: - | AU26: - | AV26: - | AW26: - | AX26: - | AY26: - | AZ26: - | BA26: - | BB26: - | BC26: - | BD26: - | BE26: - | BF26: - | BG26: - | BH26: - | BI26: - | BJ26: - | BK26: - | BL26: -5.8 | BM26: -
B27: 석유정제 | C27: 소계 | D27: 소계 | E27: 소계 | F27: - | G27: - | H27: - | I27: - | J27: - | K27: - | L27: - | M27: - | N27: - | O27: - | P27: - | Q27: - | R27: - | S27: - | T27: - | U27: -140994.2 | V27: -41268.3 | W27: 0.1 | X27: 202.9 | Y27: 3648.1 | Z27: 1533.7 | AA27: 2083.7 | AB27: 22194.9 | AC27: - | AD27: - | AE27: 13472.8 | AF27: 7482.5 | AG27: 48487.6 | AH27: 240.9 | AI27: 10.2 | AJ27: 11997.4 | AK27: 36377.5 | AL27: 519 | AM27: 4925.8 | AN27: 2581.8 | AO27: 27.9 | AP27: 608.1 | AQ27: 5355 | AR27: - | AS27: - | AT27: - | AU27: - | AV27: - | AW27: - | AX27: - | AY27: - | AZ27: - | BA27: - | BB27: - | BC27: - | BD27: - | BE27: - | BF27: - | BG27: - | BH27: - | BI27: - | BJ27: - | BK27: - | BL27: -20512.8 | BM27: -
B28: 석유화학 | C28: 소계 | D28: 소계 | E28: 소계 | F28: - | G28: - | H28: - | I28: - | J28: - | K28: - | L28: - | M28: - | N28: - | O28: - | P28: - | Q28: - | R28: - | S28: - | T28: - | U28: - | V28: 17368.5 | W28: - | X28: -86.1 | Y28: -34.4 | Z28: -881.4 | AA28: -156.9 | AB28: - | AC28: - | AD28: - | AE28: - | AF28: - | AG28: - | AH28: - | AI28: - | AJ28: - | AK28: -10037.8 | AL28: - | AM28: - | AN28: - | AO28: - | AP28: - | AQ28: - | AR28: - | AS28: - | AT28: - | AU28: - | AV28: - | AW28: - | AX28: - | AY28: - | AZ28: - | BA28: - | BB28: - | BC28: - | BD28: - | BE28: - | BF28: - | BG28: - | BH28: - | BI28: - | BJ28: - | BK28: - | BL28: 6171.9 | BM28: -
B29: 가스제조 | C29: 소계 | D29: 소계 | E29: 소계 | F29: - | G29: - | H29: - | I29: - | J29: - | K29: - | L29: - | M29: - | N29: - | O29: - | P29: - | Q29: - | R29: - | S29: -24968.2 | T29: 25130.8 | U29: - | V29: - | W29: - | X29: - | Y29: - | Z29: -162.6 | AA29: - | AB29: - | AC29: - | AD29: - | AE29: - | AF29: - | AG29: - | AH29: - | AI29: - | AJ29: - | AK29: - | AL29: - | AM29: - | AN29: - | AO29: - | AP29: - | AQ29: - | AR29: - | AS29: - | AT29: - | AU29: - | AV29: - | AW29: - | AX29: - | AY29: - | AZ29: - | BA29: - | BB29: - | BC29: - | BD29: - | BE29: - | BF29: - | BG29: - | BH29: - | BI29: - | BJ29: - | BK29: - | BL29: 0 | BM29: -
B30: 석탄합성가스제조 | C30: 소계 | D30: 소계 | E30: 소계 | F30: - | G30: - | H30: - | I30: -363.2 | J30: - | K30: - | L30: - | M30: - | N30: - | O30: - | P30: - | Q30: - | R30: 466.6 | S30: - | T30: - | U30: - | V30: - | W30: - | X30: - | Y30: - | Z30: - | AA30: - | AB30: - | AC30: - | AD30: - | AE30: - | AF30: - | AG30: - | AH30: - | AI30: - | AJ30: - | AK30: - | AL30: - | AM30: - | AN30: - | AO30: - | AP30: - | AQ30: - | AR30: - | AS30: - | AT30: - | AU30: - | AV30: - | AW30: - | AX30: - | AY30: - | AZ30: - | BA30: - | BB30: - | BC30: - | BD30: - | BE30: - | BF30: - | BG30: - | BH30: - | BI30: - | BJ30: - | BK30: - | BL30: 103.4 | BM30: 933.3
B31: 기타전환 | C31: 소계 | D31: 소계 | E31: 소계 | F31: - | G31: - | H31: - | I31: - | J31: - | K31: - | L31: - | M31: - | N31: - | O31: - | P31: - | Q31: - | R31: - | S31: - | T31: -492.2 | U31: - | V31: - | W31: - | X31: - | Y31: - | Z31: - | AA31: - | AB31: - | AC31: - | AD31: - | AE31: - | AF31: - | AG31: - | AH31: - | AI31: - | AJ31: - | AK31: - | AL31: - | AM31: - | AN31: - | AO31: - | AP31: - | AQ31: - | AR31: - | AS31: - | AT31: - | AU31: - | AV31: - | AW31: - | AX31: - | AY31: - | AZ31: - | BA31: - | BB31: - | BC31: - | BD31: - | BE31: - | BF31: - | BG31: - | BH31: - | BI31: 1023.1 | BJ31: - | BK31: - | BL31: 531 | BM31: 1023.1
A32: 에너지산업자체소비 | B32: 소계 | C32: 소계 | D32: 소계 | E32: 소계 | F32: - | G32: - | H32: - | I32: - | J32: - | K32: - | L32: - | M32: - | N32: - | O32: - | P32: -978.5 | Q32: -2298 | R32: -40 | S32: -1145.5 | T32: -905 | U32: - | V32: -6.1 | W32: - | X32: - | Y32: -2049.8 | Z32: -192.5 | AA32: -11.2 | AB32: -0.2 | AC32: - | AD32: - | AE32: -0.4 | AF32: -3.5 | AG32: -100.7 | AH32: - | AI32: - | AJ32: -115.1 | AK32: - | AL32: - | AM32: - | AN32: - | AO32: - | AP32: - | AQ32: - | AR32: - | AS32: - | AT32: - | AU32: - | AV32: - | AW32: - | AX32: - | AY32: - | AZ32: - | BA32: - | BB32: - | BC32: - | BD32: - | BE32: - | BF32: - | BG32: - | BH32: - | BI32: - | BJ32: -3148.9 | BK32: -205.8 | BL32: -11201.3 | BM32: -5366.2
B33: 석탄광업 | C33: 소계 | D33: 소계 | E33: 소계 | F33: - | G33: - | H33: - | I33: - | J33: - | K33: - | L33: - | M33: - | N33: - | O33: - | P33: - | Q33: - | R33: - | S33: - | T33: - | U33: - | V33: - | W33: - | X33: - | Y33: - | Z33: - | AA33: - | AB33: 0 | AC33: - | AD33: - | AE33: - | AF33: -0.4 | AG33: -15.8 | AH33: - | AI33: - | AJ33: -0.3 | AK33: - | AL33: - | AM33: - | AN33: - | AO33: - | AP33: - | AQ33: - | AR33: - | AS33: - | AT33: - | AU33: - | AV33: - | AW33: - | AX33: - | AY33: - | AZ33: - | BA33: - | BB33: - | BC33: - | BD33: - | BE33: - | BF33: - | BG33: - | BH33: - | BI33: - | BJ33: - | BK33: - | BL33: -16.6 | BM33: -
B34: 원유및천연가스채굴 | C34: 소계 | D34: 소계 | E34: 소계 | F34: - | G34: - | H34: - | I34: - | J34: - | K34: - | L34: - | M34: - | N34: - | O34: - | P34: - | Q34: - | R34: - | S34: - | T34: - | U34: - | V34: - | W34: - | X34: - | Y34: - | Z34: -3.8 | AA34: 0 | AB34: - | AC34: - | AD34: - | AE34: - | AF34: - | AG34: - | AH34: - | AI34: - | AJ34: - | AK34: - | AL34: - | AM34: - | AN34: - | AO34: - | AP34: - | AQ34: - | AR34: - | AS34: - | AT34: - | AU34: - | AV34: - | AW34: - | AX34: - | AY34: - | AZ34: - | BA34: - | BB34: - | BC34: - | BD34: - | BE34: - | BF34: - | BG34: - | BH34: - | BI34: - | BJ34: - | BK34: - | BL34: -3.8 | BM34: -
B35: 발전및열생산_자체소비 | C35: 소계 | D35: 소계 | E35: 소계 | F35: - | G35: - | H35: - | I35: - | J35: - | K35: - | L35: - | M35: - | N35: - | O35: - | P35: - | Q35: - | R35: - | S35: - | T35: - | U35: - | V35: - | W35: - | X35: - | Y35: - | Z35: - | AA35: - | AB35: - | AC35: - | AD35: - | AE35: - | AF35: - | AG35: - | AH35: - | AI35: - | AJ35: - | AK35: - | AL35: - | AM35: - | AN35: - | AO35: - | AP35: - | AQ35: - | AR35: - | AS35: - | AT35: - | AU35: - | AV35: - | AW35: - | AX35: - | AY35: - | AZ35: - | BA35: - | BB35: - | BC35: - | BD35: - | BE35: - | BF35: - | BG35: - | BH35: - | BI35: - | BJ35: -1827.9 | BK35: - | BL35: -1827.9 | BM35: -
B36: 양수투입 | C36: 소계 | D36: 소계 | E36: 소계 | F36: - | G36: - | H36: - | I36: - | J36: - | K36: - | L36: - | M36: - | N36: - | O36: - | P36: - | Q36: - | R36: - | S36: - | T36: - | U36: - | V36: - | W36: - | X36: - | Y36: - | Z36: - | AA36: - | AB36: - | AC36: - | AD36: - | AE36: - | AF36: - | AG36: - | AH36: - | AI36: - | AJ36: - | AK36: - | AL36: - | AM36: - | AN36: - | AO36: - | AP36: - | AQ36: - | AR36: - | AS36: - | AT36: - | AU36: - | AV36: - | AW36: - | AX36: - | AY36: - | AZ36: - | BA36: - | BB36: - | BC36: - | BD36: - | BE36: - | BF36: - | BG36: - | BH36: - | BI36: - | BJ36: -100.9 | BK36: - | BL36: -100.9 | BM36: -
B37: 코크스로_자체소비 | C37: 소계 | D37: 소계 | E37: 소계 | F37: - | G37: - | H37: - | I37: - | J37: - | K37: - | L37: - | M37: - | N37: - | O37: - | P37: -356.7 | Q37: -1116.4 | R37: -19.1 | S37: - | T37: - | U37: - | V37: - | W37: - | X37: - | Y37: - | Z37: - | AA37: - | AB37: - | AC37: - | AD37: - | AE37: - | AF37: - | AG37: - | AH37: - | AI37: - | AJ37: - | AK37: - | AL37: - | AM37: - | AN37: - | AO37: - | AP37: - | AQ37: - | AR37: - | AS37: - | AT37: - | AU37: - | AV37: - | AW37: - | AX37: - | AY37: - | AZ37: - | BA37: - | BB37: - | BC37: - | BD37: - | BE37: - | BF37: - | BG37: - | BH37: - | BI37: - | BJ37: - | BK37: - | BL37: -1492.3 | BM37: -1492.3
B38: 고로_자체소비 | C38: 소계 | D38: 소계 | E38: 소계 | F38: - | G38: - | H38: - | I38: - | J38: - | K38: - | L38: - | M38: - | N38: - | O38: - | P38: -621.8 | Q38: -1181.5 | R38: -20.8 | S38: - | T38: - | U38: - | V38: - | W38: - | X38: - | Y38: - | Z38: - | AA38: - | AB38: - | AC38: - | AD38: - | AE38: - | AF38: - | AG38: - | AH38: - | AI38: - | AJ38: - | AK38: - | AL38: - | AM38: - | AN38: - | AO38: - | AP38: - | AQ38: - | AR38: - | AS38: - | AT38: - | AU38: - | AV38: - | AW38: - | AX38: - | AY38: - | AZ38: - | BA38: - | BB38: - | BC38: - | BD38: - | BE38: - | BF38: - | BG38: - | BH38: - | BI38: - | BJ38: - | BK38: - | BL38: -1824.2 | BM38: -1824.2
B39: 연탄제조_자체소비 | C39: 소계 | D39: 소계 | E39: 소계 | F39: - | G39: - | H39: - | I39: - | J39: - | K39: - | L39: - | M39: - | N39: - | O39: - | P39: - | Q39: - | R39: - | S39: - | T39: - | U39: - | V39: - | W39: - | X39: - | Y39: - | Z39: - | AA39: - | AB39: - | AC39: - | AD39: - | AE39: - | AF39: - | AG39: - | AH39: - | AI39: - | AJ39: - | AK39: - | AL39: - | AM39: - | AN39: - | AO39: - | AP39: - | AQ39: - | AR39: - | AS39: - | AT39: - | AU39: - | AV39: - | AW39: - | AX39: - | AY39: - | AZ39: - | BA39: - | BB39: - | BC39: - | BD39: - | BE39: - | BF39: - | BG39: - | BH39: - | BI39: - | BJ39: - | BK39: - | BL39: - | BM39: -
B40: 석유정제_자체소비 | C40: 소계 | D40: 소계 | E40: 소계 | F40: - | G40: - | H40: - | I40: - | J40: - | K40: - | L40: - | M40: - | N40: - | O40: - | P40: - | Q40: - | R40: - | S40: -1034.4 | T40: -905 | U40: - | V40: -6.1 | W40: - | X40: - | Y40: -2033.9 | Z40: -37.5 | AA40: -0.1 | AB40: -0.2 | AC40: - | AD40: - | AE40: - | AF40: -0.5 | AG40: -1.5 | AH40: - | AI40: - | AJ40: -110.5 | AK40: - | AL40: - | AM40: - | AN40: - | AO40: - | AP40: - | AQ40: - | AR40: - | AS40: - | AT40: - | AU40: - | AV40: - | AW40: - | AX40: - | AY40: - | AZ40: - | BA40: - | BB40: - | BC40: - | BD40: - | BE40: - | BF40: - | BG40: - | BH40: - | BI40: - | BJ40: -1212.3 | BK40: -205.8 | BL40: -5547.8 | BM40: -2033.9
B41: 가스제조_자체소비 | C41: 소계 | D41: 소계 | E41: 소계 | F41: - | G41: - | H41: - | I41: - | J41: - | K41: - | L41: - | M41: - | N41: - | O41: - | P41: - | Q41: - | R41: - | S41: -111.2 | T41: - | U41: - | V41: - | W41: - | X41: - | Y41: -10.6 | Z41: -93.9 | AA41: -7.1 | AB41: 0 | AC41: - | AD41: - | AE41: - | AF41: 0 | AG41: 0 | AH41: - | AI41: - | AJ41: - | AK41: - | AL41: - | AM41: - | AN41: - | AO41: - | AP41: - | AQ41: - | AR41: - | AS41: - | AT41: - | AU41: - | AV41: - | AW41: - | AX41: - | AY41: - | AZ41: - | BA41: - | BB41: - | BC41: - | BD41: - | BE41: - | BF41: - | BG41: - | BH41: - | BI41: - | BJ41: - | BK41: - | BL41: -222.8 | BM41: -10.6
B42: 석탄합성가스제조_자체소비 | C42: 소계 | D42: 소계 | E42: 소계 | F42: - | G42: - | H42: - | I42: - | J42: - | K42: - | L42: - | M42: - | N42: - | O42: - | P42: - | Q42: - | R42: - | S42: - | T42: - | U42: - | V42: - | W42: - | X42: - | Y42: - | Z42: - | AA42: - | AB42: - | AC42: - | AD42: - | AE42: - | AF42: - | AG42: - | AH42: - | AI42: - | AJ42: - | AK42: - | AL42: - | AM42: - | AN42: - | AO42: - | AP42: - | AQ42: - | AR42: - | AS42: - | AT42: - | AU42: - | AV42: - | AW42: - | AX42: - | AY42: - | AZ42: - | BA42: - | BB42: - | BC42: - | BD42: - | BE42: - | BF42: - | BG42: - | BH42: - | BI42: - | BJ42: - | BK42: - | BL42: - | BM42: -
B43: 기타전환_자체소비 | C43: 소계 | D43: 소계 | E43: 소계 | F43: - | G43: - | H43: - | I43: - | J43: - | K43: - | L43: - | M43: - | N43: - | O43: - | P43: - | Q43: - | R43: - | S43: - | T43: - | U43: - | V43: - | W43: - | X43: - | Y43: -5.3 | Z43: -57.4 | AA43: -3.9 | AB43: - | AC43: - | AD43: - | AE43: -0.4 | AF43: -2.6 | AG43: -83.4 | AH43: - | AI43: - | AJ43: -4.3 | AK43: - | AL43: - | AM43: - | AN43: - | AO43: - | AP43: - | AQ43: - | AR43: - | AS43: - | AT43: - | AU43: - | AV43: - | AW43: - | AX43: - | AY43: - | AZ43: - | BA43: - | BB43: - | BC43: - | BD43: - | BE43: - | BF43: - | BG43: - | BH43: - | BI43: - | BJ43: -7.8 | BK43: - | BL43: -165.1 | BM43: -5.3
A44: 손실 | B44: 소계 | C44: 소계 | D44: 소계 | E44: 소계 | F44: - | G44: - | H44: - | I44: - | J44: - | K44: - | L44: - | M44: - | N44: - | O44: - | P44: - | Q44: - | R44: - | S44: 10.9 | T44: - | U44: - | V44: - | W44: - | X44: - | Y44: - | Z44: - | AA44: - | AB44: - | AC44: - | AD44: - | AE44: - | AF44: - | AG44: - | AH44: - | AI44: - | AJ44: - | AK44: - | AL44: - | AM44: - | AN44: - | AO44: - | AP44: - | AQ44: - | AR44: - | AS44: - | AT44: - | AU44: - | AV44: - | AW44: - | AX44: - | AY44: - | AZ44: - | BA44: - | BB44: - | BC44: - | BD44: - | BE44: - | BF44: - | BG44: - | BH44: - | BI44: - | BJ44: -1510.9 | BK44: -527.2 | BL44: -2027.3 | BM44: -
A45: 최종소비 | B45: 소계 | C45: 소계 | D45: 소계 | E45: 소계 | F45: - | G45: 3023.5 | H45: - | I45: 3710.9 | J45: - | K45: 0 | L45: 35.6 | M45: 206.6 | N45: 713.7 | O45: 530.2 | P45: 1831.5 | Q45: 87.4 | R45: 242.5 | S45: 1830.3 | T45: 23262.1 | U45: - | V45: - | W45: - | X45: - | Y45: 273.9 | Z45: 6840.9 | AA45: 3984.1 | AB45: 10538.4 | AC45: 2.1 | AD45: - | AE45: 2150.6 | AF45: 2296.8 | AG45: 22341.8 | AH45: 158.8 | AI45: 22 | AJ45: 701.4 | AK45: 45343.3 | AL45: 197.3 | AM45: 1219.2 | AN45: 1509.8 | AO45: 24.5 | AP45: 605.7 | AQ45: 3069 | AR45: 1786.8 | AS45: 885.3 | AT45: 356.2 | AU45: 1236.5 | AV45: 64.9 | AW45: 5.7 | AX45: - | AY45: 703.9 | AZ45: - | BA45: - | BB45: - | BC45: - | BD45: 255.6 | BE45: - | BF45: 25.6 | BG45: - | BH45: - | BI45: - | BJ45: 48253.1 | BK45: 6523.8 | BL45: 196851.6 | BM45: 7755.9
B46: 최종에너지소비 | C46: 소계 | D46: 소계 | E46: 소계 | F46: - | G46: 3023.5 | H46: - | I46: 3710.9 | J46: - | K46: 0 | L46: - | M46: 206.6 | N46: 713.7 | O46: - | P46: 1831.5 | Q46: 87.4 | R46: 242.5 | S46: 775.4 | T46: 23262.1 | U46: - | V46: - | W46: - | X46: - | Y46: 273.9 | Z46: 2866 | AA46: 3287.3 | AB46: 10538.4 | AC46: 2.1 | AD46: - | AE46: 2150.6 | AF46: 2296.8 | AG46: 22341.8 | AH46: 158.8 | AI46: 22 | AJ46: 701.4 | AK46: - | AL46: - | AM46: - | AN46: - | AO46: - | AP46: - | AQ46: - | AR46: 1786.8 | AS46: 885.3 | AT46: 356.2 | AU46: 1236.5 | AV46: 64.9 | AW46: 5.7 | AX46: - | AY46: 703.9 | AZ46: - | BA46: - | BB46: - | BC46: - | BD46: 255.6 | BE46: - | BF46: 25.6 | BG46: - | BH46: - | BI46: - | BJ46: 48253.1 | BK46: 6523.8 | BL46: 138590.3 | BM46: 7755.9
C47: 산업 | D47: 소계 | E47: 소계 | F47: - | G47: 3023.5 | H47: - | I47: 3710.9 | J47: - | K47: 0 | L47: - | M47: 0.9 | N47: 713.7 | O47: - | P47: 1831.5 | Q47: 87.4 | R47: 242.5 | S47: 775.4 | T47: 7743 | U47: - | V47: - | W47: - | X47: - | Y47: 273.9 | Z47: 1099.4 | AA47: 158.4 | AB47: 147.7 | AC47: 0 | AD47: - | AE47: 0.3 | AF47: 315.4 | AG47: 2129.1 | AH47: 71.1 | AI47: 17.8 | AJ47: 505.9 | AK47: - | AL47: - | AM47: - | AN47: - | AO47: - | AP47: - | AQ47: - | AR47: 1686.4 | AS47: 116.9 | AT47: 342.5 | AU47: 1004.5 | AV47: 15.6 | AW47: 5.7 | AX47: - | AY47: - | AZ47: - | BA47: - | BB47: - | BC47: - | BD47: 37.6 | BE47: - | BF47: 1.3 | BG47: - | BH47: - | BI47: - | BJ47: 26318 | BK47: 3756.6 | BL47: 56133 | BM47: 5645.9
D48: 농림업 | E48: 소계 | F48: - | G48: - | H48: - | I48: - | J48: - | K48: - | L48: - | M48: 0.5 | N48: - | O48: - | P48: - | Q48: - | R48: - | S48: - | T48: 2.5 | U48: - | V48: - | W48: - | X48: - | Y48: - | Z48: 4.9 | AA48: 0.1 | AB48: 31.8 | AC48: - | AD48: - | AE48: - | AF48: 201 | AG48: 242.2 | AH48: 4.3 | AI48: 3.9 | AJ48: 7.9 | AK48: - | AL48: - | AM48: - | AN48: - | AO48: - | AP48: - | AQ48: - | AR48: - | AS48: 0.6 | AT48: - | AU48: 99.1 | AV48: - | AW48: - | AX48: - | AY48: - | AZ48: - | BA48: - | BB48: - | BC48: - | BD48: 32.7 | BE48: - | BF48: - | BG48: - | BH48: - | BI48: - | BJ48: 1325.7 | BK48: - | BL48: 1957.2 | BM48: 132.4
D49: 어업 | E49: 소계 | F49: - | G49: - | H49: - | I49: - | J49: - | K49: - | L49: - | M49: - | N49: - | O49: - | P49: - | Q49: - | R49: - | S49: - | T49: - | U49: - | V49: - | W49: - | X49: - | Y49: - | Z49: 1.2 | AA49: - | AB49: 78.6 | AC49: - | AD49: - | AE49: - | AF49: 0 | AG49: 785.9 | AH49: 8.2 | AI49: 6.4 | AJ49: 5.8 | AK49: - | AL49: - | AM49: - | AN49: - | AO49: - | AP49: - | AQ49: - | AR49: - | AS49: - | AT49: - | AU49: - | AV49: - | AW49: - | AX49: - | AY49: - | AZ49: - | BA49: - | BB49: - | BC49: - | BD49: - | BE49: - | BF49: - | BG49: - | BH49: - | BI49: - | BJ49: 265 | BK49: - | BL49: 1150.9 | BM49: -
D50: 광업(석탄광업제외) | E50: 소계 | F50: - | G50: - | H50: - | I50: - | J50: - | K50: - | L50: - | M50: - | N50: - | O50: - | P50: - | Q50: - | R50: - | S50: - | T50: - | U50: - | V50: - | W50: - | X50: - | Y50: - | Z50: 1.8 | AA50: 0 | AB50: 0 | AC50: - | AD50: - | AE50: - | AF50: 0.7 | AG50: 31.1 | AH50: 7.3 | AI50: 0.2 | AJ50: 4 | AK50: - | AL50: - | AM50: - | AN50: - | AO50: - | AP50: - | AQ50: - | AR50: - | AS50: - | AT50: - | AU50: 0.1 | AV50: - | AW50: - | AX50: - | AY50: - | AZ50: - | BA50: - | BB50: - | BC50: - | BD50: - | BE50: - | BF50: - | BG50: - | BH50: - | BI50: - | BJ50: 155.4 | BK50: - | BL50: 200.6 | BM50: 0.1
D51: 제조업 | E51: 소계 | F51: - | G51: 3023.5 | H51: - | I51: 3710.9 | J51: - | K51: - | L51: - | M51: 0.4 | N51: 713.7 | O51: - | P51: 1831.5 | Q51: 87.4 | R51: 242.5 | S51: 775.4 | T51: 7740.6 | U51: - | V51: - | W51: - | X51: - | Y51: 273.9 | Z51: 1083.3 | AA51: 158.3 | AB51: 28.4 | AC51: 0 | AD51: - | AE51: 0.3 | AF51: 92.5 | AG51: 439 | AH51: 30.1 | AI51: 5.5 | AJ51: 482.9 | AK51: - | AL51: - | AM51: - | AN51: - | AO51: - | AP51: - | AQ51: - | AR51: 1686.4 | AS51: 105.7 | AT51: 342.5 | AU51: 905.2 | AV51: 15.5 | AW51: 5.7 | AX51: - | AY51: - | AZ51: - | BA51: - | BB51: - | BC51: - | BD51: 5 | BE51: - | BF51: 1.3 | BG51: - | BH51: - | BI51: - | BJ51: 24571.9 | BK51: 3756.6 | BL51: 52116 | BM51: 5502.6
E52: 식품및담배 | F52: - | G52: - | H52: - | I52: - | J52: - | K52: - | L52: - | M52: - | N52: - | O52: - | P52: - | Q52: - | R52: - | S52: - | T52: 901.4 | U52: - | V52: - | W52: - | X52: - | Y52: - | Z52: 20.4 | AA52: 0.4 | AB52: 0.2 | AC52: - | AD52: - | AE52: - | AF52: 8.8 | AG52: 3.6 | AH52: 0.4 | AI52: 0.2 | AJ52: 13 | AK52: - | AL52: - | AM52: - | AN52: - | AO52: - | AP52: - | AQ52: - | AR52: 36.4 | AS52: - | AT52: 4.4 | AU52: 19.3 | AV52: 5.5 | AW52: - | AX52: - | AY52: - | AZ52: - | BA52: - | BB52: - | BC52: - | BD52: - | BE52: - | BF52: - | BG52: - | BH52: - | BI52: - | BJ52: 1167.4 | BK52: 117.1 | BL52: 2298.3 | BM52: 65.5
E53: 섬유및가죽 | F53: - | G53: - | H53: - | I53: 436.2 | J53: - | K53: - | L53: - | M53: - | N53: - | O53: - | P53: - | Q53: - | R53: - | S53: - | T53: 233 | U53: - | V53: - | W53: - | X53: - | Y53: - | Z53: 3.9 | AA53: 0.2 | AB53: 0.1 | AC53: - | AD53: - | AE53: - | AF53: 4.8 | AG53: 2.4 | AH53: 0.2 | AI53: 1.2 | AJ53: 3.7 | AK53: - | AL53: - | AM53: - | AN53: - | AO53: - | AP53: - | AQ53: - | AR53: 31.5 | AS53: - | AT53: 17.9 | AU53: 59.7 | AV53: - | AW53: 5.7 | AX53: - | AY53: - | AZ53: - | BA53: - | BB53: - | BC53: - | BD53: - | BE53: - | BF53: - | BG53: - | BH53: - | BI53: - | BJ53: 831 | BK53: 244.4 | BL53: 1875.9 | BM53: 114.7
E54: 목재및나무제품 | F54: - | G54: - | H54: - | I54: - | J54: - | K54: - | L54: - | M54: - | N54: - | O54: - | P54: - | Q54: - | R54: - | S54: - | T54: 28 | U54: - | V54: - | W54: - | X54: - | Y54: - | Z54: 0.3 | AA54: - | AB54: 0.2 | AC54: - | AD54: - | AE54: - | AF54: 0.9 | AG54: 4.3 | AH54: - | AI54: - | AJ54: 1.4 | AK54: - | AL54: - | AM54: - | AN54: - | AO54: - | AP54: - | AQ54: - | AR54: - | AS54: - | AT54: 6.4 | AU54: 57.6 | AV54: - | AW54: - | AX54: - | AY54: - | AZ54: - | BA54: - | BB54: - | BC54: - | BD54: - | BE54: - | BF54: - | BG54: - | BH54: - | BI54: - | BJ54: 151.4 | BK54: 7.6 | BL54: 258 | BM54: 63.9
E55: 제지및인쇄 | F55: - | G55: - | H55: - | I55: - | J55: - | K55: - | L55: - | M55: - | N55: - | O55: - | P55: - | Q55: - | R55: - | S55: 1.1 | T55: 309.7 | U55: - | V55: - | W55: - | X55: - | Y55: - | Z55: 5.3 | AA55: - | AB55: 0.1 | AC55: - | AD55: - | AE55: - | AF55: 1 | AG55: 7.3 | AH55: 0.3 | AI55: 0.3 | AJ55: 9.4 | AK55: - | AL55: - | AM55: - | AN55: - | AO55: - | AP55: - | AQ55: - | AR55: 302.2 | AS55: 20.9 | AT55: 137.8 | AU55: 241.5 | AV55: 1.4 | AW55: - | AX55: - | AY55: - | AZ55: - | BA55: - | BB55: - | BC55: - | BD55: - | BE55: - | BF55: - | BG55: - | BH55: - | BI55: - | BJ55: 824.3 | BK55: 241.9 | BL55: 2104.6 | BM55: 703.8
E56: 화학및석유화학 | F56: - | G56: - | H56: - | I56: 696.2 | J56: - | K56: - | L56: - | M56: - | N56: - | O56: - | P56: - | Q56: - | R56: - | S56: 23.4 | T56: 1920.1 | U56: - | V56: - | W56: - | X56: - | Y56: 273.9 | Z56: 285.8 | AA56: 10.2 | AB56: 0.2 | AC56: - | AD56: - | AE56: - | AF56: 7.5 | AG56: 6.9 | AH56: 2.3 | AI56: 2.7 | AJ56: 141.5 | AK56: - | AL56: - | AM56: - | AN56: - | AO56: - | AP56: - | AQ56: - | AR56: 295.2 | AS56: 28.1 | AT56: 133.9 | AU56: 359.9 | AV56: 6.7 | AW56: - | AX56: - | AY56: - | AZ56: - | BA56: - | BB56: - | BC56: - | BD56: - | BE56: - | BF56: - | BG56: - | BH56: - | BI56: - | BJ56: 5262.4 | BK56: 2724.1 | BL56: 12180.8 | BM56: 1097.7
E57: 비금속광물 | F57: - | G57: - | H57: - | I57: 2160.2 | J57: - | K57: - | L57: - | M57: - | N57: - | O57: - | P57: - | Q57: - | R57: - | S57: - | T57: 552.9 | U57: - | V57: - | W57: - | X57: - | Y57: - | Z57: 18.1 | AA57: 0 | AB57: 0.4 | AC57: - | AD57: - | AE57: - | AF57: 0.7 | AG57: 131.5 | AH57: 2.6 | AI57: 0.4 | AJ57: 214.4 | AK57: - | AL57: - | AM57: - | AN57: - | AO57: - | AP57: - | AQ57: - | AR57: 850.6 | AS57: - | AT57: - | AU57: 2.3 | AV57: - | AW57: - | AX57: - | AY57: - | AZ57: - | BA57: - | BB57: - | BC57: - | BD57: - | BE57: - | BF57: - | BG57: - | BH57: - | BI57: - | BJ57: 1006.2 | BK57: 0.5 | BL57: 4940.9 | BM57: 852.8
E58: 철강 | F58: - | G58: 623.1 | H58: - | I58: 281.6 | J58: - | K58: - | L58: - | M58: - | N58: 713.7 | O58: - | P58: 1831.5 | Q58: 87.4 | R58: 242.5 | S58: 446.8 | T58: 1096.1 | U58: - | V58: - | W58: - | X58: - | Y58: - | Z58: 60.5 | AA58: 1.9 | AB58: - | AC58: - | AD58: - | AE58: - | AF58: 0.2 | AG58: 4.3 | AH58: 0.1 | AI58: 0 | AJ58: 0 | AK58: - | AL58: - | AM58: - | AN58: - | AO58: - | AP58: - | AQ58: - | AR58: 7.9 | AS58: - | AT58: - | AU58: 3.8 | AV58: - | AW58: - | AX58: - | AY58: - | AZ58: - | BA58: - | BB58: - | BC58: - | BD58: - | BE58: - | BF58: - | BG58: - | BH58: - | BI58: - | BJ58: 4556 | BK58: 5.6 | BL58: 9963.4 | BM58: 2173.2
E59: 비철금속 | F59: - | G59: 247.9 | H59: - | I59: 136.6 | J59: - | K59: - | L59: - | M59: - | N59: - | O59: - | P59: - | Q59: - | R59: - | S59: - | T59: 484.3 | U59: - | V59: - | W59: - | X59: - | Y59: - | Z59: 12.4 | AA59: 0.1 | AB59: - | AC59: - | AD59: - | AE59: - | AF59: 0.2 | AG59: 3.1 | AH59: 0.1 | AI59: 0 | AJ59: 20.2 | AK59: - | AL59: - | AM59: - | AN59: - | AO59: - | AP59: - | AQ59: - | AR59: - | AS59: - | AT59: - | AU59: - | AV59: - | AW59: - | AX59: - | AY59: - | AZ59: - | BA59: - | BB59: - | BC59: - | BD59: - | BE59: - | BF59: - | BG59: - | BH59: - | BI59: - | BJ59: 829.2 | BK59: 71.3 | BL59: 1805.6 | BM59: -
E60: 기계류 | F60: - | G60: - | H60: - | I60: - | J60: - | K60: - | L60: - | M60: - | N60: - | O60: - | P60: - | Q60: - | R60: - | S60: - | T60: 1393 | U60: - | V60: - | W60: - | X60: - | Y60: - | Z60: 23.5 | AA60: 0.4 | AB60: 0.5 | AC60: - | AD60: - | AE60: - | AF60: 8 | AG60: 44 | AH60: 1.2 | AI60: 0.1 | AJ60: 2.8 | AK60: - | AL60: - | AM60: - | AN60: - | AO60: - | AP60: - | AQ60: - | AR60: 5.6 | AS60: - | AT60: 5.7 | AU60: 42.2 | AV60: - | AW60: - | AX60: - | AY60: - | AZ60: - | BA60: - | BB60: - | BC60: - | BD60: - | BE60: - | BF60: - | BG60: - | BH60: - | BI60: - | BJ60: 7728.8 | BK60: 295.7 | BL60: 9551.3 | BM60: 53.5
E61: 수송장비 | F61: - | G61: - | H61: - | I61: - | J61: - | K61: - | L61: - | M61: - | N61: - | O61: - | P61: - | Q61: - | R61: - | S61: 61.9 | T61: 670.4 | U61: - | V61: - | W61: - | X61: - | Y61: - | Z61: 28.8 | AA61: 1.6 | AB61: 21.8 | AC61: 0 | AD61: - | AE61: 0 | AF61: 0.5 | AG61: 78 | AH61: 20.9 | AI61: 0 | AJ61: 47.4 | AK61: - | AL61: - | AM61: - | AN61: - | AO61: - | AP61: - | AQ61: - | AR61: 4.7 | AS61: - | AT61: 14 | AU61: 0.2 | AV61: - | AW61: - | AX61: - | AY61: - | AZ61: - | BA61: - | BB61: - | BC61: - | BD61: - | BE61: - | BF61: - | BG61: - | BH61: - | BI61: - | BJ61: 1902 | BK61: 48.3 | BL61: 2900.5 | BM61: 18.8
E62: 기타제조 | F62: - | G62: 2152.5 | H62: - | I62: - | J62: - | K62: - | L62: - | M62: 0.4 | N62: - | O62: - | P62: - | Q62: - | R62: - | S62: 242.1 | T62: 151.8 | U62: - | V62: - | W62: - | X62: - | Y62: - | Z62: 624.3 | AA62: 143.5 | AB62: 5 | AC62: - | AD62: - | AE62: 0.3 | AF62: 59.9 | AG62: 153.6 | AH62: 1.9 | AI62: 0.5 | AJ62: 29.1 | AK62: - | AL62: - | AM62: - | AN62: - | AO62: - | AP62: - | AQ62: - | AR62: 152.4 | AS62: 56.8 | AT62: 22.5 | AU62: 118.7 | AV62: 2 | AW62: - | AX62: - | AY62: - | AZ62: - | BA62: - | BB62: - | BC62: - | BD62: 5 | BE62: - | BF62: 1.3 | BG62: - | BH62: - | BI62: - | BJ62: 313.3 | BK62: 0 | BL62: 4236.8 | BM62: 358.6
D63: 건설업 | E63: 소계 | F63: - | G63: - | H63: - | I63: - | J63: - | K63: 0 | L63: - | M63: - | N63: - | O63: - | P63: - | Q63: - | R63: - | S63: - | T63: - | U63: - | V63: - | W63: - | X63: - | Y63: - | Z63: 8.2 | AA63: - | AB63: 8.8 | AC63: - | AD63: - | AE63: - | AF63: 21.2 | AG63: 631 | AH63: 21.2 | AI63: 1.8 | AJ63: 5.3 | AK63: - | AL63: - | AM63: - | AN63: - | AO63: - | AP63: - | AQ63: - | AR63: 0 | AS63: 10.5 | AT63: - | AU63: 0.2 | AV63: 0 | AW63: - | AX63: - | AY63: - | AZ63: - | BA63: - | BB63: - | BC63: - | BD63: - | BE63: - | BF63: - | BG63: - | BH63: - | BI63: - | BJ63: - | BK63: - | BL63: 708.2 | BM63: 10.8
C64: 수송 | D64: 소계 | E64: 소계 | F64: - | G64: - | H64: - | I64: - | J64: - | K64: - | L64: - | M64: - | N64: - | O64: - | P64: - | Q64: - | R64: - | S64: - | T64: 1059.6 | U64: - | V64: - | W64: - | X64: - | Y64: - | Z64: 1.7 | AA64: 3031.2 | AB64: 10354.1 | AC64: 0.6 | AD64: - | AE64: 1673.4 | AF64: 5.4 | AG64: 19246.3 | AH64: 78.3 | AI64: 2.3 | AJ64: 160.5 | AK64: - | AL64: - | AM64: - | AN64: - | AO64: - | AP64: - | AQ64: - | AR64: - | AS64: - | AT64: - | AU64: - | AV64: - | AW64: - | AX64: - | AY64: 703.9 | AZ64: - | BA64: - | BB64: - | BC64: - | BD64: - | BE64: - | BF64: - | BG64: - | BH64: - | BI64: - | BJ64: 318.3 | BK64: - | BL64: 36635.6 | BM64: 703.9
D65: 철도 | E65: 소계 | F65: - | G65: - | H65: - | I65: - | J65: - | K65: - | L65: - | M65: - | N65: - | O65: - | P65: - | Q65: - | R65: - | S65: - | T65: - | U65: - | V65: - | W65: - | X65: - | Y65: - | Z65: 0 | AA65: - | AB65: - | AC65: - | AD65: - | AE65: - | AF65: 0 | AG65: 74.8 | AH65: - | AI65: - | AJ65: - | AK65: - | AL65: - | AM65: - | AN65: - | AO65: - | AP65: - | AQ65: - | AR65: - | AS65: - | AT65: - | AU65: - | AV65: - | AW65: - | AX65: - | AY65: - | AZ65: - | BA65: - | BB65: - | BC65: - | BD65: - | BE65: - | BF65: - | BG65: - | BH65: - | BI65: - | BJ65: 257.7 | BK65: - | BL65: 332.5 | BM65: -
D66: 도로 | E66: 소계 | F66: - | G66: - | H66: - | I66: - | J66: - | K66: - | L66: - | M66: - | N66: - | O66: - | P66: - | Q66: - | R66: - | S66: - | T66: 1059.6 | U66: - | V66: - | W66: - | X66: - | Y66: - | Z66: 0.4 | AA66: 3031.2 | AB66: 10354.1 | AC66: - | AD66: - | AE66: - | AF66: 0.8 | AG66: 18987.5 | AH66: 0.9 | AI66: 0 | AJ66: - | AK66: - | AL66: - | AM66: - | AN66: - | AO66: - | AP66: - | AQ66: - | AR66: - | AS66: - | AT66: - | AU66: - | AV66: - | AW66: - | AX66: - | AY66: 703.9 | AZ66: - | BA66: - | BB66: - | BC66: - | BD66: - | BE66: - | BF66: - | BG66: - | BH66: - | BI66: - | BJ66: 60.6 | BK66: - | BL66: 34199.1 | BM66: 703.9
D67: 국내해운 | E67: 소계 | F67: - | G67: - | H67: - | I67: - | J67: - | K67: - | L67: - | M67: - | N67: - | O67: - | P67: - | Q67: - | R67: - | S67: - | T67: - | U67: - | V67: - | W67: - | X67: - | Y67: - | Z67: 1 | AA67: - | AB67: - | AC67: - | AD67: - | AE67: - | AF67: 4.3 | AG67: 182.6 | AH67: 77.4 | AI67: 2.3 | AJ67: 160.5 | AK67: - | AL67: - | AM67: - | AN67: - | AO67: - | AP67: - | AQ67: - | AR67: - | AS67: - | AT67: - | AU67: - | AV67: - | AW67: - | AX67: - | AY67: - | AZ67: - | BA67: - | BB67: - | BC67: - | BD67: - | BE67: - | BF67: - | BG67: - | BH67: - | BI67: - | BJ67: - | BK67: - | BL67: 428 | BM67: -
D68: 국내항공 | E68: 소계 | F68: - | G68: - | H68: - | I68: - | J68: - | K68: - | L68: - | M68: - | N68: - | O68: - | P68: - | Q68: - | R68: - | S68: - | T68: - | U68: - | V68: - | W68: - | X68: - | Y68: - | Z68: 0.3 | AA68: - | AB68: 0 | AC68: 0.6 | AD68: - | AE68: 1673.4 | AF68: 0.3 | AG68: 1.4 | AH68: - | AI68: - | AJ68: - | AK68: - | AL68: - | AM68: - | AN68: - | AO68: - | AP68: - | AQ68: - | AR68: - | AS68: - | AT68: - | AU68: - | AV68: - | AW68: - | AX68: - | AY68: - | AZ68: - | BA68: - | BB68: - | BC68: - | BD68: - | BE68: - | BF68: - | BG68: - | BH68: - | BI68: - | BJ68: - | BK68: - | BL68: 1676 | BM68: -
C69: 가정 | D69: 소계 | E69: 소계 | F69: - | G69: - | H69: - | I69: - | J69: - | K69: - | L69: - | M69: 187.9 | N69: - | O69: - | P69: - | Q69: - | R69: - | S69: - | T69: 11096.1 | U69: - | V69: - | W69: - | X69: - | Y69: - | Z69: 572.1 | AA69: 13.1 | AB69: 0.9 | AC69: - | AD69: - | AE69: - | AF69: 1491.8 | AG69: 1.8 | AH69: 1.3 | AI69: 0.3 | AJ69: 14.9 | AK69: - | AL69: - | AM69: - | AN69: - | AO69: - | AP69: - | AQ69: - | AR69: - | AS69: - | AT69: - | AU69: 127.1 | AV69: - | AW69: - | AX69: - | AY69: - | AZ69: - | BA69: - | BB69: - | BC69: - | BD69: 41.8 | BE69: - | BF69: 11.5 | BG69: - | BH69: - | BI69: - | BJ69: 6847.9 | BK69: 2325.7 | BL69: 22734.1 | BM69: 180.4
C70: 상업 | D70: 소계 | E70: 소계 | F70: - | G70: - | H70: - | I70: - | J70: - | K70: - | L70: - | M70: 17.6 | N70: - | O70: - | P70: - | Q70: - | R70: - | S70: - | T70: 3289.5 | U70: - | V70: - | W70: - | X70: - | Y70: - | Z70: 1168.5 | AA70: 84.4 | AB70: 7.1 | AC70: 0 | AD70: - | AE70: 9.2 | AF70: 451.2 | AG70: 390.6 | AH70: 4.1 | AI70: 1.3 | AJ70: 15.8 | AK70: - | AL70: - | AM70: - | AN70: - | AO70: - | AP70: - | AQ70: - | AR70: 32 | AS70: 48 | AT70: 1.1 | AU70: 42.6 | AV70: - | AW70: - | AX70: - | AY70: - | AZ70: - | BA70: - | BB70: - | BC70: - | BD70: 3.9 | BE70: - | BF70: 1.4 | BG70: - | BH70: - | BI70: - | BJ70: 12062.4 | BK70: 363.3 | BL70: 17994.1 | BM70: 129
C71: 공공 | D71: 소계 | E71: 소계 | F71: - | G71: - | H71: - | I71: - | J71: - | K71: - | L71: - | M71: 0.1 | N71: - | O71: - | P71: - | Q71: - | R71: - | S71: - | T71: 73.9 | U71: - | V71: - | W71: - | X71: - | Y71: - | Z71: 24.4 | AA71: 0.2 | AB71: 28.6 | AC71: 1.5 | AD71: - | AE71: 467.6 | AF71: 33 | AG71: 574.2 | AH71: 4.1 | AI71: 0.2 | AJ71: 4.3 | AK71: - | AL71: - | AM71: - | AN71: - | AO71: - | AP71: - | AQ71: - | AR71: 68.5 | AS71: 720.4 | AT71: 12.6 | AU71: 62.3 | AV71: 49.4 | AW71: - | AX71: - | AY71: - | AZ71: - | BA71: - | BB71: - | BC71: - | BD71: 172.3 | BE71: - | BF71: 11.3 | BG71: - | BH71: - | BI71: - | BJ71: 2706.6 | BK71: 78.2 | BL71: 5093.5 | BM71: 1096.8
B72: 최종비에너지소비 | C72: 소계 | D72: 소계 | E72: 소계 | F72: - | G72: - | H72: - | I72: - | J72: - | K72: - | L72: 35.6 | M72: - | N72: - | O72: 530.2 | P72: - | Q72: - | R72: - | S72: 1054.9 | T72: - | U72: - | V72: - | W72: - | X72: - | Y72: - | Z72: 3974.9 | AA72: 696.8 | AB72: - | AC72: - | AD72: - | AE72: - | AF72: - | AG72: - | AH72: - | AI72: - | AJ72: - | AK72: 45343.3 | AL72: 197.3 | AM72: 1219.2 | AN72: 1509.8 | AO72: 24.5 | AP72: 605.7 | AQ72: 3069 | AR72: - | AS72: - | AT72: - | AU72: - | AV72: - | AW72: - | AX72: - | AY72: - | AZ72: - | BA72: - | BB72: - | BC72: - | BD72: - | BE72: - | BF72: - | BG72: - | BH72: - | BI72: - | BJ72: - | BK72: - | BL72: 58261.3 | BM72: -
C73: 비에너지_산업및에너지 | D73: 소계 | E73: 소계 | F73: - | G73: - | H73: - | I73: - | J73: - | K73: - | L73: 35.6 | M73: - | N73: - | O73: 530.2 | P73: - | Q73: - | R73: - | S73: 1054.9 | T73: - | U73: - | V73: - | W73: - | X73: - | Y73: - | Z73: 3974.9 | AA73: 696.8 | AB73: - | AC73: - | AD73: - | AE73: - | AF73: - | AG73: - | AH73: - | AI73: - | AJ73: - | AK73: 45343.3 | AL73: 169.6 | AM73: 1219.2 | AN73: 1509.8 | AO73: 24.5 | AP73: 605.2 | AQ73: 3069 | AR73: - | AS73: - | AT73: - | AU73: - | AV73: - | AW73: - | AX73: - | AY73: - | AZ73: - | BA73: - | BB73: - | BC73: - | BD73: - | BE73: - | BF73: - | BG73: - | BH73: - | BI73: - | BJ73: - | BK73: - | BL73: 58233 | BM73: -
C74: 비에너지_수송 | D74: 소계 | E74: 소계 | F74: - | G74: - | H74: - | I74: - | J74: - | K74: - | L74: - | M74: - | N74: - | O74: - | P74: - | Q74: - | R74: - | S74: - | T74: - | U74: - | V74: - | W74: - | X74: - | Y74: - | Z74: - | AA74: - | AB74: - | AC74: - | AD74: - | AE74: - | AF74: - | AG74: - | AH74: - | AI74: - | AJ74: - | AK74: - | AL74: 0 | AM74: - | AN74: - | AO74: - | AP74: - | AQ74: - | AR74: - | AS74: - | AT74: - | AU74: - | AV74: - | AW74: - | AX74: - | AY74: - | AZ74: - | BA74: - | BB74: - | BC74: - | BD74: - | BE74: - | BF74: - | BG74: - | BH74: - | BI74: - | BJ74: - | BK74: - | BL74: 0 | BM74: -
C75: 비에너지_가정 | D75: 소계 | E75: 소계 | F75: - | G75: - | H75: - | I75: - | J75: - | K75: - | L75: - | M75: - | N75: - | O75: - | P75: - | Q75: - | R75: - | S75: - | T75: - | U75: - | V75: - | W75: - | X75: - | Y75: - | Z75: - | AA75: - | AB75: - | AC75: - | AD75: - | AE75: - | AF75: - | AG75: - | AH75: - | AI75: - | AJ75: - | AK75: - | AL75: - | AM75: - | AN75: - | AO75: - | AP75: - | AQ75: - | AR75: - | AS75: - | AT75: - | AU75: - | AV75: - | AW75: - | AX75: - | AY75: - | AZ75: - | BA75: - | BB75: - | BC75: - | BD75: - | BE75: - | BF75: - | BG75: - | BH75: - | BI75: - | BJ75: - | BK75: - | BL75: - | BM75: -
C76: 비에너지_상업 | D76: 소계 | E76: 소계 | F76: - | G76: - | H76: - | I76: - | J76: - | K76: - | L76: - | M76: - | N76: - | O76: - | P76: - | Q76: - | R76: - | S76: - | T76: - | U76: - | V76: - | W76: - | X76: - | Y76: - | Z76: - | AA76: - | AB76: - | AC76: - | AD76: - | AE76: - | AF76: - | AG76: - | AH76: - | AI76: - | AJ76: - | AK76: - | AL76: 27.6 | AM76: - | AN76: - | AO76: - | AP76: 0.5 | AQ76: - | AR76: - | AS76: - | AT76: - | AU76: - | AV76: - | AW76: - | AX76: - | AY76: - | AZ76: - | BA76: - | BB76: - | BC76: - | BD76: - | BE76: - | BF76: - | BG76: - | BH76: - | BI76: - | BJ76: - | BK76: - | BL76: 28 | BM76: -
C77: 비에너지_공공 | D77: 소계 | E77: 소계 | F77: - | G77: - | H77: - | I77: - | J77: - | K77: - | L77: - | M77: - | N77: - | O77: - | P77: - | Q77: - | R77: - | S77: - | T77: - | U77: - | V77: - | W77: - | X77: - | Y77: - | Z77: - | AA77: - | AB77: - | AC77: - | AD77: - | AE77: - | AF77: - | AG77: - | AH77: - | AI77: - | AJ77: - | AK77: - | AL77: 0.2 | AM77: - | AN77: - | AO77: - | AP77: - | AQ77: - | AR77: - | AS77: - | AT77: - | AU77: - | AV77: - | AW77: - | AX77: - | AY77: - | AZ77: - | BA77: - | BB77: - | BC77: - | BD77: - | BE77: - | BF77: - | BG77: - | BH77: - | BI77: - | BJ77: - | BK77: - | BL77: 0.2 | BM77: -
C78: 메모: 석유화학원료 | D78: 소계 | E78: 소계 | F78: - | G78: - | H78: - | I78: - | J78: - | K78: - | L78: - | M78: - | N78: - | O78: 530.2 | P78: - | Q78: - | R78: - | S78: 52.8 | T78: - | U78: - | V78: - | W78: - | X78: - | Y78: - | Z78: 3974.9 | AA78: 696.8 | AB78: - | AC78: - | AD78: - | AE78: - | AF78: - | AG78: - | AH78: - | AI78: - | AJ78: - | AK78: 45343.3 | AL78: - | AM78: - | AN78: - | AO78: - | AP78: - | AQ78: - | AR78: - | AS78: - | AT78: - | AU78: - | AV78: - | AW78: - | AX78: - | AY78: - | AZ78: - | BA78: - | BB78: - | BC78: - | BD78: - | BE78: - | BF78: - | BG78: - | BH78: - | BI78: - | BJ78: - | BK78: - | BL78: 50598 | BM78: -
A79: 전기생산 (GWh) | B79: 소계 | C79: 소계 | D79: 소계 | E79: 소계 | F79: 774.9 | G79: 1035.5 | H79: - | I79: 193199.9 | J79: 4300.5 | K79: - | L79: - | M79: - | N79: - | O79: - | P79: 3605.9 | Q79: 15672.3 | R79: 8019.1 | S79: 174415.1 | T79: 1035.5 | U79: - | V79: - | W79: - | X79: - | Y79: 2654.8 | Z79: 120.4 | AA79: - | AB79: - | AC79: - | AD79: - | AE79: - | AF79: 79.6 | AG79: 642 | AH79: - | AI79: - | AJ79: 1817.4 | AK79: - | AL79: - | AM79: - | AN79: - | AO79: - | AP79: - | AQ79: 1936.2 | AR79: 368.2 | AS79: 537.7 | AT79: 460 | AU79: 7979.7 | AV79: 191.1 | AW79: 187.5 | AX79: - | AY79: - | AZ79: 1832.4 | BA79: - | BB79: 158015.2 | BC79: 3057.2 | BD79: - | BE79: 24717.6 | BF79: - | BG79: 455 | BH79: 3180 | BI79: 4798.1 | BJ79: - | BK79: 177 | BL79: 615265.9 | BM79: 49955.3
B80: 발전전용발전_사업 | C80: 소계 | D80: 소계 | E80: 소계 | F80: 774.9 | G80: 1035.5 | H80: - | I80: 181192.6 | J80: 4300.5 | K80: - | L80: - | M80: - | N80: - | O80: - | P80: - | Q80: - | R80: 2190.8 | S80: 126067.1 | T80: - | U80: - | V80: - | W80: - | X80: - | Y80: - | Z80: - | AA80: - | AB80: - | AC80: - | AD80: - | AE80: - | AF80: 4.8 | AG80: 642 | AH80: - | AI80: - | AJ80: 1402.3 | AK80: - | AL80: - | AM80: - | AN80: - | AO80: - | AP80: - | AQ80: - | AR80: 263.5 | AS80: 186.9 | AT80: 175.6 | AU80: 4696.9 | AV80: 167.1 | AW80: 187.7 | AX80: - | AY80: - | AZ80: 1832.4 | BA80: - | BB80: 158015.2 | BC80: 3054.5 | BD80: - | BE80: 21822.5 | BF80: - | BG80: 455 | BH80: 3169.8 | BI80: 4727.4 | BJ80: - | BK80: - | BL80: 516364.9 | BM80: 42930
B81: 발전전용발전_자가 | C81: 소계 | D81: 소계 | E81: 소계 | F81: - | G81: - | H81: - | I81: 107.7 | J81: - | K81: - | L81: - | M81: - | N81: - | O81: - | P81: 3605.9 | Q81: 15672.3 | R81: 5828.4 | S81: 2634.9 | T81: 42.3 | U81: - | V81: - | W81: - | X81: - | Y81: 1426.3 | Z81: - | AA81: - | AB81: - | AC81: - | AD81: - | AE81: - | AF81: - | AG81: 0 | AH81: - | AI81: - | AJ81: - | AK81: - | AL81: - | AM81: - | AN81: - | AO81: - | AP81: - | AQ81: - | AR81: 31.7 | AS81: 0.3 | AT81: - | AU81: - | AV81: 17.9 | AW81: - | AX81: - | AY81: - | AZ81: - | BA81: - | BB81: - | BC81: 2.7 | BD81: - | BE81: 2895.1 | BF81: - | BG81: 0 | BH81: 10.2 | BI81: 70.8 | BJ81: - | BK81: - | BL81: 32346.4 | BM81: 3028.7
B82: 열병합발전_사업 | C82: 소계 | D82: 소계 | E82: 소계 | F82: - | G82: - | H82: - | I82: - | J82: - | K82: - | L82: - | M82: - | N82: - | O82: - | P82: - | Q82: - | R82: - | S82: 42385.3 | T82: 812.5 | U82: - | V82: - | W82: - | X82: - | Y82: - | Z82: - | AA82: - | AB82: - | AC82: - | AD82: - | AE82: - | AF82: 74.8 | AG82: - | AH82: - | AI82: - | AJ82: 163.5 | AK82: - | AL82: - | AM82: - | AN82: - | AO82: - | AP82: - | AQ82: - | AR82: 57.5 | AS82: 98.4 | AT82: 13.3 | AU82: 65.7 | AV82: 1.5 | AW82: - | AX82: - | AY82: - | AZ82: - | BA82: - | BB82: - | BC82: - | BD82: - | BE82: - | BF82: - | BG82: - | BH82: - | BI82: - | BJ82: - | BK82: - | BL82: 43672.6 | BM82: 236.5
B83: 열병합발전_자가 | C83: 소계 | D83: 소계 | E83: 소계 | F83: - | G83: - | H83: - | I83: 11899.6 | J83: - | K83: - | L83: - | M83: - | N83: - | O83: - | P83: - | Q83: - | R83: - | S83: 3327.9 | T83: 180.7 | U83: - | V83: - | W83: - | X83: - | Y83: 1228.5 | Z83: 120.4 | AA83: - | AB83: - | AC83: - | AD83: - | AE83: - | AF83: - | AG83: - | AH83: - | AI83: - | AJ83: 251.7 | AK83: - | AL83: - | AM83: - | AN83: - | AO83: - | AP83: - | AQ83: 1936.2 | AR83: 15.5 | AS83: 252.1 | AT83: 271 | AU83: 3217.1 | AV83: 4.6 | AW83: - | AX83: - | AY83: - | AZ83: - | BA83: - | BB83: - | BC83: - | BD83: - | BE83: - | BF83: - | BG83: - | BH83: - | BI83: - | BJ83: - | BK83: - | BL83: 22705.1 | BM83: 3760.3
B84: 기타발전 | C84: 소계 | D84: 소계 | E84: 소계 | F84: - | G84: - | H84: - | I84: - | J84: - | K84: - | L84: - | M84: - | N84: - | O84: - | P84: - | Q84: - | R84: - | S84: - | T84: - | U84: - | V84: - | W84: - | X84: - | Y84: - | Z84: - | AA84: - | AB84: - | AC84: - | AD84: - | AE84: - | AF84: - | AG84: - | AH84: - | AI84: - | AJ84: - | AK84: - | AL84: - | AM84: - | AN84: - | AO84: - | AP84: - | AQ84: - | AR84: - | AS84: - | AT84: - | AU84: - | AV84: - | AW84: - | AX84: - | AY84: - | AZ84: - | BA84: - | BB84: - | BC84: - | BD84: - | BE84: - | BF84: - | BG84: - | BH84: - | BI84: - | BJ84: - | BK84: 177 | BL84: 177 | BM84: -
A85: 열생산 (TJ) | B85: 소계 | C85: 소계 | D85: 소계 | E85: 소계 | F85: - | G85: - | H85: - | I85: 85355.1 | J85: - | K85: - | L85: - | M85: - | N85: - | O85: - | P85: - | Q85: - | R85: - | S85: 68321.5 | T85: 14187.6 | U85: - | V85: - | W85: - | X85: - | Y85: 30493.4 | Z85: 4141.1 | AA85: - | AB85: - | AC85: - | AD85: - | AE85: - | AF85: 938.6 | AG85: 9.9 | AH85: - | AI85: - | AJ85: 5002.3 | AK85: - | AL85: - | AM85: - | AN85: - | AO85: - | AP85: - | AQ85: 5942.4 | AR85: 3263.9 | AS85: 3074.4 | AT85: 6869 | AU85: 10997.7 | AV85: 170.4 | AW85: 1340.4 | AX85: - | AY85: - | AZ85: - | BA85: - | BB85: - | BC85: - | BD85: - | BE85: - | BF85: - | BG85: - | BH85: - | BI85: - | BJ85: - | BK85: 65419 | BL85: 305526.6 | BM85: 25715.8
B86: 열병합열생산_사업 | C86: 소계 | D86: 소계 | E86: 소계 | F86: - | G86: - | H86: - | I86: - | J86: - | K86: - | L86: - | M86: - | N86: - | O86: - | P86: - | Q86: - | R86: - | S86: 61784.9 | T86: 5450.9 | U86: - | V86: - | W86: - | X86: - | Y86: - | Z86: - | AA86: - | AB86: - | AC86: - | AD86: - | AE86: - | AF86: 938.6 | AG86: - | AH86: - | AI86: - | AJ86: 472.4 | AK86: - | AL86: - | AM86: - | AN86: - | AO86: - | AP86: - | AQ86: - | AR86: 189 | AS86: 3074.4 | AT86: 559.5 | AU86: 2956.6 | AV86: 15.3 | AW86: - | AX86: - | AY86: - | AZ86: - | BA86: - | BB86: - | BC86: - | BD86: - | BE86: - | BF86: - | BG86: - | BH86: - | BI86: - | BJ86: - | BK86: 44494.2 | BL86: 119935.9 | BM86: 6794.9
B87: 열병합열생산_자가 | C87: 소계 | D87: 소계 | E87: 소계 | F87: - | G87: - | H87: - | I87: 85355.1 | J87: - | K87: - | L87: - | M87: - | N87: - | O87: - | P87: - | Q87: - | R87: - | S87: 5729.2 | T87: 2942 | U87: - | V87: - | W87: - | X87: - | Y87: 30493.4 | Z87: 3556.4 | AA87: - | AB87: - | AC87: - | AD87: - | AE87: - | AF87: - | AG87: - | AH87: - | AI87: - | AJ87: 3199.3 | AK87: - | AL87: - | AM87: - | AN87: - | AO87: - | AP87: - | AQ87: 5942.4 | AR87: - | AS87: - | AT87: 4391.9 | AU87: 7430.7 | AV87: - | AW87: - | AX87: - | AY87: - | AZ87: - | BA87: - | BB87: - | BC87: - | BD87: - | BE87: - | BF87: - | BG87: - | BH87: - | BI87: - | BJ87: - | BK87: 18096.7 | BL87: 167137 | BM87: 11822.6
B88: 열전용열생산_사업 | C88: 소계 | D88: 소계 | E88: 소계 | F88: - | G88: - | H88: - | I88: - | J88: - | K88: - | L88: - | M88: - | N88: - | O88: - | P88: - | Q88: - | R88: - | S88: 807.3 | T88: 5794.7 | U88: - | V88: - | W88: - | X88: - | Y88: - | Z88: - | AA88: - | AB88: - | AC88: - | AD88: - | AE88: - | AF88: - | AG88: - | AH88: - | AI88: - | AJ88: 1330.6 | AK88: - | AL88: - | AM88: - | AN88: - | AO88: - | AP88: - | AQ88: - | AR88: - | AS88: - | AT88: - | AU88: - | AV88: 155.1 | AW88: 1340.4 | AX88: - | AY88: - | AZ88: - | BA88: - | BB88: - | BC88: - | BD88: - | BE88: - | BF88: - | BG88: - | BH88: - | BI88: - | BJ88: - | BK88: - | BL88: 9428.2 | BM88: 1495.6
B89: 열전용열생산_자가 | C89: 소계 | D89: 소계 | E89: 소계 | F89: - | G89: - | H89: - | I89: - | J89: - | K89: - | L89: - | M89: - | N89: - | O89: - | P89: - | Q89: - | R89: - | S89: - | T89: - | U89: - | V89: - | W89: - | X89: - | Y89: - | Z89: 584.8 | AA89: - | AB89: - | AC89: - | AD89: - | AE89: - | AF89: - | AG89: 9.9 | AH89: - | AI89: - | AJ89: - | AK89: - | AL89: - | AM89: - | AN89: - | AO89: - | AP89: - | AQ89: - | AR89: 3074.9 | AS89: - | AT89: 1917.5 | AU89: 610.3 | AV89: - | AW89: - | AX89: - | AY89: - | AZ89: - | BA89: - | BB89: - | BC89: - | BD89: - | BE89: - | BF89: - | BG89: - | BH89: - | BI89: - | BJ89: - | BK89: - | BL89: 6197.4 | BM89: 5602.8
B90: 기타열생산 | C90: 소계 | D90: 소계 | E90: 소계 | F90: - | G90: - | H90: - | I90: - | J90: - | K90: - | L90: - | M90: - | N90: - | O90: - | P90: - | Q90: - | R90: - | S90: - | T90: - | U90: - | V90: - | W90: - | X90: - | Y90: - | Z90: - | AA90: - | AB90: - | AC90: - | AD90: - | AE90: - | AF90: - | AG90: - | AH90: - | AI90: - | AJ90: - | AK90: - | AL90: - | AM90: - | AN90: - | AO90: - | AP90: - | AQ90: - | AR90: - | AS90: - | AT90: - | AU90: - | AV90: - | AW90: - | AX90: - | AY90: - | AZ90: - | BA90: - | BB90: - | BC90: - | BD90: - | BE90: - | BF90: - | BG90: - | BH90: - | BI90: - | BJ90: - | BK90: 2828.2 | BL90: 2828.2 | BM90: -
A92: EPS_fuel | F92: hard coal | G92: hard coal | H92: hard coal | I92: hard coal | J92: hard coal | K92: lignite | L92: hard coal | M92: hard coal | N92: hard coal | O92: hard coal | P92: hard coal | Q92: hard coal | R92: hard coal | S92: natural gas | T92: natural gas | U92: crude oil | V92: crude oil | W92: crude oil | X92: crude oil | Y92: LPG propane or butane | Z92: LPG propane or butane | AA92: LPG propane or butane | AB92: petroleum gasoline | AC92: petroleum gasoline | AD92: jet fuel or kerosene | AE92: jet fuel or kerosene | AF92: jet fuel or kerosene | AG92: petroleum diesel | AH92: heavy fuel oil | AI92: heavy fuel oil | AJ92: heavy fuel oil | AK92: LPG propane or butane | AL92: petroleum diesel | AM92: heavy fuel oil | AN92: petroleum diesel | AO92: heavy fuel oil | AP92: petroleum diesel | AQ92: heavy fuel oil | AR92: biomass | AS92: municipal solid waste | AT92: municipal solid waste | AU92: biomass | AV92: biomass | AW92: biomass | AX92: biofuel gasoline | AY92: biofuel diesel | AZ92: biomass | BA92: biomass | BB92: nuclear | BC92: hydro (is not a fuel) | BD92: geothermal (is not a fuel) | BE92: solar (is not a fuel) | BF92: solar (is not a fuel) | BH92: wind (is not a fuel) | BJ92: electricity (not used in this variable) | BK92: heat (not used in this variable)
A93: P_source | F93: =F3 -> 424.8 | G93: =G3 -> - | H93: =H3 -> - | I93: =I3 -> - | J93: =J3 -> - | K93: =K3 -> - | L93: =L3 -> - | M93: =M3 -> - | ... X93: =X3 -> - | Y93: =Y27 -> 3648.1 | Z93: =Z27 -> 1533.7 | AA93: =AA27 -> 2083.7 | AB93: =AB27 -> 22194.9 | AC93: =AC27 -> - | AD93: =AD27 -> - | AE93: =AE27 -> 13472.8 | AF93: =AF27 -> 7482.5 | ... AQ93: =AQ27 -> 5355 | AR93: =AR3 -> 2019 | AS93: =AS3 -> 1013.5 | AT93: =AT3 -> 649.3 | AU93: =AU3 -> 3080.6 | AV93: =AV3 -> 114.3 | AW93: =AW3 -> 81.2 | AX93: =AX3 -> - | AY93: =AY3 -> 704.5 | ... BK93: =BK3 -> 67.6

Sheet EB_2022
A1: 에너지흐름별(1) | B1: 에너지흐름별(2) | C1: 에너지흐름별(3) | D1: 에너지흐름별(4) | E1: 에너지흐름별(5) | F1: 2022 | G1: 2022 | H1: 2022 | I1: 2022 | J1: 2022 | K1: 2022 | L1: 2022 | M1: 2022 | N1: 2022 | O1: 2022 | P1: 2022 | Q1: 2022 | R1: 2022 | S1: 2022 | T1: 2022 | U1: 2022 | V1: 2022 | W1: 2022 | X1: 2022 | Y1: 2022 | Z1: 2022 | AA1: 2022 | AB1: 2022 | AC1: 2022 | AD1: 2022 | AE1: 2022 | AF1: 2022 | AG1: 2022 | AH1: 2022 | AI1: 2022 | AJ1: 2022 | AK1: 2022 | AL1: 2022 | AM1: 2022 | AN1: 2022 | AO1: 2022 | AP1: 2022 | AQ1: 2022 | AR1: 2022 | AS1: 2022 | AT1: 2022 | AU1: 2022 | AV1: 2022 | AW1: 2022 | AX1: 2022 | AY1: 2022 | AZ1: 2022 | BA1: 2022 | BB1: 2022 | BC1: 2022 | BD1: 2022 | BE1: 2022 | BF1: 2022 | BG1: 2022 | BH1: 2022 | BI1: 2022 | BJ1: 2022 | BK1: 2022 | BL1: 2022 | BM1: 2022
A2: 에너지흐름별(1) | B2: 에너지흐름별(2) | C2: 에너지흐름별(3) | D2: 에너지흐름별(4) | E2: 에너지흐름별(5) | F2: 국내무연탄 | G2: 수입무연탄 | H2: 원료탄 | I2: 기타유연탄 | J2: 아역청탄 | K2: 갈탄 | L2: 토탄 | M2: 고형연료 | N2: 코크스 | O2: 콜타르 | P2: 코크스로가스 | Q2: 고로가스 | R2: 기타석탄가스 | S2: 천연가스 | T2: 도시가스 | U2: 원유 | V2: 정제원료 | W2: 첨가물 | X2: 기타탄화수소 | Y2: 정제가스 | Z2: 프로판 | AA2: 부탄 | AB2: 휘발유 | AC2: 항공휘발유 | AD2: 휘발유형항공유 | AE2: 등유형항공유 | AF2: 등유 | AG2: 경유 | AH2: B-A | AI2: B-B | AJ2: B-C | AK2: 납사 | AL2: 용제 | AM2: 윤활유 | AN2: 아스팔트 | AO2: 파라핀왁스 | AP2: 석유코크 | AQ2: 기타석유제품 | AR2: 산업폐기물 | AS2: 도시폐기물_재생 | AT2: 도시폐기물_비재생 | AU2: 고형바이오매스 | AV2: 바이오가스 | AW2: 매립지가스 | AX2: 바이오휘발유 | AY2: 바이오경유 | AZ2: 기타바이오연료 | BA2: 목탄 | BB2: 원자력 | BC2: 수력 | BD2: 지열 | BE2: 태양광 | BF2: 태양열 | BG2: 해양 | BH2: 풍력 | BI2: 기타에너지원 | BJ2: 전기 | BK2: 열 | BL2: 총에너지 | BM2: 메모: 신재생
A3: 국내생산 | B3: 소계 | C3: 소계 | D3: 소계 | E3: 소계 | F3: 386.2 | G3: - | H3: - | I3: - | J3: - | K3: - | L3: - | M3: - | N3: - | O3: - | P3: - | Q3: - | R3: - | S3: - | T3: - | U3: 2.5 | V3: - | W3: - | X3: - | Y3: - | Z3: - | AA3: - | AB3: - | AC3: - | AD3: - | AE3: - | AF3: - | AG3: - | AH3: - | AI3: - | AJ3: - | AK3: - | AL3: - | AM3: - | AN3: - | AO3: - | AP3: - | AQ3: - | AR3: 2153.4 | AS3: 984.7 | AT3: 742 | AU3: 3166.3 | AV3: 101.8 | AW3: 69.4 | AX3: - | AY3: 681.1 | AZ3: 352.3 | BA3: - | BB3: 37499.5 | BC3: 755.1 | BD3: 279.7 | BE3: 6544.7 | BF3: 25 | BG3: 90.3 | BH3: 717.7 | BI3: - | BJ3: - | BK3: 69.3 | BL3: 54621 | BM3: 16663.4
A4: 수입 | B4: 소계 | C4: 소계 | D4: 소계 | E4: 소계 | F4: - | G4: 2961.3 | H4: 15653.1 | I4: 55954.5 | J4: 991.7 | K4: 0 | L4: 27 | M4: 0 | N4: 205.8 | O4: - | P4: - | Q4: - | R4: - | S4: 60683.5 | T4: - | U4: 153637.2 | V4: 3030.4 | W4: - | X4: 22.1 | Y4: - | Z4: 8321 | AA4: 2300.2 | AB4: 10.5 | AC4: 0.3 | AD4: - | AE4: - | AF4: 5.2 | AG4: 43 | AH4: - | AI4: - | AJ4: 3300.3 | AK4: 28965 | AL4: 1.2 | AM4: 241.1 | AN4: 88 | AO4: - | AP4: - | AQ4: - | AR4: - | AS4: - | AT4: - | AU4: - | AV4: - | AW4: - | AX4: - | AY4: - | AZ4: - | BA4: - | BB4: - | BC4: - | BD4: - | BE4: - | BF4: - | BG4: - | BH4: - | BI4: - | BJ4: - | BK4: - | BL4: 336442.8 | BM4: -
A5: 수출 | B5: 소계 | C5: 소계 | D5: 소계 | E5: 소계 | F5: - | G5: -0.2 | H5: - | I5: - | J5: 0 | K5: - | L5: 0 | M5: - | N5: -19.3 | O5: - | P5: - | Q5: - | R5: - | S5: - | T5: - | U5: - | V5: -147.9 | W5: - | X5: -183.4 | Y5: - | Z5: -58.8 | AA5: -10.4 | AB5: -12362.6 | AC5: -14.5 | AD5: - | AE5: -11876.4 | AF5: -696.7 | AG5: -29187 | AH5: -4.6 | AI5: - | AJ5: -2020.3 | AK5: -4155.4 | AL5: -137.2 | AM5: -3817.9 | AN5: -2204.4 | AO5: - | AP5: - | AQ5: -2440.9 | AR5: - | AS5: - | AT5: - | AU5: - | AV5: - | AW5: - | AX5: - | AY5: - | AZ5: - | BA5: - | BB5: - | BC5: - | BD5: - | BE5: - | BF5: - | BG5: - | BH5: - | BI5: - | BJ5: - | BK5: - | BL5: -69337.9 | BM5: -
A6: 국제해운벙커링 | B6: 소계 | C6: 소계 | D6: 소계 | E6: 소계 | F6: - | G6: - | H6: - | I6: - | J6: - | K6: - | L6: - | M6: - | N6: - | O6: - | P6: - | Q6: - | R6: - | S6: -10.5 | T6: - | U6: - | V6: - | W6: - | X6: - | Y6: - | Z6: 0 | AA6: - | AB6: 0 | AC6: - | AD6: - | AE6: - | AF6: - | AG6: -2208.8 | AH6: -15.3 | AI6: 0 | AJ6: -9833.7 | AK6: - | AL6: 0 | AM6: - | AN6: - | AO6: - | AP6: - | AQ6: - | AR6: - | AS6: - | AT6: - | AU6: - | AV6: - | AW6: - | AX6: - | AY6: - | AZ6: - | BA6: - | BB6: - | BC6: - | BD6: - | BE6: - | BF6: - | BG6: - | BH6: - | BI6: - | BJ6: - | BK6: - | BL6: -12068.3 | BM6: -
A7: 국제항공벙커링 | B7: 소계 | C7: 소계 | D7: 소계 | E7: 소계 | F7: - | G7: - | H7: - | I7: - | J7: - | K7: - | L7: - | M7: - | N7: - | O7: - | P7: - | Q7: - | R7: - | S7: - | T7: - | U7: - | V7: - | W7: - | X7: - | Y7: - | Z7: - | AA7: - | AB7: - | AC7: - | AD7: - | AE7: -3445 | AF7: - | AG7: -0.2 | AH7: - | AI7: - | AJ7: - | AK7: - | AL7: - | AM7: - | AN7: - | AO7: - | AP7: - | AQ7: - | AR7: - | AS7: - | AT7: - | AU7: - | AV7: - | AW7: - | AX7: - | AY7: - | AZ7: - | BA7: - | BB7: - | BC7: - | BD7: - | BE7: - | BF7: - | BG7: - | BH7: - | BI7: - | BJ7: - | BK7: - | BL7: -3445.2 | BM7: -
A8: 재고변화 | B8: 소계 | C8: 소계 | D8: 소계 | E8: 소계 | F8: 1.4 | G8: - | H8: -47.7 | I8: -311.4 | J8: - | K8: - | L8: - | M8: - | N8: -49.7 | O8: - | P8: - | Q8: - | R8: - | S8: -1577.4 | T8: - | U8: -343.7 | V8: -171.1 | W8: -0.8 | X8: -10.4 | Y8: - | Z8: -79 | AA8: -45.5 | AB8: -48.8 | AC8: -1.2 | AD8: - | AE8: -6.8 | AF8: 53.7 | AG8: -75.7 | AH8: 13.4 | AI8: -0.6 | AJ8: 96.2 | AK8: 130.8 | AL8: 9.6 | AM8: -46.9 | AN8: 52.7 | AO8: -0.1 | AP8: -6 | AQ8: 9.5 | AR8: - | AS8: - | AT8: - | AU8: - | AV8: - | AW8: - | AX8: - | AY8: 0.5 | AZ8: - | BA8: - | BB8: - | BC8: - | BD8: - | BE8: - | BF8: - | BG8: - | BH8: - | BI8: - | BJ8: - | BK8: - | BL8: -2454.8 | BM8: 0.5
A9: 일차에너지공급 | B9: 소계 | C9: 소계 | D9: 소계 | E9: 소계 | F9: 387.6 | G9: 2961.1 | H9: 15605.4 | I9: 55643 | J9: 991.7 | K9: 0 | L9: 27 | M9: 0 | N9: 136.9 | O9: - | P9: - | Q9: - | R9: - | S9: 59095.7 | T9: - | U9: 153296.1 | V9: 2711.4 | W9: -0.8 | X9: -171.7 | Y9: - | Z9: 8183.3 | AA9: 2244.3 | AB9: -12400.8 | AC9: -15.4 | AD9: - | AE9: -15328.3 | AF9: -637.7 | AG9: -31428.7 | AH9: -6.6 | AI9: -0.7 | AJ9: -8457.4 | AK9: 24940.4 | AL9: -126.4 | AM9: -3623.7 | AN9: -2063.8 | AO9: -0.1 | AP9: -6 | AQ9: -2431.4 | AR9: 2153.4 | AS9: 984.7 | AT9: 742 | AU9: 3166.3 | AV9: 101.8 | AW9: 69.4 | AX9: - | AY9: 681.6 | AZ9: 352.3 | BA9: - | BB9: 37499.5 | BC9: 755.1 | BD9: 279.7 | BE9: 6544.7 | BF9: 25 | BG9: 90.3 | BH9: 717.7 | BI9: - | BJ9: - | BK9: 69.3 | BL9: 303757.5 | BM9: 16663.9
A10: 제품이동 | B10: 소계 | C10: 소계 | D10: 소계 | E10: 소계 | F10: - | G10: - | H10: - | I10: - | J10: - | K10: - | L10: - | M10: - | N10: - | O10: - | P10: - | Q10: - | R10: - | S10: - | T10: - | U10: - | V10: 21681.4 | W10: - | X10: - | Y10: -8.9 | Z10: -403.7 | AA10: -113.4 | AB10: 612.3 | AC10: 16.7 | AD10: - | AE10: 446.4 | AF10: -3628.9 | AG10: 1198 | AH10: 4.8 | AI10: 10.4 | AJ10: -4929.8 | AK10: -8778.8 | AL10: -119.7 | AM10: -265.5 | AN10: 597.7 | AO10: -8.3 | AP10: - | AQ10: -62 | AR10: - | AS10: - | AT10: - | AU10: - | AV10: - | AW10: - | AX10: - | AY10: - | AZ10: - | BA10: - | BB10: - | BC10: - | BD10: - | BE10: - | BF10: - | BG10: - | BH10: - | BI10: - | BJ10: - | BK10: - | BL10: 6248.7 | BM10: -8.9
A11: 통계오차 | B11: 소계 | C11: 소계 | D11: 소계 | E11: 소계 | F11: 0.9 | G11: 0.2 | H11: 987.3 | I11: -1657.2 | J11: - | K11: - | L11: - | M11: - | N11: 47.9 | O11: - | P11: - | Q11: - | R11: - | S11: 351.4 | T11: -66.1 | U11: -430.6 | V11: -41.9 | W11: -0.2 | X11: 0.7 | Y11: 412.4 | Z11: 345.4 | AA11: 0.5 | AB11: 25.6 | AC11: -0.1 | AD11: - | AE11: 12.3 | AF11: -6.2 | AG11: 16 | AH11: -0.2 | AI11: 0.1 | AJ11: 13.3 | AK11: -66.2 | AL11: -0.2 | AM11: -65.8 | AN11: 12.9 | AO11: 0.1 | AP11: -0.4 | AQ11: -3.1 | AR11: - | AS11: - | AT11: - | AU11: - | AV11: - | AW11: - | AX11: - | AY11: 0 | AZ11: - | BA11: - | BB11: - | BC11: - | BD11: - | BE11: - | BF11: - | BG11: - | BH11: - | BI11: - | BJ11: - | BK11: - | BL11: -111.2 | BM11: 412.4
A12: 일차에너지소비 | B12: 소계 | C12: 소계 | D12: 소계 | E12: 소계 | F12: 388.6 | G12: 2961.3 | H12: 16592.7 | I12: 53985.9 | J12: 991.7 | K12: 0 | L12: 27 | M12: 0 | N12: 184.8 | O12: - | P12: - | Q12: - | R12: - | S12: 59447.1 | T12: -66.1 | U12: 152865.5 | V12: 24350.8 | W12: -0.9 | X12: -171 | Y12: 403.5 | Z12: 8125 | AA12: 2131.4 | AB12: -11762.9 | AC12: 1.2 | AD12: - | AE12: -14869.6 | AF12: -4272.9 | AG12: -30214.7 | AH12: -2 | AI12: 9.8 | AJ12: -13374 | AK12: 16095.4 | AL12: -246.3 | AM12: -3955.1 | AN12: -1453.2 | AO12: -8.3 | AP12: -6.4 | AQ12: -2496.4 | AR12: 2153.4 | AS12: 984.7 | AT12: 742 | AU12: 3166.3 | AV12: 101.8 | AW12: 69.4 | AX12: - | AY12: 681.6 | AZ12: 352.3 | BA12: - | BB12: 37499.5 | BC12: 755.1 | BD12: 279.7 | BE12: 6544.7 | BF12: 25 | BG12: 90.3 | BH12: 717.7 | BI12: - | BJ12: - | BK12: 69.3 | BL12: 309894.9 | BM12: 17067.5
A13: 전환공정 | B13: 소계 | C13: 소계 | D13: 소계 | E13: 소계 | F13: -388.6 | G13: -281.6 | H13: -16592.7 | I13: -50315.7 | J13: -991.7 | K13: - | L13: - | M13: 195.5 | N13: 511.7 | O13: 505.6 | P13: 2567.2 | Q13: 2173.6 | R13: 199.4 | S13: -56679.4 | T13: 24617.7 | U13: -152865.5 | V13: -24263.6 | W13: 0.9 | X13: 171 | Y13: 2418.4 | Z13: -456.4 | AA13: 1894.6 | AB13: 22651.1 | AC13: - | AD13: - | AE13: 17031.9 | AF13: 6389.1 | AG13: 51982.1 | AH13: 148.6 | AI13: 14.7 | AJ13: 14190.9 | AK13: 27483.3 | AL13: 421 | AM13: 5096 | AN13: 2791.2 | AO13: 32.2 | AP13: 496.2 | AQ13: 5206.6 | AR13: -408.1 | AS13: -284.7 | AT13: -305.3 | AU13: -2311 | AV13: -44.1 | AW13: -69.2 | AX13: - | AY13: - | AZ13: -352.3 | BA13: - | BB13: -37499.5 | BC13: -755.1 | BD13: - | BE13: -6544.7 | BF13: - | BG13: -90.3 | BH13: -717.7 | BI13: - | BJ13: 54421.8 | BK13: 7120.8 | BL13: -101484 | BM13: -4523.9
B14: 발전전용 | C14: 소계 | D14: 소계 | E14: 소계 | F14: -188.4 | G14: -281.6 | H14: - | I14: -42619.7 | J14: -991.7 | K14: - | L14: - | M14: - | N14: - | O14: - | P14: -651.7 | Q14: -2689.4 | R14: -1422.4 | S14: -21337.6 | T14: -4.2 | U14: - | V14: - | W14: - | X14: - | Y14: -339.7 | Z14: -86.6 | AA14: -0.5 | AB14: 0 | AC14: - | AD14: - | AE14: - | AF14: -201.8 | AG14: -138.2 | AH14: - | AI14: - | AJ14: -145.6 | AK14: - | AL14: - | AM14: - | AN14: - | AO14: - | AP14: - | AQ14: - | AR14: -160.2 | AS14: -101.5 | AT14: -26.9 | AU14: -1288.4 | AV14: -39.9 | AW14: -44 | AX14: - | AY14: - | AZ14: -352.3 | BA14: - | BB14: -37499.5 | BC14: -755.1 | BD14: - | BE14: -6544.7 | BF14: - | BG14: -90.3 | BH14: -717.7 | BI14: -1153.5 | BJ14: 48728.8 | BK14: - | BL14: -71144.4 | BM14: -16796.2
C15: 발전전용_사업 | D15: 소계 | E15: 소계 | F15: -188.4 | G15: -281.6 | H15: - | I15: -42502.3 | J15: -991.7 | K15: - | L15: - | M15: - | N15: - | O15: - | P15: - | Q15: - | R15: -418.5 | S15: -21053 | T15: - | U15: - | V15: - | W15: - | X15: - | Y15: - | Z15: -86.6 | AA15: -0.5 | AB15: 0 | AC15: - | AD15: - | AE15: - | AF15: -201.8 | AG15: -138.2 | AH15: - | AI15: - | AJ15: -118.9 | AK15: - | AL15: - | AM15: - | AN15: - | AO15: - | AP15: - | AQ15: - | AR15: -87.1 | AS15: -54.9 | AT15: -26.9 | AU15: -1250.7 | AV15: -31 | AW15: -44 | AX15: - | AY15: - | AZ15: -352.3 | BA15: - | BB15: -37499.5 | BC15: -754.3 | BD15: - | BE15: -5745.6 | BF15: - | BG15: -90.3 | BH15: -715.4 | BI15: -1135.2 | BJ15: 46149 | BK15: - | BL15: -67619.7 | BM15: -11124.6
C16: 발전전용_자가 | D16: 소계 | E16: 소계 | F16: - | G16: - | H16: - | I16: -117.3 | J16: - | K16: - | L16: - | M16: - | N16: - | O16: - | P16: -651.7 | Q16: -2689.4 | R16: -1003.9 | S16: -284.6 | T16: -4.2 | U16: - | V16: - | W16: - | X16: - | Y16: -339.7 | Z16: - | AA16: - | AB16: - | AC16: - | AD16: - | AE16: - | AF16: - | AG16: 0 | AH16: - | AI16: - | AJ16: -26.7 | AK16: - | AL16: - | AM16: - | AN16: - | AO16: - | AP16: - | AQ16: - | AR16: -73.1 | AS16: -46.7 | AT16: - | AU16: -37.7 | AV16: -8.9 | AW16: - | AX16: - | AY16: - | AZ16: - | BA16: - | BB16: - | BC16: -0.8 | BD16: - | BE16: -799.1 | BF16: - | BG16: - | BH16: -2.3 | BI16: -18.3 | BJ16: 2579.7 | BK16: - | BL16: -3524.7 | BM16: -5671.6
