Workbook

Sheet About
A1: BGDP BAU Gross Domestic Product
A3: Source: | B3: Forecasted GDP Growth
B4: OECD
B5: Last updated: January 12, 2024 at 6:54:51 AM
B6: (DF_DP_LIVE) OECD Data Archive
B7: https://data-explorer.oecd.org/vis?lc=en&df[ds]=DisseminateArchiveDMZ&df[id]=DF_DP_LIVE&df[ag]=OECD&av=true&pd=2017%2C2075&dq=KOR.GDPLTFORECAST...A&to[TIME_PERIOD]=false&vw=ov&lb=bt
B8: Real GDP long-term forecast
B10: Real GDP - Historical
B11: The World Bank
B12: GDP (constant 2015 US$)
B13: 2023
B14: https://data.worldbank.org/indicator/NY.GDP.MKTP.KD?locations=KR
A18: Notes
A19: The OECD long-term forecast gives GDPs in millions of 2015 USD with Purchasing Power Parity.
A21: In the U.S. model, input data are converted to 2012 USD (then converted to the
A22: output currency year in web-app/OCCF). Therefore, we use these conversion factors:
A24: 0.96868157 | B24: 2015 dollars to 2012 dollars
A25: =10^6 -> 1000000 | B25: dollars per million dollars
A35: 연도 | B35: 평균 CPI (1982-1984=100) | C35: to 2012 dollars | D35: to 2015 dollars
A36: 2010 | B36: 218.1 | C36: =B36/$B$38 -> 0.94991289 | D36: =B36/$B$41 -> 0.92025316
A37: 2011 | B37: 224.9 | C37: =B37/$B$38 -> 0.97952962 | D37: =B37/$B$41 -> 0.94894515
A38: 2012 | B38: 229.6 | C38: =B38/$B$38 -> 1 | D38: =B38/$B$41 -> 0.96877637
A39: 2013 | B39: 232.9 | C39: =B39/$B$38 -> 1.0143728 | D39: =B39/$B$41 -> 0.98270042
A40: 2014 | B40: 236.7 | C40: =B40/$B$38 -> 1.0309233 | D40: =B40/$B$41 -> 0.99873418
A41: 2015 | B41: 237 | C41: =B41/$B$38 -> 1.03223 | D41: =B41/$B$41 -> 1
A42: 2016 | B42: 240 | C42: =B42/$B$38 -> 1.0452962 | D42: =B42/$B$41 -> 1.0126582
A43: 2017 | B43: 245.1 | C43: =B43/$B$38 -> 1.0675087 | D43: =B43/$B$41 -> 1.0341772
A44: 2018 | B44: 251.1 | C44: =B44/$B$38 -> 1.0936411 | D44: =B44/$B$41 -> 1.0594937
A45: 2019 | B45: 255.7 | C45: =B45/$B$38 -> 1.113676 | D45: =B45/$B$41 -> 1.078903
A46: 2020 | B46: 258.8 | C46: =B46/$B$38 -> 1.1271777 | D46: =B46/$B$41 -> 1.0919831
A47: 2021 | B47: 271 | C47: =B47/$B$38 -> 1.1803136 | D47: =B47/$B$41 -> 1.1434599
... A50: 2024 | B50: 315 | C50: =B50/$B$38 -> 1.3719512 | D50: =B50/$B$41 -> 1.3291139

Sheet World Bank_Real
A1: Data Source | B1: World Development Indicators
A2: Last Updated Date | B2: 45642
A4: Country Name | B4: Country Code | C4: Indicator Name | D4: Indicator Code | E4: 1960 | F4: 1961 | G4: 1962 | H4: 1963 | I4: 1964 | J4: 1965 | K4: 1966 | L4: 1967 | M4: 1968 | N4: 1969 | O4: 1970 | P4: 1971 | Q4: 1972 | R4: 1973 | S4: 1974 | T4: 1975 | U4: 1976 | V4: 1977 | W4: 1978 | X4: 1979 | Y4: 1980 | Z4: 1981 | AA4: 1982 | AB4: 1983 | AC4: 1984 | AD4: 1985 | AE4: 1986 | AF4: 1987 | AG4: 1988 | AH4: 1989 | AI4: 1990 | AJ4: 1991 | AK4: 1992 | AL4: 1993 | AM4: 1994 | AN4: 1995 | AO4: 1996 | AP4: 1997 | AQ4: 1998 | AR4: 1999 | AS4: 2000 | AT4: 2001 | AU4: 2002 | AV4: 2003 | AW4: 2004 | AX4: 2005 | AY4: 2006 | AZ4: 2007 | BA4: 2008 | BB4: 2009 | BC4: 2010 | BD4: 2011 | BE4: 2012 | BF4: 2013 | BG4: 2014 | BH4: 2015 | BI4: 2016 | BJ4: 2017 | BK4: 2018 | BL4: 2019 | BM4: 2020 | BN4: 2021 | BO4: 2022 | BP4: 2023
A5: Korea, Rep. | B5: KOR | C5: GDP (constant 2015 US$) | D5: NY.GDP.MKTP.KD | E5: 2.5704086e+10 | F5: 2.7486919e+10 | G5: 2.855761e+10 | H5: 3.1133668e+10 | I5: 3.4083217e+10 | J5: 3.6577575e+10 | K5: 4.0964674e+10 | L5: 4.4684105e+10 | M5: 5.056711e+10 | N5: 5.7930373e+10 | O5: 6.375396e+10 | P5: 7.0477142e+10 | Q5: 7.5561617e+10 | R5: 8.6819031e+10 | S5: 9.5077114e+10 | T5: 1.025311e+11 | U5: 1.1608719e+11 | V5: 1.3040769e+11 | W5: 1.4469122e+11 | X5: 1.5723773e+11 | Y5: 1.5465008e+11 | Z5: 1.658563e+11 | AA5: 1.7968553e+11 | AB5: 2.0372058e+11 | AC5: 2.2521644e+11 | AD5: 2.4287085e+11 | AE5: 2.7038147e+11 | AF5: 3.0478398e+11 | AG5: 3.4132061e+11 | AH5: 3.6546186e+11 | AI5: 4.0156054e+11 | AJ5: 4.4484096e+11 | AK5: 4.7241507e+11 | AL5: 5.0490529e+11 | AM5: 5.5170328e+11 | AN5: 6.0474715e+11 | AO5: 6.5246595e+11 | AP5: 6.9272671e+11 | AQ5: 6.5719365e+11 | AR5: 7.3255367e+11 | AS5: 7.9892913e+11 | AT5: 8.3769637e+11 | AU5: 9.0240961e+11 | AV5: 9.3081106e+11 | AW5: 9.7918896e+11 | AX5: 1.0213777e+12 | AY5: 1.0751464e+12 | AZ5: 1.1375e+12 | BA5: 1.1717727e+12 | BB5: 1.1810614e+12 | BC5: 1.2614305e+12 | BD5: 1.3079227e+12 | BE5: 1.3393459e+12 | BF5: 1.3817323e+12 | BG5: 1.4259816e+12 | BH5: 1.4660389e+12 | BI5: 1.5092414e+12 | BJ5: 1.5569279e+12 | BK5: 1.6021941e+12 | BL5: 1.638147e+12 | BM5: 1.6265257e+12 | BN5: 1.6965433e+12 | BO5: 1.7408684e+12 | BP5: 1.7644874e+12

Sheet OECD_PPP
A1: LOCATION | B1: INDICATOR | C1: SUBJECT | D1: MEASURE | E1: FREQUENCY | F1: TIME | G1: Value | H1: Growth Rate
A2: KOR | B2: GDPLTFORECAST | C2: TOT | D2: MLN_USD | E2: A | F2: 2017 | G2: 2053454.9
A3: KOR | B3: GDPLTFORECAST | C3: TOT | D3: MLN_USD | E3: A | F3: 2018 | G3: 2113157
A4: KOR | B4: GDPLTFORECAST | C4: TOT | D4: MLN_USD | E4: A | F4: 2019 | G4: 2160575.9
A5: KOR | B5: GDPLTFORECAST | C5: TOT | D5: MLN_USD | E5: A | F5: 2020 | G5: 2145248.4
A6: KOR | B6: GDPLTFORECAST | C6: TOT | D6: MLN_USD | E6: A | F6: 2021 | G6: 2237595.7 | H6: =(G6-G5)/G5 -> 0.043047348
A7: KOR | B7: GDPLTFORECAST | C7: TOT | D7: MLN_USD | E7: A | F7: 2022 | G7: 2296056.8 | H7: =(G7-G6)/G6 -> 0.026126774
A8: KOR | B8: GDPLTFORECAST | C8: TOT | D8: MLN_USD | E8: A | F8: 2023 | G8: 2327365.5 | H8: =(G8-G7)/G7 -> 0.013635854
A9: KOR | B9: GDPLTFORECAST | C9: TOT | D9: MLN_USD | E9: A | F9: 2024 | G9: 2379859.8 | H9: =(G9-G8)/G8 -> 0.02255524
A10: KOR | B10: GDPLTFORECAST | C10: TOT | D10: MLN_USD | E10: A | F10: 2025 | G10: 2430624.5 | H10: =(G10-G9)/G9 -> 0.021330939
A11: KOR | B11: GDPLTFORECAST | C11: TOT | D11: MLN_USD | E11: A | F11: 2026 | G11: 2487543 | H11: =(G11-G10)/G10 -> 0.023417249
A12: KOR | B12: GDPLTFORECAST | C12: TOT | D12: MLN_USD | E12: A | F12: 2027 | G12: 2540428 | H12: =(G12-G11)/G11 -> 0.021259934
A13: KOR | B13: GDPLTFORECAST | C13: TOT | D13: MLN_USD | E13: A | F13: 2028 | G13: 2587968 | H13: =(G13-G12)/G12 -> 0.018713382
A14: KOR | B14: GDPLTFORECAST | C14: TOT | D14: MLN_USD | E14: A | F14: 2029 | G14: 2631959 | H14: =(G14-G13)/G13 -> 0.016998278
A15: KOR | B15: GDPLTFORECAST | C15: TOT | D15: MLN_USD | E15: A | F15: 2030 | G15: 2674367 | H15: =(G15-G14)/G14 -> 0.016112713
A16: KOR | B16: GDPLTFORECAST | C16: TOT | D16: MLN_USD | E16: A | F16: 2031 | G16: 2716180 | H16: =(G16-G15)/G15 -> 0.015634728
A17: KOR | B17: GDPLTFORECAST | C17: TOT | D17: MLN_USD | E17: A | F17: 2032 | G17: 2757540 | H17: =(G17-G16)/G16 -> 0.015227268
... A45: KOR | B45: GDPLTFORECAST | C45: TOT | D45: MLN_USD | E45: A | F45: 2060 | G45: 3476855 | H45: =(G45-G44)/G44 -> 0.0025345546

Sheet Calcs
B3: World Bank_Real | C3: OECD_PPP
A4: World Bank | B4: USD 2015 $ | C4: USD 2012 $
A5: 1960 | B5: {=TRANSPOSE('World Bank_Real'!E5:BP5)} -> 2.5704086e+10 | C5: =B5*About!$A$24 -> 2.4899074e+10
A6: 1961 | B6: 2.7486919e+10 | C6: =B6*About!$A$24 -> 2.6626072e+10
A7: 1962 | B7: 2.855761e+10 | C7: =B7*About!$A$24 -> 2.766323e+10
A8: 1963 | B8: 3.1133668e+10 | C8: =B8*About!$A$24 -> 3.0158611e+10
A9: 1964 | B9: 3.4083217e+10 | C9: =B9*About!$A$24 -> 3.3015785e+10
A10: 1965 | B10: 3.6577575e+10 | C10: =B10*About!$A$24 -> 3.5432023e+10
A11: 1966 | B11: 4.0964674e+10 | C11: =B11*About!$A$24 -> 3.9681724e+10
A12: 1967 | B12: 4.4684105e+10 | C12: =B12*About!$A$24 -> 4.3284669e+10
A13: 1968 | B13: 5.056711e+10 | C13: =B13*About!$A$24 -> 4.8983428e+10
A14: 1969 | B14: 5.7930373e+10 | C14: =B14*About!$A$24 -> 5.6116085e+10
A15: 1970 | B15: 6.375396e+10 | C15: =B15*About!$A$24 -> 6.1757286e+10
A16: 1971 | B16: 7.0477142e+10 | C16: =B16*About!$A$24 -> 6.8269909e+10
A17: 1972 | B17: 7.5561617e+10 | C17: =B17*About!$A$24 -> 7.3195146e+10
... A68: 2023 | B68: 1.7644874e+12 | C68: =B68*About!$A$24 -> 1.7092264e+12
A69: 2024 | C69: =C68*(1+OECD_PPP!H9) -> 1.7477784e+12
A70: 2025 | C70: =C69*(1+OECD_PPP!H10) -> 1.7850602e+12
A71: 2026 | C71: =C70*(1+OECD_PPP!H11) -> 1.8268614e+12
A72: 2027 | C72: =C71*(1+OECD_PPP!H12) -> 1.8657003e+12
A73: 2028 | C73: =C72*(1+OECD_PPP!H13) -> 1.9006139e+12
A74: 2029 | C74: =C73*(1+OECD_PPP!H14) -> 1.932921e+12
A75: 2030 | C75: =C74*(1+OECD_PPP!H15) -> 1.9640656e+12
A76: 2031 | C76: =C75*(1+OECD_PPP!H16) -> 1.9947733e+12
A77: 2032 | C77: =C76*(1+OECD_PPP!H17) -> 2.0251482e+12
A78: 2033 | C78: =C77*(1+OECD_PPP!H18) -> 2.0551068e+12
A79: 2034 | C79: =C78*(1+OECD_PPP!H19) -> 2.0844594e+12
A80: 2035 | C80: =C79*(1+OECD_PPP!H20) -> 2.1130219e+12
... A105: 2060 | C105: =C104*(1+OECD_PPP!H45) -> 2.553416e+12

Sheet BGDP
A1: Unit: 2012 USD | B1: GDP
A2: 2015 | B2: =Calcs!C60 -> 1.4201249e+12
A3: 2016 | B3: =Calcs!C61 -> 1.4619743e+12
A4: 2017 | B4: =Calcs!C62 -> 1.5081674e+12
A5: 2018 | B5: =Calcs!C63 -> 1.5520159e+12
A6: 2019 | B6: =Calcs!C64 -> 1.5868428e+12
A7: 2020 | B7: =Calcs!C65 -> 1.5755855e+12
A8: 2021 | B8: =Calcs!C66 -> 1.6434102e+12
A9: 2022 | B9: =Calcs!C67 -> 1.6863472e+12
A10: 2023 | B10: =Calcs!C68 -> 1.7092264e+12
A11: 2024 | B11: =Calcs!C69 -> 1.7477784e+12
A12: 2025 | B12: =Calcs!C70 -> 1.7850602e+12
A13: 2026 | B13: =Calcs!C71 -> 1.8268614e+12
... A47: 2060 | B47: =Calcs!C105 -> 2.553416e+12
