Workbook

Sheet About
A1: BDbDT BAU Deaths by Demographic Trait
A3: Source: | B3: KOSIS (Korean Statistical Information Service)
B4: 2023
B5: Medium Projection (Base Projection), 2022–2072
B6: "1.1. Total Population, Sex Ratio, and Population Growth Rate",
B7: https://kosis.kr/statHtml/statHtml.do?orgId=101&tblId=DT_1BPA001&conn_path=I2
B8: "1.2. Births, Deaths, and Net International Migration"
B9: https://kosis.kr/statHtml/statHtml.do?orgId=101&tblId=DT_1BPA203&conn_path=I2
B11: KOSIS(KOrean Statistical Information Service )
B12: KOSIS (Korean Statistical Information Service)
B13: [Annual] 2005–2024
B14: 「Vital Statistics Survey」, National Data Center
B15: Number of Deaths and Death Rate by Sex/Age (5-Year Groups)
B16: https://kosis.kr/statHtml/statHtml.do?orgId=101&tblId=DT_1B80A13&conn_path=I2
A18: Notes
A19: Key information for the U.S. census file is:
A20: RACE_HISP column
A21: 0 | B21: total population
A22: 1 | B22: white alone
A23: 2 | B23: black alone
A24: 3 | B24: American Indian and Alaska Native alone
A25: 4 | B25: Asian alone
A26: 5 | B26: Native Hawaiian and Pacific Islander alone
A27: 6 | B27: Two or more races
A28: 7 | B28: Not Hispanic
A29: 8 | B29: Hispanic
A30: 9 | B30: Non-Hispanic White Alone
A32: SEX column
A33: 0 | B33: both sexes
A34: 1 | B34: male
A35: 2 | B35: female

Sheet Census T3
A1: RACE_HISP | B1: SEX | C1: YEAR | D1: Death | E1: Death / 1000 | F1: Population (est)
A2: 0 | B2: 0 | C2: 2020 | D2: =(E2/1000) * F2 -> 16725263 | E2: 323 | F2: 51781000
A3: 0 | B3: 0 | C3: 2021 | D3: =(E3/1000) * F3 -> 17256726 | E3: 333 | F3: 51822000
A4: 0 | B4: 0 | C4: 2022 | D4: =(E4/1000) * F4 -> 18664560 | E4: 360 | F4: 51846000
A5: 0 | B5: 0 | C5: 2023 | D5: =(E5/1000) * F5 -> 17998196 | E5: 347 | F5: 51868000
A6: 0 | B6: 0 | C6: 2024 | D6: =(E6/1000) * F6 -> 18057024 | E6: 348 | F6: 51888000
A7: 0 | B7: 0 | C7: 2025 | D7: =(E7/1000) * F7 -> 18581990 | E7: 358 | F7: 51905000
A8: 0 | B8: 0 | C8: 2026 | D8: =(E8/1000) * F8 -> 19158480 | E8: 369 | F8: 51920000
A9: 0 | B9: 0 | C9: 2027 | D9: =(E9/1000) * F9 -> 19682607 | E9: 379 | F9: 51933000
A10: 0 | B10: 0 | C10: 2028 | D10: =(E10/1000) * F10 -> 20257380 | E10: 390 | F10: 51942000
A11: 0 | B11: 0 | C11: 2029 | D11: =(E11/1000) * F11 -> 20776400 | E11: 400 | F11: 51941000
A12: 0 | B12: 0 | C12: 2030 | D12: =(E12/1000) * F12 -> 21341997 | E12: 411 | F12: 51927000
A13: 0 | B13: 0 | C13: 2031 | D13: =(E13/1000) * F13 -> 21901800 | E13: 422 | F13: 51900000
... A63: 0 | B63: 1 | C63: 2050 | D63: =(E63/1000) * F63 -> 16567515 | E63: 347 | F63: 47745000
A64: 0 | B64: 2 | C64: 2020 | D64: =D2-D33 -> 7767150 | E64: =E2-E33 -> 150 | F64: 51781000
A65: 0 | B65: 2 | C65: 2021 | D65: =D3-D34 -> 8032410 | E65: =E3-E34 -> 155 | F65: 51822000
A66: 0 | B66: 2 | C66: 2022 | D66: =D4-D35 -> 8658282 | E66: 167 | F66: 51846000
A67: 0 | B67: 2 | C67: 2023 | D67: =D5-D36 -> 8298880 | E67: 160 | F67: 51868000
A68: 0 | B68: 2 | C68: 2024 | D68: =D6-D37 -> 8353968 | E68: 161 | F68: 51888000
A69: 0 | B69: 2 | C69: 2025 | D69: =D7-D38 -> 8616230 | E69: 166 | F69: 51905000
A70: 0 | B70: 2 | C70: 2026 | D70: =D8-D39 -> 8930240 | E70: 172 | F70: 51920000
A71: 0 | B71: 2 | C71: 2027 | D71: =D9-D40 -> 9192141 | E71: 178 | F71: 51933000
A72: 0 | B72: 2 | C72: 2028 | D72: =D10-D41 -> 9505386 | E72: 183 | F72: 51942000
A73: 0 | B73: 2 | C73: 2029 | D73: =D11-D42 -> 9764908 | E73: 188 | F73: 51941000
A74: 0 | B74: 2 | C74: 2030 | D74: =D12-D43 -> 10021911 | E74: 194 | F74: 51927000
A75: 0 | B75: 2 | C75: 2031 | D75: =D13-D44 -> 10328100 | E75: 199 | F75: 51900000
A76: 0 | B76: 2 | C76: 2032 | D76: =D14-D45 -> 10579032 | E76: 204 | F76: 51858000
A77: 0 | B77: 2 | C77: 2033 | D77: =D15-D46 -> 10878000 | E77: 210 | F77: 51800000
... A94: 0 | B94: 2 | C94: 2050 | D94: =D32-D63 -> 16137810 | E94: 338 | F94: 47745000

Sheet Death Rate
A1: 연령(5세)별 | B1: 시점 | C1: 계 | D1: 계 | E1: 남자 | F1: 남자 | G1: 여자 | H1: 여자
A2: 연령(5세)별 | B2: 시점 | C2: 사망 (명) | D2: 사망률 (십만명당) | E2: 사망 (명) | F2: 사망률 (십만명당) | G2: 사망 (명) | H2: 사망률 (십만명당)
A3: 0세 | B3: 2005 | C3: 1833 | D3: 423.8 | E3: 980 | F3: 436.6 | G3: 853 | H3: 409.9
B4: 2006 | C4: 1710 | D4: 407.8 | E4: 958 | F4: 441.1 | G4: 752 | H4: 372.1
B5: 2007 | C5: 1707 | D5: 381.5 | E5: 936 | F5: 405.2 | G5: 771 | H5: 356.1
B6: 2008 | C6: 1580 | D6: 345.5 | E6: 842 | F6: 357.5 | G6: 738 | H6: 332.7
B7: 2009 | C7: 1415 | D7: 325.7 | E7: 756 | F7: 337.7 | G7: 659 | H7: 312.9
B8: 2010 | C8: 1508 | D8: 345.5 | E8: 888 | F8: 394.4 | G8: 620 | H8: 293.3
B9: 2011 | C9: 1435 | D9: 318.9 | E9: 818 | F9: 353 | G9: 617 | H9: 282.6
B10: 2012 | C10: 1405 | D10: 306.8 | E10: 779 | F10: 331.1 | G10: 626 | H10: 281.1
B11: 2013 | C11: 1305 | D11: 294.6 | E11: 698 | F11: 306.9 | G11: 607 | H11: 281.7
B12: 2014 | C12: 1305 | D12: 310.2 | E12: 715 | F12: 331.4 | G12: 590 | H12: 287.9
B13: 2015 | C13: 1190 | D13: 281.9 | E13: 655 | F13: 302.5 | G13: 535 | H13: 260.1
B14: 2016 | C14: 1154 | D14: 282.1 | E14: 642 | F14: 306.2 | G14: 512 | H14: 256.7
B15: 2017 | C15: 1000 | D15: 270.5 | E15: 569 | F15: 299.7 | G15: 431 | H15: 239.6
... B22: 2024 | C22: 564 | D22: 244.5 | E22: 317 | F22: 268.5 | G22: 247 | H22: 219.4
A24: https://kosis.kr/statHtml/statHtml.do?orgId=101&tblId=DT_1B80A13&conn_path=I2

Sheet Medium Prodection
A1: 가정별 | B1: 시점 | C1: 0세 인구수 | D1: 0세 | E1: 0세 | F1: 시점 | G1: 0세 사망률 | H1: 0세
A2: 가정별 | B2: 시점 | C2: 전체 | D2: 남자 | E2: 여자 | F2: 시점 | G2: 남자 | H2: 여자 | I2: 전체 | J2: 남자 | K2: 여자
A3: 중위 추계(기본 추계: 출산율-중위 / 기대수명-중위 / 국제순이동-중위) | B3: 2022 | C3: 259796 | D3: 132827 | E3: 126969 | F3: 2022 | G3: 0.00251 | H3: 0.00199 | I3: =C3*SUM(G3:H3) -> 1169.082 | J3: =D3*G3 -> 333.39577 | K3: =E3*H3 -> 252.66831
B4: 2023 | C4: 244080 | D4: 124881 | E4: 119199 | F4: 2023 | G4: 0.00268 | H4: 0.00239 | I4: =C4*SUM(G4:H4) -> 1237.4856 | J4: =D4*G4 -> 334.68108 | K4: =E4*H4 -> 284.88561
B5: 2024 | C5: 229030 | D5: 117225 | E5: 111805 | F5: 2024 | G5: 0.00221 | H5: 0.00186 | I5: =C5*SUM(G5:H5) -> 932.1521 | J5: =D5*G5 -> 259.06725 | K5: =E5*H5 -> 207.9573
B6: 2025 | C6: 217226 | D6: 111163 | E6: 106063 | F6: 2025 | G6: 0.0021 | H6: 0.00175 | I6: =C6*SUM(G6:H6) -> 836.3201 | J6: =D6*G6 -> 233.4423 | K6: =E6*H6 -> 185.61025
B7: 2026 | C7: 217079 | D7: 111089 | E7: 105990 | F7: 2026 | G7: 0.00199 | H7: 0.00167 | I7: =C7*SUM(G7:H7) -> 794.50914 | J7: =D7*G7 -> 221.06711 | K7: =E7*H7 -> 177.0033
B8: 2027 | C8: 227833 | D8: 116593 | E8: 111240 | F8: 2027 | G8: 0.00189 | H8: 0.00158 | I8: =C8*SUM(G8:H8) -> 790.58051 | J8: =D8*G8 -> 220.36077 | K8: =E8*H8 -> 175.7592
B9: 2028 | C9: 237996 | D9: 121795 | E9: 116201 | F9: 2028 | G9: 0.0018 | H9: 0.0015 | I9: =C9*SUM(G9:H9) -> 785.3868 | J9: =D9*G9 -> 219.231 | K9: =E9*H9 -> 174.3015
B10: 2029 | C10: 247279 | D10: 126547 | E10: 120732 | F10: 2029 | G10: 0.00172 | H10: 0.00143 | I10: =C10*SUM(G10:H10) -> 778.92885 | J10: =D10*G10 -> 217.66084 | K10: =E10*H10 -> 172.64676
B11: 2030 | C11: 255406 | D11: 130707 | E11: 124699 | F11: 2030 | G11: 0.00165 | H11: 0.00136 | I11: =C11*SUM(G11:H11) -> 768.77206 | J11: =D11*G11 -> 215.66655 | K11: =E11*H11 -> 169.59064
B12: 2031 | C12: 262201 | D12: 134186 | E12: 128015 | F12: 2031 | G12: 0.00158 | H12: 0.00131 | I12: =C12*SUM(G12:H12) -> 757.76089 | J12: =D12*G12 -> 212.01388 | K12: =E12*H12 -> 167.69965
B13: 2032 | C13: 267610 | D13: 136955 | E13: 130655 | F13: 2032 | G13: 0.00151 | H13: 0.00125 | I13: =C13*SUM(G13:H13) -> 738.6036 | J13: =D13*G13 -> 206.80205 | K13: =E13*H13 -> 163.31875
B14: 2033 | C14: 271691 | D14: 139045 | E14: 132646 | F14: 2033 | G14: 0.00144 | H14: 0.0012 | I14: =C14*SUM(G14:H14) -> 717.26424 | J14: =D14*G14 -> 200.2248 | K14: =E14*H14 -> 159.1752
B15: 2034 | C15: 274610 | D15: 140540 | E15: 134070 | F15: 2034 | G15: 0.00138 | H15: 0.00115 | I15: =C15*SUM(G15:H15) -> 694.7633 | J15: =D15*G15 -> 193.9452 | K15: =E15*H15 -> 154.1805
... B53: 2072 | C53: 160502 | D53: 82143 | E53: 78359 | F53: 2072 | G53: 0.00033 | H53: 0.00028 | I53: =C53*SUM(G53:H53) -> 97.90622 | J53: =D53*G53 -> 27.10719 | K53: =E53*H53 -> 21.94052

Sheet BDbDT-other
B1: 2020 | C1: 2021 | D1: 2022 | E1: 2023 | F1: 2024 | G1: 2025 | H1: 2026 | I1: 2027 | J1: 2028 | K1: 2029 | L1: 2030 | M1: 2031 | N1: 2032 | O1: 2033 | P1: 2034 | Q1: 2035 | R1: 2036 | S1: 2037 | T1: 2038 | U1: 2039 | V1: 2040 | W1: 2041 | X1: 2042 | Y1: 2043 | Z1: 2044 | AA1: 2045 | AB1: 2046 | AC1: 2047 | AD1: 2048 | AE1: 2049 | AF1: 2050
A2: male | B2: =SUMIFS('Census T3'!$D:$D,'Census T3'!$A:$A,0,'Census T3'!$B:$B,1,'Census T3'!$C:$C,B$1) -> 8958113 | C2: =SUMIFS('Census T3'!$D:$D,'Census T3'!$A:$A,0,'Census T3'!$B:$B,1,'Census T3'!$C:$C,C$1) -> 9224316 | D2: =SUMIFS('Census T3'!$D:$D,'Census T3'!$A:$A,0,'Census T3'!$B:$B,1,'Census T3'!$C:$C,D$1) -> 10006278 | E2: =SUMIFS('Census T3'!$D:$D,'Census T3'!$A:$A,0,'Census T3'!$B:$B,1,'Census T3'!$C:$C,E$1) -> 9699316 | F2: =SUMIFS('Census T3'!$D:$D,'Census T3'!$A:$A,0,'Census T3'!$B:$B,1,'Census T3'!$C:$C,F$1) -> 9703056 | G2: =SUMIFS('Census T3'!$D:$D,'Census T3'!$A:$A,0,'Census T3'!$B:$B,1,'Census T3'!$C:$C,G$1) -> 9965760 | H2: =SUMIFS('Census T3'!$D:$D,'Census T3'!$A:$A,0,'Census T3'!$B:$B,1,'Census T3'!$C:$C,H$1) -> 10228240 | I2: =SUMIFS('Census T3'!$D:$D,'Census T3'!$A:$A,0,'Census T3'!$B:$B,1,'Census T3'!$C:$C,I$1) -> 10490466 | ... AF2: =SUMIFS('Census T3'!$D:$D,'Census T3'!$A:$A,0,'Census T3'!$B:$B,1,'Census T3'!$C:$C,AF$1) -> 16567515
A3: female | B3: =SUMIFS('Census T3'!$D:$D,'Census T3'!$A:$A,0,'Census T3'!$B:$B,2,'Census T3'!$C:$C,B$1) -> 7767150 | C3: =SUMIFS('Census T3'!$D:$D,'Census T3'!$A:$A,0,'Census T3'!$B:$B,2,'Census T3'!$C:$C,C$1) -> 8032410 | D3: =SUMIFS('Census T3'!$D:$D,'Census T3'!$A:$A,0,'Census T3'!$B:$B,2,'Census T3'!$C:$C,D$1) -> 8658282 | E3: =SUMIFS('Census T3'!$D:$D,'Census T3'!$A:$A,0,'Census T3'!$B:$B,2,'Census T3'!$C:$C,E$1) -> 8298880 | F3: =SUMIFS('Census T3'!$D:$D,'Census T3'!$A:$A,0,'Census T3'!$B:$B,2,'Census T3'!$C:$C,F$1) -> 8353968 | G3: =SUMIFS('Census T3'!$D:$D,'Census T3'!$A:$A,0,'Census T3'!$B:$B,2,'Census T3'!$C:$C,G$1) -> 8616230 | H3: =SUMIFS('Census T3'!$D:$D,'Census T3'!$A:$A,0,'Census T3'!$B:$B,2,'Census T3'!$C:$C,H$1) -> 8930240 | I3: =SUMIFS('Census T3'!$D:$D,'Census T3'!$A:$A,0,'Census T3'!$B:$B,2,'Census T3'!$C:$C,I$1) -> 9192141 | ... AF3: =SUMIFS('Census T3'!$D:$D,'Census T3'!$A:$A,0,'Census T3'!$B:$B,2,'Census T3'!$C:$C,AF$1) -> 16137810
A4: white | B4: =SUMIFS('Census T3'!$D:$D,'Census T3'!$A:$A,1,'Census T3'!$B:$B,0,'Census T3'!$C:$C,B$1) -> 0 | C4: =SUMIFS('Census T3'!$D:$D,'Census T3'!$A:$A,1,'Census T3'!$B:$B,0,'Census T3'!$C:$C,C$1) -> 0 | D4: =SUMIFS('Census T3'!$D:$D,'Census T3'!$A:$A,1,'Census T3'!$B:$B,0,'Census T3'!$C:$C,D$1) -> 0 | E4: =SUMIFS('Census T3'!$D:$D,'Census T3'!$A:$A,1,'Census T3'!$B:$B,0,'Census T3'!$C:$C,E$1) -> 0 | F4: =SUMIFS('Census T3'!$D:$D,'Census T3'!$A:$A,1,'Census T3'!$B:$B,0,'Census T3'!$C:$C,F$1) -> 0 | G4: =SUMIFS('Census T3'!$D:$D,'Census T3'!$A:$A,1,'Census T3'!$B:$B,0,'Census T3'!$C:$C,G$1) -> 0 | H4: =SUMIFS('Census T3'!$D:$D,'Census T3'!$A:$A,1,'Census T3'!$B:$B,0,'Census T3'!$C:$C,H$1) -> 0 | I4: =SUMIFS('Census T3'!$D:$D,'Census T3'!$A:$A,1,'Census T3'!$B:$B,0,'Census T3'!$C:$C,I$1) -> 0 | ... AF4: =SUMIFS('Census T3'!$D:$D,'Census T3'!$A:$A,1,'Census T3'!$B:$B,0,'Census T3'!$C:$C,AF$1) -> 0
A5: black | B5: =SUMIFS('Census T3'!$D:$D,'Census T3'!$A:$A,2,'Census T3'!$B:$B,0,'Census T3'!$C:$C,B$1) -> 0 | C5: =SUMIFS('Census T3'!$D:$D,'Census T3'!$A:$A,2,'Census T3'!$B:$B,0,'Census T3'!$C:$C,C$1) -> 0 | D5: =SUMIFS('Census T3'!$D:$D,'Census T3'!$A:$A,2,'Census T3'!$B:$B,0,'Census T3'!$C:$C,D$1) -> 0 | E5: =SUMIFS('Census T3'!$D:$D,'Census T3'!$A:$A,2,'Census T3'!$B:$B,0,'Census T3'!$C:$C,E$1) -> 0 | F5: =SUMIFS('Census T3'!$D:$D,'Census T3'!$A:$A,2,'Census T3'!$B:$B,0,'Census T3'!$C:$C,F$1) -> 0 | G5: =SUMIFS('Census T3'!$D:$D,'Census T3'!$A:$A,2,'Census T3'!$B:$B,0,'Census T3'!$C:$C,G$1) -> 0 | H5: =SUMIFS('Census T3'!$D:$D,'Census T3'!$A:$A,2,'Census T3'!$B:$B,0,'Census T3'!$C:$C,H$1) -> 0 | I5: =SUMIFS('Census T3'!$D:$D,'Census T3'!$A:$A,2,'Census T3'!$B:$B,0,'Census T3'!$C:$C,I$1) -> 0 | ... AF5: =SUMIFS('Census T3'!$D:$D,'Census T3'!$A:$A,2,'Census T3'!$B:$B,0,'Census T3'!$C:$C,AF$1) -> 0
A6: asian | B6: =SUMIFS('Census T3'!$D:$D,'Census T3'!$A:$A,0,'Census T3'!$B:$B,0,'Census T3'!$C:$C,B$1)-SUM(B4:B5) -> 16725263 | C6: =SUMIFS('Census T3'!$D:$D,'Census T3'!$A:$A,0,'Census T3'!$B:$B,0,'Census T3'!$C:$C,C$1)-SUM(C4:C5) -> 17256726 | D6: =SUMIFS('Census T3'!$D:$D,'Census T3'!$A:$A,0,'Census T3'!$B:$B,0,'Census T3'!$C:$C,D$1)-SUM(D4:D5) -> 18664560 | E6: =SUMIFS('Census T3'!$D:$D,'Census T3'!$A:$A,0,'Census T3'!$B:$B,0,'Census T3'!$C:$C,E$1)-SUM(E4:E5) -> 17998196 | F6: =SUMIFS('Census T3'!$D:$D,'Census T3'!$A:$A,0,'Census T3'!$B:$B,0,'Census T3'!$C:$C,F$1)-SUM(F4:F5) -> 18057024 | G6: =SUMIFS('Census T3'!$D:$D,'Census T3'!$A:$A,0,'Census T3'!$B:$B,0,'Census T3'!$C:$C,G$1)-SUM(G4:G5) -> 18581990 | H6: =SUMIFS('Census T3'!$D:$D,'Census T3'!$A:$A,0,'Census T3'!$B:$B,0,'Census T3'!$C:$C,H$1)-SUM(H4:H5) -> 19158480 | I6: =SUMIFS('Census T3'!$D:$D,'Census T3'!$A:$A,0,'Census T3'!$B:$B,0,'Census T3'!$C:$C,I$1)-SUM(I4:I5) -> 19682607 | ... AF6: =SUMIFS('Census T3'!$D:$D,'Census T3'!$A:$A,0,'Census T3'!$B:$B,0,'Census T3'!$C:$C,AF$1)-SUM(AF4:AF5) -> 32705325
A7: other race | B7: 0 | C7: 0 | D7: 0 | E7: 0 | F7: 0 | G7: 0 | H7: 0 | I7: 0 | J7: 0 | K7: 0 | L7: 0 | M7: 0 | N7: 0 | O7: 0 | P7: 0 | Q7: 0 | R7: 0 | S7: 0 | T7: 0 | U7: 0 | V7: 0 | W7: 0 | X7: 0 | Y7: 0 | Z7: 0 | AA7: 0 | AB7: 0 | AC7: 0 | AD7: 0 | AE7: 0 | AF7: 0
A8: hispanic | B8: =SUMIFS('Census T3'!$D:$D,'Census T3'!$A:$A,8,'Census T3'!$B:$B,0,'Census T3'!$C:$C,B$1) -> 0 | C8: =SUMIFS('Census T3'!$D:$D,'Census T3'!$A:$A,8,'Census T3'!$B:$B,0,'Census T3'!$C:$C,C$1) -> 0 | D8: =SUMIFS('Census T3'!$D:$D,'Census T3'!$A:$A,8,'Census T3'!$B:$B,0,'Census T3'!$C:$C,D$1) -> 0 | E8: =SUMIFS('Census T3'!$D:$D,'Census T3'!$A:$A,8,'Census T3'!$B:$B,0,'Census T3'!$C:$C,E$1) -> 0 | F8: =SUMIFS('Census T3'!$D:$D,'Census T3'!$A:$A,8,'Census T3'!$B:$B,0,'Census T3'!$C:$C,F$1) -> 0 | G8: =SUMIFS('Census T3'!$D:$D,'Census T3'!$A:$A,8,'Census T3'!$B:$B,0,'Census T3'!$C:$C,G$1) -> 0 | H8: =SUMIFS('Census T3'!$D:$D,'Census T3'!$A:$A,8,'Census T3'!$B:$B,0,'Census T3'!$C:$C,H$1) -> 0 | I8: =SUMIFS('Census T3'!$D:$D,'Census T3'!$A:$A,8,'Census T3'!$B:$B,0,'Census T3'!$C:$C,I$1) -> 0 | ... AF8: =SUMIFS('Census T3'!$D:$D,'Census T3'!$A:$A,8,'Census T3'!$B:$B,0,'Census T3'!$C:$C,AF$1) -> 0
A9: nonhispanic | B9: =SUMIFS('Census T3'!$D:$D,'Census T3'!$A:$A,0,'Census T3'!$B:$B,0,'Census T3'!$C:$C,B$1)-B8 -> 16725263 | C9: =SUMIFS('Census T3'!$D:$D,'Census T3'!$A:$A,0,'Census T3'!$B:$B,0,'Census T3'!$C:$C,C$1)-C8 -> 17256726 | D9: =SUMIFS('Census T3'!$D:$D,'Census T3'!$A:$A,0,'Census T3'!$B:$B,0,'Census T3'!$C:$C,D$1)-D8 -> 18664560 | E9: =SUMIFS('Census T3'!$D:$D,'Census T3'!$A:$A,0,'Census T3'!$B:$B,0,'Census T3'!$C:$C,E$1)-E8 -> 17998196 | F9: =SUMIFS('Census T3'!$D:$D,'Census T3'!$A:$A,0,'Census T3'!$B:$B,0,'Census T3'!$C:$C,F$1)-F8 -> 18057024 | G9: =SUMIFS('Census T3'!$D:$D,'Census T3'!$A:$A,0,'Census T3'!$B:$B,0,'Census T3'!$C:$C,G$1)-G8 -> 18581990 | H9: =SUMIFS('Census T3'!$D:$D,'Census T3'!$A:$A,0,'Census T3'!$B:$B,0,'Census T3'!$C:$C,H$1)-H8 -> 19158480 | I9: =SUMIFS('Census T3'!$D:$D,'Census T3'!$A:$A,0,'Census T3'!$B:$B,0,'Census T3'!$C:$C,I$1)-I8 -> 19682607 | ... AF9: =SUMIFS('Census T3'!$D:$D,'Census T3'!$A:$A,0,'Census T3'!$B:$B,0,'Census T3'!$C:$C,AF$1)-AF8 -> 32705325
G16: `

Sheet BDbDT-infant
B1: 2020 | C1: 2021 | D1: 2022 | E1: 2023 | F1: 2024 | G1: 2025 | H1: 2026 | I1: 2027 | J1: 2028 | K1: 2029 | L1: 2030 | M1: 2031 | N1: 2032 | O1: 2033 | P1: 2034 | Q1: 2035 | R1: 2036 | S1: 2037 | T1: 2038 | U1: 2039 | V1: 2040 | W1: 2041 | X1: 2042 | Y1: 2043 | Z1: 2044 | AA1: 2045 | AB1: 2046 | AC1: 2047 | AD1: 2048 | AE1: 2049 | AF1: 2050
A2: male | B2: ='Death Rate'!E18 -> 387 | C2: ='Death Rate'!E19 -> 347 | D2: ='Death Rate'!E20 -> 322 | E2: ='Death Rate'!E21 -> 320 | F2: ='Death Rate'!E22 -> 317 | G2: ='Medium Prodection'!J6 -> 233.4423 | H2: ='Medium Prodection'!J7 -> 221.06711 | I2: ='Medium Prodection'!J8 -> 220.36077 | J2: ='Medium Prodection'!J9 -> 219.231 | K2: ='Medium Prodection'!J10 -> 217.66084 | L2: ='Medium Prodection'!J11 -> 215.66655 | M2: ='Medium Prodection'!J12 -> 212.01388 | N2: ='Medium Prodection'!J13 -> 206.80205 | O2: ='Medium Prodection'!J14 -> 200.2248 | P2: ='Medium Prodection'!J15 -> 193.9452 | Q2: ='Medium Prodection'!J16 -> 186.87372 | R2: ='Medium Prodection'!J17 -> 179.29296 | S2: ='Medium Prodection'!J18 -> 172.88843 | T2: ='Medium Prodection'!J19 -> 163.8036 | U2: ='Medium Prodection'!J20 -> 152.74155 | V2: ='Medium Prodection'!J21 -> 144.01451 | W2: ='Medium Prodection'!J22 -> 136.09699 | X2: ='Medium Prodection'!J23 -> 128.83662 | Y2: ='Medium Prodection'!J24 -> 120.76086 | Z2: ='Medium Prodection'!J25 -> 114.2496 | AA2: ='Medium Prodection'!J26 -> 109.07451 | AB2: ='Medium Prodection'!J27 -> 102.56725 | AC2: ='Medium Prodection'!J28 -> 98.33805 | AD2: ='Medium Prodection'!J29 -> 91.45521 | AE2: ='Medium Prodection'!J30 -> 85.58248 | AF2: ='Medium Prodection'!J31 -> 80.69328
A3: female | B3: ='Death Rate'!G18 -> 287 | C3: ='Death Rate'!G19 -> 279 | D3: ='Death Rate'!G20 -> 243 | E3: ='Death Rate'!G21 -> 244 | F3: ='Death Rate'!G22 -> 247 | G3: ='Medium Prodection'!K6 -> 185.61025 | H3: ='Medium Prodection'!K7 -> 177.0033 | I3: ='Medium Prodection'!K8 -> 175.7592 | J3: ='Medium Prodection'!K9 -> 174.3015 | K3: ='Medium Prodection'!K10 -> 172.64676 | L3: ='Medium Prodection'!K11 -> 169.59064 | M3: ='Medium Prodection'!K12 -> 167.69965 | N3: ='Medium Prodection'!K13 -> 163.31875 | O3: ='Medium Prodection'!K14 -> 159.1752 | P3: ='Medium Prodection'!K15 -> 154.1805 | Q3: ='Medium Prodection'!K16 -> 149.9055 | R3: ='Medium Prodection'!K17 -> 143.88546 | S3: ='Medium Prodection'!K18 -> 140.38797 | T3: ='Medium Prodection'!K19 -> 132.00796 | U3: ='Medium Prodection'!K20 -> 122.07459 | V3: ='Medium Prodection'!K21 -> 115.551 | W3: ='Medium Prodection'!K22 -> 108.39784 | X3: ='Medium Prodection'!K23 -> 100.55502 | Y3: ='Medium Prodection'!K24 -> 95.58822 | Z3: ='Medium Prodection'!K25 -> 90.8205 | AA3: ='Medium Prodection'!K26 -> 87.30362 | AB3: ='Medium Prodection'!K27 -> 83.69267 | AC3: ='Medium Prodection'!K28 -> 77.59069 | AD3: ='Medium Prodection'!K29 -> 73.64305 | AE3: ='Medium Prodection'!K30 -> 68.3984 | AF3: ='Medium Prodection'!K31 -> 64.1448
A4: white | B4: 0 | C4: 0 | D4: 0 | E4: 0 | F4: 0 | G4: 0 | H4: 0 | I4: 0 | J4: 0 | K4: 0 | L4: 0 | M4: 0 | N4: 0 | O4: 0 | P4: 0 | Q4: 0 | R4: 0 | S4: 0 | T4: 0 | U4: 0 | V4: 0 | W4: 0 | X4: 0 | Y4: 0 | Z4: 0 | AA4: 0 | AB4: 0 | AC4: 0 | AD4: 0 | AE4: 0 | AF4: 0
A5: black | B5: 0 | C5: 0 | D5: 0 | E5: 0 | F5: 0 | G5: 0 | H5: 0 | I5: 0 | J5: 0 | K5: 0 | L5: 0 | M5: 0 | N5: 0 | O5: 0 | P5: 0 | Q5: 0 | R5: 0 | S5: 0 | T5: 0 | U5: 0 | V5: 0 | W5: 0 | X5: 0 | Y5: 0 | Z5: 0 | AA5: 0 | AB5: 0 | AC5: 0 | AD5: 0 | AE5: 0 | AF5: 0
A6: asian | B6: =SUM(B2:B3) -> 674 | C6: =SUM(C2:C3) -> 626 | D6: =SUM(D2:D3) -> 565 | E6: =SUM(E2:E3) -> 564 | F6: =SUM(F2:F3) -> 564 | G6: =SUM(G2:G3) -> 419.05255 | H6: =SUM(H2:H3) -> 398.07041 | I6: =SUM(I2:I3) -> 396.11997 | ... AF6: =SUM(AF2:AF3) -> 144.83808
A7: other race | B7: 0 | C7: 0 | D7: 0 | E7: 0 | F7: 0 | G7: 0 | H7: 0 | I7: 0 | J7: 0 | K7: 0 | L7: 0 | M7: 0 | N7: 0 | O7: 0 | P7: 0 | Q7: 0 | R7: 0 | S7: 0 | T7: 0 | U7: 0 | V7: 0 | W7: 0 | X7: 0 | Y7: 0 | Z7: 0 | AA7: 0 | AB7: 0 | AC7: 0 | AD7: 0 | AE7: 0 | AF7: 0
A8: hispanic | B8: 0 | C8: 0 | D8: 0 | E8: 0 | F8: 0 | G8: 0 | H8: 0 | I8: 0 | J8: 0 | K8: 0 | L8: 0 | M8: 0 | N8: 0 | O8: 0 | P8: 0 | Q8: 0 | R8: 0 | S8: 0 | T8: 0 | U8: 0 | V8: 0 | W8: 0 | X8: 0 | Y8: 0 | Z8: 0 | AA8: 0 | AB8: 0 | AC8: 0 | AD8: 0 | AE8: 0 | AF8: 0
A9: nonhispanic | B9: =B6 -> 674 | C9: =C6 -> 626 | D9: =D6 -> 565 | E9: =E6 -> 564 | F9: =F6 -> 564 | G9: =G6 -> 419.05255 | H9: =H6 -> 398.07041 | I9: =I6 -> 396.11997 | ... AF9: =AF6 -> 144.83808
