Workbook

Sheet About
A1: FpUCD Fares per Unit Cargo Distance
A3: Source: | B3: 시도별/산업별 총괄 매출액 통계
B4: [년] 2020~2023
B5: 「운수업조사」, 국가데이터처
B6: https://kosis.kr/statHtml/statHtml.do?orgId=101&tblId=DT_1I202001&conn_path=I3
B8: 국내・국제여객 연도별 수송수단별 이용현황
B9: [년] 2020~2022
B10: 「교통부문수송실적보고」, 국토교통부
B11: https://kosis.kr/statHtml/statHtml.do?orgId=116&tblId=DT_MLTM_5376&conn_path=I3
B13: 공공 요금
B14: 한국소비자원 참가격 정보서비스
B15: 2020
B16: https://www.price.go.kr/tprice/portal/servicepriceinfo/publicutilitypirce/publicUtilityPirceList.do#
A17: Notes
A18: We assume fares remain constant in the future after adjustment for inflation
A19: (i.e. they rise at the rate of inflation).
A21: In the Korean context, bus indicators are estimated using urban bus service data.
A22: Rail indicators are computed based on the average fare of metropolitan subway systems.
A23: Aviation indicators are calculated using aggregate revenue figures.

Sheet 시도별 산업별 총괄
A1: 시점 | B1: 항목 | C1: 전국 | D1: 전국 | E1: 전국 | F1: 전국 | G1: 전국
A2: 시점 | B2: 항목 | C2: 총계 | D2: 육상운송 및 파이프라인 운송업 | E2: 수상 운송업 | F2: 항공 운송업 | G2: 창고 및 운송관련 서비스업
A3: 2020 | B3: 기업체수 (개) | C3: 552517 | D3: 528405 | E3: 1140 | F3: 55 | G3: 22917
B4: 종사자수 (명) | C4: 1228340 | D4: 988478 | E4: 25289 | F4: 35455 | G4: 179118
B5: 급여액 (백만원) | C5: 29620733 | D5: 20044299 | E5: 1346178 | F5: 2068923 | G5: 6161333
B6: 운송수단 및 창고수 (수) | C6: X | D6: 786651 | E6: 3397 | F6: 870 | G6: 12331
B7: 매출액 (백만원) | C7: 152356515 | D7: 68628417 | E7: 28452968 | F7: 12678146 | G7: 42596984
B8: 영업비용 (백만원) | C8: 143511083 | D8: 65530490 | E8: 25711933 | F8: 13225181 | G8: 39043479
B9: 부가가치 (백만원) | C9: 60151993 | D9: 32855877 | E9: 7201908 | F9: 5261499 | G9: 14832709
B10: 유형자산 (백만원) | C10: 177194593 | D10: 71848793 | E10: 30253568 | F10: 25187186 | G10: 49905046
A11: 2021 | B11: 기업체수 (개) | C11: 574568 | D11: 550650 | E11: 970 | F11: 68 | G11: 22880
B12: 종사자수 (명) | C12: 1316013 | D12: 1040199 | E12: 25014 | F12: 36119 | G12: 214681
B13: 급여액 (백만원) | C13: 33082482 | D13: 21541839 | E13: 1498557 | F13: 1537838 | G13: 8504248
B14: 운송수단 및 창고수 (수) | C14: X | D14: 812902 | E14: 3266 | F14: 605 | G14: 11980
B15: 매출액 (백만원) | C15: 194035288 | D15: 76185589 | E15: 46509601 | F15: 14803559 | G15: 56536539
B16: 영업비용 (백만원) | C16: 168908250 | D16: 71234756 | E16: 32584016 | F16: 13837961 | G16: 51251516
B17: 부가가치 (백만원) | C17: 84363843 | D17: 36837867 | E17: 21165977 | F17: 6202989 | G17: 20157010
B18: 유형자산 (백만원) | C18: 186009006 | D18: 77970074 | E18: 35669940 | F18: 24412818 | G18: 47956174
A19: 2022 | B19: 기업체수 (개) | C19: 598404 | D19: 573996 | E19: 935 | F19: 72 | G19: 23401
B20: 종사자수 (명) | C20: 1337919 | D20: 1052027 | E20: 26142 | F20: 37598 | G20: 222152
B21: 급여액 (백만원) | C21: 34499081 | D21: 21537912 | E21: 1700081 | F21: 1916106 | G21: 9344982
B22: 운송수단 및 창고수 (수) | C22: X | D22: 830836 | E22: 3409 | F22: 734 | G22: 13011
B23: 매출액 (백만원) | C23: 232486026 | D23: 81864100 | E23: 63358709 | F23: 23377314 | G23: 63885903
B24: 영업비용 (백만원) | C24: 194927519 | D24: 73736059 | E24: 43683316 | F24: 19329218 | G24: 58178926
B25: 부가가치 (백만원) | C25: 101145646 | D25: 40485732 | E25: 28253103 | F25: 10199347 | G25: 22207464
B26: 유형자산 (백만원) | C26: 223258071 | D26: 85275211 | E26: 41388966 | F26: 50010129 | G26: 46583765
A27: 2023 | B27: 기업체수 (개) | C27: 612506 | D27: 587949 | E27: 913 | F27: 77 | G27: 23567
B28: 종사자수 (명) | C28: 1378170 | D28: 1086950 | E28: 26405 | F28: 40635 | G28: 224180
B29: 급여액 (백만원) | C29: 38213672 | D29: 23804458 | E29: 1782519 | F29: 2699222 | G29: 9927473
B30: 운송수단 및 창고수 (수) | C30: X | D30: 833156 | E30: 3286 | F30: 1469 | G30: 12919
B31: 매출액 (백만원) | C31: 226620439 | D31: 88633390 | E31: 44184079 | F31: 29101509 | G31: 64701461
B32: 영업비용 (백만원) | C32: 201231658 | D32: 78045664 | E32: 39572889 | F32: 25373878 | G32: 58239227
B33: 부가가치 (백만원) | C33: 97258044 | D33: 46324001 | E33: 14291505 | F33: 11671403 | G33: 24971135
B34: 유형자산 (백만원) | C34: 226426949 | D34: 77449840 | E34: 49658798 | F34: 45926350 | G34: 53391961

Sheet 국내국제여객_수송수단별
A1: 구분(1)(1) | B1: 구분(2)(1) | C1: 2020 | D1: 2021 | E1: 2022
A2: 국내 | B2: 국내 합계(인) | C2: 29197761446 | D2: 34144137927 | E2: 36479707292
B3: 철도(인) | C3: 1122872106 | D3: 1170748511 | E3: 1362258852
B4: 지하철(인) | C4: 2677581971 | D4: 2759947980 | E4: 3112596526
B5: 공로(인) | C5: 25361540491 | D5: 30168830445 | E5: 31954532164
B6: 해운(인) | C6: 10602840 | D6: 11464345 | E6: 13991454
B7: 항공(인) | C7: 25164038 | D7: 33146646 | E7: 36328296
B8: 국내 합계(인-키로) | C8: 408094908873 | D8: 445722187486 | E8: 483286662529
B9: 철도(인-키로) | C9: 35942446897 | D9: 38434251499 | E9: 46417530593
B10: 지하철(인-키로) | C10: 31124738517 | D10: 31901021016 | E10: 36482000000
B11: 공로(인-키로) | C11: 330991511549 | D11: 362395073453 | E11: 385788166100
B12: 해운(인-키로) | C12: 547833019 | D12: 639353558 | E12: 911486671
B13: 항공(인-키로) | C13: 9488378891 | D13: 12352487960 | E13: 13687479166
A14: 국제 | B14: 해운(인) | C14: 168812 | D14: 0 | E14: 0
B15: 항공(인) | C15: 14239922 | D15: 3209364 | E15: 19499920
B16: 해운(인-키로) | C16: - | D16: - | E16: 0
B17: 항공(인-키로) | C17: 52825973790 | D17: 19425504763 | E17: 93185602310
B18: 국제 합계(인) | C18: 14408734 | D18: 3209364 | E18: 19499920
B19: 국제 합계(인-키로) | C19: 52825973790 | D19: 19425504763 | E19: 93185602310

Sheet 공공요금
A1: 번호 | B1: 지역 | C1: 전철료(성인)카드 | D1: 전철료(성인)현금 | E1: 시내버스(성인)카드 | F1: 시내버스(성인)현금 | G1: 택시료(중형) | H1: 도시가스료(가정,취사)소비자요금 | I1: 도시가스료(가정,취사)도매요금 | J1: 도시가스료(가정,취사)소매요금 | K1: 상수도료(가정용) | L1: 하수도료(가정용) | M1: 쓰래기봉투(20L)
A2: 1 | B2: 서울 | C2: 1250 | D2: 1350 | E2: 1200 | F2: 1300 | G2: 3800 | H2: 7340 | I2: 6671 | J2: 669 | K2: 8280 | L2: 8000 | M2: 490
A3: 2 | B3: 광주 | C3: 1250 | D3: 1400 | E3: 1250 | F3: 1400 | G3: 3300 | H3: 7246 | I3: 6671 | J3: 575 | K3: 11600 | L3: 7200 | M3: 740
A4: 3 | B4: 대구 | C4: 1250 | D4: 1400 | E4: 1250 | F4: 1400 | G4: 3300 | H4: 7410 | I4: 6671 | J4: 739 | K4: 12060 | L4: 9800 | M4: 560
A5: 4 | B5: 대전 | C5: 1250 | D5: 1400 | E5: 1250 | F5: 1400 | G5: 3300 | H5: 7359 | I5: 6671 | J5: 688 | K5: 10060 | L5: 7400 | M5: 660
A6: 5 | B6: 부산 | C6: 1300 | D6: 1400 | E6: 1200 | F6: 1300 | G6: 3300 | H6: 7818 | I6: 6671 | J6: 1147 | K6: 16200 | L6: 10300 | M6: 792
A7: 6 | B7: 울산 | C7: - | D7: - | E7: 1250 | F7: 1300 | G7: 3300 | H7: 8515 | I7: 7592 | J7: 923 | K7: 14250 | L7: 11000 | M7: 600
A8: 7 | B8: 인천 | C8: 1250 | D8: 1350 | E8: 1250 | F8: 1270 | G8: 3610 | H8: 8371 | I8: 7592 | J8: 779 | K8: 10390 | L8: 8300 | M8: 646
A9: 8 | B9: 강원 | C9: - | D9: - | E9: 1252 | F9: 1378 | G9: 3344 | H9: 8568 | I9: 6671 | J9: 1897 | K9: 12966 | L9: 6364 | M9: 408
A10: 9 | B10: 경기 | C10: - | D10: - | E10: 1450 | F10: 1500 | G10: 3800 | H10: 7488 | I10: 6671 | J10: 817 | K10: 11616 | L10: 9102 | M10: 574
A11: 10 | B11: 경남 | C11: - | D11: - | E11: 1264 | F11: 1350 | G11: 3906 | H11: 8119 | I11: 6671 | J11: 1448 | K11: 13701 | L11: 6374 | M11: 506
A12: 11 | B12: 경북 | C12: - | D12: - | E12: 1192 | F12: 1270 | G12: 3300 | H12: 7985 | I12: 6671 | J12: 1314 | K12: 11995 | L12: 5027 | M12: 332
A13: 12 | B13: 전남 | C13: - | D13: - | E13: 1100 | F13: 1134 | G13: 3636 | H13: 9150 | I13: 7592 | J13: 1558 | K13: 12473 | L13: 5183 | M13: 332
A14: 13 | B14: 전북 | C14: - | D14: - | E14: 1082 | F14: 1154 | G14: 3700 | H14: 8117 | I14: 6901 | J14: 1216 | K14: 14907 | L14: 6508 | M14: 399
A15: 14 | B15: 충남 | C15: - | D15: - | E15: 1423 | F15: 1527 | G15: 3313 | H15: 7313 | I15: 6671 | J15: 642 | K15: 14146 | L15: 6820 | M15: 386
A16: 15 | B16: 충북 | C16: - | D16: - | E16: 1400 | F16: 1500 | G16: 3300 | H16: 7975 | I16: 6671 | J16: 1304 | K16: 13402 | L16: 7616 | M16: 336
A17: 16 | B17: 제주 | C17: - | D17: - | E17: 1150 | F17: 1200 | G17: 3300 | H17: 10182 | I17: 7600 | J17: 2583 | K17: 8970 | L17: 7600 | M17: 700
D18: =AVERAGE(C2:D17) -> 1320.8333 | F18: =AVERAGE(E2:F17) -> 1292.0625

Sheet Calcs
B2: average fare(원) | C2: avg passenger trip length(km) | D2: fare / passenger-km(원/km) | E2: fare/ passenger-mile(dollar/mile)
A3: commuter rail | B3: =공공요금!D18 -> 1320.8333 | C3: =국내국제여객_수송수단별!C10/국내국제여객_수송수단별!C4 -> 11.624196 | D3: =B3/C3 -> 113.62793 | E3: =D3*$B$9/$B$8 -> 0.15495803
A4: bus | B4: =공공요금!F18 -> 1292.0625 | C4: =국내국제여객_수송수단별!C11/국내국제여객_수송수단별!C5 -> 13.050923 | D4: =B4/C4 -> 99.001619 | E4: =D4*$B$9/$B$8 -> 0.13501166
A5: aircraft | B5: ='시도별 산업별 총괄'!F7/SUM(국내국제여객_수송수단별!C7,국내국제여객_수송수단별!C15)*1000000 -> 321748.02 | C5: =SUM(국내국제여객_수송수단별!C13,국내국제여객_수송수단별!C17)/SUM(국내국제여객_수송수단별!C7,국내국제여객_수송수단별!C15) -> 1581.4236 | D5: =B5/C5 -> 203.45467 | E5: =D5*$B$9/$B$8 -> 0.27745762
A8: 2020년도 원달러 환율 | B8: 1180.1
A9: 1mile | B9: 1.60934

Sheet FpUCD-passenger
A1: $/passenger*mile | B1: 2020 | C1: 2021 | D1: 2022 | E1: 2023 | F1: 2024 | G1: 2025 | H1: 2026 | I1: 2027 | J1: 2028 | K1: 2029 | L1: 2030 | M1: 2031 | N1: 2032 | O1: 2033 | P1: 2034 | Q1: 2035 | R1: 2036 | S1: 2037 | T1: 2038 | U1: 2039 | V1: 2040 | W1: 2041 | X1: 2042 | Y1: 2043 | Z1: 2044 | AA1: 2045 | AB1: 2046 | AC1: 2047 | AD1: 2048 | AE1: 2049 | AF1: 2050
A2: LDVs | B2: 0 | C2: 0 | D2: 0 | E2: 0 | F2: 0 | G2: 0 | H2: 0 | I2: 0 | J2: 0 | K2: 0 | L2: 0 | M2: 0 | N2: 0 | O2: 0 | P2: 0 | Q2: 0 | R2: 0 | S2: 0 | T2: 0 | U2: 0 | V2: 0 | W2: 0 | X2: 0 | Y2: 0 | Z2: 0 | AA2: 0 | AB2: 0 | AC2: 0 | AD2: 0 | AE2: 0 | AF2: 0
A3: HDVs | B3: =Calcs!E4 -> 0.13501166 | C3: =B3 -> 0.13501166 | D3: =C3 -> 0.13501166 | E3: =D3 -> 0.13501166 | F3: =E3 -> 0.13501166 | G3: =F3 -> 0.13501166 | H3: =G3 -> 0.13501166 | I3: =H3 -> 0.13501166 | J3: =I3 -> 0.13501166 | ... AF3: =AE3 -> 0.13501166
A4: aircraft | B4: =Calcs!E5 -> 0.27745762 | C4: =B4 -> 0.27745762 | D4: =C4 -> 0.27745762 | E4: =D4 -> 0.27745762 | F4: =E4 -> 0.27745762 | G4: =F4 -> 0.27745762 | H4: =G4 -> 0.27745762 | I4: =H4 -> 0.27745762 | J4: =I4 -> 0.27745762 | ... AF4: =AE4 -> 0.27745762
A5: rail | B5: =Calcs!E3 -> 0.15495803 | C5: =B5 -> 0.15495803 | D5: =C5 -> 0.15495803 | E5: =D5 -> 0.15495803 | F5: =E5 -> 0.15495803 | G5: =F5 -> 0.15495803 | H5: =G5 -> 0.15495803 | I5: =H5 -> 0.15495803 | J5: =I5 -> 0.15495803 | ... AF5: =AE5 -> 0.15495803
A6: ships | B6: 0 | C6: 0 | D6: 0 | E6: 0 | F6: 0 | G6: 0 | H6: 0 | I6: 0 | J6: 0 | K6: 0 | L6: 0 | M6: 0 | N6: 0 | O6: 0 | P6: 0 | Q6: 0 | R6: 0 | S6: 0 | T6: 0 | U6: 0 | V6: 0 | W6: 0 | X6: 0 | Y6: 0 | Z6: 0 | AA6: 0 | AB6: 0 | AC6: 0 | AD6: 0 | AE6: 0 | AF6: 0
A7: motorbikes | B7: 0 | C7: 0 | D7: 0 | E7: 0 | F7: 0 | G7: 0 | H7: 0 | I7: 0 | J7: 0 | K7: 0 | L7: 0 | M7: 0 | N7: 0 | O7: 0 | P7: 0 | Q7: 0 | R7: 0 | S7: 0 | T7: 0 | U7: 0 | V7: 0 | W7: 0 | X7: 0 | Y7: 0 | Z7: 0 | AA7: 0 | AB7: 0 | AC7: 0 | AD7: 0 | AE7: 0 | AF7: 0

Sheet FpUCD-freight
A1: $/ton*mile | B1: 2020 | C1: 2021 | D1: 2022 | E1: 2023 | F1: 2024 | G1: 2025 | H1: 2026 | I1: 2027 | J1: 2028 | K1: 2029 | L1: 2030 | M1: 2031 | N1: 2032 | O1: 2033 | P1: 2034 | Q1: 2035 | R1: 2036 | S1: 2037 | T1: 2038 | U1: 2039 | V1: 2040 | W1: 2041 | X1: 2042 | Y1: 2043 | Z1: 2044 | AA1: 2045 | AB1: 2046 | AC1: 2047 | AD1: 2048 | AE1: 2049 | AF1: 2050
A2: LDVs | B2: 0 | C2: 0 | D2: 0 | E2: 0 | F2: 0 | G2: 0 | H2: 0 | I2: 0 | J2: 0 | K2: 0 | L2: 0 | M2: 0 | N2: 0 | O2: 0 | P2: 0 | Q2: 0 | R2: 0 | S2: 0 | T2: 0 | U2: 0 | V2: 0 | W2: 0 | X2: 0 | Y2: 0 | Z2: 0 | AA2: 0 | AB2: 0 | AC2: 0 | AD2: 0 | AE2: 0 | AF2: 0
A3: HDVs | B3: 0 | C3: 0 | D3: 0 | E3: 0 | F3: 0 | G3: 0 | H3: 0 | I3: 0 | J3: 0 | K3: 0 | L3: 0 | M3: 0 | N3: 0 | O3: 0 | P3: 0 | Q3: 0 | R3: 0 | S3: 0 | T3: 0 | U3: 0 | V3: 0 | W3: 0 | X3: 0 | Y3: 0 | Z3: 0 | AA3: 0 | AB3: 0 | AC3: 0 | AD3: 0 | AE3: 0 | AF3: 0
A4: aircraft | B4: 0 | C4: 0 | D4: 0 | E4: 0 | F4: 0 | G4: 0 | H4: 0 | I4: 0 | J4: 0 | K4: 0 | L4: 0 | M4: 0 | N4: 0 | O4: 0 | P4: 0 | Q4: 0 | R4: 0 | S4: 0 | T4: 0 | U4: 0 | V4: 0 | W4: 0 | X4: 0 | Y4: 0 | Z4: 0 | AA4: 0 | AB4: 0 | AC4: 0 | AD4: 0 | AE4: 0 | AF4: 0
A5: rail | B5: 0 | C5: 0 | D5: 0 | E5: 0 | F5: 0 | G5: 0 | H5: 0 | I5: 0 | J5: 0 | K5: 0 | L5: 0 | M5: 0 | N5: 0 | O5: 0 | P5: 0 | Q5: 0 | R5: 0 | S5: 0 | T5: 0 | U5: 0 | V5: 0 | W5: 0 | X5: 0 | Y5: 0 | Z5: 0 | AA5: 0 | AB5: 0 | AC5: 0 | AD5: 0 | AE5: 0 | AF5: 0
A6: ships | B6: 0 | C6: 0 | D6: 0 | E6: 0 | F6: 0 | G6: 0 | H6: 0 | I6: 0 | J6: 0 | K6: 0 | L6: 0 | M6: 0 | N6: 0 | O6: 0 | P6: 0 | Q6: 0 | R6: 0 | S6: 0 | T6: 0 | U6: 0 | V6: 0 | W6: 0 | X6: 0 | Y6: 0 | Z6: 0 | AA6: 0 | AB6: 0 | AC6: 0 | AD6: 0 | AE6: 0 | AF6: 0
A7: motorbikes | B7: 0 | C7: 0 | D7: 0 | E7: 0 | F7: 0 | G7: 0 | H7: 0 | I7: 0 | J7: 0 | K7: 0 | L7: 0 | M7: 0 | N7: 0 | O7: 0 | P7: 0 | Q7: 0 | R7: 0 | S7: 0 | T7: 0 | U7: 0 | V7: 0 | W7: 0 | X7: 0 | Y7: 0 | Z7: 0 | AA7: 0 | AB7: 0 | AC7: 0 | AD7: 0 | AE7: 0 | AF7: 0
