Workbook
Name ec_50: #REF!
Name max: #REF!
Name min: #REF!

Sheet About
A1: BGBSC BAU Global Battery Storage Capacity
A3: Sources: | B3: Grid batteries through 2030
B4: Bloomberg
B5: 2024
B6: New Energy Outlook 2024
B7: https://www.bnef.com/insights/33869
B8: Data Viewer
B10: EV sales
B11: Bloomberg
B12: 2024
B13: Electric Vehicle Outlook 2024
B14: https://about.bnef.com/electric-vehicle-outlook/
B15: Executive Summary

Sheet Grid Battery Storage
A1: GW to GWh, assuming 4 hour battery capacity | B1: 4
B3: 2020 | C3: 2021 | D3: 2022 | E3: 2023 | F3: 2024 | G3: 2025 | H3: 2026 | I3: 2027 | J3: 2028 | K3: 2029 | L3: 2030 | M3: 2031 | N3: 2032 | O3: 2033 | P3: 2034 | Q3: 2035 | R3: 2036 | S3: 2037 | T3: 2038 | U3: 2039 | V3: 2040 | W3: 2041 | X3: 2042 | Y3: 2043 | Z3: 2044 | AA3: 2045 | AB3: 2046 | AC3: 2047 | AD3: 2048 | AE3: 2049 | AF3: 2050
A4: Cumulative GW Capacity | B4: 13.247281 | C4: 21.363129 | D4: 36.192173 | E4: 71.056483 | F4: 114.89379 | G4: 183.31371 | H4: 260.65537 | I4: 346.64573 | J4: 446.3644 | K4: 561.26091 | L4: 676.294 | M4: 798.77508 | N4: 940.64168 | O4: 1105.8805 | P4: 1253.081 | Q4: 1421.056 | R4: 1578.3919 | S4: 1718.9609 | T4: 1863.8192 | U4: 1997.7667 | V4: 2099.0666 | W4: 2170.5638 | X4: 2251.5136 | Y4: 2339.5766 | Z4: 2429.0863 | AA4: 2536.2845 | AB4: 2616.3303 | AC4: 2713.0356 | AD4: 2809.3509 | AE4: 2915.8251 | AF4: 3018.3651
A5: Cumulative GWh Capacity | B5: =B4*$B$1 -> 52.989124 | C5: =C4*$B$1 -> 85.452518 | D5: =D4*$B$1 -> 144.76869 | E5: =E4*$B$1 -> 284.22593 | F5: =F4*$B$1 -> 459.57515 | G5: =G4*$B$1 -> 733.25484 | H5: =H4*$B$1 -> 1042.6215 | I5: =I4*$B$1 -> 1386.5829 | ... AF5: =AF4*$B$1 -> 12073.461

Sheet EV Batteries
B7: 2020 | C7: 2025 | D7: 2030 | E7: 2035 | F7: 2040 | G7: 2045 | H7: 2050
A8: Raw Data | B8: 1.5008268e+08 | C8: 1.0397585e+09 | D8: 2.255679e+09 | E8: 3.3734409e+09 | F8: 4.0056231e+09 | G8: 3.8993906e+09 | H8: 3.6301529e+09
A10: BNEF Data
A11: BNEF - Long-Term Electric Vehicle Outlook 2024 | B11: 2020 | C11: 2021 | D11: 2022 | E11: 2023 | F11: 2024 | G11: 2025 | H11: 2026 | I11: 2027 | J11: 2028 | K11: 2029 | L11: 2030 | M11: 2031 | N11: 2032 | O11: 2033 | P11: 2034 | Q11: 2035 | R11: 2036 | S11: 2037 | T11: 2038 | U11: 2039 | V11: 2040 | W11: 2041 | X11: 2042 | Y11: 2043 | Z11: 2044 | AA11: 2045 | AB11: 2046 | AC11: 2047 | AD11: 2048 | AE11: 2049 | AF11: 2050
A12: Global EV Li-Ion Battery Demand (GWh) | B12: {=TREND($B$8:$C$8,$B$7:$C$7,B11)/10^6} -> 150.08268 | C12: {=TREND($B$8:$C$8,$B$7:$C$7,C11)/10^6} -> 328.01785 | D12: {=TREND($B$8:$C$8,$B$7:$C$7,D11)/10^6} -> 505.95302 | E12: {=TREND($B$8:$C$8,$B$7:$C$7,E11)/10^6} -> 683.88819 | F12: {=TREND($B$8:$C$8,$B$7:$C$7,F11)/10^6} -> 861.82336 | G12: {=TREND($B$8:$C$8,$B$7:$C$7,G11)/10^6} -> 1039.7585 | H12: {=TREND($C$8:$D$8,$C$7:$D$7,H11)/10^6} -> 1282.9426 | I12: {=TREND($C$8:$D$8,$C$7:$D$7,I11)/10^6} -> 1526.1267 | J12: {=TREND($C$8:$D$8,$C$7:$D$7,J11)/10^6} -> 1769.3108 | K12: {=TREND($C$8:$D$8,$C$7:$D$7,K11)/10^6} -> 2012.4949 | L12: {=TREND($C$8:$D$8,$C$7:$D$7,L11)/10^6} -> 2255.679 | M12: {=TREND($D$8:$E$8,$D$7:$E$7,M11)/10^6} -> 2479.2314 | N12: {=TREND($D$8:$E$8,$D$7:$E$7,N11)/10^6} -> 2702.7838 | O12: {=TREND($D$8:$E$8,$D$7:$E$7,O11)/10^6} -> 2926.3361 | P12: {=TREND($D$8:$E$8,$D$7:$E$7,P11)/10^6} -> 3149.8885 | Q12: {=TREND($D$8:$E$8,$D$7:$E$7,Q11)/10^6} -> 3373.4409 | R12: {=TREND($E$8:$F$8,$E$7:$F$7,R11)/10^6} -> 3499.8773 | S12: {=TREND($E$8:$F$8,$E$7:$F$7,S11)/10^6} -> 3626.3138 | T12: {=TREND($E$8:$F$8,$E$7:$F$7,T11)/10^6} -> 3752.7502 | U12: {=TREND($E$8:$F$8,$E$7:$F$7,U11)/10^6} -> 3879.1867 | V12: {=TREND($E$8:$F$8,$E$7:$F$7,V11)/10^6} -> 4005.6231 | W12: {=TREND($F$8:$G$8,$F$7:$G$7,W11)/10^6} -> 3984.3766 | X12: {=TREND($F$8:$G$8,$F$7:$G$7,X11)/10^6} -> 3963.1301 | Y12: {=TREND($F$8:$G$8,$F$7:$G$7,Y11)/10^6} -> 3941.8836 | Z12: {=TREND($F$8:$G$8,$F$7:$G$7,Z11)/10^6} -> 3920.6371 | AA12: {=TREND($F$8:$G$8,$F$7:$G$7,AA11)/10^6} -> 3899.3906 | AB12: {=TREND($G$8:$H$8,$G$7:$H$7,AB11)/10^6} -> 3845.543 | AC12: {=TREND($G$8:$H$8,$G$7:$H$7,AC11)/10^6} -> 3791.6955 | AD12: {=TREND($G$8:$H$8,$G$7:$H$7,AD11)/10^6} -> 3737.848 | AE12: {=TREND($G$8:$H$8,$G$7:$H$7,AE11)/10^6} -> 3684.0004 | AF12: {=TREND($G$8:$H$8,$G$7:$H$7,AF11)/10^6} -> 3630.1529
A13: New EV Sales (Number of Vehicles)
A14: New EV Sales, Extrapolated (Number of Vehicles) | B14: =B16 -> 7551143.5 | C14: =C16 -> 9470428.4 | D14: =D16 -> 11653615 | E14: =E16 -> 14114063 | F14: =F16 -> 16858219 | G14: =G16 -> 19883477 | H14: =H16 -> 23176313 | I14: =I16 -> 26711008 | ... AF14: =AF16 -> 81549621
D15: 10600000 | G15: 21000000 | L15: 40000000 | Q15: 55000000 | V15: =72000000 -> 72000000
B16: =(83.94318 + (-3.575905 - 83.94318)/(1 + (B11/2030.462)^372.9304))*1000000 -> 7551143.5 | C16: =(83.94318 + (-3.575905 - 83.94318)/(1 + (C11/2030.462)^372.9304))*1000000 -> 9470428.4 | D16: =(83.94318 + (-3.575905 - 83.94318)/(1 + (D11/2030.462)^372.9304))*1000000 -> 11653615 | E16: =(83.94318 + (-3.575905 - 83.94318)/(1 + (E11/2030.462)^372.9304))*1000000 -> 14114063 | F16: =(83.94318 + (-3.575905 - 83.94318)/(1 + (F11/2030.462)^372.9304))*1000000 -> 16858219 | G16: =(83.94318 + (-3.575905 - 83.94318)/(1 + (G11/2030.462)^372.9304))*1000000 -> 19883477 | H16: =(83.94318 + (-3.575905 - 83.94318)/(1 + (H11/2030.462)^372.9304))*1000000 -> 23176313 | I16: =(83.94318 + (-3.575905 - 83.94318)/(1 + (I11/2030.462)^372.9304))*1000000 -> 26711008 | ... AF16: =(83.94318 + (-3.575905 - 83.94318)/(1 + (AF11/2030.462)^372.9304))*1000000 -> 81549621

Sheet Summary
A1: For grid batteries, we will use BNEF NEO numbers and curve fit to extrapolate
A2: for years 2014-2050. We assume no grid batteries retire during the model
A3: run, so installed capacity equals cumulative capacity.
B5: 2020 | C5: 2021 | D5: 2022 | E5: 2023 | F5: 2024 | G5: 2025 | H5: 2026 | I5: 2027 | J5: 2028 | K5: 2029 | L5: 2030 | M5: 2031 | N5: 2032 | O5: 2033 | P5: 2034 | Q5: 2035 | R5: 2036 | S5: 2037 | T5: 2038 | U5: 2039 | V5: 2040 | W5: 2041 | X5: 2042 | Y5: 2043 | Z5: 2044 | AA5: 2045 | AB5: 2046 | AC5: 2047 | AD5: 2048 | AE5: 2049 | AF5: 2050
A6: Grid battery capacity (MWh) | B6: ='Grid Battery Storage'!B5*1000 -> 52989.124 | C6: ='Grid Battery Storage'!C5*1000 -> 85452.518 | D6: ='Grid Battery Storage'!D5*1000 -> 144768.69 | E6: ='Grid Battery Storage'!E5*1000 -> 284225.93 | F6: ='Grid Battery Storage'!F5*1000 -> 459575.15 | G6: ='Grid Battery Storage'!G5*1000 -> 733254.84 | H6: ='Grid Battery Storage'!H5*1000 -> 1042621.5 | I6: ='Grid Battery Storage'!I5*1000 -> 1386582.9 | ... AF6: ='Grid Battery Storage'!AF5*1000 -> 12073461
A8: For Evs, we use Bloomberg New Energy Finance's numbers. This assumes an aggressive rate of EV deployment,
A9: which matches usual EPS model behavior in the United States and other EPS regions we've tested.
B11: 2020 | C11: 2021 | D11: 2022 | E11: 2023 | F11: 2024 | G11: 2025 | H11: 2026 | I11: 2027 | J11: 2028 | K11: 2029 | L11: 2030 | M11: 2031 | N11: 2032 | O11: 2033 | P11: 2034 | Q11: 2035 | R11: 2036 | S11: 2037 | T11: 2038 | U11: 2039 | V11: 2040 | W11: 2041 | X11: 2042 | Y11: 2043 | Z11: 2044 | AA11: 2045 | AB11: 2046 | AC11: 2047 | AD11: 2048 | AE11: 2049 | AF11: 2050
A12: EV battery new sales (MWh) | B12: ='EV Batteries'!B12*1000 -> 150082.68 | C12: ='EV Batteries'!C12*1000 -> 328017.85 | D12: ='EV Batteries'!D12*1000 -> 505953.02 | E12: ='EV Batteries'!E12*1000 -> 683888.19 | F12: ='EV Batteries'!F12*1000 -> 861823.36 | G12: ='EV Batteries'!G12*1000 -> 1039758.5 | H12: ='EV Batteries'!H12*1000 -> 1282942.6 | I12: ='EV Batteries'!I12*1000 -> 1526126.7 | ... AF12: ='EV Batteries'!AF12*1000 -> 3630152.9
A13: EV cumulative battery capacity | B13: =SUM($B12:B12) -> 150082.68 | C13: =SUM($B12:C12) -> 478100.53 | D13: =SUM($B12:D12) -> 984053.55 | E13: =SUM($B12:E12) -> 1667941.7 | F13: =SUM($B12:F12) -> 2529765.1 | G13: =SUM($B12:G12) -> 3569523.6 | H13: =SUM($B12:H12) -> 4852466.3 | I13: =SUM($B12:I12) -> 6378593 | ... AF13: =SUM($B12:AF12) -> 84210167

Sheet SYGBSC
B1: 2020
A2: Global battery cap (MWh) | B2: =Summary!B6+Summary!B13 -> 203071.8

Sheet BGBSC
B1: 2021 | C1: 2022 | D1: 2023 | E1: 2024 | F1: 2025 | G1: 2026 | H1: 2027 | I1: 2028 | J1: 2029 | K1: 2030 | L1: 2031 | M1: 2032 | N1: 2033 | O1: 2034 | P1: 2035 | Q1: 2036 | R1: 2037 | S1: 2038 | T1: 2039 | U1: 2040 | V1: 2041 | W1: 2042 | X1: 2043 | Y1: 2044 | Z1: 2045 | AA1: 2046 | AB1: 2047 | AC1: 2048 | AD1: 2049 | AE1: 2050
A2: Global battery cap (MWh) | B2: =Summary!C6+Summary!C13 -> 563553.05 | C2: =Summary!D6+Summary!D13 -> 1128822.2 | D2: =Summary!E6+Summary!E13 -> 1952167.7 | E2: =Summary!F6+Summary!F13 -> 2989340.3 | F2: =Summary!G6+Summary!G13 -> 4302778.5 | G2: =Summary!H6+Summary!H13 -> 5895087.8 | H2: =Summary!I6+Summary!I13 -> 7765175.9 | I2: =Summary!J6+Summary!J13 -> 9933361.4 | ... AE2: =Summary!AF6+Summary!AF13 -> 96283628
