Workbook
Name outputfrac_bio: #REF!
Name outputfrac_coal: #REF!
Name outputfrac_elec: #REF!
Name outputfrac_ngps: #REF!
Name outputfrac_nonenergy: #REF!
Name outputfrac_other: #REF!

Sheet About
A1: FoVObE Fraction of Vehicles Owned by Entity
A3: Source: | B3: Vehicle registration by type
B4: Ministry of Land, Infrastructure and Transport
B5: 2020
B6: 220년 12월 자동차 등록자료 통계
B7: http://stat.molit.go.kr/portal/cate/statFileView.do?hRsId=58&hFormId=5
B8: Sheet 5,6,7,8
B10: Aircraft by owner and by type
B11: Korea Civil Aviation Association
B12: 2020
B13: Pocket aviation status 2020
B14: https://www.airportal.go.kr/e-book/ecatalog5.jsp?Dir=38&catimage=&start=&cate=&callmode=normal&eclang=ko
B15: Page 83-85
B17: SR's capital and shareholder status
B18: SR Corporation
B19: 2021
B20: IR
B21: http://www.alio.go.kr/popReportTerm.do?apbaId=C1044&reportFormRootNo=31701
B23: motorcycle registrations
B24: Ministry of Land, Infrastructure and Transport
B25: 2020
B26: motorcycle registration on December 2020
B27: http://stat.molit.go.kr/portal/cate/statFileView.do?hRsId=58&hFormId=5
B28: Sheet 1.통계표_시도, 2.통계표_시군구 (Sheet1. Statistics by city, 2. Statistics by city, county)
A30: Notes
A31: DV
A32: government: 관용
A33: domestic industries: 영업용
A34: labor and consumers: 자가용
A35: Followed trans-SYVbT for LDVand HDV classification
A37: Aircraft
A38: Detailed on Aircraft
A40: Ship(assumption)
A41: Excluding fishing boats
A42: There is a system called national essential ships in which the state directly operates ships in case of war or emergency, but these ships are owned by private companies.
A43: All ships are for domestic industry.
... A47: Therefore all railroad companies are governmet owned corporations.

Sheet DV_total
A1: < 자동차 등록현황(총 계) >
A2: 조회년월: 2020.12
E3: 차 종 별 | F3: 서울 | G3: 부산 | H3: 대구 | I3: 인천 | J3: 광주 | K3: 대전 | L3: 울산 | M3: 세종 | N3: 경기 | O3: 강원 | P3: 충북 | Q3: 충남 | R3: 전북 | S3: 전남 | T3: 경북 | U3: 경남 | V3: 제주 | W3: 합계
A4: 총계 | F4: 3157361 | G4: 1429040 | H4: 1219196 | I4: 1676442 | J4: 691740 | K4: 686429 | L4: 575700 | M4: 174742 | N4: 6004126 | O4: 809099 | P4: 865620 | Q4: 1149845 | R4: 948147 | S4: 1099894 | T4: 1475389 | U4: 1787867 | V4: 615342 | W4: 24365979
B5: 승용차합계 | F5: 2711984 | G5: 1189345 | H5: 1027075 | I5: 1426203 | J5: 576366 | K5: 576906 | L5: 486959 | M5: 153330 | N5: 4966689 | O5: 617377 | P5: 672910 | Q5: 879120 | R5: 724324 | S5: 807039 | T5: 1098846 | U5: 1432989 | V5: 513493 | W5: 19860955
C6: 승용일반형 계 | F6: 1937901 | G6: 839132 | H6: 733450 | I6: 945549 | J6: 399639 | K6: 410123 | L6: 327052 | M6: 106944 | N6: 3371988 | O6: 404504 | P6: 456089 | Q6: 590988 | R6: 487215 | S6: 528461 | T6: 762415 | U6: 1000657 | V6: 325414 | W6: 13627521
D7: 승용일반형 국산 소계 | F7: 1517892 | G7: 679865 | H7: 599718 | I7: 788477 | J7: 347685 | K7: 363319 | L7: 301436 | M7: 92291 | N7: 2870269 | O7: 367726 | P7: 413410 | Q7: 536621 | R7: 434135 | S7: 483141 | T7: 702021 | U7: 891261 | V7: 300203 | W7: 11689470
E8: 승용일반형 국산 800CC미만 | F8: 12526 | G8: 7245 | H8: 7584 | I8: 8452 | J8: 2771 | K8: 4686 | L8: 3905 | M8: 830 | N8: 30921 | O8: 6888 | P8: 5717 | Q8: 7273 | R8: 5580 | S8: 6066 | T8: 13911 | U8: 18021 | V8: 3809 | W8: 146185
E9: 승용일반형 국산 1000CC미만 | F9: 157056 | G9: 89898 | H9: 77556 | I9: 130920 | J9: 38038 | K9: 54258 | L9: 51740 | M9: 15970 | N9: 471881 | O9: 77950 | P9: 70165 | Q9: 88431 | R9: 56045 | S9: 63418 | T9: 118182 | U9: 160315 | V9: 41295 | W9: 1763118
E10: 승용일반형 국산 1500CC미만 | F10: 97579 | G10: 39347 | H10: 35603 | I10: 44891 | J10: 16867 | K10: 22462 | L10: 17039 | M10: 5209 | N10: 177075 | O10: 22867 | P10: 24758 | Q10: 32363 | R10: 26854 | S10: 27468 | T10: 44748 | U10: 54259 | V10: 15830 | W10: 705219
E11: 승용일반형 국산 2000CC미만 | F11: 815818 | G11: 369728 | H11: 317717 | I11: 399839 | J11: 192677 | K11: 199665 | L11: 147164 | M11: 49318 | N11: 1513544 | O11: 185857 | P11: 219171 | Q11: 279686 | R11: 238028 | S11: 250202 | T11: 352773 | U11: 441641 | V11: 141404 | W11: 6114232
E12: 승용일반형 국산 2500CC미만 | F12: 162042 | G12: 69594 | H12: 58961 | I12: 83168 | J12: 34884 | K12: 32837 | L12: 30812 | M12: 10005 | N12: 276093 | O12: 29837 | P12: 36197 | Q12: 48487 | R12: 39996 | S12: 48440 | T12: 60110 | U12: 84626 | V12: 39993 | W12: 1146082
E13: 승용일반형 국산 3000CC미만 | F13: 143096 | G13: 50704 | H13: 53967 | I13: 61340 | J13: 39160 | K13: 29946 | L13: 28293 | M13: 6577 | N13: 217132 | O13: 25747 | P13: 33275 | Q13: 45498 | R13: 40263 | S13: 50452 | T13: 63716 | U13: 70006 | V13: 24749 | W13: 983921
E14: 승용일반형 국산 3500CC미만 | F14: 89024 | G14: 35205 | H14: 31932 | I14: 38974 | J14: 16408 | K14: 13729 | L14: 16082 | M14: 3147 | N14: 126338 | O14: 12888 | P14: 16481 | Q14: 23765 | R14: 18446 | S14: 25808 | T14: 33011 | U14: 41618 | V14: 18389 | W14: 561245
E15: 승용일반형 국산 4000CC미만 | F15: 35310 | G15: 15484 | H15: 13998 | I15: 18189 | J15: 5979 | K15: 5043 | L15: 5481 | M15: 1018 | N15: 49864 | O15: 4762 | P15: 6649 | Q15: 9493 | R15: 7857 | S15: 9785 | T15: 13395 | U15: 17975 | V15: 10558 | W15: 230840
E16: 승용일반형 국산 4500CC미만 | F16: 461 | G16: 142 | H16: 111 | I16: 135 | J16: 61 | K16: 87 | L16: 67 | M16: 14 | N16: 665 | O16: 95 | P16: 108 | Q16: 155 | R16: 136 | S16: 116 | T16: 187 | U16: 194 | V16: 58 | W16: 2792
E17: 승용일반형 국산 5000CC미만 | F17: 1123 | G17: 434 | H17: 480 | I17: 358 | J17: 188 | K17: 139 | L17: 193 | M17: 28 | N17: 1630 | O17: 167 | P17: 208 | Q17: 338 | R17: 227 | S17: 281 | T17: 528 | U17: 613 | V17: 68 | W17: 7003
E18: 승용일반형 국산 5000CC이상 | F18: 2980 | G18: 1348 | H18: 1227 | I18: 1897 | J18: 341 | K18: 267 | L18: 502 | M18: 76 | N18: 3726 | O18: 295 | P18: 415 | Q18: 658 | R18: 452 | S18: 613 | T18: 1020 | U18: 1428 | V18: 1107 | W18: 18352
E19: 승용일반형 국산 저속전기 | F19: 5 | G19: 0 | H19: 0 | I19: 6 | J19: 1 | K19: 0 | L19: 0 | M19: 0 | N19: 5 | O19: 0 | P19: 2 | Q19: 3 | R19: 0 | S19: 1 | T19: 5 | U19: 2 | V19: 0 | W19: 30
E20: 승용일반형 국산 전기 | F20: 872 | G20: 736 | H20: 582 | I20: 308 | J20: 310 | K20: 200 | L20: 158 | M20: 99 | N20: 1395 | O20: 373 | P20: 264 | Q20: 471 | R20: 251 | S20: 491 | T20: 435 | U20: 563 | V20: 2943 | W20: 10451
D21: 승용일반형 외산 소계 | F21: 420009 | G21: 159267 | H21: 133732 | I21: 157072 | J21: 51954 | K21: 46804 | L21: 25616 | M21: 14653 | N21: 501719 | O21: 36778 | P21: 42679 | Q21: 54367 | R21: 53080 | S21: 45320 | T21: 60394 | U21: 109396 | V21: 25211 | W21: 1938051
E22: 승용일반형 외산 800CC미만 | F22: 658 | G22: 122 | H22: 61 | I22: 149 | J22: 34 | K22: 52 | L22: 29 | M22: 23 | N22: 925 | O22: 49 | P22: 32 | Q22: 77 | R22: 41 | S22: 25 | T22: 55 | U22: 92 | V22: 45 | W22: 2469
E23: 승용일반형 외산 1000CC미만 | F23: 582 | G23: 76 | H23: 92 | I23: 108 | J23: 42 | K23: 44 | L23: 41 | M23: 13 | N23: 633 | O23: 51 | P23: 41 | Q23: 52 | R23: 26 | S23: 16 | T23: 55 | U23: 56 | V23: 35 | W23: 1963
E24: 승용일반형 외산 1500CC미만 | F24: 21698 | G24: 9789 | H24: 7570 | I24: 11502 | J24: 3813 | K24: 4100 | L24: 2444 | M24: 1627 | N24: 42702 | O24: 4893 | P24: 4602 | Q24: 6130 | R24: 4095 | S24: 4276 | T24: 6813 | U24: 9992 | V24: 3167 | W24: 149213
E25: 승용일반형 외산 2000CC미만 | F25: 205264 | G25: 81058 | H25: 66034 | I25: 90425 | J25: 25193 | K25: 23709 | L25: 12170 | M25: 7885 | N25: 251858 | O25: 17342 | P25: 20750 | Q25: 25542 | R25: 26234 | S25: 21222 | T25: 26505 | U25: 52104 | V25: 11654 | W25: 964949
E26: 승용일반형 외산 2500CC미만 | F26: 65104 | G26: 20481 | H26: 18405 | I26: 15293 | J26: 8474 | K26: 7029 | L26: 3670 | M26: 2489 | N26: 79003 | O26: 5292 | P26: 5869 | Q26: 7322 | R26: 7749 | S26: 6577 | T26: 10109 | U26: 14742 | V26: 2494 | W26: 280102
E27: 승용일반형 외산 3000CC미만 | F27: 53084 | G27: 25552 | H27: 22557 | I27: 22776 | J27: 7209 | K27: 5411 | L27: 2972 | M27: 1155 | N27: 55610 | O27: 4014 | P27: 5455 | Q27: 6712 | R27: 7482 | S27: 6214 | T27: 7417 | U27: 16375 | V27: 2826 | W27: 252821
E28: 승용일반형 외산 3500CC미만 | F28: 36806 | G28: 9269 | H28: 7342 | I28: 5592 | J28: 3498 | K28: 2915 | L28: 1733 | M28: 675 | N28: 34367 | O28: 2173 | P28: 2529 | Q28: 3646 | R28: 3189 | S28: 2904 | T28: 4340 | U28: 6239 | V28: 1124 | W28: 128341
E29: 승용일반형 외산 4000CC미만 | F29: 11887 | G29: 5837 | H29: 4950 | I29: 4876 | J29: 1427 | K29: 1214 | L29: 858 | M29: 295 | N29: 13885 | O29: 1119 | P29: 1433 | Q29: 1831 | R29: 1954 | S29: 1500 | T29: 2129 | U29: 4149 | V29: 941 | W29: 60285
E30: 승용일반형 외산 4500CC미만 | F30: 4554 | G30: 1484 | H30: 1202 | I30: 1439 | J30: 652 | K30: 409 | L30: 270 | M30: 84 | N30: 4932 | O30: 389 | P30: 500 | Q30: 659 | R30: 612 | S30: 631 | T30: 719 | U30: 1166 | V30: 267 | W30: 19969
E31: 승용일반형 외산 5000CC미만 | F31: 5971 | G31: 1719 | H31: 1507 | I31: 1056 | J31: 530 | K31: 416 | L31: 282 | M31: 76 | N31: 5566 | O31: 387 | P31: 498 | Q31: 657 | R31: 580 | S31: 618 | T31: 755 | U31: 1518 | V31: 284 | W31: 22420
E32: 승용일반형 외산 5000CC이상 | F32: 6736 | G32: 2469 | H32: 1694 | I32: 1816 | J32: 492 | K32: 452 | L32: 327 | M32: 98 | N32: 6144 | O32: 431 | P32: 538 | Q32: 763 | R32: 632 | S32: 617 | T32: 722 | U32: 1720 | V32: 470 | W32: 26121
E33: 승용일반형 외산 저속전기 | F33: 0 | G33: 0 | H33: 0 | I33: 0 | J33: 0 | K33: 0 | L33: 0 | M33: 0 | N33: 0 | O33: 0 | P33: 0 | Q33: 0 | R33: 0 | S33: 0 | T33: 0 | U33: 0 | V33: 0 | W33: 0
E34: 승용일반형 외산 전기 | F34: 7665 | G34: 1411 | H34: 2318 | I34: 2040 | J34: 590 | K34: 1053 | L34: 820 | M34: 233 | N34: 6094 | O34: 638 | P34: 432 | Q34: 976 | R34: 486 | S34: 720 | T34: 775 | U34: 1243 | V34: 1904 | W34: 29398
C35: 승용겸 화물 계 | F35: 10203 | G35: 3084 | H35: 2530 | I35: 15337 | J35: 1843 | K35: 1870 | L35: 1091 | M35: 345 | N35: 16481 | O35: 2141 | P35: 2212 | Q35: 2782 | R35: 2195 | S35: 5310 | T35: 2886 | U35: 4125 | V35: 2501 | W35: 76936
E36: 승용겸 화물 1500CC미만 | F36: 9669 | G36: 2907 | H36: 2355 | I36: 15179 | J36: 1684 | K36: 1758 | L36: 1042 | M36: 334 | N36: 15516 | O36: 1945 | P36: 2022 | Q36: 2564 | R36: 1968 | S36: 5078 | T36: 2609 | U36: 3926 | V36: 2394 | W36: 72950
E37: 승용겸 화물 2000CC미만 | F37: 7 | G37: 6 | H37: 3 | I37: 3 | J37: 1 | K37: 3 | L37: 0 | M37: 0 | N37: 10 | O37: 1 | P37: 2 | Q37: 0 | R37: 3 | S37: 1 | T37: 2 | U37: 0 | V37: 1 | W37: 43
E38: 승용겸 화물 2500CC미만 | F38: 388 | G38: 121 | H38: 136 | I38: 133 | J38: 119 | K38: 78 | L38: 41 | M38: 10 | N38: 809 | O38: 147 | P38: 155 | Q38: 177 | R38: 174 | S38: 192 | T38: 228 | U38: 162 | V38: 88 | W38: 3158
E39: 승용겸 화물 3000CC미만 | F39: 38 | G39: 8 | H39: 4 | I39: 7 | J39: 12 | K39: 11 | L39: 3 | M39: 1 | N39: 54 | O39: 18 | P39: 8 | Q39: 14 | R39: 17 | S39: 9 | T39: 14 | U39: 15 | V39: 6 | W39: 239
E40: 승용겸 화물 3500CC미만 | F40: 10 | G40: 3 | H40: 3 | I40: 0 | J40: 3 | K40: 4 | L40: 0 | M40: 0 | N40: 7 | O40: 5 | P40: 4 | Q40: 1 | R40: 6 | S40: 2 | T40: 4 | U40: 4 | V40: 4 | W40: 60
E41: 승용겸 화물 3500CC이상 | F41: 91 | G41: 39 | H41: 29 | I41: 15 | J41: 24 | K41: 16 | L41: 5 | M41: 0 | N41: 85 | O41: 25 | P41: 21 | Q41: 26 | R41: 27 | S41: 28 | T41: 29 | U41: 18 | V41: 8 | W41: 486
E42: 승용겸 화물 저속전기 | F42: 0 | G42: 0 | H42: 0 | I42: 0 | J42: 0 | K42: 0 | L42: 0 | M42: 0 | N42: 0 | O42: 0 | P42: 0 | Q42: 0 | R42: 0 | S42: 0 | T42: 0 | U42: 0 | V42: 0 | W42: 0
E43: 승용겸 화물 전기 | F43: 0 | G43: 0 | H43: 0 | I43: 0 | J43: 0 | K43: 0 | L43: 0 | M43: 0 | N43: 0 | O43: 0 | P43: 0 | Q43: 0 | R43: 0 | S43: 0 | T43: 0 | U43: 0 | V43: 0 | W43: 0
C44: 승용다목적형 계 | F44: 608086 | G44: 283734 | H44: 241964 | I44: 353260 | J44: 141435 | K44: 130801 | L44: 136384 | M44: 36766 | N44: 1244924 | O44: 173703 | P44: 174002 | Q44: 228968 | R44: 193264 | S44: 216871 | T44: 275326 | U44: 344906 | V44: 142822 | W44: 4927216
E45: 승용다목적형 1500CC미만 | F45: 4910 | G45: 1637 | H45: 1340 | I45: 4458 | J45: 658 | K45: 835 | L45: 390 | M45: 265 | N45: 9483 | O45: 937 | P45: 942 | Q45: 1272 | R45: 973 | S45: 709 | T45: 935 | U45: 2162 | V45: 921 | W45: 32827
E46: 승용다목적형 2000CC미만 | F46: 383575 | G46: 183816 | H46: 155429 | I46: 240645 | J46: 95969 | K46: 90079 | L46: 85620 | M46: 25538 | N46: 835616 | O46: 113459 | P46: 117694 | Q46: 152105 | R46: 131814 | S46: 150192 | T46: 181145 | U46: 234147 | V46: 92359 | W46: 3269202
E47: 승용다목적형 2500CC미만 | F47: 118154 | G47: 55579 | H47: 45413 | I47: 61690 | J47: 26740 | K47: 24445 | L47: 35406 | M47: 6924 | N47: 244398 | O47: 36685 | P47: 33778 | Q47: 46994 | R47: 37648 | S47: 41486 | T47: 58968 | U47: 69239 | V47: 28451 | W47: 971998
E48: 승용다목적형 3000CC미만 | F48: 65985 | G48: 30950 | H48: 28090 | I48: 34830 | J48: 13654 | K48: 10969 | L48: 9900 | M48: 2791 | N48: 113334 | O48: 17365 | P48: 16546 | Q48: 21803 | R48: 17625 | S48: 19457 | T48: 27771 | U48: 30148 | V48: 11439 | W48: 472657
E49: 승용다목적형 3500CC미만 | F49: 11765 | G49: 2656 | H49: 2556 | I49: 2818 | J49: 968 | K49: 990 | L49: 713 | M49: 289 | N49: 13155 | O49: 1164 | P49: 959 | Q49: 1416 | R49: 1082 | S49: 1050 | T49: 1389 | U49: 2246 | V49: 1262 | W49: 46478
E50: 승용다목적형 3500CC이상 | F50: 17193 | G50: 7240 | H50: 4836 | I50: 7117 | J50: 1732 | K50: 1768 | L50: 2097 | M50: 598 | N50: 22706 | O50: 2099 | P50: 2388 | Q50: 3123 | R50: 2885 | S50: 2186 | T50: 2838 | U50: 4612 | V50: 3092 | W50: 88510
E51: 승용다목적형 저속전기 | F51: 1 | G51: 0 | H51: 0 | I51: 0 | J51: 0 | K51: 0 | L51: 0 | M51: 0 | N51: 1 | O51: 0 | P51: 0 | Q51: 0 | R51: 0 | S51: 1 | T51: 0 | U51: 0 | V51: 0 | W51: 3
E52: 승용다목적형 전기 | F52: 6503 | G52: 1856 | H52: 4300 | I52: 1702 | J52: 1714 | K52: 1715 | L52: 2258 | M52: 361 | N52: 6231 | O52: 1994 | P52: 1695 | Q52: 2255 | R52: 1237 | S52: 1790 | T52: 2280 | U52: 2352 | V52: 5298 | W52: 45541
C53: 승용기타형 계 | F53: 155794 | G53: 63395 | H53: 49131 | I53: 112057 | J53: 33449 | K53: 34112 | L53: 22432 | M53: 9275 | N53: 333296 | O53: 37029 | P53: 40607 | Q53: 56382 | R53: 41650 | S53: 56397 | T53: 58219 | U53: 83301 | V53: 42756 | W53: 1229282
E54: 승용기타형 1500CC미만 | F54: 10337 | G54: 5053 | H54: 3568 | I54: 12646 | J54: 2458 | K54: 2867 | L54: 1864 | M54: 784 | N54: 29302 | O54: 3884 | P54: 4025 | Q54: 5329 | R54: 3847 | S54: 4657 | T54: 4334 | U54: 7692 | V54: 3169 | W54: 105816
E55: 승용기타형 2000CC미만 | F55: 70503 | G55: 28777 | H55: 24944 | I55: 46552 | J55: 17845 | K55: 16819 | L55: 11339 | M55: 4500 | N55: 158514 | O55: 18960 | P55: 18754 | Q55: 25515 | R55: 20748 | S55: 24714 | T55: 29332 | U55: 38916 | V55: 15456 | W55: 572188
E56: 승용기타형 2500CC미만 | F56: 56141 | G56: 23577 | H56: 15030 | I56: 46176 | J56: 10585 | K56: 11389 | L56: 7301 | M56: 3213 | N56: 120964 | O56: 11578 | P56: 14670 | Q56: 20813 | R56: 13953 | S56: 23143 | T56: 19032 | U56: 29911 | V56: 20074 | W56: 447550
E57: 승용기타형 3000CC미만 | F57: 8198 | G57: 2914 | H57: 2186 | I57: 2777 | J57: 1298 | K57: 1522 | L57: 989 | M57: 264 | N57: 11440 | O57: 1302 | P57: 1327 | Q57: 2322 | R57: 1633 | S57: 1974 | T57: 3203 | U57: 3466 | V57: 677 | W57: 47492
E58: 승용기타형 3500CC미만 | F58: 7652 | G58: 2348 | H58: 1502 | I58: 3220 | J58: 768 | K58: 824 | L58: 598 | M58: 297 | N58: 10027 | O58: 701 | P58: 993 | Q58: 1487 | R58: 786 | S58: 1080 | T58: 1464 | U58: 2355 | V58: 1124 | W58: 37226
E59: 승용기타형 3500CC이상 | F59: 530 | G59: 95 | H59: 81 | I59: 129 | J59: 68 | K59: 61 | L59: 22 | M59: 13 | N59: 626 | O59: 63 | P59: 63 | Q59: 99 | R59: 70 | S59: 70 | T59: 88 | U59: 92 | V59: 49 | W59: 2219
E60: 승용기타형 저속전기 | F60: 10 | G60: 6 | H60: 6 | I60: 26 | J60: 0 | K60: 7 | L60: 3 | M60: 0 | N60: 27 | O60: 6 | P60: 6 | Q60: 6 | R60: 1 | S60: 4 | T60: 10 | U60: 4 | V60: 14 | W60: 136
E61: 승용기타형 전기 | F61: 2423 | G61: 625 | H61: 1814 | I61: 531 | J61: 427 | K61: 623 | L61: 316 | M61: 204 | N61: 2396 | O61: 535 | P61: 769 | Q61: 811 | R61: 612 | S61: 755 | T61: 756 | U61: 865 | V61: 2193 | W61: 16655
B62: 승합차 합계 | F62: 106504 | G62: 42056 | H62: 30501 | I62: 49339 | J62: 19940 | K62: 20262 | L62: 14527 | M62: 4344 | N62: 204531 | O62: 28723 | P62: 29463 | Q62: 41331 | R62: 32520 | S62: 39262 | T62: 48083 | U62: 53612 | V62: 18844 | W62: 783842
C63: 승합일반형 계 | F63: 101922 | G63: 40411 | H63: 28663 | I63: 47677 | J63: 18716 | K63: 19025 | L63: 13772 | M63: 3934 | N63: 195236 | O63: 27057 | P63: 27885 | Q63: 39126 | R63: 30978 | S63: 37607 | T63: 45500 | U63: 51017 | V63: 18344 | W63: 746870
D64: 시내버스 | F64: 10434 | G64: 3637 | H64: 1823 | I64: 4603 | J64: 927 | K64: 1070 | L64: 976 | M64: 289 | N64: 3627 | O64: 911 | P64: 982 | Q64: 1287 | R64: 1167 | S64: 4808 | T64: 1693 | U64: 2466 | V64: 1482 | W64: 42182
D65: 시외버스 | F65: 0 | G65: 0 | H65: 0 | I65: 0 | J65: 0 | K65: 0 | L65: 0 | M65: 0 | N65: 16934 | O65: 710 | P65: 581 | Q65: 868 | R65: 576 | S65: 1797 | T65: 712 | U65: 1530 | V65: 575 | W65: 24283
D66: 전세버스 | F66: 3179 | G66: 1816 | H66: 1817 | I66: 3606 | J66: 1350 | K66: 911 | L66: 868 | M66: 126 | N66: 10302 | O66: 1256 | P66: 1964 | Q66: 2796 | R66: 2110 | S66: 705 | T66: 2607 | U66: 2853 | V66: 2021 | W66: 40287
D67: 고속버스 | F67: 0 | G67: 0 | H67: 0 | I67: 0 | J67: 0 | K67: 0 | L67: 0 | M67: 0 | N67: 14 | O67: 0 | P67: 0 | Q67: 0 | R67: 0 | S67: 0 | T67: 0 | U67: 9 | V67: 1 | W67: 24
D68: 농어촌버스 | F68: 0 | G68: 0 | H68: 0 | I68: 0 | J68: 0 | K68: 0 | L68: 0 | M68: 0 | N68: 0 | O68: 0 | P68: 0 | Q68: 0 | R68: 0 | S68: 0 | T68: 0 | U68: 0 | V68: 0 | W68: 0
D69: 마을버스 | F69: 0 | G69: 0 | H69: 0 | I69: 0 | J69: 0 | K69: 0 | L69: 0 | M69: 0 | N69: 0 | O69: 0 | P69: 0 | Q69: 0 | R69: 0 | S69: 0 | T69: 0 | U69: 0 | V69: 0 | W69: 0
D70: 승합일반기타형 계 | F70: 88309 | G70: 34958 | H70: 25023 | I70: 39468 | J70: 16439 | K70: 17044 | L70: 11928 | M70: 3519 | N70: 164359 | O70: 24180 | P70: 24358 | Q70: 34175 | R70: 27125 | S70: 30297 | T70: 40488 | U70: 44159 | V70: 14265 | W70: 640094
E71: 승합일반 15인 이하 | F71: 83394 | G71: 32511 | H71: 22913 | I71: 37443 | J71: 15245 | K71: 15822 | L71: 10705 | M71: 3268 | N71: 153837 | O71: 21976 | P71: 22425 | Q71: 31319 | R71: 25087 | S71: 27713 | T71: 36405 | U71: 40228 | V71: 13413 | W71: 593704
E72: 승합일반 25인 이하 | F72: 1630 | G72: 741 | H72: 730 | I72: 701 | J72: 474 | K72: 487 | L72: 439 | M72: 90 | N72: 3745 | O72: 772 | P72: 703 | Q72: 1009 | R72: 755 | S72: 1083 | T72: 1355 | U72: 1240 | V72: 359 | W72: 16313
E73: 승합일반 35인 이하 | F73: 1153 | G73: 476 | H73: 407 | I73: 402 | J73: 297 | K73: 271 | L73: 291 | M73: 59 | N73: 2164 | O73: 626 | P73: 461 | Q73: 696 | R73: 597 | S73: 735 | T73: 895 | U73: 911 | V73: 239 | W73: 10680
E74: 승합일반 50인 이하 | F74: 2074 | G74: 1192 | H74: 912 | I74: 882 | J74: 414 | K74: 457 | L74: 473 | M74: 102 | N74: 4379 | O74: 785 | P74: 748 | Q74: 1130 | R74: 669 | S74: 751 | T74: 1715 | U74: 1713 | V74: 246 | W74: 18642
E75: 승합일반 51인 이상 | F75: 58 | G75: 38 | H75: 61 | I75: 40 | J75: 9 | K75: 7 | L75: 20 | M75: 0 | N75: 234 | O75: 21 | P75: 21 | Q75: 21 | R75: 17 | S75: 15 | T75: 118 | U75: 67 | V75: 8 | W75: 755
C76: 승합특수형 계 | F76: 4582 | G76: 1645 | H76: 1838 | I76: 1662 | J76: 1224 | K76: 1237 | L76: 755 | M76: 410 | N76: 9295 | O76: 1666 | P76: 1578 | Q76: 2205 | R76: 1542 | S76: 1655 | T76: 2583 | U76: 2595 | V76: 500 | W76: 36972
D77: 구급차 | F77: 964 | G77: 457 | H77: 305 | I77: 260 | J77: 285 | K77: 177 | L77: 117 | M77: 25 | N77: 1146 | O77: 305 | P77: 260 | Q77: 329 | R77: 289 | S77: 368 | T77: 418 | U77: 502 | V77: 80 | W77: 6287
D78: 장의차 | F78: 67 | G78: 13 | H78: 29 | I78: 17 | J78: 13 | K78: 19 | L78: 2 | M78: 0 | N78: 78 | O78: 19 | P78: 29 | Q78: 28 | R78: 27 | S78: 17 | T78: 39 | U78: 22 | V78: 9 | W78: 428
D79: 헌혈, 채혈차 | F79: 3 | G79: 0 | H79: 0 | I79: 0 | J79: 1 | K79: 0 | L79: 0 | M79: 0 | N79: 2 | O79: 0 | P79: 0 | Q79: 0 | R79: 0 | S79: 1 | T79: 1 | U79: 1 | V79: 1 | W79: 10
D80: 방송, 보도용차 | F80: 21 | G80: 1 | H80: 1 | I80: 1 | J80: 2 | K80: 2 | L80: 4 | M80: 3 | N80: 16 | O80: 3 | P80: 2 | Q80: 1 | R80: 2 | S80: 6 | T80: 1 | U80: 2 | V80: 1 | W80: 69
D81: 승합피견인형 | F81: 1303 | G81: 452 | H81: 857 | I81: 643 | J81: 495 | K81: 564 | L81: 298 | M81: 298 | N81: 4733 | O81: 699 | P81: 748 | Q81: 1126 | R81: 582 | S81: 570 | T81: 1192 | U81: 976 | V81: 129 | W81: 15665
D82: 승합특수형 기타 | F82: 2224 | G82: 722 | H82: 646 | I82: 741 | J82: 428 | K82: 475 | L82: 334 | M82: 84 | N82: 3320 | O82: 640 | P82: 539 | Q82: 721 | R82: 642 | S82: 693 | T82: 932 | U82: 1092 | V82: 280 | W82: 14513
B83: 화물자동차 합계 | F83: 329943 | G83: 186650 | H83: 157979 | I83: 193261 | J83: 92444 | K83: 86459 | L83: 71213 | M83: 16588 | N83: 811352 | O83: 159347 | P83: 158673 | Q83: 223939 | R83: 187058 | S83: 245977 | T83: 320230 | U83: 292544 | V83: 81588 | W83: 3615245
C84: 화물일반형 계 | F84: 208896 | G84: 126246 | H84: 104845 | I84: 124353 | J84: 63495 | K84: 57308 | L84: 49589 | M84: 11868 | N84: 565938 | O84: 117571 | P84: 117030 | Q84: 170447 | R84: 142372 | S84: 193354 | T84: 239359 | U84: 221026 | V84: 61160 | W84: 2574857
D85: 화물 픽업형 | F85: 23229 | G85: 12795 | H85: 12448 | I85: 18513 | J85: 8427 | K85: 9257 | L85: 5298 | M85: 2087 | N85: 81657 | O85: 21678 | P85: 18157 | Q85: 24118 | R85: 18718 | S85: 18953 | T85: 24990 | U85: 24738 | V85: 7977 | W85: 333040
D86: 화물카고형 계 | F86: 185667 | G86: 113451 | H86: 92397 | I86: 105840 | J86: 55068 | K86: 48051 | L86: 44291 | M86: 9781 | N86: 484281 | O86: 95893 | P86: 98873 | Q86: 146329 | R86: 123654 | S86: 174401 | T86: 214369 | U86: 196288 | V86: 53183 | W86: 2241817
E87: 화물카고형 1톤 이하 | F87: 146698 | G87: 86410 | H87: 73037 | I87: 81950 | J87: 41761 | K87: 37028 | L87: 35239 | M87: 7583 | N87: 363083 | O87: 81020 | P87: 80958 | Q87: 119284 | R87: 100386 | S87: 145470 | T87: 181850 | U87: 159087 | V87: 46503 | W87: 1787347
E88: 화물카고형 3톤 이하 | F88: 19620 | G88: 10239 | H88: 7480 | I88: 10474 | J88: 4266 | K88: 3363 | L88: 2331 | M88: 683 | N88: 50501 | O88: 5319 | P88: 5474 | Q88: 8561 | R88: 7229 | S88: 8552 | T88: 10439 | U88: 13238 | V88: 2802 | W88: 170571
E89: 화물카고형 5톤 미만 | F89: 9611 | G89: 6604 | H89: 5848 | I89: 5881 | J89: 3584 | K89: 3118 | L89: 1843 | M89: 637 | N89: 39064 | O89: 4514 | P89: 5755 | Q89: 8366 | R89: 6367 | S89: 7805 | T89: 9676 | U89: 10182 | V89: 1772 | W89: 130627
E90: 화물카고형 8톤 미만 | F90: 4704 | G90: 4010 | H90: 2776 | I90: 2600 | J90: 2251 | K90: 1882 | L90: 1708 | M90: 530 | N90: 16934 | O90: 2850 | P90: 3618 | Q90: 5492 | R90: 4400 | S90: 5985 | T90: 6294 | U90: 7160 | V90: 1231 | W90: 74425
E91: 화물카고형 10톤 미만 | F91: 1133 | G91: 891 | H91: 622 | I91: 533 | J91: 663 | K91: 487 | L91: 403 | M91: 81 | N91: 3382 | O91: 391 | P91: 613 | Q91: 1020 | R91: 1053 | S91: 1280 | T91: 1008 | U91: 1135 | V91: 246 | W91: 14941
E92: 화물카고형 12톤 미만 | F92: 710 | G92: 747 | H92: 275 | I92: 446 | J92: 319 | K92: 250 | L92: 208 | M92: 24 | N92: 1602 | O92: 195 | P92: 256 | Q92: 350 | R92: 355 | S92: 459 | T92: 474 | U92: 635 | V92: 49 | W92: 7354
E93: 화물카고형 12톤 이상 | F93: 3191 | G93: 4550 | H93: 2359 | I93: 3956 | J93: 2224 | K93: 1923 | L93: 2559 | M93: 243 | N93: 9715 | O93: 1604 | P93: 2199 | Q93: 3256 | R93: 3864 | S93: 4850 | T93: 4628 | U93: 4851 | V93: 580 | W93: 56552
C94: 화물덤프형 계 | F94: 1850 | G94: 1008 | H94: 1058 | I94: 996 | J94: 514 | K94: 671 | L94: 1101 | M94: 367 | N94: 5862 | O94: 4585 | P94: 4097 | Q94: 5419 | R94: 4122 | S94: 5443 | T94: 9825 | U94: 6555 | V94: 1616 | W94: 55089
E95: 화물덤프형 1톤 이하 | F95: 470 | G95: 492 | H95: 375 | I95: 297 | J95: 221 | K95: 317 | L95: 844 | M95: 225 | N95: 2491 | O95: 3276 | P95: 2828 | Q95: 3334 | R95: 2507 | S95: 3323 | T95: 6243 | U95: 4641 | V95: 911 | W95: 32795
E96: 화물덤프형 5톤 미만 | F96: 1076 | G96: 338 | H96: 552 | I96: 562 | J96: 220 | K96: 261 | L96: 177 | M96: 59 | N96: 2182 | O96: 859 | P96: 783 | Q96: 1119 | R96: 1057 | S96: 1398 | T96: 2517 | U96: 1350 | V96: 361 | W96: 14871
E97: 화물덤프형 12톤 미만 | F97: 284 | G97: 156 | H97: 114 | I97: 110 | J97: 64 | K97: 87 | L97: 69 | M97: 81 | N97: 1147 | O97: 437 | P97: 456 | Q97: 935 | R97: 518 | S97: 698 | T97: 1028 | U97: 543 | V97: 334 | W97: 7061
E98: 화물덤프형 12톤 이상 | F98: 20 | G98: 22 | H98: 17 | I98: 27 | J98: 9 | K98: 6 | L98: 11 | M98: 2 | N98: 42 | O98: 13 | P98: 30 | Q98: 31 | R98: 40 | S98: 24 | T98: 37 | U98: 21 | V98: 10 | W98: 362
C99: 화물 밴형 계 | F99: 54750 | G99: 21628 | H99: 23453 | I99: 28039 | J99: 11704 | K99: 12379 | L99: 8188 | M99: 1534 | N99: 90171 | O99: 14800 | P99: 13559 | Q99: 15605 | R99: 14775 | S99: 15091 | T99: 28476 | U99: 26835 | V99: 8504 | W99: 389491
E100: 화물밴형 1톤 이하 | F100: 54303 | G100: 21432 | H100: 23244 | I100: 27842 | J100: 11575 | K100: 12230 | L100: 8146 | M100: 1511 | N100: 88871 | O100: 14593 | P100: 13362 | Q100: 15336 | R100: 14546 | S100: 14815 | T100: 28156 | U100: 26578 | V100: 8420 | W100: 384960
...

Sheet DV_gov
A1: < 자동차 등록현황(관 용) >
A2: 조회년월: 2020.12
E3: 차 종 별 | F3: 서울 | G3: 부산 | H3: 대구 | I3: 인천 | J3: 광주 | K3: 대전 | L3: 울산 | M3: 세종 | N3: 경기 | O3: 강원 | P3: 충북 | Q3: 충남 | R3: 전북 | S3: 전남 | T3: 경북 | U3: 경남 | V3: 제주 | W3: 합계
A4: 총계 | F4: 12723 | G4: 4658 | H4: 3382 | I4: 4048 | J4: 2217 | K4: 1899 | L4: 1838 | M4: 772 | N4: 17712 | O4: 6084 | P4: 4048 | Q4: 5754 | R4: 5290 | S4: 6367 | T4: 7563 | U4: 7154 | V4: 2448 | W4: 93957
B5: 승용차합계 | F5: 4607 | G5: 1671 | H5: 1002 | I5: 1569 | J5: 829 | K5: 653 | L5: 703 | M5: 325 | N5: 7306 | O5: 1864 | P5: 1362 | Q5: 1910 | R5: 1749 | S5: 2159 | T5: 2601 | U5: 2464 | V5: 845 | W5: 33619
C6: 승용일반형 계 | F6: 3777 | G6: 1314 | H6: 780 | I6: 1268 | J6: 652 | K6: 511 | L6: 488 | M6: 230 | N6: 5425 | O6: 1198 | P6: 999 | Q6: 1406 | R6: 1269 | S6: 1541 | T6: 1765 | U6: 1706 | V6: 705 | W6: 25034
D7: 승용일반형 국산 소계 | F7: 3667 | G7: 1309 | H7: 774 | I7: 1194 | J7: 647 | K7: 502 | L7: 487 | M7: 230 | N7: 5340 | O7: 1196 | P7: 987 | Q7: 1403 | R7: 1245 | S7: 1509 | T7: 1758 | U7: 1668 | V7: 690 | W7: 24606
E8: 승용일반형 국산 800CC미만 | F8: 42 | G8: 10 | H8: 5 | I8: 64 | J8: 2 | K8: 1 | L8: 2 | M8: 1 | N8: 53 | O8: 8 | P8: 1 | Q8: 8 | R8: 4 | S8: 5 | T8: 22 | U8: 41 | V8: 94 | W8: 363
E9: 승용일반형 국산 1000CC미만 | F9: 394 | G9: 284 | H9: 75 | I9: 271 | J9: 128 | K9: 99 | L9: 115 | M9: 33 | N9: 1665 | O9: 266 | P9: 241 | Q9: 402 | R9: 257 | S9: 333 | T9: 559 | U9: 441 | V9: 82 | W9: 5645
E10: 승용일반형 국산 1500CC미만 | F10: 343 | G10: 105 | H10: 57 | I10: 103 | J10: 34 | K10: 43 | L10: 45 | M10: 9 | N10: 279 | O10: 77 | P10: 80 | Q10: 93 | R10: 92 | S10: 145 | T10: 105 | U10: 109 | V10: 12 | W10: 1731
E11: 승용일반형 국산 2000CC미만 | F11: 2530 | G11: 727 | H11: 506 | I11: 620 | J11: 348 | K11: 284 | L11: 231 | M11: 146 | N11: 2674 | O11: 636 | P11: 514 | Q11: 691 | R11: 721 | S11: 837 | T11: 873 | U11: 819 | V11: 395 | W11: 13552
E12: 승용일반형 국산 2500CC미만 | F12: 75 | G12: 21 | H12: 11 | I12: 19 | J12: 13 | K12: 11 | L12: 4 | M12: 11 | N12: 96 | O12: 27 | P12: 29 | Q12: 35 | R12: 25 | S12: 42 | T12: 35 | U12: 27 | V12: 13 | W12: 494
E13: 승용일반형 국산 3000CC미만 | F13: 75 | G13: 23 | H13: 9 | I13: 10 | J13: 5 | K13: 6 | L13: 3 | M13: 5 | N13: 54 | O13: 21 | P13: 17 | Q13: 16 | R13: 5 | S13: 14 | T13: 17 | U13: 23 | V13: 2 | W13: 305
E14: 승용일반형 국산 3500CC미만 | F14: 43 | G14: 6 | H14: 3 | I14: 9 | J14: 2 | K14: 11 | L14: 9 | M14: 2 | N14: 46 | O14: 24 | P14: 17 | Q14: 19 | R14: 15 | S14: 38 | T14: 21 | U14: 23 | V14: 2 | W14: 290
E15: 승용일반형 국산 4000CC미만 | F15: 36 | G15: 7 | H15: 6 | I15: 2 | J15: 2 | K15: 4 | L15: 2 | M15: 7 | N15: 21 | O15: 17 | P15: 11 | Q15: 11 | R15: 13 | S15: 10 | T15: 8 | U15: 7 | V15: 2 | W15: 166
E16: 승용일반형 국산 4500CC미만 | F16: 2 | G16: 0 | H16: 0 | I16: 0 | J16: 0 | K16: 0 | L16: 0 | M16: 0 | N16: 0 | O16: 0 | P16: 0 | Q16: 0 | R16: 0 | S16: 0 | T16: 0 | U16: 0 | V16: 0 | W16: 2
E17: 승용일반형 국산 5000CC미만 | F17: 1 | G17: 0 | H17: 0 | I17: 0 | J17: 0 | K17: 0 | L17: 0 | M17: 0 | N17: 0 | O17: 0 | P17: 0 | Q17: 0 | R17: 0 | S17: 0 | T17: 0 | U17: 0 | V17: 0 | W17: 1
E18: 승용일반형 국산 5000CC이상 | F18: 16 | G18: 0 | H18: 0 | I18: 0 | J18: 0 | K18: 0 | L18: 0 | M18: 2 | N18: 1 | O18: 0 | P18: 0 | Q18: 0 | R18: 0 | S18: 0 | T18: 0 | U18: 0 | V18: 0 | W18: 19
E19: 승용일반형 국산 저속전기 | F19: 2 | G19: 0 | H19: 0 | I19: 2 | J19: 0 | K19: 0 | L19: 0 | M19: 0 | N19: 1 | O19: 0 | P19: 0 | Q19: 0 | R19: 0 | S19: 0 | T19: 0 | U19: 0 | V19: 0 | W19: 5
E20: 승용일반형 국산 전기 | F20: 108 | G20: 126 | H20: 102 | I20: 94 | J20: 113 | K20: 43 | L20: 76 | M20: 14 | N20: 450 | O20: 120 | P20: 77 | Q20: 128 | R20: 113 | S20: 85 | T20: 118 | U20: 178 | V20: 88 | W20: 2033
D21: 승용일반형 외산 소계 | F21: 110 | G21: 5 | H21: 6 | I21: 74 | J21: 5 | K21: 9 | L21: 1 | M21: 0 | N21: 85 | O21: 2 | P21: 12 | Q21: 3 | R21: 24 | S21: 32 | T21: 7 | U21: 38 | V21: 15 | W21: 428
E22: 승용일반형 외산 800CC미만 | F22: 0 | G22: 0 | H22: 0 | I22: 0 | J22: 0 | K22: 0 | L22: 0 | M22: 0 | N22: 0 | O22: 0 | P22: 0 | Q22: 0 | R22: 0 | S22: 0 | T22: 0 | U22: 0 | V22: 0 | W22: 0
E23: 승용일반형 외산 1000CC미만 | F23: 0 | G23: 0 | H23: 0 | I23: 0 | J23: 0 | K23: 0 | L23: 0 | M23: 0 | N23: 0 | O23: 0 | P23: 0 | Q23: 0 | R23: 0 | S23: 0 | T23: 0 | U23: 0 | V23: 0 | W23: 0
E24: 승용일반형 외산 1500CC미만 | F24: 3 | G24: 1 | H24: 0 | I24: 0 | J24: 0 | K24: 0 | L24: 0 | M24: 0 | N24: 2 | O24: 1 | P24: 0 | Q24: 0 | R24: 0 | S24: 1 | T24: 0 | U24: 0 | V24: 0 | W24: 8
E25: 승용일반형 외산 2000CC미만 | F25: 13 | G25: 1 | H25: 4 | I25: 3 | J25: 2 | K25: 1 | L25: 0 | M25: 0 | N25: 6 | O25: 0 | P25: 0 | Q25: 0 | R25: 0 | S25: 0 | T25: 1 | U25: 5 | V25: 0 | W25: 36
E26: 승용일반형 외산 2500CC미만 | F26: 4 | G26: 1 | H26: 0 | I26: 1 | J26: 0 | K26: 0 | L26: 0 | M26: 0 | N26: 1 | O26: 0 | P26: 0 | Q26: 0 | R26: 1 | S26: 1 | T26: 0 | U26: 1 | V26: 0 | W26: 10
E27: 승용일반형 외산 3000CC미만 | F27: 4 | G27: 0 | H27: 1 | I27: 0 | J27: 0 | K27: 0 | L27: 0 | M27: 0 | N27: 1 | O27: 0 | P27: 0 | Q27: 0 | R27: 0 | S27: 0 | T27: 0 | U27: 1 | V27: 0 | W27: 7
E28: 승용일반형 외산 3500CC미만 | F28: 4 | G28: 1 | H28: 0 | I28: 0 | J28: 0 | K28: 0 | L28: 0 | M28: 0 | N28: 1 | O28: 0 | P28: 0 | Q28: 0 | R28: 0 | S28: 0 | T28: 0 | U28: 1 | V28: 0 | W28: 7
E29: 승용일반형 외산 4000CC미만 | F29: 2 | G29: 0 | H29: 0 | I29: 0 | J29: 0 | K29: 0 | L29: 0 | M29: 0 | N29: 0 | O29: 0 | P29: 0 | Q29: 0 | R29: 1 | S29: 0 | T29: 0 | U29: 0 | V29: 0 | W29: 3
E30: 승용일반형 외산 4500CC미만 | F30: 2 | G30: 0 | H30: 0 | I30: 0 | J30: 0 | K30: 0 | L30: 0 | M30: 0 | N30: 0 | O30: 0 | P30: 0 | Q30: 0 | R30: 0 | S30: 0 | T30: 0 | U30: 0 | V30: 0 | W30: 2
E31: 승용일반형 외산 5000CC미만 | F31: 6 | G31: 0 | H31: 0 | I31: 0 | J31: 0 | K31: 0 | L31: 0 | M31: 0 | N31: 0 | O31: 0 | P31: 0 | Q31: 0 | R31: 0 | S31: 0 | T31: 0 | U31: 0 | V31: 0 | W31: 6
E32: 승용일반형 외산 5000CC이상 | F32: 20 | G32: 0 | H32: 0 | I32: 0 | J32: 0 | K32: 0 | L32: 0 | M32: 0 | N32: 0 | O32: 0 | P32: 0 | Q32: 0 | R32: 0 | S32: 0 | T32: 0 | U32: 0 | V32: 0 | W32: 20
E33: 승용일반형 외산 저속전기 | F33: 0 | G33: 0 | H33: 0 | I33: 0 | J33: 0 | K33: 0 | L33: 0 | M33: 0 | N33: 0 | O33: 0 | P33: 0 | Q33: 0 | R33: 0 | S33: 0 | T33: 0 | U33: 0 | V33: 0 | W33: 0
E34: 승용일반형 외산 전기 | F34: 52 | G34: 1 | H34: 1 | I34: 70 | J34: 3 | K34: 8 | L34: 1 | M34: 0 | N34: 74 | O34: 1 | P34: 12 | Q34: 3 | R34: 22 | S34: 30 | T34: 6 | U34: 30 | V34: 15 | W34: 329
C35: 승용겸 화물 계 | F35: 72 | G35: 51 | H35: 36 | I35: 27 | J35: 11 | K35: 10 | L35: 14 | M35: 4 | N35: 152 | O35: 64 | P35: 25 | Q35: 63 | R35: 64 | S35: 31 | T35: 40 | U35: 34 | V35: 11 | W35: 709
E36: 승용겸 화물 1500CC미만 | F36: 72 | G36: 51 | H36: 36 | I36: 27 | J36: 11 | K36: 10 | L36: 14 | M36: 4 | N36: 152 | O36: 63 | P36: 25 | Q36: 63 | R36: 64 | S36: 31 | T36: 40 | U36: 34 | V36: 10 | W36: 707
E37: 승용겸 화물 2000CC미만 | F37: 0 | G37: 0 | H37: 0 | I37: 0 | J37: 0 | K37: 0 | L37: 0 | M37: 0 | N37: 0 | O37: 0 | P37: 0 | Q37: 0 | R37: 0 | S37: 0 | T37: 0 | U37: 0 | V37: 0 | W37: 0
E38: 승용겸 화물 2500CC미만 | F38: 0 | G38: 0 | H38: 0 | I38: 0 | J38: 0 | K38: 0 | L38: 0 | M38: 0 | N38: 0 | O38: 0 | P38: 0 | Q38: 0 | R38: 0 | S38: 0 | T38: 0 | U38: 0 | V38: 0 | W38: 0
E39: 승용겸 화물 3000CC미만 | F39: 0 | G39: 0 | H39: 0 | I39: 0 | J39: 0 | K39: 0 | L39: 0 | M39: 0 | N39: 0 | O39: 0 | P39: 0 | Q39: 0 | R39: 0 | S39: 0 | T39: 0 | U39: 0 | V39: 0 | W39: 0
E40: 승용겸 화물 3500CC미만 | F40: 0 | G40: 0 | H40: 0 | I40: 0 | J40: 0 | K40: 0 | L40: 0 | M40: 0 | N40: 0 | O40: 1 | P40: 0 | Q40: 0 | R40: 0 | S40: 0 | T40: 0 | U40: 0 | V40: 1 | W40: 2
E41: 승용겸 화물 3500CC이상 | F41: 0 | G41: 0 | H41: 0 | I41: 0 | J41: 0 | K41: 0 | L41: 0 | M41: 0 | N41: 0 | O41: 0 | P41: 0 | Q41: 0 | R41: 0 | S41: 0 | T41: 0 | U41: 0 | V41: 0 | W41: 0
E42: 승용겸 화물 저속전기 | F42: 0 | G42: 0 | H42: 0 | I42: 0 | J42: 0 | K42: 0 | L42: 0 | M42: 0 | N42: 0 | O42: 0 | P42: 0 | Q42: 0 | R42: 0 | S42: 0 | T42: 0 | U42: 0 | V42: 0 | W42: 0
E43: 승용겸 화물 전기 | F43: 0 | G43: 0 | H43: 0 | I43: 0 | J43: 0 | K43: 0 | L43: 0 | M43: 0 | N43: 0 | O43: 0 | P43: 0 | Q43: 0 | R43: 0 | S43: 0 | T43: 0 | U43: 0 | V43: 0 | W43: 0
C44: 승용다목적형 계 | F44: 417 | G44: 210 | H44: 113 | I44: 171 | J44: 97 | K44: 64 | L44: 173 | M44: 48 | N44: 1060 | O44: 472 | P44: 238 | Q44: 295 | R44: 259 | S44: 372 | T44: 647 | U44: 540 | V44: 81 | W44: 5257
E45: 승용다목적형 1500CC미만 | F45: 0 | G45: 0 | H45: 0 | I45: 0 | J45: 0 | K45: 0 | L45: 0 | M45: 0 | N45: 0 | O45: 0 | P45: 0 | Q45: 0 | R45: 0 | S45: 0 | T45: 0 | U45: 16 | V45: 0 | W45: 16
E46: 승용다목적형 2000CC미만 | F46: 218 | G46: 165 | H46: 62 | I46: 116 | J46: 65 | K46: 34 | L46: 69 | M46: 24 | N46: 630 | O46: 247 | P46: 116 | Q46: 153 | R46: 114 | S46: 196 | T46: 269 | U46: 271 | V46: 44 | W46: 2793
E47: 승용다목적형 2500CC미만 | F47: 75 | G47: 30 | H47: 34 | I47: 30 | J47: 21 | K47: 13 | L47: 71 | M47: 10 | N47: 242 | O47: 155 | P47: 90 | Q47: 86 | R47: 84 | S47: 133 | T47: 306 | U47: 148 | V47: 26 | W47: 1554
E48: 승용다목적형 3000CC미만 | F48: 31 | G48: 7 | H48: 7 | I48: 9 | J48: 2 | K48: 9 | L48: 1 | M48: 7 | N48: 67 | O48: 57 | P48: 20 | Q48: 42 | R48: 23 | S48: 27 | T48: 55 | U48: 38 | V48: 6 | W48: 408
E49: 승용다목적형 3500CC미만 | F49: 5 | G49: 0 | H49: 0 | I49: 0 | J49: 0 | K49: 0 | L49: 0 | M49: 0 | N49: 0 | O49: 1 | P49: 0 | Q49: 0 | R49: 0 | S49: 0 | T49: 0 | U49: 0 | V49: 0 | W49: 6
E50: 승용다목적형 3500CC이상 | F50: 15 | G50: 0 | H50: 0 | I50: 2 | J50: 0 | K50: 0 | L50: 1 | M50: 0 | N50: 1 | O50: 3 | P50: 0 | Q50: 1 | R50: 1 | S50: 2 | T50: 4 | U50: 1 | V50: 1 | W50: 32
E51: 승용다목적형 저속전기 | F51: 0 | G51: 0 | H51: 0 | I51: 0 | J51: 0 | K51: 0 | L51: 0 | M51: 0 | N51: 0 | O51: 0 | P51: 0 | Q51: 0 | R51: 0 | S51: 0 | T51: 0 | U51: 0 | V51: 0 | W51: 0
E52: 승용다목적형 전기 | F52: 73 | G52: 8 | H52: 10 | I52: 14 | J52: 9 | K52: 8 | L52: 31 | M52: 7 | N52: 120 | O52: 9 | P52: 12 | Q52: 13 | R52: 37 | S52: 14 | T52: 13 | U52: 66 | V52: 4 | W52: 448
C53: 승용기타형 계 | F53: 341 | G53: 96 | H53: 73 | I53: 103 | J53: 69 | K53: 68 | L53: 28 | M53: 43 | N53: 669 | O53: 130 | P53: 100 | Q53: 146 | R53: 157 | S53: 215 | T53: 149 | U53: 184 | V53: 48 | W53: 2619
E54: 승용기타형 1500CC미만 | F54: 0 | G54: 0 | H54: 0 | I54: 4 | J54: 0 | K54: 0 | L54: 0 | M54: 0 | N54: 3 | O54: 3 | P54: 0 | Q54: 1 | R54: 4 | S54: 0 | T54: 2 | U54: 16 | V54: 0 | W54: 33
E55: 승용기타형 2000CC미만 | F55: 114 | G55: 41 | H55: 40 | I55: 56 | J55: 25 | K55: 24 | L55: 8 | M55: 7 | N55: 400 | O55: 41 | P55: 32 | Q55: 42 | R55: 32 | S55: 45 | T55: 53 | U55: 61 | V55: 14 | W55: 1035
E56: 승용기타형 2500CC미만 | F56: 109 | G56: 49 | H56: 27 | I56: 27 | J56: 32 | K56: 35 | L56: 16 | M56: 30 | N56: 165 | O56: 71 | P56: 56 | Q56: 78 | R56: 96 | S56: 141 | T56: 75 | U56: 70 | V56: 7 | W56: 1084
E57: 승용기타형 3000CC미만 | F57: 22 | G57: 1 | H57: 2 | I57: 2 | J57: 4 | K57: 2 | L57: 2 | M57: 2 | N57: 18 | O57: 1 | P57: 2 | Q57: 2 | R57: 6 | S57: 4 | T57: 7 | U57: 4 | V57: 1 | W57: 82
E58: 승용기타형 3500CC미만 | F58: 22 | G58: 2 | H58: 1 | I58: 7 | J58: 1 | K58: 0 | L58: 2 | M58: 2 | N58: 14 | O58: 4 | P58: 2 | Q58: 6 | R58: 2 | S58: 5 | T58: 2 | U58: 10 | V58: 0 | W58: 82
E59: 승용기타형 3500CC이상 | F59: 1 | G59: 0 | H59: 1 | I59: 0 | J59: 1 | K59: 1 | L59: 0 | M59: 0 | N59: 3 | O59: 0 | P59: 0 | Q59: 0 | R59: 1 | S59: 0 | T59: 0 | U59: 2 | V59: 0 | W59: 10
E60: 승용기타형 저속전기 | F60: 0 | G60: 1 | H60: 0 | I60: 1 | J60: 0 | K60: 0 | L60: 0 | M60: 0 | N60: 0 | O60: 0 | P60: 0 | Q60: 0 | R60: 0 | S60: 1 | T60: 0 | U60: 0 | V60: 0 | W60: 3
E61: 승용기타형 전기 | F61: 73 | G61: 2 | H61: 2 | I61: 6 | J61: 6 | K61: 6 | L61: 0 | M61: 2 | N61: 66 | O61: 10 | P61: 8 | Q61: 17 | R61: 16 | S61: 19 | T61: 10 | U61: 21 | V61: 26 | W61: 290
B62: 승합차 합계 | F62: 3805 | G62: 1261 | H62: 893 | I62: 1048 | J62: 597 | K62: 536 | L62: 452 | M62: 176 | N62: 4263 | O62: 1570 | P62: 1021 | Q62: 1227 | R62: 1324 | S62: 1598 | T62: 1768 | U62: 1912 | V62: 487 | W62: 23938
C63: 승합일반형 계 | F63: 2485 | G63: 788 | H63: 499 | I63: 654 | J63: 392 | K63: 301 | L63: 283 | M63: 127 | N63: 2654 | O63: 1105 | P63: 698 | Q63: 786 | R63: 909 | S63: 1084 | T63: 1179 | U63: 1158 | V63: 320 | W63: 15422
D64: 시내버스 | F64: 0 | G64: 0 | H64: 0 | I64: 0 | J64: 0 | K64: 0 | L64: 0 | M64: 0 | N64: 0 | O64: 0 | P64: 0 | Q64: 0 | R64: 0 | S64: 0 | T64: 0 | U64: 0 | V64: 0 | W64: 0
D65: 시외버스 | F65: 0 | G65: 0 | H65: 0 | I65: 0 | J65: 0 | K65: 0 | L65: 0 | M65: 0 | N65: 0 | O65: 0 | P65: 0 | Q65: 0 | R65: 0 | S65: 0 | T65: 0 | U65: 0 | V65: 0 | W65: 0
D66: 전세버스 | F66: 0 | G66: 0 | H66: 0 | I66: 0 | J66: 0 | K66: 0 | L66: 0 | M66: 0 | N66: 0 | O66: 0 | P66: 0 | Q66: 0 | R66: 0 | S66: 0 | T66: 0 | U66: 0 | V66: 0 | W66: 0
D67: 고속버스 | F67: 0 | G67: 0 | H67: 0 | I67: 0 | J67: 0 | K67: 0 | L67: 0 | M67: 0 | N67: 0 | O67: 0 | P67: 0 | Q67: 0 | R67: 0 | S67: 0 | T67: 0 | U67: 0 | V67: 0 | W67: 0
D68: 농어촌버스 | F68: 0 | G68: 0 | H68: 0 | I68: 0 | J68: 0 | K68: 0 | L68: 0 | M68: 0 | N68: 0 | O68: 0 | P68: 0 | Q68: 0 | R68: 0 | S68: 0 | T68: 0 | U68: 0 | V68: 0 | W68: 0
D69: 마을버스 | F69: 0 | G69: 0 | H69: 0 | I69: 0 | J69: 0 | K69: 0 | L69: 0 | M69: 0 | N69: 0 | O69: 0 | P69: 0 | Q69: 0 | R69: 0 | S69: 0 | T69: 0 | U69: 0 | V69: 0 | W69: 0
D70: 승합일반기타형 계 | F70: 2485 | G70: 788 | H70: 499 | I70: 654 | J70: 392 | K70: 301 | L70: 283 | M70: 127 | N70: 2654 | O70: 1105 | P70: 698 | Q70: 786 | R70: 909 | S70: 1084 | T70: 1179 | U70: 1158 | V70: 320 | W70: 15422
E71: 승합일반 15인 이하 | F71: 1780 | G71: 581 | H71: 376 | I71: 481 | J71: 315 | K71: 206 | L71: 191 | M71: 82 | N71: 1925 | O71: 652 | P71: 458 | Q71: 450 | R71: 498 | S71: 591 | T71: 678 | U71: 667 | V71: 199 | W71: 10130
E72: 승합일반 25인 이하 | F72: 192 | G72: 47 | H72: 40 | I72: 78 | J72: 25 | K72: 23 | L72: 28 | M72: 4 | N72: 176 | O72: 89 | P72: 72 | Q72: 69 | R72: 75 | S72: 135 | T72: 224 | U72: 105 | V72: 42 | W72: 1424
E73: 승합일반 35인 이하 | F73: 330 | G73: 76 | H73: 53 | I73: 50 | J73: 32 | K73: 34 | L73: 43 | M73: 21 | N73: 310 | O73: 186 | P73: 74 | Q73: 117 | R73: 172 | S73: 200 | T73: 188 | U73: 242 | V73: 42 | W73: 2170
E74: 승합일반 50인 이하 | F74: 183 | G74: 84 | H74: 30 | I74: 42 | J74: 20 | K74: 38 | L74: 21 | M74: 20 | N74: 239 | O74: 174 | P74: 92 | Q74: 145 | R74: 152 | S74: 158 | T74: 88 | U74: 140 | V74: 37 | W74: 1663
E75: 승합일반 51인 이상 | F75: 0 | G75: 0 | H75: 0 | I75: 3 | J75: 0 | K75: 0 | L75: 0 | M75: 0 | N75: 4 | O75: 4 | P75: 2 | Q75: 5 | R75: 12 | S75: 0 | T75: 1 | U75: 4 | V75: 0 | W75: 35
C76: 승합특수형 계 | F76: 1320 | G76: 473 | H76: 394 | I76: 394 | J76: 205 | K76: 235 | L76: 169 | M76: 49 | N76: 1609 | O76: 465 | P76: 323 | Q76: 441 | R76: 415 | S76: 514 | T76: 589 | U76: 754 | V76: 167 | W76: 8516
D77: 구급차 | F77: 156 | G77: 99 | H77: 70 | I77: 79 | J77: 28 | K77: 41 | L77: 33 | M77: 12 | N77: 302 | O77: 135 | P77: 109 | Q77: 119 | R77: 94 | S77: 153 | T77: 159 | U77: 148 | V77: 43 | W77: 1780
D78: 장의차 | F78: 0 | G78: 0 | H78: 0 | I78: 0 | J78: 0 | K78: 0 | L78: 0 | M78: 0 | N78: 0 | O78: 0 | P78: 0 | Q78: 0 | R78: 0 | S78: 0 | T78: 0 | U78: 0 | V78: 0 | W78: 0
D79: 헌혈, 채혈차 | F79: 0 | G79: 0 | H79: 0 | I79: 0 | J79: 0 | K79: 0 | L79: 0 | M79: 0 | N79: 0 | O79: 0 | P79: 0 | Q79: 0 | R79: 0 | S79: 0 | T79: 0 | U79: 0 | V79: 0 | W79: 0
D80: 방송, 보도용차 | F80: 0 | G80: 1 | H80: 0 | I80: 0 | J80: 0 | K80: 0 | L80: 0 | M80: 2 | N80: 2 | O80: 1 | P80: 0 | Q80: 1 | R80: 0 | S80: 3 | T80: 0 | U80: 0 | V80: 0 | W80: 10
D81: 승합피견인형 | F81: 4 | G81: 1 | H81: 1 | I81: 0 | J81: 0 | K81: 0 | L81: 0 | M81: 0 | N81: 9 | O81: 7 | P81: 0 | Q81: 6 | R81: 1 | S81: 0 | T81: 2 | U81: 0 | V81: 0 | W81: 31
D82: 승합특수형 기타 | F82: 1160 | G82: 372 | H82: 323 | I82: 315 | J82: 177 | K82: 194 | L82: 136 | M82: 35 | N82: 1296 | O82: 322 | P82: 214 | Q82: 315 | R82: 320 | S82: 358 | T82: 428 | U82: 606 | V82: 124 | W82: 6695
B83: 화물자동차 합계 | F83: 3937 | G83: 1588 | H83: 1365 | I83: 1311 | J83: 711 | K83: 634 | L83: 639 | M83: 225 | N83: 5585 | O83: 2465 | P83: 1545 | Q83: 2347 | R83: 2056 | S83: 2428 | T83: 2946 | U83: 2574 | V83: 1035 | W83: 33391
C84: 화물일반형 계 | F84: 1587 | G84: 693 | H84: 493 | I84: 562 | J84: 343 | K84: 299 | L84: 262 | M84: 93 | N84: 2651 | O84: 1086 | P84: 745 | Q84: 986 | R84: 894 | S84: 1020 | T84: 1203 | U84: 1226 | V84: 444 | W84: 14587
D85: 화물 픽업형 | F85: 41 | G85: 92 | H85: 85 | I85: 105 | J85: 49 | K85: 48 | L85: 49 | M85: 15 | N85: 544 | O85: 234 | P85: 106 | Q85: 256 | R85: 116 | S85: 133 | T85: 243 | U85: 106 | V85: 73 | W85: 2295
D86: 화물카고형 계 | F86: 1546 | G86: 601 | H86: 408 | I86: 457 | J86: 294 | K86: 251 | L86: 213 | M86: 78 | N86: 2107 | O86: 852 | P86: 639 | Q86: 730 | R86: 778 | S86: 887 | T86: 960 | U86: 1120 | V86: 371 | W86: 12292
E87: 화물카고형 1톤 이하 | F87: 1343 | G87: 519 | H87: 355 | I87: 388 | J87: 264 | K87: 187 | L87: 187 | M87: 69 | N87: 1792 | O87: 637 | P87: 505 | Q87: 603 | R87: 658 | S87: 760 | T87: 803 | U87: 929 | V87: 315 | W87: 10314
E88: 화물카고형 3톤 이하 | F88: 173 | G88: 61 | H88: 37 | I88: 48 | J88: 20 | K88: 50 | L88: 17 | M88: 3 | N88: 221 | O88: 106 | P88: 88 | Q88: 62 | R88: 54 | S88: 73 | T88: 81 | U88: 100 | V88: 32 | W88: 1226
E89: 화물카고형 5톤 미만 | F89: 13 | G89: 7 | H89: 7 | I89: 13 | J89: 5 | K89: 12 | L89: 4 | M89: 2 | N89: 45 | O89: 47 | P89: 14 | Q89: 30 | R89: 32 | S89: 24 | T89: 45 | U89: 55 | V89: 10 | W89: 365
E90: 화물카고형 8톤 미만 | F90: 16 | G90: 10 | H90: 7 | I90: 4 | J90: 5 | K90: 1 | L90: 3 | M90: 2 | N90: 44 | O90: 55 | P90: 25 | Q90: 29 | R90: 31 | S90: 18 | T90: 19 | U90: 29 | V90: 13 | W90: 311
E91: 화물카고형 10톤 미만 | F91: 0 | G91: 1 | H91: 1 | I91: 0 | J91: 0 | K91: 0 | L91: 1 | M91: 2 | N91: 1 | O91: 2 | P91: 3 | Q91: 4 | R91: 0 | S91: 6 | T91: 6 | U91: 2 | V91: 1 | W91: 30
E92: 화물카고형 12톤 미만 | F92: 0 | G92: 0 | H92: 0 | I92: 0 | J92: 0 | K92: 0 | L92: 0 | M92: 0 | N92: 0 | O92: 0 | P92: 0 | Q92: 0 | R92: 0 | S92: 0 | T92: 0 | U92: 0 | V92: 0 | W92: 0
E93: 화물카고형 12톤 이상 | F93: 1 | G93: 3 | H93: 1 | I93: 4 | J93: 0 | K93: 1 | L93: 1 | M93: 0 | N93: 4 | O93: 5 | P93: 4 | Q93: 2 | R93: 3 | S93: 6 | T93: 6 | U93: 5 | V93: 0 | W93: 46
C94: 화물덤프형 계 | F94: 64 | G94: 31 | H94: 13 | I94: 28 | J94: 20 | K94: 11 | L94: 6 | M94: 3 | N94: 101 | O94: 85 | P94: 30 | Q94: 67 | R94: 51 | S94: 55 | T94: 84 | U94: 66 | V94: 16 | W94: 731
E95: 화물덤프형 1톤 이하 | F95: 20 | G95: 5 | H95: 2 | I95: 2 | J95: 2 | K95: 2 | L95: 3 | M95: 2 | N95: 31 | O95: 43 | P95: 16 | Q95: 25 | R95: 18 | S95: 20 | T95: 36 | U95: 36 | V95: 8 | W95: 271
E96: 화물덤프형 5톤 미만 | F96: 27 | G96: 6 | H96: 7 | I96: 11 | J96: 3 | K96: 3 | L96: 1 | M96: 0 | N96: 36 | O96: 18 | P96: 4 | Q96: 9 | R96: 9 | S96: 14 | T96: 17 | U96: 10 | V96: 2 | W96: 177
E97: 화물덤프형 12톤 미만 | F97: 10 | G97: 18 | H97: 1 | I97: 14 | J97: 15 | K97: 6 | L97: 2 | M97: 1 | N97: 30 | O97: 24 | P97: 7 | Q97: 24 | R97: 15 | S97: 20 | T97: 21 | U97: 20 | V97: 3 | W97: 231
E98: 화물덤프형 12톤 이상 | F98: 7 | G98: 2 | H98: 3 | I98: 1 | J98: 0 | K98: 0 | L98: 0 | M98: 0 | N98: 4 | O98: 0 | P98: 3 | Q98: 9 | R98: 9 | S98: 1 | T98: 10 | U98: 0 | V98: 3 | W98: 52
C99: 화물 밴형 계 | F99: 518 | G99: 221 | H99: 161 | I99: 153 | J99: 85 | K99: 93 | L99: 92 | M99: 13 | N99: 425 | O99: 144 | P99: 135 | Q99: 189 | R99: 217 | S99: 228 | T99: 254 | U99: 225 | V99: 77 | W99: 3230
E100: 화물밴형 1톤 이하 | F100: 509 | G100: 218 | H100: 160 | I100: 149 | J100: 85 | K100: 92 | L100: 92 | M100: 13 | N100: 419 | O100: 141 | P100: 129 | Q100: 184 | R100: 216 | S100: 226 | T100: 252 | U100: 225 | V100: 75 | W100: 3185
...

Sheet DV_indst
A1: < 자동차 등록현황(영 업 용) >
A2: 조회년월: 2020.12
E3: 차 종 별 | F3: 서울 | G3: 부산 | H3: 대구 | I3: 인천 | J3: 광주 | K3: 대전 | L3: 울산 | M3: 세종 | N3: 경기 | O3: 강원 | P3: 충북 | Q3: 충남 | R3: 전북 | S3: 전남 | T3: 경북 | U3: 경남 | V3: 제주 | W3: 합계
A4: 총계 | F4: 203746 | G4: 133365 | H4: 51140 | I4: 357702 | J4: 32200 | K4: 29453 | L4: 21684 | M4: 2843 | N4: 232289 | O4: 25200 | P4: 36003 | Q4: 39689 | R4: 39636 | S4: 149378 | T4: 48415 | U4: 116619 | V4: 230974 | W4: 1750336
B5: 승용차합계 | F5: 125376 | G5: 84544 | H5: 25968 | I5: 309540 | J5: 14521 | K5: 14033 | L5: 8158 | M5: 628 | N5: 71468 | O5: 11716 | P5: 15050 | Q5: 13471 | R5: 17888 | S5: 116487 | T5: 13837 | U5: 78626 | V5: 219455 | W5: 1140766
C6: 승용일반형 계 | F6: 107784 | G6: 58686 | H6: 23295 | I6: 194668 | J6: 13302 | K6: 12560 | L6: 7569 | M6: 563 | N6: 63196 | O6: 10590 | P6: 12674 | Q6: 11624 | R6: 14816 | S6: 73240 | T6: 12927 | U6: 47662 | V6: 132202 | W6: 797358
D7: 승용일반형 국산 소계 | F7: 100464 | G7: 52622 | H7: 21508 | I7: 188763 | J7: 12997 | K7: 12038 | L7: 6964 | M7: 550 | N7: 61607 | O7: 10400 | P7: 12345 | Q7: 11279 | R7: 14611 | S7: 70938 | T7: 12783 | U7: 45255 | V7: 126216 | W7: 761340
E8: 승용일반형 국산 800CC미만 | F8: 0 | G8: 0 | H8: 0 | I8: 0 | J8: 0 | K8: 0 | L8: 0 | M8: 0 | N8: 0 | O8: 0 | P8: 0 | Q8: 0 | R8: 0 | S8: 0 | T8: 0 | U8: 1 | V8: 0 | W8: 1
E9: 승용일반형 국산 1000CC미만 | F9: 2985 | G9: 2090 | H9: 576 | I9: 21638 | J9: 221 | K9: 284 | L9: 212 | M9: 41 | N9: 2238 | O9: 399 | P9: 481 | Q9: 323 | R9: 633 | S9: 6016 | T9: 290 | U9: 1963 | V9: 7779 | W9: 48169
E10: 승용일반형 국산 1500CC미만 | F10: 243 | G10: 511 | H10: 116 | I10: 3092 | J10: 24 | K10: 16 | L10: 23 | M10: 1 | N10: 211 | O10: 62 | P10: 23 | Q10: 43 | R10: 115 | S10: 2285 | T10: 22 | U10: 462 | V10: 2227 | W10: 9476
E11: 승용일반형 국산 2000CC미만 | F11: 77443 | G11: 33930 | H11: 15753 | I11: 96340 | J11: 9871 | K11: 9156 | L11: 5250 | M11: 351 | N11: 43631 | O11: 7835 | P11: 8200 | Q11: 7284 | R11: 9805 | S11: 36497 | T11: 9362 | U11: 21608 | V11: 56254 | W11: 448570
E12: 승용일반형 국산 2500CC미만 | F12: 4113 | G12: 6632 | H12: 574 | I12: 25857 | J12: 132 | K12: 138 | L12: 39 | M12: 6 | N12: 1497 | O12: 60 | P12: 342 | Q12: 318 | R12: 589 | S12: 9521 | T12: 54 | U12: 8657 | V12: 28013 | W12: 86542
E13: 승용일반형 국산 3000CC미만 | F13: 12425 | G13: 5302 | H13: 3869 | I13: 22034 | J13: 2485 | K13: 2224 | L13: 1300 | M13: 138 | N13: 11933 | O13: 1883 | P13: 2742 | Q13: 2940 | R13: 2849 | S13: 9399 | T13: 2822 | U13: 6957 | V13: 16674 | W13: 107976
E14: 승용일반형 국산 3500CC미만 | F14: 1435 | G14: 2144 | H14: 300 | I14: 13190 | J14: 158 | K14: 114 | L14: 82 | M14: 9 | N14: 1374 | O14: 72 | P14: 222 | Q14: 241 | R14: 338 | S14: 4963 | T14: 116 | U14: 2751 | V14: 9317 | W14: 36826
E15: 승용일반형 국산 4000CC미만 | F15: 1336 | G15: 1597 | H15: 218 | I15: 5920 | J15: 101 | K15: 97 | L15: 47 | M15: 4 | N15: 672 | O15: 70 | P15: 323 | Q15: 123 | R15: 272 | S15: 2078 | T15: 107 | U15: 2738 | V15: 5221 | W15: 20924
E16: 승용일반형 국산 4500CC미만 | F16: 0 | G16: 0 | H16: 0 | I16: 0 | J16: 0 | K16: 0 | L16: 0 | M16: 0 | N16: 0 | O16: 0 | P16: 0 | Q16: 0 | R16: 0 | S16: 0 | T16: 0 | U16: 1 | V16: 0 | W16: 1
E17: 승용일반형 국산 5000CC미만 | F17: 1 | G17: 0 | H17: 1 | I17: 1 | J17: 0 | K17: 0 | L17: 0 | M17: 0 | N17: 0 | O17: 0 | P17: 0 | Q17: 0 | R17: 0 | S17: 0 | T17: 1 | U17: 2 | V17: 0 | W17: 6
E18: 승용일반형 국산 5000CC이상 | F18: 144 | G18: 82 | H18: 18 | I18: 637 | J18: 5 | K18: 5 | L18: 6 | M18: 0 | N18: 28 | O18: 3 | P18: 12 | Q18: 4 | R18: 10 | S18: 170 | T18: 6 | U18: 104 | V18: 351 | W18: 1585
E19: 승용일반형 국산 저속전기 | F19: 0 | G19: 0 | H19: 0 | I19: 0 | J19: 0 | K19: 0 | L19: 0 | M19: 0 | N19: 0 | O19: 0 | P19: 0 | Q19: 0 | R19: 0 | S19: 0 | T19: 0 | U19: 0 | V19: 0 | W19: 0
E20: 승용일반형 국산 전기 | F20: 339 | G20: 334 | H20: 83 | I20: 54 | J20: 0 | K20: 4 | L20: 5 | M20: 0 | N20: 23 | O20: 16 | P20: 0 | Q20: 3 | R20: 0 | S20: 9 | T20: 3 | U20: 11 | V20: 380 | W20: 1264
D21: 승용일반형 외산 소계 | F21: 7320 | G21: 6064 | H21: 1787 | I21: 5905 | J21: 305 | K21: 522 | L21: 605 | M21: 13 | N21: 1589 | O21: 190 | P21: 329 | Q21: 345 | R21: 205 | S21: 2302 | T21: 144 | U21: 2407 | V21: 5986 | W21: 36018
E22: 승용일반형 외산 800CC미만 | F22: 0 | G22: 0 | H22: 0 | I22: 0 | J22: 0 | K22: 0 | L22: 0 | M22: 0 | N22: 0 | O22: 0 | P22: 0 | Q22: 0 | R22: 0 | S22: 0 | T22: 0 | U22: 0 | V22: 0 | W22: 0
E23: 승용일반형 외산 1000CC미만 | F23: 0 | G23: 0 | H23: 0 | I23: 0 | J23: 0 | K23: 0 | L23: 0 | M23: 0 | N23: 0 | O23: 0 | P23: 0 | Q23: 0 | R23: 0 | S23: 0 | T23: 0 | U23: 0 | V23: 0 | W23: 0
E24: 승용일반형 외산 1500CC미만 | F24: 199 | G24: 979 | H24: 26 | I24: 741 | J24: 22 | K24: 13 | L24: 2 | M24: 0 | N24: 109 | O24: 9 | P24: 11 | Q24: 12 | R24: 11 | S24: 244 | T24: 9 | U24: 194 | V24: 887 | W24: 3468
E25: 승용일반형 외산 2000CC미만 | F25: 3147 | G25: 3566 | H25: 443 | I25: 3840 | J25: 146 | K25: 271 | L25: 47 | M25: 5 | N25: 878 | O25: 65 | P25: 202 | Q25: 231 | R25: 81 | S25: 1677 | T25: 51 | U25: 1438 | V25: 3658 | W25: 19746
E26: 승용일반형 외산 2500CC미만 | F26: 668 | G26: 267 | H26: 126 | I26: 426 | J26: 35 | K26: 44 | L26: 11 | M26: 1 | N26: 221 | O26: 14 | P26: 26 | Q26: 21 | R26: 34 | S26: 127 | T26: 21 | U26: 351 | V26: 522 | W26: 2915
E27: 승용일반형 외산 3000CC미만 | F27: 850 | G27: 674 | H27: 107 | I27: 460 | J27: 76 | K27: 80 | L27: 10 | M27: 3 | N27: 235 | O27: 16 | P27: 72 | Q27: 44 | R27: 40 | S27: 123 | T27: 22 | U27: 256 | V27: 463 | W27: 3531
E28: 승용일반형 외산 3500CC미만 | F28: 58 | G28: 27 | H28: 27 | I28: 57 | J28: 5 | K28: 13 | L28: 3 | M28: 0 | N28: 25 | O28: 2 | P28: 1 | Q28: 6 | R28: 6 | S28: 7 | T28: 3 | U28: 69 | V28: 29 | W28: 338
E29: 승용일반형 외산 4000CC미만 | F29: 129 | G29: 53 | H29: 17 | I29: 82 | J29: 7 | K29: 8 | L29: 0 | M29: 2 | N29: 40 | O29: 3 | P29: 9 | Q29: 13 | R29: 7 | S29: 33 | T29: 5 | U29: 57 | V29: 114 | W29: 579
E30: 승용일반형 외산 4500CC미만 | F30: 6 | G30: 9 | H30: 3 | I30: 7 | J30: 1 | K30: 0 | L30: 0 | M30: 0 | N30: 1 | O30: 1 | P30: 3 | Q30: 1 | R30: 1 | S30: 2 | T30: 0 | U30: 0 | V30: 1 | W30: 36
E31: 승용일반형 외산 5000CC미만 | F31: 30 | G31: 8 | H31: 4 | I31: 15 | J31: 4 | K31: 0 | L31: 0 | M31: 0 | N31: 11 | O31: 3 | P31: 1 | Q31: 4 | R31: 2 | S31: 5 | T31: 2 | U31: 5 | V31: 1 | W31: 95
E32: 승용일반형 외산 5000CC이상 | F32: 18 | G32: 24 | H32: 3 | I32: 10 | J32: 2 | K32: 4 | L32: 3 | M32: 0 | N32: 15 | O32: 1 | P32: 3 | Q32: 6 | R32: 1 | S32: 22 | T32: 1 | U32: 3 | V32: 8 | W32: 124
E33: 승용일반형 외산 저속전기 | F33: 0 | G33: 0 | H33: 0 | I33: 0 | J33: 0 | K33: 0 | L33: 0 | M33: 0 | N33: 0 | O33: 0 | P33: 0 | Q33: 0 | R33: 0 | S33: 0 | T33: 0 | U33: 0 | V33: 0 | W33: 0
E34: 승용일반형 외산 전기 | F34: 2215 | G34: 457 | H34: 1031 | I34: 267 | J34: 7 | K34: 89 | L34: 529 | M34: 2 | N34: 54 | O34: 76 | P34: 1 | Q34: 7 | R34: 22 | S34: 62 | T34: 30 | U34: 34 | V34: 303 | W34: 5186
C35: 승용겸 화물 계 | F35: 1083 | G35: 384 | H35: 45 | I35: 9907 | J35: 51 | K35: 34 | L35: 7 | M35: 2 | N35: 222 | O35: 54 | P35: 78 | Q35: 87 | R35: 372 | S35: 3419 | T35: 49 | U35: 260 | V35: 1670 | W35: 17724
E36: 승용겸 화물 1500CC미만 | F36: 961 | G36: 338 | H36: 14 | I36: 9890 | J36: 17 | K36: 6 | L36: 1 | M36: 2 | N36: 124 | O36: 17 | P36: 47 | Q36: 52 | R36: 332 | S36: 3386 | T36: 9 | U36: 229 | V36: 1656 | W36: 17081
E37: 승용겸 화물 2000CC미만 | F37: 0 | G37: 0 | H37: 0 | I37: 0 | J37: 0 | K37: 0 | L37: 0 | M37: 0 | N37: 0 | O37: 0 | P37: 0 | Q37: 0 | R37: 0 | S37: 0 | T37: 0 | U37: 0 | V37: 0 | W37: 0
E38: 승용겸 화물 2500CC미만 | F38: 2 | G38: 0 | H38: 0 | I38: 0 | J38: 0 | K38: 0 | L38: 0 | M38: 0 | N38: 1 | O38: 1 | P38: 0 | Q38: 1 | R38: 0 | S38: 0 | T38: 0 | U38: 0 | V38: 0 | W38: 5
E39: 승용겸 화물 3000CC미만 | F39: 21 | G39: 6 | H39: 2 | I39: 3 | J39: 7 | K39: 8 | L39: 1 | M39: 0 | N39: 26 | O39: 8 | P39: 6 | Q39: 8 | R39: 9 | S39: 3 | T39: 7 | U39: 9 | V39: 3 | W39: 127
E40: 승용겸 화물 3500CC미만 | F40: 10 | G40: 2 | H40: 3 | I40: 0 | J40: 3 | K40: 4 | L40: 0 | M40: 0 | N40: 6 | O40: 4 | P40: 4 | Q40: 0 | R40: 6 | S40: 2 | T40: 4 | U40: 4 | V40: 3 | W40: 55
E41: 승용겸 화물 3500CC이상 | F41: 89 | G41: 38 | H41: 26 | I41: 14 | J41: 24 | K41: 16 | L41: 5 | M41: 0 | N41: 65 | O41: 24 | P41: 21 | Q41: 26 | R41: 25 | S41: 28 | T41: 29 | U41: 18 | V41: 8 | W41: 456
E42: 승용겸 화물 저속전기 | F42: 0 | G42: 0 | H42: 0 | I42: 0 | J42: 0 | K42: 0 | L42: 0 | M42: 0 | N42: 0 | O42: 0 | P42: 0 | Q42: 0 | R42: 0 | S42: 0 | T42: 0 | U42: 0 | V42: 0 | W42: 0
E43: 승용겸 화물 전기 | F43: 0 | G43: 0 | H43: 0 | I43: 0 | J43: 0 | K43: 0 | L43: 0 | M43: 0 | N43: 0 | O43: 0 | P43: 0 | Q43: 0 | R43: 0 | S43: 0 | T43: 0 | U43: 0 | V43: 0 | W43: 0
C44: 승용다목적형 계 | F44: 11339 | G44: 17350 | H44: 1710 | I44: 63192 | J44: 801 | K44: 968 | L44: 429 | M44: 40 | N44: 5377 | O44: 694 | P44: 1501 | Q44: 1167 | R44: 1858 | S44: 25411 | T44: 587 | U44: 19228 | V44: 60054 | W44: 211706
E45: 승용다목적형 1500CC미만 | F45: 35 | G45: 94 | H45: 3 | I45: 478 | J45: 0 | K45: 7 | L45: 0 | M45: 0 | N45: 24 | O45: 3 | P45: 8 | Q45: 1 | R45: 3 | S45: 59 | T45: 0 | U45: 87 | V45: 467 | W45: 1269
E46: 승용다목적형 2000CC미만 | F46: 6384 | G46: 9986 | H46: 678 | I46: 46846 | J46: 426 | K46: 506 | L46: 250 | M46: 26 | N46: 3760 | O46: 466 | P46: 976 | Q46: 833 | R46: 1406 | S46: 20087 | T46: 367 | U46: 10691 | V46: 38961 | W46: 142649
E47: 승용다목적형 2500CC미만 | F47: 1266 | G47: 4581 | H47: 379 | I47: 10640 | J47: 170 | K47: 227 | L47: 66 | M47: 12 | N47: 1120 | O47: 145 | P47: 330 | Q47: 216 | R47: 292 | S47: 3929 | T47: 125 | U47: 5426 | V47: 13655 | W47: 42579
E48: 승용다목적형 3000CC미만 | F48: 523 | G48: 1646 | H48: 130 | I48: 3859 | J48: 58 | K48: 80 | L48: 12 | M48: 1 | N48: 233 | O48: 19 | P48: 153 | Q48: 65 | R48: 135 | S48: 919 | T48: 40 | U48: 1956 | V48: 3267 | W48: 13096
E49: 승용다목적형 3500CC미만 | F49: 184 | G49: 89 | H49: 37 | I49: 291 | J49: 2 | K49: 6 | L49: 3 | M49: 0 | N49: 32 | O49: 2 | P49: 3 | Q49: 15 | R49: 5 | S49: 125 | T49: 5 | U49: 342 | V49: 538 | W49: 1679
E50: 승용다목적형 3500CC이상 | F50: 88 | G50: 917 | H50: 18 | I50: 898 | J50: 17 | K50: 23 | L50: 7 | M50: 1 | N50: 76 | O50: 6 | P50: 13 | Q50: 26 | R50: 5 | S50: 277 | T50: 9 | U50: 694 | V50: 1739 | W50: 4814
E51: 승용다목적형 저속전기 | F51: 0 | G51: 0 | H51: 0 | I51: 0 | J51: 0 | K51: 0 | L51: 0 | M51: 0 | N51: 0 | O51: 0 | P51: 0 | Q51: 0 | R51: 0 | S51: 0 | T51: 0 | U51: 0 | V51: 0 | W51: 0
E52: 승용다목적형 전기 | F52: 2859 | G52: 37 | H52: 465 | I52: 180 | J52: 128 | K52: 119 | L52: 91 | M52: 0 | N52: 132 | O52: 53 | P52: 18 | Q52: 11 | R52: 12 | S52: 15 | T52: 41 | U52: 32 | V52: 1427 | W52: 5620
C53: 승용기타형 계 | F53: 5170 | G53: 8124 | H53: 918 | I53: 41773 | J53: 367 | K53: 471 | L53: 153 | M53: 23 | N53: 2673 | O53: 378 | P53: 797 | Q53: 593 | R53: 842 | S53: 14417 | T53: 274 | U53: 11476 | V53: 25529 | W53: 113978
E54: 승용기타형 1500CC미만 | F54: 254 | G54: 323 | H54: 21 | I54: 5976 | J54: 34 | K54: 63 | L54: 4 | M54: 5 | N54: 145 | O54: 18 | P54: 60 | Q54: 15 | R54: 52 | S54: 1397 | T54: 9 | U54: 1278 | V54: 1803 | W54: 11457
E55: 승용기타형 2000CC미만 | F55: 1263 | G55: 899 | H55: 119 | I55: 13205 | J55: 96 | K55: 87 | L55: 22 | M55: 3 | N55: 914 | O55: 119 | P55: 168 | Q55: 89 | R55: 205 | S55: 3767 | T55: 54 | U55: 2335 | V55: 5862 | W55: 29207
E56: 승용기타형 2500CC미만 | F56: 2575 | G56: 6429 | H56: 354 | I56: 21494 | J56: 230 | K56: 234 | L56: 66 | M56: 13 | N56: 1489 | O56: 166 | P56: 531 | Q56: 414 | R56: 559 | S56: 9040 | T56: 182 | U56: 7063 | V56: 16501 | W56: 67340
E57: 승용기타형 3000CC미만 | F57: 3 | G57: 0 | H57: 0 | I57: 0 | J57: 0 | K57: 0 | L57: 0 | M57: 0 | N57: 6 | O57: 0 | P57: 0 | Q57: 0 | R57: 0 | S57: 0 | T57: 0 | U57: 0 | V57: 1 | W57: 10
E58: 승용기타형 3500CC미만 | F58: 186 | G58: 432 | H58: 16 | I58: 992 | J58: 2 | K58: 9 | L58: 1 | M58: 2 | N58: 43 | O58: 3 | P58: 18 | Q58: 29 | R58: 22 | S58: 201 | T58: 5 | U58: 686 | V58: 757 | W58: 3404
E59: 승용기타형 3500CC이상 | F59: 26 | G59: 0 | H59: 0 | I59: 2 | J59: 0 | K59: 0 | L59: 0 | M59: 0 | N59: 9 | O59: 0 | P59: 0 | Q59: 16 | R59: 0 | S59: 2 | T59: 0 | U59: 0 | V59: 6 | W59: 61
E60: 승용기타형 저속전기 | F60: 0 | G60: 0 | H60: 0 | I60: 0 | J60: 0 | K60: 0 | L60: 0 | M60: 0 | N60: 0 | O60: 0 | P60: 0 | Q60: 0 | R60: 0 | S60: 0 | T60: 0 | U60: 0 | V60: 0 | W60: 0
E61: 승용기타형 전기 | F61: 863 | G61: 41 | H61: 408 | I61: 104 | J61: 5 | K61: 78 | L61: 60 | M61: 0 | N61: 67 | O61: 72 | P61: 20 | Q61: 30 | R61: 4 | S61: 10 | T61: 24 | U61: 114 | V61: 599 | W61: 2499
B62: 승합차 합계 | F62: 15384 | G62: 6164 | H62: 4003 | I62: 11512 | J62: 2409 | K62: 2166 | L62: 1927 | M62: 428 | N62: 32250 | O62: 3158 | P62: 3766 | Q62: 5331 | R62: 4165 | S62: 7759 | T62: 5357 | U62: 7443 | V62: 7178 | W62: 120400
C63: 승합일반형 계 | F63: 15281 | G63: 6152 | H63: 3973 | I63: 11487 | J63: 2394 | K63: 2146 | L63: 1924 | M63: 427 | N63: 32087 | O63: 3137 | P63: 3734 | Q63: 5294 | R63: 4139 | S63: 7741 | T63: 5328 | U63: 7413 | V63: 7164 | W63: 119821
D64: 시내버스 | F64: 10434 | G64: 3637 | H64: 1823 | I64: 4603 | J64: 927 | K64: 1070 | L64: 976 | M64: 289 | N64: 3627 | O64: 911 | P64: 982 | Q64: 1287 | R64: 1167 | S64: 4808 | T64: 1693 | U64: 2466 | V64: 1482 | W64: 42182
D65: 시외버스 | F65: 0 | G65: 0 | H65: 0 | I65: 0 | J65: 0 | K65: 0 | L65: 0 | M65: 0 | N65: 16933 | O65: 710 | P65: 581 | Q65: 868 | R65: 576 | S65: 1797 | T65: 712 | U65: 1530 | V65: 575 | W65: 24282
D66: 전세버스 | F66: 3179 | G66: 1816 | H66: 1817 | I66: 3606 | J66: 1350 | K66: 911 | L66: 868 | M66: 126 | N66: 10302 | O66: 1256 | P66: 1964 | Q66: 2796 | R66: 2110 | S66: 705 | T66: 2607 | U66: 2853 | V66: 2021 | W66: 40287
D67: 고속버스 | F67: 0 | G67: 0 | H67: 0 | I67: 0 | J67: 0 | K67: 0 | L67: 0 | M67: 0 | N67: 14 | O67: 0 | P67: 0 | Q67: 0 | R67: 0 | S67: 0 | T67: 0 | U67: 9 | V67: 1 | W67: 24
D68: 농어촌버스 | F68: 0 | G68: 0 | H68: 0 | I68: 0 | J68: 0 | K68: 0 | L68: 0 | M68: 0 | N68: 0 | O68: 0 | P68: 0 | Q68: 0 | R68: 0 | S68: 0 | T68: 0 | U68: 0 | V68: 0 | W68: 0
D69: 마을버스 | F69: 0 | G69: 0 | H69: 0 | I69: 0 | J69: 0 | K69: 0 | L69: 0 | M69: 0 | N69: 0 | O69: 0 | P69: 0 | Q69: 0 | R69: 0 | S69: 0 | T69: 0 | U69: 0 | V69: 0 | W69: 0
D70: 승합일반기타형 계 | F70: 1668 | G70: 699 | H70: 333 | I70: 3278 | J70: 117 | K70: 165 | L70: 80 | M70: 12 | N70: 1211 | O70: 260 | P70: 207 | Q70: 343 | R70: 286 | S70: 431 | T70: 316 | U70: 555 | V70: 3085 | W70: 13046
E71: 승합일반 15인 이하 | F71: 1664 | G71: 698 | H71: 332 | I71: 3277 | J71: 117 | K71: 165 | L71: 80 | M71: 12 | N71: 1211 | O71: 258 | P71: 207 | Q71: 337 | R71: 285 | S71: 431 | T71: 315 | U71: 555 | V71: 3085 | W71: 13029
E72: 승합일반 25인 이하 | F72: 4 | G72: 1 | H72: 1 | I72: 1 | J72: 0 | K72: 0 | L72: 0 | M72: 0 | N72: 0 | O72: 2 | P72: 0 | Q72: 6 | R72: 1 | S72: 0 | T72: 1 | U72: 0 | V72: 0 | W72: 17
E73: 승합일반 35인 이하 | F73: 0 | G73: 0 | H73: 0 | I73: 0 | J73: 0 | K73: 0 | L73: 0 | M73: 0 | N73: 0 | O73: 0 | P73: 0 | Q73: 0 | R73: 0 | S73: 0 | T73: 0 | U73: 0 | V73: 0 | W73: 0
E74: 승합일반 50인 이하 | F74: 0 | G74: 0 | H74: 0 | I74: 0 | J74: 0 | K74: 0 | L74: 0 | M74: 0 | N74: 0 | O74: 0 | P74: 0 | Q74: 0 | R74: 0 | S74: 0 | T74: 0 | U74: 0 | V74: 0 | W74: 0
E75: 승합일반 51인 이상 | F75: 0 | G75: 0 | H75: 0 | I75: 0 | J75: 0 | K75: 0 | L75: 0 | M75: 0 | N75: 0 | O75: 0 | P75: 0 | Q75: 0 | R75: 0 | S75: 0 | T75: 0 | U75: 0 | V75: 0 | W75: 0
C76: 승합특수형 계 | F76: 103 | G76: 12 | H76: 30 | I76: 25 | J76: 15 | K76: 20 | L76: 3 | M76: 1 | N76: 163 | O76: 21 | P76: 32 | Q76: 37 | R76: 26 | S76: 18 | T76: 29 | U76: 30 | V76: 14 | W76: 579
D77: 구급차 | F77: 5 | G77: 1 | H77: 0 | I77: 1 | J77: 2 | K77: 0 | L77: 0 | M77: 0 | N77: 18 | O77: 0 | P77: 1 | Q77: 2 | R77: 5 | S77: 3 | T77: 0 | U77: 1 | V77: 1 | W77: 40
D78: 장의차 | F78: 60 | G78: 8 | H78: 26 | I78: 15 | J78: 10 | K78: 15 | L78: 2 | M78: 0 | N78: 57 | O78: 16 | P78: 26 | Q78: 22 | R78: 21 | S78: 11 | T78: 26 | U78: 16 | V78: 8 | W78: 339
D79: 헌혈, 채혈차 | F79: 0 | G79: 0 | H79: 0 | I79: 0 | J79: 0 | K79: 0 | L79: 0 | M79: 0 | N79: 0 | O79: 0 | P79: 0 | Q79: 0 | R79: 0 | S79: 0 | T79: 0 | U79: 0 | V79: 0 | W79: 0
D80: 방송, 보도용차 | F80: 0 | G80: 0 | H80: 0 | I80: 0 | J80: 0 | K80: 0 | L80: 0 | M80: 0 | N80: 0 | O80: 0 | P80: 0 | Q80: 0 | R80: 0 | S80: 0 | T80: 0 | U80: 0 | V80: 0 | W80: 0
D81: 승합피견인형 | F81: 0 | G81: 0 | H81: 0 | I81: 0 | J81: 3 | K81: 2 | L81: 0 | M81: 0 | N81: 35 | O81: 0 | P81: 0 | Q81: 1 | R81: 0 | S81: 0 | T81: 0 | U81: 0 | V81: 0 | W81: 41
D82: 승합특수형 기타 | F82: 38 | G82: 3 | H82: 4 | I82: 9 | J82: 0 | K82: 3 | L82: 1 | M82: 1 | N82: 53 | O82: 5 | P82: 5 | Q82: 12 | R82: 0 | S82: 4 | T82: 3 | U82: 13 | V82: 5 | W82: 159
B83: 화물자동차 합계 | F83: 58055 | G83: 33767 | H83: 19136 | I83: 31354 | J83: 13444 | K83: 11608 | L83: 9428 | M83: 1622 | N83: 117289 | O83: 8603 | P83: 14450 | Q83: 17909 | R83: 15378 | S83: 20258 | T83: 24183 | U83: 25072 | V83: 3696 | W83: 425252
C84: 화물일반형 계 | F84: 36433 | G84: 16395 | H84: 12777 | I84: 14748 | J84: 8408 | K84: 7593 | L84: 5014 | M84: 1063 | N84: 72959 | O84: 5023 | P84: 8195 | Q84: 10424 | R84: 9682 | S84: 10645 | T84: 13632 | U84: 15078 | V84: 2601 | W84: 250670
D85: 화물 픽업형 | F85: 363 | G85: 56 | H85: 11 | I85: 107 | J85: 30 | K85: 27 | L85: 67 | M85: 6 | N85: 432 | O85: 112 | P85: 150 | Q85: 283 | R85: 11 | S85: 19 | T85: 68 | U85: 41 | V85: 6 | W85: 1789
D86: 화물카고형 계 | F86: 36070 | G86: 16339 | H86: 12766 | I86: 14641 | J86: 8378 | K86: 7566 | L86: 4947 | M86: 1057 | N86: 72527 | O86: 4911 | P86: 8045 | Q86: 10141 | R86: 9671 | S86: 10626 | T86: 13564 | U86: 15037 | V86: 2595 | W86: 248881
E87: 화물카고형 1톤 이하 | F87: 18542 | G87: 3529 | H87: 3324 | I87: 4946 | J87: 2202 | K87: 1863 | L87: 822 | M87: 177 | N87: 23551 | O87: 1152 | P87: 1706 | Q87: 2247 | R87: 1484 | S87: 1516 | T87: 2378 | U87: 2603 | V87: 640 | W87: 72682
E88: 화물카고형 3톤 이하 | F88: 4826 | G88: 1840 | H88: 1602 | I88: 1707 | J88: 644 | K88: 563 | L88: 213 | M88: 130 | N88: 10279 | O88: 471 | P88: 789 | Q88: 834 | R88: 753 | S88: 556 | T88: 1170 | U88: 1499 | V88: 299 | W88: 28175
E89: 화물카고형 5톤 미만 | F89: 6265 | G89: 3900 | H89: 3407 | I89: 3183 | J89: 1751 | K89: 1774 | L89: 752 | M89: 286 | N89: 20572 | O89: 1327 | P89: 2273 | Q89: 2783 | R89: 2134 | S89: 1979 | T89: 3608 | U89: 3889 | V89: 603 | W89: 60486
E90: 화물카고형 8톤 미만 | F90: 2547 | G90: 1987 | H90: 1554 | I90: 922 | J90: 1096 | K90: 1001 | L90: 631 | M90: 251 | N90: 7380 | O90: 409 | P90: 984 | Q90: 1350 | R90: 1295 | S90: 1692 | T90: 1801 | U90: 2181 | V90: 500 | W90: 27581
E91: 화물카고형 10톤 미만 | F91: 850 | G91: 638 | H91: 491 | I91: 383 | J91: 518 | K91: 391 | L91: 261 | M91: 46 | N91: 2378 | O91: 170 | P91: 372 | Q91: 550 | R91: 688 | S91: 773 | T91: 584 | U91: 663 | V91: 180 | W91: 9936
E92: 화물카고형 12톤 미만 | F92: 413 | G92: 546 | H92: 219 | I92: 298 | J92: 196 | K92: 223 | L92: 131 | M92: 15 | N92: 1044 | O92: 112 | P92: 176 | Q92: 164 | R92: 187 | S92: 213 | T92: 288 | U92: 404 | V92: 21 | W92: 4650
E93: 화물카고형 12톤 이상 | F93: 2627 | G93: 3899 | H93: 2169 | I93: 3202 | J93: 1971 | K93: 1751 | L93: 2137 | M93: 152 | N93: 7323 | O93: 1270 | P93: 1745 | Q93: 2213 | R93: 3130 | S93: 3897 | T93: 3735 | U93: 3798 | V93: 352 | W93: 45371
C94: 화물덤프형 계 | F94: 420 | G94: 122 | H94: 40 | I94: 66 | J94: 45 | K94: 40 | L94: 57 | M94: 3 | N94: 318 | O94: 89 | P94: 115 | Q94: 89 | R94: 152 | S94: 83 | T94: 174 | U94: 221 | V94: 22 | W94: 2056
E95: 화물덤프형 1톤 이하 | F95: 2 | G95: 10 | H95: 1 | I95: 0 | J95: 0 | K95: 1 | L95: 29 | M95: 0 | N95: 3 | O95: 3 | P95: 18 | Q95: 2 | R95: 11 | S95: 6 | T95: 63 | U95: 63 | V95: 1 | W95: 213
E96: 화물덤프형 5톤 미만 | F96: 236 | G96: 46 | H96: 26 | I96: 30 | J96: 31 | K96: 17 | L96: 7 | M96: 1 | N96: 152 | O96: 64 | P96: 56 | Q96: 54 | R96: 84 | S96: 41 | T96: 81 | U96: 101 | V96: 10 | W96: 1037
E97: 화물덤프형 12톤 미만 | F97: 176 | G97: 56 | H97: 7 | I97: 20 | J97: 9 | K97: 20 | L97: 11 | M97: 2 | N97: 146 | O97: 19 | P97: 21 | Q97: 26 | R97: 46 | S97: 28 | T97: 19 | U97: 44 | V97: 10 | W97: 660
E98: 화물덤프형 12톤 이상 | F98: 6 | G98: 10 | H98: 6 | I98: 16 | J98: 5 | K98: 2 | L98: 10 | M98: 0 | N98: 17 | O98: 3 | P98: 20 | Q98: 7 | R98: 11 | S98: 8 | T98: 11 | U98: 13 | V98: 1 | W98: 146
C99: 화물 밴형 계 | F99: 3159 | G99: 223 | H99: 504 | I99: 557 | J99: 204 | K99: 202 | L99: 86 | M99: 15 | N99: 3011 | O99: 107 | P99: 96 | Q99: 113 | R99: 100 | S99: 97 | T99: 202 | U99: 178 | V99: 33 | W99: 8887
E100: 화물밴형 1톤 이하 | F100: 3107 | G100: 203 | H100: 476 | I100: 541 | J100: 187 | K100: 177 | L100: 83 | M100: 13 | N100: 2831 | O100: 100 | P100: 83 | Q100: 102 | R100: 85 | S100: 82 | T100: 171 | U100: 156 | V100: 30 | W100: 8427
...

Sheet DV_consumer
A1: < 자동차 등록현황(자 가 용) >
A2: 조회년월: 2020.12
E3: 차 종 별 | F3: 서울 | G3: 부산 | H3: 대구 | I3: 인천 | J3: 광주 | K3: 대전 | L3: 울산 | M3: 세종 | N3: 경기 | O3: 강원 | P3: 충북 | Q3: 충남 | R3: 전북 | S3: 전남 | T3: 경북 | U3: 경남 | V3: 제주 | W3: 합계
A4: 총계 | F4: 2940892 | G4: 1291017 | H4: 1164674 | I4: 1314692 | J4: 657323 | K4: 655077 | L4: 552178 | M4: 171127 | N4: 5754125 | O4: 777815 | P4: 825569 | Q4: 1104402 | R4: 903221 | S4: 944149 | T4: 1419411 | U4: 1664094 | V4: 381920 | W4: 22521686
B5: 승용차합계 | F5: 2582001 | G5: 1103130 | H5: 1000105 | I5: 1115094 | J5: 561016 | K5: 562220 | L5: 478098 | M5: 152377 | N5: 4887915 | O5: 603797 | P5: 656498 | Q5: 863739 | R5: 704687 | S5: 688393 | T5: 1082408 | U5: 1351899 | V5: 293193 | W5: 18686570
C6: 승용일반형 계 | F6: 1826340 | G6: 779132 | H6: 709375 | I6: 749613 | J6: 385685 | K6: 397052 | L6: 318995 | M6: 106151 | N6: 3303367 | O6: 392716 | P6: 442416 | Q6: 577958 | R6: 471130 | S6: 453680 | T6: 747723 | U6: 951289 | V6: 192507 | W6: 12805129
D7: 승용일반형 국산 소계 | F7: 1413761 | G7: 625934 | H7: 577436 | I7: 598520 | J7: 334041 | K7: 350779 | L7: 293985 | M7: 91511 | N7: 2803322 | O7: 356130 | P7: 400078 | Q7: 523939 | R7: 418279 | S7: 410694 | T7: 687480 | U7: 844338 | V7: 173297 | W7: 10903524
E8: 승용일반형 국산 800CC미만 | F8: 12484 | G8: 7235 | H8: 7579 | I8: 8388 | J8: 2769 | K8: 4685 | L8: 3903 | M8: 829 | N8: 30868 | O8: 6880 | P8: 5716 | Q8: 7265 | R8: 5576 | S8: 6061 | T8: 13889 | U8: 17979 | V8: 3715 | W8: 145821
E9: 승용일반형 국산 1000CC미만 | F9: 153677 | G9: 87524 | H9: 76905 | I9: 109011 | J9: 37689 | K9: 53875 | L9: 51413 | M9: 15896 | N9: 467978 | O9: 77285 | P9: 69443 | Q9: 87706 | R9: 55155 | S9: 57069 | T9: 117333 | U9: 157911 | V9: 33434 | W9: 1709304
E10: 승용일반형 국산 1500CC미만 | F10: 96993 | G10: 38731 | H10: 35430 | I10: 41696 | J10: 16809 | K10: 22403 | L10: 16971 | M10: 5199 | N10: 176585 | O10: 22728 | P10: 24655 | Q10: 32227 | R10: 26647 | S10: 25038 | T10: 44621 | U10: 53688 | V10: 13591 | W10: 694012
E11: 승용일반형 국산 2000CC미만 | F11: 735845 | G11: 335071 | H11: 301458 | I11: 302879 | J11: 182458 | K11: 190225 | L11: 141683 | M11: 48821 | N11: 1467239 | O11: 177386 | P11: 210457 | Q11: 271711 | R11: 227502 | S11: 212868 | T11: 342538 | U11: 419214 | V11: 84755 | W11: 5652110
E12: 승용일반형 국산 2500CC미만 | F12: 157854 | G12: 62941 | H12: 58376 | I12: 57292 | J12: 34739 | K12: 32688 | L12: 30769 | M12: 9988 | N12: 274500 | O12: 29750 | P12: 35826 | Q12: 48134 | R12: 39382 | S12: 38877 | T12: 60021 | U12: 75942 | V12: 11967 | W12: 1059046
E13: 승용일반형 국산 3000CC미만 | F13: 130596 | G13: 45379 | H13: 50089 | I13: 39296 | J13: 36670 | K13: 27716 | L13: 26990 | M13: 6434 | N13: 205145 | O13: 23843 | P13: 30516 | Q13: 42542 | R13: 37409 | S13: 41039 | T13: 60877 | U13: 63026 | V13: 8073 | W13: 875640
E14: 승용일반형 국산 3500CC미만 | F14: 87546 | G14: 33055 | H14: 31629 | I14: 25775 | J14: 16248 | K14: 13604 | L14: 15991 | M14: 3136 | N14: 124918 | O14: 12792 | P14: 16242 | Q14: 23505 | R14: 18093 | S14: 20807 | T14: 32874 | U14: 38844 | V14: 9070 | W14: 524129
E15: 승용일반형 국산 4000CC미만 | F15: 33938 | G15: 13880 | H15: 13774 | I15: 12267 | J15: 5876 | K15: 4942 | L15: 5432 | M15: 1007 | N15: 49171 | O15: 4675 | P15: 6315 | Q15: 9359 | R15: 7572 | S15: 7697 | T15: 13280 | U15: 15230 | V15: 5335 | W15: 209750
E16: 승용일반형 국산 4500CC미만 | F16: 459 | G16: 142 | H16: 111 | I16: 135 | J16: 61 | K16: 87 | L16: 67 | M16: 14 | N16: 665 | O16: 95 | P16: 108 | Q16: 155 | R16: 136 | S16: 116 | T16: 187 | U16: 193 | V16: 58 | W16: 2789
E17: 승용일반형 국산 5000CC미만 | F17: 1121 | G17: 434 | H17: 479 | I17: 357 | J17: 188 | K17: 139 | L17: 193 | M17: 28 | N17: 1630 | O17: 167 | P17: 208 | Q17: 338 | R17: 227 | S17: 281 | T17: 527 | U17: 611 | V17: 68 | W17: 6996
E18: 승용일반형 국산 5000CC이상 | F18: 2820 | G18: 1266 | H18: 1209 | I18: 1260 | J18: 336 | K18: 262 | L18: 496 | M18: 74 | N18: 3697 | O18: 292 | P18: 403 | Q18: 654 | R18: 442 | S18: 443 | T18: 1014 | U18: 1324 | V18: 756 | W18: 16748
E19: 승용일반형 국산 저속전기 | F19: 3 | G19: 0 | H19: 0 | I19: 4 | J19: 1 | K19: 0 | L19: 0 | M19: 0 | N19: 4 | O19: 0 | P19: 2 | Q19: 3 | R19: 0 | S19: 1 | T19: 5 | U19: 2 | V19: 0 | W19: 25
E20: 승용일반형 국산 전기 | F20: 425 | G20: 276 | H20: 397 | I20: 160 | J20: 197 | K20: 153 | L20: 77 | M20: 85 | N20: 922 | O20: 237 | P20: 187 | Q20: 340 | R20: 138 | S20: 397 | T20: 314 | U20: 374 | V20: 2475 | W20: 7154
D21: 승용일반형 외산 소계 | F21: 412579 | G21: 153198 | H21: 131939 | I21: 151093 | J21: 51644 | K21: 46273 | L21: 25010 | M21: 14640 | N21: 500045 | O21: 36586 | P21: 42338 | Q21: 54019 | R21: 52851 | S21: 42986 | T21: 60243 | U21: 106951 | V21: 19210 | W21: 1901605
E22: 승용일반형 외산 800CC미만 | F22: 658 | G22: 122 | H22: 61 | I22: 149 | J22: 34 | K22: 52 | L22: 29 | M22: 23 | N22: 925 | O22: 49 | P22: 32 | Q22: 77 | R22: 41 | S22: 25 | T22: 55 | U22: 92 | V22: 45 | W22: 2469
E23: 승용일반형 외산 1000CC미만 | F23: 582 | G23: 76 | H23: 92 | I23: 108 | J23: 42 | K23: 44 | L23: 41 | M23: 13 | N23: 633 | O23: 51 | P23: 41 | Q23: 52 | R23: 26 | S23: 16 | T23: 55 | U23: 56 | V23: 35 | W23: 1963
E24: 승용일반형 외산 1500CC미만 | F24: 21496 | G24: 8809 | H24: 7544 | I24: 10761 | J24: 3791 | K24: 4087 | L24: 2442 | M24: 1627 | N24: 42591 | O24: 4883 | P24: 4591 | Q24: 6118 | R24: 4084 | S24: 4031 | T24: 6804 | U24: 9798 | V24: 2280 | W24: 145737
E25: 승용일반형 외산 2000CC미만 | F25: 202104 | G25: 77491 | H25: 65587 | I25: 86582 | J25: 25045 | K25: 23437 | L25: 12123 | M25: 7880 | N25: 250974 | O25: 17277 | P25: 20548 | Q25: 25311 | R25: 26153 | S25: 19545 | T25: 26453 | U25: 50661 | V25: 7996 | W25: 945167
E26: 승용일반형 외산 2500CC미만 | F26: 64432 | G26: 20213 | H26: 18279 | I26: 14866 | J26: 8439 | K26: 6985 | L26: 3659 | M26: 2488 | N26: 78781 | O26: 5278 | P26: 5843 | Q26: 7301 | R26: 7714 | S26: 6449 | T26: 10088 | U26: 14390 | V26: 1972 | W26: 277177
E27: 승용일반형 외산 3000CC미만 | F27: 52230 | G27: 24878 | H27: 22449 | I27: 22316 | J27: 7133 | K27: 5331 | L27: 2962 | M27: 1152 | N27: 55374 | O27: 3998 | P27: 5383 | Q27: 6668 | R27: 7442 | S27: 6091 | T27: 7395 | U27: 16118 | V27: 2363 | W27: 249283
E28: 승용일반형 외산 3500CC미만 | F28: 36744 | G28: 9241 | H28: 7315 | I28: 5535 | J28: 3493 | K28: 2902 | L28: 1730 | M28: 675 | N28: 34341 | O28: 2171 | P28: 2528 | Q28: 3640 | R28: 3183 | S28: 2897 | T28: 4337 | U28: 6169 | V28: 1095 | W28: 127996
E29: 승용일반형 외산 4000CC미만 | F29: 11756 | G29: 5784 | H29: 4933 | I29: 4794 | J29: 1420 | K29: 1206 | L29: 858 | M29: 293 | N29: 13845 | O29: 1116 | P29: 1424 | Q29: 1818 | R29: 1946 | S29: 1467 | T29: 2124 | U29: 4092 | V29: 827 | W29: 59703
E30: 승용일반형 외산 4500CC미만 | F30: 4546 | G30: 1475 | H30: 1199 | I30: 1432 | J30: 651 | K30: 409 | L30: 270 | M30: 84 | N30: 4931 | O30: 388 | P30: 497 | Q30: 658 | R30: 611 | S30: 629 | T30: 719 | U30: 1166 | V30: 266 | W30: 19931
E31: 승용일반형 외산 5000CC미만 | F31: 5935 | G31: 1711 | H31: 1503 | I31: 1041 | J31: 526 | K31: 416 | L31: 282 | M31: 76 | N31: 5555 | O31: 384 | P31: 497 | Q31: 653 | R31: 578 | S31: 613 | T31: 753 | U31: 1513 | V31: 283 | W31: 22319
E32: 승용일반형 외산 5000CC이상 | F32: 6698 | G32: 2445 | H32: 1691 | I32: 1806 | J32: 490 | K32: 448 | L32: 324 | M32: 98 | N32: 6129 | O32: 430 | P32: 535 | Q32: 757 | R32: 631 | S32: 595 | T32: 721 | U32: 1717 | V32: 462 | W32: 25977
E33: 승용일반형 외산 저속전기 | F33: 0 | G33: 0 | H33: 0 | I33: 0 | J33: 0 | K33: 0 | L33: 0 | M33: 0 | N33: 0 | O33: 0 | P33: 0 | Q33: 0 | R33: 0 | S33: 0 | T33: 0 | U33: 0 | V33: 0 | W33: 0
E34: 승용일반형 외산 전기 | F34: 5398 | G34: 953 | H34: 1286 | I34: 1703 | J34: 580 | K34: 956 | L34: 290 | M34: 231 | N34: 5966 | O34: 561 | P34: 419 | Q34: 966 | R34: 442 | S34: 628 | T34: 739 | U34: 1179 | V34: 1586 | W34: 23883
C35: 승용겸 화물 계 | F35: 9048 | G35: 2649 | H35: 2449 | I35: 5403 | J35: 1781 | K35: 1826 | L35: 1070 | M35: 339 | N35: 16107 | O35: 2023 | P35: 2109 | Q35: 2632 | R35: 1759 | S35: 1860 | T35: 2797 | U35: 3831 | V35: 820 | W35: 58503
E36: 승용겸 화물 1500CC미만 | F36: 8636 | G36: 2518 | H36: 2305 | I36: 5262 | J36: 1656 | K36: 1742 | L36: 1027 | M36: 328 | N36: 15240 | O36: 1865 | P36: 1950 | Q36: 2449 | R36: 1572 | S36: 1661 | T36: 2560 | U36: 3663 | V36: 728 | W36: 55162
E37: 승용겸 화물 2000CC미만 | F37: 7 | G37: 6 | H37: 3 | I37: 3 | J37: 1 | K37: 3 | L37: 0 | M37: 0 | N37: 10 | O37: 1 | P37: 2 | Q37: 0 | R37: 3 | S37: 1 | T37: 2 | U37: 0 | V37: 1 | W37: 43
E38: 승용겸 화물 2500CC미만 | F38: 386 | G38: 121 | H38: 136 | I38: 133 | J38: 119 | K38: 78 | L38: 41 | M38: 10 | N38: 808 | O38: 146 | P38: 155 | Q38: 176 | R38: 174 | S38: 192 | T38: 228 | U38: 162 | V38: 88 | W38: 3153
E39: 승용겸 화물 3000CC미만 | F39: 17 | G39: 2 | H39: 2 | I39: 4 | J39: 5 | K39: 3 | L39: 2 | M39: 1 | N39: 28 | O39: 10 | P39: 2 | Q39: 6 | R39: 8 | S39: 6 | T39: 7 | U39: 6 | V39: 3 | W39: 112
E40: 승용겸 화물 3500CC미만 | F40: 0 | G40: 1 | H40: 0 | I40: 0 | J40: 0 | K40: 0 | L40: 0 | M40: 0 | N40: 1 | O40: 0 | P40: 0 | Q40: 1 | R40: 0 | S40: 0 | T40: 0 | U40: 0 | V40: 0 | W40: 3
E41: 승용겸 화물 3500CC이상 | F41: 2 | G41: 1 | H41: 3 | I41: 1 | J41: 0 | K41: 0 | L41: 0 | M41: 0 | N41: 20 | O41: 1 | P41: 0 | Q41: 0 | R41: 2 | S41: 0 | T41: 0 | U41: 0 | V41: 0 | W41: 30
E42: 승용겸 화물 저속전기 | F42: 0 | G42: 0 | H42: 0 | I42: 0 | J42: 0 | K42: 0 | L42: 0 | M42: 0 | N42: 0 | O42: 0 | P42: 0 | Q42: 0 | R42: 0 | S42: 0 | T42: 0 | U42: 0 | V42: 0 | W42: 0
E43: 승용겸 화물 전기 | F43: 0 | G43: 0 | H43: 0 | I43: 0 | J43: 0 | K43: 0 | L43: 0 | M43: 0 | N43: 0 | O43: 0 | P43: 0 | Q43: 0 | R43: 0 | S43: 0 | T43: 0 | U43: 0 | V43: 0 | W43: 0
C44: 승용다목적형 계 | F44: 596330 | G44: 266174 | H44: 240141 | I44: 289897 | J44: 140537 | K44: 129769 | L44: 135782 | M44: 36678 | N44: 1238487 | O44: 172537 | P44: 172263 | Q44: 227506 | R44: 191147 | S44: 191088 | T44: 274092 | U44: 325138 | V44: 82687 | W44: 4710253
E45: 승용다목적형 1500CC미만 | F45: 4875 | G45: 1543 | H45: 1337 | I45: 3980 | J45: 658 | K45: 828 | L45: 390 | M45: 265 | N45: 9459 | O45: 934 | P45: 934 | Q45: 1271 | R45: 970 | S45: 650 | T45: 935 | U45: 2059 | V45: 454 | W45: 31542
E46: 승용다목적형 2000CC미만 | F46: 376973 | G46: 173665 | H46: 154689 | I46: 193683 | J46: 95478 | K46: 89539 | L46: 85301 | M46: 25488 | N46: 831226 | O46: 112746 | P46: 116602 | Q46: 151119 | R46: 130294 | S46: 129909 | T46: 180509 | U46: 223185 | V46: 53354 | W46: 3123760
E47: 승용다목적형 2500CC미만 | F47: 116813 | G47: 50968 | H47: 45000 | I47: 51020 | J47: 26549 | K47: 24205 | L47: 35269 | M47: 6902 | N47: 243036 | O47: 36385 | P47: 33358 | Q47: 46692 | R47: 37272 | S47: 37424 | T47: 58537 | U47: 63665 | V47: 14770 | W47: 927865
E48: 승용다목적형 3000CC미만 | F48: 65431 | G48: 29297 | H48: 27953 | I48: 30962 | J48: 13594 | K48: 10880 | L48: 9887 | M48: 2783 | N48: 113034 | O48: 17289 | P48: 16373 | Q48: 21696 | R48: 17467 | S48: 18511 | T48: 27676 | U48: 28154 | V48: 8166 | W48: 459153
E49: 승용다목적형 3500CC미만 | F49: 11576 | G49: 2567 | H49: 2519 | I49: 2527 | J49: 966 | K49: 984 | L49: 710 | M49: 289 | N49: 13123 | O49: 1161 | P49: 956 | Q49: 1401 | R49: 1077 | S49: 925 | T49: 1384 | U49: 1904 | V49: 724 | W49: 44793
E50: 승용다목적형 3500CC이상 | F50: 17090 | G50: 6323 | H50: 4818 | I50: 6217 | J50: 1715 | K50: 1745 | L50: 2089 | M50: 597 | N50: 22629 | O50: 2090 | P50: 2375 | Q50: 3096 | R50: 2879 | S50: 1907 | T50: 2825 | U50: 3917 | V50: 1352 | W50: 83664
E51: 승용다목적형 저속전기 | F51: 1 | G51: 0 | H51: 0 | I51: 0 | J51: 0 | K51: 0 | L51: 0 | M51: 0 | N51: 1 | O51: 0 | P51: 0 | Q51: 0 | R51: 0 | S51: 1 | T51: 0 | U51: 0 | V51: 0 | W51: 3
E52: 승용다목적형 전기 | F52: 3571 | G52: 1811 | H52: 3825 | I52: 1508 | J52: 1577 | K52: 1588 | L52: 2136 | M52: 354 | N52: 5979 | O52: 1932 | P52: 1665 | Q52: 2231 | R52: 1188 | S52: 1761 | T52: 2226 | U52: 2254 | V52: 3867 | W52: 39473
C53: 승용기타형 계 | F53: 150283 | G53: 55175 | H53: 48140 | I53: 70181 | J53: 33013 | K53: 33573 | L53: 22251 | M53: 9209 | N53: 329954 | O53: 36521 | P53: 39710 | Q53: 55643 | R53: 40651 | S53: 41765 | T53: 57796 | U53: 71641 | V53: 17179 | W53: 1112685
E54: 승용기타형 1500CC미만 | F54: 10083 | G54: 4730 | H54: 3547 | I54: 6666 | J54: 2424 | K54: 2804 | L54: 1860 | M54: 779 | N54: 29154 | O54: 3863 | P54: 3965 | Q54: 5313 | R54: 3791 | S54: 3260 | T54: 4323 | U54: 6398 | V54: 1366 | W54: 94326
E55: 승용기타형 2000CC미만 | F55: 69126 | G55: 27837 | H55: 24785 | I55: 33291 | J55: 17724 | K55: 16708 | L55: 11309 | M55: 4490 | N55: 157200 | O55: 18800 | P55: 18554 | Q55: 25384 | R55: 20511 | S55: 20902 | T55: 29225 | U55: 36520 | V55: 9580 | W55: 541946
E56: 승용기타형 2500CC미만 | F56: 53457 | G56: 17099 | H56: 14649 | I56: 24655 | J56: 10323 | K56: 11120 | L56: 7219 | M56: 3170 | N56: 119310 | O56: 11341 | P56: 14083 | Q56: 20321 | R56: 13298 | S56: 13962 | T56: 18775 | U56: 22778 | V56: 3566 | W56: 379126
E57: 승용기타형 3000CC미만 | F57: 8173 | G57: 2913 | H57: 2184 | I57: 2775 | J57: 1294 | K57: 1520 | L57: 987 | M57: 262 | N57: 11416 | O57: 1301 | P57: 1325 | Q57: 2320 | R57: 1627 | S57: 1970 | T57: 3196 | U57: 3462 | V57: 675 | W57: 47400
E58: 승용기타형 3500CC미만 | F58: 7444 | G58: 1914 | H58: 1485 | I58: 2221 | J58: 765 | K58: 815 | L58: 595 | M58: 293 | N58: 9970 | O58: 694 | P58: 973 | Q58: 1452 | R58: 762 | S58: 874 | T58: 1457 | U58: 1659 | V58: 367 | W58: 33740
E59: 승용기타형 3500CC이상 | F59: 503 | G59: 95 | H59: 80 | I59: 127 | J59: 67 | K59: 60 | L59: 22 | M59: 13 | N59: 614 | O59: 63 | P59: 63 | Q59: 83 | R59: 69 | S59: 68 | T59: 88 | U59: 90 | V59: 43 | W59: 2148
E60: 승용기타형 저속전기 | F60: 10 | G60: 5 | H60: 6 | I60: 25 | J60: 0 | K60: 7 | L60: 3 | M60: 0 | N60: 27 | O60: 6 | P60: 6 | Q60: 6 | R60: 1 | S60: 3 | T60: 10 | U60: 4 | V60: 14 | W60: 133
E61: 승용기타형 전기 | F61: 1487 | G61: 582 | H61: 1404 | I61: 421 | J61: 416 | K61: 539 | L61: 256 | M61: 202 | N61: 2263 | O61: 453 | P61: 741 | Q61: 764 | R61: 592 | S61: 726 | T61: 722 | U61: 730 | V61: 1568 | W61: 13866
B62: 승합차 합계 | F62: 87315 | G62: 34631 | H62: 25605 | I62: 36779 | J62: 16934 | K62: 17560 | L62: 12148 | M62: 3740 | N62: 168018 | O62: 23995 | P62: 24676 | Q62: 34773 | R62: 27031 | S62: 29905 | T62: 40958 | U62: 44257 | V62: 11179 | W62: 639504
C63: 승합일반형 계 | F63: 84156 | G63: 33471 | H63: 24191 | I63: 35536 | J63: 15930 | K63: 16578 | L63: 11565 | M63: 3380 | N63: 160495 | O63: 22815 | P63: 23453 | Q63: 33046 | R63: 25930 | S63: 28782 | T63: 38993 | U63: 42446 | V63: 10860 | W63: 611627
D64: 시내버스 | F64: 0 | G64: 0 | H64: 0 | I64: 0 | J64: 0 | K64: 0 | L64: 0 | M64: 0 | N64: 0 | O64: 0 | P64: 0 | Q64: 0 | R64: 0 | S64: 0 | T64: 0 | U64: 0 | V64: 0 | W64: 0
D65: 시외버스 | F65: 0 | G65: 0 | H65: 0 | I65: 0 | J65: 0 | K65: 0 | L65: 0 | M65: 0 | N65: 1 | O65: 0 | P65: 0 | Q65: 0 | R65: 0 | S65: 0 | T65: 0 | U65: 0 | V65: 0 | W65: 1
D66: 전세버스 | F66: 0 | G66: 0 | H66: 0 | I66: 0 | J66: 0 | K66: 0 | L66: 0 | M66: 0 | N66: 0 | O66: 0 | P66: 0 | Q66: 0 | R66: 0 | S66: 0 | T66: 0 | U66: 0 | V66: 0 | W66: 0
D67: 고속버스 | F67: 0 | G67: 0 | H67: 0 | I67: 0 | J67: 0 | K67: 0 | L67: 0 | M67: 0 | N67: 0 | O67: 0 | P67: 0 | Q67: 0 | R67: 0 | S67: 0 | T67: 0 | U67: 0 | V67: 0 | W67: 0
D68: 농어촌버스 | F68: 0 | G68: 0 | H68: 0 | I68: 0 | J68: 0 | K68: 0 | L68: 0 | M68: 0 | N68: 0 | O68: 0 | P68: 0 | Q68: 0 | R68: 0 | S68: 0 | T68: 0 | U68: 0 | V68: 0 | W68: 0
D69: 마을버스 | F69: 0 | G69: 0 | H69: 0 | I69: 0 | J69: 0 | K69: 0 | L69: 0 | M69: 0 | N69: 0 | O69: 0 | P69: 0 | Q69: 0 | R69: 0 | S69: 0 | T69: 0 | U69: 0 | V69: 0 | W69: 0
D70: 승합일반기타형 계 | F70: 84156 | G70: 33471 | H70: 24191 | I70: 35536 | J70: 15930 | K70: 16578 | L70: 11565 | M70: 3380 | N70: 160494 | O70: 22815 | P70: 23453 | Q70: 33046 | R70: 25930 | S70: 28782 | T70: 38993 | U70: 42446 | V70: 10860 | W70: 611626
E71: 승합일반 15인 이하 | F71: 79950 | G71: 31232 | H71: 22205 | I71: 33685 | J71: 14813 | K71: 15451 | L71: 10434 | M71: 3174 | N71: 150701 | O71: 21066 | P71: 21760 | Q71: 30532 | R71: 24304 | S71: 26691 | T71: 35412 | U71: 39006 | V71: 10129 | W71: 570545
E72: 승합일반 25인 이하 | F72: 1434 | G72: 693 | H72: 689 | I72: 622 | J72: 449 | K72: 464 | L72: 411 | M72: 86 | N72: 3569 | O72: 681 | P72: 631 | Q72: 934 | R72: 679 | S72: 948 | T72: 1130 | U72: 1135 | V72: 317 | W72: 14872
E73: 승합일반 35인 이하 | F73: 823 | G73: 400 | H73: 354 | I73: 352 | J73: 265 | K73: 237 | L73: 248 | M73: 38 | N73: 1854 | O73: 440 | P73: 387 | Q73: 579 | R73: 425 | S73: 535 | T73: 707 | U73: 669 | V73: 197 | W73: 8510
E74: 승합일반 50인 이하 | F74: 1891 | G74: 1108 | H74: 882 | I74: 840 | J74: 394 | K74: 419 | L74: 452 | M74: 82 | N74: 4140 | O74: 611 | P74: 656 | Q74: 985 | R74: 517 | S74: 593 | T74: 1627 | U74: 1573 | V74: 209 | W74: 16979
E75: 승합일반 51인 이상 | F75: 58 | G75: 38 | H75: 61 | I75: 37 | J75: 9 | K75: 7 | L75: 20 | M75: 0 | N75: 230 | O75: 17 | P75: 19 | Q75: 16 | R75: 5 | S75: 15 | T75: 117 | U75: 63 | V75: 8 | W75: 720
C76: 승합특수형 계 | F76: 3159 | G76: 1160 | H76: 1414 | I76: 1243 | J76: 1004 | K76: 982 | L76: 583 | M76: 360 | N76: 7523 | O76: 1180 | P76: 1223 | Q76: 1727 | R76: 1101 | S76: 1123 | T76: 1965 | U76: 1811 | V76: 319 | W76: 27877
D77: 구급차 | F77: 803 | G77: 357 | H77: 235 | I77: 180 | J77: 255 | K77: 136 | L77: 84 | M77: 13 | N77: 826 | O77: 170 | P77: 150 | Q77: 208 | R77: 190 | S77: 212 | T77: 259 | U77: 353 | V77: 36 | W77: 4467
D78: 장의차 | F78: 7 | G78: 5 | H78: 3 | I78: 2 | J78: 3 | K78: 4 | L78: 0 | M78: 0 | N78: 21 | O78: 3 | P78: 3 | Q78: 6 | R78: 6 | S78: 6 | T78: 13 | U78: 6 | V78: 1 | W78: 89
D79: 헌혈, 채혈차 | F79: 3 | G79: 0 | H79: 0 | I79: 0 | J79: 1 | K79: 0 | L79: 0 | M79: 0 | N79: 2 | O79: 0 | P79: 0 | Q79: 0 | R79: 0 | S79: 1 | T79: 1 | U79: 1 | V79: 1 | W79: 10
D80: 방송, 보도용차 | F80: 21 | G80: 0 | H80: 1 | I80: 1 | J80: 2 | K80: 2 | L80: 4 | M80: 1 | N80: 14 | O80: 2 | P80: 2 | Q80: 0 | R80: 2 | S80: 3 | T80: 1 | U80: 2 | V80: 1 | W80: 59
D81: 승합피견인형 | F81: 1299 | G81: 451 | H81: 856 | I81: 643 | J81: 492 | K81: 562 | L81: 298 | M81: 298 | N81: 4689 | O81: 692 | P81: 748 | Q81: 1119 | R81: 581 | S81: 570 | T81: 1190 | U81: 976 | V81: 129 | W81: 15593
D82: 승합특수형 기타 | F82: 1026 | G82: 347 | H82: 319 | I82: 417 | J82: 251 | K82: 278 | L82: 197 | M82: 48 | N82: 1971 | O82: 313 | P82: 320 | Q82: 394 | R82: 322 | S82: 331 | T82: 501 | U82: 473 | V82: 151 | W82: 7659
B83: 화물자동차 합계 | F83: 267951 | G83: 151295 | H83: 137478 | I83: 160596 | J83: 78289 | K83: 74217 | L83: 61146 | M83: 14741 | N83: 688478 | O83: 148279 | P83: 142678 | Q83: 203683 | R83: 169624 | S83: 223291 | T83: 293101 | U83: 264898 | V83: 76857 | W83: 3156602
C84: 화물일반형 계 | F84: 170876 | G84: 109158 | H84: 91575 | I84: 109043 | J84: 54744 | K84: 49416 | L84: 44313 | M84: 10712 | N84: 490328 | O84: 111462 | P84: 108090 | Q84: 159037 | R84: 131796 | S84: 181689 | T84: 224524 | U84: 204722 | V84: 58115 | W84: 2309600
D85: 화물 픽업형 | F85: 22825 | G85: 12647 | H85: 12352 | I85: 18301 | J85: 8348 | K85: 9182 | L85: 5182 | M85: 2066 | N85: 80681 | O85: 21332 | P85: 17901 | Q85: 23579 | R85: 18591 | S85: 18801 | T85: 24679 | U85: 24591 | V85: 7898 | W85: 328956
D86: 화물카고형 계 | F86: 148051 | G86: 96511 | H86: 79223 | I86: 90742 | J86: 46396 | K86: 40234 | L86: 39131 | M86: 8646 | N86: 409647 | O86: 90130 | P86: 90189 | Q86: 135458 | R86: 113205 | S86: 162888 | T86: 199845 | U86: 180131 | V86: 50217 | W86: 1980644
E87: 화물카고형 1톤 이하 | F87: 126813 | G87: 82362 | H87: 69358 | I87: 76616 | J87: 39295 | K87: 34978 | L87: 34230 | M87: 7337 | N87: 337740 | O87: 79231 | P87: 78747 | Q87: 116434 | R87: 98244 | S87: 143194 | T87: 178669 | U87: 155555 | V87: 45548 | W87: 1704351
E88: 화물카고형 3톤 이하 | F88: 14621 | G88: 8338 | H88: 5841 | I88: 8719 | J88: 3602 | K88: 2750 | L88: 2101 | M88: 550 | N88: 40001 | O88: 4742 | P88: 4597 | Q88: 7665 | R88: 6422 | S88: 7923 | T88: 9188 | U88: 11639 | V88: 2471 | W88: 141170
E89: 화물카고형 5톤 미만 | F89: 3333 | G89: 2697 | H89: 2434 | I89: 2685 | J89: 1828 | K89: 1332 | L89: 1087 | M89: 349 | N89: 18447 | O89: 3140 | P89: 3468 | Q89: 5553 | R89: 4201 | S89: 5802 | T89: 6023 | U89: 6238 | V89: 1159 | W89: 69776
E90: 화물카고형 8톤 미만 | F90: 2141 | G90: 2013 | H90: 1215 | I90: 1674 | J90: 1150 | K90: 880 | L90: 1074 | M90: 277 | N90: 9510 | O90: 2386 | P90: 2609 | Q90: 4113 | R90: 3074 | S90: 4275 | T90: 4474 | U90: 4950 | V90: 718 | W90: 46533
E91: 화물카고형 10톤 미만 | F91: 283 | G91: 252 | H91: 130 | I91: 150 | J91: 145 | K91: 96 | L91: 141 | M91: 33 | N91: 1003 | O91: 219 | P91: 238 | Q91: 466 | R91: 365 | S91: 501 | T91: 418 | U91: 470 | V91: 65 | W91: 4975
E92: 화물카고형 12톤 미만 | F92: 297 | G92: 201 | H92: 56 | I92: 148 | J92: 123 | K92: 27 | L92: 77 | M92: 9 | N92: 558 | O92: 83 | P92: 80 | Q92: 186 | R92: 168 | S92: 246 | T92: 186 | U92: 231 | V92: 28 | W92: 2704
E93: 화물카고형 12톤 이상 | F93: 563 | G93: 648 | H93: 189 | I93: 750 | J93: 253 | K93: 171 | L93: 421 | M93: 91 | N93: 2388 | O93: 329 | P93: 450 | Q93: 1041 | R93: 731 | S93: 947 | T93: 887 | U93: 1048 | V93: 228 | W93: 11135
C94: 화물덤프형 계 | F94: 1366 | G94: 855 | H94: 1005 | I94: 902 | J94: 449 | K94: 620 | L94: 1038 | M94: 361 | N94: 5443 | O94: 4411 | P94: 3952 | Q94: 5263 | R94: 3919 | S94: 5305 | T94: 9567 | U94: 6268 | V94: 1578 | W94: 52302
E95: 화물덤프형 1톤 이하 | F95: 448 | G95: 477 | H95: 372 | I95: 295 | J95: 219 | K95: 314 | L95: 812 | M95: 223 | N95: 2457 | O95: 3230 | P95: 2794 | Q95: 3307 | R95: 2478 | S95: 3297 | T95: 6144 | U95: 4542 | V95: 902 | W95: 32311
E96: 화물덤프형 5톤 미만 | F96: 813 | G96: 286 | H96: 519 | I96: 521 | J96: 186 | K96: 241 | L96: 169 | M96: 58 | N96: 1994 | O96: 777 | P96: 723 | Q96: 1056 | R96: 964 | S96: 1343 | T96: 2419 | U96: 1239 | V96: 349 | W96: 13657
E97: 화물덤프형 12톤 미만 | F97: 98 | G97: 82 | H97: 106 | I97: 76 | J97: 40 | K97: 61 | L97: 56 | M97: 78 | N97: 971 | O97: 394 | P97: 428 | Q97: 885 | R97: 457 | S97: 650 | T97: 988 | U97: 479 | V97: 321 | W97: 6170
E98: 화물덤프형 12톤 이상 | F98: 7 | G98: 10 | H98: 8 | I98: 10 | J98: 4 | K98: 4 | L98: 1 | M98: 2 | N98: 21 | O98: 10 | P98: 7 | Q98: 15 | R98: 20 | S98: 15 | T98: 16 | U98: 8 | V98: 6 | W98: 164
C99: 화물 밴형 계 | F99: 51073 | G99: 21184 | H99: 22788 | I99: 27329 | J99: 11415 | K99: 12084 | L99: 8010 | M99: 1506 | N99: 86735 | O99: 14549 | P99: 13328 | Q99: 15303 | R99: 14458 | S99: 14766 | T99: 28020 | U99: 26432 | V99: 8394 | W99: 377374
E100: 화물밴형 1톤 이하 | F100: 50687 | G100: 21011 | H100: 22608 | I100: 27152 | J100: 11303 | K100: 11961 | L100: 7971 | M100: 1485 | N100: 85621 | O100: 14352 | P100: 13150 | Q100: 15050 | R100: 14245 | S100: 14507 | T100: 27733 | U100: 26197 | V100: 8315 | W100: 373348
...

Sheet DV_Cal
B2: passenger LDVs | C2: Total | E2: result
B3: government | C3: =G4/$F$4 -> 0.0016927182 | F3: Total | G3: government | H3: domestic industries | I3: labor and consumers
B4: domestic industries | C4: =H4/$F$4 -> 0.057437621 | E4: passenger LDVs | F4: =DV_total!W5 -> 19860955 | G4: =DV_gov!W5 -> 33619 | H4: =DV_indst!W5 -> 1140766 | I4: =DV_consumer!W5 -> 18686570
B5: labor and consumers | C5: =I4/$F$4 -> 0.94086966 | E5: passenger HDVs | F5: =DV_total!W62 -> 783842 | G5: =DV_gov!W62 -> 23938 | H5: =DV_indst!W62 -> 120400 | I5: =DV_consumer!W62 -> 639504
B6: foreign entities | C6: 0 | E6: freight LDVs | F6: =SUM(DV_total!$W$85,DV_total!$W$87:$W$89,DV_total!$W$95:$W$96,DV_total!$W$100:$W$101,DV_total!$W$130:$W$131,DV_total!$W$134:$W$135) -> 2871075 | G6: =SUM(DV_gov!$W$85,DV_gov!$W$87:$W$89,DV_gov!$W$95:$W$96,DV_gov!$W$100:$W$101,DV_gov!$W$130:$W$131,DV_gov!$W$134:$W$135) -> 18002 | H6: =SUM(DV_indst!$W$85,DV_indst!$W$87:$W$89,DV_indst!$W$95:$W$96,DV_indst!$W$100:$W$101,DV_indst!$W$130:$W$131,DV_indst!$W$134:$W$135) -> 180880 | I6: =SUM(DV_consumer!$W$85,DV_consumer!$W$87:$W$89,DV_consumer!$W$95:$W$96,DV_consumer!$W$100:$W$101,DV_consumer!$W$130:$W$131,DV_consumer!$W$134:$W$135) -> 2672193
E7: freight HDVs | F7: =SUM(DV_total!$W$90:$W$93,DV_total!$W$97:$W$98,DV_total!$W$102,DV_total!$W$104:$W$110,DV_total!$W$116,DV_total!$W$121,DV_total!$W$127,DV_total!$W$132,DV_total!$W$136,DV_total!$W$138:$W$142) -> 850107 | G7: =SUM(DV_gov!$W$90:$W$93,DV_gov!$W$97:$W$98,DV_gov!$W$102,DV_gov!$W$104:$W$110,DV_gov!$W$116,DV_gov!$W$121,DV_gov!$W$127,DV_gov!$W$132,DV_gov!$W$136,DV_gov!$W$138:$W$142) -> 18398 | H7: =SUM(DV_indst!$W$90:$W$93,DV_indst!$W$97:$W$98,DV_indst!$W$102,DV_indst!$W$104:$W$110,DV_indst!$W$116,DV_indst!$W$121,DV_indst!$W$127,DV_indst!$W$132,DV_indst!$W$136,DV_indst!$W$138:$W$142) -> 308290 | I7: =SUM(DV_consumer!$W$90:$W$93,DV_consumer!$W$97:$W$98,DV_consumer!$W$102,DV_consumer!$W$104:$W$110,DV_consumer!$W$116,DV_consumer!$W$121,DV_consumer!$W$127,DV_consumer!$W$132,DV_consumer!$W$136,DV_consumer!$W$138:$W$142) -> 523419
B8: passenger HDVs
B9: government | C9: =G5/$F$5 -> 0.030539318
B10: domestic industries | C10: =H5/$F$5 -> 0.15360238
B11: labor and consumers | C11: =I5/$F$5 -> 0.8158583
B12: foreign entities | C12: 0
B14: freight LDVs
B15: government | C15: =G6/$F$6 -> 0.0062701253
B16: domestic industries | C16: =H6/$F$6 -> 0.063000792
B17: labor and consumers | C17: =I6/$F$6 -> 0.93072908
B18: foreign entities | C18: 0
B20: freight HDVs
B21: government | C21: =G7/$F$7 -> 0.021641982
B22: domestic industries | C22: =H7/$F$7 -> 0.36264847
B23: labor and consumers | C23: =I7/$F$7 -> 0.61570955
B24: foreign entities | C24: 0

Sheet Aircraft
I2: result
C3: 항공사 | D3: 용도 | E3: 기종 | F3: 비행기(수) | G3: 회전익(수) | J3: class | K3: count | L3: unitless
B4: 국내, 국제 | C4: 대한항공 | D4: 여객기 | E4: B747-400 | F4: 3 | I4: passenger | J4: government | K4: =SUM($F$62:$G$65) -> 199 | L4: =K4/$K$8 -> 0.24209246
E5: B747-8 | F5: 10 | J5: domestic industries | K5: =SUM($F$61:$G$61,$F$66:$G$66)+SUM($F$12,$F$25,$F$31,$F$34,$F$37,$F$41,$F$43,$F$45,$F$49,$F$51:$G$58) -> 615 | L5: =K5/$K$8 -> 0.74817518
E6: B777-200/300/300ER | F6: 44 | J6: labor and consumers | K6: =E72 -> 8 | L6: =K6/$K$8 -> 0.0097323601
E7: B787-9 | F7: 10 | J7: foreign entities | K7: 0 | L7: =K7/$K$8 -> 0
E8: B737-800/900/900ER | F8: 31 | J8: sum | K8: =SUM($K$4:$K$7) -> 822
E9: A330-200/300 | F9: 29 | I9: freight | J9: government | K9: 0 | L9: =K9/$K$13 -> 0
E10: A380-800 | F10: 10 | J10: domestic industries | K10: =SUM($F$16,$F$29,$F$47) -> 36 | L10: =K10/$K$13 -> 1
E11: BD-500-1A11 | F11: 10 | J11: labor and consumers | K11: 0 | L11: =K11/$K$13 -> 0
E12: 소계 | F12: =SUM($F$4:$F$11) -> 147 | J12: foreign entities | K12: 0 | L12: =K12/$K$13 -> 0
D13: 화물기 | E13: B747-400F | F13: 4 | J13: sum | K13: =SUM($K$9:$K$12) -> 36
E14: B747-8F | F14: 7 | I14: total | K14: =SUM($K$8,$K$13) -> 858
E15: B777F | F15: 12
E16: 소계 | F16: =SUM($F$13:$F$15) -> 23
C17: 아시아나항공 | D17: 여객기 | E17: B747-400 | F17: 2
E18: B777-200 | F18: 9
E19: B767-300 | F19: 6
E20: A321-100/200 | F20: 19
E21: A330-300 | F21: 15
E22: A320-200 | F22: 7
E23: A380-800 | F23: 6
E24: A350-900 | F24: 10
E25: 소계 | F25: =SUM($F$17:$F$24) -> 74
D26: 화물기 | E26: B747-400F | F26: 9
E27: B767-300F | F27: 1
E28: B747-400 | F28: 2
E29: 소계 | F29: =SUM($F$26:$F$28) -> 12
C30: 제주항공 | D30: 여객기 | E30: B737-800 | F30: 45
E31: 소계 | F31: 45
C32: 진에어 | D32: 여객기 | E32: B737-800 | F32: 22
E33: B777-200 | F33: 4
E34: 소계 | F34: =SUM($F$32:$F$33) -> 26
C35: 에어부산 | D35: 여객기 | E35: A320-200 | F35: 8
E36: A321-200 | F36: 18
E37: 소계 | F37: =SUM($F$35:$F$36) -> 26
C38: 이스타항공 | D38: 여객기 | E38: B737-8 | F38: 19
E39: B737-800 | F39: 2
E40: B737-900ER | F40: 2
E41: 소계 | F41: =SUM($F$38:$F$40) -> 23
C42: 티웨이항공 | D42: 여객기 | E42: B737-800 | F42: 28
E43: 소계 | F43: 28
C44: 에어서울 | D44: 여객기 | E44: A321-200 | F44: 7
E45: 소계 | F45: 7
C46: 에어인천 | D46: 화물기 | E46: B737-400F | F46: 1
E47: 소계 | F47: 1
C48: 플라이강원 | D48: 여객기 | E48: B737-800 | F48: 2
E49: 소계 | F49: 2
C50: 소계 | F50: =SUM($F$12,$F$16,$F$25,$F$29,$F$31,$F$34,$F$37,$F$41,$F$43,$F$45,$F$47,$F$49) -> 414
B51: 소형 | C51: 코리아익스프레스 | F51: 2 | G51: 1
C52: 대한항공 | F52: 3 | G52: 5
C53: 써니항공 | F53: 2
C54: 에어포항 | F54: 1
C55: 스타항공우주 | F55: 1 | G55: 3
C56: 헬리코리아 | G56: 4
C57: 에어필립 | F57: 4 | G57: 1
C58: 하이에어 | F58: 2
C59: 소계 | F59: =SUM($F$51:$F$58) -> 15 | G59: =SUM($G$51:$G$58) -> 14
B60: 운송용소계 | F60: =SUM($F$50,$F$59) -> 429 | G60: =$G$59 -> 14
B61: 사용사업 | C61: 홍익항공 등 59개사 | F61: 83 | G61: 94
B62: 비사업 | C62: 교육기관 | F62: 111 | G62: 3
C63: 보도기관 | G63: 2
C64: 정부기관(국토교통부) | F64: 2
C65: 국가기관(소방/산림) | F65: 1 | G65: 80
C66: 기타(LG전자 등 18개사) | F66: 19 | G66: 12
C67: 소계 | F67: =SUM($F$62:$F$66) -> 133 | G67: =SUM($G$62:$G$66) -> 97
B68: 총계 | F68: =SUM($F$67,$F$60,$F$61) -> 645 | G68: =SUM($G$67,$G$61,$G$60) -> 205 | I68: =SUM($F$68:$G$68) -> 850
B70: 표2
B71: 구분 | C71: 소형항공 | D71: 자가용 | E71: 합계
B72: 비즈니스(비행기) | C72: 3 | D72: 5 | E72: 8 | G72: total | I72: =SUM($I$68,$E$72) -> 858
A74: Note
A75: 활공기, 비행선은 연료를 소모하지 않는다고 가정하고 제외
A76: gov: 비사업(기타 제외)
A77: indst: 국내, 국제, 소형(운송용사업)& 사용사업& 기타
A78: consumer: 표2 합계

Sheet Motorbikes
E1: < | F1: 이륜차 | G1: 통계표 | I1: >
A2: 통계년월: | B2: 2020.12 | S2: result
A3: 시도 | B3: 시군구 | C3: 계 | H3: 관용 | M3: 자가용 | T3: class | U3: count | V3: unitless
C4: 소계 | D4: 경형 | E4: 소형 | F4: 중형 | G4: 대형 | H4: 소계 | I4: 경형 | J4: 소형 | K4: 중형 | L4: 대형 | M4: 소계 | N4: 경형 | O4: 소형 | P4: 중형 | Q4: 대형 | S4: passenger | T4: government | U4: =H5 -> 7682 | V4: =U4/$U$8 -> 0.010568079
C5: =SUM(C$32,C$50,C$61,C$74,C$81,C$88,C$95,C$98,C$160,C$180,C$197,C$220,C$237,C$261,C$290,C$319,C$323) -> 726906 | D5: =SUM(D$32,D$50,D$61,D$74,D$81,D$88,D$95,D$98,D$160,D$180,D$197,D$220,D$237,D$261,D$290,D$319,D$323) -> 40276 | E5: =SUM(E$32,E$50,E$61,E$74,E$81,E$88,E$95,E$98,E$160,E$180,E$197,E$220,E$237,E$261,E$290,E$319,E$323) -> 233090 | F5: =SUM(F$32,F$50,F$61,F$74,F$81,F$88,F$95,F$98,F$160,F$180,F$197,F$220,F$237,F$261,F$290,F$319,F$323) -> 404347 | G5: =SUM(G$32,G$50,G$61,G$74,G$81,G$88,G$95,G$98,G$160,G$180,G$197,G$220,G$237,G$261,G$290,G$319,G$323) -> 49193 | H5: =SUM(H$32,H$50,H$61,H$74,H$81,H$88,H$95,H$98,H$160,H$180,H$197,H$220,H$237,H$261,H$290,H$319,H$323) -> 7682 | I5: =SUM(I$32,I$50,I$61,I$74,I$81,I$88,I$95,I$98,I$160,I$180,I$197,I$220,I$237,I$261,I$290,I$319,I$323) -> 718 | J5: =SUM(J$32,J$50,J$61,J$74,J$81,J$88,J$95,J$98,J$160,J$180,J$197,J$220,J$237,J$261,J$290,J$319,J$323) -> 1407 | ... Q5: =SUM(Q$32,Q$50,Q$61,Q$74,Q$81,Q$88,Q$95,Q$98,Q$160,Q$180,Q$197,Q$220,Q$237,Q$261,Q$290,Q$319,Q$323) -> 48927 | T5: domestic industries | U5: 0 | V5: =U5/$U$8 -> 0
A6: 서울 | B6: 강남구 | C6: 18230 | D6: 809 | E6: 4156 | F6: 11262 | G6: 2003 | H6: 320 | I6: 21 | J6: 61 | K6: 232 | L6: 6 | M6: 17910 | N6: 788 | O6: 4095 | P6: 11030 | Q6: 1997 | T6: labor and consumers | U6: =M5 -> 719224 | V6: =U6/$U$8 -> 0.98943192
B7: 강동구 | C7: 17170 | D7: 818 | E7: 5625 | F7: 9584 | G7: 1143 | H7: 144 | I7: 17 | J7: 25 | K7: 102 | L7: 0 | M7: 17026 | N7: 801 | O7: 5600 | P7: 9482 | Q7: 1143 | T7: foreign entities | U7: 0 | V7: =U7/$U$8 -> 0
B8: 강북구 | C8: 22302 | D8: 715 | E8: 7724 | F8: 12734 | G8: 1129 | H8: 59 | I8: 4 | J8: 2 | K8: 52 | L8: 1 | M8: 22243 | N8: 711 | O8: 7722 | P8: 12682 | Q8: 1128 | T8: sum | U8: =C5 -> 726906 | V8: =U8/$U$8 -> 1
B9: 강서구 | C9: 19170 | D9: 938 | E9: 6043 | F9: 10755 | G9: 1434 | H9: 168 | I9: 4 | J9: 31 | K9: 132 | L9: 1 | M9: 19002 | N9: 934 | O9: 6012 | P9: 10623 | Q9: 1433
B10: 관악구 | C10: 25142 | D10: 1054 | E10: 9037 | F10: 13687 | G10: 1364 | H10: 244 | I10: 15 | J10: 141 | K10: 87 | L10: 1 | M10: 24898 | N10: 1039 | O10: 8896 | P10: 13600 | Q10: 1363 | S10: Notes
B11: 광진구 | C11: 18639 | D11: 731 | E11: 6903 | F11: 9247 | G11: 1758 | H11: 188 | I11: 8 | J11: 10 | K11: 169 | L11: 1 | M11: 18451 | N11: 723 | O11: 6893 | P11: 9078 | Q11: 1757 | S11: 배달용 오토바이의 경우 모두 labor and customers로 설정했다.
B12: 구로구 | C12: 15898 | D12: 891 | E12: 4699 | F12: 9337 | G12: 971 | H12: 205 | I12: 10 | J12: 4 | K12: 191 | L12: 0 | M12: 15693 | N12: 881 | O12: 4695 | P12: 9146 | Q12: 971
B13: 금천구 | C13: 11907 | D13: 637 | E13: 3714 | F13: 6970 | G13: 586 | H13: 28 | I13: 2 | J13: 14 | K13: 12 | L13: 0 | M13: 11879 | N13: 635 | O13: 3700 | P13: 6958 | Q13: 586
B14: 노원구 | C14: 15139 | D14: 657 | E14: 4783 | F14: 8648 | G14: 1051 | H14: 60 | I14: 1 | J14: 26 | K14: 32 | L14: 1 | M14: 15079 | N14: 656 | O14: 4757 | P14: 8616 | Q14: 1050
B15: 도봉구 | C15: 14997 | D15: 580 | E15: 5765 | F15: 7475 | G15: 1177 | H15: 149 | I15: 4 | J15: 6 | K15: 138 | L15: 1 | M15: 14848 | N15: 576 | O15: 5759 | P15: 7337 | Q15: 1176
B16: 동대문구 | C16: 23995 | D16: 996 | E16: 6451 | F16: 15203 | G16: 1345 | H16: 188 | I16: 8 | J16: 17 | K16: 161 | L16: 2 | M16: 23807 | N16: 988 | O16: 6434 | P16: 15042 | Q16: 1343
B17: 동작구 | C17: 15334 | D17: 800 | E17: 4454 | F17: 8523 | G17: 1557 | H17: 192 | I17: 10 | J17: 91 | K17: 88 | L17: 3 | M17: 15142 | N17: 790 | O17: 4363 | P17: 8435 | Q17: 1554
B18: 마포구 | C18: 17596 | D18: 987 | E18: 5628 | F18: 9743 | G18: 1238 | H18: 171 | I18: 5 | J18: 20 | K18: 145 | L18: 1 | M18: 17425 | N18: 982 | O18: 5608 | P18: 9598 | Q18: 1237
B19: 서대문구 | C19: 15132 | D19: 638 | E19: 5193 | F19: 8291 | G19: 1010 | H19: 155 | I19: 3 | J19: 35 | K19: 117 | L19: 0 | M19: 14977 | N19: 635 | O19: 5158 | P19: 8174 | Q19: 1010
B20: 서초구 | C20: 12518 | D20: 631 | E20: 3539 | F20: 5692 | G20: 2656 | H20: 294 | I20: 16 | J20: 77 | K20: 194 | L20: 7 | M20: 12224 | N20: 615 | O20: 3462 | P20: 5498 | Q20: 2649
B21: 성동구 | C21: 20008 | D21: 847 | E21: 5040 | F21: 12762 | G21: 1359 | H21: 114 | I21: 58 | J21: 29 | K21: 26 | L21: 1 | M21: 19894 | N21: 789 | O21: 5011 | P21: 12736 | Q21: 1358
B22: 성북구 | C22: 26527 | D22: 873 | E22: 6756 | F22: 17220 | G22: 1678 | H22: 229 | I22: 4 | J22: 42 | K22: 182 | L22: 1 | M22: 26298 | N22: 869 | O22: 6714 | P22: 17038 | Q22: 1677
B23: 송파구 | C23: 20813 | D23: 1270 | E23: 7385 | F23: 10456 | G23: 1702 | H23: 199 | I23: 11 | J23: 58 | K23: 129 | L23: 1 | M23: 20614 | N23: 1259 | O23: 7327 | P23: 10327 | Q23: 1701
... B32: 계 | C32: 459002 | D32: 20003 | E32: 144907 | F32: 260786 | G32: 33306 | H32: 4554 | I32: 329 | J32: 942 | K32: 3125 | L32: 158 | M32: 454448 | N32: 19674 | O32: 143965 | P32: 257661 | Q32: 33148
A33: 부산 | B33: 강서구 | C33: 6152 | D33: 381 | E33: 2055 | F33: 3344 | G33: 372 | H33: 73 | I33: 2 | J33: 11 | K33: 59 | L33: 1 | M33: 6079 | N33: 379 | O33: 2044 | P33: 3285 | Q33: 371
B34: 금정구 | C34: 8409 | D34: 383 | E34: 2279 | F34: 5319 | G34: 428 | H34: 98 | I34: 12 | J34: 8 | K34: 75 | L34: 3 | M34: 8311 | N34: 371 | O34: 2271 | P34: 5244 | Q34: 425
B35: 기장군 | C35: 5680 | D35: 298 | E35: 1634 | F35: 3320 | G35: 428 | H35: 73 | I35: 10 | J35: 7 | K35: 56 | L35: 0 | M35: 5607 | N35: 288 | O35: 1627 | P35: 3264 | Q35: 428
B36: 남구 | C36: 10903 | D36: 512 | E36: 2674 | F36: 6987 | G36: 730 | H36: 34 | I36: 3 | J36: 10 | K36: 21 | L36: 0 | M36: 10869 | N36: 509 | O36: 2664 | P36: 6966 | Q36: 730
B37: 동구 | C37: 4445 | D37: 239 | E37: 997 | F37: 2968 | G37: 241 | H37: 76 | I37: 8 | J37: 29 | K37: 38 | L37: 1 | M37: 4369 | N37: 231 | O37: 968 | P37: 2930 | Q37: 240
B38: 동래구 | C38: 8830 | D38: 439 | E38: 2356 | F38: 5444 | G38: 591 | H38: 79 | I38: 5 | J38: 1 | K38: 72 | L38: 1 | M38: 8751 | N38: 434 | O38: 2355 | P38: 5372 | Q38: 590
B39: 부산진구 | C39: 17744 | D39: 619 | E39: 5931 | F39: 10186 | G39: 1008 | H39: 132 | I39: 17 | J39: 23 | K39: 90 | L39: 2 | M39: 17612 | N39: 602 | O39: 5908 | P39: 10096 | Q39: 1006
B40: 북구 | C40: 8838 | D40: 423 | E40: 2393 | F40: 5497 | G40: 525 | H40: 72 | I40: 20 | J40: 4 | K40: 48 | L40: 0 | M40: 8766 | N40: 403 | O40: 2389 | P40: 5449 | Q40: 525
B41: 사상구 | C41: 10474 | D41: 605 | E41: 2960 | F41: 6449 | G41: 460 | H41: 146 | I41: 27 | J41: 19 | K41: 100 | L41: 0 | M41: 10328 | N41: 578 | O41: 2941 | P41: 6349 | Q41: 460
B42: 사하구 | C42: 12068 | D42: 544 | E42: 2878 | F42: 7928 | G42: 718 | H42: 90 | I42: 10 | J42: 2 | K42: 78 | L42: 0 | M42: 11978 | N42: 534 | O42: 2876 | P42: 7850 | Q42: 718
B43: 서구 | C43: 6261 | D43: 236 | E43: 1669 | F43: 4101 | G43: 255 | H43: 9 | I43: 1 | J43: 6 | K43: 2 | L43: 0 | M43: 6252 | N43: 235 | O43: 1663 | P43: 4099 | Q43: 255
B44: 수영구 | C44: 6977 | D44: 332 | E44: 1893 | F44: 4238 | G44: 514 | H44: 104 | I44: 5 | J44: 0 | K44: 99 | L44: 0 | M44: 6873 | N44: 327 | O44: 1893 | P44: 4139 | Q44: 514
B45: 연제구 | C45: 6951 | D45: 277 | E45: 1662 | F45: 4471 | G45: 541 | H45: 143 | I45: 4 | J45: 5 | K45: 98 | L45: 36 | M45: 6808 | N45: 273 | O45: 1657 | P45: 4373 | Q45: 505
... B50: 계 | C50: 136158 | D50: 6197 | E50: 36920 | F50: 84750 | G50: 8291 | H50: 1376 | I50: 144 | J50: 149 | K50: 1038 | L50: 45 | M50: 134782 | N50: 6053 | O50: 36771 | P50: 83712 | Q50: 8246
A51: 대구 | B51: 군위군 | C51: 10020 | D51: 720 | E51: 4663 | F51: 4153 | G51: 484 | H51: 53 | I51: 6 | J51: 31 | K51: 16 | L51: 0 | M51: 9967 | N51: 714 | O51: 4632 | P51: 4137 | Q51: 484
B52: 남구 | C52: 22750 | D52: 2020 | E52: 8417 | F52: 11043 | G52: 1270 | H52: 198 | I52: 25 | J52: 15 | K52: 158 | L52: 0 | M52: 22552 | N52: 1995 | O52: 8402 | P52: 10885 | Q52: 1270
B53: 달서구 | C53: 12281 | D53: 1205 | E53: 4746 | F53: 5675 | G53: 655 | H53: 142 | I53: 38 | J53: 52 | K53: 52 | L53: 0 | M53: 12139 | N53: 1167 | O53: 4694 | P53: 5623 | Q53: 655
B54: 달성군 | C54: 19003 | D54: 1303 | E54: 9880 | F54: 6877 | G54: 943 | H54: 163 | I54: 16 | J54: 32 | K54: 115 | L54: 0 | M54: 18840 | N54: 1287 | O54: 9848 | P54: 6762 | Q54: 943
B55: 동구 | C55: 22506 | D55: 2288 | E55: 7489 | F55: 11581 | G55: 1148 | H55: 258 | I55: 63 | J55: 31 | K55: 161 | L55: 3 | M55: 22248 | N55: 2225 | O55: 7458 | P55: 11420 | Q55: 1145
B56: 북구 | C56: 30711 | D56: 1303 | E56: 15275 | F56: 13590 | G56: 543 | H56: 84 | I56: 5 | J56: 18 | K56: 61 | L56: 0 | M56: 30627 | N56: 1298 | O56: 15257 | P56: 13529 | Q56: 543
B57: 서구 | C57: 11761 | D57: 1039 | E57: 3985 | F57: 5648 | G57: 1089 | H57: 208 | I57: 7 | J57: 17 | K57: 154 | L57: 30 | M57: 11553 | N57: 1032 | O57: 3968 | P57: 5494 | Q57: 1059
B58: 수성구 | C58: 7817 | D58: 551 | E58: 3406 | F58: 3609 | G58: 251 | H58: 106 | I58: 13 | J58: 6 | K58: 86 | L58: 1 | M58: 7711 | N58: 538 | O58: 3400 | P58: 3523 | Q58: 250
B59: 중구 | C59: 151 | D59: 0 | E59: 135 | F59: 14 | G59: 2 | H59: 0 | I59: 0 | J59: 0 | K59: 0 | L59: 0 | M59: 151 | N59: 0 | O59: 135 | P59: 14 | Q59: 2
B60: 대구기타 | C60: 137000 | D60: 10429 | E60: 57996 | F60: 62190 | G60: 6385 | H60: 1212 | I60: 173 | J60: 202 | K60: 803 | L60: 34 | M60: 135788 | N60: 10256 | O60: 57794 | P60: 61387 | Q60: 6351
B61: 계 | C61: 6711 | D61: 344 | E61: 4196 | F61: 1975 | G61: 196 | H61: 58 | I61: 0 | J61: 6 | K61: 51 | L61: 1 | M61: 6653 | N61: 344 | O61: 4190 | P61: 1924 | Q61: 195
A62: 인천 | B62: 강화군 | C62: 7823 | D62: 326 | E62: 2997 | F62: 3950 | G62: 550 | H62: 67 | I62: 0 | J62: 0 | K62: 67 | L62: 0 | M62: 7756 | N62: 326 | O62: 2997 | P62: 3883 | Q62: 550
B63: 계양구 | C63: 1279 | D63: 1 | E63: 1010 | F63: 252 | G63: 16 | H63: 1 | I63: 1 | J63: 0 | K63: 0 | L63: 0 | M63: 1278 | N63: 0 | O63: 1010 | P63: 252 | Q63: 16
B64: 남구 | C64: 13488 | D64: 648 | E64: 4490 | F64: 7303 | G64: 1047 | H64: 277 | I64: 0 | J64: 28 | K64: 219 | L64: 30 | M64: 13211 | N64: 648 | O64: 4462 | P64: 7084 | Q64: 1017
B65: 남동구 | C65: 1977 | D65: 138 | E65: 699 | F65: 1055 | G65: 85 | H65: 2 | I65: 0 | J65: 1 | K65: 1 | L65: 0 | M65: 1975 | N65: 138 | O65: 698 | P65: 1054 | Q65: 85
B66: 동구 | C66: 11794 | D66: 550 | E66: 4108 | F66: 6328 | G66: 808 | H66: 29 | I66: 1 | J66: 18 | K66: 10 | L66: 0 | M66: 11765 | N66: 549 | O66: 4090 | P66: 6318 | Q66: 808
B67: 미추홀구 | C67: 12547 | D67: 648 | E67: 4618 | F67: 6465 | G67: 816 | H67: 119 | I67: 4 | J67: 9 | K67: 104 | L67: 2 | M67: 12428 | N67: 644 | O67: 4609 | P67: 6361 | Q67: 814
B68: 부평구 | C68: 12563 | D68: 672 | E68: 3658 | F68: 6931 | G68: 1302 | H68: 150 | I68: 1 | J68: 14 | K68: 134 | L68: 1 | M68: 12413 | N68: 671 | O68: 3644 | P68: 6797 | Q68: 1301
B69: 서구 | C69: 5878 | D69: 305 | E69: 1656 | F69: 3202 | G69: 715 | H69: 148 | I69: 0 | J69: 0 | K69: 148 | L69: 0 | M69: 5730 | N69: 305 | O69: 1656 | P69: 3054 | Q69: 715
B70: 연수구 | C70: 1073 | D70: 94 | E70: 420 | F70: 515 | G70: 44 | H70: 32 | I70: 5 | J70: 15 | K70: 12 | L70: 0 | M70: 1041 | N70: 89 | O70: 405 | P70: 503 | Q70: 44
B71: 옹진군 | C71: 4245 | D71: 270 | E71: 1588 | F71: 2068 | G71: 319 | H71: 122 | I71: 1 | J71: 101 | K71: 20 | L71: 0 | M71: 4123 | N71: 269 | O71: 1487 | P71: 2048 | Q71: 319
B72: 중구 | C72: 42 | D72: 0 | E72: 25 | F72: 15 | G72: 2 | H72: 1 | I72: 0 | J72: 0 | K72: 1 | L72: 0 | M72: 41 | N72: 0 | O72: 25 | P72: 14 | Q72: 2
B73: 인천기타 | C73: 79420 | D73: 3996 | E73: 29465 | F73: 40059 | G73: 5900 | H73: 1006 | I73: 13 | J73: 192 | K73: 767 | L73: 34 | M73: 78414 | N73: 3983 | O73: 29273 | P73: 39292 | Q73: 5866
B74: 계 | C74: 8594 | D74: 456 | E74: 2803 | F74: 4706 | G74: 629 | H74: 120 | I74: 2 | J74: 12 | K74: 96 | L74: 10 | M74: 8474 | N74: 454 | O74: 2791 | P74: 4610 | Q74: 619
A75: 광주 | B75: 광산구 | C75: 5924 | D75: 317 | E75: 2339 | F75: 2977 | G75: 291 | H75: 8 | I75: 1 | J75: 0 | K75: 7 | L75: 0 | M75: 5916 | N75: 316 | O75: 2339 | P75: 2970 | Q75: 291
B76: 남구 | C76: 4225 | D76: 243 | E76: 1755 | F76: 2055 | G76: 172 | H76: 102 | I76: 2 | J76: 4 | K76: 96 | L76: 0 | M76: 4123 | N76: 241 | O76: 1751 | P76: 1959 | Q76: 172
B77: 동구 | C77: 14719 | D77: 631 | E77: 6244 | F77: 7188 | G77: 656 | H77: 173 | I77: 12 | J77: 20 | K77: 141 | L77: 0 | M77: 14546 | N77: 619 | O77: 6224 | P77: 7047 | Q77: 656
B78: 북구 | C78: 7319 | D78: 327 | E78: 2744 | F78: 3834 | G78: 414 | H78: 93 | I78: 3 | J78: 14 | K78: 76 | L78: 0 | M78: 7226 | N78: 324 | O78: 2730 | P78: 3758 | Q78: 414
B79: 서구 | C79: 1 | D79: 0 | E79: 0 | F79: 1 | G79: 0 | H79: 0 | I79: 0 | J79: 0 | K79: 0 | L79: 0 | M79: 1 | N79: 0 | O79: 0 | P79: 1 | Q79: 0
B80: 광주기타 | C80: 40782 | D80: 1974 | E80: 15885 | F80: 20761 | G80: 2162 | H80: 496 | I80: 20 | J80: 50 | K80: 416 | L80: 10 | M80: 40286 | N80: 1954 | O80: 15835 | P80: 20345 | Q80: 2152
B81: 계 | C81: 6409 | D81: 587 | E81: 2351 | F81: 3070 | G81: 401 | H81: 47 | I81: 6 | J81: 4 | K81: 37 | L81: 0 | M81: 6362 | N81: 581 | O81: 2347 | P81: 3033 | Q81: 401
A82: 대전 | B82: 대덕구 | C82: 8312 | D82: 768 | E82: 2438 | F82: 4607 | G82: 499 | H82: 68 | I82: 0 | J82: 8 | K82: 60 | L82: 0 | M82: 8244 | N82: 768 | O82: 2430 | P82: 4547 | Q82: 499
B83: 동구 | C83: 10159 | D83: 890 | E83: 2624 | F83: 5609 | G83: 1036 | H83: 186 | I83: 14 | J83: 20 | K83: 141 | L83: 11 | M83: 9973 | N83: 876 | O83: 2604 | P83: 5468 | Q83: 1025
B84: 서구 | C84: 6902 | D84: 575 | E84: 1772 | F84: 3709 | G84: 846 | H84: 89 | I84: 9 | J84: 12 | K84: 68 | L84: 0 | M84: 6813 | N84: 566 | O84: 1760 | P84: 3641 | Q84: 846
B85: 유성구 | C85: 7457 | D85: 785 | E85: 2242 | F85: 3903 | G85: 527 | H85: 101 | I85: 4 | J85: 22 | K85: 75 | L85: 0 | M85: 7356 | N85: 781 | O85: 2220 | P85: 3828 | Q85: 527
B86: 중구 | C86: 3 | D86: 0 | E86: 1 | F86: 2 | G86: 0 | H86: 0 | I86: 0 | J86: 0 | K86: 0 | L86: 0 | M86: 3 | N86: 0 | O86: 1 | P86: 2 | Q86: 0
B87: 대전기타 | C87: 39242 | D87: 3605 | E87: 11428 | F87: 20900 | G87: 3309 | H87: 491 | I87: 33 | J87: 66 | K87: 381 | L87: 11 | M87: 38751 | N87: 3572 | O87: 11362 | P87: 20519 | Q87: 3298
B88: 계 | C88: 10700 | D88: 605 | E88: 2581 | F88: 6747 | G88: 767 | H88: 119 | I88: 17 | J88: 8 | K88: 94 | L88: 0 | M88: 10581 | N88: 588 | O88: 2573 | P88: 6653 | Q88: 767
A89: 울산 | B89: 남구 | C89: 25638 | D89: 1538 | E89: 2525 | F89: 21039 | G89: 536 | H89: 115 | I89: 46 | J89: 12 | K89: 57 | L89: 0 | M89: 25523 | N89: 1492 | O89: 2513 | P89: 20982 | Q89: 536
B90: 동구 | C90: 10538 | D90: 485 | E90: 1677 | F90: 7588 | G90: 788 | H90: 21 | I90: 2 | J90: 10 | K90: 9 | L90: 0 | M90: 10517 | N90: 483 | O90: 1667 | P90: 7579 | Q90: 788
B91: 북구 | C91: 7449 | D91: 432 | E91: 2187 | F91: 4338 | G91: 492 | H91: 91 | I91: 19 | J91: 15 | K91: 57 | L91: 0 | M91: 7358 | N91: 413 | O91: 2172 | P91: 4281 | Q91: 492
B92: 울주군 | C92: 9861 | D92: 575 | E92: 2834 | F92: 5784 | G92: 668 | H92: 122 | I92: 15 | J92: 1 | K92: 95 | L92: 11 | M92: 9739 | N92: 560 | O92: 2833 | P92: 5689 | Q92: 657
B93: 중구 | C93: 313 | D93: 0 | E93: 250 | F93: 63 | G93: 0 | H93: 3 | I93: 0 | J93: 3 | K93: 0 | L93: 0 | M93: 310 | N93: 0 | O93: 247 | P93: 63 | Q93: 0
B94: 울산기타 | C94: 64499 | D94: 3635 | E94: 12054 | F94: 45559 | G94: 3251 | H94: 471 | I94: 99 | J94: 49 | K94: 312 | L94: 11 | M94: 64028 | N94: 3536 | O94: 12005 | P94: 45247 | Q94: 3240
B95: 계 | C95: 11667 | D95: 776 | E95: 5323 | F95: 4847 | G95: 721 | H95: 128 | I95: 7 | J95: 10 | K95: 105 | L95: 6 | M95: 11539 | N95: 769 | O95: 5313 | P95: 4742 | Q95: 715
A96: 세종 | B96: 세종특별자치시 | C96: 0 | D96: 0 | E96: 0 | F96: 0 | G96: 0 | H96: 0 | I96: 0 | J96: 0 | K96: 0 | L96: 0 | M96: 0 | N96: 0 | O96: 0 | P96: 0 | Q96: 0
B97: 세종기타 | C97: 11667 | D97: 776 | E97: 5323 | F97: 4847 | G97: 721 | H97: 128 | I97: 7 | J97: 10 | K97: 105 | L97: 6 | M97: 11539 | N97: 769 | O97: 5313 | P97: 4742 | Q97: 715
B98: 계 | C98: 3794 | D98: 322 | E98: 1380 | F98: 1904 | G98: 188 | H98: 68 | I98: 6 | J98: 4 | K98: 57 | L98: 1 | M98: 3726 | N98: 316 | O98: 1376 | P98: 1847 | Q98: 187
A99: 경기 | B99: 가평군 | C99: 2 | D99: 0 | E99: 1 | F99: 1 | G99: 0 | H99: 0 | I99: 0 | J99: 0 | K99: 0 | L99: 0 | M99: 2 | N99: 0 | O99: 1 | P99: 1 | Q99: 0
B100: 고양시 | C100: 16315 | D100: 711 | E100: 4436 | F100: 9713 | G100: 1455 | H100: 153 | I100: 22 | J100: 6 | K100: 123 | L100: 2 | M100: 16162 | N100: 689 | O100: 4430 | P100: 9590 | Q100: 1453
B101: 고양시 덕양구 | C101: 11 | D101: 0 | E101: 6 | F101: 5 | G101: 0 | H101: 0 | I101: 0 | J101: 0 | K101: 0 | L101: 0 | M101: 11 | N101: 0 | O101: 6 | P101: 5 | Q101: 0
B102: 고양시 일산구 | C102: 6051 | D102: 374 | E102: 1508 | F102: 3401 | G102: 768 | H102: 128 | I102: 0 | J102: 6 | K102: 121 | L102: 1 | M102: 5923 | N102: 374 | O102: 1502 | P102: 3280 | Q102: 767
B103: 고양시 일산동구 | C103: 5351 | D103: 256 | E103: 1415 | F103: 3046 | G103: 634 | H103: 8 | I103: 0 | J103: 1 | K103: 6 | L103: 1 | M103: 5343 | N103: 256 | O103: 1414 | P103: 3040 | Q103: 633
B104: 고양시 일산서구 | C104: 1148 | D104: 115 | E104: 249 | F104: 621 | G104: 163 | H104: 29 | I104: 17 | J104: 1 | K104: 10 | L104: 1 | M104: 1119 | N104: 98 | O104: 248 | P104: 611 | Q104: 162
B105: 과천시 | C105: 10816 | D105: 439 | E105: 3588 | F105: 6138 | G105: 651 | H105: 108 | I105: 4 | J105: 25 | K105: 77 | L105: 2 | M105: 10708 | N105: 435 | O105: 3563 | P105: 6061 | Q105: 649
B106: 광명시 | C106: 13429 | D106: 564 | E106: 4757 | F106: 6810 | G106: 1298 | H106: 112 | I106: 2 | J106: 8 | K106: 98 | L106: 4 | M106: 13317 | N106: 562 | O106: 4749 | P106: 6712 | Q106: 1294
B107: 광주시 | C107: 7338 | D107: 326 | E107: 2236 | F107: 4237 | G107: 539 | H107: 105 | I107: 7 | J107: 27 | K107: 68 | L107: 3 | M107: 7233 | N107: 319 | O107: 2209 | P107: 4169 | Q107: 536
B108: 구리시 | C108: 5337 | D108: 268 | E108: 1474 | F108: 3146 | G108: 449 | H108: 107 | I108: 0 | J108: 16 | K108: 89 | L108: 2 | M108: 5230 | N108: 268 | O108: 1458 | P108: 3057 | Q108: 447
B109: 군포시 | C109: 26 | D109: 0 | E109: 22 | F109: 0 | G109: 4 | H109: 0 | I109: 0 | J109: 0 | K109: 0 | L109: 0 | M109: 26 | N109: 0 | O109: 22 | P109: 0 | Q109: 4
B110: 김포군 | C110: 15903 | D110: 700 | E110: 7098 | F110: 6841 | G110: 1264 | H110: 142 | I110: 4 | J110: 18 | K110: 118 | L110: 2 | M110: 15761 | N110: 696 | O110: 7080 | P110: 6723 | Q110: 1262
B111: 김포시 | C111: 20197 | D111: 770 | E111: 5973 | F111: 11409 | G111: 2045 | H111: 180 | I111: 14 | J111: 18 | K111: 145 | L111: 3 | M111: 20017 | N111: 756 | O111: 5955 | P111: 11264 | Q111: 2042
... B160: 계 | C160: 9558 | D160: 953 | E160: 3377 | F160: 4679 | G160: 549 | H160: 112 | I160: 8 | J160: 8 | K160: 91 | L160: 5 | M160: 9446 | N160: 945 | O160: 3369 | P160: 4588 | Q160: 544
...

Sheet FoVObE-passengers
A1: Fraction Owned by Entity (dimensionless) | B1: government | C1: domestic industries | D1: labor and consumers | E1: foreign entities
A2: LDVs | B2: =DV_Cal!C3 -> 0.0016927182 | C2: =DV_Cal!C4 -> 0.057437621 | D2: =DV_Cal!C5 -> 0.94086966 | E2: 0
A3: HDVs | B3: =DV_Cal!C9 -> 0.030539318 | C3: =DV_Cal!C10 -> 0.15360238 | D3: =DV_Cal!C11 -> 0.8158583 | E3: 0
A4: aircraft | B4: =Aircraft!L4 -> 0.24209246 | C4: =Aircraft!L5 -> 0.74817518 | D4: =Aircraft!L6 -> 0.0097323601 | E4: 0
A5: rail | B5: 1 | C5: 0 | D5: 0 | E5: 0
A6: ships | B6: 0 | C6: 1 | D6: 0 | E6: 0
A7: motorbikes | B7: =Motorbikes!V4 -> 0.010568079 | C7: =Motorbikes!V5 -> 0 | D7: =Motorbikes!V6 -> 0.98943192 | E7: 0

Sheet FoVObE-freight
A1: Fraction Owned by Entity (dimensionless) | B1: government | C1: domestic industries | D1: labor and consumers | E1: foreign entities
A2: LDVs | B2: =DV_Cal!C15 -> 0.0062701253 | C2: =DV_Cal!C16 -> 0.063000792 | D2: =DV_Cal!C17 -> 0.93072908 | E2: 0
A3: HDVs | B3: =DV_Cal!C21 -> 0.021641982 | C3: =DV_Cal!C22 -> 0.36264847 | D3: =DV_Cal!C23 -> 0.61570955 | E3: 0
A4: aircraft | B4: =Aircraft!L9 -> 0 | C4: =Aircraft!L10 -> 1 | D4: =Aircraft!L11 -> 0 | E4: 0
A5: rail | B5: 1 | C5: 0 | D5: 0 | E5: 0
A6: ships | B6: 0 | C6: 1 | D6: 0 | E6: 0
A7: motorbikes | B7: 0 | C7: 0 | D7: 1 | E7: 0
