Workbook

Sheet About
A1: BFoHfC BAU Fraction of Heat from CHP
A3: Source: | B3: Korea Energy Agency
B4: 2023
B5: Distributed energy supply statistics
B6: https://www.energy.or.kr/front/board/View10.do
B7: Table III-14(p.181)
A9: Notes
A10: We do not have data on how Combined Heat and Power (CHP)
A11: fraction varies by fuel type.
A12: So we assume the overall CHP fraction applies to all fuel types.
A13: It does not matter if some of these fuel types are not used
A14: for district heat; the fraction of each fuel that is used is
A15: governed by another input variable.

Sheet Data
A1: Table III-14: Electricity and heat supply | B1: heat (000 Gcal) | C1: electricity (000 Gcal) | D1: Fraction of heat from CHP(%)
A2: Distributed heat | B2: 27278 | C2: 27587 | D2: =B2/SUM(B2:C2) -> 0.497184
A3: Industrial complex | B3: 33055 | C3: 12949 | D3: =B3/SUM(B3:C3) -> 0.71852448
A4: Others | B4: 1839 | C4: 4653 | D4: =B4/SUM(B4:C4) -> 0.28327172
A5: total | B5: 62172 | C5: 45189 | D5: =B5/SUM(B5:C5) -> 0.57909297
A7: distributed heating supply | B7: heat sold (k Gcal) | C7: Electricity sold (k Gcal) | D7: Electricity sold (GWh) | E7: Fraction of heat from CHP(%)
A8: 2000 | B8: 11669 | C8: =D8*860/1000 -> 1247.86 | D8: 1451 | E8: =B8/SUM(B8:C8) -> 0.90339293
A9: 2001 | B9: 12179 | C9: =D9*860/1000 -> 2893.04 | D9: 3364 | E9: =B9/SUM(B9:C9) -> 0.80805253
A10: 2002 | B10: 13163 | C10: =D10*860/1000 -> 3662.74 | D10: 4259 | E10: =B10/SUM(B10:C10) -> 0.78231329
A11: 2003 | B11: 15227 | C11: =D11*860/1000 -> 3731.54 | D11: 4339 | E11: =B11/SUM(B11:C11) -> 0.80317366
A12: 2004 | B12: 14490 | C12: =D12*860/1000 -> 3500.2 | D12: 4070 | E12: =B12/SUM(B12:C12) -> 0.80543852
A13: 2005 | B13: 16517 | C13: =D13*860/1000 -> 3524.28 | D13: 4098 | E13: =B13/SUM(B13:C13) -> 0.82414896
A14: 2006 | B14: 15486 | C14: =D14*860/1000 -> 3216.4 | D14: 3740 | E14: =B14/SUM(B14:C14) -> 0.82802207
A15: 2007 | B15: 15764 | C15: =D15*860/1000 -> 4065.22 | D15: 4727 | E15: =B15/SUM(B15:C15) -> 0.79498841
A16: 2008 | B16: 16676 | C16: =D16*860/1000 -> 6350.24 | D16: 7384 | E16: =B16/SUM(B16:C16) -> 0.72421724
A17: 2009 | B17: 17089 | C17: =D17*860/1000 -> 5960.66 | D17: 6931 | E17: =B17/SUM(B17:C17) -> 0.74139922
A18: 2010 | B18: 19386 | C18: =D18*860/1000 -> 8085.72 | D18: 9402 | E18: =B18/SUM(B18:C18) -> 0.70567114
A19: 2011 | B19: 19763 | C19: =D19*860/1000 -> 11818.12 | D19: 13742 | E19: =B19/SUM(B19:C19) -> 0.62578528
... A31: 2023 | B31: 27278 | C31: =D31*860/1000 -> 27587.08 | D31: 32078 | E31: =B31/SUM(B31:C31) -> 0.49718327

Sheet BFoHfC
A1: Fraction of Heat from CHP (dimensionless) | B1: 2015 | C1: 2016 | D1: 2017 | E1: 2018 | F1: 2019 | G1: 2020 | H1: 2021 | I1: 2022 | J1: 2023 | K1: 2024 | L1: 2025 | M1: 2026 | N1: 2027 | O1: 2028 | P1: 2029 | Q1: 2030 | R1: 2031 | S1: 2032 | T1: 2033 | U1: 2034 | V1: 2035 | W1: 2036 | X1: 2037 | Y1: 2038 | Z1: 2039 | AA1: 2040 | AB1: 2041 | AC1: 2042 | AD1: 2043 | AE1: 2044 | AF1: 2045 | AG1: 2046 | AH1: 2047 | AI1: 2048 | AJ1: 2049 | AK1: 2050
A2: electricity | B2: =Data!$E$23 -> 0.5673614 | C2: =Data!$E$24 -> 0.55350872 | D2: =Data!$E$25 -> 0.52294465 | E2: =Data!$E$26 -> 0.47813605 | F2: =Data!$E$27 -> 0.48491434 | G2: =Data!$E$28 -> 0.51136749 | H2: =Data!$E$29 -> 0.49683037 | I2: =Data!$E$30 -> 0.49751008 | J2: =Data!$E$31 -> 0.49718327 | K2: =J2 -> 0.49718327 | L2: =K2 -> 0.49718327 | M2: =L2 -> 0.49718327 | N2: =M2 -> 0.49718327 | O2: =N2 -> 0.49718327 | P2: =O2 -> 0.49718327 | Q2: =P2 -> 0.49718327 | R2: =Q2 -> 0.49718327 | ... AK2: =AJ2 -> 0.49718327
A3: coal | B3: =Data!$E$23 -> 0.5673614 | C3: =Data!$E$24 -> 0.55350872 | D3: =Data!$E$25 -> 0.52294465 | E3: =Data!$E$26 -> 0.47813605 | F3: =Data!$E$27 -> 0.48491434 | G3: =Data!$E$28 -> 0.51136749 | H3: =Data!$E$29 -> 0.49683037 | I3: =Data!$E$30 -> 0.49751008 | J3: =Data!$E$31 -> 0.49718327 | K3: =J3 -> 0.49718327 | L3: =K3 -> 0.49718327 | M3: =L3 -> 0.49718327 | N3: =M3 -> 0.49718327 | O3: =N3 -> 0.49718327 | P3: =O3 -> 0.49718327 | Q3: =P3 -> 0.49718327 | R3: =Q3 -> 0.49718327 | ... AK3: =AJ3 -> 0.49718327
A4: natural gas | B4: =Data!$E$23 -> 0.5673614 | C4: =Data!$E$24 -> 0.55350872 | D4: =Data!$E$25 -> 0.52294465 | E4: =Data!$E$26 -> 0.47813605 | F4: =Data!$E$27 -> 0.48491434 | G4: =Data!$E$28 -> 0.51136749 | H4: =Data!$E$29 -> 0.49683037 | I4: =Data!$E$30 -> 0.49751008 | J4: =Data!$E$31 -> 0.49718327 | K4: =J4 -> 0.49718327 | L4: =K4 -> 0.49718327 | M4: =L4 -> 0.49718327 | N4: =M4 -> 0.49718327 | O4: =N4 -> 0.49718327 | P4: =O4 -> 0.49718327 | Q4: =P4 -> 0.49718327 | R4: =Q4 -> 0.49718327 | ... AK4: =AJ4 -> 0.49718327
A5: biomass | B5: =Data!$E$23 -> 0.5673614 | C5: =Data!$E$24 -> 0.55350872 | D5: =Data!$E$25 -> 0.52294465 | E5: =Data!$E$26 -> 0.47813605 | F5: =Data!$E$27 -> 0.48491434 | G5: =Data!$E$28 -> 0.51136749 | H5: =Data!$E$29 -> 0.49683037 | I5: =Data!$E$30 -> 0.49751008 | J5: =Data!$E$31 -> 0.49718327 | K5: =J5 -> 0.49718327 | L5: =K5 -> 0.49718327 | M5: =L5 -> 0.49718327 | N5: =M5 -> 0.49718327 | O5: =N5 -> 0.49718327 | P5: =O5 -> 0.49718327 | Q5: =P5 -> 0.49718327 | R5: =Q5 -> 0.49718327 | ... AK5: =AJ5 -> 0.49718327
A6: petroleum diesel | B6: =Data!$E$23 -> 0.5673614 | C6: =Data!$E$24 -> 0.55350872 | D6: =Data!$E$25 -> 0.52294465 | E6: =Data!$E$26 -> 0.47813605 | F6: =Data!$E$27 -> 0.48491434 | G6: =Data!$E$28 -> 0.51136749 | H6: =Data!$E$29 -> 0.49683037 | I6: =Data!$E$30 -> 0.49751008 | J6: =Data!$E$31 -> 0.49718327 | K6: =J6 -> 0.49718327 | L6: =K6 -> 0.49718327 | M6: =L6 -> 0.49718327 | N6: =M6 -> 0.49718327 | O6: =N6 -> 0.49718327 | P6: =O6 -> 0.49718327 | Q6: =P6 -> 0.49718327 | R6: =Q6 -> 0.49718327 | ... AK6: =AJ6 -> 0.49718327
A7: heat | B7: =Data!$E$23 -> 0.5673614 | C7: =Data!$E$24 -> 0.55350872 | D7: =Data!$E$25 -> 0.52294465 | E7: =Data!$E$26 -> 0.47813605 | F7: =Data!$E$27 -> 0.48491434 | G7: =Data!$E$28 -> 0.51136749 | H7: =Data!$E$29 -> 0.49683037 | I7: =Data!$E$30 -> 0.49751008 | J7: =Data!$E$31 -> 0.49718327 | K7: =J7 -> 0.49718327 | L7: =K7 -> 0.49718327 | M7: =L7 -> 0.49718327 | N7: =M7 -> 0.49718327 | O7: =N7 -> 0.49718327 | P7: =O7 -> 0.49718327 | Q7: =P7 -> 0.49718327 | R7: =Q7 -> 0.49718327 | ... AK7: =AJ7 -> 0.49718327
A8: crude oil | B8: =Data!$E$23 -> 0.5673614 | C8: =Data!$E$24 -> 0.55350872 | D8: =Data!$E$25 -> 0.52294465 | E8: =Data!$E$26 -> 0.47813605 | F8: =Data!$E$27 -> 0.48491434 | G8: =Data!$E$28 -> 0.51136749 | H8: =Data!$E$29 -> 0.49683037 | I8: =Data!$E$30 -> 0.49751008 | J8: =Data!$E$31 -> 0.49718327 | K8: =J8 -> 0.49718327 | L8: =K8 -> 0.49718327 | M8: =L8 -> 0.49718327 | N8: =M8 -> 0.49718327 | O8: =N8 -> 0.49718327 | P8: =O8 -> 0.49718327 | Q8: =P8 -> 0.49718327 | R8: =Q8 -> 0.49718327 | ... AK8: =AJ8 -> 0.49718327
A9: heavy or residual fuel oil | B9: =Data!$E$23 -> 0.5673614 | C9: =Data!$E$24 -> 0.55350872 | D9: =Data!$E$25 -> 0.52294465 | E9: =Data!$E$26 -> 0.47813605 | F9: =Data!$E$27 -> 0.48491434 | G9: =Data!$E$28 -> 0.51136749 | H9: =Data!$E$29 -> 0.49683037 | I9: =Data!$E$30 -> 0.49751008 | J9: =Data!$E$31 -> 0.49718327 | K9: =J9 -> 0.49718327 | L9: =K9 -> 0.49718327 | M9: =L9 -> 0.49718327 | N9: =M9 -> 0.49718327 | O9: =N9 -> 0.49718327 | P9: =O9 -> 0.49718327 | Q9: =P9 -> 0.49718327 | R9: =Q9 -> 0.49718327 | ... AK9: =AJ9 -> 0.49718327
A10: LPG propane or butane | B10: =Data!$E$23 -> 0.5673614 | C10: =Data!$E$24 -> 0.55350872 | D10: =Data!$E$25 -> 0.52294465 | E10: =Data!$E$26 -> 0.47813605 | F10: =Data!$E$27 -> 0.48491434 | G10: =Data!$E$28 -> 0.51136749 | H10: =Data!$E$29 -> 0.49683037 | I10: =Data!$E$30 -> 0.49751008 | J10: =Data!$E$31 -> 0.49718327 | K10: =J10 -> 0.49718327 | L10: =K10 -> 0.49718327 | M10: =L10 -> 0.49718327 | N10: =M10 -> 0.49718327 | O10: =N10 -> 0.49718327 | P10: =O10 -> 0.49718327 | Q10: =P10 -> 0.49718327 | R10: =Q10 -> 0.49718327 | ... AK10: =AJ10 -> 0.49718327
A11: hydrogen | B11: =Data!$E$23 -> 0.5673614 | C11: =Data!$E$24 -> 0.55350872 | D11: =Data!$E$25 -> 0.52294465 | E11: =Data!$E$26 -> 0.47813605 | F11: =Data!$E$27 -> 0.48491434 | G11: =Data!$E$28 -> 0.51136749 | H11: =Data!$E$29 -> 0.49683037 | I11: =Data!$E$30 -> 0.49751008 | J11: =Data!$E$31 -> 0.49718327 | K11: =J11 -> 0.49718327 | L11: =K11 -> 0.49718327 | M11: =L11 -> 0.49718327 | N11: =M11 -> 0.49718327 | O11: =N11 -> 0.49718327 | P11: =O11 -> 0.49718327 | Q11: =P11 -> 0.49718327 | R11: =Q11 -> 0.49718327 | ... AK11: =AJ11 -> 0.49718327
