Workbook

Sheet About
A1: HOIpTP Health Outcome Incidence per Ton Pollutant
A3: Source: | B3: U.S. Environmental Protection Agency
B4: 2018
B5: Technical Support Document: Estimating the Benefit per Ton of Reducing PM2.5 Precursors from 17 Sectors
B6: https://www.epa.gov/sites/production/files/2018-02/documents/sourceapportionmentbpttsd_2018.pdf
B7: Appendix, Even-Numbered Tables 2 through 136
A9: Notes
A10: This variable contains data on the number of health-related incidents
A11: of various types (premature mortality, hospital ER visits, etc.) that occur
A12: or are avoided when emissions of any of three pollutants (PM2.5, Nox, SOx)
A13: from any particular sector are increased or decreased by one metric ton.
A15: Population Exposure Multiplier
A16: If you are modeling a non-U.S. region but wish to keep U.S. data for
A17: this variable, you may adjust the following population exposure multiplier
A18: to reflect differences in population exposure between the modeled
A19: region and the U.S. Regions with lower population also tend to have
A20: less land area in which emissions and people are concentrated, so simply
A21: having a smaller population does not imply the population exposure
... A26: If you are uncertain what to put here, you may leave it at 1.
A27: 1 | B27: ratio of modeled region's population exposure to U.S. population exposure per ton of pollutant
A29: Other Notes
A30: This variable is designed to look up data from any of 68 tables from the EPA source.
A31: The blue tabs' names determine which data (sector and pollutant) to retrieve.
A32: All blue tabs are identical except for the tab name (i.e. identical formulas in every cell).
A33: If you wish to change which EPA source corresponds to which sector, update this
A34: on the "Mappings" tab. Do not change the blue tabs directly.
A36: Note that the "electricity" sector incidence rates are also used for the
A37: "district heat and hydrogen" sector, the "industry" rates are also used
A38: for the "geoengineering" sector, and the "buildings" rates are used
A39: for both "residential buildings" and "commercial buildings" sectors
A40: in the EPS.
A42: Do not reduce the number of significant figures used in the blue tabs of this file.
A43: The incidence calculations are rounded in the EPS.

Sheet Mappings
A1: Key to Table Numbers
A2: Sector | B2: 2016 | C2: 2020 | D2: 2025 | E2: 2030
A3: cement kilns | B3: 1 | C3: 18 | D3: 35 | E3: 52
A4: pulp and paper facilities | B4: 2 | C4: 19 | D4: 36 | E4: 53
A5: refineries | B5: 3 | C5: 20 | D5: 37 | E5: 54
A6: coke ovens | B6: 4 | C6: 21 | D6: 38 | E6: 55
A7: iron and steel facilities | B7: 5 | C7: 22 | D7: 39 | E7: 56
A8: integrated iron and steel facilities | B8: 6 | C8: 23 | D8: 40 | E8: 57
A9: electric arc furnaces | B9: 7 | C9: 24 | D9: 41 | E9: 58
A10: taconite mines | B10: 8 | C10: 25 | D10: 42 | E10: 59
A11: ferroalloy facilities | B11: 9 | C11: 26 | D11: 43 | E11: 60
A12: residential wood combustion | B12: 10 | C12: 27 | D12: 44 | E12: 61
A13: area sources | B13: 11 | C13: 28 | D13: 45 | E13: 62
... A19: ocean-going vessels | B19: 17 | C19: 34 | D19: 51 | E19: 68
A21: Sheet Name Sector Assignments Map
A22: transport | B22: =A17 -> on-road mobile sources
A23: electricity | B23: =A18 -> electricity generating units
A24: buildings | B24: =A13 -> area sources
A25: industry | B25: =A14 -> industrial point sources
A26: LULUCF | B26: =A17 -> on-road mobile sources
A28: Pollutant Column Map
A29: NOx | B29: B
A30: PM25 | B30: D
A31: SO2 | B31: C

Sheet HOIpTP-transport-NOx
A1: Unit: incidents / ton pollutant | B1: 2016 | C1: 2017 | D1: 2018 | E1: 2019 | F1: 2020 | G1: 2021 | H1: 2022 | I1: 2023 | J1: 2024 | K1: 2025 | L1: 2026 | M1: 2027 | N1: 2028 | O1: 2029 | P1: 2030 | Q1: 2031 | R1: 2032 | S1: 2033 | T1: 2034 | U1: 2035 | V1: 2036 | W1: 2037 | X1: 2038 | Y1: 2039 | Z1: 2040 | AA1: 2041 | AB1: 2042 | AC1: 2043 | AD1: 2044 | AE1: 2045 | AF1: 2046 | AG1: 2047 | AH1: 2048 | AI1: 2049 | AJ1: 2050
A2: Premature mortality | B2: {=INDIRECT(CONCATENATE("'",HLOOKUP(B$1,$B$21:$E$23,3,FALSE),"'!",$B$25,ROW($A2)+3))*About!$A$27} -> 0.00089 | C2: =$B2+($F2-$B2)*(C$1-$B$1)/($F$1-$B$1) -> 0.0008975 | D2: =$B2+($F2-$B2)*(D$1-$B$1)/($F$1-$B$1) -> 0.000905 | E2: =$B2+($F2-$B2)*(E$1-$B$1)/($F$1-$B$1) -> 0.0009125 | F2: {=INDIRECT(CONCATENATE("'",HLOOKUP(F$1,$B$21:$E$23,3,FALSE),"'!",$B$25,ROW($A2)+3))*About!$A$27} -> 0.00092 | G2: =$F2+($K2-$F2)*(G$1-$F$1)/($K$1-$F$1) -> 0.000932 | H2: =$F2+($K2-$F2)*(H$1-$F$1)/($K$1-$F$1) -> 0.000944 | I2: =$F2+($K2-$F2)*(I$1-$F$1)/($K$1-$F$1) -> 0.000956 | J2: =$F2+($K2-$F2)*(J$1-$F$1)/($K$1-$F$1) -> 0.000968 | K2: {=INDIRECT(CONCATENATE("'",HLOOKUP(K$1,$B$21:$E$23,3,FALSE),"'!",$B$25,ROW($A2)+3))*About!$A$27} -> 0.00098 | L2: =$K2+($P2-$K2)*(L$1-$K$1)/($P$1-$K$1) -> 0.000984 | M2: =$K2+($P2-$K2)*(M$1-$K$1)/($P$1-$K$1) -> 0.000988 | N2: =$K2+($P2-$K2)*(N$1-$K$1)/($P$1-$K$1) -> 0.000992 | O2: =$K2+($P2-$K2)*(O$1-$K$1)/($P$1-$K$1) -> 0.000996 | P2: {=INDIRECT(CONCATENATE("'",HLOOKUP(P$1,$B$21:$E$23,3,FALSE),"'!",$B$25,ROW($A2)+3))*About!$A$27} -> 0.001 | Q2: {=TREND($K2:$P2,$K$1:$P$1,Q$1)} -> 0.001004 | R2: {=TREND($K2:$P2,$K$1:$P$1,R$1)} -> 0.001008 | S2: {=TREND($K2:$P2,$K$1:$P$1,S$1)} -> 0.001012 | T2: {=TREND($K2:$P2,$K$1:$P$1,T$1)} -> 0.001016 | U2: {=TREND($K2:$P2,$K$1:$P$1,U$1)} -> 0.00102 | V2: {=TREND($K2:$P2,$K$1:$P$1,V$1)} -> 0.001024 | W2: {=TREND($K2:$P2,$K$1:$P$1,W$1)} -> 0.001028 | X2: {=TREND($K2:$P2,$K$1:$P$1,X$1)} -> 0.001032 | ... AJ2: {=TREND($K2:$P2,$K$1:$P$1,AJ$1)} -> 0.00108
A3: Respiratory emergency room visits | B3: {=INDIRECT(CONCATENATE("'",HLOOKUP(B$1,$B$21:$E$23,3,FALSE),"'!",$B$25,ROW($A3)+5))*About!$A$27} -> 0.00049 | C3: =$B3+($F3-$B3)*(C$1-$B$1)/($F$1-$B$1) -> 0.0004925 | D3: =$B3+($F3-$B3)*(D$1-$B$1)/($F$1-$B$1) -> 0.000495 | E3: =$B3+($F3-$B3)*(E$1-$B$1)/($F$1-$B$1) -> 0.0004975 | F3: {=INDIRECT(CONCATENATE("'",HLOOKUP(F$1,$B$21:$E$23,3,FALSE),"'!",$B$25,ROW($A3)+5))*About!$A$27} -> 0.0005 | G3: =$F3+($K3-$F3)*(G$1-$F$1)/($K$1-$F$1) -> 0.000504 | H3: =$F3+($K3-$F3)*(H$1-$F$1)/($K$1-$F$1) -> 0.000508 | I3: =$F3+($K3-$F3)*(I$1-$F$1)/($K$1-$F$1) -> 0.000512 | J3: =$F3+($K3-$F3)*(J$1-$F$1)/($K$1-$F$1) -> 0.000516 | K3: {=INDIRECT(CONCATENATE("'",HLOOKUP(K$1,$B$21:$E$23,3,FALSE),"'!",$B$25,ROW($A3)+5))*About!$A$27} -> 0.00052 | L3: =$K3+($P3-$K3)*(L$1-$K$1)/($P$1-$K$1) -> 0.000522 | M3: =$K3+($P3-$K3)*(M$1-$K$1)/($P$1-$K$1) -> 0.000524 | N3: =$K3+($P3-$K3)*(N$1-$K$1)/($P$1-$K$1) -> 0.000526 | O3: =$K3+($P3-$K3)*(O$1-$K$1)/($P$1-$K$1) -> 0.000528 | P3: {=INDIRECT(CONCATENATE("'",HLOOKUP(P$1,$B$21:$E$23,3,FALSE),"'!",$B$25,ROW($A3)+5))*About!$A$27} -> 0.00053 | Q3: {=TREND($K3:$P3,$K$1:$P$1,Q$1)} -> 0.000532 | R3: {=TREND($K3:$P3,$K$1:$P$1,R$1)} -> 0.000534 | S3: {=TREND($K3:$P3,$K$1:$P$1,S$1)} -> 0.000536 | T3: {=TREND($K3:$P3,$K$1:$P$1,T$1)} -> 0.000538 | U3: {=TREND($K3:$P3,$K$1:$P$1,U$1)} -> 0.00054 | V3: {=TREND($K3:$P3,$K$1:$P$1,V$1)} -> 0.000542 | W3: {=TREND($K3:$P3,$K$1:$P$1,W$1)} -> 0.000544 | X3: {=TREND($K3:$P3,$K$1:$P$1,X$1)} -> 0.000546 | ... AJ3: {=TREND($K3:$P3,$K$1:$P$1,AJ$1)} -> 0.00057
A4: Acute bronchitis | B4: {=INDIRECT(CONCATENATE("'",HLOOKUP(B$1,$B$21:$E$23,3,FALSE),"'!",$B$25,ROW($A4)+5))*About!$A$27} -> 0.0013 | C4: =$B4+($F4-$B4)*(C$1-$B$1)/($F$1-$B$1) -> 0.0013 | D4: =$B4+($F4-$B4)*(D$1-$B$1)/($F$1-$B$1) -> 0.0013 | E4: =$B4+($F4-$B4)*(E$1-$B$1)/($F$1-$B$1) -> 0.0013 | F4: {=INDIRECT(CONCATENATE("'",HLOOKUP(F$1,$B$21:$E$23,3,FALSE),"'!",$B$25,ROW($A4)+5))*About!$A$27} -> 0.0013 | G4: =$F4+($K4-$F4)*(G$1-$F$1)/($K$1-$F$1) -> 0.0013 | H4: =$F4+($K4-$F4)*(H$1-$F$1)/($K$1-$F$1) -> 0.0013 | I4: =$F4+($K4-$F4)*(I$1-$F$1)/($K$1-$F$1) -> 0.0013 | J4: =$F4+($K4-$F4)*(J$1-$F$1)/($K$1-$F$1) -> 0.0013 | K4: {=INDIRECT(CONCATENATE("'",HLOOKUP(K$1,$B$21:$E$23,3,FALSE),"'!",$B$25,ROW($A4)+5))*About!$A$27} -> 0.0013 | L4: =$K4+($P4-$K4)*(L$1-$K$1)/($P$1-$K$1) -> 0.00132 | M4: =$K4+($P4-$K4)*(M$1-$K$1)/($P$1-$K$1) -> 0.00134 | N4: =$K4+($P4-$K4)*(N$1-$K$1)/($P$1-$K$1) -> 0.00136 | O4: =$K4+($P4-$K4)*(O$1-$K$1)/($P$1-$K$1) -> 0.00138 | P4: {=INDIRECT(CONCATENATE("'",HLOOKUP(P$1,$B$21:$E$23,3,FALSE),"'!",$B$25,ROW($A4)+5))*About!$A$27} -> 0.0014 | Q4: {=TREND($K4:$P4,$K$1:$P$1,Q$1)} -> 0.00142 | R4: {=TREND($K4:$P4,$K$1:$P$1,R$1)} -> 0.00144 | S4: {=TREND($K4:$P4,$K$1:$P$1,S$1)} -> 0.00146 | T4: {=TREND($K4:$P4,$K$1:$P$1,T$1)} -> 0.00148 | U4: {=TREND($K4:$P4,$K$1:$P$1,U$1)} -> 0.0015 | V4: {=TREND($K4:$P4,$K$1:$P$1,V$1)} -> 0.00152 | W4: {=TREND($K4:$P4,$K$1:$P$1,W$1)} -> 0.00154 | X4: {=TREND($K4:$P4,$K$1:$P$1,X$1)} -> 0.00156 | ... AJ4: {=TREND($K4:$P4,$K$1:$P$1,AJ$1)} -> 0.0018
A5: Lower respiratory symptoms | B5: {=INDIRECT(CONCATENATE("'",HLOOKUP(B$1,$B$21:$E$23,3,FALSE),"'!",$B$25,ROW($A5)+5))*About!$A$27} -> 0.016 | C5: =$B5+($F5-$B5)*(C$1-$B$1)/($F$1-$B$1) -> 0.016 | D5: =$B5+($F5-$B5)*(D$1-$B$1)/($F$1-$B$1) -> 0.016 | E5: =$B5+($F5-$B5)*(E$1-$B$1)/($F$1-$B$1) -> 0.016 | F5: {=INDIRECT(CONCATENATE("'",HLOOKUP(F$1,$B$21:$E$23,3,FALSE),"'!",$B$25,ROW($A5)+5))*About!$A$27} -> 0.016 | G5: =$F5+($K5-$F5)*(G$1-$F$1)/($K$1-$F$1) -> 0.0162 | H5: =$F5+($K5-$F5)*(H$1-$F$1)/($K$1-$F$1) -> 0.0164 | I5: =$F5+($K5-$F5)*(I$1-$F$1)/($K$1-$F$1) -> 0.0166 | J5: =$F5+($K5-$F5)*(J$1-$F$1)/($K$1-$F$1) -> 0.0168 | K5: {=INDIRECT(CONCATENATE("'",HLOOKUP(K$1,$B$21:$E$23,3,FALSE),"'!",$B$25,ROW($A5)+5))*About!$A$27} -> 0.017 | L5: =$K5+($P5-$K5)*(L$1-$K$1)/($P$1-$K$1) -> 0.0172 | M5: =$K5+($P5-$K5)*(M$1-$K$1)/($P$1-$K$1) -> 0.0174 | N5: =$K5+($P5-$K5)*(N$1-$K$1)/($P$1-$K$1) -> 0.0176 | O5: =$K5+($P5-$K5)*(O$1-$K$1)/($P$1-$K$1) -> 0.0178 | P5: {=INDIRECT(CONCATENATE("'",HLOOKUP(P$1,$B$21:$E$23,3,FALSE),"'!",$B$25,ROW($A5)+5))*About!$A$27} -> 0.018 | Q5: {=TREND($K5:$P5,$K$1:$P$1,Q$1)} -> 0.0182 | R5: {=TREND($K5:$P5,$K$1:$P$1,R$1)} -> 0.0184 | S5: {=TREND($K5:$P5,$K$1:$P$1,S$1)} -> 0.0186 | T5: {=TREND($K5:$P5,$K$1:$P$1,T$1)} -> 0.0188 | U5: {=TREND($K5:$P5,$K$1:$P$1,U$1)} -> 0.019 | V5: {=TREND($K5:$P5,$K$1:$P$1,V$1)} -> 0.0192 | W5: {=TREND($K5:$P5,$K$1:$P$1,W$1)} -> 0.0194 | X5: {=TREND($K5:$P5,$K$1:$P$1,X$1)} -> 0.0196 | ... AJ5: {=TREND($K5:$P5,$K$1:$P$1,AJ$1)} -> 0.022
A6: Upper respiratory symptoms | B6: {=INDIRECT(CONCATENATE("'",HLOOKUP(B$1,$B$21:$E$23,3,FALSE),"'!",$B$25,ROW($A6)+5))*About!$A$27} -> 0.024 | C6: =$B6+($F6-$B6)*(C$1-$B$1)/($F$1-$B$1) -> 0.024 | D6: =$B6+($F6-$B6)*(D$1-$B$1)/($F$1-$B$1) -> 0.024 | E6: =$B6+($F6-$B6)*(E$1-$B$1)/($F$1-$B$1) -> 0.024 | F6: {=INDIRECT(CONCATENATE("'",HLOOKUP(F$1,$B$21:$E$23,3,FALSE),"'!",$B$25,ROW($A6)+5))*About!$A$27} -> 0.024 | G6: =$F6+($K6-$F6)*(G$1-$F$1)/($K$1-$F$1) -> 0.0242 | H6: =$F6+($K6-$F6)*(H$1-$F$1)/($K$1-$F$1) -> 0.0244 | I6: =$F6+($K6-$F6)*(I$1-$F$1)/($K$1-$F$1) -> 0.0246 | J6: =$F6+($K6-$F6)*(J$1-$F$1)/($K$1-$F$1) -> 0.0248 | K6: {=INDIRECT(CONCATENATE("'",HLOOKUP(K$1,$B$21:$E$23,3,FALSE),"'!",$B$25,ROW($A6)+5))*About!$A$27} -> 0.025 | L6: =$K6+($P6-$K6)*(L$1-$K$1)/($P$1-$K$1) -> 0.0252 | M6: =$K6+($P6-$K6)*(M$1-$K$1)/($P$1-$K$1) -> 0.0254 | N6: =$K6+($P6-$K6)*(N$1-$K$1)/($P$1-$K$1) -> 0.0256 | O6: =$K6+($P6-$K6)*(O$1-$K$1)/($P$1-$K$1) -> 0.0258 | P6: {=INDIRECT(CONCATENATE("'",HLOOKUP(P$1,$B$21:$E$23,3,FALSE),"'!",$B$25,ROW($A6)+5))*About!$A$27} -> 0.026 | Q6: {=TREND($K6:$P6,$K$1:$P$1,Q$1)} -> 0.0262 | R6: {=TREND($K6:$P6,$K$1:$P$1,R$1)} -> 0.0264 | S6: {=TREND($K6:$P6,$K$1:$P$1,S$1)} -> 0.0266 | T6: {=TREND($K6:$P6,$K$1:$P$1,T$1)} -> 0.0268 | U6: {=TREND($K6:$P6,$K$1:$P$1,U$1)} -> 0.027 | V6: {=TREND($K6:$P6,$K$1:$P$1,V$1)} -> 0.0272 | W6: {=TREND($K6:$P6,$K$1:$P$1,W$1)} -> 0.0274 | X6: {=TREND($K6:$P6,$K$1:$P$1,X$1)} -> 0.0276 | ... AJ6: {=TREND($K6:$P6,$K$1:$P$1,AJ$1)} -> 0.03
A7: Minor restricted activity days | B7: {=INDIRECT(CONCATENATE("'",HLOOKUP(B$1,$B$21:$E$23,3,FALSE),"'!",$B$25,ROW($A7)+5))*About!$A$27} -> 0.69 | C7: =$B7+($F7-$B7)*(C$1-$B$1)/($F$1-$B$1) -> 0.6925 | D7: =$B7+($F7-$B7)*(D$1-$B$1)/($F$1-$B$1) -> 0.695 | E7: =$B7+($F7-$B7)*(E$1-$B$1)/($F$1-$B$1) -> 0.6975 | F7: {=INDIRECT(CONCATENATE("'",HLOOKUP(F$1,$B$21:$E$23,3,FALSE),"'!",$B$25,ROW($A7)+5))*About!$A$27} -> 0.7 | G7: =$F7+($K7-$F7)*(G$1-$F$1)/($K$1-$F$1) -> 0.7 | H7: =$F7+($K7-$F7)*(H$1-$F$1)/($K$1-$F$1) -> 0.7 | I7: =$F7+($K7-$F7)*(I$1-$F$1)/($K$1-$F$1) -> 0.7 | J7: =$F7+($K7-$F7)*(J$1-$F$1)/($K$1-$F$1) -> 0.7 | K7: {=INDIRECT(CONCATENATE("'",HLOOKUP(K$1,$B$21:$E$23,3,FALSE),"'!",$B$25,ROW($A7)+5))*About!$A$27} -> 0.7 | L7: =$K7+($P7-$K7)*(L$1-$K$1)/($P$1-$K$1) -> 0.702 | M7: =$K7+($P7-$K7)*(M$1-$K$1)/($P$1-$K$1) -> 0.704 | N7: =$K7+($P7-$K7)*(N$1-$K$1)/($P$1-$K$1) -> 0.706 | O7: =$K7+($P7-$K7)*(O$1-$K$1)/($P$1-$K$1) -> 0.708 | P7: {=INDIRECT(CONCATENATE("'",HLOOKUP(P$1,$B$21:$E$23,3,FALSE),"'!",$B$25,ROW($A7)+5))*About!$A$27} -> 0.71 | Q7: {=TREND($K7:$P7,$K$1:$P$1,Q$1)} -> 0.712 | R7: {=TREND($K7:$P7,$K$1:$P$1,R$1)} -> 0.714 | S7: {=TREND($K7:$P7,$K$1:$P$1,S$1)} -> 0.716 | T7: {=TREND($K7:$P7,$K$1:$P$1,T$1)} -> 0.718 | U7: {=TREND($K7:$P7,$K$1:$P$1,U$1)} -> 0.72 | V7: {=TREND($K7:$P7,$K$1:$P$1,V$1)} -> 0.722 | W7: {=TREND($K7:$P7,$K$1:$P$1,W$1)} -> 0.724 | X7: {=TREND($K7:$P7,$K$1:$P$1,X$1)} -> 0.726 | ... AJ7: {=TREND($K7:$P7,$K$1:$P$1,AJ$1)} -> 0.75
A8: Work loss days | B8: {=INDIRECT(CONCATENATE("'",HLOOKUP(B$1,$B$21:$E$23,3,FALSE),"'!",$B$25,ROW($A8)+5))*About!$A$27} -> 0.12 | C8: =$B8+($F8-$B8)*(C$1-$B$1)/($F$1-$B$1) -> 0.12 | D8: =$B8+($F8-$B8)*(D$1-$B$1)/($F$1-$B$1) -> 0.12 | E8: =$B8+($F8-$B8)*(E$1-$B$1)/($F$1-$B$1) -> 0.12 | F8: {=INDIRECT(CONCATENATE("'",HLOOKUP(F$1,$B$21:$E$23,3,FALSE),"'!",$B$25,ROW($A8)+5))*About!$A$27} -> 0.12 | G8: =$F8+($K8-$F8)*(G$1-$F$1)/($K$1-$F$1) -> 0.12 | H8: =$F8+($K8-$F8)*(H$1-$F$1)/($K$1-$F$1) -> 0.12 | I8: =$F8+($K8-$F8)*(I$1-$F$1)/($K$1-$F$1) -> 0.12 | J8: =$F8+($K8-$F8)*(J$1-$F$1)/($K$1-$F$1) -> 0.12 | K8: {=INDIRECT(CONCATENATE("'",HLOOKUP(K$1,$B$21:$E$23,3,FALSE),"'!",$B$25,ROW($A8)+5))*About!$A$27} -> 0.12 | L8: =$K8+($P8-$K8)*(L$1-$K$1)/($P$1-$K$1) -> 0.12 | M8: =$K8+($P8-$K8)*(M$1-$K$1)/($P$1-$K$1) -> 0.12 | N8: =$K8+($P8-$K8)*(N$1-$K$1)/($P$1-$K$1) -> 0.12 | O8: =$K8+($P8-$K8)*(O$1-$K$1)/($P$1-$K$1) -> 0.12 | P8: {=INDIRECT(CONCATENATE("'",HLOOKUP(P$1,$B$21:$E$23,3,FALSE),"'!",$B$25,ROW($A8)+5))*About!$A$27} -> 0.12 | Q8: {=TREND($K8:$P8,$K$1:$P$1,Q$1)} -> 0.12 | R8: {=TREND($K8:$P8,$K$1:$P$1,R$1)} -> 0.12 | S8: {=TREND($K8:$P8,$K$1:$P$1,S$1)} -> 0.12 | T8: {=TREND($K8:$P8,$K$1:$P$1,T$1)} -> 0.12 | U8: {=TREND($K8:$P8,$K$1:$P$1,U$1)} -> 0.12 | V8: {=TREND($K8:$P8,$K$1:$P$1,V$1)} -> 0.12 | W8: {=TREND($K8:$P8,$K$1:$P$1,W$1)} -> 0.12 | X8: {=TREND($K8:$P8,$K$1:$P$1,X$1)} -> 0.12 | ... AJ8: {=TREND($K8:$P8,$K$1:$P$1,AJ$1)} -> 0.12
A9: Asthma exacerbation | B9: {=INDIRECT(CONCATENATE("'",HLOOKUP(B$1,$B$21:$E$23,3,FALSE),"'!",$B$25,ROW($A9)+5))*About!$A$27} -> 0.028 | C9: =$B9+($F9-$B9)*(C$1-$B$1)/($F$1-$B$1) -> 0.028 | D9: =$B9+($F9-$B9)*(D$1-$B$1)/($F$1-$B$1) -> 0.028 | E9: =$B9+($F9-$B9)*(E$1-$B$1)/($F$1-$B$1) -> 0.028 | F9: {=INDIRECT(CONCATENATE("'",HLOOKUP(F$1,$B$21:$E$23,3,FALSE),"'!",$B$25,ROW($A9)+5))*About!$A$27} -> 0.028 | G9: =$F9+($K9-$F9)*(G$1-$F$1)/($K$1-$F$1) -> 0.0282 | H9: =$F9+($K9-$F9)*(H$1-$F$1)/($K$1-$F$1) -> 0.0284 | I9: =$F9+($K9-$F9)*(I$1-$F$1)/($K$1-$F$1) -> 0.0286 | J9: =$F9+($K9-$F9)*(J$1-$F$1)/($K$1-$F$1) -> 0.0288 | K9: {=INDIRECT(CONCATENATE("'",HLOOKUP(K$1,$B$21:$E$23,3,FALSE),"'!",$B$25,ROW($A9)+5))*About!$A$27} -> 0.029 | L9: =$K9+($P9-$K9)*(L$1-$K$1)/($P$1-$K$1) -> 0.0294 | M9: =$K9+($P9-$K9)*(M$1-$K$1)/($P$1-$K$1) -> 0.0298 | N9: =$K9+($P9-$K9)*(N$1-$K$1)/($P$1-$K$1) -> 0.0302 | O9: =$K9+($P9-$K9)*(O$1-$K$1)/($P$1-$K$1) -> 0.0306 | P9: {=INDIRECT(CONCATENATE("'",HLOOKUP(P$1,$B$21:$E$23,3,FALSE),"'!",$B$25,ROW($A9)+5))*About!$A$27} -> 0.031 | Q9: {=TREND($K9:$P9,$K$1:$P$1,Q$1)} -> 0.0314 | R9: {=TREND($K9:$P9,$K$1:$P$1,R$1)} -> 0.0318 | S9: {=TREND($K9:$P9,$K$1:$P$1,S$1)} -> 0.0322 | T9: {=TREND($K9:$P9,$K$1:$P$1,T$1)} -> 0.0326 | U9: {=TREND($K9:$P9,$K$1:$P$1,U$1)} -> 0.033 | V9: {=TREND($K9:$P9,$K$1:$P$1,V$1)} -> 0.0334 | W9: {=TREND($K9:$P9,$K$1:$P$1,W$1)} -> 0.0338 | X9: {=TREND($K9:$P9,$K$1:$P$1,X$1)} -> 0.0342 | ... AJ9: {=TREND($K9:$P9,$K$1:$P$1,AJ$1)} -> 0.039
A10: Cardiovascular hospital admissions | B10: {=INDIRECT(CONCATENATE("'",HLOOKUP(B$1,$B$21:$E$23,3,FALSE),"'!",$B$25,ROW($A10)+5))*About!$A$27} -> 0.00021 | C10: =$B10+($F10-$B10)*(C$1-$B$1)/($F$1-$B$1) -> 0.0002125 | D10: =$B10+($F10-$B10)*(D$1-$B$1)/($F$1-$B$1) -> 0.000215 | E10: =$B10+($F10-$B10)*(E$1-$B$1)/($F$1-$B$1) -> 0.0002175 | F10: {=INDIRECT(CONCATENATE("'",HLOOKUP(F$1,$B$21:$E$23,3,FALSE),"'!",$B$25,ROW($A10)+5))*About!$A$27} -> 0.00022 | G10: =$F10+($K10-$F10)*(G$1-$F$1)/($K$1-$F$1) -> 0.000226 | H10: =$F10+($K10-$F10)*(H$1-$F$1)/($K$1-$F$1) -> 0.000232 | I10: =$F10+($K10-$F10)*(I$1-$F$1)/($K$1-$F$1) -> 0.000238 | J10: =$F10+($K10-$F10)*(J$1-$F$1)/($K$1-$F$1) -> 0.000244 | K10: {=INDIRECT(CONCATENATE("'",HLOOKUP(K$1,$B$21:$E$23,3,FALSE),"'!",$B$25,ROW($A10)+5))*About!$A$27} -> 0.00025 | L10: =$K10+($P10-$K10)*(L$1-$K$1)/($P$1-$K$1) -> 0.000254 | M10: =$K10+($P10-$K10)*(M$1-$K$1)/($P$1-$K$1) -> 0.000258 | N10: =$K10+($P10-$K10)*(N$1-$K$1)/($P$1-$K$1) -> 0.000262 | O10: =$K10+($P10-$K10)*(O$1-$K$1)/($P$1-$K$1) -> 0.000266 | P10: {=INDIRECT(CONCATENATE("'",HLOOKUP(P$1,$B$21:$E$23,3,FALSE),"'!",$B$25,ROW($A10)+5))*About!$A$27} -> 0.00027 | Q10: {=TREND($K10:$P10,$K$1:$P$1,Q$1)} -> 0.000274 | R10: {=TREND($K10:$P10,$K$1:$P$1,R$1)} -> 0.000278 | S10: {=TREND($K10:$P10,$K$1:$P$1,S$1)} -> 0.000282 | T10: {=TREND($K10:$P10,$K$1:$P$1,T$1)} -> 0.000286 | U10: {=TREND($K10:$P10,$K$1:$P$1,U$1)} -> 0.00029 | V10: {=TREND($K10:$P10,$K$1:$P$1,V$1)} -> 0.000294 | W10: {=TREND($K10:$P10,$K$1:$P$1,W$1)} -> 0.000298 | X10: {=TREND($K10:$P10,$K$1:$P$1,X$1)} -> 0.000302 | ... AJ10: {=TREND($K10:$P10,$K$1:$P$1,AJ$1)} -> 0.00035
A11: Respiratory hospital admissions | B11: {=INDIRECT(CONCATENATE("'",HLOOKUP(B$1,$B$21:$E$23,3,FALSE),"'!",$B$25,ROW($A11)+5))*About!$A$27} -> 0.0002 | C11: =$B11+($F11-$B11)*(C$1-$B$1)/($F$1-$B$1) -> 0.0002025 | D11: =$B11+($F11-$B11)*(D$1-$B$1)/($F$1-$B$1) -> 0.000205 | E11: =$B11+($F11-$B11)*(E$1-$B$1)/($F$1-$B$1) -> 0.0002075 | F11: {=INDIRECT(CONCATENATE("'",HLOOKUP(F$1,$B$21:$E$23,3,FALSE),"'!",$B$25,ROW($A11)+5))*About!$A$27} -> 0.00021 | G11: =$F11+($K11-$F11)*(G$1-$F$1)/($K$1-$F$1) -> 0.000216 | H11: =$F11+($K11-$F11)*(H$1-$F$1)/($K$1-$F$1) -> 0.000222 | I11: =$F11+($K11-$F11)*(I$1-$F$1)/($K$1-$F$1) -> 0.000228 | J11: =$F11+($K11-$F11)*(J$1-$F$1)/($K$1-$F$1) -> 0.000234 | K11: {=INDIRECT(CONCATENATE("'",HLOOKUP(K$1,$B$21:$E$23,3,FALSE),"'!",$B$25,ROW($A11)+5))*About!$A$27} -> 0.00024 | L11: =$K11+($P11-$K11)*(L$1-$K$1)/($P$1-$K$1) -> 0.000244 | M11: =$K11+($P11-$K11)*(M$1-$K$1)/($P$1-$K$1) -> 0.000248 | N11: =$K11+($P11-$K11)*(N$1-$K$1)/($P$1-$K$1) -> 0.000252 | O11: =$K11+($P11-$K11)*(O$1-$K$1)/($P$1-$K$1) -> 0.000256 | P11: {=INDIRECT(CONCATENATE("'",HLOOKUP(P$1,$B$21:$E$23,3,FALSE),"'!",$B$25,ROW($A11)+5))*About!$A$27} -> 0.00026 | Q11: {=TREND($K11:$P11,$K$1:$P$1,Q$1)} -> 0.000264 | R11: {=TREND($K11:$P11,$K$1:$P$1,R$1)} -> 0.000268 | S11: {=TREND($K11:$P11,$K$1:$P$1,S$1)} -> 0.000272 | T11: {=TREND($K11:$P11,$K$1:$P$1,T$1)} -> 0.000276 | U11: {=TREND($K11:$P11,$K$1:$P$1,U$1)} -> 0.00028 | V11: {=TREND($K11:$P11,$K$1:$P$1,V$1)} -> 0.000284 | W11: {=TREND($K11:$P11,$K$1:$P$1,W$1)} -> 0.000288 | X11: {=TREND($K11:$P11,$K$1:$P$1,X$1)} -> 0.000292 | ... AJ11: {=TREND($K11:$P11,$K$1:$P$1,AJ$1)} -> 0.00034
A12: Non-fatal heart attacks | B12: =SUM(INDIRECT(CONCATENATE("'",HLOOKUP(B$1,$B$21:$E$23,3,FALSE),"'!",$B$25,ROW($A12)+5,":",$B$25,ROW($A12)+6)))*About!$A$27 -> 0.000931 | C12: =$B12+($F12-$B12)*(C$1-$B$1)/($F$1-$B$1) -> 0.0009475 | D12: =$B12+($F12-$B12)*(D$1-$B$1)/($F$1-$B$1) -> 0.000964 | E12: =$B12+($F12-$B12)*(E$1-$B$1)/($F$1-$B$1) -> 0.0009805 | F12: =SUM(INDIRECT(CONCATENATE("'",HLOOKUP(F$1,$B$21:$E$23,3,FALSE),"'!",$B$25,ROW($A12)+5,":",$B$25,ROW($A12)+6)))*About!$A$27 -> 0.000997 | G12: =$F12+($K12-$F12)*(G$1-$F$1)/($K$1-$F$1) -> 0.0010156 | H12: =$F12+($K12-$F12)*(H$1-$F$1)/($K$1-$F$1) -> 0.0010342 | I12: =$F12+($K12-$F12)*(I$1-$F$1)/($K$1-$F$1) -> 0.0010528 | J12: =$F12+($K12-$F12)*(J$1-$F$1)/($K$1-$F$1) -> 0.0010714 | K12: =SUM(INDIRECT(CONCATENATE("'",HLOOKUP(K$1,$B$21:$E$23,3,FALSE),"'!",$B$25,ROW($A12)+5,":",$B$25,ROW($A12)+6)))*About!$A$27 -> 0.00109 | L12: =$K12+($P12-$K12)*(L$1-$K$1)/($P$1-$K$1) -> 0.001114 | M12: =$K12+($P12-$K12)*(M$1-$K$1)/($P$1-$K$1) -> 0.001138 | N12: =$K12+($P12-$K12)*(N$1-$K$1)/($P$1-$K$1) -> 0.001162 | O12: =$K12+($P12-$K12)*(O$1-$K$1)/($P$1-$K$1) -> 0.001186 | P12: =SUM(INDIRECT(CONCATENATE("'",HLOOKUP(P$1,$B$21:$E$23,3,FALSE),"'!",$B$25,ROW($A12)+5,":",$B$25,ROW($A12)+6)))*About!$A$27 -> 0.00121 | Q12: {=TREND($K12:$P12,$K$1:$P$1,Q$1)} -> 0.001234 | R12: {=TREND($K12:$P12,$K$1:$P$1,R$1)} -> 0.001258 | S12: {=TREND($K12:$P12,$K$1:$P$1,S$1)} -> 0.001282 | T12: {=TREND($K12:$P12,$K$1:$P$1,T$1)} -> 0.001306 | U12: {=TREND($K12:$P12,$K$1:$P$1,U$1)} -> 0.00133 | V12: {=TREND($K12:$P12,$K$1:$P$1,V$1)} -> 0.001354 | W12: {=TREND($K12:$P12,$K$1:$P$1,W$1)} -> 0.001378 | X12: {=TREND($K12:$P12,$K$1:$P$1,X$1)} -> 0.001402 | ... AJ12: {=TREND($K12:$P12,$K$1:$P$1,AJ$1)} -> 0.00169
A16: Data for lookup functions (based on sheet name)
A17: sheet name | B17: {=MID(CELL("filename",A17),FIND("]",CELL("filename",A17))+1,255)} -> HOIpTP-transport-NOx
A18: remove prefix | B18: =RIGHT(B17,LEN(B17)-7) -> transport-NOx
A19: sector | B19: =LEFT(B18,FIND("-",B18)-1) -> transport
A20: EPA source category | B20: =VLOOKUP($B$19,Mappings!$A$22:$B$26,COLUMN(Mappings!$B$21),FALSE) -> on-road mobile sources
B21: 2016 | C21: 2020 | D21: 2025 | E21: 2030
A22: table number | B22: =VLOOKUP($B$20,Mappings!$A$3:$E$19,COLUMN(Mappings!B$2),FALSE) -> 15 | C22: =VLOOKUP($B$20,Mappings!$A$3:$E$19,COLUMN(Mappings!C$2),FALSE) -> 32 | D22: =VLOOKUP($B$20,Mappings!$A$3:$E$19,COLUMN(Mappings!D$2),FALSE) -> 49 | E22: =VLOOKUP($B$20,Mappings!$A$3:$E$19,COLUMN(Mappings!E$2),FALSE) -> 66
A23: sheet name | B23: =CONCATENATE("Table ",B22) -> Table 15 | C23: =CONCATENATE("Table ",C22) -> Table 32 | D23: =CONCATENATE("Table ",D22) -> Table 49 | E23: =CONCATENATE("Table ",E22) -> Table 66
A24: pollutant | B24: =REPLACE(B18,1,FIND("-",B18),"") -> NOx
A25: pollutant column number | B25: =VLOOKUP($B$24,Mappings!$A$29:$B$31,COLUMN(Mappings!$B$29),FALSE) -> B

Sheet HOIpTP-transport-PM25
A1: Unit: incidents / ton pollutant | B1: 2016 | C1: 2017 | D1: 2018 | E1: 2019 | F1: 2020 | G1: 2021 | H1: 2022 | I1: 2023 | J1: 2024 | K1: 2025 | L1: 2026 | M1: 2027 | N1: 2028 | O1: 2029 | P1: 2030 | Q1: 2031 | R1: 2032 | S1: 2033 | T1: 2034 | U1: 2035 | V1: 2036 | W1: 2037 | X1: 2038 | Y1: 2039 | Z1: 2040 | AA1: 2041 | AB1: 2042 | AC1: 2043 | AD1: 2044 | AE1: 2045 | AF1: 2046 | AG1: 2047 | AH1: 2048 | AI1: 2049 | AJ1: 2050
A2: Premature mortality | B2: {=INDIRECT(CONCATENATE("'",HLOOKUP(B$1,$B$21:$E$23,3,FALSE),"'!",$B$25,ROW($A2)+3))*About!$A$27} -> 0.043 | C2: =$B2+($F2-$B2)*(C$1-$B$1)/($F$1-$B$1) -> 0.04325 | D2: =$B2+($F2-$B2)*(D$1-$B$1)/($F$1-$B$1) -> 0.0435 | E2: =$B2+($F2-$B2)*(E$1-$B$1)/($F$1-$B$1) -> 0.04375 | F2: {=INDIRECT(CONCATENATE("'",HLOOKUP(F$1,$B$21:$E$23,3,FALSE),"'!",$B$25,ROW($A2)+3))*About!$A$27} -> 0.044 | G2: =$F2+($K2-$F2)*(G$1-$F$1)/($K$1-$F$1) -> 0.0448 | H2: =$F2+($K2-$F2)*(H$1-$F$1)/($K$1-$F$1) -> 0.0456 | I2: =$F2+($K2-$F2)*(I$1-$F$1)/($K$1-$F$1) -> 0.0464 | J2: =$F2+($K2-$F2)*(J$1-$F$1)/($K$1-$F$1) -> 0.0472 | K2: {=INDIRECT(CONCATENATE("'",HLOOKUP(K$1,$B$21:$E$23,3,FALSE),"'!",$B$25,ROW($A2)+3))*About!$A$27} -> 0.048 | L2: =$K2+($P2-$K2)*(L$1-$K$1)/($P$1-$K$1) -> 0.0486 | M2: =$K2+($P2-$K2)*(M$1-$K$1)/($P$1-$K$1) -> 0.0492 | N2: =$K2+($P2-$K2)*(N$1-$K$1)/($P$1-$K$1) -> 0.0498 | O2: =$K2+($P2-$K2)*(O$1-$K$1)/($P$1-$K$1) -> 0.0504 | P2: {=INDIRECT(CONCATENATE("'",HLOOKUP(P$1,$B$21:$E$23,3,FALSE),"'!",$B$25,ROW($A2)+3))*About!$A$27} -> 0.051 | Q2: {=TREND($K2:$P2,$K$1:$P$1,Q$1)} -> 0.0516 | R2: {=TREND($K2:$P2,$K$1:$P$1,R$1)} -> 0.0522 | S2: {=TREND($K2:$P2,$K$1:$P$1,S$1)} -> 0.0528 | T2: {=TREND($K2:$P2,$K$1:$P$1,T$1)} -> 0.0534 | U2: {=TREND($K2:$P2,$K$1:$P$1,U$1)} -> 0.054 | V2: {=TREND($K2:$P2,$K$1:$P$1,V$1)} -> 0.0546 | W2: {=TREND($K2:$P2,$K$1:$P$1,W$1)} -> 0.0552 | X2: {=TREND($K2:$P2,$K$1:$P$1,X$1)} -> 0.0558 | ... AJ2: {=TREND($K2:$P2,$K$1:$P$1,AJ$1)} -> 0.063
A3: Respiratory emergency room visits | B3: {=INDIRECT(CONCATENATE("'",HLOOKUP(B$1,$B$21:$E$23,3,FALSE),"'!",$B$25,ROW($A3)+5))*About!$A$27} -> 0.025 | C3: =$B3+($F3-$B3)*(C$1-$B$1)/($F$1-$B$1) -> 0.02525 | D3: =$B3+($F3-$B3)*(D$1-$B$1)/($F$1-$B$1) -> 0.0255 | E3: =$B3+($F3-$B3)*(E$1-$B$1)/($F$1-$B$1) -> 0.02575 | F3: {=INDIRECT(CONCATENATE("'",HLOOKUP(F$1,$B$21:$E$23,3,FALSE),"'!",$B$25,ROW($A3)+5))*About!$A$27} -> 0.026 | G3: =$F3+($K3-$F3)*(G$1-$F$1)/($K$1-$F$1) -> 0.0262 | H3: =$F3+($K3-$F3)*(H$1-$F$1)/($K$1-$F$1) -> 0.0264 | I3: =$F3+($K3-$F3)*(I$1-$F$1)/($K$1-$F$1) -> 0.0266 | J3: =$F3+($K3-$F3)*(J$1-$F$1)/($K$1-$F$1) -> 0.0268 | K3: {=INDIRECT(CONCATENATE("'",HLOOKUP(K$1,$B$21:$E$23,3,FALSE),"'!",$B$25,ROW($A3)+5))*About!$A$27} -> 0.027 | L3: =$K3+($P3-$K3)*(L$1-$K$1)/($P$1-$K$1) -> 0.0272 | M3: =$K3+($P3-$K3)*(M$1-$K$1)/($P$1-$K$1) -> 0.0274 | N3: =$K3+($P3-$K3)*(N$1-$K$1)/($P$1-$K$1) -> 0.0276 | O3: =$K3+($P3-$K3)*(O$1-$K$1)/($P$1-$K$1) -> 0.0278 | P3: {=INDIRECT(CONCATENATE("'",HLOOKUP(P$1,$B$21:$E$23,3,FALSE),"'!",$B$25,ROW($A3)+5))*About!$A$27} -> 0.028 | Q3: {=TREND($K3:$P3,$K$1:$P$1,Q$1)} -> 0.0282 | R3: {=TREND($K3:$P3,$K$1:$P$1,R$1)} -> 0.0284 | S3: {=TREND($K3:$P3,$K$1:$P$1,S$1)} -> 0.0286 | T3: {=TREND($K3:$P3,$K$1:$P$1,T$1)} -> 0.0288 | U3: {=TREND($K3:$P3,$K$1:$P$1,U$1)} -> 0.029 | V3: {=TREND($K3:$P3,$K$1:$P$1,V$1)} -> 0.0292 | W3: {=TREND($K3:$P3,$K$1:$P$1,W$1)} -> 0.0294 | X3: {=TREND($K3:$P3,$K$1:$P$1,X$1)} -> 0.0296 | ... AJ3: {=TREND($K3:$P3,$K$1:$P$1,AJ$1)} -> 0.032
A4: Acute bronchitis | B4: {=INDIRECT(CONCATENATE("'",HLOOKUP(B$1,$B$21:$E$23,3,FALSE),"'!",$B$25,ROW($A4)+5))*About!$A$27} -> 0.064 | C4: =$B4+($F4-$B4)*(C$1-$B$1)/($F$1-$B$1) -> 0.064 | D4: =$B4+($F4-$B4)*(D$1-$B$1)/($F$1-$B$1) -> 0.064 | E4: =$B4+($F4-$B4)*(E$1-$B$1)/($F$1-$B$1) -> 0.064 | F4: {=INDIRECT(CONCATENATE("'",HLOOKUP(F$1,$B$21:$E$23,3,FALSE),"'!",$B$25,ROW($A4)+5))*About!$A$27} -> 0.064 | G4: =$F4+($K4-$F4)*(G$1-$F$1)/($K$1-$F$1) -> 0.0646 | H4: =$F4+($K4-$F4)*(H$1-$F$1)/($K$1-$F$1) -> 0.0652 | I4: =$F4+($K4-$F4)*(I$1-$F$1)/($K$1-$F$1) -> 0.0658 | J4: =$F4+($K4-$F4)*(J$1-$F$1)/($K$1-$F$1) -> 0.0664 | K4: {=INDIRECT(CONCATENATE("'",HLOOKUP(K$1,$B$21:$E$23,3,FALSE),"'!",$B$25,ROW($A4)+5))*About!$A$27} -> 0.067 | L4: =$K4+($P4-$K4)*(L$1-$K$1)/($P$1-$K$1) -> 0.0682 | M4: =$K4+($P4-$K4)*(M$1-$K$1)/($P$1-$K$1) -> 0.0694 | N4: =$K4+($P4-$K4)*(N$1-$K$1)/($P$1-$K$1) -> 0.0706 | O4: =$K4+($P4-$K4)*(O$1-$K$1)/($P$1-$K$1) -> 0.0718 | P4: {=INDIRECT(CONCATENATE("'",HLOOKUP(P$1,$B$21:$E$23,3,FALSE),"'!",$B$25,ROW($A4)+5))*About!$A$27} -> 0.073 | Q4: {=TREND($K4:$P4,$K$1:$P$1,Q$1)} -> 0.0742 | R4: {=TREND($K4:$P4,$K$1:$P$1,R$1)} -> 0.0754 | S4: {=TREND($K4:$P4,$K$1:$P$1,S$1)} -> 0.0766 | T4: {=TREND($K4:$P4,$K$1:$P$1,T$1)} -> 0.0778 | U4: {=TREND($K4:$P4,$K$1:$P$1,U$1)} -> 0.079 | V4: {=TREND($K4:$P4,$K$1:$P$1,V$1)} -> 0.0802 | W4: {=TREND($K4:$P4,$K$1:$P$1,W$1)} -> 0.0814 | X4: {=TREND($K4:$P4,$K$1:$P$1,X$1)} -> 0.0826 | ... AJ4: {=TREND($K4:$P4,$K$1:$P$1,AJ$1)} -> 0.097
A5: Lower respiratory symptoms | B5: {=INDIRECT(CONCATENATE("'",HLOOKUP(B$1,$B$21:$E$23,3,FALSE),"'!",$B$25,ROW($A5)+5))*About!$A$27} -> 0.81 | C5: =$B5+($F5-$B5)*(C$1-$B$1)/($F$1-$B$1) -> 0.8125 | D5: =$B5+($F5-$B5)*(D$1-$B$1)/($F$1-$B$1) -> 0.815 | E5: =$B5+($F5-$B5)*(E$1-$B$1)/($F$1-$B$1) -> 0.8175 | F5: {=INDIRECT(CONCATENATE("'",HLOOKUP(F$1,$B$21:$E$23,3,FALSE),"'!",$B$25,ROW($A5)+5))*About!$A$27} -> 0.82 | G5: =$F5+($K5-$F5)*(G$1-$F$1)/($K$1-$F$1) -> 0.828 | H5: =$F5+($K5-$F5)*(H$1-$F$1)/($K$1-$F$1) -> 0.836 | I5: =$F5+($K5-$F5)*(I$1-$F$1)/($K$1-$F$1) -> 0.844 | J5: =$F5+($K5-$F5)*(J$1-$F$1)/($K$1-$F$1) -> 0.852 | K5: {=INDIRECT(CONCATENATE("'",HLOOKUP(K$1,$B$21:$E$23,3,FALSE),"'!",$B$25,ROW($A5)+5))*About!$A$27} -> 0.86 | L5: =$K5+($P5-$K5)*(L$1-$K$1)/($P$1-$K$1) -> 0.874 | M5: =$K5+($P5-$K5)*(M$1-$K$1)/($P$1-$K$1) -> 0.888 | N5: =$K5+($P5-$K5)*(N$1-$K$1)/($P$1-$K$1) -> 0.902 | O5: =$K5+($P5-$K5)*(O$1-$K$1)/($P$1-$K$1) -> 0.916 | P5: {=INDIRECT(CONCATENATE("'",HLOOKUP(P$1,$B$21:$E$23,3,FALSE),"'!",$B$25,ROW($A5)+5))*About!$A$27} -> 0.93 | Q5: {=TREND($K5:$P5,$K$1:$P$1,Q$1)} -> 0.944 | R5: {=TREND($K5:$P5,$K$1:$P$1,R$1)} -> 0.958 | S5: {=TREND($K5:$P5,$K$1:$P$1,S$1)} -> 0.972 | T5: {=TREND($K5:$P5,$K$1:$P$1,T$1)} -> 0.986 | U5: {=TREND($K5:$P5,$K$1:$P$1,U$1)} -> 1 | V5: {=TREND($K5:$P5,$K$1:$P$1,V$1)} -> 1.014 | W5: {=TREND($K5:$P5,$K$1:$P$1,W$1)} -> 1.028 | X5: {=TREND($K5:$P5,$K$1:$P$1,X$1)} -> 1.042 | ... AJ5: {=TREND($K5:$P5,$K$1:$P$1,AJ$1)} -> 1.21
A6: Upper respiratory symptoms | B6: {=INDIRECT(CONCATENATE("'",HLOOKUP(B$1,$B$21:$E$23,3,FALSE),"'!",$B$25,ROW($A6)+5))*About!$A$27} -> 1.2 | C6: =$B6+($F6-$B6)*(C$1-$B$1)/($F$1-$B$1) -> 1.2 | D6: =$B6+($F6-$B6)*(D$1-$B$1)/($F$1-$B$1) -> 1.2 | E6: =$B6+($F6-$B6)*(E$1-$B$1)/($F$1-$B$1) -> 1.2 | F6: {=INDIRECT(CONCATENATE("'",HLOOKUP(F$1,$B$21:$E$23,3,FALSE),"'!",$B$25,ROW($A6)+5))*About!$A$27} -> 1.2 | G6: =$F6+($K6-$F6)*(G$1-$F$1)/($K$1-$F$1) -> 1.2 | H6: =$F6+($K6-$F6)*(H$1-$F$1)/($K$1-$F$1) -> 1.2 | I6: =$F6+($K6-$F6)*(I$1-$F$1)/($K$1-$F$1) -> 1.2 | J6: =$F6+($K6-$F6)*(J$1-$F$1)/($K$1-$F$1) -> 1.2 | K6: {=INDIRECT(CONCATENATE("'",HLOOKUP(K$1,$B$21:$E$23,3,FALSE),"'!",$B$25,ROW($A6)+5))*About!$A$27} -> 1.2 | L6: =$K6+($P6-$K6)*(L$1-$K$1)/($P$1-$K$1) -> 1.22 | M6: =$K6+($P6-$K6)*(M$1-$K$1)/($P$1-$K$1) -> 1.24 | N6: =$K6+($P6-$K6)*(N$1-$K$1)/($P$1-$K$1) -> 1.26 | O6: =$K6+($P6-$K6)*(O$1-$K$1)/($P$1-$K$1) -> 1.28 | P6: {=INDIRECT(CONCATENATE("'",HLOOKUP(P$1,$B$21:$E$23,3,FALSE),"'!",$B$25,ROW($A6)+5))*About!$A$27} -> 1.3 | Q6: {=TREND($K6:$P6,$K$1:$P$1,Q$1)} -> 1.32 | R6: {=TREND($K6:$P6,$K$1:$P$1,R$1)} -> 1.34 | S6: {=TREND($K6:$P6,$K$1:$P$1,S$1)} -> 1.36 | T6: {=TREND($K6:$P6,$K$1:$P$1,T$1)} -> 1.38 | U6: {=TREND($K6:$P6,$K$1:$P$1,U$1)} -> 1.4 | V6: {=TREND($K6:$P6,$K$1:$P$1,V$1)} -> 1.42 | W6: {=TREND($K6:$P6,$K$1:$P$1,W$1)} -> 1.44 | X6: {=TREND($K6:$P6,$K$1:$P$1,X$1)} -> 1.46 | ... AJ6: {=TREND($K6:$P6,$K$1:$P$1,AJ$1)} -> 1.7
A7: Minor restricted activity days | B7: {=INDIRECT(CONCATENATE("'",HLOOKUP(B$1,$B$21:$E$23,3,FALSE),"'!",$B$25,ROW($A7)+5))*About!$A$27} -> 35 | C7: =$B7+($F7-$B7)*(C$1-$B$1)/($F$1-$B$1) -> 35.25 | D7: =$B7+($F7-$B7)*(D$1-$B$1)/($F$1-$B$1) -> 35.5 | E7: =$B7+($F7-$B7)*(E$1-$B$1)/($F$1-$B$1) -> 35.75 | F7: {=INDIRECT(CONCATENATE("'",HLOOKUP(F$1,$B$21:$E$23,3,FALSE),"'!",$B$25,ROW($A7)+5))*About!$A$27} -> 36 | G7: =$F7+($K7-$F7)*(G$1-$F$1)/($K$1-$F$1) -> 36 | H7: =$F7+($K7-$F7)*(H$1-$F$1)/($K$1-$F$1) -> 36 | I7: =$F7+($K7-$F7)*(I$1-$F$1)/($K$1-$F$1) -> 36 | J7: =$F7+($K7-$F7)*(J$1-$F$1)/($K$1-$F$1) -> 36 | K7: {=INDIRECT(CONCATENATE("'",HLOOKUP(K$1,$B$21:$E$23,3,FALSE),"'!",$B$25,ROW($A7)+5))*About!$A$27} -> 36 | L7: =$K7+($P7-$K7)*(L$1-$K$1)/($P$1-$K$1) -> 36.2 | M7: =$K7+($P7-$K7)*(M$1-$K$1)/($P$1-$K$1) -> 36.4 | N7: =$K7+($P7-$K7)*(N$1-$K$1)/($P$1-$K$1) -> 36.6 | O7: =$K7+($P7-$K7)*(O$1-$K$1)/($P$1-$K$1) -> 36.8 | P7: {=INDIRECT(CONCATENATE("'",HLOOKUP(P$1,$B$21:$E$23,3,FALSE),"'!",$B$25,ROW($A7)+5))*About!$A$27} -> 37 | Q7: {=TREND($K7:$P7,$K$1:$P$1,Q$1)} -> 37.2 | R7: {=TREND($K7:$P7,$K$1:$P$1,R$1)} -> 37.4 | S7: {=TREND($K7:$P7,$K$1:$P$1,S$1)} -> 37.6 | T7: {=TREND($K7:$P7,$K$1:$P$1,T$1)} -> 37.8 | U7: {=TREND($K7:$P7,$K$1:$P$1,U$1)} -> 38 | V7: {=TREND($K7:$P7,$K$1:$P$1,V$1)} -> 38.2 | W7: {=TREND($K7:$P7,$K$1:$P$1,W$1)} -> 38.4 | X7: {=TREND($K7:$P7,$K$1:$P$1,X$1)} -> 38.6 | ... AJ7: {=TREND($K7:$P7,$K$1:$P$1,AJ$1)} -> 41
A8: Work loss days | B8: {=INDIRECT(CONCATENATE("'",HLOOKUP(B$1,$B$21:$E$23,3,FALSE),"'!",$B$25,ROW($A8)+5))*About!$A$27} -> 5.9 | C8: =$B8+($F8-$B8)*(C$1-$B$1)/($F$1-$B$1) -> 5.95 | D8: =$B8+($F8-$B8)*(D$1-$B$1)/($F$1-$B$1) -> 6 | E8: =$B8+($F8-$B8)*(E$1-$B$1)/($F$1-$B$1) -> 6.05 | F8: {=INDIRECT(CONCATENATE("'",HLOOKUP(F$1,$B$21:$E$23,3,FALSE),"'!",$B$25,ROW($A8)+5))*About!$A$27} -> 6.1 | G8: =$F8+($K8-$F8)*(G$1-$F$1)/($K$1-$F$1) -> 6.12 | H8: =$F8+($K8-$F8)*(H$1-$F$1)/($K$1-$F$1) -> 6.14 | I8: =$F8+($K8-$F8)*(I$1-$F$1)/($K$1-$F$1) -> 6.16 | J8: =$F8+($K8-$F8)*(J$1-$F$1)/($K$1-$F$1) -> 6.18 | K8: {=INDIRECT(CONCATENATE("'",HLOOKUP(K$1,$B$21:$E$23,3,FALSE),"'!",$B$25,ROW($A8)+5))*About!$A$27} -> 6.2 | L8: =$K8+($P8-$K8)*(L$1-$K$1)/($P$1-$K$1) -> 6.22 | M8: =$K8+($P8-$K8)*(M$1-$K$1)/($P$1-$K$1) -> 6.24 | N8: =$K8+($P8-$K8)*(N$1-$K$1)/($P$1-$K$1) -> 6.26 | O8: =$K8+($P8-$K8)*(O$1-$K$1)/($P$1-$K$1) -> 6.28 | P8: {=INDIRECT(CONCATENATE("'",HLOOKUP(P$1,$B$21:$E$23,3,FALSE),"'!",$B$25,ROW($A8)+5))*About!$A$27} -> 6.3 | Q8: {=TREND($K8:$P8,$K$1:$P$1,Q$1)} -> 6.32 | R8: {=TREND($K8:$P8,$K$1:$P$1,R$1)} -> 6.34 | S8: {=TREND($K8:$P8,$K$1:$P$1,S$1)} -> 6.36 | T8: {=TREND($K8:$P8,$K$1:$P$1,T$1)} -> 6.38 | U8: {=TREND($K8:$P8,$K$1:$P$1,U$1)} -> 6.4 | V8: {=TREND($K8:$P8,$K$1:$P$1,V$1)} -> 6.42 | W8: {=TREND($K8:$P8,$K$1:$P$1,W$1)} -> 6.44 | X8: {=TREND($K8:$P8,$K$1:$P$1,X$1)} -> 6.46 | ... AJ8: {=TREND($K8:$P8,$K$1:$P$1,AJ$1)} -> 6.7
A9: Asthma exacerbation | B9: {=INDIRECT(CONCATENATE("'",HLOOKUP(B$1,$B$21:$E$23,3,FALSE),"'!",$B$25,ROW($A9)+5))*About!$A$27} -> 1.4 | C9: =$B9+($F9-$B9)*(C$1-$B$1)/($F$1-$B$1) -> 1.4 | D9: =$B9+($F9-$B9)*(D$1-$B$1)/($F$1-$B$1) -> 1.4 | E9: =$B9+($F9-$B9)*(E$1-$B$1)/($F$1-$B$1) -> 1.4 | F9: {=INDIRECT(CONCATENATE("'",HLOOKUP(F$1,$B$21:$E$23,3,FALSE),"'!",$B$25,ROW($A9)+5))*About!$A$27} -> 1.4 | G9: =$F9+($K9-$F9)*(G$1-$F$1)/($K$1-$F$1) -> 1.4 | H9: =$F9+($K9-$F9)*(H$1-$F$1)/($K$1-$F$1) -> 1.4 | I9: =$F9+($K9-$F9)*(I$1-$F$1)/($K$1-$F$1) -> 1.4 | J9: =$F9+($K9-$F9)*(J$1-$F$1)/($K$1-$F$1) -> 1.4 | K9: {=INDIRECT(CONCATENATE("'",HLOOKUP(K$1,$B$21:$E$23,3,FALSE),"'!",$B$25,ROW($A9)+5))*About!$A$27} -> 1.4 | L9: =$K9+($P9-$K9)*(L$1-$K$1)/($P$1-$K$1) -> 1.42 | M9: =$K9+($P9-$K9)*(M$1-$K$1)/($P$1-$K$1) -> 1.44 | N9: =$K9+($P9-$K9)*(N$1-$K$1)/($P$1-$K$1) -> 1.46 | O9: =$K9+($P9-$K9)*(O$1-$K$1)/($P$1-$K$1) -> 1.48 | P9: {=INDIRECT(CONCATENATE("'",HLOOKUP(P$1,$B$21:$E$23,3,FALSE),"'!",$B$25,ROW($A9)+5))*About!$A$27} -> 1.5 | Q9: {=TREND($K9:$P9,$K$1:$P$1,Q$1)} -> 1.52 | R9: {=TREND($K9:$P9,$K$1:$P$1,R$1)} -> 1.54 | S9: {=TREND($K9:$P9,$K$1:$P$1,S$1)} -> 1.56 | T9: {=TREND($K9:$P9,$K$1:$P$1,T$1)} -> 1.58 | U9: {=TREND($K9:$P9,$K$1:$P$1,U$1)} -> 1.6 | V9: {=TREND($K9:$P9,$K$1:$P$1,V$1)} -> 1.62 | W9: {=TREND($K9:$P9,$K$1:$P$1,W$1)} -> 1.64 | X9: {=TREND($K9:$P9,$K$1:$P$1,X$1)} -> 1.66 | ... AJ9: {=TREND($K9:$P9,$K$1:$P$1,AJ$1)} -> 1.9
A10: Cardiovascular hospital admissions | B10: {=INDIRECT(CONCATENATE("'",HLOOKUP(B$1,$B$21:$E$23,3,FALSE),"'!",$B$25,ROW($A10)+5))*About!$A$27} -> 0.01 | C10: =$B10+($F10-$B10)*(C$1-$B$1)/($F$1-$B$1) -> 0.01025 | D10: =$B10+($F10-$B10)*(D$1-$B$1)/($F$1-$B$1) -> 0.0105 | E10: =$B10+($F10-$B10)*(E$1-$B$1)/($F$1-$B$1) -> 0.01075 | F10: {=INDIRECT(CONCATENATE("'",HLOOKUP(F$1,$B$21:$E$23,3,FALSE),"'!",$B$25,ROW($A10)+5))*About!$A$27} -> 0.011 | G10: =$F10+($K10-$F10)*(G$1-$F$1)/($K$1-$F$1) -> 0.0112 | H10: =$F10+($K10-$F10)*(H$1-$F$1)/($K$1-$F$1) -> 0.0114 | I10: =$F10+($K10-$F10)*(I$1-$F$1)/($K$1-$F$1) -> 0.0116 | J10: =$F10+($K10-$F10)*(J$1-$F$1)/($K$1-$F$1) -> 0.0118 | K10: {=INDIRECT(CONCATENATE("'",HLOOKUP(K$1,$B$21:$E$23,3,FALSE),"'!",$B$25,ROW($A10)+5))*About!$A$27} -> 0.012 | L10: =$K10+($P10-$K10)*(L$1-$K$1)/($P$1-$K$1) -> 0.0124 | M10: =$K10+($P10-$K10)*(M$1-$K$1)/($P$1-$K$1) -> 0.0128 | N10: =$K10+($P10-$K10)*(N$1-$K$1)/($P$1-$K$1) -> 0.0132 | O10: =$K10+($P10-$K10)*(O$1-$K$1)/($P$1-$K$1) -> 0.0136 | P10: {=INDIRECT(CONCATENATE("'",HLOOKUP(P$1,$B$21:$E$23,3,FALSE),"'!",$B$25,ROW($A10)+5))*About!$A$27} -> 0.014 | Q10: {=TREND($K10:$P10,$K$1:$P$1,Q$1)} -> 0.0144 | R10: {=TREND($K10:$P10,$K$1:$P$1,R$1)} -> 0.0148 | S10: {=TREND($K10:$P10,$K$1:$P$1,S$1)} -> 0.0152 | T10: {=TREND($K10:$P10,$K$1:$P$1,T$1)} -> 0.0156 | U10: {=TREND($K10:$P10,$K$1:$P$1,U$1)} -> 0.016 | V10: {=TREND($K10:$P10,$K$1:$P$1,V$1)} -> 0.0164 | W10: {=TREND($K10:$P10,$K$1:$P$1,W$1)} -> 0.0168 | X10: {=TREND($K10:$P10,$K$1:$P$1,X$1)} -> 0.0172 | ... AJ10: {=TREND($K10:$P10,$K$1:$P$1,AJ$1)} -> 0.022
A11: Respiratory hospital admissions | B11: {=INDIRECT(CONCATENATE("'",HLOOKUP(B$1,$B$21:$E$23,3,FALSE),"'!",$B$25,ROW($A11)+5))*About!$A$27} -> 0.0098 | C11: =$B11+($F11-$B11)*(C$1-$B$1)/($F$1-$B$1) -> 0.0101 | D11: =$B11+($F11-$B11)*(D$1-$B$1)/($F$1-$B$1) -> 0.0104 | E11: =$B11+($F11-$B11)*(E$1-$B$1)/($F$1-$B$1) -> 0.0107 | F11: {=INDIRECT(CONCATENATE("'",HLOOKUP(F$1,$B$21:$E$23,3,FALSE),"'!",$B$25,ROW($A11)+5))*About!$A$27} -> 0.011 | G11: =$F11+($K11-$F11)*(G$1-$F$1)/($K$1-$F$1) -> 0.0112 | H11: =$F11+($K11-$F11)*(H$1-$F$1)/($K$1-$F$1) -> 0.0114 | I11: =$F11+($K11-$F11)*(I$1-$F$1)/($K$1-$F$1) -> 0.0116 | J11: =$F11+($K11-$F11)*(J$1-$F$1)/($K$1-$F$1) -> 0.0118 | K11: {=INDIRECT(CONCATENATE("'",HLOOKUP(K$1,$B$21:$E$23,3,FALSE),"'!",$B$25,ROW($A11)+5))*About!$A$27} -> 0.012 | L11: =$K11+($P11-$K11)*(L$1-$K$1)/($P$1-$K$1) -> 0.0122 | M11: =$K11+($P11-$K11)*(M$1-$K$1)/($P$1-$K$1) -> 0.0124 | N11: =$K11+($P11-$K11)*(N$1-$K$1)/($P$1-$K$1) -> 0.0126 | O11: =$K11+($P11-$K11)*(O$1-$K$1)/($P$1-$K$1) -> 0.0128 | P11: {=INDIRECT(CONCATENATE("'",HLOOKUP(P$1,$B$21:$E$23,3,FALSE),"'!",$B$25,ROW($A11)+5))*About!$A$27} -> 0.013 | Q11: {=TREND($K11:$P11,$K$1:$P$1,Q$1)} -> 0.0132 | R11: {=TREND($K11:$P11,$K$1:$P$1,R$1)} -> 0.0134 | S11: {=TREND($K11:$P11,$K$1:$P$1,S$1)} -> 0.0136 | T11: {=TREND($K11:$P11,$K$1:$P$1,T$1)} -> 0.0138 | U11: {=TREND($K11:$P11,$K$1:$P$1,U$1)} -> 0.014 | V11: {=TREND($K11:$P11,$K$1:$P$1,V$1)} -> 0.0142 | W11: {=TREND($K11:$P11,$K$1:$P$1,W$1)} -> 0.0144 | X11: {=TREND($K11:$P11,$K$1:$P$1,X$1)} -> 0.0146 | ... AJ11: {=TREND($K11:$P11,$K$1:$P$1,AJ$1)} -> 0.017
A12: Non-fatal heart attacks | B12: =SUM(INDIRECT(CONCATENATE("'",HLOOKUP(B$1,$B$21:$E$23,3,FALSE),"'!",$B$25,ROW($A12)+5,":",$B$25,ROW($A12)+6)))*About!$A$27 -> 0.0455 | C12: =$B12+($F12-$B12)*(C$1-$B$1)/($F$1-$B$1) -> 0.046575 | D12: =$B12+($F12-$B12)*(D$1-$B$1)/($F$1-$B$1) -> 0.04765 | E12: =$B12+($F12-$B12)*(E$1-$B$1)/($F$1-$B$1) -> 0.048725 | F12: =SUM(INDIRECT(CONCATENATE("'",HLOOKUP(F$1,$B$21:$E$23,3,FALSE),"'!",$B$25,ROW($A12)+5,":",$B$25,ROW($A12)+6)))*About!$A$27 -> 0.0498 | G12: =$F12+($K12-$F12)*(G$1-$F$1)/($K$1-$F$1) -> 0.0507 | H12: =$F12+($K12-$F12)*(H$1-$F$1)/($K$1-$F$1) -> 0.0516 | I12: =$F12+($K12-$F12)*(I$1-$F$1)/($K$1-$F$1) -> 0.0525 | J12: =$F12+($K12-$F12)*(J$1-$F$1)/($K$1-$F$1) -> 0.0534 | K12: =SUM(INDIRECT(CONCATENATE("'",HLOOKUP(K$1,$B$21:$E$23,3,FALSE),"'!",$B$25,ROW($A12)+5,":",$B$25,ROW($A12)+6)))*About!$A$27 -> 0.0543 | L12: =$K12+($P12-$K12)*(L$1-$K$1)/($P$1-$K$1) -> 0.0554 | M12: =$K12+($P12-$K12)*(M$1-$K$1)/($P$1-$K$1) -> 0.0565 | N12: =$K12+($P12-$K12)*(N$1-$K$1)/($P$1-$K$1) -> 0.0576 | O12: =$K12+($P12-$K12)*(O$1-$K$1)/($P$1-$K$1) -> 0.0587 | P12: =SUM(INDIRECT(CONCATENATE("'",HLOOKUP(P$1,$B$21:$E$23,3,FALSE),"'!",$B$25,ROW($A12)+5,":",$B$25,ROW($A12)+6)))*About!$A$27 -> 0.0598 | Q12: {=TREND($K12:$P12,$K$1:$P$1,Q$1)} -> 0.0609 | R12: {=TREND($K12:$P12,$K$1:$P$1,R$1)} -> 0.062 | S12: {=TREND($K12:$P12,$K$1:$P$1,S$1)} -> 0.0631 | T12: {=TREND($K12:$P12,$K$1:$P$1,T$1)} -> 0.0642 | U12: {=TREND($K12:$P12,$K$1:$P$1,U$1)} -> 0.0653 | V12: {=TREND($K12:$P12,$K$1:$P$1,V$1)} -> 0.0664 | W12: {=TREND($K12:$P12,$K$1:$P$1,W$1)} -> 0.0675 | X12: {=TREND($K12:$P12,$K$1:$P$1,X$1)} -> 0.0686 | ... AJ12: {=TREND($K12:$P12,$K$1:$P$1,AJ$1)} -> 0.0818
A16: Data for lookup functions (based on sheet name)
A17: sheet name | B17: {=MID(CELL("filename",A17),FIND("]",CELL("filename",A17))+1,255)} -> HOIpTP-transport-PM25
A18: remove prefix | B18: =RIGHT(B17,LEN(B17)-7) -> transport-PM25
A19: sector | B19: =LEFT(B18,FIND("-",B18)-1) -> transport
A20: EPA source category | B20: =VLOOKUP($B$19,Mappings!$A$22:$B$26,COLUMN(Mappings!$B$21),FALSE) -> on-road mobile sources
B21: 2016 | C21: 2020 | D21: 2025 | E21: 2030
A22: table number | B22: =VLOOKUP($B$20,Mappings!$A$3:$E$19,COLUMN(Mappings!B$2),FALSE) -> 15 | C22: =VLOOKUP($B$20,Mappings!$A$3:$E$19,COLUMN(Mappings!C$2),FALSE) -> 32 | D22: =VLOOKUP($B$20,Mappings!$A$3:$E$19,COLUMN(Mappings!D$2),FALSE) -> 49 | E22: =VLOOKUP($B$20,Mappings!$A$3:$E$19,COLUMN(Mappings!E$2),FALSE) -> 66
A23: sheet name | B23: =CONCATENATE("Table ",B22) -> Table 15 | C23: =CONCATENATE("Table ",C22) -> Table 32 | D23: =CONCATENATE("Table ",D22) -> Table 49 | E23: =CONCATENATE("Table ",E22) -> Table 66
A24: pollutant | B24: =REPLACE(B18,1,FIND("-",B18),"") -> PM25
A25: pollutant column number | B25: =VLOOKUP($B$24,Mappings!$A$29:$B$31,COLUMN(Mappings!$B$29),FALSE) -> D

Sheet HOIpTP-transport-SO2
A1: Unit: incidents / ton pollutant | B1: 2016 | C1: 2017 | D1: 2018 | E1: 2019 | F1: 2020 | G1: 2021 | H1: 2022 | I1: 2023 | J1: 2024 | K1: 2025 | L1: 2026 | M1: 2027 | N1: 2028 | O1: 2029 | P1: 2030 | Q1: 2031 | R1: 2032 | S1: 2033 | T1: 2034 | U1: 2035 | V1: 2036 | W1: 2037 | X1: 2038 | Y1: 2039 | Z1: 2040 | AA1: 2041 | AB1: 2042 | AC1: 2043 | AD1: 2044 | AE1: 2045 | AF1: 2046 | AG1: 2047 | AH1: 2048 | AI1: 2049 | AJ1: 2050
A2: Premature mortality | B2: {=INDIRECT(CONCATENATE("'",HLOOKUP(B$1,$B$21:$E$23,3,FALSE),"'!",$B$25,ROW($A2)+3))*About!$A$27} -> 0.0023 | C2: =$B2+($F2-$B2)*(C$1-$B$1)/($F$1-$B$1) -> 0.002325 | D2: =$B2+($F2-$B2)*(D$1-$B$1)/($F$1-$B$1) -> 0.00235 | E2: =$B2+($F2-$B2)*(E$1-$B$1)/($F$1-$B$1) -> 0.002375 | F2: {=INDIRECT(CONCATENATE("'",HLOOKUP(F$1,$B$21:$E$23,3,FALSE),"'!",$B$25,ROW($A2)+3))*About!$A$27} -> 0.0024 | G2: =$F2+($K2-$F2)*(G$1-$F$1)/($K$1-$F$1) -> 0.00244 | H2: =$F2+($K2-$F2)*(H$1-$F$1)/($K$1-$F$1) -> 0.00248 | I2: =$F2+($K2-$F2)*(I$1-$F$1)/($K$1-$F$1) -> 0.00252 | J2: =$F2+($K2-$F2)*(J$1-$F$1)/($K$1-$F$1) -> 0.00256 | K2: {=INDIRECT(CONCATENATE("'",HLOOKUP(K$1,$B$21:$E$23,3,FALSE),"'!",$B$25,ROW($A2)+3))*About!$A$27} -> 0.0026 | L2: =$K2+($P2-$K2)*(L$1-$K$1)/($P$1-$K$1) -> 0.00266 | M2: =$K2+($P2-$K2)*(M$1-$K$1)/($P$1-$K$1) -> 0.00272 | N2: =$K2+($P2-$K2)*(N$1-$K$1)/($P$1-$K$1) -> 0.00278 | O2: =$K2+($P2-$K2)*(O$1-$K$1)/($P$1-$K$1) -> 0.00284 | P2: {=INDIRECT(CONCATENATE("'",HLOOKUP(P$1,$B$21:$E$23,3,FALSE),"'!",$B$25,ROW($A2)+3))*About!$A$27} -> 0.0029 | Q2: {=TREND($K2:$P2,$K$1:$P$1,Q$1)} -> 0.00296 | R2: {=TREND($K2:$P2,$K$1:$P$1,R$1)} -> 0.00302 | S2: {=TREND($K2:$P2,$K$1:$P$1,S$1)} -> 0.00308 | T2: {=TREND($K2:$P2,$K$1:$P$1,T$1)} -> 0.00314 | U2: {=TREND($K2:$P2,$K$1:$P$1,U$1)} -> 0.0032 | V2: {=TREND($K2:$P2,$K$1:$P$1,V$1)} -> 0.00326 | W2: {=TREND($K2:$P2,$K$1:$P$1,W$1)} -> 0.00332 | X2: {=TREND($K2:$P2,$K$1:$P$1,X$1)} -> 0.00338 | ... AJ2: {=TREND($K2:$P2,$K$1:$P$1,AJ$1)} -> 0.0041
A3: Respiratory emergency room visits | B3: {=INDIRECT(CONCATENATE("'",HLOOKUP(B$1,$B$21:$E$23,3,FALSE),"'!",$B$25,ROW($A3)+5))*About!$A$27} -> 0.0012 | C3: =$B3+($F3-$B3)*(C$1-$B$1)/($F$1-$B$1) -> 0.001225 | D3: =$B3+($F3-$B3)*(D$1-$B$1)/($F$1-$B$1) -> 0.00125 | E3: =$B3+($F3-$B3)*(E$1-$B$1)/($F$1-$B$1) -> 0.001275 | F3: {=INDIRECT(CONCATENATE("'",HLOOKUP(F$1,$B$21:$E$23,3,FALSE),"'!",$B$25,ROW($A3)+5))*About!$A$27} -> 0.0013 | G3: =$F3+($K3-$F3)*(G$1-$F$1)/($K$1-$F$1) -> 0.00132 | H3: =$F3+($K3-$F3)*(H$1-$F$1)/($K$1-$F$1) -> 0.00134 | I3: =$F3+($K3-$F3)*(I$1-$F$1)/($K$1-$F$1) -> 0.00136 | J3: =$F3+($K3-$F3)*(J$1-$F$1)/($K$1-$F$1) -> 0.00138 | K3: {=INDIRECT(CONCATENATE("'",HLOOKUP(K$1,$B$21:$E$23,3,FALSE),"'!",$B$25,ROW($A3)+5))*About!$A$27} -> 0.0014 | L3: =$K3+($P3-$K3)*(L$1-$K$1)/($P$1-$K$1) -> 0.00142 | M3: =$K3+($P3-$K3)*(M$1-$K$1)/($P$1-$K$1) -> 0.00144 | N3: =$K3+($P3-$K3)*(N$1-$K$1)/($P$1-$K$1) -> 0.00146 | O3: =$K3+($P3-$K3)*(O$1-$K$1)/($P$1-$K$1) -> 0.00148 | P3: {=INDIRECT(CONCATENATE("'",HLOOKUP(P$1,$B$21:$E$23,3,FALSE),"'!",$B$25,ROW($A3)+5))*About!$A$27} -> 0.0015 | Q3: {=TREND($K3:$P3,$K$1:$P$1,Q$1)} -> 0.00152 | R3: {=TREND($K3:$P3,$K$1:$P$1,R$1)} -> 0.00154 | S3: {=TREND($K3:$P3,$K$1:$P$1,S$1)} -> 0.00156 | T3: {=TREND($K3:$P3,$K$1:$P$1,T$1)} -> 0.00158 | U3: {=TREND($K3:$P3,$K$1:$P$1,U$1)} -> 0.0016 | V3: {=TREND($K3:$P3,$K$1:$P$1,V$1)} -> 0.00162 | W3: {=TREND($K3:$P3,$K$1:$P$1,W$1)} -> 0.00164 | X3: {=TREND($K3:$P3,$K$1:$P$1,X$1)} -> 0.00166 | ... AJ3: {=TREND($K3:$P3,$K$1:$P$1,AJ$1)} -> 0.0019
A4: Acute bronchitis | B4: {=INDIRECT(CONCATENATE("'",HLOOKUP(B$1,$B$21:$E$23,3,FALSE),"'!",$B$25,ROW($A4)+5))*About!$A$27} -> 0.0038 | C4: =$B4+($F4-$B4)*(C$1-$B$1)/($F$1-$B$1) -> 0.003825 | D4: =$B4+($F4-$B4)*(D$1-$B$1)/($F$1-$B$1) -> 0.00385 | E4: =$B4+($F4-$B4)*(E$1-$B$1)/($F$1-$B$1) -> 0.003875 | F4: {=INDIRECT(CONCATENATE("'",HLOOKUP(F$1,$B$21:$E$23,3,FALSE),"'!",$B$25,ROW($A4)+5))*About!$A$27} -> 0.0039 | G4: =$F4+($K4-$F4)*(G$1-$F$1)/($K$1-$F$1) -> 0.00394 | H4: =$F4+($K4-$F4)*(H$1-$F$1)/($K$1-$F$1) -> 0.00398 | I4: =$F4+($K4-$F4)*(I$1-$F$1)/($K$1-$F$1) -> 0.00402 | J4: =$F4+($K4-$F4)*(J$1-$F$1)/($K$1-$F$1) -> 0.00406 | K4: {=INDIRECT(CONCATENATE("'",HLOOKUP(K$1,$B$21:$E$23,3,FALSE),"'!",$B$25,ROW($A4)+5))*About!$A$27} -> 0.0041 | L4: =$K4+($P4-$K4)*(L$1-$K$1)/($P$1-$K$1) -> 0.00418 | M4: =$K4+($P4-$K4)*(M$1-$K$1)/($P$1-$K$1) -> 0.00426 | N4: =$K4+($P4-$K4)*(N$1-$K$1)/($P$1-$K$1) -> 0.00434 | O4: =$K4+($P4-$K4)*(O$1-$K$1)/($P$1-$K$1) -> 0.00442 | P4: {=INDIRECT(CONCATENATE("'",HLOOKUP(P$1,$B$21:$E$23,3,FALSE),"'!",$B$25,ROW($A4)+5))*About!$A$27} -> 0.0045 | Q4: {=TREND($K4:$P4,$K$1:$P$1,Q$1)} -> 0.00458 | R4: {=TREND($K4:$P4,$K$1:$P$1,R$1)} -> 0.00466 | S4: {=TREND($K4:$P4,$K$1:$P$1,S$1)} -> 0.00474 | T4: {=TREND($K4:$P4,$K$1:$P$1,T$1)} -> 0.00482 | U4: {=TREND($K4:$P4,$K$1:$P$1,U$1)} -> 0.0049 | V4: {=TREND($K4:$P4,$K$1:$P$1,V$1)} -> 0.00498 | W4: {=TREND($K4:$P4,$K$1:$P$1,W$1)} -> 0.00506 | X4: {=TREND($K4:$P4,$K$1:$P$1,X$1)} -> 0.00514 | ... AJ4: {=TREND($K4:$P4,$K$1:$P$1,AJ$1)} -> 0.0061
A5: Lower respiratory symptoms | B5: {=INDIRECT(CONCATENATE("'",HLOOKUP(B$1,$B$21:$E$23,3,FALSE),"'!",$B$25,ROW($A5)+5))*About!$A$27} -> 0.048 | C5: =$B5+($F5-$B5)*(C$1-$B$1)/($F$1-$B$1) -> 0.04825 | D5: =$B5+($F5-$B5)*(D$1-$B$1)/($F$1-$B$1) -> 0.0485 | E5: =$B5+($F5-$B5)*(E$1-$B$1)/($F$1-$B$1) -> 0.04875 | F5: {=INDIRECT(CONCATENATE("'",HLOOKUP(F$1,$B$21:$E$23,3,FALSE),"'!",$B$25,ROW($A5)+5))*About!$A$27} -> 0.049 | G5: =$F5+($K5-$F5)*(G$1-$F$1)/($K$1-$F$1) -> 0.0496 | H5: =$F5+($K5-$F5)*(H$1-$F$1)/($K$1-$F$1) -> 0.0502 | I5: =$F5+($K5-$F5)*(I$1-$F$1)/($K$1-$F$1) -> 0.0508 | J5: =$F5+($K5-$F5)*(J$1-$F$1)/($K$1-$F$1) -> 0.0514 | K5: {=INDIRECT(CONCATENATE("'",HLOOKUP(K$1,$B$21:$E$23,3,FALSE),"'!",$B$25,ROW($A5)+5))*About!$A$27} -> 0.052 | L5: =$K5+($P5-$K5)*(L$1-$K$1)/($P$1-$K$1) -> 0.053 | M5: =$K5+($P5-$K5)*(M$1-$K$1)/($P$1-$K$1) -> 0.054 | N5: =$K5+($P5-$K5)*(N$1-$K$1)/($P$1-$K$1) -> 0.055 | O5: =$K5+($P5-$K5)*(O$1-$K$1)/($P$1-$K$1) -> 0.056 | P5: {=INDIRECT(CONCATENATE("'",HLOOKUP(P$1,$B$21:$E$23,3,FALSE),"'!",$B$25,ROW($A5)+5))*About!$A$27} -> 0.057 | Q5: {=TREND($K5:$P5,$K$1:$P$1,Q$1)} -> 0.058 | R5: {=TREND($K5:$P5,$K$1:$P$1,R$1)} -> 0.059 | S5: {=TREND($K5:$P5,$K$1:$P$1,S$1)} -> 0.06 | T5: {=TREND($K5:$P5,$K$1:$P$1,T$1)} -> 0.061 | U5: {=TREND($K5:$P5,$K$1:$P$1,U$1)} -> 0.062 | V5: {=TREND($K5:$P5,$K$1:$P$1,V$1)} -> 0.063 | W5: {=TREND($K5:$P5,$K$1:$P$1,W$1)} -> 0.064 | X5: {=TREND($K5:$P5,$K$1:$P$1,X$1)} -> 0.065 | ... AJ5: {=TREND($K5:$P5,$K$1:$P$1,AJ$1)} -> 0.077
A6: Upper respiratory symptoms | B6: {=INDIRECT(CONCATENATE("'",HLOOKUP(B$1,$B$21:$E$23,3,FALSE),"'!",$B$25,ROW($A6)+5))*About!$A$27} -> 0.069 | C6: =$B6+($F6-$B6)*(C$1-$B$1)/($F$1-$B$1) -> 0.06925 | D6: =$B6+($F6-$B6)*(D$1-$B$1)/($F$1-$B$1) -> 0.0695 | E6: =$B6+($F6-$B6)*(E$1-$B$1)/($F$1-$B$1) -> 0.06975 | F6: {=INDIRECT(CONCATENATE("'",HLOOKUP(F$1,$B$21:$E$23,3,FALSE),"'!",$B$25,ROW($A6)+5))*About!$A$27} -> 0.07 | G6: =$F6+($K6-$F6)*(G$1-$F$1)/($K$1-$F$1) -> 0.0708 | H6: =$F6+($K6-$F6)*(H$1-$F$1)/($K$1-$F$1) -> 0.0716 | I6: =$F6+($K6-$F6)*(I$1-$F$1)/($K$1-$F$1) -> 0.0724 | J6: =$F6+($K6-$F6)*(J$1-$F$1)/($K$1-$F$1) -> 0.0732 | K6: {=INDIRECT(CONCATENATE("'",HLOOKUP(K$1,$B$21:$E$23,3,FALSE),"'!",$B$25,ROW($A6)+5))*About!$A$27} -> 0.074 | L6: =$K6+($P6-$K6)*(L$1-$K$1)/($P$1-$K$1) -> 0.0756 | M6: =$K6+($P6-$K6)*(M$1-$K$1)/($P$1-$K$1) -> 0.0772 | N6: =$K6+($P6-$K6)*(N$1-$K$1)/($P$1-$K$1) -> 0.0788 | O6: =$K6+($P6-$K6)*(O$1-$K$1)/($P$1-$K$1) -> 0.0804 | P6: {=INDIRECT(CONCATENATE("'",HLOOKUP(P$1,$B$21:$E$23,3,FALSE),"'!",$B$25,ROW($A6)+5))*About!$A$27} -> 0.082 | Q6: {=TREND($K6:$P6,$K$1:$P$1,Q$1)} -> 0.0836 | R6: {=TREND($K6:$P6,$K$1:$P$1,R$1)} -> 0.0852 | S6: {=TREND($K6:$P6,$K$1:$P$1,S$1)} -> 0.0868 | T6: {=TREND($K6:$P6,$K$1:$P$1,T$1)} -> 0.0884 | U6: {=TREND($K6:$P6,$K$1:$P$1,U$1)} -> 0.09 | V6: {=TREND($K6:$P6,$K$1:$P$1,V$1)} -> 0.0916 | W6: {=TREND($K6:$P6,$K$1:$P$1,W$1)} -> 0.0932 | X6: {=TREND($K6:$P6,$K$1:$P$1,X$1)} -> 0.0948 | ... AJ6: {=TREND($K6:$P6,$K$1:$P$1,AJ$1)} -> 0.114
A7: Minor restricted activity days | B7: {=INDIRECT(CONCATENATE("'",HLOOKUP(B$1,$B$21:$E$23,3,FALSE),"'!",$B$25,ROW($A7)+5))*About!$A$27} -> 1.9 | C7: =$B7+($F7-$B7)*(C$1-$B$1)/($F$1-$B$1) -> 1.925 | D7: =$B7+($F7-$B7)*(D$1-$B$1)/($F$1-$B$1) -> 1.95 | E7: =$B7+($F7-$B7)*(E$1-$B$1)/($F$1-$B$1) -> 1.975 | F7: {=INDIRECT(CONCATENATE("'",HLOOKUP(F$1,$B$21:$E$23,3,FALSE),"'!",$B$25,ROW($A7)+5))*About!$A$27} -> 2 | G7: =$F7+($K7-$F7)*(G$1-$F$1)/($K$1-$F$1) -> 2.02 | H7: =$F7+($K7-$F7)*(H$1-$F$1)/($K$1-$F$1) -> 2.04 | I7: =$F7+($K7-$F7)*(I$1-$F$1)/($K$1-$F$1) -> 2.06 | J7: =$F7+($K7-$F7)*(J$1-$F$1)/($K$1-$F$1) -> 2.08 | K7: {=INDIRECT(CONCATENATE("'",HLOOKUP(K$1,$B$21:$E$23,3,FALSE),"'!",$B$25,ROW($A7)+5))*About!$A$27} -> 2.1 | L7: =$K7+($P7-$K7)*(L$1-$K$1)/($P$1-$K$1) -> 2.1 | M7: =$K7+($P7-$K7)*(M$1-$K$1)/($P$1-$K$1) -> 2.1 | N7: =$K7+($P7-$K7)*(N$1-$K$1)/($P$1-$K$1) -> 2.1 | O7: =$K7+($P7-$K7)*(O$1-$K$1)/($P$1-$K$1) -> 2.1 | P7: {=INDIRECT(CONCATENATE("'",HLOOKUP(P$1,$B$21:$E$23,3,FALSE),"'!",$B$25,ROW($A7)+5))*About!$A$27} -> 2.1 | Q7: {=TREND($K7:$P7,$K$1:$P$1,Q$1)} -> 2.1 | R7: {=TREND($K7:$P7,$K$1:$P$1,R$1)} -> 2.1 | S7: {=TREND($K7:$P7,$K$1:$P$1,S$1)} -> 2.1 | T7: {=TREND($K7:$P7,$K$1:$P$1,T$1)} -> 2.1 | U7: {=TREND($K7:$P7,$K$1:$P$1,U$1)} -> 2.1 | V7: {=TREND($K7:$P7,$K$1:$P$1,V$1)} -> 2.1 | W7: {=TREND($K7:$P7,$K$1:$P$1,W$1)} -> 2.1 | X7: {=TREND($K7:$P7,$K$1:$P$1,X$1)} -> 2.1 | ... AJ7: {=TREND($K7:$P7,$K$1:$P$1,AJ$1)} -> 2.1
A8: Work loss days | B8: {=INDIRECT(CONCATENATE("'",HLOOKUP(B$1,$B$21:$E$23,3,FALSE),"'!",$B$25,ROW($A8)+5))*About!$A$27} -> 0.33 | C8: =$B8+($F8-$B8)*(C$1-$B$1)/($F$1-$B$1) -> 0.3325 | D8: =$B8+($F8-$B8)*(D$1-$B$1)/($F$1-$B$1) -> 0.335 | E8: =$B8+($F8-$B8)*(E$1-$B$1)/($F$1-$B$1) -> 0.3375 | F8: {=INDIRECT(CONCATENATE("'",HLOOKUP(F$1,$B$21:$E$23,3,FALSE),"'!",$B$25,ROW($A8)+5))*About!$A$27} -> 0.34 | G8: =$F8+($K8-$F8)*(G$1-$F$1)/($K$1-$F$1) -> 0.342 | H8: =$F8+($K8-$F8)*(H$1-$F$1)/($K$1-$F$1) -> 0.344 | I8: =$F8+($K8-$F8)*(I$1-$F$1)/($K$1-$F$1) -> 0.346 | J8: =$F8+($K8-$F8)*(J$1-$F$1)/($K$1-$F$1) -> 0.348 | K8: {=INDIRECT(CONCATENATE("'",HLOOKUP(K$1,$B$21:$E$23,3,FALSE),"'!",$B$25,ROW($A8)+5))*About!$A$27} -> 0.35 | L8: =$K8+($P8-$K8)*(L$1-$K$1)/($P$1-$K$1) -> 0.354 | M8: =$K8+($P8-$K8)*(M$1-$K$1)/($P$1-$K$1) -> 0.358 | N8: =$K8+($P8-$K8)*(N$1-$K$1)/($P$1-$K$1) -> 0.362 | O8: =$K8+($P8-$K8)*(O$1-$K$1)/($P$1-$K$1) -> 0.366 | P8: {=INDIRECT(CONCATENATE("'",HLOOKUP(P$1,$B$21:$E$23,3,FALSE),"'!",$B$25,ROW($A8)+5))*About!$A$27} -> 0.37 | Q8: {=TREND($K8:$P8,$K$1:$P$1,Q$1)} -> 0.374 | R8: {=TREND($K8:$P8,$K$1:$P$1,R$1)} -> 0.378 | S8: {=TREND($K8:$P8,$K$1:$P$1,S$1)} -> 0.382 | T8: {=TREND($K8:$P8,$K$1:$P$1,T$1)} -> 0.386 | U8: {=TREND($K8:$P8,$K$1:$P$1,U$1)} -> 0.39 | V8: {=TREND($K8:$P8,$K$1:$P$1,V$1)} -> 0.394 | W8: {=TREND($K8:$P8,$K$1:$P$1,W$1)} -> 0.398 | X8: {=TREND($K8:$P8,$K$1:$P$1,X$1)} -> 0.402 | ... AJ8: {=TREND($K8:$P8,$K$1:$P$1,AJ$1)} -> 0.45
A9: Asthma exacerbation | B9: {=INDIRECT(CONCATENATE("'",HLOOKUP(B$1,$B$21:$E$23,3,FALSE),"'!",$B$25,ROW($A9)+5))*About!$A$27} -> 0.081 | C9: =$B9+($F9-$B9)*(C$1-$B$1)/($F$1-$B$1) -> 0.08125 | D9: =$B9+($F9-$B9)*(D$1-$B$1)/($F$1-$B$1) -> 0.0815 | E9: =$B9+($F9-$B9)*(E$1-$B$1)/($F$1-$B$1) -> 0.08175 | F9: {=INDIRECT(CONCATENATE("'",HLOOKUP(F$1,$B$21:$E$23,3,FALSE),"'!",$B$25,ROW($A9)+5))*About!$A$27} -> 0.082 | G9: =$F9+($K9-$F9)*(G$1-$F$1)/($K$1-$F$1) -> 0.083 | H9: =$F9+($K9-$F9)*(H$1-$F$1)/($K$1-$F$1) -> 0.084 | I9: =$F9+($K9-$F9)*(I$1-$F$1)/($K$1-$F$1) -> 0.085 | J9: =$F9+($K9-$F9)*(J$1-$F$1)/($K$1-$F$1) -> 0.086 | K9: {=INDIRECT(CONCATENATE("'",HLOOKUP(K$1,$B$21:$E$23,3,FALSE),"'!",$B$25,ROW($A9)+5))*About!$A$27} -> 0.087 | L9: =$K9+($P9-$K9)*(L$1-$K$1)/($P$1-$K$1) -> 0.0884 | M9: =$K9+($P9-$K9)*(M$1-$K$1)/($P$1-$K$1) -> 0.0898 | N9: =$K9+($P9-$K9)*(N$1-$K$1)/($P$1-$K$1) -> 0.0912 | O9: =$K9+($P9-$K9)*(O$1-$K$1)/($P$1-$K$1) -> 0.0926 | P9: {=INDIRECT(CONCATENATE("'",HLOOKUP(P$1,$B$21:$E$23,3,FALSE),"'!",$B$25,ROW($A9)+5))*About!$A$27} -> 0.094 | Q9: {=TREND($K9:$P9,$K$1:$P$1,Q$1)} -> 0.0954 | R9: {=TREND($K9:$P9,$K$1:$P$1,R$1)} -> 0.0968 | S9: {=TREND($K9:$P9,$K$1:$P$1,S$1)} -> 0.0982 | T9: {=TREND($K9:$P9,$K$1:$P$1,T$1)} -> 0.0996 | U9: {=TREND($K9:$P9,$K$1:$P$1,U$1)} -> 0.101 | V9: {=TREND($K9:$P9,$K$1:$P$1,V$1)} -> 0.1024 | W9: {=TREND($K9:$P9,$K$1:$P$1,W$1)} -> 0.1038 | X9: {=TREND($K9:$P9,$K$1:$P$1,X$1)} -> 0.1052 | ... AJ9: {=TREND($K9:$P9,$K$1:$P$1,AJ$1)} -> 0.122
A10: Cardiovascular hospital admissions | B10: {=INDIRECT(CONCATENATE("'",HLOOKUP(B$1,$B$21:$E$23,3,FALSE),"'!",$B$25,ROW($A10)+5))*About!$A$27} -> 0.0005 | C10: =$B10+($F10-$B10)*(C$1-$B$1)/($F$1-$B$1) -> 0.0005125 | D10: =$B10+($F10-$B10)*(D$1-$B$1)/($F$1-$B$1) -> 0.000525 | E10: =$B10+($F10-$B10)*(E$1-$B$1)/($F$1-$B$1) -> 0.0005375 | F10: {=INDIRECT(CONCATENATE("'",HLOOKUP(F$1,$B$21:$E$23,3,FALSE),"'!",$B$25,ROW($A10)+5))*About!$A$27} -> 0.00055 | G10: =$F10+($K10-$F10)*(G$1-$F$1)/($K$1-$F$1) -> 0.000564 | H10: =$F10+($K10-$F10)*(H$1-$F$1)/($K$1-$F$1) -> 0.000578 | I10: =$F10+($K10-$F10)*(I$1-$F$1)/($K$1-$F$1) -> 0.000592 | J10: =$F10+($K10-$F10)*(J$1-$F$1)/($K$1-$F$1) -> 0.000606 | K10: {=INDIRECT(CONCATENATE("'",HLOOKUP(K$1,$B$21:$E$23,3,FALSE),"'!",$B$25,ROW($A10)+5))*About!$A$27} -> 0.00062 | L10: =$K10+($P10-$K10)*(L$1-$K$1)/($P$1-$K$1) -> 0.000636 | M10: =$K10+($P10-$K10)*(M$1-$K$1)/($P$1-$K$1) -> 0.000652 | N10: =$K10+($P10-$K10)*(N$1-$K$1)/($P$1-$K$1) -> 0.000668 | O10: =$K10+($P10-$K10)*(O$1-$K$1)/($P$1-$K$1) -> 0.000684 | P10: {=INDIRECT(CONCATENATE("'",HLOOKUP(P$1,$B$21:$E$23,3,FALSE),"'!",$B$25,ROW($A10)+5))*About!$A$27} -> 0.0007 | Q10: {=TREND($K10:$P10,$K$1:$P$1,Q$1)} -> 0.000716 | R10: {=TREND($K10:$P10,$K$1:$P$1,R$1)} -> 0.000732 | S10: {=TREND($K10:$P10,$K$1:$P$1,S$1)} -> 0.000748 | T10: {=TREND($K10:$P10,$K$1:$P$1,T$1)} -> 0.000764 | U10: {=TREND($K10:$P10,$K$1:$P$1,U$1)} -> 0.00078 | V10: {=TREND($K10:$P10,$K$1:$P$1,V$1)} -> 0.000796 | W10: {=TREND($K10:$P10,$K$1:$P$1,W$1)} -> 0.000812 | X10: {=TREND($K10:$P10,$K$1:$P$1,X$1)} -> 0.000828 | ... AJ10: {=TREND($K10:$P10,$K$1:$P$1,AJ$1)} -> 0.00102
A11: Respiratory hospital admissions | B11: {=INDIRECT(CONCATENATE("'",HLOOKUP(B$1,$B$21:$E$23,3,FALSE),"'!",$B$25,ROW($A11)+5))*About!$A$27} -> 0.00048 | C11: =$B11+($F11-$B11)*(C$1-$B$1)/($F$1-$B$1) -> 0.0004925 | D11: =$B11+($F11-$B11)*(D$1-$B$1)/($F$1-$B$1) -> 0.000505 | E11: =$B11+($F11-$B11)*(E$1-$B$1)/($F$1-$B$1) -> 0.0005175 | F11: {=INDIRECT(CONCATENATE("'",HLOOKUP(F$1,$B$21:$E$23,3,FALSE),"'!",$B$25,ROW($A11)+5))*About!$A$27} -> 0.00053 | G11: =$F11+($K11-$F11)*(G$1-$F$1)/($K$1-$F$1) -> 0.000544 | H11: =$F11+($K11-$F11)*(H$1-$F$1)/($K$1-$F$1) -> 0.000558 | I11: =$F11+($K11-$F11)*(I$1-$F$1)/($K$1-$F$1) -> 0.000572 | J11: =$F11+($K11-$F11)*(J$1-$F$1)/($K$1-$F$1) -> 0.000586 | K11: {=INDIRECT(CONCATENATE("'",HLOOKUP(K$1,$B$21:$E$23,3,FALSE),"'!",$B$25,ROW($A11)+5))*About!$A$27} -> 0.0006 | L11: =$K11+($P11-$K11)*(L$1-$K$1)/($P$1-$K$1) -> 0.000616 | M11: =$K11+($P11-$K11)*(M$1-$K$1)/($P$1-$K$1) -> 0.000632 | N11: =$K11+($P11-$K11)*(N$1-$K$1)/($P$1-$K$1) -> 0.000648 | O11: =$K11+($P11-$K11)*(O$1-$K$1)/($P$1-$K$1) -> 0.000664 | P11: {=INDIRECT(CONCATENATE("'",HLOOKUP(P$1,$B$21:$E$23,3,FALSE),"'!",$B$25,ROW($A11)+5))*About!$A$27} -> 0.00068 | Q11: {=TREND($K11:$P11,$K$1:$P$1,Q$1)} -> 0.000696 | R11: {=TREND($K11:$P11,$K$1:$P$1,R$1)} -> 0.000712 | S11: {=TREND($K11:$P11,$K$1:$P$1,S$1)} -> 0.000728 | T11: {=TREND($K11:$P11,$K$1:$P$1,T$1)} -> 0.000744 | U11: {=TREND($K11:$P11,$K$1:$P$1,U$1)} -> 0.00076 | V11: {=TREND($K11:$P11,$K$1:$P$1,V$1)} -> 0.000776 | W11: {=TREND($K11:$P11,$K$1:$P$1,W$1)} -> 0.000792 | X11: {=TREND($K11:$P11,$K$1:$P$1,X$1)} -> 0.000808 | ... AJ11: {=TREND($K11:$P11,$K$1:$P$1,AJ$1)} -> 0.001
A12: Non-fatal heart attacks | B12: =SUM(INDIRECT(CONCATENATE("'",HLOOKUP(B$1,$B$21:$E$23,3,FALSE),"'!",$B$25,ROW($A12)+5,":",$B$25,ROW($A12)+6)))*About!$A$27 -> 0.00222 | C12: =$B12+($F12-$B12)*(C$1-$B$1)/($F$1-$B$1) -> 0.002275 | D12: =$B12+($F12-$B12)*(D$1-$B$1)/($F$1-$B$1) -> 0.00233 | E12: =$B12+($F12-$B12)*(E$1-$B$1)/($F$1-$B$1) -> 0.002385 | F12: =SUM(INDIRECT(CONCATENATE("'",HLOOKUP(F$1,$B$21:$E$23,3,FALSE),"'!",$B$25,ROW($A12)+5,":",$B$25,ROW($A12)+6)))*About!$A$27 -> 0.00244 | G12: =$F12+($K12-$F12)*(G$1-$F$1)/($K$1-$F$1) -> 0.002506 | H12: =$F12+($K12-$F12)*(H$1-$F$1)/($K$1-$F$1) -> 0.002572 | I12: =$F12+($K12-$F12)*(I$1-$F$1)/($K$1-$F$1) -> 0.002638 | J12: =$F12+($K12-$F12)*(J$1-$F$1)/($K$1-$F$1) -> 0.002704 | K12: =SUM(INDIRECT(CONCATENATE("'",HLOOKUP(K$1,$B$21:$E$23,3,FALSE),"'!",$B$25,ROW($A12)+5,":",$B$25,ROW($A12)+6)))*About!$A$27 -> 0.00277 | L12: =$K12+($P12-$K12)*(L$1-$K$1)/($P$1-$K$1) -> 0.002836 | M12: =$K12+($P12-$K12)*(M$1-$K$1)/($P$1-$K$1) -> 0.002902 | N12: =$K12+($P12-$K12)*(N$1-$K$1)/($P$1-$K$1) -> 0.002968 | O12: =$K12+($P12-$K12)*(O$1-$K$1)/($P$1-$K$1) -> 0.003034 | P12: =SUM(INDIRECT(CONCATENATE("'",HLOOKUP(P$1,$B$21:$E$23,3,FALSE),"'!",$B$25,ROW($A12)+5,":",$B$25,ROW($A12)+6)))*About!$A$27 -> 0.0031 | Q12: {=TREND($K12:$P12,$K$1:$P$1,Q$1)} -> 0.003166 | R12: {=TREND($K12:$P12,$K$1:$P$1,R$1)} -> 0.003232 | S12: {=TREND($K12:$P12,$K$1:$P$1,S$1)} -> 0.003298 | T12: {=TREND($K12:$P12,$K$1:$P$1,T$1)} -> 0.003364 | U12: {=TREND($K12:$P12,$K$1:$P$1,U$1)} -> 0.00343 | V12: {=TREND($K12:$P12,$K$1:$P$1,V$1)} -> 0.003496 | W12: {=TREND($K12:$P12,$K$1:$P$1,W$1)} -> 0.003562 | X12: {=TREND($K12:$P12,$K$1:$P$1,X$1)} -> 0.003628 | ... AJ12: {=TREND($K12:$P12,$K$1:$P$1,AJ$1)} -> 0.00442
A16: Data for lookup functions (based on sheet name)
A17: sheet name | B17: {=MID(CELL("filename",A17),FIND("]",CELL("filename",A17))+1,255)} -> HOIpTP-transport-SO2
A18: remove prefix | B18: =RIGHT(B17,LEN(B17)-7) -> transport-SO2
A19: sector | B19: =LEFT(B18,FIND("-",B18)-1) -> transport
A20: EPA source category | B20: =VLOOKUP($B$19,Mappings!$A$22:$B$26,COLUMN(Mappings!$B$21),FALSE) -> on-road mobile sources
B21: 2016 | C21: 2020 | D21: 2025 | E21: 2030
A22: table number | B22: =VLOOKUP($B$20,Mappings!$A$3:$E$19,COLUMN(Mappings!B$2),FALSE) -> 15 | C22: =VLOOKUP($B$20,Mappings!$A$3:$E$19,COLUMN(Mappings!C$2),FALSE) -> 32 | D22: =VLOOKUP($B$20,Mappings!$A$3:$E$19,COLUMN(Mappings!D$2),FALSE) -> 49 | E22: =VLOOKUP($B$20,Mappings!$A$3:$E$19,COLUMN(Mappings!E$2),FALSE) -> 66
A23: sheet name | B23: =CONCATENATE("Table ",B22) -> Table 15 | C23: =CONCATENATE("Table ",C22) -> Table 32 | D23: =CONCATENATE("Table ",D22) -> Table 49 | E23: =CONCATENATE("Table ",E22) -> Table 66
A24: pollutant | B24: =REPLACE(B18,1,FIND("-",B18),"") -> SO2
A25: pollutant column number | B25: =VLOOKUP($B$24,Mappings!$A$29:$B$31,COLUMN(Mappings!$B$29),FALSE) -> C

Sheet HOIpTP-electricity-NOx
A1: Unit: incidents / ton pollutant | B1: 2016 | C1: 2017 | D1: 2018 | E1: 2019 | F1: 2020 | G1: 2021 | H1: 2022 | I1: 2023 | J1: 2024 | K1: 2025 | L1: 2026 | M1: 2027 | N1: 2028 | O1: 2029 | P1: 2030 | Q1: 2031 | R1: 2032 | S1: 2033 | T1: 2034 | U1: 2035 | V1: 2036 | W1: 2037 | X1: 2038 | Y1: 2039 | Z1: 2040 | AA1: 2041 | AB1: 2042 | AC1: 2043 | AD1: 2044 | AE1: 2045 | AF1: 2046 | AG1: 2047 | AH1: 2048 | AI1: 2049 | AJ1: 2050
A2: Premature mortality | B2: {=INDIRECT(CONCATENATE("'",HLOOKUP(B$1,$B$21:$E$23,3,FALSE),"'!",$B$25,ROW($A2)+3))*About!$A$27} -> 0.00065 | C2: =$B2+($F2-$B2)*(C$1-$B$1)/($F$1-$B$1) -> 0.0006525 | D2: =$B2+($F2-$B2)*(D$1-$B$1)/($F$1-$B$1) -> 0.000655 | E2: =$B2+($F2-$B2)*(E$1-$B$1)/($F$1-$B$1) -> 0.0006575 | F2: {=INDIRECT(CONCATENATE("'",HLOOKUP(F$1,$B$21:$E$23,3,FALSE),"'!",$B$25,ROW($A2)+3))*About!$A$27} -> 0.00066 | G2: =$F2+($K2-$F2)*(G$1-$F$1)/($K$1-$F$1) -> 0.000668 | H2: =$F2+($K2-$F2)*(H$1-$F$1)/($K$1-$F$1) -> 0.000676 | I2: =$F2+($K2-$F2)*(I$1-$F$1)/($K$1-$F$1) -> 0.000684 | J2: =$F2+($K2-$F2)*(J$1-$F$1)/($K$1-$F$1) -> 0.000692 | K2: {=INDIRECT(CONCATENATE("'",HLOOKUP(K$1,$B$21:$E$23,3,FALSE),"'!",$B$25,ROW($A2)+3))*About!$A$27} -> 0.0007 | L2: =$K2+($P2-$K2)*(L$1-$K$1)/($P$1-$K$1) -> 0.000708 | M2: =$K2+($P2-$K2)*(M$1-$K$1)/($P$1-$K$1) -> 0.000716 | N2: =$K2+($P2-$K2)*(N$1-$K$1)/($P$1-$K$1) -> 0.000724 | O2: =$K2+($P2-$K2)*(O$1-$K$1)/($P$1-$K$1) -> 0.000732 | P2: {=INDIRECT(CONCATENATE("'",HLOOKUP(P$1,$B$21:$E$23,3,FALSE),"'!",$B$25,ROW($A2)+3))*About!$A$27} -> 0.00074 | Q2: {=TREND($K2:$P2,$K$1:$P$1,Q$1)} -> 0.000748 | R2: {=TREND($K2:$P2,$K$1:$P$1,R$1)} -> 0.000756 | S2: {=TREND($K2:$P2,$K$1:$P$1,S$1)} -> 0.000764 | T2: {=TREND($K2:$P2,$K$1:$P$1,T$1)} -> 0.000772 | U2: {=TREND($K2:$P2,$K$1:$P$1,U$1)} -> 0.00078 | V2: {=TREND($K2:$P2,$K$1:$P$1,V$1)} -> 0.000788 | W2: {=TREND($K2:$P2,$K$1:$P$1,W$1)} -> 0.000796 | X2: {=TREND($K2:$P2,$K$1:$P$1,X$1)} -> 0.000804 | ... AJ2: {=TREND($K2:$P2,$K$1:$P$1,AJ$1)} -> 0.0009
A3: Respiratory emergency room visits | B3: {=INDIRECT(CONCATENATE("'",HLOOKUP(B$1,$B$21:$E$23,3,FALSE),"'!",$B$25,ROW($A3)+5))*About!$A$27} -> 0.00032 | C3: =$B3+($F3-$B3)*(C$1-$B$1)/($F$1-$B$1) -> 0.00032 | D3: =$B3+($F3-$B3)*(D$1-$B$1)/($F$1-$B$1) -> 0.00032 | E3: =$B3+($F3-$B3)*(E$1-$B$1)/($F$1-$B$1) -> 0.00032 | F3: {=INDIRECT(CONCATENATE("'",HLOOKUP(F$1,$B$21:$E$23,3,FALSE),"'!",$B$25,ROW($A3)+5))*About!$A$27} -> 0.00032 | G3: =$F3+($K3-$F3)*(G$1-$F$1)/($K$1-$F$1) -> 0.000322 | H3: =$F3+($K3-$F3)*(H$1-$F$1)/($K$1-$F$1) -> 0.000324 | I3: =$F3+($K3-$F3)*(I$1-$F$1)/($K$1-$F$1) -> 0.000326 | J3: =$F3+($K3-$F3)*(J$1-$F$1)/($K$1-$F$1) -> 0.000328 | K3: {=INDIRECT(CONCATENATE("'",HLOOKUP(K$1,$B$21:$E$23,3,FALSE),"'!",$B$25,ROW($A3)+5))*About!$A$27} -> 0.00033 | L3: =$K3+($P3-$K3)*(L$1-$K$1)/($P$1-$K$1) -> 0.000332 | M3: =$K3+($P3-$K3)*(M$1-$K$1)/($P$1-$K$1) -> 0.000334 | N3: =$K3+($P3-$K3)*(N$1-$K$1)/($P$1-$K$1) -> 0.000336 | O3: =$K3+($P3-$K3)*(O$1-$K$1)/($P$1-$K$1) -> 0.000338 | P3: {=INDIRECT(CONCATENATE("'",HLOOKUP(P$1,$B$21:$E$23,3,FALSE),"'!",$B$25,ROW($A3)+5))*About!$A$27} -> 0.00034 | Q3: {=TREND($K3:$P3,$K$1:$P$1,Q$1)} -> 0.000342 | R3: {=TREND($K3:$P3,$K$1:$P$1,R$1)} -> 0.000344 | S3: {=TREND($K3:$P3,$K$1:$P$1,S$1)} -> 0.000346 | T3: {=TREND($K3:$P3,$K$1:$P$1,T$1)} -> 0.000348 | U3: {=TREND($K3:$P3,$K$1:$P$1,U$1)} -> 0.00035 | V3: {=TREND($K3:$P3,$K$1:$P$1,V$1)} -> 0.000352 | W3: {=TREND($K3:$P3,$K$1:$P$1,W$1)} -> 0.000354 | X3: {=TREND($K3:$P3,$K$1:$P$1,X$1)} -> 0.000356 | ... AJ3: {=TREND($K3:$P3,$K$1:$P$1,AJ$1)} -> 0.00038
A4: Acute bronchitis | B4: {=INDIRECT(CONCATENATE("'",HLOOKUP(B$1,$B$21:$E$23,3,FALSE),"'!",$B$25,ROW($A4)+5))*About!$A$27} -> 0.00085 | C4: =$B4+($F4-$B4)*(C$1-$B$1)/($F$1-$B$1) -> 0.00085 | D4: =$B4+($F4-$B4)*(D$1-$B$1)/($F$1-$B$1) -> 0.00085 | E4: =$B4+($F4-$B4)*(E$1-$B$1)/($F$1-$B$1) -> 0.00085 | F4: {=INDIRECT(CONCATENATE("'",HLOOKUP(F$1,$B$21:$E$23,3,FALSE),"'!",$B$25,ROW($A4)+5))*About!$A$27} -> 0.00085 | G4: =$F4+($K4-$F4)*(G$1-$F$1)/($K$1-$F$1) -> 0.000858 | H4: =$F4+($K4-$F4)*(H$1-$F$1)/($K$1-$F$1) -> 0.000866 | I4: =$F4+($K4-$F4)*(I$1-$F$1)/($K$1-$F$1) -> 0.000874 | J4: =$F4+($K4-$F4)*(J$1-$F$1)/($K$1-$F$1) -> 0.000882 | K4: {=INDIRECT(CONCATENATE("'",HLOOKUP(K$1,$B$21:$E$23,3,FALSE),"'!",$B$25,ROW($A4)+5))*About!$A$27} -> 0.00089 | L4: =$K4+($P4-$K4)*(L$1-$K$1)/($P$1-$K$1) -> 0.000904 | M4: =$K4+($P4-$K4)*(M$1-$K$1)/($P$1-$K$1) -> 0.000918 | N4: =$K4+($P4-$K4)*(N$1-$K$1)/($P$1-$K$1) -> 0.000932 | O4: =$K4+($P4-$K4)*(O$1-$K$1)/($P$1-$K$1) -> 0.000946 | P4: {=INDIRECT(CONCATENATE("'",HLOOKUP(P$1,$B$21:$E$23,3,FALSE),"'!",$B$25,ROW($A4)+5))*About!$A$27} -> 0.00096 | Q4: {=TREND($K4:$P4,$K$1:$P$1,Q$1)} -> 0.000974 | R4: {=TREND($K4:$P4,$K$1:$P$1,R$1)} -> 0.000988 | S4: {=TREND($K4:$P4,$K$1:$P$1,S$1)} -> 0.001002 | T4: {=TREND($K4:$P4,$K$1:$P$1,T$1)} -> 0.001016 | U4: {=TREND($K4:$P4,$K$1:$P$1,U$1)} -> 0.00103 | V4: {=TREND($K4:$P4,$K$1:$P$1,V$1)} -> 0.001044 | W4: {=TREND($K4:$P4,$K$1:$P$1,W$1)} -> 0.001058 | X4: {=TREND($K4:$P4,$K$1:$P$1,X$1)} -> 0.001072 | ... AJ4: {=TREND($K4:$P4,$K$1:$P$1,AJ$1)} -> 0.00124
A5: Lower respiratory symptoms | B5: {=INDIRECT(CONCATENATE("'",HLOOKUP(B$1,$B$21:$E$23,3,FALSE),"'!",$B$25,ROW($A5)+5))*About!$A$27} -> 0.011 | C5: =$B5+($F5-$B5)*(C$1-$B$1)/($F$1-$B$1) -> 0.011 | D5: =$B5+($F5-$B5)*(D$1-$B$1)/($F$1-$B$1) -> 0.011 | E5: =$B5+($F5-$B5)*(E$1-$B$1)/($F$1-$B$1) -> 0.011 | F5: {=INDIRECT(CONCATENATE("'",HLOOKUP(F$1,$B$21:$E$23,3,FALSE),"'!",$B$25,ROW($A5)+5))*About!$A$27} -> 0.011 | G5: =$F5+($K5-$F5)*(G$1-$F$1)/($K$1-$F$1) -> 0.011 | H5: =$F5+($K5-$F5)*(H$1-$F$1)/($K$1-$F$1) -> 0.011 | I5: =$F5+($K5-$F5)*(I$1-$F$1)/($K$1-$F$1) -> 0.011 | J5: =$F5+($K5-$F5)*(J$1-$F$1)/($K$1-$F$1) -> 0.011 | K5: {=INDIRECT(CONCATENATE("'",HLOOKUP(K$1,$B$21:$E$23,3,FALSE),"'!",$B$25,ROW($A5)+5))*About!$A$27} -> 0.011 | L5: =$K5+($P5-$K5)*(L$1-$K$1)/($P$1-$K$1) -> 0.0112 | M5: =$K5+($P5-$K5)*(M$1-$K$1)/($P$1-$K$1) -> 0.0114 | N5: =$K5+($P5-$K5)*(N$1-$K$1)/($P$1-$K$1) -> 0.0116 | O5: =$K5+($P5-$K5)*(O$1-$K$1)/($P$1-$K$1) -> 0.0118 | P5: {=INDIRECT(CONCATENATE("'",HLOOKUP(P$1,$B$21:$E$23,3,FALSE),"'!",$B$25,ROW($A5)+5))*About!$A$27} -> 0.012 | Q5: {=TREND($K5:$P5,$K$1:$P$1,Q$1)} -> 0.0122 | R5: {=TREND($K5:$P5,$K$1:$P$1,R$1)} -> 0.0124 | S5: {=TREND($K5:$P5,$K$1:$P$1,S$1)} -> 0.0126 | T5: {=TREND($K5:$P5,$K$1:$P$1,T$1)} -> 0.0128 | U5: {=TREND($K5:$P5,$K$1:$P$1,U$1)} -> 0.013 | V5: {=TREND($K5:$P5,$K$1:$P$1,V$1)} -> 0.0132 | W5: {=TREND($K5:$P5,$K$1:$P$1,W$1)} -> 0.0134 | X5: {=TREND($K5:$P5,$K$1:$P$1,X$1)} -> 0.0136 | ... AJ5: {=TREND($K5:$P5,$K$1:$P$1,AJ$1)} -> 0.016
A6: Upper respiratory symptoms | B6: {=INDIRECT(CONCATENATE("'",HLOOKUP(B$1,$B$21:$E$23,3,FALSE),"'!",$B$25,ROW($A6)+5))*About!$A$27} -> 0.016 | C6: =$B6+($F6-$B6)*(C$1-$B$1)/($F$1-$B$1) -> 0.016 | D6: =$B6+($F6-$B6)*(D$1-$B$1)/($F$1-$B$1) -> 0.016 | E6: =$B6+($F6-$B6)*(E$1-$B$1)/($F$1-$B$1) -> 0.016 | F6: {=INDIRECT(CONCATENATE("'",HLOOKUP(F$1,$B$21:$E$23,3,FALSE),"'!",$B$25,ROW($A6)+5))*About!$A$27} -> 0.016 | G6: =$F6+($K6-$F6)*(G$1-$F$1)/($K$1-$F$1) -> 0.016 | H6: =$F6+($K6-$F6)*(H$1-$F$1)/($K$1-$F$1) -> 0.016 | I6: =$F6+($K6-$F6)*(I$1-$F$1)/($K$1-$F$1) -> 0.016 | J6: =$F6+($K6-$F6)*(J$1-$F$1)/($K$1-$F$1) -> 0.016 | K6: {=INDIRECT(CONCATENATE("'",HLOOKUP(K$1,$B$21:$E$23,3,FALSE),"'!",$B$25,ROW($A6)+5))*About!$A$27} -> 0.016 | L6: =$K6+($P6-$K6)*(L$1-$K$1)/($P$1-$K$1) -> 0.0162 | M6: =$K6+($P6-$K6)*(M$1-$K$1)/($P$1-$K$1) -> 0.0164 | N6: =$K6+($P6-$K6)*(N$1-$K$1)/($P$1-$K$1) -> 0.0166 | O6: =$K6+($P6-$K6)*(O$1-$K$1)/($P$1-$K$1) -> 0.0168 | P6: {=INDIRECT(CONCATENATE("'",HLOOKUP(P$1,$B$21:$E$23,3,FALSE),"'!",$B$25,ROW($A6)+5))*About!$A$27} -> 0.017 | Q6: {=TREND($K6:$P6,$K$1:$P$1,Q$1)} -> 0.0172 | R6: {=TREND($K6:$P6,$K$1:$P$1,R$1)} -> 0.0174 | S6: {=TREND($K6:$P6,$K$1:$P$1,S$1)} -> 0.0176 | T6: {=TREND($K6:$P6,$K$1:$P$1,T$1)} -> 0.0178 | U6: {=TREND($K6:$P6,$K$1:$P$1,U$1)} -> 0.018 | V6: {=TREND($K6:$P6,$K$1:$P$1,V$1)} -> 0.0182 | W6: {=TREND($K6:$P6,$K$1:$P$1,W$1)} -> 0.0184 | X6: {=TREND($K6:$P6,$K$1:$P$1,X$1)} -> 0.0186 | ... AJ6: {=TREND($K6:$P6,$K$1:$P$1,AJ$1)} -> 0.021
A7: Minor restricted activity days | B7: {=INDIRECT(CONCATENATE("'",HLOOKUP(B$1,$B$21:$E$23,3,FALSE),"'!",$B$25,ROW($A7)+5))*About!$A$27} -> 0.45 | C7: =$B7+($F7-$B7)*(C$1-$B$1)/($F$1-$B$1) -> 0.4525 | D7: =$B7+($F7-$B7)*(D$1-$B$1)/($F$1-$B$1) -> 0.455 | E7: =$B7+($F7-$B7)*(E$1-$B$1)/($F$1-$B$1) -> 0.4575 | F7: {=INDIRECT(CONCATENATE("'",HLOOKUP(F$1,$B$21:$E$23,3,FALSE),"'!",$B$25,ROW($A7)+5))*About!$A$27} -> 0.46 | G7: =$F7+($K7-$F7)*(G$1-$F$1)/($K$1-$F$1) -> 0.46 | H7: =$F7+($K7-$F7)*(H$1-$F$1)/($K$1-$F$1) -> 0.46 | I7: =$F7+($K7-$F7)*(I$1-$F$1)/($K$1-$F$1) -> 0.46 | J7: =$F7+($K7-$F7)*(J$1-$F$1)/($K$1-$F$1) -> 0.46 | K7: {=INDIRECT(CONCATENATE("'",HLOOKUP(K$1,$B$21:$E$23,3,FALSE),"'!",$B$25,ROW($A7)+5))*About!$A$27} -> 0.46 | L7: =$K7+($P7-$K7)*(L$1-$K$1)/($P$1-$K$1) -> 0.46 | M7: =$K7+($P7-$K7)*(M$1-$K$1)/($P$1-$K$1) -> 0.46 | N7: =$K7+($P7-$K7)*(N$1-$K$1)/($P$1-$K$1) -> 0.46 | O7: =$K7+($P7-$K7)*(O$1-$K$1)/($P$1-$K$1) -> 0.46 | P7: {=INDIRECT(CONCATENATE("'",HLOOKUP(P$1,$B$21:$E$23,3,FALSE),"'!",$B$25,ROW($A7)+5))*About!$A$27} -> 0.46 | Q7: {=TREND($K7:$P7,$K$1:$P$1,Q$1)} -> 0.46 | R7: {=TREND($K7:$P7,$K$1:$P$1,R$1)} -> 0.46 | S7: {=TREND($K7:$P7,$K$1:$P$1,S$1)} -> 0.46 | T7: {=TREND($K7:$P7,$K$1:$P$1,T$1)} -> 0.46 | U7: {=TREND($K7:$P7,$K$1:$P$1,U$1)} -> 0.46 | V7: {=TREND($K7:$P7,$K$1:$P$1,V$1)} -> 0.46 | W7: {=TREND($K7:$P7,$K$1:$P$1,W$1)} -> 0.46 | X7: {=TREND($K7:$P7,$K$1:$P$1,X$1)} -> 0.46 | ... AJ7: {=TREND($K7:$P7,$K$1:$P$1,AJ$1)} -> 0.46
A8: Work loss days | B8: {=INDIRECT(CONCATENATE("'",HLOOKUP(B$1,$B$21:$E$23,3,FALSE),"'!",$B$25,ROW($A8)+5))*About!$A$27} -> 0.076 | C8: =$B8+($F8-$B8)*(C$1-$B$1)/($F$1-$B$1) -> 0.07625 | D8: =$B8+($F8-$B8)*(D$1-$B$1)/($F$1-$B$1) -> 0.0765 | E8: =$B8+($F8-$B8)*(E$1-$B$1)/($F$1-$B$1) -> 0.07675 | F8: {=INDIRECT(CONCATENATE("'",HLOOKUP(F$1,$B$21:$E$23,3,FALSE),"'!",$B$25,ROW($A8)+5))*About!$A$27} -> 0.077 | G8: =$F8+($K8-$F8)*(G$1-$F$1)/($K$1-$F$1) -> 0.077 | H8: =$F8+($K8-$F8)*(H$1-$F$1)/($K$1-$F$1) -> 0.077 | I8: =$F8+($K8-$F8)*(I$1-$F$1)/($K$1-$F$1) -> 0.077 | J8: =$F8+($K8-$F8)*(J$1-$F$1)/($K$1-$F$1) -> 0.077 | K8: {=INDIRECT(CONCATENATE("'",HLOOKUP(K$1,$B$21:$E$23,3,FALSE),"'!",$B$25,ROW($A8)+5))*About!$A$27} -> 0.077 | L8: =$K8+($P8-$K8)*(L$1-$K$1)/($P$1-$K$1) -> 0.0772 | M8: =$K8+($P8-$K8)*(M$1-$K$1)/($P$1-$K$1) -> 0.0774 | N8: =$K8+($P8-$K8)*(N$1-$K$1)/($P$1-$K$1) -> 0.0776 | O8: =$K8+($P8-$K8)*(O$1-$K$1)/($P$1-$K$1) -> 0.0778 | P8: {=INDIRECT(CONCATENATE("'",HLOOKUP(P$1,$B$21:$E$23,3,FALSE),"'!",$B$25,ROW($A8)+5))*About!$A$27} -> 0.078 | Q8: {=TREND($K8:$P8,$K$1:$P$1,Q$1)} -> 0.0782 | R8: {=TREND($K8:$P8,$K$1:$P$1,R$1)} -> 0.0784 | S8: {=TREND($K8:$P8,$K$1:$P$1,S$1)} -> 0.0786 | T8: {=TREND($K8:$P8,$K$1:$P$1,T$1)} -> 0.0788 | U8: {=TREND($K8:$P8,$K$1:$P$1,U$1)} -> 0.079 | V8: {=TREND($K8:$P8,$K$1:$P$1,V$1)} -> 0.0792 | W8: {=TREND($K8:$P8,$K$1:$P$1,W$1)} -> 0.0794 | X8: {=TREND($K8:$P8,$K$1:$P$1,X$1)} -> 0.0796 | ... AJ8: {=TREND($K8:$P8,$K$1:$P$1,AJ$1)} -> 0.082
A9: Asthma exacerbation | B9: {=INDIRECT(CONCATENATE("'",HLOOKUP(B$1,$B$21:$E$23,3,FALSE),"'!",$B$25,ROW($A9)+5))*About!$A$27} -> 0.018 | C9: =$B9+($F9-$B9)*(C$1-$B$1)/($F$1-$B$1) -> 0.018 | D9: =$B9+($F9-$B9)*(D$1-$B$1)/($F$1-$B$1) -> 0.018 | E9: =$B9+($F9-$B9)*(E$1-$B$1)/($F$1-$B$1) -> 0.018 | F9: {=INDIRECT(CONCATENATE("'",HLOOKUP(F$1,$B$21:$E$23,3,FALSE),"'!",$B$25,ROW($A9)+5))*About!$A$27} -> 0.018 | G9: =$F9+($K9-$F9)*(G$1-$F$1)/($K$1-$F$1) -> 0.0182 | H9: =$F9+($K9-$F9)*(H$1-$F$1)/($K$1-$F$1) -> 0.0184 | I9: =$F9+($K9-$F9)*(I$1-$F$1)/($K$1-$F$1) -> 0.0186 | J9: =$F9+($K9-$F9)*(J$1-$F$1)/($K$1-$F$1) -> 0.0188 | K9: {=INDIRECT(CONCATENATE("'",HLOOKUP(K$1,$B$21:$E$23,3,FALSE),"'!",$B$25,ROW($A9)+5))*About!$A$27} -> 0.019 | L9: =$K9+($P9-$K9)*(L$1-$K$1)/($P$1-$K$1) -> 0.0192 | M9: =$K9+($P9-$K9)*(M$1-$K$1)/($P$1-$K$1) -> 0.0194 | N9: =$K9+($P9-$K9)*(N$1-$K$1)/($P$1-$K$1) -> 0.0196 | O9: =$K9+($P9-$K9)*(O$1-$K$1)/($P$1-$K$1) -> 0.0198 | P9: {=INDIRECT(CONCATENATE("'",HLOOKUP(P$1,$B$21:$E$23,3,FALSE),"'!",$B$25,ROW($A9)+5))*About!$A$27} -> 0.02 | Q9: {=TREND($K9:$P9,$K$1:$P$1,Q$1)} -> 0.0202 | R9: {=TREND($K9:$P9,$K$1:$P$1,R$1)} -> 0.0204 | S9: {=TREND($K9:$P9,$K$1:$P$1,S$1)} -> 0.0206 | T9: {=TREND($K9:$P9,$K$1:$P$1,T$1)} -> 0.0208 | U9: {=TREND($K9:$P9,$K$1:$P$1,U$1)} -> 0.021 | V9: {=TREND($K9:$P9,$K$1:$P$1,V$1)} -> 0.0212 | W9: {=TREND($K9:$P9,$K$1:$P$1,W$1)} -> 0.0214 | X9: {=TREND($K9:$P9,$K$1:$P$1,X$1)} -> 0.0216 | ... AJ9: {=TREND($K9:$P9,$K$1:$P$1,AJ$1)} -> 0.024
A10: Cardiovascular hospital admissions | B10: {=INDIRECT(CONCATENATE("'",HLOOKUP(B$1,$B$21:$E$23,3,FALSE),"'!",$B$25,ROW($A10)+5))*About!$A$27} -> 0.00015 | C10: =$B10+($F10-$B10)*(C$1-$B$1)/($F$1-$B$1) -> 0.0001525 | D10: =$B10+($F10-$B10)*(D$1-$B$1)/($F$1-$B$1) -> 0.000155 | E10: =$B10+($F10-$B10)*(E$1-$B$1)/($F$1-$B$1) -> 0.0001575 | F10: {=INDIRECT(CONCATENATE("'",HLOOKUP(F$1,$B$21:$E$23,3,FALSE),"'!",$B$25,ROW($A10)+5))*About!$A$27} -> 0.00016 | G10: =$F10+($K10-$F10)*(G$1-$F$1)/($K$1-$F$1) -> 0.000162 | H10: =$F10+($K10-$F10)*(H$1-$F$1)/($K$1-$F$1) -> 0.000164 | I10: =$F10+($K10-$F10)*(I$1-$F$1)/($K$1-$F$1) -> 0.000166 | J10: =$F10+($K10-$F10)*(J$1-$F$1)/($K$1-$F$1) -> 0.000168 | K10: {=INDIRECT(CONCATENATE("'",HLOOKUP(K$1,$B$21:$E$23,3,FALSE),"'!",$B$25,ROW($A10)+5))*About!$A$27} -> 0.00017 | L10: =$K10+($P10-$K10)*(L$1-$K$1)/($P$1-$K$1) -> 0.000172 | M10: =$K10+($P10-$K10)*(M$1-$K$1)/($P$1-$K$1) -> 0.000174 | N10: =$K10+($P10-$K10)*(N$1-$K$1)/($P$1-$K$1) -> 0.000176 | O10: =$K10+($P10-$K10)*(O$1-$K$1)/($P$1-$K$1) -> 0.000178 | P10: {=INDIRECT(CONCATENATE("'",HLOOKUP(P$1,$B$21:$E$23,3,FALSE),"'!",$B$25,ROW($A10)+5))*About!$A$27} -> 0.00018 | Q10: {=TREND($K10:$P10,$K$1:$P$1,Q$1)} -> 0.000182 | R10: {=TREND($K10:$P10,$K$1:$P$1,R$1)} -> 0.000184 | S10: {=TREND($K10:$P10,$K$1:$P$1,S$1)} -> 0.000186 | T10: {=TREND($K10:$P10,$K$1:$P$1,T$1)} -> 0.000188 | U10: {=TREND($K10:$P10,$K$1:$P$1,U$1)} -> 0.00019 | V10: {=TREND($K10:$P10,$K$1:$P$1,V$1)} -> 0.000192 | W10: {=TREND($K10:$P10,$K$1:$P$1,W$1)} -> 0.000194 | X10: {=TREND($K10:$P10,$K$1:$P$1,X$1)} -> 0.000196 | ... AJ10: {=TREND($K10:$P10,$K$1:$P$1,AJ$1)} -> 0.00022
A11: Respiratory hospital admissions | B11: {=INDIRECT(CONCATENATE("'",HLOOKUP(B$1,$B$21:$E$23,3,FALSE),"'!",$B$25,ROW($A11)+5))*About!$A$27} -> 0.00014 | C11: =$B11+($F11-$B11)*(C$1-$B$1)/($F$1-$B$1) -> 0.0001425 | D11: =$B11+($F11-$B11)*(D$1-$B$1)/($F$1-$B$1) -> 0.000145 | E11: =$B11+($F11-$B11)*(E$1-$B$1)/($F$1-$B$1) -> 0.0001475 | F11: {=INDIRECT(CONCATENATE("'",HLOOKUP(F$1,$B$21:$E$23,3,FALSE),"'!",$B$25,ROW($A11)+5))*About!$A$27} -> 0.00015 | G11: =$F11+($K11-$F11)*(G$1-$F$1)/($K$1-$F$1) -> 0.000154 | H11: =$F11+($K11-$F11)*(H$1-$F$1)/($K$1-$F$1) -> 0.000158 | I11: =$F11+($K11-$F11)*(I$1-$F$1)/($K$1-$F$1) -> 0.000162 | J11: =$F11+($K11-$F11)*(J$1-$F$1)/($K$1-$F$1) -> 0.000166 | K11: {=INDIRECT(CONCATENATE("'",HLOOKUP(K$1,$B$21:$E$23,3,FALSE),"'!",$B$25,ROW($A11)+5))*About!$A$27} -> 0.00017 | L11: =$K11+($P11-$K11)*(L$1-$K$1)/($P$1-$K$1) -> 0.000172 | M11: =$K11+($P11-$K11)*(M$1-$K$1)/($P$1-$K$1) -> 0.000174 | N11: =$K11+($P11-$K11)*(N$1-$K$1)/($P$1-$K$1) -> 0.000176 | O11: =$K11+($P11-$K11)*(O$1-$K$1)/($P$1-$K$1) -> 0.000178 | P11: {=INDIRECT(CONCATENATE("'",HLOOKUP(P$1,$B$21:$E$23,3,FALSE),"'!",$B$25,ROW($A11)+5))*About!$A$27} -> 0.00018 | Q11: {=TREND($K11:$P11,$K$1:$P$1,Q$1)} -> 0.000182 | R11: {=TREND($K11:$P11,$K$1:$P$1,R$1)} -> 0.000184 | S11: {=TREND($K11:$P11,$K$1:$P$1,S$1)} -> 0.000186 | T11: {=TREND($K11:$P11,$K$1:$P$1,T$1)} -> 0.000188 | U11: {=TREND($K11:$P11,$K$1:$P$1,U$1)} -> 0.00019 | V11: {=TREND($K11:$P11,$K$1:$P$1,V$1)} -> 0.000192 | W11: {=TREND($K11:$P11,$K$1:$P$1,W$1)} -> 0.000194 | X11: {=TREND($K11:$P11,$K$1:$P$1,X$1)} -> 0.000196 | ... AJ11: {=TREND($K11:$P11,$K$1:$P$1,AJ$1)} -> 0.00022
A12: Non-fatal heart attacks | B12: =SUM(INDIRECT(CONCATENATE("'",HLOOKUP(B$1,$B$21:$E$23,3,FALSE),"'!",$B$25,ROW($A12)+5,":",$B$25,ROW($A12)+6)))*About!$A$27 -> 0.000664 | C12: =$B12+($F12-$B12)*(C$1-$B$1)/($F$1-$B$1) -> 0.0006725 | D12: =$B12+($F12-$B12)*(D$1-$B$1)/($F$1-$B$1) -> 0.000681 | E12: =$B12+($F12-$B12)*(E$1-$B$1)/($F$1-$B$1) -> 0.0006895 | F12: =SUM(INDIRECT(CONCATENATE("'",HLOOKUP(F$1,$B$21:$E$23,3,FALSE),"'!",$B$25,ROW($A12)+5,":",$B$25,ROW($A12)+6)))*About!$A$27 -> 0.000698 | G12: =$F12+($K12-$F12)*(G$1-$F$1)/($K$1-$F$1) -> 0.0007092 | H12: =$F12+($K12-$F12)*(H$1-$F$1)/($K$1-$F$1) -> 0.0007204 | I12: =$F12+($K12-$F12)*(I$1-$F$1)/($K$1-$F$1) -> 0.0007316 | J12: =$F12+($K12-$F12)*(J$1-$F$1)/($K$1-$F$1) -> 0.0007428 | K12: =SUM(INDIRECT(CONCATENATE("'",HLOOKUP(K$1,$B$21:$E$23,3,FALSE),"'!",$B$25,ROW($A12)+5,":",$B$25,ROW($A12)+6)))*About!$A$27 -> 0.000754 | L12: =$K12+($P12-$K12)*(L$1-$K$1)/($P$1-$K$1) -> 0.000767 | M12: =$K12+($P12-$K12)*(M$1-$K$1)/($P$1-$K$1) -> 0.00078 | N12: =$K12+($P12-$K12)*(N$1-$K$1)/($P$1-$K$1) -> 0.000793 | O12: =$K12+($P12-$K12)*(O$1-$K$1)/($P$1-$K$1) -> 0.000806 | P12: =SUM(INDIRECT(CONCATENATE("'",HLOOKUP(P$1,$B$21:$E$23,3,FALSE),"'!",$B$25,ROW($A12)+5,":",$B$25,ROW($A12)+6)))*About!$A$27 -> 0.000819 | Q12: {=TREND($K12:$P12,$K$1:$P$1,Q$1)} -> 0.000832 | R12: {=TREND($K12:$P12,$K$1:$P$1,R$1)} -> 0.000845 | S12: {=TREND($K12:$P12,$K$1:$P$1,S$1)} -> 0.000858 | T12: {=TREND($K12:$P12,$K$1:$P$1,T$1)} -> 0.000871 | U12: {=TREND($K12:$P12,$K$1:$P$1,U$1)} -> 0.000884 | V12: {=TREND($K12:$P12,$K$1:$P$1,V$1)} -> 0.000897 | W12: {=TREND($K12:$P12,$K$1:$P$1,W$1)} -> 0.00091 | X12: {=TREND($K12:$P12,$K$1:$P$1,X$1)} -> 0.000923 | ... AJ12: {=TREND($K12:$P12,$K$1:$P$1,AJ$1)} -> 0.001079
A16: Data for lookup functions (based on sheet name)
A17: sheet name | B17: {=MID(CELL("filename",A17),FIND("]",CELL("filename",A17))+1,255)} -> HOIpTP-electricity-NOx
A18: remove prefix | B18: =RIGHT(B17,LEN(B17)-7) -> electricity-NOx
A19: sector | B19: =LEFT(B18,FIND("-",B18)-1) -> electricity
A20: EPA source category | B20: =VLOOKUP($B$19,Mappings!$A$22:$B$26,COLUMN(Mappings!$B$21),FALSE) -> electricity generating units
B21: 2016 | C21: 2020 | D21: 2025 | E21: 2030
A22: table number | B22: =VLOOKUP($B$20,Mappings!$A$3:$E$19,COLUMN(Mappings!B$2),FALSE) -> 16 | C22: =VLOOKUP($B$20,Mappings!$A$3:$E$19,COLUMN(Mappings!C$2),FALSE) -> 33 | D22: =VLOOKUP($B$20,Mappings!$A$3:$E$19,COLUMN(Mappings!D$2),FALSE) -> 50 | E22: =VLOOKUP($B$20,Mappings!$A$3:$E$19,COLUMN(Mappings!E$2),FALSE) -> 67
A23: sheet name | B23: =CONCATENATE("Table ",B22) -> Table 16 | C23: =CONCATENATE("Table ",C22) -> Table 33 | D23: =CONCATENATE("Table ",D22) -> Table 50 | E23: =CONCATENATE("Table ",E22) -> Table 67
A24: pollutant | B24: =REPLACE(B18,1,FIND("-",B18),"") -> NOx
A25: pollutant column number | B25: =VLOOKUP($B$24,Mappings!$A$29:$B$31,COLUMN(Mappings!$B$29),FALSE) -> B

Sheet HOIpTP-electricity-PM25
A1: Unit: incidents / ton pollutant | B1: 2016 | C1: 2017 | D1: 2018 | E1: 2019 | F1: 2020 | G1: 2021 | H1: 2022 | I1: 2023 | J1: 2024 | K1: 2025 | L1: 2026 | M1: 2027 | N1: 2028 | O1: 2029 | P1: 2030 | Q1: 2031 | R1: 2032 | S1: 2033 | T1: 2034 | U1: 2035 | V1: 2036 | W1: 2037 | X1: 2038 | Y1: 2039 | Z1: 2040 | AA1: 2041 | AB1: 2042 | AC1: 2043 | AD1: 2044 | AE1: 2045 | AF1: 2046 | AG1: 2047 | AH1: 2048 | AI1: 2049 | AJ1: 2050
A2: Premature mortality | B2: {=INDIRECT(CONCATENATE("'",HLOOKUP(B$1,$B$21:$E$23,3,FALSE),"'!",$B$25,ROW($A2)+3))*About!$A$27} -> 0.016 | C2: =$B2+($F2-$B2)*(C$1-$B$1)/($F$1-$B$1) -> 0.016 | D2: =$B2+($F2-$B2)*(D$1-$B$1)/($F$1-$B$1) -> 0.016 | E2: =$B2+($F2-$B2)*(E$1-$B$1)/($F$1-$B$1) -> 0.016 | F2: {=INDIRECT(CONCATENATE("'",HLOOKUP(F$1,$B$21:$E$23,3,FALSE),"'!",$B$25,ROW($A2)+3))*About!$A$27} -> 0.016 | G2: =$F2+($K2-$F2)*(G$1-$F$1)/($K$1-$F$1) -> 0.0162 | H2: =$F2+($K2-$F2)*(H$1-$F$1)/($K$1-$F$1) -> 0.0164 | I2: =$F2+($K2-$F2)*(I$1-$F$1)/($K$1-$F$1) -> 0.0166 | J2: =$F2+($K2-$F2)*(J$1-$F$1)/($K$1-$F$1) -> 0.0168 | K2: {=INDIRECT(CONCATENATE("'",HLOOKUP(K$1,$B$21:$E$23,3,FALSE),"'!",$B$25,ROW($A2)+3))*About!$A$27} -> 0.017 | L2: =$K2+($P2-$K2)*(L$1-$K$1)/($P$1-$K$1) -> 0.0172 | M2: =$K2+($P2-$K2)*(M$1-$K$1)/($P$1-$K$1) -> 0.0174 | N2: =$K2+($P2-$K2)*(N$1-$K$1)/($P$1-$K$1) -> 0.0176 | O2: =$K2+($P2-$K2)*(O$1-$K$1)/($P$1-$K$1) -> 0.0178 | P2: {=INDIRECT(CONCATENATE("'",HLOOKUP(P$1,$B$21:$E$23,3,FALSE),"'!",$B$25,ROW($A2)+3))*About!$A$27} -> 0.018 | Q2: {=TREND($K2:$P2,$K$1:$P$1,Q$1)} -> 0.0182 | R2: {=TREND($K2:$P2,$K$1:$P$1,R$1)} -> 0.0184 | S2: {=TREND($K2:$P2,$K$1:$P$1,S$1)} -> 0.0186 | T2: {=TREND($K2:$P2,$K$1:$P$1,T$1)} -> 0.0188 | U2: {=TREND($K2:$P2,$K$1:$P$1,U$1)} -> 0.019 | V2: {=TREND($K2:$P2,$K$1:$P$1,V$1)} -> 0.0192 | W2: {=TREND($K2:$P2,$K$1:$P$1,W$1)} -> 0.0194 | X2: {=TREND($K2:$P2,$K$1:$P$1,X$1)} -> 0.0196 | ... AJ2: {=TREND($K2:$P2,$K$1:$P$1,AJ$1)} -> 0.022
A3: Respiratory emergency room visits | B3: {=INDIRECT(CONCATENATE("'",HLOOKUP(B$1,$B$21:$E$23,3,FALSE),"'!",$B$25,ROW($A3)+5))*About!$A$27} -> 0.0088 | C3: =$B3+($F3-$B3)*(C$1-$B$1)/($F$1-$B$1) -> 0.008875 | D3: =$B3+($F3-$B3)*(D$1-$B$1)/($F$1-$B$1) -> 0.00895 | E3: =$B3+($F3-$B3)*(E$1-$B$1)/($F$1-$B$1) -> 0.009025 | F3: {=INDIRECT(CONCATENATE("'",HLOOKUP(F$1,$B$21:$E$23,3,FALSE),"'!",$B$25,ROW($A3)+5))*About!$A$27} -> 0.0091 | G3: =$F3+($K3-$F3)*(G$1-$F$1)/($K$1-$F$1) -> 0.00916 | H3: =$F3+($K3-$F3)*(H$1-$F$1)/($K$1-$F$1) -> 0.00922 | I3: =$F3+($K3-$F3)*(I$1-$F$1)/($K$1-$F$1) -> 0.00928 | J3: =$F3+($K3-$F3)*(J$1-$F$1)/($K$1-$F$1) -> 0.00934 | K3: {=INDIRECT(CONCATENATE("'",HLOOKUP(K$1,$B$21:$E$23,3,FALSE),"'!",$B$25,ROW($A3)+5))*About!$A$27} -> 0.0094 | L3: =$K3+($P3-$K3)*(L$1-$K$1)/($P$1-$K$1) -> 0.00948 | M3: =$K3+($P3-$K3)*(M$1-$K$1)/($P$1-$K$1) -> 0.00956 | N3: =$K3+($P3-$K3)*(N$1-$K$1)/($P$1-$K$1) -> 0.00964 | O3: =$K3+($P3-$K3)*(O$1-$K$1)/($P$1-$K$1) -> 0.00972 | P3: {=INDIRECT(CONCATENATE("'",HLOOKUP(P$1,$B$21:$E$23,3,FALSE),"'!",$B$25,ROW($A3)+5))*About!$A$27} -> 0.0098 | Q3: {=TREND($K3:$P3,$K$1:$P$1,Q$1)} -> 0.00988 | R3: {=TREND($K3:$P3,$K$1:$P$1,R$1)} -> 0.00996 | S3: {=TREND($K3:$P3,$K$1:$P$1,S$1)} -> 0.01004 | T3: {=TREND($K3:$P3,$K$1:$P$1,T$1)} -> 0.01012 | U3: {=TREND($K3:$P3,$K$1:$P$1,U$1)} -> 0.0102 | V3: {=TREND($K3:$P3,$K$1:$P$1,V$1)} -> 0.01028 | W3: {=TREND($K3:$P3,$K$1:$P$1,W$1)} -> 0.01036 | X3: {=TREND($K3:$P3,$K$1:$P$1,X$1)} -> 0.01044 | ... AJ3: {=TREND($K3:$P3,$K$1:$P$1,AJ$1)} -> 0.0114
A4: Acute bronchitis | B4: {=INDIRECT(CONCATENATE("'",HLOOKUP(B$1,$B$21:$E$23,3,FALSE),"'!",$B$25,ROW($A4)+5))*About!$A$27} -> 0.021 | C4: =$B4+($F4-$B4)*(C$1-$B$1)/($F$1-$B$1) -> 0.021 | D4: =$B4+($F4-$B4)*(D$1-$B$1)/($F$1-$B$1) -> 0.021 | E4: =$B4+($F4-$B4)*(E$1-$B$1)/($F$1-$B$1) -> 0.021 | F4: {=INDIRECT(CONCATENATE("'",HLOOKUP(F$1,$B$21:$E$23,3,FALSE),"'!",$B$25,ROW($A4)+5))*About!$A$27} -> 0.021 | G4: =$F4+($K4-$F4)*(G$1-$F$1)/($K$1-$F$1) -> 0.0212 | H4: =$F4+($K4-$F4)*(H$1-$F$1)/($K$1-$F$1) -> 0.0214 | I4: =$F4+($K4-$F4)*(I$1-$F$1)/($K$1-$F$1) -> 0.0216 | J4: =$F4+($K4-$F4)*(J$1-$F$1)/($K$1-$F$1) -> 0.0218 | K4: {=INDIRECT(CONCATENATE("'",HLOOKUP(K$1,$B$21:$E$23,3,FALSE),"'!",$B$25,ROW($A4)+5))*About!$A$27} -> 0.022 | L4: =$K4+($P4-$K4)*(L$1-$K$1)/($P$1-$K$1) -> 0.0224 | M4: =$K4+($P4-$K4)*(M$1-$K$1)/($P$1-$K$1) -> 0.0228 | N4: =$K4+($P4-$K4)*(N$1-$K$1)/($P$1-$K$1) -> 0.0232 | O4: =$K4+($P4-$K4)*(O$1-$K$1)/($P$1-$K$1) -> 0.0236 | P4: {=INDIRECT(CONCATENATE("'",HLOOKUP(P$1,$B$21:$E$23,3,FALSE),"'!",$B$25,ROW($A4)+5))*About!$A$27} -> 0.024 | Q4: {=TREND($K4:$P4,$K$1:$P$1,Q$1)} -> 0.0244 | R4: {=TREND($K4:$P4,$K$1:$P$1,R$1)} -> 0.0248 | S4: {=TREND($K4:$P4,$K$1:$P$1,S$1)} -> 0.0252 | T4: {=TREND($K4:$P4,$K$1:$P$1,T$1)} -> 0.0256 | U4: {=TREND($K4:$P4,$K$1:$P$1,U$1)} -> 0.026 | V4: {=TREND($K4:$P4,$K$1:$P$1,V$1)} -> 0.0264 | W4: {=TREND($K4:$P4,$K$1:$P$1,W$1)} -> 0.0268 | X4: {=TREND($K4:$P4,$K$1:$P$1,X$1)} -> 0.0272 | ... AJ4: {=TREND($K4:$P4,$K$1:$P$1,AJ$1)} -> 0.032
A5: Lower respiratory symptoms | B5: {=INDIRECT(CONCATENATE("'",HLOOKUP(B$1,$B$21:$E$23,3,FALSE),"'!",$B$25,ROW($A5)+5))*About!$A$27} -> 0.27 | C5: =$B5+($F5-$B5)*(C$1-$B$1)/($F$1-$B$1) -> 0.27 | D5: =$B5+($F5-$B5)*(D$1-$B$1)/($F$1-$B$1) -> 0.27 | E5: =$B5+($F5-$B5)*(E$1-$B$1)/($F$1-$B$1) -> 0.27 | F5: {=INDIRECT(CONCATENATE("'",HLOOKUP(F$1,$B$21:$E$23,3,FALSE),"'!",$B$25,ROW($A5)+5))*About!$A$27} -> 0.27 | G5: =$F5+($K5-$F5)*(G$1-$F$1)/($K$1-$F$1) -> 0.274 | H5: =$F5+($K5-$F5)*(H$1-$F$1)/($K$1-$F$1) -> 0.278 | I5: =$F5+($K5-$F5)*(I$1-$F$1)/($K$1-$F$1) -> 0.282 | J5: =$F5+($K5-$F5)*(J$1-$F$1)/($K$1-$F$1) -> 0.286 | K5: {=INDIRECT(CONCATENATE("'",HLOOKUP(K$1,$B$21:$E$23,3,FALSE),"'!",$B$25,ROW($A5)+5))*About!$A$27} -> 0.29 | L5: =$K5+($P5-$K5)*(L$1-$K$1)/($P$1-$K$1) -> 0.294 | M5: =$K5+($P5-$K5)*(M$1-$K$1)/($P$1-$K$1) -> 0.298 | N5: =$K5+($P5-$K5)*(N$1-$K$1)/($P$1-$K$1) -> 0.302 | O5: =$K5+($P5-$K5)*(O$1-$K$1)/($P$1-$K$1) -> 0.306 | P5: {=INDIRECT(CONCATENATE("'",HLOOKUP(P$1,$B$21:$E$23,3,FALSE),"'!",$B$25,ROW($A5)+5))*About!$A$27} -> 0.31 | Q5: {=TREND($K5:$P5,$K$1:$P$1,Q$1)} -> 0.314 | R5: {=TREND($K5:$P5,$K$1:$P$1,R$1)} -> 0.318 | S5: {=TREND($K5:$P5,$K$1:$P$1,S$1)} -> 0.322 | T5: {=TREND($K5:$P5,$K$1:$P$1,T$1)} -> 0.326 | U5: {=TREND($K5:$P5,$K$1:$P$1,U$1)} -> 0.33 | V5: {=TREND($K5:$P5,$K$1:$P$1,V$1)} -> 0.334 | W5: {=TREND($K5:$P5,$K$1:$P$1,W$1)} -> 0.338 | X5: {=TREND($K5:$P5,$K$1:$P$1,X$1)} -> 0.342 | ... AJ5: {=TREND($K5:$P5,$K$1:$P$1,AJ$1)} -> 0.39
A6: Upper respiratory symptoms | B6: {=INDIRECT(CONCATENATE("'",HLOOKUP(B$1,$B$21:$E$23,3,FALSE),"'!",$B$25,ROW($A6)+5))*About!$A$27} -> 0.39 | C6: =$B6+($F6-$B6)*(C$1-$B$1)/($F$1-$B$1) -> 0.39 | D6: =$B6+($F6-$B6)*(D$1-$B$1)/($F$1-$B$1) -> 0.39 | E6: =$B6+($F6-$B6)*(E$1-$B$1)/($F$1-$B$1) -> 0.39 | F6: {=INDIRECT(CONCATENATE("'",HLOOKUP(F$1,$B$21:$E$23,3,FALSE),"'!",$B$25,ROW($A6)+5))*About!$A$27} -> 0.39 | G6: =$F6+($K6-$F6)*(G$1-$F$1)/($K$1-$F$1) -> 0.394 | H6: =$F6+($K6-$F6)*(H$1-$F$1)/($K$1-$F$1) -> 0.398 | I6: =$F6+($K6-$F6)*(I$1-$F$1)/($K$1-$F$1) -> 0.402 | J6: =$F6+($K6-$F6)*(J$1-$F$1)/($K$1-$F$1) -> 0.406 | K6: {=INDIRECT(CONCATENATE("'",HLOOKUP(K$1,$B$21:$E$23,3,FALSE),"'!",$B$25,ROW($A6)+5))*About!$A$27} -> 0.41 | L6: =$K6+($P6-$K6)*(L$1-$K$1)/($P$1-$K$1) -> 0.416 | M6: =$K6+($P6-$K6)*(M$1-$K$1)/($P$1-$K$1) -> 0.422 | N6: =$K6+($P6-$K6)*(N$1-$K$1)/($P$1-$K$1) -> 0.428 | O6: =$K6+($P6-$K6)*(O$1-$K$1)/($P$1-$K$1) -> 0.434 | P6: {=INDIRECT(CONCATENATE("'",HLOOKUP(P$1,$B$21:$E$23,3,FALSE),"'!",$B$25,ROW($A6)+5))*About!$A$27} -> 0.44 | Q6: {=TREND($K6:$P6,$K$1:$P$1,Q$1)} -> 0.446 | R6: {=TREND($K6:$P6,$K$1:$P$1,R$1)} -> 0.452 | S6: {=TREND($K6:$P6,$K$1:$P$1,S$1)} -> 0.458 | T6: {=TREND($K6:$P6,$K$1:$P$1,T$1)} -> 0.464 | U6: {=TREND($K6:$P6,$K$1:$P$1,U$1)} -> 0.47 | V6: {=TREND($K6:$P6,$K$1:$P$1,V$1)} -> 0.476 | W6: {=TREND($K6:$P6,$K$1:$P$1,W$1)} -> 0.482 | X6: {=TREND($K6:$P6,$K$1:$P$1,X$1)} -> 0.488 | ... AJ6: {=TREND($K6:$P6,$K$1:$P$1,AJ$1)} -> 0.56
A7: Minor restricted activity days | B7: {=INDIRECT(CONCATENATE("'",HLOOKUP(B$1,$B$21:$E$23,3,FALSE),"'!",$B$25,ROW($A7)+5))*About!$A$27} -> 12 | C7: =$B7+($F7-$B7)*(C$1-$B$1)/($F$1-$B$1) -> 12 | D7: =$B7+($F7-$B7)*(D$1-$B$1)/($F$1-$B$1) -> 12 | E7: =$B7+($F7-$B7)*(E$1-$B$1)/($F$1-$B$1) -> 12 | F7: {=INDIRECT(CONCATENATE("'",HLOOKUP(F$1,$B$21:$E$23,3,FALSE),"'!",$B$25,ROW($A7)+5))*About!$A$27} -> 12 | G7: =$F7+($K7-$F7)*(G$1-$F$1)/($K$1-$F$1) -> 12 | H7: =$F7+($K7-$F7)*(H$1-$F$1)/($K$1-$F$1) -> 12 | I7: =$F7+($K7-$F7)*(I$1-$F$1)/($K$1-$F$1) -> 12 | J7: =$F7+($K7-$F7)*(J$1-$F$1)/($K$1-$F$1) -> 12 | K7: {=INDIRECT(CONCATENATE("'",HLOOKUP(K$1,$B$21:$E$23,3,FALSE),"'!",$B$25,ROW($A7)+5))*About!$A$27} -> 12 | L7: =$K7+($P7-$K7)*(L$1-$K$1)/($P$1-$K$1) -> 12 | M7: =$K7+($P7-$K7)*(M$1-$K$1)/($P$1-$K$1) -> 12 | N7: =$K7+($P7-$K7)*(N$1-$K$1)/($P$1-$K$1) -> 12 | O7: =$K7+($P7-$K7)*(O$1-$K$1)/($P$1-$K$1) -> 12 | P7: {=INDIRECT(CONCATENATE("'",HLOOKUP(P$1,$B$21:$E$23,3,FALSE),"'!",$B$25,ROW($A7)+5))*About!$A$27} -> 12 | Q7: {=TREND($K7:$P7,$K$1:$P$1,Q$1)} -> 12 | R7: {=TREND($K7:$P7,$K$1:$P$1,R$1)} -> 12 | S7: {=TREND($K7:$P7,$K$1:$P$1,S$1)} -> 12 | T7: {=TREND($K7:$P7,$K$1:$P$1,T$1)} -> 12 | U7: {=TREND($K7:$P7,$K$1:$P$1,U$1)} -> 12 | V7: {=TREND($K7:$P7,$K$1:$P$1,V$1)} -> 12 | W7: {=TREND($K7:$P7,$K$1:$P$1,W$1)} -> 12 | X7: {=TREND($K7:$P7,$K$1:$P$1,X$1)} -> 12 | ... AJ7: {=TREND($K7:$P7,$K$1:$P$1,AJ$1)} -> 12
A8: Work loss days | B8: {=INDIRECT(CONCATENATE("'",HLOOKUP(B$1,$B$21:$E$23,3,FALSE),"'!",$B$25,ROW($A8)+5))*About!$A$27} -> 1.9 | C8: =$B8+($F8-$B8)*(C$1-$B$1)/($F$1-$B$1) -> 1.925 | D8: =$B8+($F8-$B8)*(D$1-$B$1)/($F$1-$B$1) -> 1.95 | E8: =$B8+($F8-$B8)*(E$1-$B$1)/($F$1-$B$1) -> 1.975 | F8: {=INDIRECT(CONCATENATE("'",HLOOKUP(F$1,$B$21:$E$23,3,FALSE),"'!",$B$25,ROW($A8)+5))*About!$A$27} -> 2 | G8: =$F8+($K8-$F8)*(G$1-$F$1)/($K$1-$F$1) -> 2 | H8: =$F8+($K8-$F8)*(H$1-$F$1)/($K$1-$F$1) -> 2 | I8: =$F8+($K8-$F8)*(I$1-$F$1)/($K$1-$F$1) -> 2 | J8: =$F8+($K8-$F8)*(J$1-$F$1)/($K$1-$F$1) -> 2 | K8: {=INDIRECT(CONCATENATE("'",HLOOKUP(K$1,$B$21:$E$23,3,FALSE),"'!",$B$25,ROW($A8)+5))*About!$A$27} -> 2 | L8: =$K8+($P8-$K8)*(L$1-$K$1)/($P$1-$K$1) -> 2.02 | M8: =$K8+($P8-$K8)*(M$1-$K$1)/($P$1-$K$1) -> 2.04 | N8: =$K8+($P8-$K8)*(N$1-$K$1)/($P$1-$K$1) -> 2.06 | O8: =$K8+($P8-$K8)*(O$1-$K$1)/($P$1-$K$1) -> 2.08 | P8: {=INDIRECT(CONCATENATE("'",HLOOKUP(P$1,$B$21:$E$23,3,FALSE),"'!",$B$25,ROW($A8)+5))*About!$A$27} -> 2.1 | Q8: {=TREND($K8:$P8,$K$1:$P$1,Q$1)} -> 2.12 | R8: {=TREND($K8:$P8,$K$1:$P$1,R$1)} -> 2.14 | S8: {=TREND($K8:$P8,$K$1:$P$1,S$1)} -> 2.16 | T8: {=TREND($K8:$P8,$K$1:$P$1,T$1)} -> 2.18 | U8: {=TREND($K8:$P8,$K$1:$P$1,U$1)} -> 2.2 | V8: {=TREND($K8:$P8,$K$1:$P$1,V$1)} -> 2.22 | W8: {=TREND($K8:$P8,$K$1:$P$1,W$1)} -> 2.24 | X8: {=TREND($K8:$P8,$K$1:$P$1,X$1)} -> 2.26 | ... AJ8: {=TREND($K8:$P8,$K$1:$P$1,AJ$1)} -> 2.5
A9: Asthma exacerbation | B9: {=INDIRECT(CONCATENATE("'",HLOOKUP(B$1,$B$21:$E$23,3,FALSE),"'!",$B$25,ROW($A9)+5))*About!$A$27} -> 0.45 | C9: =$B9+($F9-$B9)*(C$1-$B$1)/($F$1-$B$1) -> 0.4525 | D9: =$B9+($F9-$B9)*(D$1-$B$1)/($F$1-$B$1) -> 0.455 | E9: =$B9+($F9-$B9)*(E$1-$B$1)/($F$1-$B$1) -> 0.4575 | F9: {=INDIRECT(CONCATENATE("'",HLOOKUP(F$1,$B$21:$E$23,3,FALSE),"'!",$B$25,ROW($A9)+5))*About!$A$27} -> 0.46 | G9: =$F9+($K9-$F9)*(G$1-$F$1)/($K$1-$F$1) -> 0.464 | H9: =$F9+($K9-$F9)*(H$1-$F$1)/($K$1-$F$1) -> 0.468 | I9: =$F9+($K9-$F9)*(I$1-$F$1)/($K$1-$F$1) -> 0.472 | J9: =$F9+($K9-$F9)*(J$1-$F$1)/($K$1-$F$1) -> 0.476 | K9: {=INDIRECT(CONCATENATE("'",HLOOKUP(K$1,$B$21:$E$23,3,FALSE),"'!",$B$25,ROW($A9)+5))*About!$A$27} -> 0.48 | L9: =$K9+($P9-$K9)*(L$1-$K$1)/($P$1-$K$1) -> 0.486 | M9: =$K9+($P9-$K9)*(M$1-$K$1)/($P$1-$K$1) -> 0.492 | N9: =$K9+($P9-$K9)*(N$1-$K$1)/($P$1-$K$1) -> 0.498 | O9: =$K9+($P9-$K9)*(O$1-$K$1)/($P$1-$K$1) -> 0.504 | P9: {=INDIRECT(CONCATENATE("'",HLOOKUP(P$1,$B$21:$E$23,3,FALSE),"'!",$B$25,ROW($A9)+5))*About!$A$27} -> 0.51 | Q9: {=TREND($K9:$P9,$K$1:$P$1,Q$1)} -> 0.516 | R9: {=TREND($K9:$P9,$K$1:$P$1,R$1)} -> 0.522 | S9: {=TREND($K9:$P9,$K$1:$P$1,S$1)} -> 0.528 | T9: {=TREND($K9:$P9,$K$1:$P$1,T$1)} -> 0.534 | U9: {=TREND($K9:$P9,$K$1:$P$1,U$1)} -> 0.54 | V9: {=TREND($K9:$P9,$K$1:$P$1,V$1)} -> 0.546 | W9: {=TREND($K9:$P9,$K$1:$P$1,W$1)} -> 0.552 | X9: {=TREND($K9:$P9,$K$1:$P$1,X$1)} -> 0.558 | ... AJ9: {=TREND($K9:$P9,$K$1:$P$1,AJ$1)} -> 0.63
A10: Cardiovascular hospital admissions | B10: {=INDIRECT(CONCATENATE("'",HLOOKUP(B$1,$B$21:$E$23,3,FALSE),"'!",$B$25,ROW($A10)+5))*About!$A$27} -> 0.0037 | C10: =$B10+($F10-$B10)*(C$1-$B$1)/($F$1-$B$1) -> 0.003775 | D10: =$B10+($F10-$B10)*(D$1-$B$1)/($F$1-$B$1) -> 0.00385 | E10: =$B10+($F10-$B10)*(E$1-$B$1)/($F$1-$B$1) -> 0.003925 | F10: {=INDIRECT(CONCATENATE("'",HLOOKUP(F$1,$B$21:$E$23,3,FALSE),"'!",$B$25,ROW($A10)+5))*About!$A$27} -> 0.004 | G10: =$F10+($K10-$F10)*(G$1-$F$1)/($K$1-$F$1) -> 0.00408 | H10: =$F10+($K10-$F10)*(H$1-$F$1)/($K$1-$F$1) -> 0.00416 | I10: =$F10+($K10-$F10)*(I$1-$F$1)/($K$1-$F$1) -> 0.00424 | J10: =$F10+($K10-$F10)*(J$1-$F$1)/($K$1-$F$1) -> 0.00432 | K10: {=INDIRECT(CONCATENATE("'",HLOOKUP(K$1,$B$21:$E$23,3,FALSE),"'!",$B$25,ROW($A10)+5))*About!$A$27} -> 0.0044 | L10: =$K10+($P10-$K10)*(L$1-$K$1)/($P$1-$K$1) -> 0.00448 | M10: =$K10+($P10-$K10)*(M$1-$K$1)/($P$1-$K$1) -> 0.00456 | N10: =$K10+($P10-$K10)*(N$1-$K$1)/($P$1-$K$1) -> 0.00464 | O10: =$K10+($P10-$K10)*(O$1-$K$1)/($P$1-$K$1) -> 0.00472 | P10: {=INDIRECT(CONCATENATE("'",HLOOKUP(P$1,$B$21:$E$23,3,FALSE),"'!",$B$25,ROW($A10)+5))*About!$A$27} -> 0.0048 | Q10: {=TREND($K10:$P10,$K$1:$P$1,Q$1)} -> 0.00488 | R10: {=TREND($K10:$P10,$K$1:$P$1,R$1)} -> 0.00496 | S10: {=TREND($K10:$P10,$K$1:$P$1,S$1)} -> 0.00504 | T10: {=TREND($K10:$P10,$K$1:$P$1,T$1)} -> 0.00512 | U10: {=TREND($K10:$P10,$K$1:$P$1,U$1)} -> 0.0052 | V10: {=TREND($K10:$P10,$K$1:$P$1,V$1)} -> 0.00528 | W10: {=TREND($K10:$P10,$K$1:$P$1,W$1)} -> 0.00536 | X10: {=TREND($K10:$P10,$K$1:$P$1,X$1)} -> 0.00544 | ... AJ10: {=TREND($K10:$P10,$K$1:$P$1,AJ$1)} -> 0.0064
A11: Respiratory hospital admissions | B11: {=INDIRECT(CONCATENATE("'",HLOOKUP(B$1,$B$21:$E$23,3,FALSE),"'!",$B$25,ROW($A11)+5))*About!$A$27} -> 0.0035 | C11: =$B11+($F11-$B11)*(C$1-$B$1)/($F$1-$B$1) -> 0.003575 | D11: =$B11+($F11-$B11)*(D$1-$B$1)/($F$1-$B$1) -> 0.00365 | E11: =$B11+($F11-$B11)*(E$1-$B$1)/($F$1-$B$1) -> 0.003725 | F11: {=INDIRECT(CONCATENATE("'",HLOOKUP(F$1,$B$21:$E$23,3,FALSE),"'!",$B$25,ROW($A11)+5))*About!$A$27} -> 0.0038 | G11: =$F11+($K11-$F11)*(G$1-$F$1)/($K$1-$F$1) -> 0.0039 | H11: =$F11+($K11-$F11)*(H$1-$F$1)/($K$1-$F$1) -> 0.004 | I11: =$F11+($K11-$F11)*(I$1-$F$1)/($K$1-$F$1) -> 0.0041 | J11: =$F11+($K11-$F11)*(J$1-$F$1)/($K$1-$F$1) -> 0.0042 | K11: {=INDIRECT(CONCATENATE("'",HLOOKUP(K$1,$B$21:$E$23,3,FALSE),"'!",$B$25,ROW($A11)+5))*About!$A$27} -> 0.0043 | L11: =$K11+($P11-$K11)*(L$1-$K$1)/($P$1-$K$1) -> 0.00438 | M11: =$K11+($P11-$K11)*(M$1-$K$1)/($P$1-$K$1) -> 0.00446 | N11: =$K11+($P11-$K11)*(N$1-$K$1)/($P$1-$K$1) -> 0.00454 | O11: =$K11+($P11-$K11)*(O$1-$K$1)/($P$1-$K$1) -> 0.00462 | P11: {=INDIRECT(CONCATENATE("'",HLOOKUP(P$1,$B$21:$E$23,3,FALSE),"'!",$B$25,ROW($A11)+5))*About!$A$27} -> 0.0047 | Q11: {=TREND($K11:$P11,$K$1:$P$1,Q$1)} -> 0.00478 | R11: {=TREND($K11:$P11,$K$1:$P$1,R$1)} -> 0.00486 | S11: {=TREND($K11:$P11,$K$1:$P$1,S$1)} -> 0.00494 | T11: {=TREND($K11:$P11,$K$1:$P$1,T$1)} -> 0.00502 | U11: {=TREND($K11:$P11,$K$1:$P$1,U$1)} -> 0.0051 | V11: {=TREND($K11:$P11,$K$1:$P$1,V$1)} -> 0.00518 | W11: {=TREND($K11:$P11,$K$1:$P$1,W$1)} -> 0.00526 | X11: {=TREND($K11:$P11,$K$1:$P$1,X$1)} -> 0.00534 | ... AJ11: {=TREND($K11:$P11,$K$1:$P$1,AJ$1)} -> 0.0063
A12: Non-fatal heart attacks | B12: =SUM(INDIRECT(CONCATENATE("'",HLOOKUP(B$1,$B$21:$E$23,3,FALSE),"'!",$B$25,ROW($A12)+5,":",$B$25,ROW($A12)+6)))*About!$A$27 -> 0.0166 | C12: =$B12+($F12-$B12)*(C$1-$B$1)/($F$1-$B$1) -> 0.016875 | D12: =$B12+($F12-$B12)*(D$1-$B$1)/($F$1-$B$1) -> 0.01715 | E12: =$B12+($F12-$B12)*(E$1-$B$1)/($F$1-$B$1) -> 0.017425 | F12: =SUM(INDIRECT(CONCATENATE("'",HLOOKUP(F$1,$B$21:$E$23,3,FALSE),"'!",$B$25,ROW($A12)+5,":",$B$25,ROW($A12)+6)))*About!$A$27 -> 0.0177 | G12: =$F12+($K12-$F12)*(G$1-$F$1)/($K$1-$F$1) -> 0.01814 | H12: =$F12+($K12-$F12)*(H$1-$F$1)/($K$1-$F$1) -> 0.01858 | I12: =$F12+($K12-$F12)*(I$1-$F$1)/($K$1-$F$1) -> 0.01902 | J12: =$F12+($K12-$F12)*(J$1-$F$1)/($K$1-$F$1) -> 0.01946 | K12: =SUM(INDIRECT(CONCATENATE("'",HLOOKUP(K$1,$B$21:$E$23,3,FALSE),"'!",$B$25,ROW($A12)+5,":",$B$25,ROW($A12)+6)))*About!$A$27 -> 0.0199 | L12: =$K12+($P12-$K12)*(L$1-$K$1)/($P$1-$K$1) -> 0.02014 | M12: =$K12+($P12-$K12)*(M$1-$K$1)/($P$1-$K$1) -> 0.02038 | N12: =$K12+($P12-$K12)*(N$1-$K$1)/($P$1-$K$1) -> 0.02062 | O12: =$K12+($P12-$K12)*(O$1-$K$1)/($P$1-$K$1) -> 0.02086 | P12: =SUM(INDIRECT(CONCATENATE("'",HLOOKUP(P$1,$B$21:$E$23,3,FALSE),"'!",$B$25,ROW($A12)+5,":",$B$25,ROW($A12)+6)))*About!$A$27 -> 0.0211 | Q12: {=TREND($K12:$P12,$K$1:$P$1,Q$1)} -> 0.02134 | R12: {=TREND($K12:$P12,$K$1:$P$1,R$1)} -> 0.02158 | S12: {=TREND($K12:$P12,$K$1:$P$1,S$1)} -> 0.02182 | T12: {=TREND($K12:$P12,$K$1:$P$1,T$1)} -> 0.02206 | U12: {=TREND($K12:$P12,$K$1:$P$1,U$1)} -> 0.0223 | V12: {=TREND($K12:$P12,$K$1:$P$1,V$1)} -> 0.02254 | W12: {=TREND($K12:$P12,$K$1:$P$1,W$1)} -> 0.02278 | X12: {=TREND($K12:$P12,$K$1:$P$1,X$1)} -> 0.02302 | ... AJ12: {=TREND($K12:$P12,$K$1:$P$1,AJ$1)} -> 0.0259
A16: Data for lookup functions (based on sheet name)
A17: sheet name | B17: {=MID(CELL("filename",A17),FIND("]",CELL("filename",A17))+1,255)} -> HOIpTP-electricity-PM25
A18: remove prefix | B18: =RIGHT(B17,LEN(B17)-7) -> electricity-PM25
A19: sector | B19: =LEFT(B18,FIND("-",B18)-1) -> electricity
A20: EPA source category | B20: =VLOOKUP($B$19,Mappings!$A$22:$B$26,COLUMN(Mappings!$B$21),FALSE) -> electricity generating units
B21: 2016 | C21: 2020 | D21: 2025 | E21: 2030
A22: table number | B22: =VLOOKUP($B$20,Mappings!$A$3:$E$19,COLUMN(Mappings!B$2),FALSE) -> 16 | C22: =VLOOKUP($B$20,Mappings!$A$3:$E$19,COLUMN(Mappings!C$2),FALSE) -> 33 | D22: =VLOOKUP($B$20,Mappings!$A$3:$E$19,COLUMN(Mappings!D$2),FALSE) -> 50 | E22: =VLOOKUP($B$20,Mappings!$A$3:$E$19,COLUMN(Mappings!E$2),FALSE) -> 67
A23: sheet name | B23: =CONCATENATE("Table ",B22) -> Table 16 | C23: =CONCATENATE("Table ",C22) -> Table 33 | D23: =CONCATENATE("Table ",D22) -> Table 50 | E23: =CONCATENATE("Table ",E22) -> Table 67
A24: pollutant | B24: =REPLACE(B18,1,FIND("-",B18),"") -> PM25
A25: pollutant column number | B25: =VLOOKUP($B$24,Mappings!$A$29:$B$31,COLUMN(Mappings!$B$29),FALSE) -> D

Sheet HOIpTP-electricity-SO2
A1: Unit: incidents / ton pollutant | B1: 2016 | C1: 2017 | D1: 2018 | E1: 2019 | F1: 2020 | G1: 2021 | H1: 2022 | I1: 2023 | J1: 2024 | K1: 2025 | L1: 2026 | M1: 2027 | N1: 2028 | O1: 2029 | P1: 2030 | Q1: 2031 | R1: 2032 | S1: 2033 | T1: 2034 | U1: 2035 | V1: 2036 | W1: 2037 | X1: 2038 | Y1: 2039 | Z1: 2040 | AA1: 2041 | AB1: 2042 | AC1: 2043 | AD1: 2044 | AE1: 2045 | AF1: 2046 | AG1: 2047 | AH1: 2048 | AI1: 2049 | AJ1: 2050
A2: Premature mortality | B2: {=INDIRECT(CONCATENATE("'",HLOOKUP(B$1,$B$21:$E$23,3,FALSE),"'!",$B$25,ROW($A2)+3))*About!$A$27} -> 0.0044 | C2: =$B2+($F2-$B2)*(C$1-$B$1)/($F$1-$B$1) -> 0.004425 | D2: =$B2+($F2-$B2)*(D$1-$B$1)/($F$1-$B$1) -> 0.00445 | E2: =$B2+($F2-$B2)*(E$1-$B$1)/($F$1-$B$1) -> 0.004475 | F2: {=INDIRECT(CONCATENATE("'",HLOOKUP(F$1,$B$21:$E$23,3,FALSE),"'!",$B$25,ROW($A2)+3))*About!$A$27} -> 0.0045 | G2: =$F2+($K2-$F2)*(G$1-$F$1)/($K$1-$F$1) -> 0.00456 | H2: =$F2+($K2-$F2)*(H$1-$F$1)/($K$1-$F$1) -> 0.00462 | I2: =$F2+($K2-$F2)*(I$1-$F$1)/($K$1-$F$1) -> 0.00468 | J2: =$F2+($K2-$F2)*(J$1-$F$1)/($K$1-$F$1) -> 0.00474 | K2: {=INDIRECT(CONCATENATE("'",HLOOKUP(K$1,$B$21:$E$23,3,FALSE),"'!",$B$25,ROW($A2)+3))*About!$A$27} -> 0.0048 | L2: =$K2+($P2-$K2)*(L$1-$K$1)/($P$1-$K$1) -> 0.00486 | M2: =$K2+($P2-$K2)*(M$1-$K$1)/($P$1-$K$1) -> 0.00492 | N2: =$K2+($P2-$K2)*(N$1-$K$1)/($P$1-$K$1) -> 0.00498 | O2: =$K2+($P2-$K2)*(O$1-$K$1)/($P$1-$K$1) -> 0.00504 | P2: {=INDIRECT(CONCATENATE("'",HLOOKUP(P$1,$B$21:$E$23,3,FALSE),"'!",$B$25,ROW($A2)+3))*About!$A$27} -> 0.0051 | Q2: {=TREND($K2:$P2,$K$1:$P$1,Q$1)} -> 0.00516 | R2: {=TREND($K2:$P2,$K$1:$P$1,R$1)} -> 0.00522 | S2: {=TREND($K2:$P2,$K$1:$P$1,S$1)} -> 0.00528 | T2: {=TREND($K2:$P2,$K$1:$P$1,T$1)} -> 0.00534 | U2: {=TREND($K2:$P2,$K$1:$P$1,U$1)} -> 0.0054 | V2: {=TREND($K2:$P2,$K$1:$P$1,V$1)} -> 0.00546 | W2: {=TREND($K2:$P2,$K$1:$P$1,W$1)} -> 0.00552 | X2: {=TREND($K2:$P2,$K$1:$P$1,X$1)} -> 0.00558 | ... AJ2: {=TREND($K2:$P2,$K$1:$P$1,AJ$1)} -> 0.0063
A3: Respiratory emergency room visits | B3: {=INDIRECT(CONCATENATE("'",HLOOKUP(B$1,$B$21:$E$23,3,FALSE),"'!",$B$25,ROW($A3)+5))*About!$A$27} -> 0.0022 | C3: =$B3+($F3-$B3)*(C$1-$B$1)/($F$1-$B$1) -> 0.0022 | D3: =$B3+($F3-$B3)*(D$1-$B$1)/($F$1-$B$1) -> 0.0022 | E3: =$B3+($F3-$B3)*(E$1-$B$1)/($F$1-$B$1) -> 0.0022 | F3: {=INDIRECT(CONCATENATE("'",HLOOKUP(F$1,$B$21:$E$23,3,FALSE),"'!",$B$25,ROW($A3)+5))*About!$A$27} -> 0.0022 | G3: =$F3+($K3-$F3)*(G$1-$F$1)/($K$1-$F$1) -> 0.00222 | H3: =$F3+($K3-$F3)*(H$1-$F$1)/($K$1-$F$1) -> 0.00224 | I3: =$F3+($K3-$F3)*(I$1-$F$1)/($K$1-$F$1) -> 0.00226 | J3: =$F3+($K3-$F3)*(J$1-$F$1)/($K$1-$F$1) -> 0.00228 | K3: {=INDIRECT(CONCATENATE("'",HLOOKUP(K$1,$B$21:$E$23,3,FALSE),"'!",$B$25,ROW($A3)+5))*About!$A$27} -> 0.0023 | L3: =$K3+($P3-$K3)*(L$1-$K$1)/($P$1-$K$1) -> 0.00232 | M3: =$K3+($P3-$K3)*(M$1-$K$1)/($P$1-$K$1) -> 0.00234 | N3: =$K3+($P3-$K3)*(N$1-$K$1)/($P$1-$K$1) -> 0.00236 | O3: =$K3+($P3-$K3)*(O$1-$K$1)/($P$1-$K$1) -> 0.00238 | P3: {=INDIRECT(CONCATENATE("'",HLOOKUP(P$1,$B$21:$E$23,3,FALSE),"'!",$B$25,ROW($A3)+5))*About!$A$27} -> 0.0024 | Q3: {=TREND($K3:$P3,$K$1:$P$1,Q$1)} -> 0.00242 | R3: {=TREND($K3:$P3,$K$1:$P$1,R$1)} -> 0.00244 | S3: {=TREND($K3:$P3,$K$1:$P$1,S$1)} -> 0.00246 | T3: {=TREND($K3:$P3,$K$1:$P$1,T$1)} -> 0.00248 | U3: {=TREND($K3:$P3,$K$1:$P$1,U$1)} -> 0.0025 | V3: {=TREND($K3:$P3,$K$1:$P$1,V$1)} -> 0.00252 | W3: {=TREND($K3:$P3,$K$1:$P$1,W$1)} -> 0.00254 | X3: {=TREND($K3:$P3,$K$1:$P$1,X$1)} -> 0.00256 | ... AJ3: {=TREND($K3:$P3,$K$1:$P$1,AJ$1)} -> 0.0028
A4: Acute bronchitis | B4: {=INDIRECT(CONCATENATE("'",HLOOKUP(B$1,$B$21:$E$23,3,FALSE),"'!",$B$25,ROW($A4)+5))*About!$A$27} -> 0.0054 | C4: =$B4+($F4-$B4)*(C$1-$B$1)/($F$1-$B$1) -> 0.005425 | D4: =$B4+($F4-$B4)*(D$1-$B$1)/($F$1-$B$1) -> 0.00545 | E4: =$B4+($F4-$B4)*(E$1-$B$1)/($F$1-$B$1) -> 0.005475 | F4: {=INDIRECT(CONCATENATE("'",HLOOKUP(F$1,$B$21:$E$23,3,FALSE),"'!",$B$25,ROW($A4)+5))*About!$A$27} -> 0.0055 | G4: =$F4+($K4-$F4)*(G$1-$F$1)/($K$1-$F$1) -> 0.00554 | H4: =$F4+($K4-$F4)*(H$1-$F$1)/($K$1-$F$1) -> 0.00558 | I4: =$F4+($K4-$F4)*(I$1-$F$1)/($K$1-$F$1) -> 0.00562 | J4: =$F4+($K4-$F4)*(J$1-$F$1)/($K$1-$F$1) -> 0.00566 | K4: {=INDIRECT(CONCATENATE("'",HLOOKUP(K$1,$B$21:$E$23,3,FALSE),"'!",$B$25,ROW($A4)+5))*About!$A$27} -> 0.0057 | L4: =$K4+($P4-$K4)*(L$1-$K$1)/($P$1-$K$1) -> 0.0058 | M4: =$K4+($P4-$K4)*(M$1-$K$1)/($P$1-$K$1) -> 0.0059 | N4: =$K4+($P4-$K4)*(N$1-$K$1)/($P$1-$K$1) -> 0.006 | O4: =$K4+($P4-$K4)*(O$1-$K$1)/($P$1-$K$1) -> 0.0061 | P4: {=INDIRECT(CONCATENATE("'",HLOOKUP(P$1,$B$21:$E$23,3,FALSE),"'!",$B$25,ROW($A4)+5))*About!$A$27} -> 0.0062 | Q4: {=TREND($K4:$P4,$K$1:$P$1,Q$1)} -> 0.0063 | R4: {=TREND($K4:$P4,$K$1:$P$1,R$1)} -> 0.0064 | S4: {=TREND($K4:$P4,$K$1:$P$1,S$1)} -> 0.0065 | T4: {=TREND($K4:$P4,$K$1:$P$1,T$1)} -> 0.0066 | U4: {=TREND($K4:$P4,$K$1:$P$1,U$1)} -> 0.0067 | V4: {=TREND($K4:$P4,$K$1:$P$1,V$1)} -> 0.0068 | W4: {=TREND($K4:$P4,$K$1:$P$1,W$1)} -> 0.0069 | X4: {=TREND($K4:$P4,$K$1:$P$1,X$1)} -> 0.007 | ... AJ4: {=TREND($K4:$P4,$K$1:$P$1,AJ$1)} -> 0.0082
A5: Lower respiratory symptoms | B5: {=INDIRECT(CONCATENATE("'",HLOOKUP(B$1,$B$21:$E$23,3,FALSE),"'!",$B$25,ROW($A5)+5))*About!$A$27} -> 0.07 | C5: =$B5+($F5-$B5)*(C$1-$B$1)/($F$1-$B$1) -> 0.07 | D5: =$B5+($F5-$B5)*(D$1-$B$1)/($F$1-$B$1) -> 0.07 | E5: =$B5+($F5-$B5)*(E$1-$B$1)/($F$1-$B$1) -> 0.07 | F5: {=INDIRECT(CONCATENATE("'",HLOOKUP(F$1,$B$21:$E$23,3,FALSE),"'!",$B$25,ROW($A5)+5))*About!$A$27} -> 0.07 | G5: =$F5+($K5-$F5)*(G$1-$F$1)/($K$1-$F$1) -> 0.0706 | H5: =$F5+($K5-$F5)*(H$1-$F$1)/($K$1-$F$1) -> 0.0712 | I5: =$F5+($K5-$F5)*(I$1-$F$1)/($K$1-$F$1) -> 0.0718 | J5: =$F5+($K5-$F5)*(J$1-$F$1)/($K$1-$F$1) -> 0.0724 | K5: {=INDIRECT(CONCATENATE("'",HLOOKUP(K$1,$B$21:$E$23,3,FALSE),"'!",$B$25,ROW($A5)+5))*About!$A$27} -> 0.073 | L5: =$K5+($P5-$K5)*(L$1-$K$1)/($P$1-$K$1) -> 0.0742 | M5: =$K5+($P5-$K5)*(M$1-$K$1)/($P$1-$K$1) -> 0.0754 | N5: =$K5+($P5-$K5)*(N$1-$K$1)/($P$1-$K$1) -> 0.0766 | O5: =$K5+($P5-$K5)*(O$1-$K$1)/($P$1-$K$1) -> 0.0778 | P5: {=INDIRECT(CONCATENATE("'",HLOOKUP(P$1,$B$21:$E$23,3,FALSE),"'!",$B$25,ROW($A5)+5))*About!$A$27} -> 0.079 | Q5: {=TREND($K5:$P5,$K$1:$P$1,Q$1)} -> 0.0802 | R5: {=TREND($K5:$P5,$K$1:$P$1,R$1)} -> 0.0814 | S5: {=TREND($K5:$P5,$K$1:$P$1,S$1)} -> 0.0826 | T5: {=TREND($K5:$P5,$K$1:$P$1,T$1)} -> 0.0838 | U5: {=TREND($K5:$P5,$K$1:$P$1,U$1)} -> 0.085 | V5: {=TREND($K5:$P5,$K$1:$P$1,V$1)} -> 0.0862 | W5: {=TREND($K5:$P5,$K$1:$P$1,W$1)} -> 0.0874 | X5: {=TREND($K5:$P5,$K$1:$P$1,X$1)} -> 0.0886 | ... AJ5: {=TREND($K5:$P5,$K$1:$P$1,AJ$1)} -> 0.103
A6: Upper respiratory symptoms | B6: {=INDIRECT(CONCATENATE("'",HLOOKUP(B$1,$B$21:$E$23,3,FALSE),"'!",$B$25,ROW($A6)+5))*About!$A$27} -> 0.1 | C6: =$B6+($F6-$B6)*(C$1-$B$1)/($F$1-$B$1) -> 0.1 | D6: =$B6+($F6-$B6)*(D$1-$B$1)/($F$1-$B$1) -> 0.1 | E6: =$B6+($F6-$B6)*(E$1-$B$1)/($F$1-$B$1) -> 0.1 | F6: {=INDIRECT(CONCATENATE("'",HLOOKUP(F$1,$B$21:$E$23,3,FALSE),"'!",$B$25,ROW($A6)+5))*About!$A$27} -> 0.1 | G6: =$F6+($K6-$F6)*(G$1-$F$1)/($K$1-$F$1) -> 0.1 | H6: =$F6+($K6-$F6)*(H$1-$F$1)/($K$1-$F$1) -> 0.1 | I6: =$F6+($K6-$F6)*(I$1-$F$1)/($K$1-$F$1) -> 0.1 | J6: =$F6+($K6-$F6)*(J$1-$F$1)/($K$1-$F$1) -> 0.1 | K6: {=INDIRECT(CONCATENATE("'",HLOOKUP(K$1,$B$21:$E$23,3,FALSE),"'!",$B$25,ROW($A6)+5))*About!$A$27} -> 0.1 | L6: =$K6+($P6-$K6)*(L$1-$K$1)/($P$1-$K$1) -> 0.102 | M6: =$K6+($P6-$K6)*(M$1-$K$1)/($P$1-$K$1) -> 0.104 | N6: =$K6+($P6-$K6)*(N$1-$K$1)/($P$1-$K$1) -> 0.106 | O6: =$K6+($P6-$K6)*(O$1-$K$1)/($P$1-$K$1) -> 0.108 | P6: {=INDIRECT(CONCATENATE("'",HLOOKUP(P$1,$B$21:$E$23,3,FALSE),"'!",$B$25,ROW($A6)+5))*About!$A$27} -> 0.11 | Q6: {=TREND($K6:$P6,$K$1:$P$1,Q$1)} -> 0.112 | R6: {=TREND($K6:$P6,$K$1:$P$1,R$1)} -> 0.114 | S6: {=TREND($K6:$P6,$K$1:$P$1,S$1)} -> 0.116 | T6: {=TREND($K6:$P6,$K$1:$P$1,T$1)} -> 0.118 | U6: {=TREND($K6:$P6,$K$1:$P$1,U$1)} -> 0.12 | V6: {=TREND($K6:$P6,$K$1:$P$1,V$1)} -> 0.122 | W6: {=TREND($K6:$P6,$K$1:$P$1,W$1)} -> 0.124 | X6: {=TREND($K6:$P6,$K$1:$P$1,X$1)} -> 0.126 | ... AJ6: {=TREND($K6:$P6,$K$1:$P$1,AJ$1)} -> 0.15
A7: Minor restricted activity days | B7: {=INDIRECT(CONCATENATE("'",HLOOKUP(B$1,$B$21:$E$23,3,FALSE),"'!",$B$25,ROW($A7)+5))*About!$A$27} -> 3 | C7: =$B7+($F7-$B7)*(C$1-$B$1)/($F$1-$B$1) -> 3 | D7: =$B7+($F7-$B7)*(D$1-$B$1)/($F$1-$B$1) -> 3 | E7: =$B7+($F7-$B7)*(E$1-$B$1)/($F$1-$B$1) -> 3 | F7: {=INDIRECT(CONCATENATE("'",HLOOKUP(F$1,$B$21:$E$23,3,FALSE),"'!",$B$25,ROW($A7)+5))*About!$A$27} -> 3 | G7: =$F7+($K7-$F7)*(G$1-$F$1)/($K$1-$F$1) -> 3 | H7: =$F7+($K7-$F7)*(H$1-$F$1)/($K$1-$F$1) -> 3 | I7: =$F7+($K7-$F7)*(I$1-$F$1)/($K$1-$F$1) -> 3 | J7: =$F7+($K7-$F7)*(J$1-$F$1)/($K$1-$F$1) -> 3 | K7: {=INDIRECT(CONCATENATE("'",HLOOKUP(K$1,$B$21:$E$23,3,FALSE),"'!",$B$25,ROW($A7)+5))*About!$A$27} -> 3 | L7: =$K7+($P7-$K7)*(L$1-$K$1)/($P$1-$K$1) -> 3.02 | M7: =$K7+($P7-$K7)*(M$1-$K$1)/($P$1-$K$1) -> 3.04 | N7: =$K7+($P7-$K7)*(N$1-$K$1)/($P$1-$K$1) -> 3.06 | O7: =$K7+($P7-$K7)*(O$1-$K$1)/($P$1-$K$1) -> 3.08 | P7: {=INDIRECT(CONCATENATE("'",HLOOKUP(P$1,$B$21:$E$23,3,FALSE),"'!",$B$25,ROW($A7)+5))*About!$A$27} -> 3.1 | Q7: {=TREND($K7:$P7,$K$1:$P$1,Q$1)} -> 3.12 | R7: {=TREND($K7:$P7,$K$1:$P$1,R$1)} -> 3.14 | S7: {=TREND($K7:$P7,$K$1:$P$1,S$1)} -> 3.16 | T7: {=TREND($K7:$P7,$K$1:$P$1,T$1)} -> 3.18 | U7: {=TREND($K7:$P7,$K$1:$P$1,U$1)} -> 3.2 | V7: {=TREND($K7:$P7,$K$1:$P$1,V$1)} -> 3.22 | W7: {=TREND($K7:$P7,$K$1:$P$1,W$1)} -> 3.24 | X7: {=TREND($K7:$P7,$K$1:$P$1,X$1)} -> 3.26 | ... AJ7: {=TREND($K7:$P7,$K$1:$P$1,AJ$1)} -> 3.5
A8: Work loss days | B8: {=INDIRECT(CONCATENATE("'",HLOOKUP(B$1,$B$21:$E$23,3,FALSE),"'!",$B$25,ROW($A8)+5))*About!$A$27} -> 0.5 | C8: =$B8+($F8-$B8)*(C$1-$B$1)/($F$1-$B$1) -> 0.5025 | D8: =$B8+($F8-$B8)*(D$1-$B$1)/($F$1-$B$1) -> 0.505 | E8: =$B8+($F8-$B8)*(E$1-$B$1)/($F$1-$B$1) -> 0.5075 | F8: {=INDIRECT(CONCATENATE("'",HLOOKUP(F$1,$B$21:$E$23,3,FALSE),"'!",$B$25,ROW($A8)+5))*About!$A$27} -> 0.51 | G8: =$F8+($K8-$F8)*(G$1-$F$1)/($K$1-$F$1) -> 0.512 | H8: =$F8+($K8-$F8)*(H$1-$F$1)/($K$1-$F$1) -> 0.514 | I8: =$F8+($K8-$F8)*(I$1-$F$1)/($K$1-$F$1) -> 0.516 | J8: =$F8+($K8-$F8)*(J$1-$F$1)/($K$1-$F$1) -> 0.518 | K8: {=INDIRECT(CONCATENATE("'",HLOOKUP(K$1,$B$21:$E$23,3,FALSE),"'!",$B$25,ROW($A8)+5))*About!$A$27} -> 0.52 | L8: =$K8+($P8-$K8)*(L$1-$K$1)/($P$1-$K$1) -> 0.522 | M8: =$K8+($P8-$K8)*(M$1-$K$1)/($P$1-$K$1) -> 0.524 | N8: =$K8+($P8-$K8)*(N$1-$K$1)/($P$1-$K$1) -> 0.526 | O8: =$K8+($P8-$K8)*(O$1-$K$1)/($P$1-$K$1) -> 0.528 | P8: {=INDIRECT(CONCATENATE("'",HLOOKUP(P$1,$B$21:$E$23,3,FALSE),"'!",$B$25,ROW($A8)+5))*About!$A$27} -> 0.53 | Q8: {=TREND($K8:$P8,$K$1:$P$1,Q$1)} -> 0.532 | R8: {=TREND($K8:$P8,$K$1:$P$1,R$1)} -> 0.534 | S8: {=TREND($K8:$P8,$K$1:$P$1,S$1)} -> 0.536 | T8: {=TREND($K8:$P8,$K$1:$P$1,T$1)} -> 0.538 | U8: {=TREND($K8:$P8,$K$1:$P$1,U$1)} -> 0.54 | V8: {=TREND($K8:$P8,$K$1:$P$1,V$1)} -> 0.542 | W8: {=TREND($K8:$P8,$K$1:$P$1,W$1)} -> 0.544 | X8: {=TREND($K8:$P8,$K$1:$P$1,X$1)} -> 0.546 | ... AJ8: {=TREND($K8:$P8,$K$1:$P$1,AJ$1)} -> 0.57
A9: Asthma exacerbation | B9: {=INDIRECT(CONCATENATE("'",HLOOKUP(B$1,$B$21:$E$23,3,FALSE),"'!",$B$25,ROW($A9)+5))*About!$A$27} -> 0.12 | C9: =$B9+($F9-$B9)*(C$1-$B$1)/($F$1-$B$1) -> 0.12 | D9: =$B9+($F9-$B9)*(D$1-$B$1)/($F$1-$B$1) -> 0.12 | E9: =$B9+($F9-$B9)*(E$1-$B$1)/($F$1-$B$1) -> 0.12 | F9: {=INDIRECT(CONCATENATE("'",HLOOKUP(F$1,$B$21:$E$23,3,FALSE),"'!",$B$25,ROW($A9)+5))*About!$A$27} -> 0.12 | G9: =$F9+($K9-$F9)*(G$1-$F$1)/($K$1-$F$1) -> 0.12 | H9: =$F9+($K9-$F9)*(H$1-$F$1)/($K$1-$F$1) -> 0.12 | I9: =$F9+($K9-$F9)*(I$1-$F$1)/($K$1-$F$1) -> 0.12 | J9: =$F9+($K9-$F9)*(J$1-$F$1)/($K$1-$F$1) -> 0.12 | K9: {=INDIRECT(CONCATENATE("'",HLOOKUP(K$1,$B$21:$E$23,3,FALSE),"'!",$B$25,ROW($A9)+5))*About!$A$27} -> 0.12 | L9: =$K9+($P9-$K9)*(L$1-$K$1)/($P$1-$K$1) -> 0.122 | M9: =$K9+($P9-$K9)*(M$1-$K$1)/($P$1-$K$1) -> 0.124 | N9: =$K9+($P9-$K9)*(N$1-$K$1)/($P$1-$K$1) -> 0.126 | O9: =$K9+($P9-$K9)*(O$1-$K$1)/($P$1-$K$1) -> 0.128 | P9: {=INDIRECT(CONCATENATE("'",HLOOKUP(P$1,$B$21:$E$23,3,FALSE),"'!",$B$25,ROW($A9)+5))*About!$A$27} -> 0.13 | Q9: {=TREND($K9:$P9,$K$1:$P$1,Q$1)} -> 0.132 | R9: {=TREND($K9:$P9,$K$1:$P$1,R$1)} -> 0.134 | S9: {=TREND($K9:$P9,$K$1:$P$1,S$1)} -> 0.136 | T9: {=TREND($K9:$P9,$K$1:$P$1,T$1)} -> 0.138 | U9: {=TREND($K9:$P9,$K$1:$P$1,U$1)} -> 0.14 | V9: {=TREND($K9:$P9,$K$1:$P$1,V$1)} -> 0.142 | W9: {=TREND($K9:$P9,$K$1:$P$1,W$1)} -> 0.144 | X9: {=TREND($K9:$P9,$K$1:$P$1,X$1)} -> 0.146 | ... AJ9: {=TREND($K9:$P9,$K$1:$P$1,AJ$1)} -> 0.17
A10: Cardiovascular hospital admissions | B10: {=INDIRECT(CONCATENATE("'",HLOOKUP(B$1,$B$21:$E$23,3,FALSE),"'!",$B$25,ROW($A10)+5))*About!$A$27} -> 0.001 | C10: =$B10+($F10-$B10)*(C$1-$B$1)/($F$1-$B$1) -> 0.001025 | D10: =$B10+($F10-$B10)*(D$1-$B$1)/($F$1-$B$1) -> 0.00105 | E10: =$B10+($F10-$B10)*(E$1-$B$1)/($F$1-$B$1) -> 0.001075 | F10: {=INDIRECT(CONCATENATE("'",HLOOKUP(F$1,$B$21:$E$23,3,FALSE),"'!",$B$25,ROW($A10)+5))*About!$A$27} -> 0.0011 | G10: =$F10+($K10-$F10)*(G$1-$F$1)/($K$1-$F$1) -> 0.00112 | H10: =$F10+($K10-$F10)*(H$1-$F$1)/($K$1-$F$1) -> 0.00114 | I10: =$F10+($K10-$F10)*(I$1-$F$1)/($K$1-$F$1) -> 0.00116 | J10: =$F10+($K10-$F10)*(J$1-$F$1)/($K$1-$F$1) -> 0.00118 | K10: {=INDIRECT(CONCATENATE("'",HLOOKUP(K$1,$B$21:$E$23,3,FALSE),"'!",$B$25,ROW($A10)+5))*About!$A$27} -> 0.0012 | L10: =$K10+($P10-$K10)*(L$1-$K$1)/($P$1-$K$1) -> 0.00124 | M10: =$K10+($P10-$K10)*(M$1-$K$1)/($P$1-$K$1) -> 0.00128 | N10: =$K10+($P10-$K10)*(N$1-$K$1)/($P$1-$K$1) -> 0.00132 | O10: =$K10+($P10-$K10)*(O$1-$K$1)/($P$1-$K$1) -> 0.00136 | P10: {=INDIRECT(CONCATENATE("'",HLOOKUP(P$1,$B$21:$E$23,3,FALSE),"'!",$B$25,ROW($A10)+5))*About!$A$27} -> 0.0014 | Q10: {=TREND($K10:$P10,$K$1:$P$1,Q$1)} -> 0.00144 | R10: {=TREND($K10:$P10,$K$1:$P$1,R$1)} -> 0.00148 | S10: {=TREND($K10:$P10,$K$1:$P$1,S$1)} -> 0.00152 | T10: {=TREND($K10:$P10,$K$1:$P$1,T$1)} -> 0.00156 | U10: {=TREND($K10:$P10,$K$1:$P$1,U$1)} -> 0.0016 | V10: {=TREND($K10:$P10,$K$1:$P$1,V$1)} -> 0.00164 | W10: {=TREND($K10:$P10,$K$1:$P$1,W$1)} -> 0.00168 | X10: {=TREND($K10:$P10,$K$1:$P$1,X$1)} -> 0.00172 | ... AJ10: {=TREND($K10:$P10,$K$1:$P$1,AJ$1)} -> 0.0022
A11: Respiratory hospital admissions | B11: {=INDIRECT(CONCATENATE("'",HLOOKUP(B$1,$B$21:$E$23,3,FALSE),"'!",$B$25,ROW($A11)+5))*About!$A$27} -> 0.001 | C11: =$B11+($F11-$B11)*(C$1-$B$1)/($F$1-$B$1) -> 0.001025 | D11: =$B11+($F11-$B11)*(D$1-$B$1)/($F$1-$B$1) -> 0.00105 | E11: =$B11+($F11-$B11)*(E$1-$B$1)/($F$1-$B$1) -> 0.001075 | F11: {=INDIRECT(CONCATENATE("'",HLOOKUP(F$1,$B$21:$E$23,3,FALSE),"'!",$B$25,ROW($A11)+5))*About!$A$27} -> 0.0011 | G11: =$F11+($K11-$F11)*(G$1-$F$1)/($K$1-$F$1) -> 0.00112 | H11: =$F11+($K11-$F11)*(H$1-$F$1)/($K$1-$F$1) -> 0.00114 | I11: =$F11+($K11-$F11)*(I$1-$F$1)/($K$1-$F$1) -> 0.00116 | J11: =$F11+($K11-$F11)*(J$1-$F$1)/($K$1-$F$1) -> 0.00118 | K11: {=INDIRECT(CONCATENATE("'",HLOOKUP(K$1,$B$21:$E$23,3,FALSE),"'!",$B$25,ROW($A11)+5))*About!$A$27} -> 0.0012 | L11: =$K11+($P11-$K11)*(L$1-$K$1)/($P$1-$K$1) -> 0.00122 | M11: =$K11+($P11-$K11)*(M$1-$K$1)/($P$1-$K$1) -> 0.00124 | N11: =$K11+($P11-$K11)*(N$1-$K$1)/($P$1-$K$1) -> 0.00126 | O11: =$K11+($P11-$K11)*(O$1-$K$1)/($P$1-$K$1) -> 0.00128 | P11: {=INDIRECT(CONCATENATE("'",HLOOKUP(P$1,$B$21:$E$23,3,FALSE),"'!",$B$25,ROW($A11)+5))*About!$A$27} -> 0.0013 | Q11: {=TREND($K11:$P11,$K$1:$P$1,Q$1)} -> 0.00132 | R11: {=TREND($K11:$P11,$K$1:$P$1,R$1)} -> 0.00134 | S11: {=TREND($K11:$P11,$K$1:$P$1,S$1)} -> 0.00136 | T11: {=TREND($K11:$P11,$K$1:$P$1,T$1)} -> 0.00138 | U11: {=TREND($K11:$P11,$K$1:$P$1,U$1)} -> 0.0014 | V11: {=TREND($K11:$P11,$K$1:$P$1,V$1)} -> 0.00142 | W11: {=TREND($K11:$P11,$K$1:$P$1,W$1)} -> 0.00144 | X11: {=TREND($K11:$P11,$K$1:$P$1,X$1)} -> 0.00146 | ... AJ11: {=TREND($K11:$P11,$K$1:$P$1,AJ$1)} -> 0.0017
A12: Non-fatal heart attacks | B12: =SUM(INDIRECT(CONCATENATE("'",HLOOKUP(B$1,$B$21:$E$23,3,FALSE),"'!",$B$25,ROW($A12)+5,":",$B$25,ROW($A12)+6)))*About!$A$27 -> 0.00466 | C12: =$B12+($F12-$B12)*(C$1-$B$1)/($F$1-$B$1) -> 0.0047425 | D12: =$B12+($F12-$B12)*(D$1-$B$1)/($F$1-$B$1) -> 0.004825 | E12: =$B12+($F12-$B12)*(E$1-$B$1)/($F$1-$B$1) -> 0.0049075 | F12: =SUM(INDIRECT(CONCATENATE("'",HLOOKUP(F$1,$B$21:$E$23,3,FALSE),"'!",$B$25,ROW($A12)+5,":",$B$25,ROW($A12)+6)))*About!$A$27 -> 0.00499 | G12: =$F12+($K12-$F12)*(G$1-$F$1)/($K$1-$F$1) -> 0.00508 | H12: =$F12+($K12-$F12)*(H$1-$F$1)/($K$1-$F$1) -> 0.00517 | I12: =$F12+($K12-$F12)*(I$1-$F$1)/($K$1-$F$1) -> 0.00526 | J12: =$F12+($K12-$F12)*(J$1-$F$1)/($K$1-$F$1) -> 0.00535 | K12: =SUM(INDIRECT(CONCATENATE("'",HLOOKUP(K$1,$B$21:$E$23,3,FALSE),"'!",$B$25,ROW($A12)+5,":",$B$25,ROW($A12)+6)))*About!$A$27 -> 0.00544 | L12: =$K12+($P12-$K12)*(L$1-$K$1)/($P$1-$K$1) -> 0.005528 | M12: =$K12+($P12-$K12)*(M$1-$K$1)/($P$1-$K$1) -> 0.005616 | N12: =$K12+($P12-$K12)*(N$1-$K$1)/($P$1-$K$1) -> 0.005704 | O12: =$K12+($P12-$K12)*(O$1-$K$1)/($P$1-$K$1) -> 0.005792 | P12: =SUM(INDIRECT(CONCATENATE("'",HLOOKUP(P$1,$B$21:$E$23,3,FALSE),"'!",$B$25,ROW($A12)+5,":",$B$25,ROW($A12)+6)))*About!$A$27 -> 0.00588 | Q12: {=TREND($K12:$P12,$K$1:$P$1,Q$1)} -> 0.005968 | R12: {=TREND($K12:$P12,$K$1:$P$1,R$1)} -> 0.006056 | S12: {=TREND($K12:$P12,$K$1:$P$1,S$1)} -> 0.006144 | T12: {=TREND($K12:$P12,$K$1:$P$1,T$1)} -> 0.006232 | U12: {=TREND($K12:$P12,$K$1:$P$1,U$1)} -> 0.00632 | V12: {=TREND($K12:$P12,$K$1:$P$1,V$1)} -> 0.006408 | W12: {=TREND($K12:$P12,$K$1:$P$1,W$1)} -> 0.006496 | X12: {=TREND($K12:$P12,$K$1:$P$1,X$1)} -> 0.006584 | ... AJ12: {=TREND($K12:$P12,$K$1:$P$1,AJ$1)} -> 0.00764
A16: Data for lookup functions (based on sheet name)
A17: sheet name | B17: {=MID(CELL("filename",A17),FIND("]",CELL("filename",A17))+1,255)} -> HOIpTP-electricity-SO2
A18: remove prefix | B18: =RIGHT(B17,LEN(B17)-7) -> electricity-SO2
A19: sector | B19: =LEFT(B18,FIND("-",B18)-1) -> electricity
A20: EPA source category | B20: =VLOOKUP($B$19,Mappings!$A$22:$B$26,COLUMN(Mappings!$B$21),FALSE) -> electricity generating units
B21: 2016 | C21: 2020 | D21: 2025 | E21: 2030
A22: table number | B22: =VLOOKUP($B$20,Mappings!$A$3:$E$19,COLUMN(Mappings!B$2),FALSE) -> 16 | C22: =VLOOKUP($B$20,Mappings!$A$3:$E$19,COLUMN(Mappings!C$2),FALSE) -> 33 | D22: =VLOOKUP($B$20,Mappings!$A$3:$E$19,COLUMN(Mappings!D$2),FALSE) -> 50 | E22: =VLOOKUP($B$20,Mappings!$A$3:$E$19,COLUMN(Mappings!E$2),FALSE) -> 67
A23: sheet name | B23: =CONCATENATE("Table ",B22) -> Table 16 | C23: =CONCATENATE("Table ",C22) -> Table 33 | D23: =CONCATENATE("Table ",D22) -> Table 50 | E23: =CONCATENATE("Table ",E22) -> Table 67
A24: pollutant | B24: =REPLACE(B18,1,FIND("-",B18),"") -> SO2
A25: pollutant column number | B25: =VLOOKUP($B$24,Mappings!$A$29:$B$31,COLUMN(Mappings!$B$29),FALSE) -> C

Sheet HOIpTP-buildings-NOx
A1: Unit: incidents / ton pollutant | B1: 2016 | C1: 2017 | D1: 2018 | E1: 2019 | F1: 2020 | G1: 2021 | H1: 2022 | I1: 2023 | J1: 2024 | K1: 2025 | L1: 2026 | M1: 2027 | N1: 2028 | O1: 2029 | P1: 2030 | Q1: 2031 | R1: 2032 | S1: 2033 | T1: 2034 | U1: 2035 | V1: 2036 | W1: 2037 | X1: 2038 | Y1: 2039 | Z1: 2040 | AA1: 2041 | AB1: 2042 | AC1: 2043 | AD1: 2044 | AE1: 2045 | AF1: 2046 | AG1: 2047 | AH1: 2048 | AI1: 2049 | AJ1: 2050
A2: Premature mortality | B2: {=INDIRECT(CONCATENATE("'",HLOOKUP(B$1,$B$21:$E$23,3,FALSE),"'!",$B$25,ROW($A2)+3))*About!$A$27} -> 0.00093 | C2: =$B2+($F2-$B2)*(C$1-$B$1)/($F$1-$B$1) -> 0.000935 | D2: =$B2+($F2-$B2)*(D$1-$B$1)/($F$1-$B$1) -> 0.00094 | E2: =$B2+($F2-$B2)*(E$1-$B$1)/($F$1-$B$1) -> 0.000945 | F2: {=INDIRECT(CONCATENATE("'",HLOOKUP(F$1,$B$21:$E$23,3,FALSE),"'!",$B$25,ROW($A2)+3))*About!$A$27} -> 0.00095 | G2: =$F2+($K2-$F2)*(G$1-$F$1)/($K$1-$F$1) -> 0.00096 | H2: =$F2+($K2-$F2)*(H$1-$F$1)/($K$1-$F$1) -> 0.00097 | I2: =$F2+($K2-$F2)*(I$1-$F$1)/($K$1-$F$1) -> 0.00098 | J2: =$F2+($K2-$F2)*(J$1-$F$1)/($K$1-$F$1) -> 0.00099 | K2: {=INDIRECT(CONCATENATE("'",HLOOKUP(K$1,$B$21:$E$23,3,FALSE),"'!",$B$25,ROW($A2)+3))*About!$A$27} -> 0.001 | L2: =$K2+($P2-$K2)*(L$1-$K$1)/($P$1-$K$1) -> 0.00102 | M2: =$K2+($P2-$K2)*(M$1-$K$1)/($P$1-$K$1) -> 0.00104 | N2: =$K2+($P2-$K2)*(N$1-$K$1)/($P$1-$K$1) -> 0.00106 | O2: =$K2+($P2-$K2)*(O$1-$K$1)/($P$1-$K$1) -> 0.00108 | P2: {=INDIRECT(CONCATENATE("'",HLOOKUP(P$1,$B$21:$E$23,3,FALSE),"'!",$B$25,ROW($A2)+3))*About!$A$27} -> 0.0011 | Q2: {=TREND($K2:$P2,$K$1:$P$1,Q$1)} -> 0.00112 | R2: {=TREND($K2:$P2,$K$1:$P$1,R$1)} -> 0.00114 | S2: {=TREND($K2:$P2,$K$1:$P$1,S$1)} -> 0.00116 | T2: {=TREND($K2:$P2,$K$1:$P$1,T$1)} -> 0.00118 | U2: {=TREND($K2:$P2,$K$1:$P$1,U$1)} -> 0.0012 | V2: {=TREND($K2:$P2,$K$1:$P$1,V$1)} -> 0.00122 | W2: {=TREND($K2:$P2,$K$1:$P$1,W$1)} -> 0.00124 | X2: {=TREND($K2:$P2,$K$1:$P$1,X$1)} -> 0.00126 | ... AJ2: {=TREND($K2:$P2,$K$1:$P$1,AJ$1)} -> 0.0015
A3: Respiratory emergency room visits | B3: {=INDIRECT(CONCATENATE("'",HLOOKUP(B$1,$B$21:$E$23,3,FALSE),"'!",$B$25,ROW($A3)+5))*About!$A$27} -> 0.00052 | C3: =$B3+($F3-$B3)*(C$1-$B$1)/($F$1-$B$1) -> 0.0005225 | D3: =$B3+($F3-$B3)*(D$1-$B$1)/($F$1-$B$1) -> 0.000525 | E3: =$B3+($F3-$B3)*(E$1-$B$1)/($F$1-$B$1) -> 0.0005275 | F3: {=INDIRECT(CONCATENATE("'",HLOOKUP(F$1,$B$21:$E$23,3,FALSE),"'!",$B$25,ROW($A3)+5))*About!$A$27} -> 0.00053 | G3: =$F3+($K3-$F3)*(G$1-$F$1)/($K$1-$F$1) -> 0.000534 | H3: =$F3+($K3-$F3)*(H$1-$F$1)/($K$1-$F$1) -> 0.000538 | I3: =$F3+($K3-$F3)*(I$1-$F$1)/($K$1-$F$1) -> 0.000542 | J3: =$F3+($K3-$F3)*(J$1-$F$1)/($K$1-$F$1) -> 0.000546 | K3: {=INDIRECT(CONCATENATE("'",HLOOKUP(K$1,$B$21:$E$23,3,FALSE),"'!",$B$25,ROW($A3)+5))*About!$A$27} -> 0.00055 | L3: =$K3+($P3-$K3)*(L$1-$K$1)/($P$1-$K$1) -> 0.000554 | M3: =$K3+($P3-$K3)*(M$1-$K$1)/($P$1-$K$1) -> 0.000558 | N3: =$K3+($P3-$K3)*(N$1-$K$1)/($P$1-$K$1) -> 0.000562 | O3: =$K3+($P3-$K3)*(O$1-$K$1)/($P$1-$K$1) -> 0.000566 | P3: {=INDIRECT(CONCATENATE("'",HLOOKUP(P$1,$B$21:$E$23,3,FALSE),"'!",$B$25,ROW($A3)+5))*About!$A$27} -> 0.00057 | Q3: {=TREND($K3:$P3,$K$1:$P$1,Q$1)} -> 0.000574 | R3: {=TREND($K3:$P3,$K$1:$P$1,R$1)} -> 0.000578 | S3: {=TREND($K3:$P3,$K$1:$P$1,S$1)} -> 0.000582 | T3: {=TREND($K3:$P3,$K$1:$P$1,T$1)} -> 0.000586 | U3: {=TREND($K3:$P3,$K$1:$P$1,U$1)} -> 0.00059 | V3: {=TREND($K3:$P3,$K$1:$P$1,V$1)} -> 0.000594 | W3: {=TREND($K3:$P3,$K$1:$P$1,W$1)} -> 0.000598 | X3: {=TREND($K3:$P3,$K$1:$P$1,X$1)} -> 0.000602 | ... AJ3: {=TREND($K3:$P3,$K$1:$P$1,AJ$1)} -> 0.00065
A4: Acute bronchitis | B4: {=INDIRECT(CONCATENATE("'",HLOOKUP(B$1,$B$21:$E$23,3,FALSE),"'!",$B$25,ROW($A4)+5))*About!$A$27} -> 0.0014 | C4: =$B4+($F4-$B4)*(C$1-$B$1)/($F$1-$B$1) -> 0.0014 | D4: =$B4+($F4-$B4)*(D$1-$B$1)/($F$1-$B$1) -> 0.0014 | E4: =$B4+($F4-$B4)*(E$1-$B$1)/($F$1-$B$1) -> 0.0014 | F4: {=INDIRECT(CONCATENATE("'",HLOOKUP(F$1,$B$21:$E$23,3,FALSE),"'!",$B$25,ROW($A4)+5))*About!$A$27} -> 0.0014 | G4: =$F4+($K4-$F4)*(G$1-$F$1)/($K$1-$F$1) -> 0.0014 | H4: =$F4+($K4-$F4)*(H$1-$F$1)/($K$1-$F$1) -> 0.0014 | I4: =$F4+($K4-$F4)*(I$1-$F$1)/($K$1-$F$1) -> 0.0014 | J4: =$F4+($K4-$F4)*(J$1-$F$1)/($K$1-$F$1) -> 0.0014 | K4: {=INDIRECT(CONCATENATE("'",HLOOKUP(K$1,$B$21:$E$23,3,FALSE),"'!",$B$25,ROW($A4)+5))*About!$A$27} -> 0.0014 | L4: =$K4+($P4-$K4)*(L$1-$K$1)/($P$1-$K$1) -> 0.00142 | M4: =$K4+($P4-$K4)*(M$1-$K$1)/($P$1-$K$1) -> 0.00144 | N4: =$K4+($P4-$K4)*(N$1-$K$1)/($P$1-$K$1) -> 0.00146 | O4: =$K4+($P4-$K4)*(O$1-$K$1)/($P$1-$K$1) -> 0.00148 | P4: {=INDIRECT(CONCATENATE("'",HLOOKUP(P$1,$B$21:$E$23,3,FALSE),"'!",$B$25,ROW($A4)+5))*About!$A$27} -> 0.0015 | Q4: {=TREND($K4:$P4,$K$1:$P$1,Q$1)} -> 0.00152 | R4: {=TREND($K4:$P4,$K$1:$P$1,R$1)} -> 0.00154 | S4: {=TREND($K4:$P4,$K$1:$P$1,S$1)} -> 0.00156 | T4: {=TREND($K4:$P4,$K$1:$P$1,T$1)} -> 0.00158 | U4: {=TREND($K4:$P4,$K$1:$P$1,U$1)} -> 0.0016 | V4: {=TREND($K4:$P4,$K$1:$P$1,V$1)} -> 0.00162 | W4: {=TREND($K4:$P4,$K$1:$P$1,W$1)} -> 0.00164 | X4: {=TREND($K4:$P4,$K$1:$P$1,X$1)} -> 0.00166 | ... AJ4: {=TREND($K4:$P4,$K$1:$P$1,AJ$1)} -> 0.0019
A5: Lower respiratory symptoms | B5: {=INDIRECT(CONCATENATE("'",HLOOKUP(B$1,$B$21:$E$23,3,FALSE),"'!",$B$25,ROW($A5)+5))*About!$A$27} -> 0.017 | C5: =$B5+($F5-$B5)*(C$1-$B$1)/($F$1-$B$1) -> 0.017 | D5: =$B5+($F5-$B5)*(D$1-$B$1)/($F$1-$B$1) -> 0.017 | E5: =$B5+($F5-$B5)*(E$1-$B$1)/($F$1-$B$1) -> 0.017 | F5: {=INDIRECT(CONCATENATE("'",HLOOKUP(F$1,$B$21:$E$23,3,FALSE),"'!",$B$25,ROW($A5)+5))*About!$A$27} -> 0.017 | G5: =$F5+($K5-$F5)*(G$1-$F$1)/($K$1-$F$1) -> 0.0172 | H5: =$F5+($K5-$F5)*(H$1-$F$1)/($K$1-$F$1) -> 0.0174 | I5: =$F5+($K5-$F5)*(I$1-$F$1)/($K$1-$F$1) -> 0.0176 | J5: =$F5+($K5-$F5)*(J$1-$F$1)/($K$1-$F$1) -> 0.0178 | K5: {=INDIRECT(CONCATENATE("'",HLOOKUP(K$1,$B$21:$E$23,3,FALSE),"'!",$B$25,ROW($A5)+5))*About!$A$27} -> 0.018 | L5: =$K5+($P5-$K5)*(L$1-$K$1)/($P$1-$K$1) -> 0.0184 | M5: =$K5+($P5-$K5)*(M$1-$K$1)/($P$1-$K$1) -> 0.0188 | N5: =$K5+($P5-$K5)*(N$1-$K$1)/($P$1-$K$1) -> 0.0192 | O5: =$K5+($P5-$K5)*(O$1-$K$1)/($P$1-$K$1) -> 0.0196 | P5: {=INDIRECT(CONCATENATE("'",HLOOKUP(P$1,$B$21:$E$23,3,FALSE),"'!",$B$25,ROW($A5)+5))*About!$A$27} -> 0.02 | Q5: {=TREND($K5:$P5,$K$1:$P$1,Q$1)} -> 0.0204 | R5: {=TREND($K5:$P5,$K$1:$P$1,R$1)} -> 0.0208 | S5: {=TREND($K5:$P5,$K$1:$P$1,S$1)} -> 0.0212 | T5: {=TREND($K5:$P5,$K$1:$P$1,T$1)} -> 0.0216 | U5: {=TREND($K5:$P5,$K$1:$P$1,U$1)} -> 0.022 | V5: {=TREND($K5:$P5,$K$1:$P$1,V$1)} -> 0.0224 | W5: {=TREND($K5:$P5,$K$1:$P$1,W$1)} -> 0.0228 | X5: {=TREND($K5:$P5,$K$1:$P$1,X$1)} -> 0.0232 | ... AJ5: {=TREND($K5:$P5,$K$1:$P$1,AJ$1)} -> 0.028
A6: Upper respiratory symptoms | B6: {=INDIRECT(CONCATENATE("'",HLOOKUP(B$1,$B$21:$E$23,3,FALSE),"'!",$B$25,ROW($A6)+5))*About!$A$27} -> 0.025 | C6: =$B6+($F6-$B6)*(C$1-$B$1)/($F$1-$B$1) -> 0.025 | D6: =$B6+($F6-$B6)*(D$1-$B$1)/($F$1-$B$1) -> 0.025 | E6: =$B6+($F6-$B6)*(E$1-$B$1)/($F$1-$B$1) -> 0.025 | F6: {=INDIRECT(CONCATENATE("'",HLOOKUP(F$1,$B$21:$E$23,3,FALSE),"'!",$B$25,ROW($A6)+5))*About!$A$27} -> 0.025 | G6: =$F6+($K6-$F6)*(G$1-$F$1)/($K$1-$F$1) -> 0.0252 | H6: =$F6+($K6-$F6)*(H$1-$F$1)/($K$1-$F$1) -> 0.0254 | I6: =$F6+($K6-$F6)*(I$1-$F$1)/($K$1-$F$1) -> 0.0256 | J6: =$F6+($K6-$F6)*(J$1-$F$1)/($K$1-$F$1) -> 0.0258 | K6: {=INDIRECT(CONCATENATE("'",HLOOKUP(K$1,$B$21:$E$23,3,FALSE),"'!",$B$25,ROW($A6)+5))*About!$A$27} -> 0.026 | L6: =$K6+($P6-$K6)*(L$1-$K$1)/($P$1-$K$1) -> 0.0264 | M6: =$K6+($P6-$K6)*(M$1-$K$1)/($P$1-$K$1) -> 0.0268 | N6: =$K6+($P6-$K6)*(N$1-$K$1)/($P$1-$K$1) -> 0.0272 | O6: =$K6+($P6-$K6)*(O$1-$K$1)/($P$1-$K$1) -> 0.0276 | P6: {=INDIRECT(CONCATENATE("'",HLOOKUP(P$1,$B$21:$E$23,3,FALSE),"'!",$B$25,ROW($A6)+5))*About!$A$27} -> 0.028 | Q6: {=TREND($K6:$P6,$K$1:$P$1,Q$1)} -> 0.0284 | R6: {=TREND($K6:$P6,$K$1:$P$1,R$1)} -> 0.0288 | S6: {=TREND($K6:$P6,$K$1:$P$1,S$1)} -> 0.0292 | T6: {=TREND($K6:$P6,$K$1:$P$1,T$1)} -> 0.0296 | U6: {=TREND($K6:$P6,$K$1:$P$1,U$1)} -> 0.03 | V6: {=TREND($K6:$P6,$K$1:$P$1,V$1)} -> 0.0304 | W6: {=TREND($K6:$P6,$K$1:$P$1,W$1)} -> 0.0308 | X6: {=TREND($K6:$P6,$K$1:$P$1,X$1)} -> 0.0312 | ... AJ6: {=TREND($K6:$P6,$K$1:$P$1,AJ$1)} -> 0.036
A7: Minor restricted activity days | B7: {=INDIRECT(CONCATENATE("'",HLOOKUP(B$1,$B$21:$E$23,3,FALSE),"'!",$B$25,ROW($A7)+5))*About!$A$27} -> 0.72 | C7: =$B7+($F7-$B7)*(C$1-$B$1)/($F$1-$B$1) -> 0.7225 | D7: =$B7+($F7-$B7)*(D$1-$B$1)/($F$1-$B$1) -> 0.725 | E7: =$B7+($F7-$B7)*(E$1-$B$1)/($F$1-$B$1) -> 0.7275 | F7: {=INDIRECT(CONCATENATE("'",HLOOKUP(F$1,$B$21:$E$23,3,FALSE),"'!",$B$25,ROW($A7)+5))*About!$A$27} -> 0.73 | G7: =$F7+($K7-$F7)*(G$1-$F$1)/($K$1-$F$1) -> 0.73 | H7: =$F7+($K7-$F7)*(H$1-$F$1)/($K$1-$F$1) -> 0.73 | I7: =$F7+($K7-$F7)*(I$1-$F$1)/($K$1-$F$1) -> 0.73 | J7: =$F7+($K7-$F7)*(J$1-$F$1)/($K$1-$F$1) -> 0.73 | K7: {=INDIRECT(CONCATENATE("'",HLOOKUP(K$1,$B$21:$E$23,3,FALSE),"'!",$B$25,ROW($A7)+5))*About!$A$27} -> 0.73 | L7: =$K7+($P7-$K7)*(L$1-$K$1)/($P$1-$K$1) -> 0.732 | M7: =$K7+($P7-$K7)*(M$1-$K$1)/($P$1-$K$1) -> 0.734 | N7: =$K7+($P7-$K7)*(N$1-$K$1)/($P$1-$K$1) -> 0.736 | O7: =$K7+($P7-$K7)*(O$1-$K$1)/($P$1-$K$1) -> 0.738 | P7: {=INDIRECT(CONCATENATE("'",HLOOKUP(P$1,$B$21:$E$23,3,FALSE),"'!",$B$25,ROW($A7)+5))*About!$A$27} -> 0.74 | Q7: {=TREND($K7:$P7,$K$1:$P$1,Q$1)} -> 0.742 | R7: {=TREND($K7:$P7,$K$1:$P$1,R$1)} -> 0.744 | S7: {=TREND($K7:$P7,$K$1:$P$1,S$1)} -> 0.746 | T7: {=TREND($K7:$P7,$K$1:$P$1,T$1)} -> 0.748 | U7: {=TREND($K7:$P7,$K$1:$P$1,U$1)} -> 0.75 | V7: {=TREND($K7:$P7,$K$1:$P$1,V$1)} -> 0.752 | W7: {=TREND($K7:$P7,$K$1:$P$1,W$1)} -> 0.754 | X7: {=TREND($K7:$P7,$K$1:$P$1,X$1)} -> 0.756 | ... AJ7: {=TREND($K7:$P7,$K$1:$P$1,AJ$1)} -> 0.78
A8: Work loss days | B8: {=INDIRECT(CONCATENATE("'",HLOOKUP(B$1,$B$21:$E$23,3,FALSE),"'!",$B$25,ROW($A8)+5))*About!$A$27} -> 0.12 | C8: =$B8+($F8-$B8)*(C$1-$B$1)/($F$1-$B$1) -> 0.12 | D8: =$B8+($F8-$B8)*(D$1-$B$1)/($F$1-$B$1) -> 0.12 | E8: =$B8+($F8-$B8)*(E$1-$B$1)/($F$1-$B$1) -> 0.12 | F8: {=INDIRECT(CONCATENATE("'",HLOOKUP(F$1,$B$21:$E$23,3,FALSE),"'!",$B$25,ROW($A8)+5))*About!$A$27} -> 0.12 | G8: =$F8+($K8-$F8)*(G$1-$F$1)/($K$1-$F$1) -> 0.12 | H8: =$F8+($K8-$F8)*(H$1-$F$1)/($K$1-$F$1) -> 0.12 | I8: =$F8+($K8-$F8)*(I$1-$F$1)/($K$1-$F$1) -> 0.12 | J8: =$F8+($K8-$F8)*(J$1-$F$1)/($K$1-$F$1) -> 0.12 | K8: {=INDIRECT(CONCATENATE("'",HLOOKUP(K$1,$B$21:$E$23,3,FALSE),"'!",$B$25,ROW($A8)+5))*About!$A$27} -> 0.12 | L8: =$K8+($P8-$K8)*(L$1-$K$1)/($P$1-$K$1) -> 0.122 | M8: =$K8+($P8-$K8)*(M$1-$K$1)/($P$1-$K$1) -> 0.124 | N8: =$K8+($P8-$K8)*(N$1-$K$1)/($P$1-$K$1) -> 0.126 | O8: =$K8+($P8-$K8)*(O$1-$K$1)/($P$1-$K$1) -> 0.128 | P8: {=INDIRECT(CONCATENATE("'",HLOOKUP(P$1,$B$21:$E$23,3,FALSE),"'!",$B$25,ROW($A8)+5))*About!$A$27} -> 0.13 | Q8: {=TREND($K8:$P8,$K$1:$P$1,Q$1)} -> 0.132 | R8: {=TREND($K8:$P8,$K$1:$P$1,R$1)} -> 0.134 | S8: {=TREND($K8:$P8,$K$1:$P$1,S$1)} -> 0.136 | T8: {=TREND($K8:$P8,$K$1:$P$1,T$1)} -> 0.138 | U8: {=TREND($K8:$P8,$K$1:$P$1,U$1)} -> 0.14 | V8: {=TREND($K8:$P8,$K$1:$P$1,V$1)} -> 0.142 | W8: {=TREND($K8:$P8,$K$1:$P$1,W$1)} -> 0.144 | X8: {=TREND($K8:$P8,$K$1:$P$1,X$1)} -> 0.146 | ... AJ8: {=TREND($K8:$P8,$K$1:$P$1,AJ$1)} -> 0.17
A9: Asthma exacerbation | B9: {=INDIRECT(CONCATENATE("'",HLOOKUP(B$1,$B$21:$E$23,3,FALSE),"'!",$B$25,ROW($A9)+5))*About!$A$27} -> 0.029 | C9: =$B9+($F9-$B9)*(C$1-$B$1)/($F$1-$B$1) -> 0.029 | D9: =$B9+($F9-$B9)*(D$1-$B$1)/($F$1-$B$1) -> 0.029 | E9: =$B9+($F9-$B9)*(E$1-$B$1)/($F$1-$B$1) -> 0.029 | F9: {=INDIRECT(CONCATENATE("'",HLOOKUP(F$1,$B$21:$E$23,3,FALSE),"'!",$B$25,ROW($A9)+5))*About!$A$27} -> 0.029 | G9: =$F9+($K9-$F9)*(G$1-$F$1)/($K$1-$F$1) -> 0.0292 | H9: =$F9+($K9-$F9)*(H$1-$F$1)/($K$1-$F$1) -> 0.0294 | I9: =$F9+($K9-$F9)*(I$1-$F$1)/($K$1-$F$1) -> 0.0296 | J9: =$F9+($K9-$F9)*(J$1-$F$1)/($K$1-$F$1) -> 0.0298 | K9: {=INDIRECT(CONCATENATE("'",HLOOKUP(K$1,$B$21:$E$23,3,FALSE),"'!",$B$25,ROW($A9)+5))*About!$A$27} -> 0.03 | L9: =$K9+($P9-$K9)*(L$1-$K$1)/($P$1-$K$1) -> 0.0304 | M9: =$K9+($P9-$K9)*(M$1-$K$1)/($P$1-$K$1) -> 0.0308 | N9: =$K9+($P9-$K9)*(N$1-$K$1)/($P$1-$K$1) -> 0.0312 | O9: =$K9+($P9-$K9)*(O$1-$K$1)/($P$1-$K$1) -> 0.0316 | P9: {=INDIRECT(CONCATENATE("'",HLOOKUP(P$1,$B$21:$E$23,3,FALSE),"'!",$B$25,ROW($A9)+5))*About!$A$27} -> 0.032 | Q9: {=TREND($K9:$P9,$K$1:$P$1,Q$1)} -> 0.0324 | R9: {=TREND($K9:$P9,$K$1:$P$1,R$1)} -> 0.0328 | S9: {=TREND($K9:$P9,$K$1:$P$1,S$1)} -> 0.0332 | T9: {=TREND($K9:$P9,$K$1:$P$1,T$1)} -> 0.0336 | U9: {=TREND($K9:$P9,$K$1:$P$1,U$1)} -> 0.034 | V9: {=TREND($K9:$P9,$K$1:$P$1,V$1)} -> 0.0344 | W9: {=TREND($K9:$P9,$K$1:$P$1,W$1)} -> 0.0348 | X9: {=TREND($K9:$P9,$K$1:$P$1,X$1)} -> 0.0352 | ... AJ9: {=TREND($K9:$P9,$K$1:$P$1,AJ$1)} -> 0.04
A10: Cardiovascular hospital admissions | B10: {=INDIRECT(CONCATENATE("'",HLOOKUP(B$1,$B$21:$E$23,3,FALSE),"'!",$B$25,ROW($A10)+5))*About!$A$27} -> 0.00021 | C10: =$B10+($F10-$B10)*(C$1-$B$1)/($F$1-$B$1) -> 0.000215 | D10: =$B10+($F10-$B10)*(D$1-$B$1)/($F$1-$B$1) -> 0.00022 | E10: =$B10+($F10-$B10)*(E$1-$B$1)/($F$1-$B$1) -> 0.000225 | F10: {=INDIRECT(CONCATENATE("'",HLOOKUP(F$1,$B$21:$E$23,3,FALSE),"'!",$B$25,ROW($A10)+5))*About!$A$27} -> 0.00023 | G10: =$F10+($K10-$F10)*(G$1-$F$1)/($K$1-$F$1) -> 0.000234 | H10: =$F10+($K10-$F10)*(H$1-$F$1)/($K$1-$F$1) -> 0.000238 | I10: =$F10+($K10-$F10)*(I$1-$F$1)/($K$1-$F$1) -> 0.000242 | J10: =$F10+($K10-$F10)*(J$1-$F$1)/($K$1-$F$1) -> 0.000246 | K10: {=INDIRECT(CONCATENATE("'",HLOOKUP(K$1,$B$21:$E$23,3,FALSE),"'!",$B$25,ROW($A10)+5))*About!$A$27} -> 0.00025 | L10: =$K10+($P10-$K10)*(L$1-$K$1)/($P$1-$K$1) -> 0.000254 | M10: =$K10+($P10-$K10)*(M$1-$K$1)/($P$1-$K$1) -> 0.000258 | N10: =$K10+($P10-$K10)*(N$1-$K$1)/($P$1-$K$1) -> 0.000262 | O10: =$K10+($P10-$K10)*(O$1-$K$1)/($P$1-$K$1) -> 0.000266 | P10: {=INDIRECT(CONCATENATE("'",HLOOKUP(P$1,$B$21:$E$23,3,FALSE),"'!",$B$25,ROW($A10)+5))*About!$A$27} -> 0.00027 | Q10: {=TREND($K10:$P10,$K$1:$P$1,Q$1)} -> 0.000274 | R10: {=TREND($K10:$P10,$K$1:$P$1,R$1)} -> 0.000278 | S10: {=TREND($K10:$P10,$K$1:$P$1,S$1)} -> 0.000282 | T10: {=TREND($K10:$P10,$K$1:$P$1,T$1)} -> 0.000286 | U10: {=TREND($K10:$P10,$K$1:$P$1,U$1)} -> 0.00029 | V10: {=TREND($K10:$P10,$K$1:$P$1,V$1)} -> 0.000294 | W10: {=TREND($K10:$P10,$K$1:$P$1,W$1)} -> 0.000298 | X10: {=TREND($K10:$P10,$K$1:$P$1,X$1)} -> 0.000302 | ... AJ10: {=TREND($K10:$P10,$K$1:$P$1,AJ$1)} -> 0.00035
A11: Respiratory hospital admissions | B11: {=INDIRECT(CONCATENATE("'",HLOOKUP(B$1,$B$21:$E$23,3,FALSE),"'!",$B$25,ROW($A11)+5))*About!$A$27} -> 0.0002 | C11: =$B11+($F11-$B11)*(C$1-$B$1)/($F$1-$B$1) -> 0.000205 | D11: =$B11+($F11-$B11)*(D$1-$B$1)/($F$1-$B$1) -> 0.00021 | E11: =$B11+($F11-$B11)*(E$1-$B$1)/($F$1-$B$1) -> 0.000215 | F11: {=INDIRECT(CONCATENATE("'",HLOOKUP(F$1,$B$21:$E$23,3,FALSE),"'!",$B$25,ROW($A11)+5))*About!$A$27} -> 0.00022 | G11: =$F11+($K11-$F11)*(G$1-$F$1)/($K$1-$F$1) -> 0.000224 | H11: =$F11+($K11-$F11)*(H$1-$F$1)/($K$1-$F$1) -> 0.000228 | I11: =$F11+($K11-$F11)*(I$1-$F$1)/($K$1-$F$1) -> 0.000232 | J11: =$F11+($K11-$F11)*(J$1-$F$1)/($K$1-$F$1) -> 0.000236 | K11: {=INDIRECT(CONCATENATE("'",HLOOKUP(K$1,$B$21:$E$23,3,FALSE),"'!",$B$25,ROW($A11)+5))*About!$A$27} -> 0.00024 | L11: =$K11+($P11-$K11)*(L$1-$K$1)/($P$1-$K$1) -> 0.000246 | M11: =$K11+($P11-$K11)*(M$1-$K$1)/($P$1-$K$1) -> 0.000252 | N11: =$K11+($P11-$K11)*(N$1-$K$1)/($P$1-$K$1) -> 0.000258 | O11: =$K11+($P11-$K11)*(O$1-$K$1)/($P$1-$K$1) -> 0.000264 | P11: {=INDIRECT(CONCATENATE("'",HLOOKUP(P$1,$B$21:$E$23,3,FALSE),"'!",$B$25,ROW($A11)+5))*About!$A$27} -> 0.00027 | Q11: {=TREND($K11:$P11,$K$1:$P$1,Q$1)} -> 0.000276 | R11: {=TREND($K11:$P11,$K$1:$P$1,R$1)} -> 0.000282 | S11: {=TREND($K11:$P11,$K$1:$P$1,S$1)} -> 0.000288 | T11: {=TREND($K11:$P11,$K$1:$P$1,T$1)} -> 0.000294 | U11: {=TREND($K11:$P11,$K$1:$P$1,U$1)} -> 0.0003 | V11: {=TREND($K11:$P11,$K$1:$P$1,V$1)} -> 0.000306 | W11: {=TREND($K11:$P11,$K$1:$P$1,W$1)} -> 0.000312 | X11: {=TREND($K11:$P11,$K$1:$P$1,X$1)} -> 0.000318 | ... AJ11: {=TREND($K11:$P11,$K$1:$P$1,AJ$1)} -> 0.00039
A12: Non-fatal heart attacks | B12: =SUM(INDIRECT(CONCATENATE("'",HLOOKUP(B$1,$B$21:$E$23,3,FALSE),"'!",$B$25,ROW($A12)+5,":",$B$25,ROW($A12)+6)))*About!$A$27 -> 0.000952 | C12: =$B12+($F12-$B12)*(C$1-$B$1)/($F$1-$B$1) -> 0.00096875 | D12: =$B12+($F12-$B12)*(D$1-$B$1)/($F$1-$B$1) -> 0.0009855 | E12: =$B12+($F12-$B12)*(E$1-$B$1)/($F$1-$B$1) -> 0.00100225 | F12: =SUM(INDIRECT(CONCATENATE("'",HLOOKUP(F$1,$B$21:$E$23,3,FALSE),"'!",$B$25,ROW($A12)+5,":",$B$25,ROW($A12)+6)))*About!$A$27 -> 0.001019 | G12: =$F12+($K12-$F12)*(G$1-$F$1)/($K$1-$F$1) -> 0.0010372 | H12: =$F12+($K12-$F12)*(H$1-$F$1)/($K$1-$F$1) -> 0.0010554 | I12: =$F12+($K12-$F12)*(I$1-$F$1)/($K$1-$F$1) -> 0.0010736 | J12: =$F12+($K12-$F12)*(J$1-$F$1)/($K$1-$F$1) -> 0.0010918 | K12: =SUM(INDIRECT(CONCATENATE("'",HLOOKUP(K$1,$B$21:$E$23,3,FALSE),"'!",$B$25,ROW($A12)+5,":",$B$25,ROW($A12)+6)))*About!$A$27 -> 0.00111 | L12: =$K12+($P12-$K12)*(L$1-$K$1)/($P$1-$K$1) -> 0.001132 | M12: =$K12+($P12-$K12)*(M$1-$K$1)/($P$1-$K$1) -> 0.001154 | N12: =$K12+($P12-$K12)*(N$1-$K$1)/($P$1-$K$1) -> 0.001176 | O12: =$K12+($P12-$K12)*(O$1-$K$1)/($P$1-$K$1) -> 0.001198 | P12: =SUM(INDIRECT(CONCATENATE("'",HLOOKUP(P$1,$B$21:$E$23,3,FALSE),"'!",$B$25,ROW($A12)+5,":",$B$25,ROW($A12)+6)))*About!$A$27 -> 0.00122 | Q12: {=TREND($K12:$P12,$K$1:$P$1,Q$1)} -> 0.001242 | R12: {=TREND($K12:$P12,$K$1:$P$1,R$1)} -> 0.001264 | S12: {=TREND($K12:$P12,$K$1:$P$1,S$1)} -> 0.001286 | T12: {=TREND($K12:$P12,$K$1:$P$1,T$1)} -> 0.001308 | U12: {=TREND($K12:$P12,$K$1:$P$1,U$1)} -> 0.00133 | V12: {=TREND($K12:$P12,$K$1:$P$1,V$1)} -> 0.001352 | W12: {=TREND($K12:$P12,$K$1:$P$1,W$1)} -> 0.001374 | X12: {=TREND($K12:$P12,$K$1:$P$1,X$1)} -> 0.001396 | ... AJ12: {=TREND($K12:$P12,$K$1:$P$1,AJ$1)} -> 0.00166
A16: Data for lookup functions (based on sheet name)
A17: sheet name | B17: {=MID(CELL("filename",A17),FIND("]",CELL("filename",A17))+1,255)} -> HOIpTP-buildings-NOx
A18: remove prefix | B18: =RIGHT(B17,LEN(B17)-7) -> buildings-NOx
A19: sector | B19: =LEFT(B18,FIND("-",B18)-1) -> buildings
A20: EPA source category | B20: =VLOOKUP($B$19,Mappings!$A$22:$B$26,COLUMN(Mappings!$B$21),FALSE) -> area sources
B21: 2016 | C21: 2020 | D21: 2025 | E21: 2030
A22: table number | B22: =VLOOKUP($B$20,Mappings!$A$3:$E$19,COLUMN(Mappings!B$2),FALSE) -> 11 | C22: =VLOOKUP($B$20,Mappings!$A$3:$E$19,COLUMN(Mappings!C$2),FALSE) -> 28 | D22: =VLOOKUP($B$20,Mappings!$A$3:$E$19,COLUMN(Mappings!D$2),FALSE) -> 45 | E22: =VLOOKUP($B$20,Mappings!$A$3:$E$19,COLUMN(Mappings!E$2),FALSE) -> 62
A23: sheet name | B23: =CONCATENATE("Table ",B22) -> Table 11 | C23: =CONCATENATE("Table ",C22) -> Table 28 | D23: =CONCATENATE("Table ",D22) -> Table 45 | E23: =CONCATENATE("Table ",E22) -> Table 62
A24: pollutant | B24: =REPLACE(B18,1,FIND("-",B18),"") -> NOx
A25: pollutant column number | B25: =VLOOKUP($B$24,Mappings!$A$29:$B$31,COLUMN(Mappings!$B$29),FALSE) -> B

Sheet HOIpTP-buildings-PM25
A1: Unit: incidents / ton pollutant | B1: 2016 | C1: 2017 | D1: 2018 | E1: 2019 | F1: 2020 | G1: 2021 | H1: 2022 | I1: 2023 | J1: 2024 | K1: 2025 | L1: 2026 | M1: 2027 | N1: 2028 | O1: 2029 | P1: 2030 | Q1: 2031 | R1: 2032 | S1: 2033 | T1: 2034 | U1: 2035 | V1: 2036 | W1: 2037 | X1: 2038 | Y1: 2039 | Z1: 2040 | AA1: 2041 | AB1: 2042 | AC1: 2043 | AD1: 2044 | AE1: 2045 | AF1: 2046 | AG1: 2047 | AH1: 2048 | AI1: 2049 | AJ1: 2050
A2: Premature mortality | B2: {=INDIRECT(CONCATENATE("'",HLOOKUP(B$1,$B$21:$E$23,3,FALSE),"'!",$B$25,ROW($A2)+3))*About!$A$27} -> 0.038 | C2: =$B2+($F2-$B2)*(C$1-$B$1)/($F$1-$B$1) -> 0.0385 | D2: =$B2+($F2-$B2)*(D$1-$B$1)/($F$1-$B$1) -> 0.039 | E2: =$B2+($F2-$B2)*(E$1-$B$1)/($F$1-$B$1) -> 0.0395 | F2: {=INDIRECT(CONCATENATE("'",HLOOKUP(F$1,$B$21:$E$23,3,FALSE),"'!",$B$25,ROW($A2)+3))*About!$A$27} -> 0.04 | G2: =$F2+($K2-$F2)*(G$1-$F$1)/($K$1-$F$1) -> 0.0406 | H2: =$F2+($K2-$F2)*(H$1-$F$1)/($K$1-$F$1) -> 0.0412 | I2: =$F2+($K2-$F2)*(I$1-$F$1)/($K$1-$F$1) -> 0.0418 | J2: =$F2+($K2-$F2)*(J$1-$F$1)/($K$1-$F$1) -> 0.0424 | K2: {=INDIRECT(CONCATENATE("'",HLOOKUP(K$1,$B$21:$E$23,3,FALSE),"'!",$B$25,ROW($A2)+3))*About!$A$27} -> 0.043 | L2: =$K2+($P2-$K2)*(L$1-$K$1)/($P$1-$K$1) -> 0.0436 | M2: =$K2+($P2-$K2)*(M$1-$K$1)/($P$1-$K$1) -> 0.0442 | N2: =$K2+($P2-$K2)*(N$1-$K$1)/($P$1-$K$1) -> 0.0448 | O2: =$K2+($P2-$K2)*(O$1-$K$1)/($P$1-$K$1) -> 0.0454 | P2: {=INDIRECT(CONCATENATE("'",HLOOKUP(P$1,$B$21:$E$23,3,FALSE),"'!",$B$25,ROW($A2)+3))*About!$A$27} -> 0.046 | Q2: {=TREND($K2:$P2,$K$1:$P$1,Q$1)} -> 0.0466 | R2: {=TREND($K2:$P2,$K$1:$P$1,R$1)} -> 0.0472 | S2: {=TREND($K2:$P2,$K$1:$P$1,S$1)} -> 0.0478 | T2: {=TREND($K2:$P2,$K$1:$P$1,T$1)} -> 0.0484 | U2: {=TREND($K2:$P2,$K$1:$P$1,U$1)} -> 0.049 | V2: {=TREND($K2:$P2,$K$1:$P$1,V$1)} -> 0.0496 | W2: {=TREND($K2:$P2,$K$1:$P$1,W$1)} -> 0.0502 | X2: {=TREND($K2:$P2,$K$1:$P$1,X$1)} -> 0.0508 | ... AJ2: {=TREND($K2:$P2,$K$1:$P$1,AJ$1)} -> 0.058
A3: Respiratory emergency room visits | B3: {=INDIRECT(CONCATENATE("'",HLOOKUP(B$1,$B$21:$E$23,3,FALSE),"'!",$B$25,ROW($A3)+5))*About!$A$27} -> 0.022 | C3: =$B3+($F3-$B3)*(C$1-$B$1)/($F$1-$B$1) -> 0.02225 | D3: =$B3+($F3-$B3)*(D$1-$B$1)/($F$1-$B$1) -> 0.0225 | E3: =$B3+($F3-$B3)*(E$1-$B$1)/($F$1-$B$1) -> 0.02275 | F3: {=INDIRECT(CONCATENATE("'",HLOOKUP(F$1,$B$21:$E$23,3,FALSE),"'!",$B$25,ROW($A3)+5))*About!$A$27} -> 0.023 | G3: =$F3+($K3-$F3)*(G$1-$F$1)/($K$1-$F$1) -> 0.0232 | H3: =$F3+($K3-$F3)*(H$1-$F$1)/($K$1-$F$1) -> 0.0234 | I3: =$F3+($K3-$F3)*(I$1-$F$1)/($K$1-$F$1) -> 0.0236 | J3: =$F3+($K3-$F3)*(J$1-$F$1)/($K$1-$F$1) -> 0.0238 | K3: {=INDIRECT(CONCATENATE("'",HLOOKUP(K$1,$B$21:$E$23,3,FALSE),"'!",$B$25,ROW($A3)+5))*About!$A$27} -> 0.024 | L3: =$K3+($P3-$K3)*(L$1-$K$1)/($P$1-$K$1) -> 0.0242 | M3: =$K3+($P3-$K3)*(M$1-$K$1)/($P$1-$K$1) -> 0.0244 | N3: =$K3+($P3-$K3)*(N$1-$K$1)/($P$1-$K$1) -> 0.0246 | O3: =$K3+($P3-$K3)*(O$1-$K$1)/($P$1-$K$1) -> 0.0248 | P3: {=INDIRECT(CONCATENATE("'",HLOOKUP(P$1,$B$21:$E$23,3,FALSE),"'!",$B$25,ROW($A3)+5))*About!$A$27} -> 0.025 | Q3: {=TREND($K3:$P3,$K$1:$P$1,Q$1)} -> 0.0252 | R3: {=TREND($K3:$P3,$K$1:$P$1,R$1)} -> 0.0254 | S3: {=TREND($K3:$P3,$K$1:$P$1,S$1)} -> 0.0256 | T3: {=TREND($K3:$P3,$K$1:$P$1,T$1)} -> 0.0258 | U3: {=TREND($K3:$P3,$K$1:$P$1,U$1)} -> 0.026 | V3: {=TREND($K3:$P3,$K$1:$P$1,V$1)} -> 0.0262 | W3: {=TREND($K3:$P3,$K$1:$P$1,W$1)} -> 0.0264 | X3: {=TREND($K3:$P3,$K$1:$P$1,X$1)} -> 0.0266 | ... AJ3: {=TREND($K3:$P3,$K$1:$P$1,AJ$1)} -> 0.029
A4: Acute bronchitis | B4: {=INDIRECT(CONCATENATE("'",HLOOKUP(B$1,$B$21:$E$23,3,FALSE),"'!",$B$25,ROW($A4)+5))*About!$A$27} -> 0.054 | C4: =$B4+($F4-$B4)*(C$1-$B$1)/($F$1-$B$1) -> 0.054 | D4: =$B4+($F4-$B4)*(D$1-$B$1)/($F$1-$B$1) -> 0.054 | E4: =$B4+($F4-$B4)*(E$1-$B$1)/($F$1-$B$1) -> 0.054 | F4: {=INDIRECT(CONCATENATE("'",HLOOKUP(F$1,$B$21:$E$23,3,FALSE),"'!",$B$25,ROW($A4)+5))*About!$A$27} -> 0.054 | G4: =$F4+($K4-$F4)*(G$1-$F$1)/($K$1-$F$1) -> 0.0546 | H4: =$F4+($K4-$F4)*(H$1-$F$1)/($K$1-$F$1) -> 0.0552 | I4: =$F4+($K4-$F4)*(I$1-$F$1)/($K$1-$F$1) -> 0.0558 | J4: =$F4+($K4-$F4)*(J$1-$F$1)/($K$1-$F$1) -> 0.0564 | K4: {=INDIRECT(CONCATENATE("'",HLOOKUP(K$1,$B$21:$E$23,3,FALSE),"'!",$B$25,ROW($A4)+5))*About!$A$27} -> 0.057 | L4: =$K4+($P4-$K4)*(L$1-$K$1)/($P$1-$K$1) -> 0.058 | M4: =$K4+($P4-$K4)*(M$1-$K$1)/($P$1-$K$1) -> 0.059 | N4: =$K4+($P4-$K4)*(N$1-$K$1)/($P$1-$K$1) -> 0.06 | O4: =$K4+($P4-$K4)*(O$1-$K$1)/($P$1-$K$1) -> 0.061 | P4: {=INDIRECT(CONCATENATE("'",HLOOKUP(P$1,$B$21:$E$23,3,FALSE),"'!",$B$25,ROW($A4)+5))*About!$A$27} -> 0.062 | Q4: {=TREND($K4:$P4,$K$1:$P$1,Q$1)} -> 0.063 | R4: {=TREND($K4:$P4,$K$1:$P$1,R$1)} -> 0.064 | S4: {=TREND($K4:$P4,$K$1:$P$1,S$1)} -> 0.065 | T4: {=TREND($K4:$P4,$K$1:$P$1,T$1)} -> 0.066 | U4: {=TREND($K4:$P4,$K$1:$P$1,U$1)} -> 0.067 | V4: {=TREND($K4:$P4,$K$1:$P$1,V$1)} -> 0.068 | W4: {=TREND($K4:$P4,$K$1:$P$1,W$1)} -> 0.069 | X4: {=TREND($K4:$P4,$K$1:$P$1,X$1)} -> 0.07 | ... AJ4: {=TREND($K4:$P4,$K$1:$P$1,AJ$1)} -> 0.082
A5: Lower respiratory symptoms | B5: {=INDIRECT(CONCATENATE("'",HLOOKUP(B$1,$B$21:$E$23,3,FALSE),"'!",$B$25,ROW($A5)+5))*About!$A$27} -> 0.69 | C5: =$B5+($F5-$B5)*(C$1-$B$1)/($F$1-$B$1) -> 0.6925 | D5: =$B5+($F5-$B5)*(D$1-$B$1)/($F$1-$B$1) -> 0.695 | E5: =$B5+($F5-$B5)*(E$1-$B$1)/($F$1-$B$1) -> 0.6975 | F5: {=INDIRECT(CONCATENATE("'",HLOOKUP(F$1,$B$21:$E$23,3,FALSE),"'!",$B$25,ROW($A5)+5))*About!$A$27} -> 0.7 | G5: =$F5+($K5-$F5)*(G$1-$F$1)/($K$1-$F$1) -> 0.706 | H5: =$F5+($K5-$F5)*(H$1-$F$1)/($K$1-$F$1) -> 0.712 | I5: =$F5+($K5-$F5)*(I$1-$F$1)/($K$1-$F$1) -> 0.718 | J5: =$F5+($K5-$F5)*(J$1-$F$1)/($K$1-$F$1) -> 0.724 | K5: {=INDIRECT(CONCATENATE("'",HLOOKUP(K$1,$B$21:$E$23,3,FALSE),"'!",$B$25,ROW($A5)+5))*About!$A$27} -> 0.73 | L5: =$K5+($P5-$K5)*(L$1-$K$1)/($P$1-$K$1) -> 0.742 | M5: =$K5+($P5-$K5)*(M$1-$K$1)/($P$1-$K$1) -> 0.754 | N5: =$K5+($P5-$K5)*(N$1-$K$1)/($P$1-$K$1) -> 0.766 | O5: =$K5+($P5-$K5)*(O$1-$K$1)/($P$1-$K$1) -> 0.778 | P5: {=INDIRECT(CONCATENATE("'",HLOOKUP(P$1,$B$21:$E$23,3,FALSE),"'!",$B$25,ROW($A5)+5))*About!$A$27} -> 0.79 | Q5: {=TREND($K5:$P5,$K$1:$P$1,Q$1)} -> 0.802 | R5: {=TREND($K5:$P5,$K$1:$P$1,R$1)} -> 0.814 | S5: {=TREND($K5:$P5,$K$1:$P$1,S$1)} -> 0.826 | T5: {=TREND($K5:$P5,$K$1:$P$1,T$1)} -> 0.838 | U5: {=TREND($K5:$P5,$K$1:$P$1,U$1)} -> 0.85 | V5: {=TREND($K5:$P5,$K$1:$P$1,V$1)} -> 0.862 | W5: {=TREND($K5:$P5,$K$1:$P$1,W$1)} -> 0.874 | X5: {=TREND($K5:$P5,$K$1:$P$1,X$1)} -> 0.886 | ... AJ5: {=TREND($K5:$P5,$K$1:$P$1,AJ$1)} -> 1.03
A6: Upper respiratory symptoms | B6: {=INDIRECT(CONCATENATE("'",HLOOKUP(B$1,$B$21:$E$23,3,FALSE),"'!",$B$25,ROW($A6)+5))*About!$A$27} -> 0.99 | C6: =$B6+($F6-$B6)*(C$1-$B$1)/($F$1-$B$1) -> 0.9925 | D6: =$B6+($F6-$B6)*(D$1-$B$1)/($F$1-$B$1) -> 0.995 | E6: =$B6+($F6-$B6)*(E$1-$B$1)/($F$1-$B$1) -> 0.9975 | F6: {=INDIRECT(CONCATENATE("'",HLOOKUP(F$1,$B$21:$E$23,3,FALSE),"'!",$B$25,ROW($A6)+5))*About!$A$27} -> 1 | G6: =$F6+($K6-$F6)*(G$1-$F$1)/($K$1-$F$1) -> 1 | H6: =$F6+($K6-$F6)*(H$1-$F$1)/($K$1-$F$1) -> 1 | I6: =$F6+($K6-$F6)*(I$1-$F$1)/($K$1-$F$1) -> 1 | J6: =$F6+($K6-$F6)*(J$1-$F$1)/($K$1-$F$1) -> 1 | K6: {=INDIRECT(CONCATENATE("'",HLOOKUP(K$1,$B$21:$E$23,3,FALSE),"'!",$B$25,ROW($A6)+5))*About!$A$27} -> 1 | L6: =$K6+($P6-$K6)*(L$1-$K$1)/($P$1-$K$1) -> 1.02 | M6: =$K6+($P6-$K6)*(M$1-$K$1)/($P$1-$K$1) -> 1.04 | N6: =$K6+($P6-$K6)*(N$1-$K$1)/($P$1-$K$1) -> 1.06 | O6: =$K6+($P6-$K6)*(O$1-$K$1)/($P$1-$K$1) -> 1.08 | P6: {=INDIRECT(CONCATENATE("'",HLOOKUP(P$1,$B$21:$E$23,3,FALSE),"'!",$B$25,ROW($A6)+5))*About!$A$27} -> 1.1 | Q6: {=TREND($K6:$P6,$K$1:$P$1,Q$1)} -> 1.12 | R6: {=TREND($K6:$P6,$K$1:$P$1,R$1)} -> 1.14 | S6: {=TREND($K6:$P6,$K$1:$P$1,S$1)} -> 1.16 | T6: {=TREND($K6:$P6,$K$1:$P$1,T$1)} -> 1.18 | U6: {=TREND($K6:$P6,$K$1:$P$1,U$1)} -> 1.2 | V6: {=TREND($K6:$P6,$K$1:$P$1,V$1)} -> 1.22 | W6: {=TREND($K6:$P6,$K$1:$P$1,W$1)} -> 1.24 | X6: {=TREND($K6:$P6,$K$1:$P$1,X$1)} -> 1.26 | ... AJ6: {=TREND($K6:$P6,$K$1:$P$1,AJ$1)} -> 1.5
A7: Minor restricted activity days | B7: {=INDIRECT(CONCATENATE("'",HLOOKUP(B$1,$B$21:$E$23,3,FALSE),"'!",$B$25,ROW($A7)+5))*About!$A$27} -> 30 | C7: =$B7+($F7-$B7)*(C$1-$B$1)/($F$1-$B$1) -> 30 | D7: =$B7+($F7-$B7)*(D$1-$B$1)/($F$1-$B$1) -> 30 | E7: =$B7+($F7-$B7)*(E$1-$B$1)/($F$1-$B$1) -> 30 | F7: {=INDIRECT(CONCATENATE("'",HLOOKUP(F$1,$B$21:$E$23,3,FALSE),"'!",$B$25,ROW($A7)+5))*About!$A$27} -> 30 | G7: =$F7+($K7-$F7)*(G$1-$F$1)/($K$1-$F$1) -> 30.2 | H7: =$F7+($K7-$F7)*(H$1-$F$1)/($K$1-$F$1) -> 30.4 | I7: =$F7+($K7-$F7)*(I$1-$F$1)/($K$1-$F$1) -> 30.6 | J7: =$F7+($K7-$F7)*(J$1-$F$1)/($K$1-$F$1) -> 30.8 | K7: {=INDIRECT(CONCATENATE("'",HLOOKUP(K$1,$B$21:$E$23,3,FALSE),"'!",$B$25,ROW($A7)+5))*About!$A$27} -> 31 | L7: =$K7+($P7-$K7)*(L$1-$K$1)/($P$1-$K$1) -> 31.2 | M7: =$K7+($P7-$K7)*(M$1-$K$1)/($P$1-$K$1) -> 31.4 | N7: =$K7+($P7-$K7)*(N$1-$K$1)/($P$1-$K$1) -> 31.6 | O7: =$K7+($P7-$K7)*(O$1-$K$1)/($P$1-$K$1) -> 31.8 | P7: {=INDIRECT(CONCATENATE("'",HLOOKUP(P$1,$B$21:$E$23,3,FALSE),"'!",$B$25,ROW($A7)+5))*About!$A$27} -> 32 | Q7: {=TREND($K7:$P7,$K$1:$P$1,Q$1)} -> 32.2 | R7: {=TREND($K7:$P7,$K$1:$P$1,R$1)} -> 32.4 | S7: {=TREND($K7:$P7,$K$1:$P$1,S$1)} -> 32.6 | T7: {=TREND($K7:$P7,$K$1:$P$1,T$1)} -> 32.8 | U7: {=TREND($K7:$P7,$K$1:$P$1,U$1)} -> 33 | V7: {=TREND($K7:$P7,$K$1:$P$1,V$1)} -> 33.2 | W7: {=TREND($K7:$P7,$K$1:$P$1,W$1)} -> 33.4 | X7: {=TREND($K7:$P7,$K$1:$P$1,X$1)} -> 33.6 | ... AJ7: {=TREND($K7:$P7,$K$1:$P$1,AJ$1)} -> 36
A8: Work loss days | B8: {=INDIRECT(CONCATENATE("'",HLOOKUP(B$1,$B$21:$E$23,3,FALSE),"'!",$B$25,ROW($A8)+5))*About!$A$27} -> 5.1 | C8: =$B8+($F8-$B8)*(C$1-$B$1)/($F$1-$B$1) -> 5.125 | D8: =$B8+($F8-$B8)*(D$1-$B$1)/($F$1-$B$1) -> 5.15 | E8: =$B8+($F8-$B8)*(E$1-$B$1)/($F$1-$B$1) -> 5.175 | F8: {=INDIRECT(CONCATENATE("'",HLOOKUP(F$1,$B$21:$E$23,3,FALSE),"'!",$B$25,ROW($A8)+5))*About!$A$27} -> 5.2 | G8: =$F8+($K8-$F8)*(G$1-$F$1)/($K$1-$F$1) -> 5.22 | H8: =$F8+($K8-$F8)*(H$1-$F$1)/($K$1-$F$1) -> 5.24 | I8: =$F8+($K8-$F8)*(I$1-$F$1)/($K$1-$F$1) -> 5.26 | J8: =$F8+($K8-$F8)*(J$1-$F$1)/($K$1-$F$1) -> 5.28 | K8: {=INDIRECT(CONCATENATE("'",HLOOKUP(K$1,$B$21:$E$23,3,FALSE),"'!",$B$25,ROW($A8)+5))*About!$A$27} -> 5.3 | L8: =$K8+($P8-$K8)*(L$1-$K$1)/($P$1-$K$1) -> 5.32 | M8: =$K8+($P8-$K8)*(M$1-$K$1)/($P$1-$K$1) -> 5.34 | N8: =$K8+($P8-$K8)*(N$1-$K$1)/($P$1-$K$1) -> 5.36 | O8: =$K8+($P8-$K8)*(O$1-$K$1)/($P$1-$K$1) -> 5.38 | P8: {=INDIRECT(CONCATENATE("'",HLOOKUP(P$1,$B$21:$E$23,3,FALSE),"'!",$B$25,ROW($A8)+5))*About!$A$27} -> 5.4 | Q8: {=TREND($K8:$P8,$K$1:$P$1,Q$1)} -> 5.42 | R8: {=TREND($K8:$P8,$K$1:$P$1,R$1)} -> 5.44 | S8: {=TREND($K8:$P8,$K$1:$P$1,S$1)} -> 5.46 | T8: {=TREND($K8:$P8,$K$1:$P$1,T$1)} -> 5.48 | U8: {=TREND($K8:$P8,$K$1:$P$1,U$1)} -> 5.5 | V8: {=TREND($K8:$P8,$K$1:$P$1,V$1)} -> 5.52 | W8: {=TREND($K8:$P8,$K$1:$P$1,W$1)} -> 5.54 | X8: {=TREND($K8:$P8,$K$1:$P$1,X$1)} -> 5.56 | ... AJ8: {=TREND($K8:$P8,$K$1:$P$1,AJ$1)} -> 5.8
A9: Asthma exacerbation | B9: {=INDIRECT(CONCATENATE("'",HLOOKUP(B$1,$B$21:$E$23,3,FALSE),"'!",$B$25,ROW($A9)+5))*About!$A$27} -> 1.2 | C9: =$B9+($F9-$B9)*(C$1-$B$1)/($F$1-$B$1) -> 1.2 | D9: =$B9+($F9-$B9)*(D$1-$B$1)/($F$1-$B$1) -> 1.2 | E9: =$B9+($F9-$B9)*(E$1-$B$1)/($F$1-$B$1) -> 1.2 | F9: {=INDIRECT(CONCATENATE("'",HLOOKUP(F$1,$B$21:$E$23,3,FALSE),"'!",$B$25,ROW($A9)+5))*About!$A$27} -> 1.2 | G9: =$F9+($K9-$F9)*(G$1-$F$1)/($K$1-$F$1) -> 1.2 | H9: =$F9+($K9-$F9)*(H$1-$F$1)/($K$1-$F$1) -> 1.2 | I9: =$F9+($K9-$F9)*(I$1-$F$1)/($K$1-$F$1) -> 1.2 | J9: =$F9+($K9-$F9)*(J$1-$F$1)/($K$1-$F$1) -> 1.2 | K9: {=INDIRECT(CONCATENATE("'",HLOOKUP(K$1,$B$21:$E$23,3,FALSE),"'!",$B$25,ROW($A9)+5))*About!$A$27} -> 1.2 | L9: =$K9+($P9-$K9)*(L$1-$K$1)/($P$1-$K$1) -> 1.22 | M9: =$K9+($P9-$K9)*(M$1-$K$1)/($P$1-$K$1) -> 1.24 | N9: =$K9+($P9-$K9)*(N$1-$K$1)/($P$1-$K$1) -> 1.26 | O9: =$K9+($P9-$K9)*(O$1-$K$1)/($P$1-$K$1) -> 1.28 | P9: {=INDIRECT(CONCATENATE("'",HLOOKUP(P$1,$B$21:$E$23,3,FALSE),"'!",$B$25,ROW($A9)+5))*About!$A$27} -> 1.3 | Q9: {=TREND($K9:$P9,$K$1:$P$1,Q$1)} -> 1.32 | R9: {=TREND($K9:$P9,$K$1:$P$1,R$1)} -> 1.34 | S9: {=TREND($K9:$P9,$K$1:$P$1,S$1)} -> 1.36 | T9: {=TREND($K9:$P9,$K$1:$P$1,T$1)} -> 1.38 | U9: {=TREND($K9:$P9,$K$1:$P$1,U$1)} -> 1.4 | V9: {=TREND($K9:$P9,$K$1:$P$1,V$1)} -> 1.42 | W9: {=TREND($K9:$P9,$K$1:$P$1,W$1)} -> 1.44 | X9: {=TREND($K9:$P9,$K$1:$P$1,X$1)} -> 1.46 | ... AJ9: {=TREND($K9:$P9,$K$1:$P$1,AJ$1)} -> 1.7
A10: Cardiovascular hospital admissions | B10: {=INDIRECT(CONCATENATE("'",HLOOKUP(B$1,$B$21:$E$23,3,FALSE),"'!",$B$25,ROW($A10)+5))*About!$A$27} -> 0.0091 | C10: =$B10+($F10-$B10)*(C$1-$B$1)/($F$1-$B$1) -> 0.009275 | D10: =$B10+($F10-$B10)*(D$1-$B$1)/($F$1-$B$1) -> 0.00945 | E10: =$B10+($F10-$B10)*(E$1-$B$1)/($F$1-$B$1) -> 0.009625 | F10: {=INDIRECT(CONCATENATE("'",HLOOKUP(F$1,$B$21:$E$23,3,FALSE),"'!",$B$25,ROW($A10)+5))*About!$A$27} -> 0.0098 | G10: =$F10+($K10-$F10)*(G$1-$F$1)/($K$1-$F$1) -> 0.01004 | H10: =$F10+($K10-$F10)*(H$1-$F$1)/($K$1-$F$1) -> 0.01028 | I10: =$F10+($K10-$F10)*(I$1-$F$1)/($K$1-$F$1) -> 0.01052 | J10: =$F10+($K10-$F10)*(J$1-$F$1)/($K$1-$F$1) -> 0.01076 | K10: {=INDIRECT(CONCATENATE("'",HLOOKUP(K$1,$B$21:$E$23,3,FALSE),"'!",$B$25,ROW($A10)+5))*About!$A$27} -> 0.011 | L10: =$K10+($P10-$K10)*(L$1-$K$1)/($P$1-$K$1) -> 0.0112 | M10: =$K10+($P10-$K10)*(M$1-$K$1)/($P$1-$K$1) -> 0.0114 | N10: =$K10+($P10-$K10)*(N$1-$K$1)/($P$1-$K$1) -> 0.0116 | O10: =$K10+($P10-$K10)*(O$1-$K$1)/($P$1-$K$1) -> 0.0118 | P10: {=INDIRECT(CONCATENATE("'",HLOOKUP(P$1,$B$21:$E$23,3,FALSE),"'!",$B$25,ROW($A10)+5))*About!$A$27} -> 0.012 | Q10: {=TREND($K10:$P10,$K$1:$P$1,Q$1)} -> 0.0122 | R10: {=TREND($K10:$P10,$K$1:$P$1,R$1)} -> 0.0124 | S10: {=TREND($K10:$P10,$K$1:$P$1,S$1)} -> 0.0126 | T10: {=TREND($K10:$P10,$K$1:$P$1,T$1)} -> 0.0128 | U10: {=TREND($K10:$P10,$K$1:$P$1,U$1)} -> 0.013 | V10: {=TREND($K10:$P10,$K$1:$P$1,V$1)} -> 0.0132 | W10: {=TREND($K10:$P10,$K$1:$P$1,W$1)} -> 0.0134 | X10: {=TREND($K10:$P10,$K$1:$P$1,X$1)} -> 0.0136 | ... AJ10: {=TREND($K10:$P10,$K$1:$P$1,AJ$1)} -> 0.016
A11: Respiratory hospital admissions | B11: {=INDIRECT(CONCATENATE("'",HLOOKUP(B$1,$B$21:$E$23,3,FALSE),"'!",$B$25,ROW($A11)+5))*About!$A$27} -> 0.0086 | C11: =$B11+($F11-$B11)*(C$1-$B$1)/($F$1-$B$1) -> 0.0088 | D11: =$B11+($F11-$B11)*(D$1-$B$1)/($F$1-$B$1) -> 0.009 | E11: =$B11+($F11-$B11)*(E$1-$B$1)/($F$1-$B$1) -> 0.0092 | F11: {=INDIRECT(CONCATENATE("'",HLOOKUP(F$1,$B$21:$E$23,3,FALSE),"'!",$B$25,ROW($A11)+5))*About!$A$27} -> 0.0094 | G11: =$F11+($K11-$F11)*(G$1-$F$1)/($K$1-$F$1) -> 0.00972 | H11: =$F11+($K11-$F11)*(H$1-$F$1)/($K$1-$F$1) -> 0.01004 | I11: =$F11+($K11-$F11)*(I$1-$F$1)/($K$1-$F$1) -> 0.01036 | J11: =$F11+($K11-$F11)*(J$1-$F$1)/($K$1-$F$1) -> 0.01068 | K11: {=INDIRECT(CONCATENATE("'",HLOOKUP(K$1,$B$21:$E$23,3,FALSE),"'!",$B$25,ROW($A11)+5))*About!$A$27} -> 0.011 | L11: =$K11+($P11-$K11)*(L$1-$K$1)/($P$1-$K$1) -> 0.0112 | M11: =$K11+($P11-$K11)*(M$1-$K$1)/($P$1-$K$1) -> 0.0114 | N11: =$K11+($P11-$K11)*(N$1-$K$1)/($P$1-$K$1) -> 0.0116 | O11: =$K11+($P11-$K11)*(O$1-$K$1)/($P$1-$K$1) -> 0.0118 | P11: {=INDIRECT(CONCATENATE("'",HLOOKUP(P$1,$B$21:$E$23,3,FALSE),"'!",$B$25,ROW($A11)+5))*About!$A$27} -> 0.012 | Q11: {=TREND($K11:$P11,$K$1:$P$1,Q$1)} -> 0.0122 | R11: {=TREND($K11:$P11,$K$1:$P$1,R$1)} -> 0.0124 | S11: {=TREND($K11:$P11,$K$1:$P$1,S$1)} -> 0.0126 | T11: {=TREND($K11:$P11,$K$1:$P$1,T$1)} -> 0.0128 | U11: {=TREND($K11:$P11,$K$1:$P$1,U$1)} -> 0.013 | V11: {=TREND($K11:$P11,$K$1:$P$1,V$1)} -> 0.0132 | W11: {=TREND($K11:$P11,$K$1:$P$1,W$1)} -> 0.0134 | X11: {=TREND($K11:$P11,$K$1:$P$1,X$1)} -> 0.0136 | ... AJ11: {=TREND($K11:$P11,$K$1:$P$1,AJ$1)} -> 0.016
A12: Non-fatal heart attacks | B12: =SUM(INDIRECT(CONCATENATE("'",HLOOKUP(B$1,$B$21:$E$23,3,FALSE),"'!",$B$25,ROW($A12)+5,":",$B$25,ROW($A12)+6)))*About!$A$27 -> 0.0399 | C12: =$B12+($F12-$B12)*(C$1-$B$1)/($F$1-$B$1) -> 0.040725 | D12: =$B12+($F12-$B12)*(D$1-$B$1)/($F$1-$B$1) -> 0.04155 | E12: =$B12+($F12-$B12)*(E$1-$B$1)/($F$1-$B$1) -> 0.042375 | F12: =SUM(INDIRECT(CONCATENATE("'",HLOOKUP(F$1,$B$21:$E$23,3,FALSE),"'!",$B$25,ROW($A12)+5,":",$B$25,ROW($A12)+6)))*About!$A$27 -> 0.0432 | G12: =$F12+($K12-$F12)*(G$1-$F$1)/($K$1-$F$1) -> 0.0441 | H12: =$F12+($K12-$F12)*(H$1-$F$1)/($K$1-$F$1) -> 0.045 | I12: =$F12+($K12-$F12)*(I$1-$F$1)/($K$1-$F$1) -> 0.0459 | J12: =$F12+($K12-$F12)*(J$1-$F$1)/($K$1-$F$1) -> 0.0468 | K12: =SUM(INDIRECT(CONCATENATE("'",HLOOKUP(K$1,$B$21:$E$23,3,FALSE),"'!",$B$25,ROW($A12)+5,":",$B$25,ROW($A12)+6)))*About!$A$27 -> 0.0477 | L12: =$K12+($P12-$K12)*(L$1-$K$1)/($P$1-$K$1) -> 0.04858 | M12: =$K12+($P12-$K12)*(M$1-$K$1)/($P$1-$K$1) -> 0.04946 | N12: =$K12+($P12-$K12)*(N$1-$K$1)/($P$1-$K$1) -> 0.05034 | O12: =$K12+($P12-$K12)*(O$1-$K$1)/($P$1-$K$1) -> 0.05122 | P12: =SUM(INDIRECT(CONCATENATE("'",HLOOKUP(P$1,$B$21:$E$23,3,FALSE),"'!",$B$25,ROW($A12)+5,":",$B$25,ROW($A12)+6)))*About!$A$27 -> 0.0521 | Q12: {=TREND($K12:$P12,$K$1:$P$1,Q$1)} -> 0.05298 | R12: {=TREND($K12:$P12,$K$1:$P$1,R$1)} -> 0.05386 | S12: {=TREND($K12:$P12,$K$1:$P$1,S$1)} -> 0.05474 | T12: {=TREND($K12:$P12,$K$1:$P$1,T$1)} -> 0.05562 | U12: {=TREND($K12:$P12,$K$1:$P$1,U$1)} -> 0.0565 | V12: {=TREND($K12:$P12,$K$1:$P$1,V$1)} -> 0.05738 | W12: {=TREND($K12:$P12,$K$1:$P$1,W$1)} -> 0.05826 | X12: {=TREND($K12:$P12,$K$1:$P$1,X$1)} -> 0.05914 | ... AJ12: {=TREND($K12:$P12,$K$1:$P$1,AJ$1)} -> 0.0697
A16: Data for lookup functions (based on sheet name)
A17: sheet name | B17: {=MID(CELL("filename",A17),FIND("]",CELL("filename",A17))+1,255)} -> HOIpTP-buildings-PM25
A18: remove prefix | B18: =RIGHT(B17,LEN(B17)-7) -> buildings-PM25
A19: sector | B19: =LEFT(B18,FIND("-",B18)-1) -> buildings
A20: EPA source category | B20: =VLOOKUP($B$19,Mappings!$A$22:$B$26,COLUMN(Mappings!$B$21),FALSE) -> area sources
B21: 2016 | C21: 2020 | D21: 2025 | E21: 2030
A22: table number | B22: =VLOOKUP($B$20,Mappings!$A$3:$E$19,COLUMN(Mappings!B$2),FALSE) -> 11 | C22: =VLOOKUP($B$20,Mappings!$A$3:$E$19,COLUMN(Mappings!C$2),FALSE) -> 28 | D22: =VLOOKUP($B$20,Mappings!$A$3:$E$19,COLUMN(Mappings!D$2),FALSE) -> 45 | E22: =VLOOKUP($B$20,Mappings!$A$3:$E$19,COLUMN(Mappings!E$2),FALSE) -> 62
A23: sheet name | B23: =CONCATENATE("Table ",B22) -> Table 11 | C23: =CONCATENATE("Table ",C22) -> Table 28 | D23: =CONCATENATE("Table ",D22) -> Table 45 | E23: =CONCATENATE("Table ",E22) -> Table 62
A24: pollutant | B24: =REPLACE(B18,1,FIND("-",B18),"") -> PM25
A25: pollutant column number | B25: =VLOOKUP($B$24,Mappings!$A$29:$B$31,COLUMN(Mappings!$B$29),FALSE) -> D

Sheet HOIpTP-buildings-SO2
A1: Unit: incidents / ton pollutant | B1: 2016 | C1: 2017 | D1: 2018 | E1: 2019 | F1: 2020 | G1: 2021 | H1: 2022 | I1: 2023 | J1: 2024 | K1: 2025 | L1: 2026 | M1: 2027 | N1: 2028 | O1: 2029 | P1: 2030 | Q1: 2031 | R1: 2032 | S1: 2033 | T1: 2034 | U1: 2035 | V1: 2036 | W1: 2037 | X1: 2038 | Y1: 2039 | Z1: 2040 | AA1: 2041 | AB1: 2042 | AC1: 2043 | AD1: 2044 | AE1: 2045 | AF1: 2046 | AG1: 2047 | AH1: 2048 | AI1: 2049 | AJ1: 2050
A2: Premature mortality | B2: {=INDIRECT(CONCATENATE("'",HLOOKUP(B$1,$B$21:$E$23,3,FALSE),"'!",$B$25,ROW($A2)+3))*About!$A$27} -> 0.0058 | C2: =$B2+($F2-$B2)*(C$1-$B$1)/($F$1-$B$1) -> 0.00585 | D2: =$B2+($F2-$B2)*(D$1-$B$1)/($F$1-$B$1) -> 0.0059 | E2: =$B2+($F2-$B2)*(E$1-$B$1)/($F$1-$B$1) -> 0.00595 | F2: {=INDIRECT(CONCATENATE("'",HLOOKUP(F$1,$B$21:$E$23,3,FALSE),"'!",$B$25,ROW($A2)+3))*About!$A$27} -> 0.006 | G2: =$F2+($K2-$F2)*(G$1-$F$1)/($K$1-$F$1) -> 0.00608 | H2: =$F2+($K2-$F2)*(H$1-$F$1)/($K$1-$F$1) -> 0.00616 | I2: =$F2+($K2-$F2)*(I$1-$F$1)/($K$1-$F$1) -> 0.00624 | J2: =$F2+($K2-$F2)*(J$1-$F$1)/($K$1-$F$1) -> 0.00632 | K2: {=INDIRECT(CONCATENATE("'",HLOOKUP(K$1,$B$21:$E$23,3,FALSE),"'!",$B$25,ROW($A2)+3))*About!$A$27} -> 0.0064 | L2: =$K2+($P2-$K2)*(L$1-$K$1)/($P$1-$K$1) -> 0.00648 | M2: =$K2+($P2-$K2)*(M$1-$K$1)/($P$1-$K$1) -> 0.00656 | N2: =$K2+($P2-$K2)*(N$1-$K$1)/($P$1-$K$1) -> 0.00664 | O2: =$K2+($P2-$K2)*(O$1-$K$1)/($P$1-$K$1) -> 0.00672 | P2: {=INDIRECT(CONCATENATE("'",HLOOKUP(P$1,$B$21:$E$23,3,FALSE),"'!",$B$25,ROW($A2)+3))*About!$A$27} -> 0.0068 | Q2: {=TREND($K2:$P2,$K$1:$P$1,Q$1)} -> 0.00688 | R2: {=TREND($K2:$P2,$K$1:$P$1,R$1)} -> 0.00696 | S2: {=TREND($K2:$P2,$K$1:$P$1,S$1)} -> 0.00704 | T2: {=TREND($K2:$P2,$K$1:$P$1,T$1)} -> 0.00712 | U2: {=TREND($K2:$P2,$K$1:$P$1,U$1)} -> 0.0072 | V2: {=TREND($K2:$P2,$K$1:$P$1,V$1)} -> 0.00728 | W2: {=TREND($K2:$P2,$K$1:$P$1,W$1)} -> 0.00736 | X2: {=TREND($K2:$P2,$K$1:$P$1,X$1)} -> 0.00744 | ... AJ2: {=TREND($K2:$P2,$K$1:$P$1,AJ$1)} -> 0.0084
A3: Respiratory emergency room visits | B3: {=INDIRECT(CONCATENATE("'",HLOOKUP(B$1,$B$21:$E$23,3,FALSE),"'!",$B$25,ROW($A3)+5))*About!$A$27} -> 0.0034 | C3: =$B3+($F3-$B3)*(C$1-$B$1)/($F$1-$B$1) -> 0.003425 | D3: =$B3+($F3-$B3)*(D$1-$B$1)/($F$1-$B$1) -> 0.00345 | E3: =$B3+($F3-$B3)*(E$1-$B$1)/($F$1-$B$1) -> 0.003475 | F3: {=INDIRECT(CONCATENATE("'",HLOOKUP(F$1,$B$21:$E$23,3,FALSE),"'!",$B$25,ROW($A3)+5))*About!$A$27} -> 0.0035 | G3: =$F3+($K3-$F3)*(G$1-$F$1)/($K$1-$F$1) -> 0.00354 | H3: =$F3+($K3-$F3)*(H$1-$F$1)/($K$1-$F$1) -> 0.00358 | I3: =$F3+($K3-$F3)*(I$1-$F$1)/($K$1-$F$1) -> 0.00362 | J3: =$F3+($K3-$F3)*(J$1-$F$1)/($K$1-$F$1) -> 0.00366 | K3: {=INDIRECT(CONCATENATE("'",HLOOKUP(K$1,$B$21:$E$23,3,FALSE),"'!",$B$25,ROW($A3)+5))*About!$A$27} -> 0.0037 | L3: =$K3+($P3-$K3)*(L$1-$K$1)/($P$1-$K$1) -> 0.00372 | M3: =$K3+($P3-$K3)*(M$1-$K$1)/($P$1-$K$1) -> 0.00374 | N3: =$K3+($P3-$K3)*(N$1-$K$1)/($P$1-$K$1) -> 0.00376 | O3: =$K3+($P3-$K3)*(O$1-$K$1)/($P$1-$K$1) -> 0.00378 | P3: {=INDIRECT(CONCATENATE("'",HLOOKUP(P$1,$B$21:$E$23,3,FALSE),"'!",$B$25,ROW($A3)+5))*About!$A$27} -> 0.0038 | Q3: {=TREND($K3:$P3,$K$1:$P$1,Q$1)} -> 0.00382 | R3: {=TREND($K3:$P3,$K$1:$P$1,R$1)} -> 0.00384 | S3: {=TREND($K3:$P3,$K$1:$P$1,S$1)} -> 0.00386 | T3: {=TREND($K3:$P3,$K$1:$P$1,T$1)} -> 0.00388 | U3: {=TREND($K3:$P3,$K$1:$P$1,U$1)} -> 0.0039 | V3: {=TREND($K3:$P3,$K$1:$P$1,V$1)} -> 0.00392 | W3: {=TREND($K3:$P3,$K$1:$P$1,W$1)} -> 0.00394 | X3: {=TREND($K3:$P3,$K$1:$P$1,X$1)} -> 0.00396 | ... AJ3: {=TREND($K3:$P3,$K$1:$P$1,AJ$1)} -> 0.0042
A4: Acute bronchitis | B4: {=INDIRECT(CONCATENATE("'",HLOOKUP(B$1,$B$21:$E$23,3,FALSE),"'!",$B$25,ROW($A4)+5))*About!$A$27} -> 0.0079 | C4: =$B4+($F4-$B4)*(C$1-$B$1)/($F$1-$B$1) -> 0.007925 | D4: =$B4+($F4-$B4)*(D$1-$B$1)/($F$1-$B$1) -> 0.00795 | E4: =$B4+($F4-$B4)*(E$1-$B$1)/($F$1-$B$1) -> 0.007975 | F4: {=INDIRECT(CONCATENATE("'",HLOOKUP(F$1,$B$21:$E$23,3,FALSE),"'!",$B$25,ROW($A4)+5))*About!$A$27} -> 0.008 | G4: =$F4+($K4-$F4)*(G$1-$F$1)/($K$1-$F$1) -> 0.00808 | H4: =$F4+($K4-$F4)*(H$1-$F$1)/($K$1-$F$1) -> 0.00816 | I4: =$F4+($K4-$F4)*(I$1-$F$1)/($K$1-$F$1) -> 0.00824 | J4: =$F4+($K4-$F4)*(J$1-$F$1)/($K$1-$F$1) -> 0.00832 | K4: {=INDIRECT(CONCATENATE("'",HLOOKUP(K$1,$B$21:$E$23,3,FALSE),"'!",$B$25,ROW($A4)+5))*About!$A$27} -> 0.0084 | L4: =$K4+($P4-$K4)*(L$1-$K$1)/($P$1-$K$1) -> 0.00852 | M4: =$K4+($P4-$K4)*(M$1-$K$1)/($P$1-$K$1) -> 0.00864 | N4: =$K4+($P4-$K4)*(N$1-$K$1)/($P$1-$K$1) -> 0.00876 | O4: =$K4+($P4-$K4)*(O$1-$K$1)/($P$1-$K$1) -> 0.00888 | P4: {=INDIRECT(CONCATENATE("'",HLOOKUP(P$1,$B$21:$E$23,3,FALSE),"'!",$B$25,ROW($A4)+5))*About!$A$27} -> 0.009 | Q4: {=TREND($K4:$P4,$K$1:$P$1,Q$1)} -> 0.00912 | R4: {=TREND($K4:$P4,$K$1:$P$1,R$1)} -> 0.00924 | S4: {=TREND($K4:$P4,$K$1:$P$1,S$1)} -> 0.00936 | T4: {=TREND($K4:$P4,$K$1:$P$1,T$1)} -> 0.00948 | U4: {=TREND($K4:$P4,$K$1:$P$1,U$1)} -> 0.0096 | V4: {=TREND($K4:$P4,$K$1:$P$1,V$1)} -> 0.00972 | W4: {=TREND($K4:$P4,$K$1:$P$1,W$1)} -> 0.00984 | X4: {=TREND($K4:$P4,$K$1:$P$1,X$1)} -> 0.00996 | ... AJ4: {=TREND($K4:$P4,$K$1:$P$1,AJ$1)} -> 0.0114
A5: Lower respiratory symptoms | B5: {=INDIRECT(CONCATENATE("'",HLOOKUP(B$1,$B$21:$E$23,3,FALSE),"'!",$B$25,ROW($A5)+5))*About!$A$27} -> 0.1 | C5: =$B5+($F5-$B5)*(C$1-$B$1)/($F$1-$B$1) -> 0.1 | D5: =$B5+($F5-$B5)*(D$1-$B$1)/($F$1-$B$1) -> 0.1 | E5: =$B5+($F5-$B5)*(E$1-$B$1)/($F$1-$B$1) -> 0.1 | F5: {=INDIRECT(CONCATENATE("'",HLOOKUP(F$1,$B$21:$E$23,3,FALSE),"'!",$B$25,ROW($A5)+5))*About!$A$27} -> 0.1 | G5: =$F5+($K5-$F5)*(G$1-$F$1)/($K$1-$F$1) -> 0.102 | H5: =$F5+($K5-$F5)*(H$1-$F$1)/($K$1-$F$1) -> 0.104 | I5: =$F5+($K5-$F5)*(I$1-$F$1)/($K$1-$F$1) -> 0.106 | J5: =$F5+($K5-$F5)*(J$1-$F$1)/($K$1-$F$1) -> 0.108 | K5: {=INDIRECT(CONCATENATE("'",HLOOKUP(K$1,$B$21:$E$23,3,FALSE),"'!",$B$25,ROW($A5)+5))*About!$A$27} -> 0.11 | L5: =$K5+($P5-$K5)*(L$1-$K$1)/($P$1-$K$1) -> 0.112 | M5: =$K5+($P5-$K5)*(M$1-$K$1)/($P$1-$K$1) -> 0.114 | N5: =$K5+($P5-$K5)*(N$1-$K$1)/($P$1-$K$1) -> 0.116 | O5: =$K5+($P5-$K5)*(O$1-$K$1)/($P$1-$K$1) -> 0.118 | P5: {=INDIRECT(CONCATENATE("'",HLOOKUP(P$1,$B$21:$E$23,3,FALSE),"'!",$B$25,ROW($A5)+5))*About!$A$27} -> 0.12 | Q5: {=TREND($K5:$P5,$K$1:$P$1,Q$1)} -> 0.122 | R5: {=TREND($K5:$P5,$K$1:$P$1,R$1)} -> 0.124 | S5: {=TREND($K5:$P5,$K$1:$P$1,S$1)} -> 0.126 | T5: {=TREND($K5:$P5,$K$1:$P$1,T$1)} -> 0.128 | U5: {=TREND($K5:$P5,$K$1:$P$1,U$1)} -> 0.13 | V5: {=TREND($K5:$P5,$K$1:$P$1,V$1)} -> 0.132 | W5: {=TREND($K5:$P5,$K$1:$P$1,W$1)} -> 0.134 | X5: {=TREND($K5:$P5,$K$1:$P$1,X$1)} -> 0.136 | ... AJ5: {=TREND($K5:$P5,$K$1:$P$1,AJ$1)} -> 0.16
A6: Upper respiratory symptoms | B6: {=INDIRECT(CONCATENATE("'",HLOOKUP(B$1,$B$21:$E$23,3,FALSE),"'!",$B$25,ROW($A6)+5))*About!$A$27} -> 0.15 | C6: =$B6+($F6-$B6)*(C$1-$B$1)/($F$1-$B$1) -> 0.15 | D6: =$B6+($F6-$B6)*(D$1-$B$1)/($F$1-$B$1) -> 0.15 | E6: =$B6+($F6-$B6)*(E$1-$B$1)/($F$1-$B$1) -> 0.15 | F6: {=INDIRECT(CONCATENATE("'",HLOOKUP(F$1,$B$21:$E$23,3,FALSE),"'!",$B$25,ROW($A6)+5))*About!$A$27} -> 0.15 | G6: =$F6+($K6-$F6)*(G$1-$F$1)/($K$1-$F$1) -> 0.15 | H6: =$F6+($K6-$F6)*(H$1-$F$1)/($K$1-$F$1) -> 0.15 | I6: =$F6+($K6-$F6)*(I$1-$F$1)/($K$1-$F$1) -> 0.15 | J6: =$F6+($K6-$F6)*(J$1-$F$1)/($K$1-$F$1) -> 0.15 | K6: {=INDIRECT(CONCATENATE("'",HLOOKUP(K$1,$B$21:$E$23,3,FALSE),"'!",$B$25,ROW($A6)+5))*About!$A$27} -> 0.15 | L6: =$K6+($P6-$K6)*(L$1-$K$1)/($P$1-$K$1) -> 0.154 | M6: =$K6+($P6-$K6)*(M$1-$K$1)/($P$1-$K$1) -> 0.158 | N6: =$K6+($P6-$K6)*(N$1-$K$1)/($P$1-$K$1) -> 0.162 | O6: =$K6+($P6-$K6)*(O$1-$K$1)/($P$1-$K$1) -> 0.166 | P6: {=INDIRECT(CONCATENATE("'",HLOOKUP(P$1,$B$21:$E$23,3,FALSE),"'!",$B$25,ROW($A6)+5))*About!$A$27} -> 0.17 | Q6: {=TREND($K6:$P6,$K$1:$P$1,Q$1)} -> 0.174 | R6: {=TREND($K6:$P6,$K$1:$P$1,R$1)} -> 0.178 | S6: {=TREND($K6:$P6,$K$1:$P$1,S$1)} -> 0.182 | T6: {=TREND($K6:$P6,$K$1:$P$1,T$1)} -> 0.186 | U6: {=TREND($K6:$P6,$K$1:$P$1,U$1)} -> 0.19 | V6: {=TREND($K6:$P6,$K$1:$P$1,V$1)} -> 0.194 | W6: {=TREND($K6:$P6,$K$1:$P$1,W$1)} -> 0.198 | X6: {=TREND($K6:$P6,$K$1:$P$1,X$1)} -> 0.202 | ... AJ6: {=TREND($K6:$P6,$K$1:$P$1,AJ$1)} -> 0.25
A7: Minor restricted activity days | B7: {=INDIRECT(CONCATENATE("'",HLOOKUP(B$1,$B$21:$E$23,3,FALSE),"'!",$B$25,ROW($A7)+5))*About!$A$27} -> 4.4 | C7: =$B7+($F7-$B7)*(C$1-$B$1)/($F$1-$B$1) -> 4.425 | D7: =$B7+($F7-$B7)*(D$1-$B$1)/($F$1-$B$1) -> 4.45 | E7: =$B7+($F7-$B7)*(E$1-$B$1)/($F$1-$B$1) -> 4.475 | F7: {=INDIRECT(CONCATENATE("'",HLOOKUP(F$1,$B$21:$E$23,3,FALSE),"'!",$B$25,ROW($A7)+5))*About!$A$27} -> 4.5 | G7: =$F7+($K7-$F7)*(G$1-$F$1)/($K$1-$F$1) -> 4.5 | H7: =$F7+($K7-$F7)*(H$1-$F$1)/($K$1-$F$1) -> 4.5 | I7: =$F7+($K7-$F7)*(I$1-$F$1)/($K$1-$F$1) -> 4.5 | J7: =$F7+($K7-$F7)*(J$1-$F$1)/($K$1-$F$1) -> 4.5 | K7: {=INDIRECT(CONCATENATE("'",HLOOKUP(K$1,$B$21:$E$23,3,FALSE),"'!",$B$25,ROW($A7)+5))*About!$A$27} -> 4.5 | L7: =$K7+($P7-$K7)*(L$1-$K$1)/($P$1-$K$1) -> 4.52 | M7: =$K7+($P7-$K7)*(M$1-$K$1)/($P$1-$K$1) -> 4.54 | N7: =$K7+($P7-$K7)*(N$1-$K$1)/($P$1-$K$1) -> 4.56 | O7: =$K7+($P7-$K7)*(O$1-$K$1)/($P$1-$K$1) -> 4.58 | P7: {=INDIRECT(CONCATENATE("'",HLOOKUP(P$1,$B$21:$E$23,3,FALSE),"'!",$B$25,ROW($A7)+5))*About!$A$27} -> 4.6 | Q7: {=TREND($K7:$P7,$K$1:$P$1,Q$1)} -> 4.62 | R7: {=TREND($K7:$P7,$K$1:$P$1,R$1)} -> 4.64 | S7: {=TREND($K7:$P7,$K$1:$P$1,S$1)} -> 4.66 | T7: {=TREND($K7:$P7,$K$1:$P$1,T$1)} -> 4.68 | U7: {=TREND($K7:$P7,$K$1:$P$1,U$1)} -> 4.7 | V7: {=TREND($K7:$P7,$K$1:$P$1,V$1)} -> 4.72 | W7: {=TREND($K7:$P7,$K$1:$P$1,W$1)} -> 4.74 | X7: {=TREND($K7:$P7,$K$1:$P$1,X$1)} -> 4.76 | ... AJ7: {=TREND($K7:$P7,$K$1:$P$1,AJ$1)} -> 5
A8: Work loss days | B8: {=INDIRECT(CONCATENATE("'",HLOOKUP(B$1,$B$21:$E$23,3,FALSE),"'!",$B$25,ROW($A8)+5))*About!$A$27} -> 0.74 | C8: =$B8+($F8-$B8)*(C$1-$B$1)/($F$1-$B$1) -> 0.745 | D8: =$B8+($F8-$B8)*(D$1-$B$1)/($F$1-$B$1) -> 0.75 | E8: =$B8+($F8-$B8)*(E$1-$B$1)/($F$1-$B$1) -> 0.755 | F8: {=INDIRECT(CONCATENATE("'",HLOOKUP(F$1,$B$21:$E$23,3,FALSE),"'!",$B$25,ROW($A8)+5))*About!$A$27} -> 0.76 | G8: =$F8+($K8-$F8)*(G$1-$F$1)/($K$1-$F$1) -> 0.762 | H8: =$F8+($K8-$F8)*(H$1-$F$1)/($K$1-$F$1) -> 0.764 | I8: =$F8+($K8-$F8)*(I$1-$F$1)/($K$1-$F$1) -> 0.766 | J8: =$F8+($K8-$F8)*(J$1-$F$1)/($K$1-$F$1) -> 0.768 | K8: {=INDIRECT(CONCATENATE("'",HLOOKUP(K$1,$B$21:$E$23,3,FALSE),"'!",$B$25,ROW($A8)+5))*About!$A$27} -> 0.77 | L8: =$K8+($P8-$K8)*(L$1-$K$1)/($P$1-$K$1) -> 0.774 | M8: =$K8+($P8-$K8)*(M$1-$K$1)/($P$1-$K$1) -> 0.778 | N8: =$K8+($P8-$K8)*(N$1-$K$1)/($P$1-$K$1) -> 0.782 | O8: =$K8+($P8-$K8)*(O$1-$K$1)/($P$1-$K$1) -> 0.786 | P8: {=INDIRECT(CONCATENATE("'",HLOOKUP(P$1,$B$21:$E$23,3,FALSE),"'!",$B$25,ROW($A8)+5))*About!$A$27} -> 0.79 | Q8: {=TREND($K8:$P8,$K$1:$P$1,Q$1)} -> 0.794 | R8: {=TREND($K8:$P8,$K$1:$P$1,R$1)} -> 0.798 | S8: {=TREND($K8:$P8,$K$1:$P$1,S$1)} -> 0.802 | T8: {=TREND($K8:$P8,$K$1:$P$1,T$1)} -> 0.806 | U8: {=TREND($K8:$P8,$K$1:$P$1,U$1)} -> 0.81 | V8: {=TREND($K8:$P8,$K$1:$P$1,V$1)} -> 0.814 | W8: {=TREND($K8:$P8,$K$1:$P$1,W$1)} -> 0.818 | X8: {=TREND($K8:$P8,$K$1:$P$1,X$1)} -> 0.822 | ... AJ8: {=TREND($K8:$P8,$K$1:$P$1,AJ$1)} -> 0.87
A9: Asthma exacerbation | B9: {=INDIRECT(CONCATENATE("'",HLOOKUP(B$1,$B$21:$E$23,3,FALSE),"'!",$B$25,ROW($A9)+5))*About!$A$27} -> 0.17 | C9: =$B9+($F9-$B9)*(C$1-$B$1)/($F$1-$B$1) -> 0.17 | D9: =$B9+($F9-$B9)*(D$1-$B$1)/($F$1-$B$1) -> 0.17 | E9: =$B9+($F9-$B9)*(E$1-$B$1)/($F$1-$B$1) -> 0.17 | F9: {=INDIRECT(CONCATENATE("'",HLOOKUP(F$1,$B$21:$E$23,3,FALSE),"'!",$B$25,ROW($A9)+5))*About!$A$27} -> 0.17 | G9: =$F9+($K9-$F9)*(G$1-$F$1)/($K$1-$F$1) -> 0.172 | H9: =$F9+($K9-$F9)*(H$1-$F$1)/($K$1-$F$1) -> 0.174 | I9: =$F9+($K9-$F9)*(I$1-$F$1)/($K$1-$F$1) -> 0.176 | J9: =$F9+($K9-$F9)*(J$1-$F$1)/($K$1-$F$1) -> 0.178 | K9: {=INDIRECT(CONCATENATE("'",HLOOKUP(K$1,$B$21:$E$23,3,FALSE),"'!",$B$25,ROW($A9)+5))*About!$A$27} -> 0.18 | L9: =$K9+($P9-$K9)*(L$1-$K$1)/($P$1-$K$1) -> 0.182 | M9: =$K9+($P9-$K9)*(M$1-$K$1)/($P$1-$K$1) -> 0.184 | N9: =$K9+($P9-$K9)*(N$1-$K$1)/($P$1-$K$1) -> 0.186 | O9: =$K9+($P9-$K9)*(O$1-$K$1)/($P$1-$K$1) -> 0.188 | P9: {=INDIRECT(CONCATENATE("'",HLOOKUP(P$1,$B$21:$E$23,3,FALSE),"'!",$B$25,ROW($A9)+5))*About!$A$27} -> 0.19 | Q9: {=TREND($K9:$P9,$K$1:$P$1,Q$1)} -> 0.192 | R9: {=TREND($K9:$P9,$K$1:$P$1,R$1)} -> 0.194 | S9: {=TREND($K9:$P9,$K$1:$P$1,S$1)} -> 0.196 | T9: {=TREND($K9:$P9,$K$1:$P$1,T$1)} -> 0.198 | U9: {=TREND($K9:$P9,$K$1:$P$1,U$1)} -> 0.2 | V9: {=TREND($K9:$P9,$K$1:$P$1,V$1)} -> 0.202 | W9: {=TREND($K9:$P9,$K$1:$P$1,W$1)} -> 0.204 | X9: {=TREND($K9:$P9,$K$1:$P$1,X$1)} -> 0.206 | ... AJ9: {=TREND($K9:$P9,$K$1:$P$1,AJ$1)} -> 0.23
A10: Cardiovascular hospital admissions | B10: {=INDIRECT(CONCATENATE("'",HLOOKUP(B$1,$B$21:$E$23,3,FALSE),"'!",$B$25,ROW($A10)+5))*About!$A$27} -> 0.0014 | C10: =$B10+($F10-$B10)*(C$1-$B$1)/($F$1-$B$1) -> 0.001425 | D10: =$B10+($F10-$B10)*(D$1-$B$1)/($F$1-$B$1) -> 0.00145 | E10: =$B10+($F10-$B10)*(E$1-$B$1)/($F$1-$B$1) -> 0.001475 | F10: {=INDIRECT(CONCATENATE("'",HLOOKUP(F$1,$B$21:$E$23,3,FALSE),"'!",$B$25,ROW($A10)+5))*About!$A$27} -> 0.0015 | G10: =$F10+($K10-$F10)*(G$1-$F$1)/($K$1-$F$1) -> 0.00154 | H10: =$F10+($K10-$F10)*(H$1-$F$1)/($K$1-$F$1) -> 0.00158 | I10: =$F10+($K10-$F10)*(I$1-$F$1)/($K$1-$F$1) -> 0.00162 | J10: =$F10+($K10-$F10)*(J$1-$F$1)/($K$1-$F$1) -> 0.00166 | K10: {=INDIRECT(CONCATENATE("'",HLOOKUP(K$1,$B$21:$E$23,3,FALSE),"'!",$B$25,ROW($A10)+5))*About!$A$27} -> 0.0017 | L10: =$K10+($P10-$K10)*(L$1-$K$1)/($P$1-$K$1) -> 0.00172 | M10: =$K10+($P10-$K10)*(M$1-$K$1)/($P$1-$K$1) -> 0.00174 | N10: =$K10+($P10-$K10)*(N$1-$K$1)/($P$1-$K$1) -> 0.00176 | O10: =$K10+($P10-$K10)*(O$1-$K$1)/($P$1-$K$1) -> 0.00178 | P10: {=INDIRECT(CONCATENATE("'",HLOOKUP(P$1,$B$21:$E$23,3,FALSE),"'!",$B$25,ROW($A10)+5))*About!$A$27} -> 0.0018 | Q10: {=TREND($K10:$P10,$K$1:$P$1,Q$1)} -> 0.00182 | R10: {=TREND($K10:$P10,$K$1:$P$1,R$1)} -> 0.00184 | S10: {=TREND($K10:$P10,$K$1:$P$1,S$1)} -> 0.00186 | T10: {=TREND($K10:$P10,$K$1:$P$1,T$1)} -> 0.00188 | U10: {=TREND($K10:$P10,$K$1:$P$1,U$1)} -> 0.0019 | V10: {=TREND($K10:$P10,$K$1:$P$1,V$1)} -> 0.00192 | W10: {=TREND($K10:$P10,$K$1:$P$1,W$1)} -> 0.00194 | X10: {=TREND($K10:$P10,$K$1:$P$1,X$1)} -> 0.00196 | ... AJ10: {=TREND($K10:$P10,$K$1:$P$1,AJ$1)} -> 0.0022
A11: Respiratory hospital admissions | B11: {=INDIRECT(CONCATENATE("'",HLOOKUP(B$1,$B$21:$E$23,3,FALSE),"'!",$B$25,ROW($A11)+5))*About!$A$27} -> 0.0013 | C11: =$B11+($F11-$B11)*(C$1-$B$1)/($F$1-$B$1) -> 0.00135 | D11: =$B11+($F11-$B11)*(D$1-$B$1)/($F$1-$B$1) -> 0.0014 | E11: =$B11+($F11-$B11)*(E$1-$B$1)/($F$1-$B$1) -> 0.00145 | F11: {=INDIRECT(CONCATENATE("'",HLOOKUP(F$1,$B$21:$E$23,3,FALSE),"'!",$B$25,ROW($A11)+5))*About!$A$27} -> 0.0015 | G11: =$F11+($K11-$F11)*(G$1-$F$1)/($K$1-$F$1) -> 0.00152 | H11: =$F11+($K11-$F11)*(H$1-$F$1)/($K$1-$F$1) -> 0.00154 | I11: =$F11+($K11-$F11)*(I$1-$F$1)/($K$1-$F$1) -> 0.00156 | J11: =$F11+($K11-$F11)*(J$1-$F$1)/($K$1-$F$1) -> 0.00158 | K11: {=INDIRECT(CONCATENATE("'",HLOOKUP(K$1,$B$21:$E$23,3,FALSE),"'!",$B$25,ROW($A11)+5))*About!$A$27} -> 0.0016 | L11: =$K11+($P11-$K11)*(L$1-$K$1)/($P$1-$K$1) -> 0.00164 | M11: =$K11+($P11-$K11)*(M$1-$K$1)/($P$1-$K$1) -> 0.00168 | N11: =$K11+($P11-$K11)*(N$1-$K$1)/($P$1-$K$1) -> 0.00172 | O11: =$K11+($P11-$K11)*(O$1-$K$1)/($P$1-$K$1) -> 0.00176 | P11: {=INDIRECT(CONCATENATE("'",HLOOKUP(P$1,$B$21:$E$23,3,FALSE),"'!",$B$25,ROW($A11)+5))*About!$A$27} -> 0.0018 | Q11: {=TREND($K11:$P11,$K$1:$P$1,Q$1)} -> 0.00184 | R11: {=TREND($K11:$P11,$K$1:$P$1,R$1)} -> 0.00188 | S11: {=TREND($K11:$P11,$K$1:$P$1,S$1)} -> 0.00192 | T11: {=TREND($K11:$P11,$K$1:$P$1,T$1)} -> 0.00196 | U11: {=TREND($K11:$P11,$K$1:$P$1,U$1)} -> 0.002 | V11: {=TREND($K11:$P11,$K$1:$P$1,V$1)} -> 0.00204 | W11: {=TREND($K11:$P11,$K$1:$P$1,W$1)} -> 0.00208 | X11: {=TREND($K11:$P11,$K$1:$P$1,X$1)} -> 0.00212 | ... AJ11: {=TREND($K11:$P11,$K$1:$P$1,AJ$1)} -> 0.0026
A12: Non-fatal heart attacks | B12: =SUM(INDIRECT(CONCATENATE("'",HLOOKUP(B$1,$B$21:$E$23,3,FALSE),"'!",$B$25,ROW($A12)+5,":",$B$25,ROW($A12)+6)))*About!$A$27 -> 0.0061 | C12: =$B12+($F12-$B12)*(C$1-$B$1)/($F$1-$B$1) -> 0.0062375 | D12: =$B12+($F12-$B12)*(D$1-$B$1)/($F$1-$B$1) -> 0.006375 | E12: =$B12+($F12-$B12)*(E$1-$B$1)/($F$1-$B$1) -> 0.0065125 | F12: =SUM(INDIRECT(CONCATENATE("'",HLOOKUP(F$1,$B$21:$E$23,3,FALSE),"'!",$B$25,ROW($A12)+5,":",$B$25,ROW($A12)+6)))*About!$A$27 -> 0.00665 | G12: =$F12+($K12-$F12)*(G$1-$F$1)/($K$1-$F$1) -> 0.006762 | H12: =$F12+($K12-$F12)*(H$1-$F$1)/($K$1-$F$1) -> 0.006874 | I12: =$F12+($K12-$F12)*(I$1-$F$1)/($K$1-$F$1) -> 0.006986 | J12: =$F12+($K12-$F12)*(J$1-$F$1)/($K$1-$F$1) -> 0.007098 | K12: =SUM(INDIRECT(CONCATENATE("'",HLOOKUP(K$1,$B$21:$E$23,3,FALSE),"'!",$B$25,ROW($A12)+5,":",$B$25,ROW($A12)+6)))*About!$A$27 -> 0.00721 | L12: =$K12+($P12-$K12)*(L$1-$K$1)/($P$1-$K$1) -> 0.007342 | M12: =$K12+($P12-$K12)*(M$1-$K$1)/($P$1-$K$1) -> 0.007474 | N12: =$K12+($P12-$K12)*(N$1-$K$1)/($P$1-$K$1) -> 0.007606 | O12: =$K12+($P12-$K12)*(O$1-$K$1)/($P$1-$K$1) -> 0.007738 | P12: =SUM(INDIRECT(CONCATENATE("'",HLOOKUP(P$1,$B$21:$E$23,3,FALSE),"'!",$B$25,ROW($A12)+5,":",$B$25,ROW($A12)+6)))*About!$A$27 -> 0.00787 | Q12: {=TREND($K12:$P12,$K$1:$P$1,Q$1)} -> 0.008002 | R12: {=TREND($K12:$P12,$K$1:$P$1,R$1)} -> 0.008134 | S12: {=TREND($K12:$P12,$K$1:$P$1,S$1)} -> 0.008266 | T12: {=TREND($K12:$P12,$K$1:$P$1,T$1)} -> 0.008398 | U12: {=TREND($K12:$P12,$K$1:$P$1,U$1)} -> 0.00853 | V12: {=TREND($K12:$P12,$K$1:$P$1,V$1)} -> 0.008662 | W12: {=TREND($K12:$P12,$K$1:$P$1,W$1)} -> 0.008794 | X12: {=TREND($K12:$P12,$K$1:$P$1,X$1)} -> 0.008926 | ... AJ12: {=TREND($K12:$P12,$K$1:$P$1,AJ$1)} -> 0.01051
A16: Data for lookup functions (based on sheet name)
A17: sheet name | B17: {=MID(CELL("filename",A17),FIND("]",CELL("filename",A17))+1,255)} -> HOIpTP-buildings-SO2
A18: remove prefix | B18: =RIGHT(B17,LEN(B17)-7) -> buildings-SO2
A19: sector | B19: =LEFT(B18,FIND("-",B18)-1) -> buildings
A20: EPA source category | B20: =VLOOKUP($B$19,Mappings!$A$22:$B$26,COLUMN(Mappings!$B$21),FALSE) -> area sources
B21: 2016 | C21: 2020 | D21: 2025 | E21: 2030
A22: table number | B22: =VLOOKUP($B$20,Mappings!$A$3:$E$19,COLUMN(Mappings!B$2),FALSE) -> 11 | C22: =VLOOKUP($B$20,Mappings!$A$3:$E$19,COLUMN(Mappings!C$2),FALSE) -> 28 | D22: =VLOOKUP($B$20,Mappings!$A$3:$E$19,COLUMN(Mappings!D$2),FALSE) -> 45 | E22: =VLOOKUP($B$20,Mappings!$A$3:$E$19,COLUMN(Mappings!E$2),FALSE) -> 62
A23: sheet name | B23: =CONCATENATE("Table ",B22) -> Table 11 | C23: =CONCATENATE("Table ",C22) -> Table 28 | D23: =CONCATENATE("Table ",D22) -> Table 45 | E23: =CONCATENATE("Table ",E22) -> Table 62
A24: pollutant | B24: =REPLACE(B18,1,FIND("-",B18),"") -> SO2
A25: pollutant column number | B25: =VLOOKUP($B$24,Mappings!$A$29:$B$31,COLUMN(Mappings!$B$29),FALSE) -> C

Sheet HOIpTP-industry-NOx
A1: Unit: incidents / ton pollutant | B1: 2016 | C1: 2017 | D1: 2018 | E1: 2019 | F1: 2020 | G1: 2021 | H1: 2022 | I1: 2023 | J1: 2024 | K1: 2025 | L1: 2026 | M1: 2027 | N1: 2028 | O1: 2029 | P1: 2030 | Q1: 2031 | R1: 2032 | S1: 2033 | T1: 2034 | U1: 2035 | V1: 2036 | W1: 2037 | X1: 2038 | Y1: 2039 | Z1: 2040 | AA1: 2041 | AB1: 2042 | AC1: 2043 | AD1: 2044 | AE1: 2045 | AF1: 2046 | AG1: 2047 | AH1: 2048 | AI1: 2049 | AJ1: 2050
A2: Premature mortality | B2: {=INDIRECT(CONCATENATE("'",HLOOKUP(B$1,$B$21:$E$23,3,FALSE),"'!",$B$25,ROW($A2)+3))*About!$A$27} -> 0.00076 | C2: =$B2+($F2-$B2)*(C$1-$B$1)/($F$1-$B$1) -> 0.000765 | D2: =$B2+($F2-$B2)*(D$1-$B$1)/($F$1-$B$1) -> 0.00077 | E2: =$B2+($F2-$B2)*(E$1-$B$1)/($F$1-$B$1) -> 0.000775 | F2: {=INDIRECT(CONCATENATE("'",HLOOKUP(F$1,$B$21:$E$23,3,FALSE),"'!",$B$25,ROW($A2)+3))*About!$A$27} -> 0.00078 | G2: =$F2+($K2-$F2)*(G$1-$F$1)/($K$1-$F$1) -> 0.000788 | H2: =$F2+($K2-$F2)*(H$1-$F$1)/($K$1-$F$1) -> 0.000796 | I2: =$F2+($K2-$F2)*(I$1-$F$1)/($K$1-$F$1) -> 0.000804 | J2: =$F2+($K2-$F2)*(J$1-$F$1)/($K$1-$F$1) -> 0.000812 | K2: {=INDIRECT(CONCATENATE("'",HLOOKUP(K$1,$B$21:$E$23,3,FALSE),"'!",$B$25,ROW($A2)+3))*About!$A$27} -> 0.00082 | L2: =$K2+($P2-$K2)*(L$1-$K$1)/($P$1-$K$1) -> 0.000832 | M2: =$K2+($P2-$K2)*(M$1-$K$1)/($P$1-$K$1) -> 0.000844 | N2: =$K2+($P2-$K2)*(N$1-$K$1)/($P$1-$K$1) -> 0.000856 | O2: =$K2+($P2-$K2)*(O$1-$K$1)/($P$1-$K$1) -> 0.000868 | P2: {=INDIRECT(CONCATENATE("'",HLOOKUP(P$1,$B$21:$E$23,3,FALSE),"'!",$B$25,ROW($A2)+3))*About!$A$27} -> 0.00088 | Q2: {=TREND($K2:$P2,$K$1:$P$1,Q$1)} -> 0.000892 | R2: {=TREND($K2:$P2,$K$1:$P$1,R$1)} -> 0.000904 | S2: {=TREND($K2:$P2,$K$1:$P$1,S$1)} -> 0.000916 | T2: {=TREND($K2:$P2,$K$1:$P$1,T$1)} -> 0.000928 | U2: {=TREND($K2:$P2,$K$1:$P$1,U$1)} -> 0.00094 | V2: {=TREND($K2:$P2,$K$1:$P$1,V$1)} -> 0.000952 | W2: {=TREND($K2:$P2,$K$1:$P$1,W$1)} -> 0.000964 | X2: {=TREND($K2:$P2,$K$1:$P$1,X$1)} -> 0.000976 | ... AJ2: {=TREND($K2:$P2,$K$1:$P$1,AJ$1)} -> 0.00112
A3: Respiratory emergency room visits | B3: {=INDIRECT(CONCATENATE("'",HLOOKUP(B$1,$B$21:$E$23,3,FALSE),"'!",$B$25,ROW($A3)+5))*About!$A$27} -> 0.0004 | C3: =$B3+($F3-$B3)*(C$1-$B$1)/($F$1-$B$1) -> 0.0004025 | D3: =$B3+($F3-$B3)*(D$1-$B$1)/($F$1-$B$1) -> 0.000405 | E3: =$B3+($F3-$B3)*(E$1-$B$1)/($F$1-$B$1) -> 0.0004075 | F3: {=INDIRECT(CONCATENATE("'",HLOOKUP(F$1,$B$21:$E$23,3,FALSE),"'!",$B$25,ROW($A3)+5))*About!$A$27} -> 0.00041 | G3: =$F3+($K3-$F3)*(G$1-$F$1)/($K$1-$F$1) -> 0.000412 | H3: =$F3+($K3-$F3)*(H$1-$F$1)/($K$1-$F$1) -> 0.000414 | I3: =$F3+($K3-$F3)*(I$1-$F$1)/($K$1-$F$1) -> 0.000416 | J3: =$F3+($K3-$F3)*(J$1-$F$1)/($K$1-$F$1) -> 0.000418 | K3: {=INDIRECT(CONCATENATE("'",HLOOKUP(K$1,$B$21:$E$23,3,FALSE),"'!",$B$25,ROW($A3)+5))*About!$A$27} -> 0.00042 | L3: =$K3+($P3-$K3)*(L$1-$K$1)/($P$1-$K$1) -> 0.000422 | M3: =$K3+($P3-$K3)*(M$1-$K$1)/($P$1-$K$1) -> 0.000424 | N3: =$K3+($P3-$K3)*(N$1-$K$1)/($P$1-$K$1) -> 0.000426 | O3: =$K3+($P3-$K3)*(O$1-$K$1)/($P$1-$K$1) -> 0.000428 | P3: {=INDIRECT(CONCATENATE("'",HLOOKUP(P$1,$B$21:$E$23,3,FALSE),"'!",$B$25,ROW($A3)+5))*About!$A$27} -> 0.00043 | Q3: {=TREND($K3:$P3,$K$1:$P$1,Q$1)} -> 0.000432 | R3: {=TREND($K3:$P3,$K$1:$P$1,R$1)} -> 0.000434 | S3: {=TREND($K3:$P3,$K$1:$P$1,S$1)} -> 0.000436 | T3: {=TREND($K3:$P3,$K$1:$P$1,T$1)} -> 0.000438 | U3: {=TREND($K3:$P3,$K$1:$P$1,U$1)} -> 0.00044 | V3: {=TREND($K3:$P3,$K$1:$P$1,V$1)} -> 0.000442 | W3: {=TREND($K3:$P3,$K$1:$P$1,W$1)} -> 0.000444 | X3: {=TREND($K3:$P3,$K$1:$P$1,X$1)} -> 0.000446 | ... AJ3: {=TREND($K3:$P3,$K$1:$P$1,AJ$1)} -> 0.00047
A4: Acute bronchitis | B4: {=INDIRECT(CONCATENATE("'",HLOOKUP(B$1,$B$21:$E$23,3,FALSE),"'!",$B$25,ROW($A4)+5))*About!$A$27} -> 0.0011 | C4: =$B4+($F4-$B4)*(C$1-$B$1)/($F$1-$B$1) -> 0.0011 | D4: =$B4+($F4-$B4)*(D$1-$B$1)/($F$1-$B$1) -> 0.0011 | E4: =$B4+($F4-$B4)*(E$1-$B$1)/($F$1-$B$1) -> 0.0011 | F4: {=INDIRECT(CONCATENATE("'",HLOOKUP(F$1,$B$21:$E$23,3,FALSE),"'!",$B$25,ROW($A4)+5))*About!$A$27} -> 0.0011 | G4: =$F4+($K4-$F4)*(G$1-$F$1)/($K$1-$F$1) -> 0.0011 | H4: =$F4+($K4-$F4)*(H$1-$F$1)/($K$1-$F$1) -> 0.0011 | I4: =$F4+($K4-$F4)*(I$1-$F$1)/($K$1-$F$1) -> 0.0011 | J4: =$F4+($K4-$F4)*(J$1-$F$1)/($K$1-$F$1) -> 0.0011 | K4: {=INDIRECT(CONCATENATE("'",HLOOKUP(K$1,$B$21:$E$23,3,FALSE),"'!",$B$25,ROW($A4)+5))*About!$A$27} -> 0.0011 | L4: =$K4+($P4-$K4)*(L$1-$K$1)/($P$1-$K$1) -> 0.00112 | M4: =$K4+($P4-$K4)*(M$1-$K$1)/($P$1-$K$1) -> 0.00114 | N4: =$K4+($P4-$K4)*(N$1-$K$1)/($P$1-$K$1) -> 0.00116 | O4: =$K4+($P4-$K4)*(O$1-$K$1)/($P$1-$K$1) -> 0.00118 | P4: {=INDIRECT(CONCATENATE("'",HLOOKUP(P$1,$B$21:$E$23,3,FALSE),"'!",$B$25,ROW($A4)+5))*About!$A$27} -> 0.0012 | Q4: {=TREND($K4:$P4,$K$1:$P$1,Q$1)} -> 0.00122 | R4: {=TREND($K4:$P4,$K$1:$P$1,R$1)} -> 0.00124 | S4: {=TREND($K4:$P4,$K$1:$P$1,S$1)} -> 0.00126 | T4: {=TREND($K4:$P4,$K$1:$P$1,T$1)} -> 0.00128 | U4: {=TREND($K4:$P4,$K$1:$P$1,U$1)} -> 0.0013 | V4: {=TREND($K4:$P4,$K$1:$P$1,V$1)} -> 0.00132 | W4: {=TREND($K4:$P4,$K$1:$P$1,W$1)} -> 0.00134 | X4: {=TREND($K4:$P4,$K$1:$P$1,X$1)} -> 0.00136 | ... AJ4: {=TREND($K4:$P4,$K$1:$P$1,AJ$1)} -> 0.0016
A5: Lower respiratory symptoms | B5: {=INDIRECT(CONCATENATE("'",HLOOKUP(B$1,$B$21:$E$23,3,FALSE),"'!",$B$25,ROW($A5)+5))*About!$A$27} -> 0.014 | C5: =$B5+($F5-$B5)*(C$1-$B$1)/($F$1-$B$1) -> 0.014 | D5: =$B5+($F5-$B5)*(D$1-$B$1)/($F$1-$B$1) -> 0.014 | E5: =$B5+($F5-$B5)*(E$1-$B$1)/($F$1-$B$1) -> 0.014 | F5: {=INDIRECT(CONCATENATE("'",HLOOKUP(F$1,$B$21:$E$23,3,FALSE),"'!",$B$25,ROW($A5)+5))*About!$A$27} -> 0.014 | G5: =$F5+($K5-$F5)*(G$1-$F$1)/($K$1-$F$1) -> 0.014 | H5: =$F5+($K5-$F5)*(H$1-$F$1)/($K$1-$F$1) -> 0.014 | I5: =$F5+($K5-$F5)*(I$1-$F$1)/($K$1-$F$1) -> 0.014 | J5: =$F5+($K5-$F5)*(J$1-$F$1)/($K$1-$F$1) -> 0.014 | K5: {=INDIRECT(CONCATENATE("'",HLOOKUP(K$1,$B$21:$E$23,3,FALSE),"'!",$B$25,ROW($A5)+5))*About!$A$27} -> 0.014 | L5: =$K5+($P5-$K5)*(L$1-$K$1)/($P$1-$K$1) -> 0.0142 | M5: =$K5+($P5-$K5)*(M$1-$K$1)/($P$1-$K$1) -> 0.0144 | N5: =$K5+($P5-$K5)*(N$1-$K$1)/($P$1-$K$1) -> 0.0146 | O5: =$K5+($P5-$K5)*(O$1-$K$1)/($P$1-$K$1) -> 0.0148 | P5: {=INDIRECT(CONCATENATE("'",HLOOKUP(P$1,$B$21:$E$23,3,FALSE),"'!",$B$25,ROW($A5)+5))*About!$A$27} -> 0.015 | Q5: {=TREND($K5:$P5,$K$1:$P$1,Q$1)} -> 0.0152 | R5: {=TREND($K5:$P5,$K$1:$P$1,R$1)} -> 0.0154 | S5: {=TREND($K5:$P5,$K$1:$P$1,S$1)} -> 0.0156 | T5: {=TREND($K5:$P5,$K$1:$P$1,T$1)} -> 0.0158 | U5: {=TREND($K5:$P5,$K$1:$P$1,U$1)} -> 0.016 | V5: {=TREND($K5:$P5,$K$1:$P$1,V$1)} -> 0.0162 | W5: {=TREND($K5:$P5,$K$1:$P$1,W$1)} -> 0.0164 | X5: {=TREND($K5:$P5,$K$1:$P$1,X$1)} -> 0.0166 | ... AJ5: {=TREND($K5:$P5,$K$1:$P$1,AJ$1)} -> 0.019
A6: Upper respiratory symptoms | B6: {=INDIRECT(CONCATENATE("'",HLOOKUP(B$1,$B$21:$E$23,3,FALSE),"'!",$B$25,ROW($A6)+5))*About!$A$27} -> 0.02 | C6: =$B6+($F6-$B6)*(C$1-$B$1)/($F$1-$B$1) -> 0.02 | D6: =$B6+($F6-$B6)*(D$1-$B$1)/($F$1-$B$1) -> 0.02 | E6: =$B6+($F6-$B6)*(E$1-$B$1)/($F$1-$B$1) -> 0.02 | F6: {=INDIRECT(CONCATENATE("'",HLOOKUP(F$1,$B$21:$E$23,3,FALSE),"'!",$B$25,ROW($A6)+5))*About!$A$27} -> 0.02 | G6: =$F6+($K6-$F6)*(G$1-$F$1)/($K$1-$F$1) -> 0.02 | H6: =$F6+($K6-$F6)*(H$1-$F$1)/($K$1-$F$1) -> 0.02 | I6: =$F6+($K6-$F6)*(I$1-$F$1)/($K$1-$F$1) -> 0.02 | J6: =$F6+($K6-$F6)*(J$1-$F$1)/($K$1-$F$1) -> 0.02 | K6: {=INDIRECT(CONCATENATE("'",HLOOKUP(K$1,$B$21:$E$23,3,FALSE),"'!",$B$25,ROW($A6)+5))*About!$A$27} -> 0.02 | L6: =$K6+($P6-$K6)*(L$1-$K$1)/($P$1-$K$1) -> 0.0204 | M6: =$K6+($P6-$K6)*(M$1-$K$1)/($P$1-$K$1) -> 0.0208 | N6: =$K6+($P6-$K6)*(N$1-$K$1)/($P$1-$K$1) -> 0.0212 | O6: =$K6+($P6-$K6)*(O$1-$K$1)/($P$1-$K$1) -> 0.0216 | P6: {=INDIRECT(CONCATENATE("'",HLOOKUP(P$1,$B$21:$E$23,3,FALSE),"'!",$B$25,ROW($A6)+5))*About!$A$27} -> 0.022 | Q6: {=TREND($K6:$P6,$K$1:$P$1,Q$1)} -> 0.0224 | R6: {=TREND($K6:$P6,$K$1:$P$1,R$1)} -> 0.0228 | S6: {=TREND($K6:$P6,$K$1:$P$1,S$1)} -> 0.0232 | T6: {=TREND($K6:$P6,$K$1:$P$1,T$1)} -> 0.0236 | U6: {=TREND($K6:$P6,$K$1:$P$1,U$1)} -> 0.024 | V6: {=TREND($K6:$P6,$K$1:$P$1,V$1)} -> 0.0244 | W6: {=TREND($K6:$P6,$K$1:$P$1,W$1)} -> 0.0248 | X6: {=TREND($K6:$P6,$K$1:$P$1,X$1)} -> 0.0252 | ... AJ6: {=TREND($K6:$P6,$K$1:$P$1,AJ$1)} -> 0.03
A7: Minor restricted activity days | B7: {=INDIRECT(CONCATENATE("'",HLOOKUP(B$1,$B$21:$E$23,3,FALSE),"'!",$B$25,ROW($A7)+5))*About!$A$27} -> 0.57 | C7: =$B7+($F7-$B7)*(C$1-$B$1)/($F$1-$B$1) -> 0.57 | D7: =$B7+($F7-$B7)*(D$1-$B$1)/($F$1-$B$1) -> 0.57 | E7: =$B7+($F7-$B7)*(E$1-$B$1)/($F$1-$B$1) -> 0.57 | F7: {=INDIRECT(CONCATENATE("'",HLOOKUP(F$1,$B$21:$E$23,3,FALSE),"'!",$B$25,ROW($A7)+5))*About!$A$27} -> 0.57 | G7: =$F7+($K7-$F7)*(G$1-$F$1)/($K$1-$F$1) -> 0.572 | H7: =$F7+($K7-$F7)*(H$1-$F$1)/($K$1-$F$1) -> 0.574 | I7: =$F7+($K7-$F7)*(I$1-$F$1)/($K$1-$F$1) -> 0.576 | J7: =$F7+($K7-$F7)*(J$1-$F$1)/($K$1-$F$1) -> 0.578 | K7: {=INDIRECT(CONCATENATE("'",HLOOKUP(K$1,$B$21:$E$23,3,FALSE),"'!",$B$25,ROW($A7)+5))*About!$A$27} -> 0.58 | L7: =$K7+($P7-$K7)*(L$1-$K$1)/($P$1-$K$1) -> 0.58 | M7: =$K7+($P7-$K7)*(M$1-$K$1)/($P$1-$K$1) -> 0.58 | N7: =$K7+($P7-$K7)*(N$1-$K$1)/($P$1-$K$1) -> 0.58 | O7: =$K7+($P7-$K7)*(O$1-$K$1)/($P$1-$K$1) -> 0.58 | P7: {=INDIRECT(CONCATENATE("'",HLOOKUP(P$1,$B$21:$E$23,3,FALSE),"'!",$B$25,ROW($A7)+5))*About!$A$27} -> 0.58 | Q7: {=TREND($K7:$P7,$K$1:$P$1,Q$1)} -> 0.58 | R7: {=TREND($K7:$P7,$K$1:$P$1,R$1)} -> 0.58 | S7: {=TREND($K7:$P7,$K$1:$P$1,S$1)} -> 0.58 | T7: {=TREND($K7:$P7,$K$1:$P$1,T$1)} -> 0.58 | U7: {=TREND($K7:$P7,$K$1:$P$1,U$1)} -> 0.58 | V7: {=TREND($K7:$P7,$K$1:$P$1,V$1)} -> 0.58 | W7: {=TREND($K7:$P7,$K$1:$P$1,W$1)} -> 0.58 | X7: {=TREND($K7:$P7,$K$1:$P$1,X$1)} -> 0.58 | ... AJ7: {=TREND($K7:$P7,$K$1:$P$1,AJ$1)} -> 0.58
A8: Work loss days | B8: {=INDIRECT(CONCATENATE("'",HLOOKUP(B$1,$B$21:$E$23,3,FALSE),"'!",$B$25,ROW($A8)+5))*About!$A$27} -> 0.096 | C8: =$B8+($F8-$B8)*(C$1-$B$1)/($F$1-$B$1) -> 0.09625 | D8: =$B8+($F8-$B8)*(D$1-$B$1)/($F$1-$B$1) -> 0.0965 | E8: =$B8+($F8-$B8)*(E$1-$B$1)/($F$1-$B$1) -> 0.09675 | F8: {=INDIRECT(CONCATENATE("'",HLOOKUP(F$1,$B$21:$E$23,3,FALSE),"'!",$B$25,ROW($A8)+5))*About!$A$27} -> 0.097 | G8: =$F8+($K8-$F8)*(G$1-$F$1)/($K$1-$F$1) -> 0.0972 | H8: =$F8+($K8-$F8)*(H$1-$F$1)/($K$1-$F$1) -> 0.0974 | I8: =$F8+($K8-$F8)*(I$1-$F$1)/($K$1-$F$1) -> 0.0976 | J8: =$F8+($K8-$F8)*(J$1-$F$1)/($K$1-$F$1) -> 0.0978 | K8: {=INDIRECT(CONCATENATE("'",HLOOKUP(K$1,$B$21:$E$23,3,FALSE),"'!",$B$25,ROW($A8)+5))*About!$A$27} -> 0.098 | L8: =$K8+($P8-$K8)*(L$1-$K$1)/($P$1-$K$1) -> 0.0982 | M8: =$K8+($P8-$K8)*(M$1-$K$1)/($P$1-$K$1) -> 0.0984 | N8: =$K8+($P8-$K8)*(N$1-$K$1)/($P$1-$K$1) -> 0.0986 | O8: =$K8+($P8-$K8)*(O$1-$K$1)/($P$1-$K$1) -> 0.0988 | P8: {=INDIRECT(CONCATENATE("'",HLOOKUP(P$1,$B$21:$E$23,3,FALSE),"'!",$B$25,ROW($A8)+5))*About!$A$27} -> 0.099 | Q8: {=TREND($K8:$P8,$K$1:$P$1,Q$1)} -> 0.0992 | R8: {=TREND($K8:$P8,$K$1:$P$1,R$1)} -> 0.0994 | S8: {=TREND($K8:$P8,$K$1:$P$1,S$1)} -> 0.0996 | T8: {=TREND($K8:$P8,$K$1:$P$1,T$1)} -> 0.0998 | U8: {=TREND($K8:$P8,$K$1:$P$1,U$1)} -> 0.1 | V8: {=TREND($K8:$P8,$K$1:$P$1,V$1)} -> 0.1002 | W8: {=TREND($K8:$P8,$K$1:$P$1,W$1)} -> 0.1004 | X8: {=TREND($K8:$P8,$K$1:$P$1,X$1)} -> 0.1006 | ... AJ8: {=TREND($K8:$P8,$K$1:$P$1,AJ$1)} -> 0.103
A9: Asthma exacerbation | B9: {=INDIRECT(CONCATENATE("'",HLOOKUP(B$1,$B$21:$E$23,3,FALSE),"'!",$B$25,ROW($A9)+5))*About!$A$27} -> 0.023 | C9: =$B9+($F9-$B9)*(C$1-$B$1)/($F$1-$B$1) -> 0.023 | D9: =$B9+($F9-$B9)*(D$1-$B$1)/($F$1-$B$1) -> 0.023 | E9: =$B9+($F9-$B9)*(E$1-$B$1)/($F$1-$B$1) -> 0.023 | F9: {=INDIRECT(CONCATENATE("'",HLOOKUP(F$1,$B$21:$E$23,3,FALSE),"'!",$B$25,ROW($A9)+5))*About!$A$27} -> 0.023 | G9: =$F9+($K9-$F9)*(G$1-$F$1)/($K$1-$F$1) -> 0.0232 | H9: =$F9+($K9-$F9)*(H$1-$F$1)/($K$1-$F$1) -> 0.0234 | I9: =$F9+($K9-$F9)*(I$1-$F$1)/($K$1-$F$1) -> 0.0236 | J9: =$F9+($K9-$F9)*(J$1-$F$1)/($K$1-$F$1) -> 0.0238 | K9: {=INDIRECT(CONCATENATE("'",HLOOKUP(K$1,$B$21:$E$23,3,FALSE),"'!",$B$25,ROW($A9)+5))*About!$A$27} -> 0.024 | L9: =$K9+($P9-$K9)*(L$1-$K$1)/($P$1-$K$1) -> 0.0242 | M9: =$K9+($P9-$K9)*(M$1-$K$1)/($P$1-$K$1) -> 0.0244 | N9: =$K9+($P9-$K9)*(N$1-$K$1)/($P$1-$K$1) -> 0.0246 | O9: =$K9+($P9-$K9)*(O$1-$K$1)/($P$1-$K$1) -> 0.0248 | P9: {=INDIRECT(CONCATENATE("'",HLOOKUP(P$1,$B$21:$E$23,3,FALSE),"'!",$B$25,ROW($A9)+5))*About!$A$27} -> 0.025 | Q9: {=TREND($K9:$P9,$K$1:$P$1,Q$1)} -> 0.0252 | R9: {=TREND($K9:$P9,$K$1:$P$1,R$1)} -> 0.0254 | S9: {=TREND($K9:$P9,$K$1:$P$1,S$1)} -> 0.0256 | T9: {=TREND($K9:$P9,$K$1:$P$1,T$1)} -> 0.0258 | U9: {=TREND($K9:$P9,$K$1:$P$1,U$1)} -> 0.026 | V9: {=TREND($K9:$P9,$K$1:$P$1,V$1)} -> 0.0262 | W9: {=TREND($K9:$P9,$K$1:$P$1,W$1)} -> 0.0264 | X9: {=TREND($K9:$P9,$K$1:$P$1,X$1)} -> 0.0266 | ... AJ9: {=TREND($K9:$P9,$K$1:$P$1,AJ$1)} -> 0.029
A10: Cardiovascular hospital admissions | B10: {=INDIRECT(CONCATENATE("'",HLOOKUP(B$1,$B$21:$E$23,3,FALSE),"'!",$B$25,ROW($A10)+5))*About!$A$27} -> 0.00017 | C10: =$B10+($F10-$B10)*(C$1-$B$1)/($F$1-$B$1) -> 0.000175 | D10: =$B10+($F10-$B10)*(D$1-$B$1)/($F$1-$B$1) -> 0.00018 | E10: =$B10+($F10-$B10)*(E$1-$B$1)/($F$1-$B$1) -> 0.000185 | F10: {=INDIRECT(CONCATENATE("'",HLOOKUP(F$1,$B$21:$E$23,3,FALSE),"'!",$B$25,ROW($A10)+5))*About!$A$27} -> 0.00019 | G10: =$F10+($K10-$F10)*(G$1-$F$1)/($K$1-$F$1) -> 0.000192 | H10: =$F10+($K10-$F10)*(H$1-$F$1)/($K$1-$F$1) -> 0.000194 | I10: =$F10+($K10-$F10)*(I$1-$F$1)/($K$1-$F$1) -> 0.000196 | J10: =$F10+($K10-$F10)*(J$1-$F$1)/($K$1-$F$1) -> 0.000198 | K10: {=INDIRECT(CONCATENATE("'",HLOOKUP(K$1,$B$21:$E$23,3,FALSE),"'!",$B$25,ROW($A10)+5))*About!$A$27} -> 0.0002 | L10: =$K10+($P10-$K10)*(L$1-$K$1)/($P$1-$K$1) -> 0.000204 | M10: =$K10+($P10-$K10)*(M$1-$K$1)/($P$1-$K$1) -> 0.000208 | N10: =$K10+($P10-$K10)*(N$1-$K$1)/($P$1-$K$1) -> 0.000212 | O10: =$K10+($P10-$K10)*(O$1-$K$1)/($P$1-$K$1) -> 0.000216 | P10: {=INDIRECT(CONCATENATE("'",HLOOKUP(P$1,$B$21:$E$23,3,FALSE),"'!",$B$25,ROW($A10)+5))*About!$A$27} -> 0.00022 | Q10: {=TREND($K10:$P10,$K$1:$P$1,Q$1)} -> 0.000224 | R10: {=TREND($K10:$P10,$K$1:$P$1,R$1)} -> 0.000228 | S10: {=TREND($K10:$P10,$K$1:$P$1,S$1)} -> 0.000232 | T10: {=TREND($K10:$P10,$K$1:$P$1,T$1)} -> 0.000236 | U10: {=TREND($K10:$P10,$K$1:$P$1,U$1)} -> 0.00024 | V10: {=TREND($K10:$P10,$K$1:$P$1,V$1)} -> 0.000244 | W10: {=TREND($K10:$P10,$K$1:$P$1,W$1)} -> 0.000248 | X10: {=TREND($K10:$P10,$K$1:$P$1,X$1)} -> 0.000252 | ... AJ10: {=TREND($K10:$P10,$K$1:$P$1,AJ$1)} -> 0.0003
A11: Respiratory hospital admissions | B11: {=INDIRECT(CONCATENATE("'",HLOOKUP(B$1,$B$21:$E$23,3,FALSE),"'!",$B$25,ROW($A11)+5))*About!$A$27} -> 0.00017 | C11: =$B11+($F11-$B11)*(C$1-$B$1)/($F$1-$B$1) -> 0.0001725 | D11: =$B11+($F11-$B11)*(D$1-$B$1)/($F$1-$B$1) -> 0.000175 | E11: =$B11+($F11-$B11)*(E$1-$B$1)/($F$1-$B$1) -> 0.0001775 | F11: {=INDIRECT(CONCATENATE("'",HLOOKUP(F$1,$B$21:$E$23,3,FALSE),"'!",$B$25,ROW($A11)+5))*About!$A$27} -> 0.00018 | G11: =$F11+($K11-$F11)*(G$1-$F$1)/($K$1-$F$1) -> 0.000184 | H11: =$F11+($K11-$F11)*(H$1-$F$1)/($K$1-$F$1) -> 0.000188 | I11: =$F11+($K11-$F11)*(I$1-$F$1)/($K$1-$F$1) -> 0.000192 | J11: =$F11+($K11-$F11)*(J$1-$F$1)/($K$1-$F$1) -> 0.000196 | K11: {=INDIRECT(CONCATENATE("'",HLOOKUP(K$1,$B$21:$E$23,3,FALSE),"'!",$B$25,ROW($A11)+5))*About!$A$27} -> 0.0002 | L11: =$K11+($P11-$K11)*(L$1-$K$1)/($P$1-$K$1) -> 0.000204 | M11: =$K11+($P11-$K11)*(M$1-$K$1)/($P$1-$K$1) -> 0.000208 | N11: =$K11+($P11-$K11)*(N$1-$K$1)/($P$1-$K$1) -> 0.000212 | O11: =$K11+($P11-$K11)*(O$1-$K$1)/($P$1-$K$1) -> 0.000216 | P11: {=INDIRECT(CONCATENATE("'",HLOOKUP(P$1,$B$21:$E$23,3,FALSE),"'!",$B$25,ROW($A11)+5))*About!$A$27} -> 0.00022 | Q11: {=TREND($K11:$P11,$K$1:$P$1,Q$1)} -> 0.000224 | R11: {=TREND($K11:$P11,$K$1:$P$1,R$1)} -> 0.000228 | S11: {=TREND($K11:$P11,$K$1:$P$1,S$1)} -> 0.000232 | T11: {=TREND($K11:$P11,$K$1:$P$1,T$1)} -> 0.000236 | U11: {=TREND($K11:$P11,$K$1:$P$1,U$1)} -> 0.00024 | V11: {=TREND($K11:$P11,$K$1:$P$1,V$1)} -> 0.000244 | W11: {=TREND($K11:$P11,$K$1:$P$1,W$1)} -> 0.000248 | X11: {=TREND($K11:$P11,$K$1:$P$1,X$1)} -> 0.000252 | ... AJ11: {=TREND($K11:$P11,$K$1:$P$1,AJ$1)} -> 0.0003
A12: Non-fatal heart attacks | B12: =SUM(INDIRECT(CONCATENATE("'",HLOOKUP(B$1,$B$21:$E$23,3,FALSE),"'!",$B$25,ROW($A12)+5,":",$B$25,ROW($A12)+6)))*About!$A$27 -> 0.000786 | C12: =$B12+($F12-$B12)*(C$1-$B$1)/($F$1-$B$1) -> 0.00079725 | D12: =$B12+($F12-$B12)*(D$1-$B$1)/($F$1-$B$1) -> 0.0008085 | E12: =$B12+($F12-$B12)*(E$1-$B$1)/($F$1-$B$1) -> 0.00081975 | F12: =SUM(INDIRECT(CONCATENATE("'",HLOOKUP(F$1,$B$21:$E$23,3,FALSE),"'!",$B$25,ROW($A12)+5,":",$B$25,ROW($A12)+6)))*About!$A$27 -> 0.000831 | G12: =$F12+($K12-$F12)*(G$1-$F$1)/($K$1-$F$1) -> 0.0008464 | H12: =$F12+($K12-$F12)*(H$1-$F$1)/($K$1-$F$1) -> 0.0008618 | I12: =$F12+($K12-$F12)*(I$1-$F$1)/($K$1-$F$1) -> 0.0008772 | J12: =$F12+($K12-$F12)*(J$1-$F$1)/($K$1-$F$1) -> 0.0008926 | K12: =SUM(INDIRECT(CONCATENATE("'",HLOOKUP(K$1,$B$21:$E$23,3,FALSE),"'!",$B$25,ROW($A12)+5,":",$B$25,ROW($A12)+6)))*About!$A$27 -> 0.000908 | L12: =$K12+($P12-$K12)*(L$1-$K$1)/($P$1-$K$1) -> 0.0009236 | M12: =$K12+($P12-$K12)*(M$1-$K$1)/($P$1-$K$1) -> 0.0009392 | N12: =$K12+($P12-$K12)*(N$1-$K$1)/($P$1-$K$1) -> 0.0009548 | O12: =$K12+($P12-$K12)*(O$1-$K$1)/($P$1-$K$1) -> 0.0009704 | P12: =SUM(INDIRECT(CONCATENATE("'",HLOOKUP(P$1,$B$21:$E$23,3,FALSE),"'!",$B$25,ROW($A12)+5,":",$B$25,ROW($A12)+6)))*About!$A$27 -> 0.000986 | Q12: {=TREND($K12:$P12,$K$1:$P$1,Q$1)} -> 0.0010016 | R12: {=TREND($K12:$P12,$K$1:$P$1,R$1)} -> 0.0010172 | S12: {=TREND($K12:$P12,$K$1:$P$1,S$1)} -> 0.0010328 | T12: {=TREND($K12:$P12,$K$1:$P$1,T$1)} -> 0.0010484 | U12: {=TREND($K12:$P12,$K$1:$P$1,U$1)} -> 0.001064 | V12: {=TREND($K12:$P12,$K$1:$P$1,V$1)} -> 0.0010796 | W12: {=TREND($K12:$P12,$K$1:$P$1,W$1)} -> 0.0010952 | X12: {=TREND($K12:$P12,$K$1:$P$1,X$1)} -> 0.0011108 | ... AJ12: {=TREND($K12:$P12,$K$1:$P$1,AJ$1)} -> 0.001298
A16: Data for lookup functions (based on sheet name)
A17: sheet name | B17: {=MID(CELL("filename",A17),FIND("]",CELL("filename",A17))+1,255)} -> HOIpTP-industry-NOx
A18: remove prefix | B18: =RIGHT(B17,LEN(B17)-7) -> industry-NOx
A19: sector | B19: =LEFT(B18,FIND("-",B18)-1) -> industry
A20: EPA source category | B20: =VLOOKUP($B$19,Mappings!$A$22:$B$26,COLUMN(Mappings!$B$21),FALSE) -> industrial point sources
B21: 2016 | C21: 2020 | D21: 2025 | E21: 2030
A22: table number | B22: =VLOOKUP($B$20,Mappings!$A$3:$E$19,COLUMN(Mappings!B$2),FALSE) -> 12 | C22: =VLOOKUP($B$20,Mappings!$A$3:$E$19,COLUMN(Mappings!C$2),FALSE) -> 29 | D22: =VLOOKUP($B$20,Mappings!$A$3:$E$19,COLUMN(Mappings!D$2),FALSE) -> 46 | E22: =VLOOKUP($B$20,Mappings!$A$3:$E$19,COLUMN(Mappings!E$2),FALSE) -> 63
A23: sheet name | B23: =CONCATENATE("Table ",B22) -> Table 12 | C23: =CONCATENATE("Table ",C22) -> Table 29 | D23: =CONCATENATE("Table ",D22) -> Table 46 | E23: =CONCATENATE("Table ",E22) -> Table 63
A24: pollutant | B24: =REPLACE(B18,1,FIND("-",B18),"") -> NOx
A25: pollutant column number | B25: =VLOOKUP($B$24,Mappings!$A$29:$B$31,COLUMN(Mappings!$B$29),FALSE) -> B

Sheet HOIpTP-industry-PM25
A1: Unit: incidents / ton pollutant | B1: 2016 | C1: 2017 | D1: 2018 | E1: 2019 | F1: 2020 | G1: 2021 | H1: 2022 | I1: 2023 | J1: 2024 | K1: 2025 | L1: 2026 | M1: 2027 | N1: 2028 | O1: 2029 | P1: 2030 | Q1: 2031 | R1: 2032 | S1: 2033 | T1: 2034 | U1: 2035 | V1: 2036 | W1: 2037 | X1: 2038 | Y1: 2039 | Z1: 2040 | AA1: 2041 | AB1: 2042 | AC1: 2043 | AD1: 2044 | AE1: 2045 | AF1: 2046 | AG1: 2047 | AH1: 2048 | AI1: 2049 | AJ1: 2050
A2: Premature mortality | B2: {=INDIRECT(CONCATENATE("'",HLOOKUP(B$1,$B$21:$E$23,3,FALSE),"'!",$B$25,ROW($A2)+3))*About!$A$27} -> 0.031 | C2: =$B2+($F2-$B2)*(C$1-$B$1)/($F$1-$B$1) -> 0.0315 | D2: =$B2+($F2-$B2)*(D$1-$B$1)/($F$1-$B$1) -> 0.032 | E2: =$B2+($F2-$B2)*(E$1-$B$1)/($F$1-$B$1) -> 0.0325 | F2: {=INDIRECT(CONCATENATE("'",HLOOKUP(F$1,$B$21:$E$23,3,FALSE),"'!",$B$25,ROW($A2)+3))*About!$A$27} -> 0.033 | G2: =$F2+($K2-$F2)*(G$1-$F$1)/($K$1-$F$1) -> 0.0334 | H2: =$F2+($K2-$F2)*(H$1-$F$1)/($K$1-$F$1) -> 0.0338 | I2: =$F2+($K2-$F2)*(I$1-$F$1)/($K$1-$F$1) -> 0.0342 | J2: =$F2+($K2-$F2)*(J$1-$F$1)/($K$1-$F$1) -> 0.0346 | K2: {=INDIRECT(CONCATENATE("'",HLOOKUP(K$1,$B$21:$E$23,3,FALSE),"'!",$B$25,ROW($A2)+3))*About!$A$27} -> 0.035 | L2: =$K2+($P2-$K2)*(L$1-$K$1)/($P$1-$K$1) -> 0.0354 | M2: =$K2+($P2-$K2)*(M$1-$K$1)/($P$1-$K$1) -> 0.0358 | N2: =$K2+($P2-$K2)*(N$1-$K$1)/($P$1-$K$1) -> 0.0362 | O2: =$K2+($P2-$K2)*(O$1-$K$1)/($P$1-$K$1) -> 0.0366 | P2: {=INDIRECT(CONCATENATE("'",HLOOKUP(P$1,$B$21:$E$23,3,FALSE),"'!",$B$25,ROW($A2)+3))*About!$A$27} -> 0.037 | Q2: {=TREND($K2:$P2,$K$1:$P$1,Q$1)} -> 0.0374 | R2: {=TREND($K2:$P2,$K$1:$P$1,R$1)} -> 0.0378 | S2: {=TREND($K2:$P2,$K$1:$P$1,S$1)} -> 0.0382 | T2: {=TREND($K2:$P2,$K$1:$P$1,T$1)} -> 0.0386 | U2: {=TREND($K2:$P2,$K$1:$P$1,U$1)} -> 0.039 | V2: {=TREND($K2:$P2,$K$1:$P$1,V$1)} -> 0.0394 | W2: {=TREND($K2:$P2,$K$1:$P$1,W$1)} -> 0.0398 | X2: {=TREND($K2:$P2,$K$1:$P$1,X$1)} -> 0.0402 | ... AJ2: {=TREND($K2:$P2,$K$1:$P$1,AJ$1)} -> 0.045
A3: Respiratory emergency room visits | B3: {=INDIRECT(CONCATENATE("'",HLOOKUP(B$1,$B$21:$E$23,3,FALSE),"'!",$B$25,ROW($A3)+5))*About!$A$27} -> 0.017 | C3: =$B3+($F3-$B3)*(C$1-$B$1)/($F$1-$B$1) -> 0.017 | D3: =$B3+($F3-$B3)*(D$1-$B$1)/($F$1-$B$1) -> 0.017 | E3: =$B3+($F3-$B3)*(E$1-$B$1)/($F$1-$B$1) -> 0.017 | F3: {=INDIRECT(CONCATENATE("'",HLOOKUP(F$1,$B$21:$E$23,3,FALSE),"'!",$B$25,ROW($A3)+5))*About!$A$27} -> 0.017 | G3: =$F3+($K3-$F3)*(G$1-$F$1)/($K$1-$F$1) -> 0.0172 | H3: =$F3+($K3-$F3)*(H$1-$F$1)/($K$1-$F$1) -> 0.0174 | I3: =$F3+($K3-$F3)*(I$1-$F$1)/($K$1-$F$1) -> 0.0176 | J3: =$F3+($K3-$F3)*(J$1-$F$1)/($K$1-$F$1) -> 0.0178 | K3: {=INDIRECT(CONCATENATE("'",HLOOKUP(K$1,$B$21:$E$23,3,FALSE),"'!",$B$25,ROW($A3)+5))*About!$A$27} -> 0.018 | L3: =$K3+($P3-$K3)*(L$1-$K$1)/($P$1-$K$1) -> 0.0182 | M3: =$K3+($P3-$K3)*(M$1-$K$1)/($P$1-$K$1) -> 0.0184 | N3: =$K3+($P3-$K3)*(N$1-$K$1)/($P$1-$K$1) -> 0.0186 | O3: =$K3+($P3-$K3)*(O$1-$K$1)/($P$1-$K$1) -> 0.0188 | P3: {=INDIRECT(CONCATENATE("'",HLOOKUP(P$1,$B$21:$E$23,3,FALSE),"'!",$B$25,ROW($A3)+5))*About!$A$27} -> 0.019 | Q3: {=TREND($K3:$P3,$K$1:$P$1,Q$1)} -> 0.0192 | R3: {=TREND($K3:$P3,$K$1:$P$1,R$1)} -> 0.0194 | S3: {=TREND($K3:$P3,$K$1:$P$1,S$1)} -> 0.0196 | T3: {=TREND($K3:$P3,$K$1:$P$1,T$1)} -> 0.0198 | U3: {=TREND($K3:$P3,$K$1:$P$1,U$1)} -> 0.02 | V3: {=TREND($K3:$P3,$K$1:$P$1,V$1)} -> 0.0202 | W3: {=TREND($K3:$P3,$K$1:$P$1,W$1)} -> 0.0204 | X3: {=TREND($K3:$P3,$K$1:$P$1,X$1)} -> 0.0206 | ... AJ3: {=TREND($K3:$P3,$K$1:$P$1,AJ$1)} -> 0.023
A4: Acute bronchitis | B4: {=INDIRECT(CONCATENATE("'",HLOOKUP(B$1,$B$21:$E$23,3,FALSE),"'!",$B$25,ROW($A4)+5))*About!$A$27} -> 0.044 | C4: =$B4+($F4-$B4)*(C$1-$B$1)/($F$1-$B$1) -> 0.044 | D4: =$B4+($F4-$B4)*(D$1-$B$1)/($F$1-$B$1) -> 0.044 | E4: =$B4+($F4-$B4)*(E$1-$B$1)/($F$1-$B$1) -> 0.044 | F4: {=INDIRECT(CONCATENATE("'",HLOOKUP(F$1,$B$21:$E$23,3,FALSE),"'!",$B$25,ROW($A4)+5))*About!$A$27} -> 0.044 | G4: =$F4+($K4-$F4)*(G$1-$F$1)/($K$1-$F$1) -> 0.0446 | H4: =$F4+($K4-$F4)*(H$1-$F$1)/($K$1-$F$1) -> 0.0452 | I4: =$F4+($K4-$F4)*(I$1-$F$1)/($K$1-$F$1) -> 0.0458 | J4: =$F4+($K4-$F4)*(J$1-$F$1)/($K$1-$F$1) -> 0.0464 | K4: {=INDIRECT(CONCATENATE("'",HLOOKUP(K$1,$B$21:$E$23,3,FALSE),"'!",$B$25,ROW($A4)+5))*About!$A$27} -> 0.047 | L4: =$K4+($P4-$K4)*(L$1-$K$1)/($P$1-$K$1) -> 0.0476 | M4: =$K4+($P4-$K4)*(M$1-$K$1)/($P$1-$K$1) -> 0.0482 | N4: =$K4+($P4-$K4)*(N$1-$K$1)/($P$1-$K$1) -> 0.0488 | O4: =$K4+($P4-$K4)*(O$1-$K$1)/($P$1-$K$1) -> 0.0494 | P4: {=INDIRECT(CONCATENATE("'",HLOOKUP(P$1,$B$21:$E$23,3,FALSE),"'!",$B$25,ROW($A4)+5))*About!$A$27} -> 0.05 | Q4: {=TREND($K4:$P4,$K$1:$P$1,Q$1)} -> 0.0506 | R4: {=TREND($K4:$P4,$K$1:$P$1,R$1)} -> 0.0512 | S4: {=TREND($K4:$P4,$K$1:$P$1,S$1)} -> 0.0518 | T4: {=TREND($K4:$P4,$K$1:$P$1,T$1)} -> 0.0524 | U4: {=TREND($K4:$P4,$K$1:$P$1,U$1)} -> 0.053 | V4: {=TREND($K4:$P4,$K$1:$P$1,V$1)} -> 0.0536 | W4: {=TREND($K4:$P4,$K$1:$P$1,W$1)} -> 0.0542 | X4: {=TREND($K4:$P4,$K$1:$P$1,X$1)} -> 0.0548 | ... AJ4: {=TREND($K4:$P4,$K$1:$P$1,AJ$1)} -> 0.062
A5: Lower respiratory symptoms | B5: {=INDIRECT(CONCATENATE("'",HLOOKUP(B$1,$B$21:$E$23,3,FALSE),"'!",$B$25,ROW($A5)+5))*About!$A$27} -> 0.56 | C5: =$B5+($F5-$B5)*(C$1-$B$1)/($F$1-$B$1) -> 0.56 | D5: =$B5+($F5-$B5)*(D$1-$B$1)/($F$1-$B$1) -> 0.56 | E5: =$B5+($F5-$B5)*(E$1-$B$1)/($F$1-$B$1) -> 0.56 | F5: {=INDIRECT(CONCATENATE("'",HLOOKUP(F$1,$B$21:$E$23,3,FALSE),"'!",$B$25,ROW($A5)+5))*About!$A$27} -> 0.56 | G5: =$F5+($K5-$F5)*(G$1-$F$1)/($K$1-$F$1) -> 0.566 | H5: =$F5+($K5-$F5)*(H$1-$F$1)/($K$1-$F$1) -> 0.572 | I5: =$F5+($K5-$F5)*(I$1-$F$1)/($K$1-$F$1) -> 0.578 | J5: =$F5+($K5-$F5)*(J$1-$F$1)/($K$1-$F$1) -> 0.584 | K5: {=INDIRECT(CONCATENATE("'",HLOOKUP(K$1,$B$21:$E$23,3,FALSE),"'!",$B$25,ROW($A5)+5))*About!$A$27} -> 0.59 | L5: =$K5+($P5-$K5)*(L$1-$K$1)/($P$1-$K$1) -> 0.6 | M5: =$K5+($P5-$K5)*(M$1-$K$1)/($P$1-$K$1) -> 0.61 | N5: =$K5+($P5-$K5)*(N$1-$K$1)/($P$1-$K$1) -> 0.62 | O5: =$K5+($P5-$K5)*(O$1-$K$1)/($P$1-$K$1) -> 0.63 | P5: {=INDIRECT(CONCATENATE("'",HLOOKUP(P$1,$B$21:$E$23,3,FALSE),"'!",$B$25,ROW($A5)+5))*About!$A$27} -> 0.64 | Q5: {=TREND($K5:$P5,$K$1:$P$1,Q$1)} -> 0.65 | R5: {=TREND($K5:$P5,$K$1:$P$1,R$1)} -> 0.66 | S5: {=TREND($K5:$P5,$K$1:$P$1,S$1)} -> 0.67 | T5: {=TREND($K5:$P5,$K$1:$P$1,T$1)} -> 0.68 | U5: {=TREND($K5:$P5,$K$1:$P$1,U$1)} -> 0.69 | V5: {=TREND($K5:$P5,$K$1:$P$1,V$1)} -> 0.7 | W5: {=TREND($K5:$P5,$K$1:$P$1,W$1)} -> 0.71 | X5: {=TREND($K5:$P5,$K$1:$P$1,X$1)} -> 0.72 | ... AJ5: {=TREND($K5:$P5,$K$1:$P$1,AJ$1)} -> 0.84
A6: Upper respiratory symptoms | B6: {=INDIRECT(CONCATENATE("'",HLOOKUP(B$1,$B$21:$E$23,3,FALSE),"'!",$B$25,ROW($A6)+5))*About!$A$27} -> 0.8 | C6: =$B6+($F6-$B6)*(C$1-$B$1)/($F$1-$B$1) -> 0.8025 | D6: =$B6+($F6-$B6)*(D$1-$B$1)/($F$1-$B$1) -> 0.805 | E6: =$B6+($F6-$B6)*(E$1-$B$1)/($F$1-$B$1) -> 0.8075 | F6: {=INDIRECT(CONCATENATE("'",HLOOKUP(F$1,$B$21:$E$23,3,FALSE),"'!",$B$25,ROW($A6)+5))*About!$A$27} -> 0.81 | G6: =$F6+($K6-$F6)*(G$1-$F$1)/($K$1-$F$1) -> 0.816 | H6: =$F6+($K6-$F6)*(H$1-$F$1)/($K$1-$F$1) -> 0.822 | I6: =$F6+($K6-$F6)*(I$1-$F$1)/($K$1-$F$1) -> 0.828 | J6: =$F6+($K6-$F6)*(J$1-$F$1)/($K$1-$F$1) -> 0.834 | K6: {=INDIRECT(CONCATENATE("'",HLOOKUP(K$1,$B$21:$E$23,3,FALSE),"'!",$B$25,ROW($A6)+5))*About!$A$27} -> 0.84 | L6: =$K6+($P6-$K6)*(L$1-$K$1)/($P$1-$K$1) -> 0.856 | M6: =$K6+($P6-$K6)*(M$1-$K$1)/($P$1-$K$1) -> 0.872 | N6: =$K6+($P6-$K6)*(N$1-$K$1)/($P$1-$K$1) -> 0.888 | O6: =$K6+($P6-$K6)*(O$1-$K$1)/($P$1-$K$1) -> 0.904 | P6: {=INDIRECT(CONCATENATE("'",HLOOKUP(P$1,$B$21:$E$23,3,FALSE),"'!",$B$25,ROW($A6)+5))*About!$A$27} -> 0.92 | Q6: {=TREND($K6:$P6,$K$1:$P$1,Q$1)} -> 0.936 | R6: {=TREND($K6:$P6,$K$1:$P$1,R$1)} -> 0.952 | S6: {=TREND($K6:$P6,$K$1:$P$1,S$1)} -> 0.968 | T6: {=TREND($K6:$P6,$K$1:$P$1,T$1)} -> 0.984 | U6: {=TREND($K6:$P6,$K$1:$P$1,U$1)} -> 1 | V6: {=TREND($K6:$P6,$K$1:$P$1,V$1)} -> 1.016 | W6: {=TREND($K6:$P6,$K$1:$P$1,W$1)} -> 1.032 | X6: {=TREND($K6:$P6,$K$1:$P$1,X$1)} -> 1.048 | ... AJ6: {=TREND($K6:$P6,$K$1:$P$1,AJ$1)} -> 1.24
A7: Minor restricted activity days | B7: {=INDIRECT(CONCATENATE("'",HLOOKUP(B$1,$B$21:$E$23,3,FALSE),"'!",$B$25,ROW($A7)+5))*About!$A$27} -> 24 | C7: =$B7+($F7-$B7)*(C$1-$B$1)/($F$1-$B$1) -> 24 | D7: =$B7+($F7-$B7)*(D$1-$B$1)/($F$1-$B$1) -> 24 | E7: =$B7+($F7-$B7)*(E$1-$B$1)/($F$1-$B$1) -> 24 | F7: {=INDIRECT(CONCATENATE("'",HLOOKUP(F$1,$B$21:$E$23,3,FALSE),"'!",$B$25,ROW($A7)+5))*About!$A$27} -> 24 | G7: =$F7+($K7-$F7)*(G$1-$F$1)/($K$1-$F$1) -> 24.2 | H7: =$F7+($K7-$F7)*(H$1-$F$1)/($K$1-$F$1) -> 24.4 | I7: =$F7+($K7-$F7)*(I$1-$F$1)/($K$1-$F$1) -> 24.6 | J7: =$F7+($K7-$F7)*(J$1-$F$1)/($K$1-$F$1) -> 24.8 | K7: {=INDIRECT(CONCATENATE("'",HLOOKUP(K$1,$B$21:$E$23,3,FALSE),"'!",$B$25,ROW($A7)+5))*About!$A$27} -> 25 | L7: =$K7+($P7-$K7)*(L$1-$K$1)/($P$1-$K$1) -> 25 | M7: =$K7+($P7-$K7)*(M$1-$K$1)/($P$1-$K$1) -> 25 | N7: =$K7+($P7-$K7)*(N$1-$K$1)/($P$1-$K$1) -> 25 | O7: =$K7+($P7-$K7)*(O$1-$K$1)/($P$1-$K$1) -> 25 | P7: {=INDIRECT(CONCATENATE("'",HLOOKUP(P$1,$B$21:$E$23,3,FALSE),"'!",$B$25,ROW($A7)+5))*About!$A$27} -> 25 | Q7: {=TREND($K7:$P7,$K$1:$P$1,Q$1)} -> 25 | R7: {=TREND($K7:$P7,$K$1:$P$1,R$1)} -> 25 | S7: {=TREND($K7:$P7,$K$1:$P$1,S$1)} -> 25 | T7: {=TREND($K7:$P7,$K$1:$P$1,T$1)} -> 25 | U7: {=TREND($K7:$P7,$K$1:$P$1,U$1)} -> 25 | V7: {=TREND($K7:$P7,$K$1:$P$1,V$1)} -> 25 | W7: {=TREND($K7:$P7,$K$1:$P$1,W$1)} -> 25 | X7: {=TREND($K7:$P7,$K$1:$P$1,X$1)} -> 25 | ... AJ7: {=TREND($K7:$P7,$K$1:$P$1,AJ$1)} -> 25
