Workbook

Sheet About
A1: HPEbP Hydrogen Production Efficiency by Pathway
A3: Sources: | B3: Improvement Rates
B4: International Energy Agency
B5: 2019
B6: The Future of Hydrogen
B7: https://iea.blob.core.windows.net/assets/a02a0c80-77b2-462e-a9d5-1099e0e572ce/IEA-The-Future-of-Hydrogen-Assumptions-Annex.pdf
B8: Assumptions annex, Page 3
B10: Efficiency Data
B11: NREL
B12: 2013
B13: Hydrogen Pathways Updated Cost, Well-to-Wheels Energy Use, and Emissions for the Current Technology Status of Ten Hydrogen Production, Delivery, and Distribution Scenarios
B14: https://www.nrel.gov/docs/fy14osti/60528.pdf
B15: Appendix D (biomass), Appendix H (natural gas), Appendix I (electrolysis), and Appendix J (coal)
B17: Efficiency Data (POX)
B18: Journal of Power and Energy Engineering
B19: 2019
B20: Hydrogen Production Technologies Overview
B21: Mostafa El-Shafie et al.
B22: https://www.scirp.org/journal/paperinformation?paperid=90227
B23: Section 3.2
A26: Notes
A27: This variable expresses the amount of energy input of each
A28: source fuel to produce one unit of energy of hydrogen.

Sheet IEA Data
A1: Technology | B1: Parameter | C1: Units | D1: Today | E1: 2030 | F1: Long Term
A2: electrolysis | B2: CAPEX | C2: USD/kWe | D2: 900 | E2: 700 | F2: 450
B3: Efficiency (LHV) | C3: % | D3: 0.64 | E3: 0.69 | F3: 0.74
B4: Annual OPEX | C4: % of CAPEX | D4: 0.015 | E4: 0.015 | F4: 0.015
B5: Stack Lifetime | C5: operating hours | D5: 95000 | E5: 95000 | F5: 100000
A6: natural gas reforming | B6: CAPEX | C6: USD/kWe | D6: 910 | E6: 910 | F6: 910
B7: Efficiency (LHV) | C7: % | D7: 0.76 | E7: 0.76 | F7: 0.76
B8: Annual OPEX | C8: % of CAPEX | D8: 0.047 | E8: 0.047 | F8: 0.047
B9: Emission factor | C9: kgCO2/kgH2 | D9: 8.9 | E9: 8.9 | F9: 8.9
A10: coal gasification | B10: CAPEX | C10: USD/kWe | D10: 2670 | E10: 2670 | F10: 2670
B11: Efficiency (LHV) | C11: % | D11: 0.6 | E11: 0.6 | F11: 0.6
B12: Annual OPEX | C12: % of CAPEX | D12: 0.05 | E12: 0.05 | F12: 0.05
B13: Emission factor | C13: kgCO2/kgH2 | D13: 20.2 | E13: 20.2 | F13: 20.2
A15: Mapped Year | D15: 2017 | E15: 2030 | F15: 2050
A18: Annual Improvement Rate for Electrolysis | D18: =(E3/D3)^(1/(2030-2017)) -> 1.0058032 | E18: =(F3/E3)^(1/(2050-2030)) -> 1.0035041

Sheet POX
B2: From El-Shafie et al.
B3: 60-75% | C3: efficiency
B5: =AVERAGE(0.6,0.75) -> 0.675

Sheet HPEbP
A1: Efficiency (dimensionless) | B1: 2017 | C1: 2018 | D1: 2019 | E1: 2020 | F1: 2021 | G1: 2022 | H1: 2023 | I1: 2024 | J1: 2025 | K1: 2026 | L1: 2027 | M1: 2028 | N1: 2029 | O1: 2030 | P1: 2031 | Q1: 2032 | R1: 2033 | S1: 2034 | T1: 2035 | U1: 2036 | V1: 2037 | W1: 2038 | X1: 2039 | Y1: 2040 | Z1: 2041 | AA1: 2042 | AB1: 2043 | AC1: 2044 | AD1: 2045 | AE1: 2046 | AF1: 2047 | AG1: 2048 | AH1: 2049 | AI1: 2050
A2: electrolysis | B2: =118/176 -> 0.67045455 | C2: =B2*'IEA Data'!$D$18 -> 0.67434532 | D2: =C2*'IEA Data'!$D$18 -> 0.67825868 | E2: =D2*'IEA Data'!$D$18 -> 0.68219474 | F2: =E2*'IEA Data'!$D$18 -> 0.68615365 | G2: =F2*'IEA Data'!$D$18 -> 0.69013553 | H2: =G2*'IEA Data'!$D$18 -> 0.69414051 | I2: =H2*'IEA Data'!$D$18 -> 0.69816874 | J2: =I2*'IEA Data'!$D$18 -> 0.70222035 | ... O2: =N2*'IEA Data'!$D$18 -> 0.72283381 | P2: =O2*'IEA Data'!$E$18 -> 0.72536666 | Q2: =P2*'IEA Data'!$E$18 -> 0.72790838 | R2: =Q2*'IEA Data'!$E$18 -> 0.73045901 | S2: =R2*'IEA Data'!$E$18 -> 0.73301858 | T2: =S2*'IEA Data'!$E$18 -> 0.73558712 | U2: =T2*'IEA Data'!$E$18 -> 0.73816465 | V2: =U2*'IEA Data'!$E$18 -> 0.74075122 | W2: =V2*'IEA Data'!$E$18 -> 0.74334685 | ... AI2: =AH2*'IEA Data'!$E$18 -> 0.77521307
A3: natural gas reforming | B3: =118/(162+2) -> 0.7195122 | C3: =B3 -> 0.7195122 | D3: =C3 -> 0.7195122 | E3: =D3 -> 0.7195122 | F3: =E3 -> 0.7195122 | G3: =F3 -> 0.7195122 | H3: =G3 -> 0.7195122 | I3: =H3 -> 0.7195122 | J3: =I3 -> 0.7195122 | ... AI3: =AH3 -> 0.7195122
A4: coal gasification | B4: =118/SUM(201,6) -> 0.57004831 | C4: =B4 -> 0.57004831 | D4: =C4 -> 0.57004831 | E4: =D4 -> 0.57004831 | F4: =E4 -> 0.57004831 | G4: =F4 -> 0.57004831 | H4: =G4 -> 0.57004831 | I4: =H4 -> 0.57004831 | J4: =I4 -> 0.57004831 | ... AI4: =AH4 -> 0.57004831
A5: biomass gasification | B5: =118/(246+3+6) -> 0.4627451 | C5: =B5 -> 0.4627451 | D5: =C5 -> 0.4627451 | E5: =D5 -> 0.4627451 | F5: =E5 -> 0.4627451 | G5: =F5 -> 0.4627451 | H5: =G5 -> 0.4627451 | I5: =H5 -> 0.4627451 | J5: =I5 -> 0.4627451 | ... AI5: =AH5 -> 0.4627451
A6: hydrocarbon partial oxidation | B6: =POX!B5 -> 0.675 | C6: =B6 -> 0.675 | D6: =C6 -> 0.675 | E6: =D6 -> 0.675 | F6: =E6 -> 0.675 | G6: =F6 -> 0.675 | H6: =G6 -> 0.675 | I6: =H6 -> 0.675 | J6: =I6 -> 0.675 | ... AI6: =AH6 -> 0.675
A7: electrolysis with guaranteed clean electricity | B7: =B2 -> 0.67045455 | C7: =C2 -> 0.67434532 | D7: =D2 -> 0.67825868 | E7: =E2 -> 0.68219474 | F7: =F2 -> 0.68615365 | G7: =G2 -> 0.69013553 | H7: =H2 -> 0.69414051 | I7: =I2 -> 0.69816874 | ... AI7: =AI2 -> 0.77521307
A8: natural gas reforming with CCS | B8: =B3 -> 0.7195122 | C8: =C3 -> 0.7195122 | D8: =D3 -> 0.7195122 | E8: =E3 -> 0.7195122 | F8: =F3 -> 0.7195122 | G8: =G3 -> 0.7195122 | H8: =H3 -> 0.7195122 | I8: =I3 -> 0.7195122 | ... AI8: =AI3 -> 0.7195122
