Workbook
Name Eno_TM: '[1]1997 Table 1a Modified'!#REF!
Name Eno_Tons: '[1]1997 Table 1a Modified'!#REF!
Name Sum_T2: '[1]1997 Table 1a Modified'!#REF!
Name Sum_TTM: '[1]1997 Table 1a Modified'!#REF!
Name ti_tbl_50: #REF!
Name ti_tbl_69: #REF!

Sheet About
A1: BHNVFEAL BAU Historical New Vehicle Fuel Economy After Lifetime
A3: Sources: | B3: Korea SYFAFE

Sheet SYFAFE-psgr
A1: Fuel Economy (passenger*miles/BTU) | B1: battery electric vehicle | C1: natural gas vehicle | D1: gasoline vehicle | E1: diesel vehicle | F1: plugin hybrid vehicle | G1: LPG vehicle | H1: hydrogen vehicle
A2: LDVs | B2: =[2]Road!C42 -> 0.00034494855 | C2: =[2]Road!D42 -> 0.00045375872 | D2: =[2]Road!E42 -> 0.00033955215 | E2: =[2]Road!F42 -> 0.00038835543 | F2: =[2]Road!G42 -> 0.00011475499 | G2: =[2]Road!H42 -> 0.00043237661 | H2: =[2]Road!I42 -> 0.00019715882
A3: HDVs | B3: =[2]Road!C43 -> 0.0004372555 | C3: =[2]Road!D43 -> 0.00056725587 | D3: =[2]Road!E43 -> 0.00043041504 | E3: =[2]Road!F43 -> 0.00053012016 | F3: =[2]Road!G43 -> 0.000145463 | G3: =[2]Road!H43 -> 0.00054052552 | H3: =[2]Road!I43 -> 0.00024647349
A4: aircraft | B4: =[2]aircraft!C23 -> 0 | C4: =[2]aircraft!D23 -> 0 | D4: =[2]aircraft!E23 -> 0 | E4: =[2]aircraft!F23 -> 0.0063999198 | F4: =[2]aircraft!G23 -> 0 | G4: =[2]aircraft!H23 -> 0 | H4: =[2]aircraft!I23 -> 0
A5: rail | B5: =[2]rail!C22 -> 0.00078030705 | C5: =[2]rail!D22 -> 0 | D5: =[2]rail!E22 -> 0 | E5: =[2]rail!F22 -> 0.0055294125 | F5: =[2]rail!G22 -> 0 | G5: =[2]rail!H22 -> 0 | H5: =[2]rail!I22 -> 0
A6: ships | B6: 3.2293482e-05 | C6: 0 | D6: 1.0049397e-05 | E6: 1.0049397e-05 | F6: 0 | G6: 0 | H6: 3.0148191e-05
A7: motorbikes | B7: 0 | C7: 0 | D7: =[2]Motobikes!D18 -> 5.9831906e-05 | E7: 0 | F7: 0 | G7: 0 | H7: 0

Sheet SYFAFE-frgt
A1: Fuel Economy (freight ton*miles/BTU) | B1: battery electric vehicle | C1: natural gas vehicle | D1: gasoline vehicle | E1: diesel vehicle | F1: plugin hybrid vehicle | G1: LPG vehicle | H1: hydrogen vehicle
A2: LDVs | B2: =[2]Road!C44 -> 7.2592367e-05 | C2: =[2]Road!D44 -> 0.00017537306 | D2: =[2]Road!E44 -> 6.4283976e-05 | E2: =[2]Road!F44 -> 0.00011078813 | F2: =[2]Road!G44 -> 0 | G2: =[2]Road!H44 -> 7.6997049e-05 | H2: =[2]Road!I44 -> 0
A3: HDVs | B3: =[2]Road!C45 -> 0.0058062169 | C3: =[2]Road!D45 -> 0 | D3: =[2]Road!E45 -> 0.0051416798 | E3: =[2]Road!F45 -> 0.0095424417 | F3: =[2]Road!G45 -> 0 | G3: =[2]Road!H45 -> 0.0060736454 | H3: =[2]Road!I45 -> 0
A4: aircraft | B4: =[2]aircraft!C24 -> 0 | C4: =[2]aircraft!D24 -> 0 | D4: =[2]aircraft!E24 -> 0 | E4: =[2]aircraft!F24 -> 0.029927891 | F4: =[2]aircraft!G24 -> 0 | G4: =[2]aircraft!H24 -> 0 | H4: =[2]aircraft!I24 -> 0
A5: rail | B5: =[2]rail!C23 -> 0.0010021251 | C5: =[2]rail!D23 -> 0 | D5: =[2]rail!E23 -> 0 | E5: =[2]rail!F23 -> 0.016108651 | F5: =[2]rail!G23 -> 0 | G5: =[2]rail!H23 -> 0 | H5: =[2]rail!I23 -> 0
A6: ships | B6: 0.015467626 | C6: 0.004813365 | D6: 0.004813365 | E6: 0.004813365 | F6: 0 | G6: 0 | H6: 0.014440095
A7: motorbikes | B7: 0 | C7: 0 | D7: =[2]Motobikes!D19 -> 5.9831906e-05 | E7: 0 | F7: 0 | G7: 0 | H7: 0

Sheet BHNVFEAL-LDVs-psgr
A1: Fuel Economy ((thing*miles)/BTU) | B1: 2020 | C1: 2021 | D1: 2022 | E1: 2023 | F1: 2024 | G1: 2025 | H1: 2026 | I1: 2027 | J1: 2028 | K1: 2029 | L1: 2030 | M1: 2031 | N1: 2032 | O1: 2033 | P1: 2034 | Q1: 2035 | R1: 2036 | S1: 2037 | T1: 2038 | U1: 2039 | V1: 2040 | W1: 2041 | X1: 2042 | Y1: 2043 | Z1: 2044 | AA1: 2045 | AB1: 2046 | AC1: 2047 | AD1: 2048 | AE1: 2049 | AF1: 2050
A2: battery electric vehicle | B2: {=TRANSPOSE('SYFAFE-psgr'!B2:H2)} -> 0.00034494855 | C2: =B2 -> 0.00034494855 | D2: =C2 -> 0.00034494855 | E2: =D2 -> 0.00034494855 | F2: =E2 -> 0.00034494855 | G2: =F2 -> 0.00034494855 | H2: =G2 -> 0.00034494855 | I2: =H2 -> 0.00034494855 | J2: =I2 -> 0.00034494855 | ... AF2: =AE2 -> 0.00034494855
A3: natural gas vehicle | B3: 0.00045375872 | C3: =B3 -> 0.00045375872 | D3: =C3 -> 0.00045375872 | E3: =D3 -> 0.00045375872 | F3: =E3 -> 0.00045375872 | G3: =F3 -> 0.00045375872 | H3: =G3 -> 0.00045375872 | I3: =H3 -> 0.00045375872 | J3: =I3 -> 0.00045375872 | ... AF3: =AE3 -> 0.00045375872
A4: gasoline vehicle | B4: 0.00033955215 | C4: =B4 -> 0.00033955215 | D4: =C4 -> 0.00033955215 | E4: =D4 -> 0.00033955215 | F4: =E4 -> 0.00033955215 | G4: =F4 -> 0.00033955215 | H4: =G4 -> 0.00033955215 | I4: =H4 -> 0.00033955215 | J4: =I4 -> 0.00033955215 | ... AF4: =AE4 -> 0.00033955215
A5: diesel vehicle | B5: 0.00038835543 | C5: =B5 -> 0.00038835543 | D5: =C5 -> 0.00038835543 | E5: =D5 -> 0.00038835543 | F5: =E5 -> 0.00038835543 | G5: =F5 -> 0.00038835543 | H5: =G5 -> 0.00038835543 | I5: =H5 -> 0.00038835543 | J5: =I5 -> 0.00038835543 | ... AF5: =AE5 -> 0.00038835543
A6: plugin hybrid vehicle | B6: 0.00011475499 | C6: =B6 -> 0.00011475499 | D6: =C6 -> 0.00011475499 | E6: =D6 -> 0.00011475499 | F6: =E6 -> 0.00011475499 | G6: =F6 -> 0.00011475499 | H6: =G6 -> 0.00011475499 | I6: =H6 -> 0.00011475499 | J6: =I6 -> 0.00011475499 | ... AF6: =AE6 -> 0.00011475499
A7: LPG vehicle | B7: 0.00043237661 | C7: =B7 -> 0.00043237661 | D7: =C7 -> 0.00043237661 | E7: =D7 -> 0.00043237661 | F7: =E7 -> 0.00043237661 | G7: =F7 -> 0.00043237661 | H7: =G7 -> 0.00043237661 | I7: =H7 -> 0.00043237661 | J7: =I7 -> 0.00043237661 | ... AF7: =AE7 -> 0.00043237661
A8: hydrogen vehicle | B8: 0.00019715882 | C8: =B8 -> 0.00019715882 | D8: =C8 -> 0.00019715882 | E8: =D8 -> 0.00019715882 | F8: =E8 -> 0.00019715882 | G8: =F8 -> 0.00019715882 | H8: =G8 -> 0.00019715882 | I8: =H8 -> 0.00019715882 | J8: =I8 -> 0.00019715882 | ... AF8: =AE8 -> 0.00019715882

Sheet BHNVFEAL-LDVs-frgt
A1: Fuel Economy ((thing*miles)/BTU) | B1: 2020 | C1: 2021 | D1: 2022 | E1: 2023 | F1: 2024 | G1: 2025 | H1: 2026 | I1: 2027 | J1: 2028 | K1: 2029 | L1: 2030 | M1: 2031 | N1: 2032 | O1: 2033 | P1: 2034 | Q1: 2035 | R1: 2036 | S1: 2037 | T1: 2038 | U1: 2039 | V1: 2040 | W1: 2041 | X1: 2042 | Y1: 2043 | Z1: 2044 | AA1: 2045 | AB1: 2046 | AC1: 2047 | AD1: 2048 | AE1: 2049 | AF1: 2050
A2: battery electric vehicle | B2: {=TRANSPOSE('SYFAFE-frgt'!B2:H2)} -> 7.2592367e-05 | C2: =B2 -> 7.2592367e-05 | D2: =C2 -> 7.2592367e-05 | E2: =D2 -> 7.2592367e-05 | F2: =E2 -> 7.2592367e-05 | G2: =F2 -> 7.2592367e-05 | H2: =G2 -> 7.2592367e-05 | I2: =H2 -> 7.2592367e-05 | J2: =I2 -> 7.2592367e-05 | ... AF2: =AE2 -> 7.2592367e-05
A3: natural gas vehicle | B3: 0.00017537306 | C3: =B3 -> 0.00017537306 | D3: =C3 -> 0.00017537306 | E3: =D3 -> 0.00017537306 | F3: =E3 -> 0.00017537306 | G3: =F3 -> 0.00017537306 | H3: =G3 -> 0.00017537306 | I3: =H3 -> 0.00017537306 | J3: =I3 -> 0.00017537306 | ... AF3: =AE3 -> 0.00017537306
A4: gasoline vehicle | B4: 6.4283976e-05 | C4: =B4 -> 6.4283976e-05 | D4: =C4 -> 6.4283976e-05 | E4: =D4 -> 6.4283976e-05 | F4: =E4 -> 6.4283976e-05 | G4: =F4 -> 6.4283976e-05 | H4: =G4 -> 6.4283976e-05 | I4: =H4 -> 6.4283976e-05 | J4: =I4 -> 6.4283976e-05 | ... AF4: =AE4 -> 6.4283976e-05
A5: diesel vehicle | B5: 0.00011078813 | C5: =B5 -> 0.00011078813 | D5: =C5 -> 0.00011078813 | E5: =D5 -> 0.00011078813 | F5: =E5 -> 0.00011078813 | G5: =F5 -> 0.00011078813 | H5: =G5 -> 0.00011078813 | I5: =H5 -> 0.00011078813 | J5: =I5 -> 0.00011078813 | ... AF5: =AE5 -> 0.00011078813
A6: plugin hybrid vehicle | B6: 0 | C6: =B6 -> 0 | D6: =C6 -> 0 | E6: =D6 -> 0 | F6: =E6 -> 0 | G6: =F6 -> 0 | H6: =G6 -> 0 | I6: =H6 -> 0 | J6: =I6 -> 0 | ... AF6: =AE6 -> 0
A7: LPG vehicle | B7: 7.6997049e-05 | C7: =B7 -> 7.6997049e-05 | D7: =C7 -> 7.6997049e-05 | E7: =D7 -> 7.6997049e-05 | F7: =E7 -> 7.6997049e-05 | G7: =F7 -> 7.6997049e-05 | H7: =G7 -> 7.6997049e-05 | I7: =H7 -> 7.6997049e-05 | J7: =I7 -> 7.6997049e-05 | ... AF7: =AE7 -> 7.6997049e-05
A8: hydrogen vehicle | B8: 0 | C8: =B8 -> 0 | D8: =C8 -> 0 | E8: =D8 -> 0 | F8: =E8 -> 0 | G8: =F8 -> 0 | H8: =G8 -> 0 | I8: =H8 -> 0 | J8: =I8 -> 0 | ... AF8: =AE8 -> 0

Sheet BHNVFEAL-HDVs-psgr
A1: Fuel Economy ((thing*miles)/BTU) | B1: 2020 | C1: 2021 | D1: 2022 | E1: 2023 | F1: 2024 | G1: 2025 | H1: 2026 | I1: 2027 | J1: 2028 | K1: 2029 | L1: 2030 | M1: 2031 | N1: 2032 | O1: 2033 | P1: 2034 | Q1: 2035 | R1: 2036 | S1: 2037 | T1: 2038 | U1: 2039 | V1: 2040 | W1: 2041 | X1: 2042 | Y1: 2043 | Z1: 2044 | AA1: 2045 | AB1: 2046 | AC1: 2047 | AD1: 2048 | AE1: 2049 | AF1: 2050
A2: battery electric vehicle | B2: {=TRANSPOSE('SYFAFE-psgr'!B3:H3)} -> 0.0004372555 | C2: =B2 -> 0.0004372555 | D2: =C2 -> 0.0004372555 | E2: =D2 -> 0.0004372555 | F2: =E2 -> 0.0004372555 | G2: =F2 -> 0.0004372555 | H2: =G2 -> 0.0004372555 | I2: =H2 -> 0.0004372555 | J2: =I2 -> 0.0004372555 | ... AF2: =AE2 -> 0.0004372555
A3: natural gas vehicle | B3: 0.00056725587 | C3: =B3 -> 0.00056725587 | D3: =C3 -> 0.00056725587 | E3: =D3 -> 0.00056725587 | F3: =E3 -> 0.00056725587 | G3: =F3 -> 0.00056725587 | H3: =G3 -> 0.00056725587 | I3: =H3 -> 0.00056725587 | J3: =I3 -> 0.00056725587 | ... AF3: =AE3 -> 0.00056725587
A4: gasoline vehicle | B4: 0.00043041504 | C4: =B4 -> 0.00043041504 | D4: =C4 -> 0.00043041504 | E4: =D4 -> 0.00043041504 | F4: =E4 -> 0.00043041504 | G4: =F4 -> 0.00043041504 | H4: =G4 -> 0.00043041504 | I4: =H4 -> 0.00043041504 | J4: =I4 -> 0.00043041504 | ... AF4: =AE4 -> 0.00043041504
A5: diesel vehicle | B5: 0.00053012016 | C5: =B5 -> 0.00053012016 | D5: =C5 -> 0.00053012016 | E5: =D5 -> 0.00053012016 | F5: =E5 -> 0.00053012016 | G5: =F5 -> 0.00053012016 | H5: =G5 -> 0.00053012016 | I5: =H5 -> 0.00053012016 | J5: =I5 -> 0.00053012016 | ... AF5: =AE5 -> 0.00053012016
A6: plugin hybrid vehicle | B6: 0.000145463 | C6: =B6 -> 0.000145463 | D6: =C6 -> 0.000145463 | E6: =D6 -> 0.000145463 | F6: =E6 -> 0.000145463 | G6: =F6 -> 0.000145463 | H6: =G6 -> 0.000145463 | I6: =H6 -> 0.000145463 | J6: =I6 -> 0.000145463 | ... AF6: =AE6 -> 0.000145463
A7: LPG vehicle | B7: 0.00054052552 | C7: =B7 -> 0.00054052552 | D7: =C7 -> 0.00054052552 | E7: =D7 -> 0.00054052552 | F7: =E7 -> 0.00054052552 | G7: =F7 -> 0.00054052552 | H7: =G7 -> 0.00054052552 | I7: =H7 -> 0.00054052552 | J7: =I7 -> 0.00054052552 | ... AF7: =AE7 -> 0.00054052552
A8: hydrogen vehicle | B8: 0.00024647349 | C8: =B8 -> 0.00024647349 | D8: =C8 -> 0.00024647349 | E8: =D8 -> 0.00024647349 | F8: =E8 -> 0.00024647349 | G8: =F8 -> 0.00024647349 | H8: =G8 -> 0.00024647349 | I8: =H8 -> 0.00024647349 | J8: =I8 -> 0.00024647349 | ... AF8: =AE8 -> 0.00024647349

Sheet BHNVFEAL-HDVs-frgt
A1: Fuel Economy ((thing*miles)/BTU) | B1: 2020 | C1: 2021 | D1: 2022 | E1: 2023 | F1: 2024 | G1: 2025 | H1: 2026 | I1: 2027 | J1: 2028 | K1: 2029 | L1: 2030 | M1: 2031 | N1: 2032 | O1: 2033 | P1: 2034 | Q1: 2035 | R1: 2036 | S1: 2037 | T1: 2038 | U1: 2039 | V1: 2040 | W1: 2041 | X1: 2042 | Y1: 2043 | Z1: 2044 | AA1: 2045 | AB1: 2046 | AC1: 2047 | AD1: 2048 | AE1: 2049 | AF1: 2050
A2: battery electric vehicle | B2: {=TRANSPOSE('SYFAFE-frgt'!B3:H3)} -> 0.0058062169 | C2: =B2 -> 0.0058062169 | D2: =C2 -> 0.0058062169 | E2: =D2 -> 0.0058062169 | F2: =E2 -> 0.0058062169 | G2: =F2 -> 0.0058062169 | H2: =G2 -> 0.0058062169 | I2: =H2 -> 0.0058062169 | J2: =I2 -> 0.0058062169 | ... AF2: =AE2 -> 0.0058062169
A3: natural gas vehicle | B3: 0 | C3: =B3 -> 0 | D3: =C3 -> 0 | E3: =D3 -> 0 | F3: =E3 -> 0 | G3: =F3 -> 0 | H3: =G3 -> 0 | I3: =H3 -> 0 | J3: =I3 -> 0 | ... AF3: =AE3 -> 0
A4: gasoline vehicle | B4: 0.0051416798 | C4: =B4 -> 0.0051416798 | D4: =C4 -> 0.0051416798 | E4: =D4 -> 0.0051416798 | F4: =E4 -> 0.0051416798 | G4: =F4 -> 0.0051416798 | H4: =G4 -> 0.0051416798 | I4: =H4 -> 0.0051416798 | J4: =I4 -> 0.0051416798 | ... AF4: =AE4 -> 0.0051416798
A5: diesel vehicle | B5: 0.0095424417 | C5: =B5 -> 0.0095424417 | D5: =C5 -> 0.0095424417 | E5: =D5 -> 0.0095424417 | F5: =E5 -> 0.0095424417 | G5: =F5 -> 0.0095424417 | H5: =G5 -> 0.0095424417 | I5: =H5 -> 0.0095424417 | J5: =I5 -> 0.0095424417 | ... AF5: =AE5 -> 0.0095424417
A6: plugin hybrid vehicle | B6: 0 | C6: =B6 -> 0 | D6: =C6 -> 0 | E6: =D6 -> 0 | F6: =E6 -> 0 | G6: =F6 -> 0 | H6: =G6 -> 0 | I6: =H6 -> 0 | J6: =I6 -> 0 | ... AF6: =AE6 -> 0
A7: LPG vehicle | B7: 0.0060736454 | C7: =B7 -> 0.0060736454 | D7: =C7 -> 0.0060736454 | E7: =D7 -> 0.0060736454 | F7: =E7 -> 0.0060736454 | G7: =F7 -> 0.0060736454 | H7: =G7 -> 0.0060736454 | I7: =H7 -> 0.0060736454 | J7: =I7 -> 0.0060736454 | ... AF7: =AE7 -> 0.0060736454
A8: hydrogen vehicle | B8: 0 | C8: =B8 -> 0 | D8: =C8 -> 0 | E8: =D8 -> 0 | F8: =E8 -> 0 | G8: =F8 -> 0 | H8: =G8 -> 0 | I8: =H8 -> 0 | J8: =I8 -> 0 | ... AF8: =AE8 -> 0

Sheet BHNVFEAL-aircraft-psgr
A1: Fuel Economy ((thing*miles)/BTU) | B1: 2020 | C1: 2021 | D1: 2022 | E1: 2023 | F1: 2024 | G1: 2025 | H1: 2026 | I1: 2027 | J1: 2028 | K1: 2029 | L1: 2030 | M1: 2031 | N1: 2032 | O1: 2033 | P1: 2034 | Q1: 2035 | R1: 2036 | S1: 2037 | T1: 2038 | U1: 2039 | V1: 2040 | W1: 2041 | X1: 2042 | Y1: 2043 | Z1: 2044 | AA1: 2045 | AB1: 2046 | AC1: 2047 | AD1: 2048 | AE1: 2049 | AF1: 2050
A2: battery electric vehicle | B2: {=TRANSPOSE('SYFAFE-psgr'!B4:H4)} -> 0 | C2: =B2 -> 0 | D2: =C2 -> 0 | E2: =D2 -> 0 | F2: =E2 -> 0 | G2: =F2 -> 0 | H2: =G2 -> 0 | I2: =H2 -> 0 | J2: =I2 -> 0 | ... AF2: =AE2 -> 0
A3: natural gas vehicle | B3: 0 | C3: =B3 -> 0 | D3: =C3 -> 0 | E3: =D3 -> 0 | F3: =E3 -> 0 | G3: =F3 -> 0 | H3: =G3 -> 0 | I3: =H3 -> 0 | J3: =I3 -> 0 | ... AF3: =AE3 -> 0
A4: gasoline vehicle | B4: 0 | C4: =B4 -> 0 | D4: =C4 -> 0 | E4: =D4 -> 0 | F4: =E4 -> 0 | G4: =F4 -> 0 | H4: =G4 -> 0 | I4: =H4 -> 0 | J4: =I4 -> 0 | ... AF4: =AE4 -> 0
A5: diesel vehicle | B5: 0.0063999198 | C5: =B5 -> 0.0063999198 | D5: =C5 -> 0.0063999198 | E5: =D5 -> 0.0063999198 | F5: =E5 -> 0.0063999198 | G5: =F5 -> 0.0063999198 | H5: =G5 -> 0.0063999198 | I5: =H5 -> 0.0063999198 | J5: =I5 -> 0.0063999198 | ... AF5: =AE5 -> 0.0063999198
A6: plugin hybrid vehicle | B6: 0 | C6: =B6 -> 0 | D6: =C6 -> 0 | E6: =D6 -> 0 | F6: =E6 -> 0 | G6: =F6 -> 0 | H6: =G6 -> 0 | I6: =H6 -> 0 | J6: =I6 -> 0 | ... AF6: =AE6 -> 0
A7: LPG vehicle | B7: 0 | C7: =B7 -> 0 | D7: =C7 -> 0 | E7: =D7 -> 0 | F7: =E7 -> 0 | G7: =F7 -> 0 | H7: =G7 -> 0 | I7: =H7 -> 0 | J7: =I7 -> 0 | ... AF7: =AE7 -> 0
A8: hydrogen vehicle | B8: 0 | C8: =B8 -> 0 | D8: =C8 -> 0 | E8: =D8 -> 0 | F8: =E8 -> 0 | G8: =F8 -> 0 | H8: =G8 -> 0 | I8: =H8 -> 0 | J8: =I8 -> 0 | ... AF8: =AE8 -> 0

Sheet BHNVFEAL-aircraft-frgt
A1: Fuel Economy ((thing*miles)/BTU) | B1: 2020 | C1: 2021 | D1: 2022 | E1: 2023 | F1: 2024 | G1: 2025 | H1: 2026 | I1: 2027 | J1: 2028 | K1: 2029 | L1: 2030 | M1: 2031 | N1: 2032 | O1: 2033 | P1: 2034 | Q1: 2035 | R1: 2036 | S1: 2037 | T1: 2038 | U1: 2039 | V1: 2040 | W1: 2041 | X1: 2042 | Y1: 2043 | Z1: 2044 | AA1: 2045 | AB1: 2046 | AC1: 2047 | AD1: 2048 | AE1: 2049 | AF1: 2050
A2: battery electric vehicle | B2: {=TRANSPOSE('SYFAFE-frgt'!B4:H4)} -> 0 | C2: =B2 -> 0 | D2: =C2 -> 0 | E2: =D2 -> 0 | F2: =E2 -> 0 | G2: =F2 -> 0 | H2: =G2 -> 0 | I2: =H2 -> 0 | J2: =I2 -> 0 | ... AF2: =AE2 -> 0
A3: natural gas vehicle | B3: 0 | C3: =B3 -> 0 | D3: =C3 -> 0 | E3: =D3 -> 0 | F3: =E3 -> 0 | G3: =F3 -> 0 | H3: =G3 -> 0 | I3: =H3 -> 0 | J3: =I3 -> 0 | ... AF3: =AE3 -> 0
A4: gasoline vehicle | B4: 0 | C4: =B4 -> 0 | D4: =C4 -> 0 | E4: =D4 -> 0 | F4: =E4 -> 0 | G4: =F4 -> 0 | H4: =G4 -> 0 | I4: =H4 -> 0 | J4: =I4 -> 0 | ... AF4: =AE4 -> 0
A5: diesel vehicle | B5: 0.029927891 | C5: =B5 -> 0.029927891 | D5: =C5 -> 0.029927891 | E5: =D5 -> 0.029927891 | F5: =E5 -> 0.029927891 | G5: =F5 -> 0.029927891 | H5: =G5 -> 0.029927891 | I5: =H5 -> 0.029927891 | J5: =I5 -> 0.029927891 | ... AF5: =AE5 -> 0.029927891
A6: plugin hybrid vehicle | B6: 0 | C6: =B6 -> 0 | D6: =C6 -> 0 | E6: =D6 -> 0 | F6: =E6 -> 0 | G6: =F6 -> 0 | H6: =G6 -> 0 | I6: =H6 -> 0 | J6: =I6 -> 0 | ... AF6: =AE6 -> 0
A7: LPG vehicle | B7: 0 | C7: =B7 -> 0 | D7: =C7 -> 0 | E7: =D7 -> 0 | F7: =E7 -> 0 | G7: =F7 -> 0 | H7: =G7 -> 0 | I7: =H7 -> 0 | J7: =I7 -> 0 | ... AF7: =AE7 -> 0
A8: hydrogen vehicle | B8: 0 | C8: =B8 -> 0 | D8: =C8 -> 0 | E8: =D8 -> 0 | F8: =E8 -> 0 | G8: =F8 -> 0 | H8: =G8 -> 0 | I8: =H8 -> 0 | J8: =I8 -> 0 | ... AF8: =AE8 -> 0

Sheet BHNVFEAL-rail-psgr
A1: Fuel Economy ((thing*miles)/BTU) | B1: 2020 | C1: 2021 | D1: 2022 | E1: 2023 | F1: 2024 | G1: 2025 | H1: 2026 | I1: 2027 | J1: 2028 | K1: 2029 | L1: 2030 | M1: 2031 | N1: 2032 | O1: 2033 | P1: 2034 | Q1: 2035 | R1: 2036 | S1: 2037 | T1: 2038 | U1: 2039 | V1: 2040 | W1: 2041 | X1: 2042 | Y1: 2043 | Z1: 2044 | AA1: 2045 | AB1: 2046 | AC1: 2047 | AD1: 2048 | AE1: 2049 | AF1: 2050
A2: battery electric vehicle | B2: {=TRANSPOSE('SYFAFE-psgr'!B5:H5)} -> 0.00078030705 | C2: =B2 -> 0.00078030705 | D2: =C2 -> 0.00078030705 | E2: =D2 -> 0.00078030705 | F2: =E2 -> 0.00078030705 | G2: =F2 -> 0.00078030705 | H2: =G2 -> 0.00078030705 | I2: =H2 -> 0.00078030705 | J2: =I2 -> 0.00078030705 | ... AF2: =AE2 -> 0.00078030705
A3: natural gas vehicle | B3: 0 | C3: =B3 -> 0 | D3: =C3 -> 0 | E3: =D3 -> 0 | F3: =E3 -> 0 | G3: =F3 -> 0 | H3: =G3 -> 0 | I3: =H3 -> 0 | J3: =I3 -> 0 | ... AF3: =AE3 -> 0
A4: gasoline vehicle | B4: 0 | C4: =B4 -> 0 | D4: =C4 -> 0 | E4: =D4 -> 0 | F4: =E4 -> 0 | G4: =F4 -> 0 | H4: =G4 -> 0 | I4: =H4 -> 0 | J4: =I4 -> 0 | ... AF4: =AE4 -> 0
A5: diesel vehicle | B5: 0.0055294125 | C5: =B5 -> 0.0055294125 | D5: =C5 -> 0.0055294125 | E5: =D5 -> 0.0055294125 | F5: =E5 -> 0.0055294125 | G5: =F5 -> 0.0055294125 | H5: =G5 -> 0.0055294125 | I5: =H5 -> 0.0055294125 | J5: =I5 -> 0.0055294125 | ... AF5: =AE5 -> 0.0055294125
A6: plugin hybrid vehicle | B6: 0 | C6: =B6 -> 0 | D6: =C6 -> 0 | E6: =D6 -> 0 | F6: =E6 -> 0 | G6: =F6 -> 0 | H6: =G6 -> 0 | I6: =H6 -> 0 | J6: =I6 -> 0 | ... AF6: =AE6 -> 0
A7: LPG vehicle | B7: 0 | C7: =B7 -> 0 | D7: =C7 -> 0 | E7: =D7 -> 0 | F7: =E7 -> 0 | G7: =F7 -> 0 | H7: =G7 -> 0 | I7: =H7 -> 0 | J7: =I7 -> 0 | ... AF7: =AE7 -> 0
A8: hydrogen vehicle | B8: 0 | C8: =B8 -> 0 | D8: =C8 -> 0 | E8: =D8 -> 0 | F8: =E8 -> 0 | G8: =F8 -> 0 | H8: =G8 -> 0 | I8: =H8 -> 0 | J8: =I8 -> 0 | ... AF8: =AE8 -> 0

Sheet BHNVFEAL-rail-frgt
A1: Fuel Economy ((thing*miles)/BTU) | B1: 2020 | C1: 2021 | D1: 2022 | E1: 2023 | F1: 2024 | G1: 2025 | H1: 2026 | I1: 2027 | J1: 2028 | K1: 2029 | L1: 2030 | M1: 2031 | N1: 2032 | O1: 2033 | P1: 2034 | Q1: 2035 | R1: 2036 | S1: 2037 | T1: 2038 | U1: 2039 | V1: 2040 | W1: 2041 | X1: 2042 | Y1: 2043 | Z1: 2044 | AA1: 2045 | AB1: 2046 | AC1: 2047 | AD1: 2048 | AE1: 2049 | AF1: 2050
A2: battery electric vehicle | B2: {=TRANSPOSE('SYFAFE-frgt'!B5:H5)} -> 0.0010021251 | C2: =B2 -> 0.0010021251 | D2: =C2 -> 0.0010021251 | E2: =D2 -> 0.0010021251 | F2: =E2 -> 0.0010021251 | G2: =F2 -> 0.0010021251 | H2: =G2 -> 0.0010021251 | I2: =H2 -> 0.0010021251 | J2: =I2 -> 0.0010021251 | ... AF2: =AE2 -> 0.0010021251
A3: natural gas vehicle | B3: 0 | C3: =B3 -> 0 | D3: =C3 -> 0 | E3: =D3 -> 0 | F3: =E3 -> 0 | G3: =F3 -> 0 | H3: =G3 -> 0 | I3: =H3 -> 0 | J3: =I3 -> 0 | ... AF3: =AE3 -> 0
A4: gasoline vehicle | B4: 0 | C4: =B4 -> 0 | D4: =C4 -> 0 | E4: =D4 -> 0 | F4: =E4 -> 0 | G4: =F4 -> 0 | H4: =G4 -> 0 | I4: =H4 -> 0 | J4: =I4 -> 0 | ... AF4: =AE4 -> 0
A5: diesel vehicle | B5: 0.016108651 | C5: =B5 -> 0.016108651 | D5: =C5 -> 0.016108651 | E5: =D5 -> 0.016108651 | F5: =E5 -> 0.016108651 | G5: =F5 -> 0.016108651 | H5: =G5 -> 0.016108651 | I5: =H5 -> 0.016108651 | J5: =I5 -> 0.016108651 | ... AF5: =AE5 -> 0.016108651
A6: plugin hybrid vehicle | B6: 0 | C6: =B6 -> 0 | D6: =C6 -> 0 | E6: =D6 -> 0 | F6: =E6 -> 0 | G6: =F6 -> 0 | H6: =G6 -> 0 | I6: =H6 -> 0 | J6: =I6 -> 0 | ... AF6: =AE6 -> 0
A7: LPG vehicle | B7: 0 | C7: =B7 -> 0 | D7: =C7 -> 0 | E7: =D7 -> 0 | F7: =E7 -> 0 | G7: =F7 -> 0 | H7: =G7 -> 0 | I7: =H7 -> 0 | J7: =I7 -> 0 | ... AF7: =AE7 -> 0
A8: hydrogen vehicle | B8: 0 | C8: =B8 -> 0 | D8: =C8 -> 0 | E8: =D8 -> 0 | F8: =E8 -> 0 | G8: =F8 -> 0 | H8: =G8 -> 0 | I8: =H8 -> 0 | J8: =I8 -> 0 | ... AF8: =AE8 -> 0

Sheet BHNVFEAL-ships-psgr
A1: Fuel Economy ((thing*miles)/BTU) | B1: 2020 | C1: 2021 | D1: 2022 | E1: 2023 | F1: 2024 | G1: 2025 | H1: 2026 | I1: 2027 | J1: 2028 | K1: 2029 | L1: 2030 | M1: 2031 | N1: 2032 | O1: 2033 | P1: 2034 | Q1: 2035 | R1: 2036 | S1: 2037 | T1: 2038 | U1: 2039 | V1: 2040 | W1: 2041 | X1: 2042 | Y1: 2043 | Z1: 2044 | AA1: 2045 | AB1: 2046 | AC1: 2047 | AD1: 2048 | AE1: 2049 | AF1: 2050
A2: battery electric vehicle | B2: {=TRANSPOSE('SYFAFE-psgr'!B6:H6)} -> 3.2293482e-05 | C2: =B2 -> 3.2293482e-05 | D2: =C2 -> 3.2293482e-05 | E2: =D2 -> 3.2293482e-05 | F2: =E2 -> 3.2293482e-05 | G2: =F2 -> 3.2293482e-05 | H2: =G2 -> 3.2293482e-05 | I2: =H2 -> 3.2293482e-05 | J2: =I2 -> 3.2293482e-05 | ... AF2: =AE2 -> 3.2293482e-05
A3: natural gas vehicle | B3: 0 | C3: =B3 -> 0 | D3: =C3 -> 0 | E3: =D3 -> 0 | F3: =E3 -> 0 | G3: =F3 -> 0 | H3: =G3 -> 0 | I3: =H3 -> 0 | J3: =I3 -> 0 | ... AF3: =AE3 -> 0
A4: gasoline vehicle | B4: 1.0049397e-05 | C4: =B4 -> 1.0049397e-05 | D4: =C4 -> 1.0049397e-05 | E4: =D4 -> 1.0049397e-05 | F4: =E4 -> 1.0049397e-05 | G4: =F4 -> 1.0049397e-05 | H4: =G4 -> 1.0049397e-05 | I4: =H4 -> 1.0049397e-05 | J4: =I4 -> 1.0049397e-05 | ... AF4: =AE4 -> 1.0049397e-05
A5: diesel vehicle | B5: 1.0049397e-05 | C5: =B5 -> 1.0049397e-05 | D5: =C5 -> 1.0049397e-05 | E5: =D5 -> 1.0049397e-05 | F5: =E5 -> 1.0049397e-05 | G5: =F5 -> 1.0049397e-05 | H5: =G5 -> 1.0049397e-05 | I5: =H5 -> 1.0049397e-05 | J5: =I5 -> 1.0049397e-05 | ... AF5: =AE5 -> 1.0049397e-05
A6: plugin hybrid vehicle | B6: 0 | C6: =B6 -> 0 | D6: =C6 -> 0 | E6: =D6 -> 0 | F6: =E6 -> 0 | G6: =F6 -> 0 | H6: =G6 -> 0 | I6: =H6 -> 0 | J6: =I6 -> 0 | ... AF6: =AE6 -> 0
A7: LPG vehicle | B7: 0 | C7: =B7 -> 0 | D7: =C7 -> 0 | E7: =D7 -> 0 | F7: =E7 -> 0 | G7: =F7 -> 0 | H7: =G7 -> 0 | I7: =H7 -> 0 | J7: =I7 -> 0 | ... AF7: =AE7 -> 0
A8: hydrogen vehicle | B8: 3.0148191e-05 | C8: =B8 -> 3.0148191e-05 | D8: =C8 -> 3.0148191e-05 | E8: =D8 -> 3.0148191e-05 | F8: =E8 -> 3.0148191e-05 | G8: =F8 -> 3.0148191e-05 | H8: =G8 -> 3.0148191e-05 | I8: =H8 -> 3.0148191e-05 | J8: =I8 -> 3.0148191e-05 | ... AF8: =AE8 -> 3.0148191e-05

Sheet BHNVFEAL-ships-frgt
A1: Fuel Economy ((thing*miles)/BTU) | B1: 2020 | C1: 2021 | D1: 2022 | E1: 2023 | F1: 2024 | G1: 2025 | H1: 2026 | I1: 2027 | J1: 2028 | K1: 2029 | L1: 2030 | M1: 2031 | N1: 2032 | O1: 2033 | P1: 2034 | Q1: 2035 | R1: 2036 | S1: 2037 | T1: 2038 | U1: 2039 | V1: 2040 | W1: 2041 | X1: 2042 | Y1: 2043 | Z1: 2044 | AA1: 2045 | AB1: 2046 | AC1: 2047 | AD1: 2048 | AE1: 2049 | AF1: 2050
A2: battery electric vehicle | B2: {=TRANSPOSE('SYFAFE-frgt'!B6:H6)} -> 0.015467626 | C2: =B2 -> 0.015467626 | D2: =C2 -> 0.015467626 | E2: =D2 -> 0.015467626 | F2: =E2 -> 0.015467626 | G2: =F2 -> 0.015467626 | H2: =G2 -> 0.015467626 | I2: =H2 -> 0.015467626 | J2: =I2 -> 0.015467626 | ... AF2: =AE2 -> 0.015467626
A3: natural gas vehicle | B3: 0.004813365 | C3: =B3 -> 0.004813365 | D3: =C3 -> 0.004813365 | E3: =D3 -> 0.004813365 | F3: =E3 -> 0.004813365 | G3: =F3 -> 0.004813365 | H3: =G3 -> 0.004813365 | I3: =H3 -> 0.004813365 | J3: =I3 -> 0.004813365 | ... AF3: =AE3 -> 0.004813365
A4: gasoline vehicle | B4: 0.004813365 | C4: =B4 -> 0.004813365 | D4: =C4 -> 0.004813365 | E4: =D4 -> 0.004813365 | F4: =E4 -> 0.004813365 | G4: =F4 -> 0.004813365 | H4: =G4 -> 0.004813365 | I4: =H4 -> 0.004813365 | J4: =I4 -> 0.004813365 | ... AF4: =AE4 -> 0.004813365
A5: diesel vehicle | B5: 0.004813365 | C5: =B5 -> 0.004813365 | D5: =C5 -> 0.004813365 | E5: =D5 -> 0.004813365 | F5: =E5 -> 0.004813365 | G5: =F5 -> 0.004813365 | H5: =G5 -> 0.004813365 | I5: =H5 -> 0.004813365 | J5: =I5 -> 0.004813365 | ... AF5: =AE5 -> 0.004813365
A6: plugin hybrid vehicle | B6: 0 | C6: =B6 -> 0 | D6: =C6 -> 0 | E6: =D6 -> 0 | F6: =E6 -> 0 | G6: =F6 -> 0 | H6: =G6 -> 0 | I6: =H6 -> 0 | J6: =I6 -> 0 | ... AF6: =AE6 -> 0
A7: LPG vehicle | B7: 0 | C7: =B7 -> 0 | D7: =C7 -> 0 | E7: =D7 -> 0 | F7: =E7 -> 0 | G7: =F7 -> 0 | H7: =G7 -> 0 | I7: =H7 -> 0 | J7: =I7 -> 0 | ... AF7: =AE7 -> 0
A8: hydrogen vehicle | B8: 0.014440095 | C8: =B8 -> 0.014440095 | D8: =C8 -> 0.014440095 | E8: =D8 -> 0.014440095 | F8: =E8 -> 0.014440095 | G8: =F8 -> 0.014440095 | H8: =G8 -> 0.014440095 | I8: =H8 -> 0.014440095 | J8: =I8 -> 0.014440095 | ... AF8: =AE8 -> 0.014440095

Sheet BHNVFEAL-motorbikes-psgr
A1: Fuel Economy ((thing*miles)/BTU) | B1: 2020 | C1: 2021 | D1: 2022 | E1: 2023 | F1: 2024 | G1: 2025 | H1: 2026 | I1: 2027 | J1: 2028 | K1: 2029 | L1: 2030 | M1: 2031 | N1: 2032 | O1: 2033 | P1: 2034 | Q1: 2035 | R1: 2036 | S1: 2037 | T1: 2038 | U1: 2039 | V1: 2040 | W1: 2041 | X1: 2042 | Y1: 2043 | Z1: 2044 | AA1: 2045 | AB1: 2046 | AC1: 2047 | AD1: 2048 | AE1: 2049 | AF1: 2050
A2: battery electric vehicle | B2: {=TRANSPOSE('SYFAFE-psgr'!B7:H7)} -> 0 | C2: =B2 -> 0 | D2: =C2 -> 0 | E2: =D2 -> 0 | F2: =E2 -> 0 | G2: =F2 -> 0 | H2: =G2 -> 0 | I2: =H2 -> 0 | J2: =I2 -> 0 | ... AF2: =AE2 -> 0
A3: natural gas vehicle | B3: 0 | C3: =B3 -> 0 | D3: =C3 -> 0 | E3: =D3 -> 0 | F3: =E3 -> 0 | G3: =F3 -> 0 | H3: =G3 -> 0 | I3: =H3 -> 0 | J3: =I3 -> 0 | ... AF3: =AE3 -> 0
A4: gasoline vehicle | B4: 5.9831906e-05 | C4: =B4 -> 5.9831906e-05 | D4: =C4 -> 5.9831906e-05 | E4: =D4 -> 5.9831906e-05 | F4: =E4 -> 5.9831906e-05 | G4: =F4 -> 5.9831906e-05 | H4: =G4 -> 5.9831906e-05 | I4: =H4 -> 5.9831906e-05 | J4: =I4 -> 5.9831906e-05 | ... AF4: =AE4 -> 5.9831906e-05
A5: diesel vehicle | B5: 0 | C5: =B5 -> 0 | D5: =C5 -> 0 | E5: =D5 -> 0 | F5: =E5 -> 0 | G5: =F5 -> 0 | H5: =G5 -> 0 | I5: =H5 -> 0 | J5: =I5 -> 0 | ... AF5: =AE5 -> 0
A6: plugin hybrid vehicle | B6: 0 | C6: =B6 -> 0 | D6: =C6 -> 0 | E6: =D6 -> 0 | F6: =E6 -> 0 | G6: =F6 -> 0 | H6: =G6 -> 0 | I6: =H6 -> 0 | J6: =I6 -> 0 | ... AF6: =AE6 -> 0
A7: LPG vehicle | B7: 0 | C7: =B7 -> 0 | D7: =C7 -> 0 | E7: =D7 -> 0 | F7: =E7 -> 0 | G7: =F7 -> 0 | H7: =G7 -> 0 | I7: =H7 -> 0 | J7: =I7 -> 0 | ... AF7: =AE7 -> 0
A8: hydrogen vehicle | B8: 0 | C8: =B8 -> 0 | D8: =C8 -> 0 | E8: =D8 -> 0 | F8: =E8 -> 0 | G8: =F8 -> 0 | H8: =G8 -> 0 | I8: =H8 -> 0 | J8: =I8 -> 0 | ... AF8: =AE8 -> 0

Sheet BHNVFEAL-motorbikes-frgt
A1: Fuel Economy ((thing*miles)/BTU) | B1: 2020 | C1: 2021 | D1: 2022 | E1: 2023 | F1: 2024 | G1: 2025 | H1: 2026 | I1: 2027 | J1: 2028 | K1: 2029 | L1: 2030 | M1: 2031 | N1: 2032 | O1: 2033 | P1: 2034 | Q1: 2035 | R1: 2036 | S1: 2037 | T1: 2038 | U1: 2039 | V1: 2040 | W1: 2041 | X1: 2042 | Y1: 2043 | Z1: 2044 | AA1: 2045 | AB1: 2046 | AC1: 2047 | AD1: 2048 | AE1: 2049 | AF1: 2050
A2: battery electric vehicle | B2: {=TRANSPOSE('SYFAFE-frgt'!B7:H7)} -> 0 | C2: =B2 -> 0 | D2: =C2 -> 0 | E2: =D2 -> 0 | F2: =E2 -> 0 | G2: =F2 -> 0 | H2: =G2 -> 0 | I2: =H2 -> 0 | J2: =I2 -> 0 | ... AF2: =AE2 -> 0
A3: natural gas vehicle | B3: 0 | C3: =B3 -> 0 | D3: =C3 -> 0 | E3: =D3 -> 0 | F3: =E3 -> 0 | G3: =F3 -> 0 | H3: =G3 -> 0 | I3: =H3 -> 0 | J3: =I3 -> 0 | ... AF3: =AE3 -> 0
A4: gasoline vehicle | B4: 5.9831906e-05 | C4: =B4 -> 5.9831906e-05 | D4: =C4 -> 5.9831906e-05 | E4: =D4 -> 5.9831906e-05 | F4: =E4 -> 5.9831906e-05 | G4: =F4 -> 5.9831906e-05 | H4: =G4 -> 5.9831906e-05 | I4: =H4 -> 5.9831906e-05 | J4: =I4 -> 5.9831906e-05 | ... AF4: =AE4 -> 5.9831906e-05
A5: diesel vehicle | B5: 0 | C5: =B5 -> 0 | D5: =C5 -> 0 | E5: =D5 -> 0 | F5: =E5 -> 0 | G5: =F5 -> 0 | H5: =G5 -> 0 | I5: =H5 -> 0 | J5: =I5 -> 0 | ... AF5: =AE5 -> 0
A6: plugin hybrid vehicle | B6: 0 | C6: =B6 -> 0 | D6: =C6 -> 0 | E6: =D6 -> 0 | F6: =E6 -> 0 | G6: =F6 -> 0 | H6: =G6 -> 0 | I6: =H6 -> 0 | J6: =I6 -> 0 | ... AF6: =AE6 -> 0
A7: LPG vehicle | B7: 0 | C7: =B7 -> 0 | D7: =C7 -> 0 | E7: =D7 -> 0 | F7: =E7 -> 0 | G7: =F7 -> 0 | H7: =G7 -> 0 | I7: =H7 -> 0 | J7: =I7 -> 0 | ... AF7: =AE7 -> 0
A8: hydrogen vehicle | B8: 0 | C8: =B8 -> 0 | D8: =C8 -> 0 | E8: =D8 -> 0 | F8: =E8 -> 0 | G8: =F8 -> 0 | H8: =G8 -> 0 | I8: =H8 -> 0 | J8: =I8 -> 0 | ... AF8: =AE8 -> 0
