Workbook
Name gal_per_barrel: [1]About!$A$63
Name RoundFactor_Growth: 2
Name RoundFactor_Value: 3

Sheet About
A1: BIFUbC BAU Industrial Fuel Use before CCS
A3: Sources: | B3: Industrial Fuel Use
B4: Korea Energy Statistics Information System
B5: 2019~2024
B6: KEEI 2025 Long-Term Energy Outlook (REF), base year 2024 | D6: KEEI 2025 장기에너지전망(REF) 기준연도 2024 반영 (2026-09-03). G열=2024. C:F(2019~2022)는 2024전망 판(참고, 계산 미사용). H열(2024)=2023 KESIS 실적 x O열 브리지, I열 이후는 K/L/M CAGR.
B7: https://kesis.keei.re.kr/board.es?mid=a10302050000&bid=0022
B9: BAU Industrial Fuel Use
B10: Korea Energy Statistics Information System
B11: 2019~2023
B12: Extended energy balance
B13: http://www.kesis.net/FileDownloadAction.do?file=/admin/admin_RegList.jsp/20210706/976071625505008233_01.xlsx&oldFile=BAL_EXTEND_(1990~2019).xlsx
B15: KOSIS
B16: 2019~2023
B17: KEA Energy consumption and greenhouse-gas emission inventories
B18: https://kosis.kr/statHtml/statHtml.do?orgId=337&tblId=DT_337_2019_H1017&vw_cd=MT_ZTITLE&list_id=337_33703_002&seqNo=&lang_mode=ko&language=kor&obj_var_id=&itm_id=&conn_path=MT_ZTITLE
B20: KOSIS
B21: 2019~2023
... B26: IEA
B27: 2022
B28: Energy Balances, Korea
B32: Industry Category Mapping (in English)
B33: Industry Category Mapping | C33: KESIS Energy Balance (for BAU) | D33: KEEI Long-term Energy Outlook (for historical values) | E33: KEA Energy Use Survey (For further splits) | F33: Note (For historical Values)
B34: agriculture and forestry 01T03 | C34: Final consumption > Industry > Agriculture & forestry, Fishery | D34: Industry > Other | E34: Slaughtering, meat processing & preservation / Marine product processing & preservation / Fruit & vegetable processing & preservation / Animal & vegetable oil & fat manufacturing / Dairy products & edible ice manufacturing / Grain milling products, starch & starch products / Other food manufacturing / Animal feed & prepared food manufacturing
B35: coal mining 05 | C35: Energy industry self-consumption > Coal mining | D35: Not included | F35: Applied KEEI coal supply BAU growth rate to 2019 consumption due to lack of forecast
B36: oil and gas extraction 06 | C36: Energy industry self-consumption > Crude oil & natural gas extraction | D36: Not included | F36: Applied KEEI oil supply BAU growth rate to 2019 consumption due to lack of forecast
B37: other mining and quarrying 07T08 | C37: Final consumption > Industry > Mining (excl. coal mining) | D37: Industry > Other
B38: food beverage and tobacco 10T12 | C38: Final consumption > Industry > Food & tobacco | D38: Industry > Other | E38: Alcoholic beverage manufacturing / Non-alcoholic beverage & ice manufacturing / Tobacco manufacturing
B39: textiles apparel and leather 13T15 | C39: Final consumption > Industry > Textiles & leather | D39: Industry > Other | E39: Spinning & yarn processing / Fabric weaving & textile products / Knitted fabric / Textile dyeing, finishing & post-processing / Other textile products / Sewn apparel / Fur products / Knitted apparel / Apparel accessories / Leather, bags & similar products / Footwear & parts
B40: wood products 16 | C40: Final consumption > Industry > Wood & wood products | D40: Industry > Other | E40: Sawmilling & wood processing / Wood product manufacturing / Cork & plaiting materials
B41: pulp paper and printing 17T18 | C41: Final consumption > Industry > Paper & printing | D41: Industry > Other | E41: Pulp, paper & paperboard / Corrugated paper, paper boxes & containers / Other paper & paperboard products / Printing & print-related industries / Recorded media reproduction
B42: refined petroleum and coke 19 | C42: Transformation process > Petroleum refining | D42: Not included | E42: Coke & briquette manufacturing / Petroleum refined products manufacturing | F42: Applied KEEI oil supply BAU growth rate to 2019 consumption due to lack of forecast
B43: chemicals 20 | C43: Final consumption > Industry > Chemicals & petrochemicals Final non-energy consumption > Industry > Memo: Petrochemical feedstocks Energy industry self-consumption > Petroleum refining | D43: Industry > Petrochemicals | E43: Basic chemical manufacturing / Synthetic rubber & plastics / Fertilizers, pesticides & disinfectants / Other chemical products / Chemical fiber / Basic pharmaceutical substances & biological preparations / Pharmaceutical manufacturing / Medical supplies & other pharmaceutical-related products | F43: For heat and electricity fuel types, values under 'Energy industry self-consumption > Petroleum refining' are excluded from final consumption
B44: rubber and plastic products 22 | C44: Final consumption > Industry > Chemicals & petrochemicals Final non-energy consumption > Industry > Memo: Petrochemical feedstocks Energy industry self-consumption > Petroleum refining | D44: Industry > Petrochemicals | E44: Rubber products manufacturing / Plastic products manufacturing
B45: glass and glass products 231 | C45: Final consumption > Industry > Non-metallic minerals | D45: Industry > Other | E45: Glass & glass products manufacturing
B46: cement and other nonmetallic minerals 239 | C46: Final consumption > Industry > Non-metallic minerals | D46: Industry > Other | E46: Refractory & non-refractory ceramic products / Cement, lime, plaster & products / Cement manufacturing / Other non-metallic mineral products
B47: iron and steel 241 | C47: Final consumption > Industry > Iron & steel Transformation process > Coke ovens, Blast furnaces | D47: Industry > Iron & steel | E47: Primary iron & steel manufacturing | F47: 1. Confirmed with KESIS that this calculation method is appropriate 2. Electricity demand statistics basis: Final electricity demand in the energy balance includes all self-generated power, whereas the long-term energy outlook excludes self-generated electricity demand and instead counts the raw fuel inputs as fossil fuel demand. Since coke oven and blast furnace demand is separately aggregated under coal energy, the long-term energy outlook's industrial electricity demand data is referenced to exclude overlapping self-generation.
B48: other metals 242 | C48: Final consumption > Industry > Non-ferrous metals | D48: Industry > Non-ferrous metals | E48: Primary non-ferrous metals manufacturing / Metal casting
B49: metal products except machinery and vehicles 25 | C49: Final consumption > Industry > Non-ferrous metals | D49: Industry > Non-ferrous metals | E49: Structural metal products, tanks & steam generators / Arms & ammunition / Other fabricated metal products
B50: computers and electronics 26 | C50: Final consumption > Industry > Machinery | D50: Industry > Machinery | E50: Semiconductor manufacturing / Electronic components / Computers & peripherals / Communication & broadcasting equipment / Video & audio devices / Magnetic & optical media / Medical devices / Measuring, testing, navigation, control & other precision instruments / Photographic equipment & optical instruments / Clocks & clock components
B51: appliances and electrical equipment 27 | C51: Final consumption > Industry > Machinery | D51: Industry > Machinery | E51: Electric motors, generators, transformers & power supply control devices / Primary batteries & storage batteries / Insulated wire & cable / Light bulbs & lighting equipment / Household appliances / Other electrical equipment
B52: other machinery 28 | C52: Final consumption > Industry > Machinery | D52: Industry > Machinery | E52: General-purpose machinery / Special-purpose machinery
B53: road vehicles 29 | C53: Final consumption > Industry > Transport equipment | D53: Industry > Transport equipment | E53: Automotive engines & vehicles / Vehicle bodies & trailers / New automotive parts / Remanufactured automotive parts
B54: nonroad vehicles 30 | C54: Final consumption > Industry > Transport equipment | D54: Industry > Transport equipment | E54: Ship & boat building / Railway equipment / Aircraft, spacecraft & parts / Other transport equipment
B55: other manufacturing 31T33 | C55: Final consumption > Industry > Other manufacturing | D55: Industry > Other | E55: Furniture manufacturing / Jewelry & personal accessories / Musical instruments / Sports & recreation equipment / Dolls, toys & amusement products / Other products / Industrial machinery & equipment repair
B56: energy pipelines and gas processing 352T353 | C56: Transformation process > Gas manufacturing Energy industry self-consumption > Gas manufacturing | D56: Not included | F56: All categories in the energy balance (power generation, CHP, heat-only, gas manufacturing, energy industry self-consumption, and industry) are aggregated together, so statistical yearbook values are used separately
B57: water and waste 36T39 | C57: Final consumption > Public | D57: Services > Public | F57: Applied population growth rate to 2018 consumption due to lack of forecast
B58: construction 41T43 | C58: Final consumption > Industry > Construction | D58: Industry > Other
B61: Fuel Mapping
B62: EPS fuel category | C62: Energy Balance(for BAU) | D62: KEEI Long-term Energy Outlook (for historical values) | E62: For further splits | F62: Note
B63: electricity | C63: electricity | D63: electricity
B64: coal | C64: 국내무연탄 수입무연탄 원료탄 기타유연탄 아역청탄 갈탄 토탄 고형연료 코크스 콜타르 코크스로가스 고로가스 기타석탄가스 | D64: coal
B65: natural gas | C65: 천연가스 도시가스 | D65: natural gas | F65: energy pipelines and gas processing 352T353: 에너지밸런스 상에 발전전용, 열병합 및 열전용, 가스제조, 에너지산업자체소비, 산업이 모두 합쳐져 있어서 통계연보 값을 별도로 활용함 ton(2024통계연보/1.천연가스 수급/소비/에너지산업자체소비) ton(2024 Statistical Yearbook/1. Natural gas supply/consumption/energy industry self-consumption)
B66: biomass | C66: 산업폐기물 도시폐기물_재생 도시폐기물_비재생 고형바이오매스 바이오가스 매립지가스 바이오휘발유 바이오경유 기타바이오연료 | D66: renewables | F66: include waste
B67: heat | C67: 열 | D67: Not included | F67: due to the lack of forecast, we applied the energy demand growth rate between 2020 and 2050 to the demand in 2019
B68: crude oil | C68: 원유 | D68: oil | E68: petroleum refining only
B69: petroleum-diesel | C69: 휘발유 항공휘발유 휘발유형항공유 등유형항공유 등유 경유 용제 아스팔트 석유코크 | D69: oil
B70: heavy-or-residual oil | C70: B-A B-B B-C 윤활유 파라핀왁스 기타석유제품 | D70: oil
B71: LPG-propane-butane | C71: 정제가스 프로판 부탄 납사 | D71: oil | F71: 나프타 수요량 산출 방법론 및 데이터 보정 기준 본 연구(또는 분석)에서는 나프타의 실질 소비량을 정밀하게 파악하기 위해 일반적인 에너지밸런스상의 수요 수치를 그대로 활용하지 않고, 한국석유공사의 ‘석유류수급통계’를 바탕으로 데이터를 재산출하여 적용하였습니다. 산출 공식: 나프타 확정 수요량 = (수요/내수량) - (공급/타산업유입량)
B72: hydrogen | C72: Not included | D72: Not included
B74: Conversion rate (1 MTOE =): | C74: =39656668.31*(10^6) -> 39656668310000 | D74: BTU
B77: Industry Category Mapping (in Korean)
B78: EPS Industry Category | C78: KESIS Energy Balance (for BAU) | D78: KEEI Long-term Energy Outlook (for historical values) | E78: KEA Energy Use Survey (For further splits) | F78: For historical Values
B79: agriculture and forestry 01T03 | C79: 최종소비>산업>농림업, 어업 | D79: 산업>기타 | E79: 도축, 육류가공 및 저장처리업 / 수산물가공 및 저장처리업 / 과실, 채소가공 및 저장처리업 / 동물성 및 식물성 유지 제조업 / 낙농제품 및 식용빙과류 제조업 / 곡물가공품, 전분 및 전분제품 제조업 / 기타 식품 제조업 / 동물용 사료 및 조제식품 제조업
B80: coal mining 05 | C80: 에너지산업 자체소비>석탄광업 | D80: 포함안됨 | F80: 전망치 부재로 2019년 소비량에 KEEI 석탄 공급 BAU 성장률만큼 적용
B81: oil and gas extraction 06 | C81: 에너지산업 자체소비>원유및천연가스채굴 | D81: 포함안됨 | F81: 전망치 부재로 2019년 소비량에 KEEI 석유 공급 BAU 성장률만큼 적용
B82: other mining and quarrying 07T08 | C82: 최종소비>산업>광업(석탄광업제외) | D82: 산업>기타
B83: food beverage and tobacco 10T12 | C83: 최종소비>산업>식품및담배 | D83: 산업>기타 | E83: 알코올음료 제조업 / 비알코올음료 및 얼음 제조업 / 담배 제조업
B84: textiles apparel and leather 13T15 | C84: 최종소비>산업>섬유및가죽 | D84: 산업>기타 | E84: 방적 및 가공사 제조업 / 직물직조 및 직물제품 제조업 / 편조원단 제조업 / 섬유제품 염색, 정리 및 마무리가공업 / 기타 섬유제품 제조업 / 봉제의복 제조업 / 모피제품 제조업 / 편조의복 제조업 / 의복액세서리 제조업 / 가죽, 가방 및 유사제품 제조업 / 신발 및 신발부분품 제조업
B85: wood products 16 | C85: 최종소비>산업>목재및나무제품 | D85: 산업>기타 | E85: 제재 및 목재가공업 / 나무제품 제조업 / 코르크 및 조물제품 제조업
B86: pulp paper and printing 17T18 | C86: 최종소비>산업>제지및인쇄 | D86: 산업>기타 | E86: 펄프, 종이 및 판지 제조업 / 골판지, 종이상자 및 종이용기 제조업 / 기타 종이 및 판지 제품 제조업 / 인쇄 및 인쇄관련 산업 / 기록매체 복제업
B87: refined petroleum and coke 19 | C87: 전환공정>석유정제 에너지산업 자체소비>석유정제 | D87: 포함안됨 | E87: 코크스 및 연탄 제조업 / 석유정제품 제조업 | F87: 전망치 부재로 2019년 소비량에 KEEI 석유 공급 BAU 성장률만큼 적용 연료가 전기인 경우, 에너지산업 자체소비> 석유정제_자제소비 항목의 값은 refined petroleum and coke19 포함시킴
B88: chemicals 20 | C88: 최종소비>산업>화학및석유화학 최종비에너지소비>산업>메모: 석유화학원료 에너지산업 자체소비>석유정제 | D88: 산업>석유화학 | E88: 기초화학물질 제조업 / 합성고무 및 플라스틱물질 제조업 / 비료, 농약 및 살균·살충제 제조업 / 기타 화학제품 제조업 / 화학섬유 제조업/ 기초의약물질및생물학적제제제조업/의약품제조업/ 의료용품및기타의약관련제품제조업 | F88: 연료가 열인 경우, 에너지산업 자체소비> 석유정제_자제소비 항목의 값은 최종 소비에 포함시키지 않음 연료가 전기인 경우, 에너지산업 자체소비> 석유정제_자제소비 항목의 값은 refined petroleum and coke19 포함시킴
B89: rubber and plastic products 22 | C89: 최종소비>산업>화학및석유화학 최종비에너지소비>산업>메모: 석유화학원료 에너지산업 자체소비>석유정제 | D89: 산업>석유화학 | E89: 고무제품 제조업 / 플라스틱제품 제조업
B90: glass and glass products 231 | C90: 최종소비>산업>비금속광물 | D90: 산업>기타 | E90: 유리 및 유리제품 제조업
B91: cement and other nonmetallic minerals 239 | C91: 최종소비>산업>비금속광물 | D91: 산업>기타 | E91: 내화, 비내화 요업제품 제조업 / 시멘트, 석회, 플라스터 및 그 제품 제조업 / 시멘트 제조업 / 기타 비금속광물제품 제조업
B92: iron and steel 241 | C92: 최종소비>산업>철강 전환공정> 코크스로, 고로 | D92: 산업>철강 | E92: 1차 철강 제조업 | F92: 1. KESIS 문의하여 해당 산출방식이 적절함을 확인함 2. 전기 수요량 통계 기준: 에너지 밸런스 상 최종 전기 수요량은 자가 발전 전력까지 모두 포함, 반면, 장기에너지 전망 통계의 전기수요량은 자가발전 전기 수요는 집계하지 않으며, 원시연료를 화석 연료 수요로 집계함. 따라서 코크스로와 고로의 수요량을 석탄에너지 항목에서 별도로 합산하여 분석하고 있으므로, 전력부분에서는 이와 중복되는 자가 발전량을 제외하기위해 장기에너지 전망 통계의 산업부문 전기 에너지 수요량 데이터를 참고함.
B93: other metals 242 | C93: 최종소비>산업>비철금속 | D93: 산업>비철금속 | E93: 1차 비철금속 제조업 / 금속주조업
B94: metal products except machinery and vehicles 25 | C94: 최종소비>산업>비철금속 | D94: 산업>비철금속 | E94: 구조용 금속제품, 탱크 및 증기발생기 제조업 / 무기 및 총포탄 제조업 / 기타 금속가공제품 제조업
B95: computers and electronics 26 | C95: 최종소비>산업>기계류 | D95: 산업>기계류 | E95: 반도체 제조업 / 전자부품 제조업 / 컴퓨터 및 주변장치 제조업 / 통신 및 방송장비 제조업 / 영상 및 음향기기 제조업 / 마그네틱 및 광학매체 제조업 / 의료용기기 제조업 / 측정, 시험, 항해, 제어 및 기타 정밀기기 제조업 / 사진장비 및 광학기기 제조업 / 시계 및 시계부품 제조업
B96: appliances and electrical equipment 27 | C96: 최종소비>산업>기계류 | D96: 산업>기계류 | E96: 전동기, 발전기 및 전기변환공급제어장치 제조업 / 일차전지 및 축전지 제조업 / 절연선 및 케이블 제조업 / 전구 및 조명장치 제조업 / 가정용기기 제조업 / 기타 전기장비 제조업
B97: other machinery 28 | C97: 최종소비>산업>기계류 | D97: 산업>기계류 | E97: 일반목적용기계 제조업 / 특수목적용기계 제조업
B98: road vehicles 29 | C98: 최종소비>산업>수송장비 | D98: 산업>수송장비 | E98: 자동차용 엔진 및 자동차 제조업 / 자동차 차체 및 트레일러 제조업 / 자동차 신품 부품 제조업 / 자동차 재제조 부품 제조업
B99: nonroad vehicles 30 | C99: 최종소비>산업>수송장비 | D99: 산업>수송장비 | E99: 선박 및 보트 건조업 / 철도장비 제조업 / 항공기, 우주선 및 부품 제조업 / 그 외 기타 운송장비 제조업
B100: other manufacturing 31T33 | C100: 최종소비>산업>기타제조 | D100: 산업>기타 | E100: 가구 제조업 / 귀금속 및 장신용품 제조업 / 악기 제조업 / 운동 및 경기용구 제조업 / 인형, 장난감 및 오락용품 제조업 / 그 외 기타 제품 제조업 / 산업용 기계 및 장비 수리업
B101: energy pipelines and gas processing 352T353 | C101: 전환공정>가스제조 에너지산업 자체소비>가스제조 | D101: 포함안됨 | F101: 에너지밸런스 상에 발전전용, 열병합 및 열전용, 가스제조, 에너지산업자체소비, 산업이 모두 합쳐져 있어서 통계연보 값을 별도로 활용함 ton(2024통계연보/1.천연가스 수급/소비/에너지산업자체소비) ton(2024 Statistical Yearbook/1. Natural gas supply/consumption/energy industry self-consumption)
B102: water and waste 36T39 | C102: 최종소비>공공 | D102: 서비스>공공 | F102: 전망치 부재로 2018년 소비량에 인구성장률만큼 적용
B103: construction 41T43 | C103: 최종소비>산업>건설업 | D103: 산업>기타
A105: Notes
A106: This analysis utilizes Energy Balance statistics as the foundation for the BAU (Business As Usual) scenario, incorporating actual observed data from 2019 to 2023 to enhance the model's realism. To forecast future demand, growth rates by industry were estimated using long-term energy outlook data from the Korea Energy Economics Institute (KEEI).
A108: To improve statistical precision in cases requiring more granular industry classifications than those provided by the standard Energy Balance, data were reclassified based on "Energy Consumption by Sector in the Manufacturing Industry." Particularly for the steel and petrochemical industries, where transformation processes are complex, energy demand classified as "transformation" in the Energy Balance was recalculated using data collected from professional institutions, such as the Korea National Oil Corporation (KNOC), to ensure higher analytical accuracy.
A113: [Electricity - CHP & Autoproducer treatment]
A115: 1. Why an adjustment is needed. Industrial electricity in the KESIS energy balance includes BOTH grid purchases AND electricity self-consumed from on-site generation. EPS requires grid purchases only, otherwise the self-generated portion is counted twice (once here, once in the electricity sector).
A116: 2. What is subtracted. 'electricity' step4 = step3 - CHP - Autoproducer, leaving grid-purchased electricity. Same concept as "purchased electricity" in the US AEO-based file.
A117: 3. Paired treatment - no emissions are lost. The fuel burned by that same self-generation is ADDED BACK to industrial fuel use (coal / natural gas / etc. step4 = step3 + CHP + Autoproducer). Electricity OUTPUT is subtracted; fuel INPUT is added. The difference (conversion losses + useful heat) correctly remains in industrial fuel.
A118: 4. HOW MUCH in total — sheet 산업자가소비_연도별. Industrial self-consumption = [balance Industry + Oil refinery own use] − KEPCO sales to Industry (Energy Statistics Yearbook V-8, GWh × 0.086). Refinery own use is added because the balance books it under energy transformation, while KEPCO, KEEI and EPS all treat refining as manufacturing. The result is split between Autoproducer and CHP plants by their shares of total self-generation.
A119: 5. HOW it is distributed across the 25 industries. weight_i = (industry i electricity demand) × (industry i self-generation rate). The rates are in 산업자가소비_연도별 E35:E59, derived as (KESIS balance electricity − KEPCO retail sales) / KESIS balance electricity. They are computed at the KESIS balance sector level — the level at which KESIS and KEPCO industry boundaries align 1:1 — so that classification-split error is not mistaken for self-generation, and are held at the 2023 value for all years.
A120: 6. Why an industry-specific rate. Korean self-generation is heavily concentrated in primary metals, where blast-furnace and coke-oven by-product gases are burned on site; semiconductors, agriculture and motor vehicles have almost none. Weighting by electricity demand alone would imply the same self-generation share (~12%) for every industry and misallocate the fuel and emissions.
A121: 7. Totals are preserved. Each allocation is divided by the sum of the weights, so the weighting changes only the distribution across industries — industrial electricity and fuel totals for 2019-2023 are unchanged.

Sheet matching keys
A1: EPS Industry Category | B1: KESIS Energy Balance (for BAU) | C1: energy industries within industry | D1: industries with process emissions policies | F1: EPS Industry Category | G1: KESIS Energy Balance (for BAU) | I1: Industrial Fuel | K1: KSIC 세부업종 (한국표준산업분류) | L1: EPS 산업 분류 기준 (Industry Category) | M1: KEEI
A2: refined petroleum and coke 19 | B2: 석유정제 | C2: o | F2: BIOMASS | G2: 산업폐기물 | I2: COAL | K2: 도축,육류가공및저장처리업 | L2: agriculture and forestry 01T03 | M2: others
A3: energy pipelines and gas processing 352T353 | B3: 가스제조 | C3: o | D3: o | F3: BIOMASS | G3: 도시폐기물_재생 | I3: NATURAL GAS | K3: 수산물가공및저장처리업 | L3: agriculture and forestry 01T03 | M3: others
A4: coal mining 05 | B4: 석탄광업 | C4: o | D4: o | F4: BIOMASS | G4: 도시폐기물_비재생 | I4: Crude Oil | K4: 과실,채소가공및저장처리업 | L4: agriculture and forestry 01T03 | M4: others
A5: oil and gas extraction 06 | B5: 원유및천연가스채굴 | C5: o | D5: o | F5: BIOMASS | G5: 고형바이오매스 | I5: LPG Propane or butane | K5: 동물성및식물성유지제조업 | L5: agriculture and forestry 01T03 | M5: others
A6: refined petroleum and coke 19 | B6: 석유정제_자체소비 | C6: o | F6: BIOMASS | G6: 바이오가스 | I6: Petroleum-diesel | K6: 낙농제품및식용빙과류제조업 | L6: agriculture and forestry 01T03 | M6: others
A7: energy pipelines and gas processing 352T353 | B7: 가스제조_자체소비 | C7: o | D7: o | F7: BIOMASS | G7: 매립지가스 | I7: Heavy or Residual Oil | K7: 곡물가공품,전분및전분제품제조업 | L7: agriculture and forestry 01T03 | M7: others
A8: agriculture and forestry 01T03 | B8: 농림업 | D8: o | F8: BIOMASS | G8: 바이오휘발유 | I8: BIOMASS | K8: 기타식품제조업 | L8: agriculture and forestry 01T03 | M8: others
A9: agriculture and forestry 01T03 | B9: 어업 | D9: o | F9: BIOMASS | G9: 바이오경유 | I9: Electricity | K9: 동물용사료및조제식품제조업 | L9: agriculture and forestry 01T03 | M9: others
A10: other mining and quarrying 07T08 | B10: 광업(석탄광업제외) | F10: BIOMASS | G10: 기타바이오연료 | I10: Heat | K10: 알코올음료제조업 | L10: food beverage and tobacco 10T12 | M10: others
A11: food beverage and tobacco 10T12 | B11: 식품및담배 | F11: COAL | G11: 국내무연탄 | K11: 비알코올음료및얼음제조업 | L11: food beverage and tobacco 10T12 | M11: others
A12: textiles apparel and leather 13T15 | B12: 섬유및가죽 | F12: COAL | G12: 수입무연탄 | K12: 담배제조업 | L12: food beverage and tobacco 10T12 | M12: others
A13: wood products 16 | B13: 목재및나무제품 | F13: COAL | G13: 원료탄 | K13: 방적및가공사제조업 | L13: textiles apparel and leather 13T15 | M13: others
A14: pulp paper and printing 17T18 | B14: 제지및인쇄 | F14: COAL | G14: 기타유연탄 | K14: 직물직조및직물제품제조업 | L14: textiles apparel and leather 13T15 | M14: others
A15: chemicals 20 | B15: 화학및석유화학 | D15: o | F15: COAL | G15: 아역청탄 | K15: 편조원단제조업 | L15: textiles apparel and leather 13T15 | M15: others
A16: rubber and plastic products 22 | B16: 화학및석유화학 | F16: COAL | G16: 갈탄 | K16: 섬유제품염색,정리및마무리가공업 | L16: textiles apparel and leather 13T15 | M16: others
A17: glass and glass products 231 | B17: 비금속광물 | F17: COAL | G17: 토탄 | K17: 기타섬유제품제조업 | L17: textiles apparel and leather 13T15 | M17: others
A18: cement and other nonmetallic minerals 239 | B18: 비금속광물 | D18: o | F18: COAL | G18: 고형연료 | K18: 봉제의복제조업 | L18: textiles apparel and leather 13T15 | M18: others
A19: iron and steel 241 | B19: 철강 | F19: COAL | G19: 코크스 | K19: 모피제품제조업 | L19: textiles apparel and leather 13T15 | M19: others
A20: other metals 242 | B20: 비철금속 | D20: o | F20: COAL | G20: 콜타르 | K20: 편조의복제조업 | L20: textiles apparel and leather 13T15 | M20: others
A21: metal products except machinery and vehicles 25 | B21: 비철금속 | F21: COAL | G21: 코크스로가스 | K21: 의복액세서리제조업 | L21: textiles apparel and leather 13T15 | M21: others
A22: computers and electronics 26 | B22: 기계류 | F22: COAL | G22: 고로가스 | K22: 가죽,가방및유사제품제조업 | L22: textiles apparel and leather 13T15 | M22: others
A23: appliances and electrical equipment 27 | B23: 기계류 | F23: COAL | G23: 기타석탄가스 | K23: 신발및신발부분품제조업 | L23: textiles apparel and leather 13T15 | M23: others
A24: other machinery 28 | B24: 기계류 | F24: Crude Oil | G24: 원유 | K24: 제재및목재가공업 | L24: wood products 16 | M24: others
A25: road vehicles 29 | B25: 수송장비 | F25: Electricity | G25: 전기 | K25: 나무제품제조업 | L25: wood products 16 | M25: others
A26: nonroad vehicles 30 | B26: 수송장비 | F26: Heat | G26: 열 | K26: 코르크및조물제품제조업 | L26: wood products 16 | M26: others
A27: other manufacturing 31T33 | B27: 기타제조 | F27: Heavy or Residual Oil | G27: B-A | K27: 펄프,종이및판지제조업 | L27: pulp paper and printing 17T18 | M27: others
A28: construction 41T43 | B28: 건설업 | F28: Heavy or Residual Oil | G28: B-B | K28: 골판지,종이상자및종이용기제조업 | L28: pulp paper and printing 17T18 | M28: others
A29: water and waste 36T39 | B29: 공공 | D29: o | F29: Heavy or Residual Oil | G29: B-C | K29: 기타종이및판지제품제조업 | L29: pulp paper and printing 17T18 | M29: others
A30: chemicals 20 | B30: 메모: 석유화학원료 | D30: o | F30: Heavy or Residual Oil | G30: 윤활유 | K30: 인쇄및인쇄관련산업 | L30: pulp paper and printing 17T18 | M30: others
A31: rubber and plastic products 22 | B31: 메모: 석유화학원료 | F31: Heavy or Residual Oil | G31: 파라핀왁스 | K31: 기록매체복제업 | L31: pulp paper and printing 17T18 | M31: others
F32: Heavy or Residual Oil | G32: 기타석유제품 | K32: 코크스및연탄제조업 | L32: refined petroleum and coke 19
F33: LPG Propane or butane | G33: 정제가스 | K33: 석유정제품제조업 | L33: refined petroleum and coke 19
F34: LPG Propane or butane | G34: 프로판 | K34: 기초화학물질제조업 | L34: chemicals 20 | M34: Petrochemical
F35: LPG Propane or butane | G35: 부탄 | K35: 합성고무및플라스틱물질제조업 | L35: chemicals 20 | M35: Petrochemical
F36: LPG Propane or butane | G36: 납사 | K36: 비료,농약및살균·살충제제조업 | L36: chemicals 20 | M36: Petrochemical
F37: N/A | G37: 정제원료 | K37: 기타화학제품제조업 | L37: chemicals 20 | M37: Petrochemical
F38: N/A | G38: 첨가물 | K38: 화학섬유제조업 | L38: chemicals 20 | M38: Petrochemical
F39: N/A | G39: 기타탄화수소 | K39: 기초의약물질및생물학적제제제조업 | L39: chemicals 20 (또는 ISIC 21 분리) | M39: Petrochemical
F40: NATURAL GAS | G40: 천연가스 | K40: 의약품제조업 | L40: chemicals 20 (또는 ISIC 21 분리) | M40: Petrochemical
F41: NATURAL GAS | G41: 도시가스 | K41: 의료용품및기타의약관련제품제조업 | L41: chemicals 20 (또는 ISIC 21 분리) | M41: Petrochemical
F42: Petroleum-diesel | G42: 휘발유 | K42: 고무제품제조업 | L42: rubber and plastic products 22 | M42: Petrochemical
F43: Petroleum-diesel | G43: 항공휘발유 | K43: 플라스틱제품제조업 | L43: rubber and plastic products 22 | M43: Petrochemical
F44: Petroleum-diesel | G44: 휘발유형항공유 | K44: 유리및유리제품제조업 | L44: glass and glass products 231 | M44: others
F45: Petroleum-diesel | G45: 등유형항공유 | K45: 내화,비내화요업제품제조업 | L45: cement and other nonmetallic minerals 239 | M45: others
... F59: Renewables - on-site generation | G59: 기타에너지원 | K59: 영상및음향기기제조업 | L59: computers and electronics 26 | M59: Machinery
K60: 마그네틱및광학매체제조업 | L60: computers and electronics 26 | M60: Machinery
K61: 의료용기기제조업 | L61: computers and electronics 26 | M61: Machinery
K62: 측정,시험,항해,제어및기타정밀기기제조업;광학기기제외 | L62: computers and electronics 26 | M62: Machinery
K63: 사진장비및광학기기제조업 | L63: computers and electronics 26 | M63: Machinery
K64: 시계및시계부품제조업 | L64: computers and electronics 26 | M64: Machinery
K65: 전동기,발전기및전기변환공급제어장치제조업 | L65: appliances and electrical equipment 27 | M65: Machinery
K66: 일차전지및축전지제조업 | L66: appliances and electrical equipment 27 | M66: Machinery
K67: 절연선및케이블제조업 | L67: appliances and electrical equipment 27 | M67: Machinery
K68: 전구및조명장치제조업 | L68: appliances and electrical equipment 27 | M68: Machinery
K69: 가정용기기제조업 | L69: appliances and electrical equipment 27 | M69: Machinery
K70: 기타전기장비제조업 | L70: appliances and electrical equipment 27 | M70: Machinery
K71: 일반목적용기계제조업 | L71: other machinery 28 | M71: Machinery
... K87: 산업용기계및장비수리업 | L87: other manufacturing 31T33 | M87: others

Sheet 2019_KESIS
D1: COAL | E1: COAL | F1: COAL | G1: COAL | H1: COAL | I1: COAL | J1: COAL | K1: COAL | Q1: NATURAL GAS | R1: NATURAL GAS | S1: Crude Oil | T1: N/A | U1: N/A | V1: N/A | W1: LPG Propane or butane | X1: LPG Propane or butane | Y1: LPG Propane or butane | Z1: Petroleum-diesel | AA1: Petroleum-diesel | AB1: Petroleum-diesel | AC1: Petroleum-diesel | AD1: Petroleum-diesel | AE1: Petroleum-diesel | AF1: Heavy or Residual Oil | AG1: Heavy or Residual Oil | AH1: Heavy or Residual Oil | AJ1: Petroleum-diesel | AK1: Heavy or Residual Oil | AL1: Petroleum-diesel | AM1: Heavy or Residual Oil | AN1: Petroleum-diesel | AO1: Heavy or Residual Oil | AP1: BIOMASS | AQ1: BIOMASS | AR1: BIOMASS | AS1: BIOMASS | AT1: BIOMASS | AU1: BIOMASS | AV1: BIOMASS | AW1: BIOMASS | AX1: BIOMASS | AY1: Renewables - on-site generation | AZ1: Renewables - on-site generation | BA1: Renewables - on-site generation | BB1: Renewables - on-site generation | BC1: Renewables - on-site generation | BD1: Renewables - on-site generation | BE1: Renewables - on-site generation | BF1: Renewables - on-site generation | BG1: Renewables - on-site generation | BH1: Electricity | BI1: Heat | BJ1: 1
A2: (UNIT : 1,000 toe, Gross) | D2: 2019 | E2: 2019 | F2: 2019 | G2: 2019 | H2: 2019 | I2: 2019 | J2: 2019 | K2: 2019 | L2: 2019 | M2: 2019 | N2: 2019 | O2: 2019 | P2: 2019 | Q2: 2019 | R2: 2019 | S2: 2019 | T2: 2019 | U2: 2019 | V2: 2019 | W2: 2019 | X2: 2019 | Y2: 2019 | Z2: 2019 | AA2: 2019 | AB2: 2019 | AC2: 2019 | AD2: 2019 | AE2: 2019 | AF2: 2019 | AG2: 2019 | AH2: 2019 | AI2: 2019 | AJ2: 2019 | AK2: 2019 | AL2: 2019 | AM2: 2019 | AN2: 2019 | AO2: 2019 | AP2: 2019 | AQ2: 2019 | AR2: 2019 | AS2: 2019 | AT2: 2019 | AU2: 2019 | AV2: 2019 | AW2: 2019 | AX2: 2019 | AY2: 2019 | AZ2: 2019 | BA2: 2019 | BB2: 2019 | BC2: 2019 | BD2: 2019 | BE2: 2019 | BF2: 2019 | BG2: 2019 | BH2: 2019 | BI2: 2019 | BJ2: 2019 | BK2: 2019
A3: EPS Industry Category | B3: 에너지 흐름별 | C3: By energy flow | D3: 국내무연탄 | E3: 수입무연탄 | F3: 원료탄 | G3: 기타유연탄 | H3: 아역청탄 | I3: 갈탄 | J3: 토탄 | K3: 고형연료 | L3: 코크스 | M3: 콜타르 | N3: 코크스로가스 | O3: 고로가스 | P3: 기타석탄가스 | Q3: 천연가스 | R3: 도시가스 | S3: 원유 | T3: 정제원료 | U3: 첨가물 | V3: 기타탄화수소 | W3: 정제가스 | X3: 프로판 | Y3: 부탄 | Z3: 휘발유 | AA3: 항공휘발유 | AB3: 휘발유형항공유 | AC3: 등유형항공유 | AD3: 등유 | AE3: 경유 | AF3: B-A | AG3: B-B | AH3: B-C | AI3: 납사 | AJ3: 용제 | AK3: 윤활유 | AL3: 아스팔트 | AM3: 파라핀왁스 | AN3: 석유코크 | AO3: 기타석유제품 | AP3: 산업폐기물 | AQ3: 도시폐기물_재생 | AR3: 도시폐기물_비재생 | AS3: 고형바이오매스 | AT3: 바이오가스 | AU3: 매립지가스 | AV3: 바이오휘발유 | AW3: 바이오경유 | AX3: 기타바이오연료 | AY3: 목탄 | AZ3: 원자력 | BA3: 수력 | BB3: 지열 | BC3: 태양광 | BD3: 태양열 | BE3: 해양 | BF3: 풍력 | BG3: 기타에너지원 | BH3: 전기 | BI3: 열 | BJ3: 총에너지 | BK3: 메모: 신재생
B4: 국내생산 | C4: Production | D4: 512.7 | E4: - | F4: - | G4: - | H4: - | I4: - | J4: - | K4: - | L4: - | M4: - | N4: - | O4: - | P4: - | Q4: 259 | R4: - | S4: 22.7 | T4: - | U4: - | V4: - | W4: - | X4: - | Y4: - | Z4: - | AA4: - | AB4: - | AC4: - | AD4: - | AE4: - | AF4: - | AG4: - | AH4: - | AI4: - | AJ4: - | AK4: - | AL4: - | AM4: - | AN4: - | AO4: - | AP4: 1806.9 | AQ4: 974.1 | AR4: 669.9 | AS4: 2804.4 | AT4: 96.3 | AU4: 75.5 | AV4: - | AW4: 687.8 | AX4: 488.9 | AY4: - | AZ4: 31078.8 | BA4: 594.5 | BB4: 224.7 | BC4: 3016.7 | BD4: 26.9 | BE4: 101 | BF4: 570.7 | BG4: - | BH4: - | BI4: 66.3 | BJ4: 44077.9 | BK4: 12138.4
B5: 수입 | C5: Imports | D5: - | E5: 3470.3 | F5: 15767.8 | G5: 65146.6 | H5: 955.6 | I5: 0 | J5: 15.4 | K5: 2.2 | L5: 227.6 | M5: - | N5: - | O5: - | P5: - | Q5: 53217.3 | R5: - | S5: 157205.7 | T5: 687.5 | U5: - | V5: 62.2 | W5: - | X5: 7255.1 | Y5: 2117.7 | Z5: 16.2 | AA5: 0.5 | AB5: - | AC5: - | AD5: 4.9 | AE5: 19.8 | AF5: - | AG5: - | AH5: 5001.4 | AI5: 27713.1 | AJ5: 0.4 | AK5: 5.2 | AL5: - | AM5: - | AN5: - | AO5: 6.2 | AP5: - | AQ5: - | AR5: - | AS5: - | AT5: - | AU5: - | AV5: - | AW5: - | AX5: - | AY5: - | AZ5: - | BA5: - | BB5: - | BC5: - | BD5: - | BE5: - | BF5: - | BG5: - | BH5: - | BI5: - | BJ5: 338898.7 | BK5: -
B6: 수출 | C6: Exports | D6: - | E6: -0.2 | F6: - | G6: - | H6: 0 | I6: - | J6: 0 | K6: - | L6: -11.7 | M6: - | N6: - | O6: - | P6: - | Q6: - | R6: - | S6: - | T6: -64.6 | U6: - | V6: -73.5 | W6: - | X6: -498.5 | Y6: -74 | Z6: -10910.8 | AA6: -26.1 | AB6: - | AC6: -15896.1 | AD6: -581.6 | AE6: -28027.9 | AF6: -33.3 | AG6: - | AH6: -2731.6 | AI6: -5808 | AJ6: -156.9 | AK6: -2416.3 | AL6: -3324.6 | AM6: - | AN6: - | AO6: -1888.5 | AP6: - | AQ6: - | AR6: - | AS6: - | AT6: - | AU6: - | AV6: - | AW6: - | AX6: - | AY6: - | AZ6: - | BA6: - | BB6: - | BC6: - | BD6: - | BE6: - | BF6: - | BG6: - | BH6: - | BI6: - | BJ6: -72524.1 | BK6: -
B7: 국제해운벙커링 | C7: International Marine Bunkers | D7: - | E7: - | F7: - | G7: - | H7: - | I7: - | J7: - | K7: - | L7: - | M7: - | N7: - | O7: - | P7: - | Q7: - | R7: - | S7: - | T7: - | U7: - | V7: - | W7: - | X7: 0 | Y7: - | Z7: - | AA7: - | AB7: - | AC7: - | AD7: - | AE7: -1290.5 | AF7: -54.3 | AG7: -2 | AH7: -7111.6 | AI7: - | AJ7: 0 | AK7: - | AL7: - | AM7: - | AN7: - | AO7: - | AP7: - | AQ7: - | AR7: - | AS7: - | AT7: - | AU7: - | AV7: - | AW7: - | AX7: - | AY7: - | AZ7: - | BA7: - | BB7: - | BC7: - | BD7: - | BE7: - | BF7: - | BG7: - | BH7: - | BI7: - | BJ7: -8458.4 | BK7: -
B8: 국제항공벙커링 | C8: International Aviation Bunkers | D8: - | E8: - | F8: - | G8: - | H8: - | I8: - | J8: - | K8: - | L8: - | M8: - | N8: - | O8: - | P8: - | Q8: - | R8: - | S8: - | T8: - | U8: - | V8: - | W8: - | X8: - | Y8: - | Z8: - | AA8: -0.5 | AB8: - | AC8: -5596.8 | AD8: - | AE8: - | AF8: - | AG8: - | AH8: - | AI8: - | AJ8: - | AK8: - | AL8: - | AM8: - | AN8: - | AO8: - | AP8: - | AQ8: - | AR8: - | AS8: - | AT8: - | AU8: - | AV8: - | AW8: - | AX8: - | AY8: - | AZ8: - | BA8: - | BB8: - | BC8: - | BD8: - | BE8: - | BF8: - | BG8: - | BH8: - | BI8: - | BJ8: -5597.4 | BK8: -
B9: 재고변화 | C9: Stocks Changes | D9: -55.8 | E9: 28.8 | F9: -547.2 | G9: -509.5 | H9: - | I9: - | J9: - | K9: - | L9: -47.4 | M9: - | N9: - | O9: - | P9: - | Q9: 398.8 | R9: - | S9: 955 | T9: -140.4 | U9: -0.1 | V9: 0.3 | W9: - | X9: 56.9 | Y9: 56.6 | Z9: 129.7 | AA9: 2.5 | AB9: - | AC9: 12.5 | AD9: -32.7 | AE9: 97 | AF9: 21.8 | AG9: -0.7 | AH9: 299.1 | AI9: 429.1 | AJ9: 0.9 | AK9: -20.9 | AL9: 19.8 | AM9: 0.6 | AN9: -3.1 | AO9: -24.8 | AP9: - | AQ9: - | AR9: - | AS9: - | AT9: - | AU9: - | AV9: - | AW9: -2.5 | AX9: - | AY9: - | AZ9: - | BA9: - | BB9: - | BC9: - | BD9: - | BE9: - | BF9: - | BG9: - | BH9: - | BI9: - | BJ9: 1124 | BK9: -2.5
B10: 일차에너지공급 | C10: Total Primary Energy Supply | D10: 456.9 | E10: 3499 | F10: 15220.5 | G10: 64637 | H10: 955.6 | I10: 0 | J10: 15.4 | K10: 2.2 | L10: 168.6 | M10: - | N10: - | O10: - | P10: - | Q10: 53875.1 | R10: - | S10: 158183.3 | T10: 482.5 | U10: -0.1 | V10: -11 | W10: - | X10: 6813.4 | Y10: 2100.3 | Z10: -10764.9 | AA10: -23.7 | AB10: - | AC10: -21480.4 | AD10: -609.4 | AE10: -29201.6 | AF10: -65.8 | AG10: -2.7 | AH10: -4542.7 | AI10: 22334.2 | AJ10: -155.6 | AK10: -2432 | AL10: -3304.8 | AM10: 0.6 | AN10: -3.1 | AO10: -1907.1 | AP10: 1806.9 | AQ10: 974.1 | AR10: 669.9 | AS10: 2804.4 | AT10: 96.3 | AU10: 75.5 | AV10: - | AW10: 685.3 | AX10: 488.9 | AY10: - | AZ10: 31078.8 | BA10: 594.5 | BB10: 224.7 | BC10: 3016.7 | BD10: 26.9 | BE10: 101 | BF10: 570.7 | BG10: - | BH10: - | BI10: 66.3 | BJ10: 297520.7 | BK10: 12135.9
B11: 제품이동 | C11: Transfers | D11: - | E11: - | F11: - | G11: - | H11: - | I11: - | J11: - | K11: - | L11: - | M11: - | N11: - | O11: - | P11: - | Q11: - | R11: - | S11: - | T11: 17202.9 | U11: 0 | V11: - | W11: 0 | X11: -561.3 | Y11: 173.3 | Z11: -77.1 | AA11: 12.8 | AB11: - | AC11: -241 | AD11: 118.6 | AE11: 95.7 | AF11: -39.9 | AG11: 46.7 | AH11: -2479.6 | AI11: -8719 | AJ11: -173.9 | AK11: -13.6 | AL11: - | AM11: - | AN11: - | AO11: 0.1 | AP11: - | AQ11: - | AR11: - | AS11: - | AT11: - | AU11: - | AV11: - | AW11: - | AX11: - | AY11: - | AZ11: - | BA11: - | BB11: - | BC11: - | BD11: - | BE11: - | BF11: - | BG11: - | BH11: - | BI11: - | BJ11: 5344.6 | BK11: 0
B12: 통계오차 | C12: Statistical Differences | D12: 19.8 | E12: -28.6 | F12: 3000.4 | G12: -2257.4 | H12: - | I12: - | J12: - | K12: - | L12: 10 | M12: - | N12: - | O12: - | P12: - | Q12: -341.9 | R12: 490.5 | S12: -2107.8 | T12: -24.1 | U12: 0.1 | V12: 0.3 | W12: 0.5 | X12: -6.1 | Y12: 4.3 | Z12: -25.9 | AA12: - | AB12: - | AC12: -122.8 | AD12: 6.1 | AE12: -2.1 | AF12: 0.5 | AG12: 0 | AH12: -5.3 | AI12: 1.7 | AJ12: 0.1 | AK12: -0.4 | AL12: 0.9 | AM12: - | AN12: - | AO12: -1 | AP12: - | AQ12: - | AR12: - | AS12: - | AT12: - | AU12: 2 | AV12: - | AW12: 0.1 | AX12: - | AY12: - | AZ12: - | BA12: - | BB12: - | BC12: - | BD12: - | BE12: 0.1 | BF12: - | BG12: - | BH12: - | BI12: - | BJ12: -1386.1 | BK12: 2.6
B13: 일차에너지소비 | C13: Total Primary Energy Consumption | D13: 476.7 | E13: 3470.3 | F13: 18220.9 | G13: 62379.6 | H13: 955.6 | I13: 0 | J13: 15.4 | K13: 2.2 | L13: 178.6 | M13: - | N13: - | O13: - | P13: - | Q13: 53533.2 | R13: 490.5 | S13: 156075.5 | T13: 17661.3 | U13: 0 | V13: -10.8 | W13: 0.5 | X13: 6246.1 | Y13: 2277.9 | Z13: -10868 | AA13: -10.9 | AB13: - | AC13: -21844.3 | AD13: -484.7 | AE13: -29108 | AF13: -105.2 | AG13: 44 | AH13: -7027.6 | AI13: 13617 | AJ13: -329.3 | AK13: -2446.1 | AL13: -3303.9 | AM13: 0.6 | AN13: -3.1 | AO13: -1908 | AP13: 1806.9 | AQ13: 974.1 | AR13: 669.9 | AS13: 2804.4 | AT13: 96.3 | AU13: 77.5 | AV13: - | AW13: 685.4 | AX13: 488.9 | AY13: - | AZ13: 31078.8 | BA13: 594.5 | BB13: 224.7 | BC13: 3016.7 | BD13: 26.9 | BE13: 101.1 | BF13: 570.7 | BG13: - | BH13: - | BI13: 66.3 | BJ13: 301479.2 | BK13: 12138.5
B14: 전환공정 | C14: Transformation Processes | D14: -476.7 | E14: -405.1 | F14: -18220.9 | G14: -58811.6 | H14: -955.6 | I14: - | J14: - | K14: 296.1 | L14: 555.7 | M14: 560.7 | N14: 2799 | O14: 2324.5 | P14: 371.1 | Q14: -50941.4 | R14: 23288.5 | S14: -156075.5 | T14: -17661.3 | U14: 0 | V14: 10.8 | W14: 2809.9 | X14: 487.2 | Y14: 2412.9 | Z14: 21143 | AA14: 14 | AB14: - | AC14: 23660 | AD14: 2806.7 | AE14: 52624.9 | AF14: 294.3 | AG14: 20.2 | AH14: 8173.8 | AI14: 31177.7 | AJ14: 544.5 | AK14: 3169.3 | AL14: 4988 | AM14: 20 | AN14: 286.9 | AO14: 2929.7 | AP14: -248.7 | AQ14: -136.2 | AR14: -242.5 | AS14: -1980.3 | AT14: -43.5 | AU14: -70.8 | AV14: - | AW14: - | AX14: -488.9 | AY14: - | AZ14: -31078.8 | BA14: -594.5 | BB14: - | BC14: -3016.7 | BD14: - | BE14: -101.1 | BF14: -570.7 | BG14: - | BH14: 50908.8 | BI14: 7003.8 | BJ14: -96438.8 | BK14: 810.6
B15: 발전전용 | C15: Electricity Plants (transf.) | D15: -189.3 | E15: -386.9 | F15: - | G15: -50087.2 | H15: -955.6 | I15: - | J15: - | K15: - | L15: - | M15: - | N15: -779.4 | O15: -3068.2 | P15: -1295.3 | Q15: -18981.7 | R15: -14.1 | S15: - | T15: - | U15: - | V15: - | W15: -261.5 | X15: -5.1 | Y15: -0.6 | Z15: 0 | AA15: - | AB15: - | AC15: - | AD15: -184.6 | AE15: -139.7 | AF15: - | AG15: - | AH15: -519.2 | AI15: - | AJ15: - | AK15: - | AL15: - | AM15: - | AN15: - | AO15: - | AP15: -62.2 | AQ15: -12.4 | AR15: -45.9 | AS15: -917.2 | AT15: -38.8 | AU15: -51 | AV15: - | AW15: - | AX15: -488.9 | AY15: - | AZ15: -31078.8 | BA15: -594.5 | BB15: - | BC15: -3016.7 | BD15: - | BE15: -101.1 | BF15: -570.7 | BG15: -487.2 | BH15: 45602.1 | BI15: - | BJ15: -68731.6 | BK15: -12010.5
B16: 발전전용_사업 | C16: Main activity producer electricity plants (transf.) | D16: -189.3 | E16: -386.9 | F16: - | G16: -49976.7 | H16: -955.6 | I16: - | J16: - | K16: - | L16: - | M16: - | N16: - | O16: - | P16: -219.7 | Q16: -18304.4 | R16: - | S16: - | T16: - | U16: - | V16: - | W16: - | X16: -5.1 | Y16: -0.6 | Z16: 0 | AA16: - | AB16: - | AC16: - | AD16: -184.6 | AE16: -139.5 | AF16: - | AG16: - | AH16: -464.7 | AI16: - | AJ16: - | AK16: - | AL16: - | AM16: - | AN16: - | AO16: - | AP16: -61.3 | AQ16: -5.3 | AR16: -43.1 | AS16: -916.2 | AT16: -35.9 | AU16: -51 | AV16: - | AW16: - | AX16: -488.9 | AY16: - | AZ16: -31078.8 | BA16: -594 | BB16: - | BC16: -2513.6 | BD16: - | BE16: -101.1 | BF16: -568.6 | BG16: -480.6 | BH16: 43036.7 | BI16: - | BJ16: -64728.9 | BK16: -6299
B17: 발전전용_자가 | C17: Autoproducer electricity plants (transf.) | D17: - | E17: - | F17: - | G17: -110.4 | H17: - | I17: - | J17: - | K17: - | L17: - | M17: - | N17: -779.4 | O17: -3068.2 | P17: -1075.7 | Q17: -677.3 | R17: -14.1 | S17: - | T17: - | U17: - | V17: - | W17: -261.5 | X17: - | Y17: - | Z17: - | AA17: - | AB17: - | AC17: - | AD17: - | AE17: -0.2 | AF17: - | AG17: - | AH17: -54.5 | AI17: - | AJ17: - | AK17: - | AL17: - | AM17: - | AN17: - | AO17: - | AP17: -0.9 | AQ17: -7.1 | AR17: -2.7 | AS17: -1 | AT17: -2.9 | AU17: - | AV17: - | AW17: - | AX17: - | AY17: - | AZ17: - | BA17: -0.5 | BB17: - | BC17: -503.1 | BD17: - | BE17: - | BF17: -2.1 | BG17: -6.5 | BH17: 2565.4 | BI17: - | BJ17: -4002.6 | BK17: -5711.5
B18: 열병합 | C18: CHP Plants (transf.) | D18: - | E18: - | F18: - | G18: -3703.4 | H18: - | I18: - | J18: - | K18: - | L18: - | M18: - | N18: - | O18: - | P18: - | Q18: -7584.6 | R18: -561.1 | S18: - | T18: - | U18: - | V18: - | W18: -625.4 | X18: -76.4 | Y18: - | Z18: - | AA18: - | AB18: - | AC18: - | AD18: -4.5 | AE18: 0 | AF18: - | AG18: - | AH18: -187.9 | AI18: - | AJ18: - | AK18: - | AL18: - | AM18: - | AN18: -316.9 | AO18: -670.5 | AP18: -71.6 | AQ18: -123.8 | AR18: -172.5 | AS18: -1046.6 | AT18: -0.8 | AU18: - | AV18: - | AW18: - | AX18: - | AY18: - | AZ18: - | BA18: - | BB18: - | BC18: - | BD18: - | BE18: - | BF18: - | BG18: - | BH18: 5292.8 | BI18: 6593.6 | BJ18: -3259.7 | BK18: -2040.7
B19: 열병합_사업 | C19: Main activity producer CHP plants (transf.) | D19: - | E19: - | F19: - | G19: - | H19: - | I19: - | J19: - | K19: - | L19: - | M19: - | N19: - | O19: - | P19: - | Q19: -6998.7 | R19: -422 | S19: - | T19: - | U19: - | V19: - | W19: - | X19: -15.5 | Y19: - | Z19: - | AA19: - | AB19: - | AC19: - | AD19: -0.4 | AE19: 0 | AF19: - | AG19: - | AH19: -37.1 | AI19: - | AJ19: - | AK19: - | AL19: - | AM19: - | AN19: - | AO19: - | AP19: -71.5 | AQ19: -78.2 | AR19: -10.9 | AS19: -66 | AT19: - | AU19: - | AV19: - | AW19: - | AX19: - | AY19: - | AZ19: - | BA19: - | BB19: - | BC19: - | BD19: - | BE19: - | BF19: - | BG19: - | BH19: 3252.2 | BI19: 2920.3 | BJ19: -1527.9 | BK19: -226.6
B20: 열병합_자가 | C20: Autoproducer CHP plants (transf.) | D20: - | E20: - | F20: - | G20: -3703.4 | H20: - | I20: - | J20: - | K20: - | L20: - | M20: - | N20: - | O20: - | P20: - | Q20: -585.9 | R20: -139.1 | S20: - | T20: - | U20: - | V20: - | W20: -625.4 | X20: -60.9 | Y20: - | Z20: - | AA20: - | AB20: - | AC20: - | AD20: -4.2 | AE20: - | AF20: - | AG20: - | AH20: -150.8 | AI20: - | AJ20: - | AK20: - | AL20: - | AM20: - | AN20: -316.9 | AO20: -670.5 | AP20: -0.1 | AQ20: -45.6 | AR20: -161.7 | AS20: -980.6 | AT20: -0.8 | AU20: - | AV20: - | AW20: - | AX20: - | AY20: - | AZ20: - | BA20: - | BB20: - | BC20: - | BD20: - | BE20: - | BF20: - | BG20: - | BH20: 2040.6 | BI20: 3673.3 | BJ20: -1731.8 | BK20: -1814.1
B21: 열전용 | C21: Heat Plants (transf.) | D21: - | E21: - | F21: - | G21: - | H21: - | I21: - | J21: - | K21: - | L21: - | M21: - | N21: - | O21: - | P21: - | Q21: -40.9 | R21: -296.8 | S21: - | T21: - | U21: - | V21: - | W21: - | X21: -72.2 | Y21: - | Z21: - | AA21: - | AB21: - | AC21: - | AD21: -0.9 | AE21: -0.3 | AF21: 0 | AG21: - | AH21: -197 | AI21: - | AJ21: - | AK21: - | AL21: - | AM21: - | AN21: - | AO21: -16.3 | AP21: -114.9 | AQ21: - | AR21: -24.1 | AS21: -16.6 | AT21: -3.9 | AU21: -19.8 | AV21: - | AW21: - | AX21: - | AY21: - | AZ21: - | BA21: - | BB21: - | BC21: - | BD21: - | BE21: - | BF21: - | BG21: - | BH21: - | BI21: 447.3 | BJ21: -356.4 | BK21: -179.2
B22: 열전용_사업 | C22: Main activity producer heat plants (transf.) | D22: - | E22: - | F22: - | G22: - | H22: - | I22: - | J22: - | K22: - | L22: - | M22: - | N22: - | O22: - | P22: - | Q22: -40.9 | R22: -286 | S22: - | T22: - | U22: - | V22: - | W22: - | X22: -71 | Y22: - | Z22: - | AA22: - | AB22: - | AC22: - | AD22: -0.9 | AE22: 0 | AF22: 0 | AG22: - | AH22: -154.3 | AI22: - | AJ22: - | AK22: - | AL22: - | AM22: - | AN22: - | AO22: - | AP22: - | AQ22: - | AR22: - | AS22: - | AT22: -3.9 | AU22: -19.8 | AV22: - | AW22: - | AX22: - | AY22: - | AZ22: - | BA22: - | BB22: - | BC22: - | BD22: - | BE22: - | BF22: - | BG22: - | BH22: - | BI22: 241 | BJ22: -335.8 | BK22: -23.7
B23: 열전용_자가 | C23: Autoproducer heat plants (transf.) | D23: - | E23: - | F23: - | G23: - | H23: - | I23: - | J23: - | K23: - | L23: - | M23: - | N23: - | O23: - | P23: - | Q23: - | R23: -10.8 | S23: - | T23: - | U23: - | V23: - | W23: - | X23: -1.2 | Y23: - | Z23: - | AA23: - | AB23: - | AC23: - | AD23: - | AE23: -0.3 | AF23: - | AG23: - | AH23: -42.8 | AI23: - | AJ23: - | AK23: - | AL23: - | AM23: - | AN23: - | AO23: -16.3 | AP23: -114.9 | AQ23: - | AR23: -24.1 | AS23: -16.6 | AT23: - | AU23: - | AV23: - | AW23: - | AX23: - | AY23: - | AZ23: - | BA23: - | BB23: - | BC23: - | BD23: - | BE23: - | BF23: - | BG23: - | BH23: - | BI23: 206.2 | BJ23: -20.6 | BK23: -155.5
B24: 화학반응열 | C24: Chemical Heat for Electricity Production (transf.) | D24: - | E24: - | F24: - | G24: - | H24: - | I24: - | J24: - | K24: - | L24: - | M24: - | N24: - | O24: - | P24: - | Q24: - | R24: - | S24: - | T24: - | U24: - | V24: - | W24: - | X24: - | Y24: - | Z24: - | AA24: - | AB24: - | AC24: - | AD24: - | AE24: - | AF24: - | AG24: - | AH24: - | AI24: - | AJ24: - | AK24: - | AL24: - | AM24: - | AN24: - | AO24: - | AP24: - | AQ24: - | AR24: - | AS24: - | AT24: - | AU24: - | AV24: - | AW24: - | AX24: - | AY24: - | AZ24: - | BA24: - | BB24: - | BC24: - | BD24: - | BE24: - | BF24: - | BG24: - | BH24: 13.9 | BI24: -37.1 | BJ24: -23.1 | BK24: -
A25: iron and steel 241 | B25: 코크스로 | C25: Coke Ovens (transf.) | D25: - | E25: - | F25: -17195.6 | G25: - | H25: - | I25: - | J25: - | K25: - | L25: 11619.7 | M25: 560.7 | N25: 3578.4 | O25: - | P25: - | Q25: - | R25: - | S25: - | T25: - | U25: - | V25: - | W25: - | X25: - | Y25: - | Z25: - | AA25: - | AB25: - | AC25: - | AD25: - | AE25: - | AF25: - | AG25: - | AH25: - | AI25: - | AJ25: - | AK25: - | AL25: - | AM25: - | AN25: - | AO25: - | AP25: - | AQ25: - | AR25: - | AS25: - | AT25: - | AU25: - | AV25: - | AW25: - | AX25: - | AY25: - | AZ25: - | BA25: - | BB25: - | BC25: - | BD25: - | BE25: - | BF25: - | BG25: - | BH25: - | BI25: - | BJ25: -1436.7 | BK25: -
A26: iron and steel 241 | B26: 고로 | C26: Blast Furnace (transf.) | D26: - | E26: - | F26: -1025.3 | G26: -4839.2 | H26: - | I26: - | J26: - | K26: - | L26: -11064.1 | M26: - | N26: - | O26: 5392.6 | P26: 1446.8 | Q26: - | R26: - | S26: - | T26: - | U26: - | V26: - | W26: - | X26: - | Y26: - | Z26: - | AA26: - | AB26: - | AC26: - | AD26: - | AE26: - | AF26: - | AG26: - | AH26: - | AI26: - | AJ26: - | AK26: - | AL26: - | AM26: - | AN26: - | AO26: - | AP26: - | AQ26: - | AR26: - | AS26: - | AT26: - | AU26: - | AV26: - | AW26: - | AX26: - | AY26: - | AZ26: - | BA26: - | BB26: - | BC26: - | BD26: - | BE26: - | BF26: - | BG26: - | BH26: - | BI26: - | BJ26: -10089.2 | BK26: -
B27: 연탄제조 | C27: Patent Fuel Plants (transf.) | D27: -287.4 | E27: -18.2 | F27: - | G27: - | H27: - | I27: - | J27: - | K27: 296.1 | L27: - | M27: - | N27: - | O27: - | P27: - | Q27: - | R27: - | S27: - | T27: - | U27: - | V27: - | W27: - | X27: - | Y27: - | Z27: - | AA27: - | AB27: - | AC27: - | AD27: - | AE27: - | AF27: - | AG27: - | AH27: - | AI27: - | AJ27: - | AK27: - | AL27: - | AM27: - | AN27: - | AO27: - | AP27: - | AQ27: - | AR27: - | AS27: - | AT27: - | AU27: - | AV27: - | AW27: - | AX27: - | AY27: - | AZ27: - | BA27: - | BB27: - | BC27: - | BD27: - | BE27: - | BF27: - | BG27: - | BH27: - | BI27: - | BJ27: -9.6 | BK27: -
A28: refined petroleum and coke 19 | B28: 석유정제 | C28: Oil Refineries (transf.) | D28: - | E28: - | F28: - | G28: - | H28: - | I28: - | J28: - | K28: - | L28: - | M28: - | N28: - | O28: - | P28: - | Q28: - | R28: - | S28: -156075.5 | T28: -33101.5 | U28: 0 | V28: 106.9 | W28: 3696.7 | X28: 1425.9 | Y28: 2562.5 | Z28: 21143 | AA28: 14 | AB28: - | AC28: 23660 | AD28: 2996.8 | AE28: 52765 | AF28: 294.3 | AG28: 20.2 | AH28: 9078 | AI28: 40146.8 | AJ28: 544.5 | AK28: 3169.3 | AL28: 4988 | AM28: 20 | AN28: 603.7 | AO28: 3616.5 | AP28: - | AQ28: - | AR28: - | AS28: - | AT28: - | AU28: - | AV28: - | AW28: - | AX28: - | AY28: - | AZ28: - | BA28: - | BB28: - | BC28: - | BD28: - | BE28: - | BF28: - | BG28: - | BH28: - | BI28: - | BJ28: -18325 | BK28: -
B29: 석유화학 | C29: Petrochemical Plants (transf.) | D29: - | E29: - | F29: - | G29: - | H29: - | I29: - | J29: - | K29: - | L29: - | M29: - | N29: - | O29: - | P29: - | Q29: - | R29: - | S29: - | T29: 15440.2 | U29: - | V29: -96.1 | W29: - | X29: -761.4 | Y29: -149 | Z29: - | AA29: - | AB29: - | AC29: - | AD29: - | AE29: - | AF29: - | AG29: - | AH29: - | AI29: -8969.1 | AJ29: - | AK29: - | AL29: - | AM29: - | AN29: - | AO29: - | AP29: - | AQ29: - | AR29: - | AS29: - | AT29: - | AU29: - | AV29: - | AW29: - | AX29: - | AY29: - | AZ29: - | BA29: - | BB29: - | BC29: - | BD29: - | BE29: - | BF29: - | BG29: - | BH29: - | BI29: - | BJ29: 5464.7 | BK29: -
A30: energy pipelines and gas processing 352T353 | B30: 가스제조 | C30: Gas Manufacturing (transf.) | D30: - | E30: - | F30: - | G30: - | H30: - | I30: - | J30: - | K30: - | L30: - | M30: - | N30: - | O30: - | P30: - | Q30: -24334.2 | R30: 24357.8 | S30: - | T30: - | U30: - | V30: - | W30: - | X30: -23.6 | Y30: - | Z30: - | AA30: - | AB30: - | AC30: - | AD30: - | AE30: - | AF30: - | AG30: - | AH30: - | AI30: - | AJ30: - | AK30: - | AL30: - | AM30: - | AN30: - | AO30: - | AP30: - | AQ30: - | AR30: - | AS30: - | AT30: - | AU30: - | AV30: - | AW30: - | AX30: - | AY30: - | AZ30: - | BA30: - | BB30: - | BC30: - | BD30: - | BE30: - | BF30: - | BG30: - | BH30: - | BI30: - | BJ30: 0 | BK30: -
B31: 석탄합성가스제조 | C31: Coal-to-Gas plants (transf.) | D31: - | E31: - | F31: - | G31: -181.8 | H31: - | I31: - | J31: - | K31: - | L31: - | M31: - | N31: - | O31: - | P31: 219.7 | Q31: - | R31: - | S31: - | T31: - | U31: - | V31: - | W31: - | X31: - | Y31: - | Z31: - | AA31: - | AB31: - | AC31: - | AD31: - | AE31: - | AF31: - | AG31: - | AH31: - | AI31: - | AJ31: - | AK31: - | AL31: - | AM31: - | AN31: - | AO31: - | AP31: - | AQ31: - | AR31: - | AS31: - | AT31: - | AU31: - | AV31: - | AW31: - | AX31: - | AY31: - | AZ31: - | BA31: - | BB31: - | BC31: - | BD31: - | BE31: - | BF31: - | BG31: - | BH31: - | BI31: - | BJ31: 37.8 | BK31: 439.3
B32: 기타전환 | C32: Non-specified Transformation (transf.) | D32: - | E32: - | F32: - | G32: - | H32: - | I32: - | J32: - | K32: - | L32: - | M32: - | N32: - | O32: - | P32: - | Q32: - | R32: -197.3 | S32: - | T32: - | U32: - | V32: - | W32: - | X32: - | Y32: - | Z32: - | AA32: - | AB32: - | AC32: - | AD32: - | AE32: - | AF32: - | AG32: - | AH32: - | AI32: - | AJ32: - | AK32: - | AL32: - | AM32: - | AN32: - | AO32: - | AP32: - | AQ32: - | AR32: - | AS32: - | AT32: - | AU32: - | AV32: - | AW32: - | AX32: - | AY32: - | AZ32: - | BA32: - | BB32: - | BC32: - | BD32: - | BE32: - | BF32: - | BG32: 487.2 | BH32: - | BI32: - | BJ32: 289.9 | BK32: 487.2
B33: 에너지산업자체소비 | C33: Energy Industry Own Use | D33: - | E33: - | F33: - | G33: - | H33: - | I33: - | J33: - | K33: - | L33: - | M33: - | N33: -956.9 | O33: -2279.7 | P33: -37.9 | Q33: -1587.5 | R33: -848.5 | S33: - | T33: - | U33: - | V33: - | W33: -2685.5 | X33: -286.3 | Y33: -19.6 | Z33: -0.4 | AA33: - | AB33: - | AC33: - | AD33: -2.1 | AE33: -19.3 | AF33: -0.5 | AG33: -0.4 | AH33: -241.3 | AI33: - | AJ33: - | AK33: - | AL33: - | AM33: - | AN33: - | AO33: - | AP33: - | AQ33: - | AR33: -14.2 | AS33: - | AT33: - | AU33: - | AV33: - | AW33: - | AX33: - | AY33: - | AZ33: - | BA33: - | BB33: - | BC33: - | BD33: - | BE33: - | BF33: - | BG33: - | BH33: -3271.1 | BI33: -183.1 | BJ33: -12434.5 | BK33: -5974.3
A34: coal mining 05 | B34: 석탄광업 | C34: Coal Mining (energy) | D34: - | E34: - | F34: - | G34: - | H34: - | I34: - | J34: - | K34: - | L34: - | M34: - | N34: - | O34: - | P34: - | Q34: - | R34: - | S34: - | T34: - | U34: - | V34: - | W34: - | X34: - | Y34: - | Z34: 0 | AA34: - | AB34: - | AC34: - | AD34: -0.1 | AE34: -9.6 | AF34: - | AG34: - | AH34: -0.3 | AI34: - | AJ34: - | AK34: - | AL34: - | AM34: - | AN34: - | AO34: - | AP34: - | AQ34: - | AR34: - | AS34: - | AT34: - | AU34: - | AV34: - | AW34: - | AX34: - | AY34: - | AZ34: - | BA34: - | BB34: - | BC34: - | BD34: - | BE34: - | BF34: - | BG34: - | BH34: - | BI34: - | BJ34: -9.9 | BK34: -
A35: oil and gas extraction 06 | B35: 원유및천연가스채굴 | C35: Oil & Gas Extraction (energy) | D35: - | E35: - | F35: - | G35: - | H35: - | I35: - | J35: - | K35: - | L35: - | M35: - | N35: - | O35: - | P35: - | Q35: - | R35: - | S35: - | T35: - | U35: - | V35: - | W35: - | X35: -3.7 | Y35: 0 | Z35: - | AA35: - | AB35: - | AC35: - | AD35: - | AE35: 0 | AF35: - | AG35: - | AH35: - | AI35: - | AJ35: - | AK35: - | AL35: - | AM35: - | AN35: - | AO35: - | AP35: - | AQ35: - | AR35: - | AS35: - | AT35: - | AU35: - | AV35: - | AW35: - | AX35: - | AY35: - | AZ35: - | BA35: - | BB35: - | BC35: - | BD35: - | BE35: - | BF35: - | BG35: - | BH35: - | BI35: - | BJ35: -3.7 | BK35: -
B36: 발전및열생산_자체소비 | C36: Electricity, CHP and heat plants (energy) | D36: - | E36: - | F36: - | G36: - | H36: - | I36: - | J36: - | K36: - | L36: - | M36: - | N36: - | O36: - | P36: - | Q36: - | R36: - | S36: - | T36: - | U36: - | V36: - | W36: - | X36: - | Y36: - | Z36: - | AA36: - | AB36: - | AC36: - | AD36: - | AE36: - | AF36: - | AG36: - | AH36: - | AI36: - | AJ36: - | AK36: - | AL36: - | AM36: - | AN36: - | AO36: - | AP36: - | AQ36: - | AR36: - | AS36: - | AT36: - | AU36: - | AV36: - | AW36: - | AX36: - | AY36: - | AZ36: - | BA36: - | BB36: - | BC36: - | BD36: - | BE36: - | BF36: - | BG36: - | BH36: -1855.3 | BI36: - | BJ36: -1855.3 | BK36: -
B37: 양수투입 | C37: Used for Pumped Storage (energy) | D37: - | E37: - | F37: - | G37: - | H37: - | I37: - | J37: - | K37: - | L37: - | M37: - | N37: - | O37: - | P37: - | Q37: - | R37: - | S37: - | T37: - | U37: - | V37: - | W37: - | X37: - | Y37: - | Z37: - | AA37: - | AB37: - | AC37: - | AD37: - | AE37: - | AF37: - | AG37: - | AH37: - | AI37: - | AJ37: - | AK37: - | AL37: - | AM37: - | AN37: - | AO37: - | AP37: - | AQ37: - | AR37: - | AS37: - | AT37: - | AU37: - | AV37: - | AW37: - | AX37: - | AY37: - | AZ37: - | BA37: - | BB37: - | BC37: - | BD37: - | BE37: - | BF37: - | BG37: - | BH37: -97.1 | BI37: - | BJ37: -97.1 | BK37: -
B38: 코크스로_자체소비 | C38: Coke Ovens (energy) | D38: - | E38: - | F38: - | G38: - | H38: - | I38: - | J38: - | K38: - | L38: - | M38: - | N38: -355.5 | O38: -1076.6 | P38: -16.8 | Q38: - | R38: - | S38: - | T38: - | U38: - | V38: - | W38: - | X38: - | Y38: - | Z38: - | AA38: - | AB38: - | AC38: - | AD38: - | AE38: - | AF38: - | AG38: - | AH38: - | AI38: - | AJ38: - | AK38: - | AL38: - | AM38: - | AN38: - | AO38: - | AP38: - | AQ38: - | AR38: - | AS38: - | AT38: - | AU38: - | AV38: - | AW38: - | AX38: - | AY38: - | AZ38: - | BA38: - | BB38: - | BC38: - | BD38: - | BE38: - | BF38: - | BG38: - | BH38: - | BI38: - | BJ38: -1448.9 | BK38: -1448.9
B39: 고로_자체소비 | C39: Blast Furnace (energy) | D39: - | E39: - | F39: - | G39: - | H39: - | I39: - | J39: - | K39: - | L39: - | M39: - | N39: -601.4 | O39: -1203.1 | P39: -21.1 | Q39: - | R39: - | S39: - | T39: - | U39: - | V39: - | W39: - | X39: - | Y39: - | Z39: - | AA39: - | AB39: - | AC39: - | AD39: - | AE39: - | AF39: - | AG39: - | AH39: - | AI39: - | AJ39: - | AK39: - | AL39: - | AM39: - | AN39: - | AO39: - | AP39: - | AQ39: - | AR39: - | AS39: - | AT39: - | AU39: - | AV39: - | AW39: - | AX39: - | AY39: - | AZ39: - | BA39: - | BB39: - | BC39: - | BD39: - | BE39: - | BF39: - | BG39: - | BH39: - | BI39: - | BJ39: -1825.7 | BK39: -1825.7
B40: 연탄제조_자체소비 | C40: Patent Fuel Plants (energy) | D40: - | E40: - | F40: - | G40: - | H40: - | I40: - | J40: - | K40: - | L40: - | M40: - | N40: - | O40: - | P40: - | Q40: - | R40: - | S40: - | T40: - | U40: - | V40: - | W40: - | X40: - | Y40: - | Z40: - | AA40: - | AB40: - | AC40: - | AD40: - | AE40: - | AF40: - | AG40: - | AH40: - | AI40: - | AJ40: - | AK40: - | AL40: - | AM40: - | AN40: - | AO40: - | AP40: - | AQ40: - | AR40: - | AS40: - | AT40: - | AU40: - | AV40: - | AW40: - | AX40: - | AY40: - | AZ40: - | BA40: - | BB40: - | BC40: - | BD40: - | BE40: - | BF40: - | BG40: - | BH40: - | BI40: - | BJ40: - | BK40: -
A41: chemicals 20, rubber and plastic products 22 | B41: 석유정제_자체소비 | C41: Oil Refinery (energy) | D41: - | E41: - | F41: - | G41: - | H41: - | I41: - | J41: - | K41: - | L41: - | M41: - | N41: - | O41: - | P41: - | Q41: -1471.9 | R41: -848.5 | S41: - | T41: - | U41: - | V41: - | W41: -2675.7 | X41: -124.6 | Y41: -0.1 | Z41: -0.3 | AA41: - | AB41: - | AC41: - | AD41: -1.3 | AE41: -4.5 | AF41: -0.5 | AG41: -0.1 | AH41: -229 | AI41: - | AJ41: - | AK41: - | AL41: - | AM41: - | AN41: - | AO41: - | AP41: - | AQ41: - | AR41: - | AS41: - | AT41: - | AU41: - | AV41: - | AW41: - | AX41: - | AY41: - | AZ41: - | BA41: - | BB41: - | BC41: - | BD41: - | BE41: - | BF41: - | BG41: - | BH41: -1269 | BI41: -183.1 | BJ41: -6808.6 | BK41: -2675.7
A42: energy pipelines and gas processing 352T353 | B42: 가스제조_자체소비 | C42: Gas Manufacturing (energy) | D42: - | E42: - | F42: - | G42: - | H42: - | I42: - | J42: - | K42: - | L42: - | M42: - | N42: - | O42: - | P42: - | Q42: -115.6 | R42: - | S42: - | T42: - | U42: - | V42: - | W42: -9.8 | X42: -73 | Y42: -8.7 | Z42: 0 | AA42: - | AB42: - | AC42: - | AD42: -0.1 | AE42: -0.1 | AF42: - | AG42: - | AH42: - | AI42: - | AJ42: - | AK42: - | AL42: - | AM42: - | AN42: - | AO42: - | AP42: - | AQ42: - | AR42: - | AS42: - | AT42: - | AU42: - | AV42: - | AW42: - | AX42: - | AY42: - | AZ42: - | BA42: - | BB42: - | BC42: - | BD42: - | BE42: - | BF42: - | BG42: - | BH42: - | BI42: - | BJ42: -207.3 | BK42: -9.8
B43: 석탄합성가스제조_자체소비 | C43: Coal-to-Gas plants (energy) | D43: - | E43: - | F43: - | G43: - | H43: - | I43: - | J43: - | K43: - | L43: - | M43: - | N43: - | O43: - | P43: - | Q43: - | R43: - | S43: - | T43: - | U43: - | V43: - | W43: - | X43: - | Y43: - | Z43: - | AA43: - | AB43: - | AC43: - | AD43: - | AE43: - | AF43: - | AG43: - | AH43: - | AI43: - | AJ43: - | AK43: - | AL43: - | AM43: - | AN43: - | AO43: - | AP43: - | AQ43: - | AR43: - | AS43: - | AT43: - | AU43: - | AV43: - | AW43: - | AX43: - | AY43: - | AZ43: - | BA43: - | BB43: - | BC43: - | BD43: - | BE43: - | BF43: - | BG43: - | BH43: - | BI43: - | BJ43: - | BK43: -
B44: 기타전환_자체소비 | C44: Non-specified Energy Industry (energy) | D44: - | E44: - | F44: - | G44: - | H44: - | I44: - | J44: - | K44: - | L44: - | M44: - | N44: - | O44: - | P44: - | Q44: - | R44: - | S44: - | T44: - | U44: - | V44: - | W44: - | X44: -85.1 | Y44: -10.8 | Z44: -0.1 | AA44: - | AB44: - | AC44: - | AD44: -0.7 | AE44: -5.1 | AF44: 0 | AG44: -0.3 | AH44: -12 | AI44: - | AJ44: - | AK44: - | AL44: - | AM44: - | AN44: - | AO44: - | AP44: - | AQ44: - | AR44: -14.2 | AS44: - | AT44: - | AU44: - | AV44: - | AW44: - | AX44: - | AY44: - | AZ44: - | BA44: - | BB44: - | BC44: - | BD44: - | BE44: - | BF44: - | BG44: - | BH44: -49.7 | BI44: - | BJ44: -178 | BK44: -14.2
B45: 손실 | C45: Losses | D45: - | E45: - | F45: - | G45: - | H45: - | I45: - | J45: - | K45: - | L45: - | M45: - | N45: - | O45: - | P45: - | Q45: 3 | R45: - | S45: - | T45: - | U45: - | V45: - | W45: - | X45: - | Y45: - | Z45: - | AA45: - | AB45: - | AC45: - | AD45: - | AE45: - | AF45: - | AG45: - | AH45: - | AI45: - | AJ45: - | AK45: - | AL45: - | AM45: - | AN45: - | AO45: - | AP45: - | AQ45: - | AR45: - | AS45: - | AT45: - | AU45: - | AV45: - | AW45: - | AX45: - | AY45: - | AZ45: - | BA45: - | BB45: - | BC45: - | BD45: - | BE45: - | BF45: - | BG45: - | BH45: -1442.1 | BI45: -916.8 | BJ45: -2356 | BK45: -
B46: 최종소비 | C46: Total Final Consumption | D46: - | E46: 3065.2 | F46: - | G46: 3568 | H46: - | I46: 0 | J46: 15.4 | K46: 298.3 | L46: 734.2 | M46: 560.7 | N46: 1842.1 | O46: 44.8 | P46: 333.2 | Q46: 1007.3 | R46: 22930.5 | S46: - | T46: - | U46: - | V46: - | W46: 124.9 | X46: 6446.9 | Y46: 4671.2 | Z46: 10274.6 | AA46: 3.1 | AB46: - | AC46: 1815.7 | AD46: 2319.9 | AE46: 23497.6 | AF46: 188.5 | AG46: 63.8 | AH46: 904.9 | AI46: 44794.8 | AJ46: 215.1 | AK46: 723.3 | AL46: 1684.1 | AM46: 20.6 | AN46: 283.7 | AO46: 1021.7 | AP46: 1558.2 | AQ46: 837.9 | AR46: 413.2 | AS46: 824.1 | AT46: 52.8 | AU46: 6.7 | AV46: - | AW46: 685.4 | AX46: - | AY46: - | AZ46: - | BA46: - | BB46: 224.7 | BC46: - | BD46: 26.9 | BE46: - | BF46: - | BG46: - | BH46: 46195.5 | BI46: 5970.2 | BJ46: 190249.9 | BK46: 6974.9
B47: 최종에너지소비 | C47: Final Energy Consumption | D47: - | E47: 3065.2 | F47: - | G47: 3568 | H47: - | I47: 0 | J47: - | K47: 298.3 | L47: 734.2 | M47: - | N47: 1842.1 | O47: 44.8 | P47: 333.2 | Q47: 674.8 | R47: 22930.5 | S47: - | T47: - | U47: - | V47: - | W47: 124.9 | X47: 2571.7 | Y47: 3901.9 | Z47: 10274.6 | AA47: 3.1 | AB47: - | AC47: 1815.7 | AD47: 2319.9 | AE47: 23497.6 | AF47: 188.5 | AG47: 63.8 | AH47: 904.9 | AI47: - | AJ47: - | AK47: - | AL47: - | AM47: - | AN47: - | AO47: - | AP47: 1558.2 | AQ47: 837.9 | AR47: 413.2 | AS47: 824.1 | AT47: 52.8 | AU47: 6.7 | AV47: - | AW47: 685.4 | AX47: - | AY47: - | AZ47: - | BA47: - | BB47: 224.7 | BC47: - | BD47: 26.9 | BE47: - | BF47: - | BG47: - | BH47: 46195.5 | BI47: 5970.2 | BJ47: 135953.4 | BK47: 6974.9
B48: 산업 | C48: Industry | D48: - | E48: 3065.2 | F48: - | G48: 3568 | H48: - | I48: 0 | J48: - | K48: 1.3 | L48: 734.2 | M48: - | N48: 1842.1 | O48: 44.8 | P48: 333.2 | Q48: 674.8 | R48: 7545.5 | S48: - | T48: - | U48: - | V48: - | W48: 124.9 | X48: 840.3 | Y48: 178.3 | Z48: 167.9 | AA48: 0 | AB48: - | AC48: 0.4 | AD48: 207.4 | AE48: 2254.8 | AF48: 76.8 | AG48: 37.7 | AH48: 689 | AI48: - | AJ48: - | AK48: - | AL48: - | AM48: - | AN48: - | AO48: - | AP48: 1472.7 | AQ48: 133.9 | AR48: 382.6 | AS48: 617.2 | AT48: 18.7 | AU48: 4.7 | AV48: - | AW48: - | AX48: - | AY48: - | AZ48: - | BA48: - | BB48: 33.8 | BC48: - | BD48: 1 | BE48: - | BF48: - | BG48: - | BH48: 25117.2 | BI48: 3438.5 | BJ48: 53606.6 | BK48: 5009.6
A49: agriculture and forestry 01T03 | B49: 농림업 | C49: Agriculture/Forestry | D49: - | E49: - | F49: - | G49: - | H49: - | I49: - | J49: - | K49: 0.7 | L49: - | M49: - | N49: - | O49: - | P49: - | Q49: - | R49: 4.5 | S49: - | T49: - | U49: - | V49: - | W49: - | X49: 4.6 | Y49: 0.1 | Z49: 31.1 | AA49: - | AB49: - | AC49: - | AD49: 126.6 | AE49: 208.1 | AF49: 11.1 | AG49: 11.8 | AH49: 2.9 | AI49: - | AJ49: - | AK49: - | AL49: - | AM49: - | AN49: - | AO49: - | AP49: - | AQ49: 0.7 | AR49: - | AS49: 133.8 | AT49: - | AU49: - | AV49: - | AW49: - | AX49: - | AY49: - | AZ49: - | BA49: - | BB49: 29.3 | BC49: - | BD49: - | BE49: - | BF49: - | BG49: - | BH49: 1218.2 | BI49: - | BJ49: 1783.7 | BK49: 163.8
A50: agriculture and forestry 01T03 | B50: 어업 | C50: Fishing | D50: - | E50: - | F50: - | G50: - | H50: - | I50: - | J50: - | K50: - | L50: - | M50: - | N50: - | O50: - | P50: - | Q50: - | R50: - | S50: - | T50: - | U50: - | V50: - | W50: - | X50: 1.2 | Y50: - | Z50: 81.3 | AA50: - | AB50: - | AC50: - | AD50: - | AE50: 894.1 | AF50: 3.3 | AG50: 9 | AH50: 6.6 | AI50: - | AJ50: - | AK50: - | AL50: - | AM50: - | AN50: - | AO50: - | AP50: - | AQ50: - | AR50: - | AS50: - | AT50: - | AU50: - | AV50: - | AW50: - | AX50: - | AY50: - | AZ50: - | BA50: - | BB50: - | BC50: - | BD50: - | BE50: - | BF50: - | BG50: - | BH50: 270 | BI50: - | BJ50: 1265.3 | BK50: -
A51: other mining and quarrying 07T08 | B51: 광업(석탄광업제외) | C51: Mining and Quarrying | D51: - | E51: - | F51: - | G51: - | H51: - | I51: - | J51: - | K51: - | L51: - | M51: - | N51: - | O51: - | P51: - | Q51: - | R51: - | S51: - | T51: - | U51: - | V51: - | W51: - | X51: 1.8 | Y51: 0 | Z51: 0 | AA51: - | AB51: - | AC51: - | AD51: 0.9 | AE51: 32.6 | AF51: 3.7 | AG51: 0.5 | AH51: 2 | AI51: - | AJ51: - | AK51: - | AL51: - | AM51: - | AN51: - | AO51: - | AP51: - | AQ51: - | AR51: - | AS51: 0.1 | AT51: - | AU51: - | AV51: - | AW51: - | AX51: - | AY51: - | AZ51: - | BA51: - | BB51: - | BC51: - | BD51: - | BE51: - | BF51: - | BG51: - | BH51: 128.4 | BI51: - | BJ51: 169.8 | BK51: 0.1
B52: 제조업 | C52: Manufacturing | D52: - | E52: 3065.2 | F52: - | G52: 3568 | H52: - | I52: - | J52: - | K52: 0.6 | L52: 734.2 | M52: - | N52: 1842.1 | O52: 44.8 | P52: 333.2 | Q52: 674.8 | R52: 7540.9 | S52: - | T52: - | U52: - | V52: - | W52: 124.9 | X52: 812.5 | Y52: 178.1 | Z52: 45.5 | AA52: 0 | AB52: - | AC52: 0.4 | AD52: 69.8 | AE52: 443.4 | AF52: 41.9 | AG52: 7.3 | AH52: 671.4 | AI52: - | AJ52: - | AK52: - | AL52: - | AM52: - | AN52: - | AO52: - | AP52: 1460.6 | AQ52: 111.8 | AR52: 382.6 | AS52: 483.3 | AT52: 18.7 | AU52: 4.7 | AV52: - | AW52: - | AX52: - | AY52: - | AZ52: - | BA52: - | BB52: 4.5 | BC52: - | BD52: 1 | BE52: - | BF52: - | BG52: - | BH52: 23499.8 | BI52: 3438.5 | BJ52: 49604.4 | BK52: 4812.2
A53: food beverage and tobacco 10T12 | B53: 식품및담배 | C53: Food and Tobacco | D53: - | E53: - | F53: - | G53: - | H53: - | I53: - | J53: - | K53: - | L53: - | M53: - | N53: - | O53: - | P53: - | Q53: - | R53: 802.8 | S53: - | T53: - | U53: - | V53: - | W53: - | X53: 23.5 | Y53: 1.6 | Z53: 0.6 | AA53: - | AB53: - | AC53: - | AD53: 5.4 | AE53: 13.7 | AF53: 0.7 | AG53: 0.3 | AH53: 23.8 | AI53: - | AJ53: - | AK53: - | AL53: - | AM53: - | AN53: - | AO53: - | AP53: 24.8 | AQ53: - | AR53: 0.9 | AS53: 18.4 | AT53: 6.8 | AU53: - | AV53: - | AW53: - | AX53: - | AY53: - | AZ53: - | BA53: - | BB53: - | BC53: - | BD53: - | BE53: - | BF53: - | BG53: - | BH53: 1179 | BI53: 134 | BJ53: 2236.3 | BK53: 50.8
A54: textiles apparel and leather 13T15 | B54: 섬유및가죽 | C54: Textile and Leather | D54: - | E54: - | F54: - | G54: 466 | H54: - | I54: - | J54: - | K54: - | L54: - | M54: - | N54: - | O54: - | P54: - | Q54: - | R54: 244.6 | S54: - | T54: - | U54: - | V54: - | W54: - | X54: 3.7 | Y54: 0.2 | Z54: 0.1 | AA54: - | AB54: - | AC54: - | AD54: 3.6 | AE54: 3.1 | AF54: 1 | AG54: 1.5 | AH54: 14 | AI54: - | AJ54: - | AK54: - | AL54: - | AM54: - | AN54: - | AO54: - | AP54: 27.9 | AQ54: 1.9 | AR54: 21.6 | AS54: 53.5 | AT54: - | AU54: 4.7 | AV54: - | AW54: - | AX54: - | AY54: - | AZ54: - | BA54: - | BB54: - | BC54: - | BD54: - | BE54: - | BF54: - | BG54: - | BH54: 866.6 | BI54: 253 | BJ54: 1967.1 | BK54: 109.6
A55: wood products 16 | B55: 목재및나무제품 | C55: Wood and Wood Products | D55: - | E55: - | F55: - | G55: - | H55: - | I55: - | J55: - | K55: - | L55: - | M55: - | N55: - | O55: - | P55: - | Q55: - | R55: 26.8 | S55: - | T55: - | U55: - | V55: - | W55: - | X55: 0.2 | Y55: - | Z55: 0.1 | AA55: - | AB55: - | AC55: - | AD55: 0.5 | AE55: 1.6 | AF55: - | AG55: 0.1 | AH55: 1.7 | AI55: - | AJ55: - | AK55: - | AL55: - | AM55: - | AN55: - | AO55: - | AP55: - | AQ55: - | AR55: 5.8 | AS55: 61.8 | AT55: - | AU55: - | AV55: - | AW55: - | AX55: - | AY55: - | AZ55: - | BA55: - | BB55: - | BC55: - | BD55: - | BE55: - | BF55: - | BG55: - | BH55: 149.2 | BI55: 8.7 | BJ55: 256.5 | BK55: 67.6
A56: pulp paper and printing 17T18 | B56: 제지및인쇄 | C56: Paper, Pulp and Print | D56: - | E56: - | F56: - | G56: - | H56: - | I56: - | J56: - | K56: - | L56: - | M56: - | N56: - | O56: - | P56: - | Q56: 0.1 | R56: 298.2 | S56: - | T56: - | U56: - | V56: - | W56: - | X56: 5.4 | Y56: - | Z56: 0 | AA56: - | AB56: - | AC56: - | AD56: 0.6 | AE56: 5.1 | AF56: 0.2 | AG56: 0.5 | AH56: 11 | AI56: - | AJ56: - | AK56: - | AL56: - | AM56: - | AN56: - | AO56: - | AP56: 282.2 | AQ56: 20.4 | AR56: 116.8 | AS56: 178.9 | AT56: 1.9 | AU56: - | AV56: - | AW56: - | AX56: - | AY56: - | AZ56: - | BA56: - | BB56: - | BC56: - | BD56: - | BE56: - | BF56: - | BG56: - | BH56: 847.2 | BI56: 255.5 | BJ56: 2024 | BK56: 600.2
A57: chemicals 20, rubber and plastic products 22 | B57: 화학및석유화학 | C57: Chemical and Petrochemical | D57: - | E57: - | F57: - | G57: 657.6 | H57: - | I57: - | J57: - | K57: - | L57: - | M57: - | N57: - | O57: - | P57: - | Q57: - | R57: 1721.4 | S57: - | T57: - | U57: - | V57: - | W57: 121.2 | X57: 41.2 | Y57: 24 | Z57: 12.7 | AA57: - | AB57: - | AC57: - | AD57: 8.4 | AE57: 16.6 | AF57: 15.2 | AG57: 1.7 | AH57: 128.3 | AI57: - | AJ57: - | AK57: - | AL57: - | AM57: - | AN57: - | AO57: - | AP57: 215.8 | AQ57: 6.7 | AR57: 190.4 | AS57: 35.7 | AT57: 6.2 | AU57: - | AV57: - | AW57: - | AX57: - | AY57: - | AZ57: - | BA57: - | BB57: - | BC57: - | BD57: - | BE57: - | BF57: - | BG57: - | BH57: 4693.9 | BI57: 2357.8 | BJ57: 10254.8 | BK57: 576
A58: glass and glass products 231, cement and other nonmetallic minerals 239 | B58: 비금속광물 | C58: Non-metallic Minerals | D58: - | E58: - | F58: - | G58: 2250.9 | H58: - | I58: - | J58: - | K58: - | L58: - | M58: - | N58: - | O58: - | P58: - | Q58: - | R58: 577.6 | S58: - | T58: - | U58: - | V58: - | W58: - | X58: 16.4 | Y58: 0 | Z58: 0.3 | AA58: - | AB58: - | AC58: - | AD58: 1.4 | AE58: 132.7 | AF58: 1.7 | AG58: 1.8 | AH58: 265.4 | AI58: - | AJ58: - | AK58: - | AL58: - | AM58: - | AN58: - | AO58: - | AP58: 699.1 | AQ58: - | AR58: - | AS58: 0.4 | AT58: - | AU58: - | AV58: - | AW58: - | AX58: - | AY58: - | AZ58: - | BA58: - | BB58: - | BC58: - | BD58: - | BE58: - | BF58: - | BG58: - | BH58: 1050.2 | BI58: 0.3 | BJ58: 4998.3 | BK58: 699.5
A59: iron and steel 241 | B59: 철강 | C59: Iron and Steel | D59: - | E59: 900.2 | F59: - | G59: - | H59: - | I59: - | J59: - | K59: - | L59: 734.2 | M59: - | N59: 1842.1 | O59: 44.8 | P59: 333.2 | Q59: 426.8 | R59: 1232.5 | S59: - | T59: - | U59: - | V59: - | W59: - | X59: 48 | Y59: 19 | Z59: - | AA59: - | AB59: - | AC59: - | AD59: 0.3 | AE59: 2.7 | AF59: 0.1 | AG59: 0 | AH59: 6 | AI59: - | AJ59: - | AK59: - | AL59: - | AM59: - | AN59: - | AO59: - | AP59: 4 | AQ59: - | AR59: - | AS59: 7.3 | AT59: - | AU59: - | AV59: - | AW59: - | AX59: - | AY59: - | AZ59: - | BA59: - | BB59: - | BC59: - | BD59: - | BE59: - | BF59: - | BG59: - | BH59: 4282.5 | BI59: 6.2 | BJ59: 9890 | BK59: 2231.4
A60: other metals 242, metal products except machinery and vehicles 25 | B60: 비철금속 | C60: Non-ferrous Metals | D60: - | E60: 148.3 | F60: - | G60: 193.5 | H60: - | I60: - | J60: - | K60: - | L60: - | M60: - | N60: - | O60: - | P60: - | Q60: - | R60: 370.3 | S60: - | T60: - | U60: - | V60: - | W60: - | X60: 12.1 | Y60: 0.2 | Z60: - | AA60: - | AB60: - | AC60: - | AD60: 0.1 | AE60: 3.1 | AF60: 0.2 | AG60: 0 | AH60: 19.9 | AI60: - | AJ60: - | AK60: - | AL60: - | AM60: - | AN60: - | AO60: - | AP60: - | AQ60: - | AR60: - | AS60: - | AT60: - | AU60: - | AV60: - | AW60: - | AX60: - | AY60: - | AZ60: - | BA60: - | BB60: - | BC60: - | BD60: - | BE60: - | BF60: - | BG60: - | BH60: 852.3 | BI60: 70.2 | BJ60: 1670.3 | BK60: -
A61: computers and electronics 26, appliances and electrical equipment 27, other machinery 28 | B61: 기계류 | C61: Machinery | D61: - | E61: - | F61: - | G61: - | H61: - | I61: - | J61: - | K61: - | L61: - | M61: - | N61: - | O61: - | P61: - | Q61: - | R61: 1249.9 | S61: - | T61: - | U61: - | V61: - | W61: - | X61: 27.1 | Y61: 0.5 | Z61: 0.3 | AA61: - | AB61: - | AC61: 0 | AD61: 5.5 | AE61: 33.8 | AF61: 4.4 | AG61: 0.1 | AH61: 5.5 | AI61: - | AJ61: - | AK61: - | AL61: - | AM61: - | AN61: - | AO61: - | AP61: 5.7 | AQ61: - | AR61: 1.6 | AS61: 82.3 | AT61: - | AU61: - | AV61: - | AW61: - | AX61: - | AY61: - | AZ61: - | BA61: - | BB61: - | BC61: - | BD61: - | BE61: - | BF61: - | BG61: - | BH61: 7320.1 | BI61: 305.1 | BJ61: 9041.9 | BK61: 89.6
A62: road vehicles 29, nonroad vehicles 30 | B62: 수송장비 | C62: Transport Equipment | D62: - | E62: - | F62: - | G62: - | H62: - | I62: - | J62: - | K62: - | L62: - | M62: - | N62: - | O62: - | P62: - | Q62: 17.6 | R62: 695.8 | S62: - | T62: - | U62: - | V62: - | W62: - | X62: 19 | Y62: 1.9 | Z62: 26.8 | AA62: 0 | AB62: - | AC62: 0 | AD62: 0.9 | AE62: 90.2 | AF62: 17 | AG62: 0.2 | AH62: 57.2 | AI62: - | AJ62: - | AK62: - | AL62: - | AM62: - | AN62: - | AO62: - | AP62: - | AQ62: - | AR62: 12 | AS62: 0.2 | AT62: - | AU62: - | AV62: - | AW62: - | AX62: - | AY62: - | AZ62: - | BA62: - | BB62: - | BC62: - | BD62: - | BE62: - | BF62: - | BG62: - | BH62: 1881.3 | BI62: 47.5 | BJ62: 2867.5 | BK62: 12.2
A63: other manufacturing 31T33 | B63: 기타제조 | C63: Other Manufacturing | D63: - | E63: 2016.7 | F63: - | G63: - | H63: - | I63: - | J63: - | K63: 0.6 | L63: - | M63: - | N63: - | O63: - | P63: - | Q63: 230.3 | R63: 320.9 | S63: - | T63: - | U63: - | V63: - | W63: 3.7 | X63: 615.9 | Y63: 130.7 | Z63: 4.6 | AA63: - | AB63: - | AC63: 0.3 | AD63: 43.1 | AE63: 140.8 | AF63: 1.5 | AG63: 1 | AH63: 138.5 | AI63: - | AJ63: - | AK63: - | AL63: - | AM63: - | AN63: - | AO63: - | AP63: 201.3 | AQ63: 82.9 | AR63: 33.4 | AS63: 45 | AT63: 3.7 | AU63: - | AV63: - | AW63: - | AX63: - | AY63: - | AZ63: - | BA63: - | BB63: 4.5 | BC63: - | BD63: 1 | BE63: - | BF63: - | BG63: - | BH63: 377.4 | BI63: 0 | BJ63: 4397.7 | BK63: 375.4
A64: construction 41T43 | B64: 건설업 | C64: Construction | D64: - | E64: - | F64: - | G64: - | H64: - | I64: 0 | J64: - | K64: - | L64: - | M64: - | N64: - | O64: - | P64: - | Q64: - | R64: 0.1 | S64: - | T64: - | U64: - | V64: - | W64: - | X64: 20.2 | Y64: - | Z64: 10 | AA64: - | AB64: - | AC64: - | AD64: 10.1 | AE64: 676.6 | AF64: 16.7 | AG64: 9.1 | AH64: 6.1 | AI64: - | AJ64: - | AK64: - | AL64: - | AM64: - | AN64: - | AO64: - | AP64: 12.1 | AQ64: 21.4 | AR64: - | AS64: - | AT64: 0 | AU64: - | AV64: - | AW64: - | AX64: - | AY64: - | AZ64: - | BA64: - | BB64: - | BC64: - | BD64: - | BE64: - | BF64: - | BG64: - | BH64: 0.8 | BI64: - | BJ64: 783.4 | BK64: 33.5
B65: 수송 | C65: Transport | D65: - | E65: - | F65: - | G65: - | H65: - | I65: - | J65: - | K65: - | L65: - | M65: - | N65: - | O65: - | P65: - | Q65: - | R65: 1215.6 | S65: - | T65: - | U65: - | V65: - | W65: - | X65: 1.7 | Y65: 3606.6 | Z65: 10050.3 | AA65: 0.8 | AB65: - | AC65: 1362.4 | AD65: 6.3 | AE65: 19760.2 | AF65: 91.2 | AG65: 15.7 | AH65: 125.8 | AI65: - | AJ65: - | AK65: - | AL65: - | AM65: - | AN65: - | AO65: - | AP65: - | AQ65: - | AR65: - | AS65: - | AT65: - | AU65: - | AV65: - | AW65: 685.4 | AX65: - | AY65: - | AZ65: - | BA65: - | BB65: - | BC65: - | BD65: - | BE65: - | BF65: - | BG65: - | BH65: 271.4 | BI65: - | BJ65: 37193.3 | BK65: 685.4
B66: 철도 | C66: Rail | D66: - | E66: - | F66: - | G66: - | H66: - | I66: - | J66: - | K66: - | L66: - | M66: - | N66: - | O66: - | P66: - | Q66: - | R66: - | S66: - | T66: - | U66: - | V66: - | W66: - | X66: 0 | Y66: - | Z66: - | AA66: - | AB66: - | AC66: - | AD66: 0 | AE66: 95.4 | AF66: - | AG66: - | AH66: - | AI66: - | AJ66: - | AK66: - | AL66: - | AM66: - | AN66: - | AO66: - | AP66: - | AQ66: - | AR66: - | AS66: - | AT66: - | AU66: - | AV66: - | AW66: - | AX66: - | AY66: - | AZ66: - | BA66: - | BB66: - | BC66: - | BD66: - | BE66: - | BF66: - | BG66: - | BH66: 250.1 | BI66: - | BJ66: 345.5 | BK66: -
B67: 도로 | C67: Road | D67: - | E67: - | F67: - | G67: - | H67: - | I67: - | J67: - | K67: - | L67: - | M67: - | N67: - | O67: - | P67: - | Q67: - | R67: 1215.6 | S67: - | T67: - | U67: - | V67: - | W67: - | X67: 0.4 | Y67: 3606.6 | Z67: 10047.2 | AA67: - | AB67: - | AC67: - | AD67: 0.7 | AE67: 19492.2 | AF67: 0.9 | AG67: 0.1 | AH67: 3.7 | AI67: - | AJ67: - | AK67: - | AL67: - | AM67: - | AN67: - | AO67: - | AP67: - | AQ67: - | AR67: - | AS67: - | AT67: - | AU67: - | AV67: - | AW67: 685.4 | AX67: - | AY67: - | AZ67: - | BA67: - | BB67: - | BC67: - | BD67: - | BE67: - | BF67: - | BG67: - | BH67: 21.3 | BI67: - | BJ67: 35074.1 | BK67: 685.4
B68: 국내해운 | C68: Domestic Navigation | D68: - | E68: - | F68: - | G68: - | H68: - | I68: - | J68: - | K68: - | L68: - | M68: - | N68: - | O68: - | P68: - | Q68: - | R68: - | S68: - | T68: - | U68: - | V68: - | W68: - | X68: 0.9 | Y68: - | Z68: 3 | AA68: - | AB68: - | AC68: - | AD68: 5.4 | AE68: 171.6 | AF68: 90.3 | AG68: 15.7 | AH68: 122.1 | AI68: - | AJ68: - | AK68: - | AL68: - | AM68: - | AN68: - | AO68: - | AP68: - | AQ68: - | AR68: - | AS68: - | AT68: - | AU68: - | AV68: - | AW68: - | AX68: - | AY68: - | AZ68: - | BA68: - | BB68: - | BC68: - | BD68: - | BE68: - | BF68: - | BG68: - | BH68: - | BI68: - | BJ68: 409 | BK68: -
B69: 국내항공 | C69: Domestic Aviation | D69: - | E69: - | F69: - | G69: - | H69: - | I69: - | J69: - | K69: - | L69: - | M69: - | N69: - | O69: - | P69: - | Q69: - | R69: - | S69: - | T69: - | U69: - | V69: - | W69: - | X69: 0.3 | Y69: - | Z69: 0 | AA69: 0.8 | AB69: - | AC69: 1362.4 | AD69: 0.1 | AE69: 1.1 | AF69: - | AG69: - | AH69: - | AI69: - | AJ69: - | AK69: - | AL69: - | AM69: - | AN69: - | AO69: - | AP69: - | AQ69: - | AR69: - | AS69: - | AT69: - | AU69: - | AV69: - | AW69: - | AX69: - | AY69: - | AZ69: - | BA69: - | BB69: - | BC69: - | BD69: - | BE69: - | BF69: - | BG69: - | BH69: - | BI69: - | BJ69: 1364.7 | BK69: -
B70: 가정 | C70: Residential | D70: - | E70: - | F70: - | G70: - | H70: - | I70: - | J70: - | K70: 271.4 | L70: - | M70: - | N70: - | O70: - | P70: - | Q70: - | R70: 10475.4 | S70: - | T70: - | U70: - | V70: - | W70: - | X70: 565.7 | Y70: 15.9 | Z70: 2.3 | AA70: - | AB70: - | AC70: - | AD70: 1513.4 | AE70: 23.6 | AF70: 0.4 | AG70: 0 | AH70: 30.5 | AI70: - | AJ70: - | AK70: - | AL70: - | AM70: - | AN70: - | AO70: - | AP70: - | AQ70: - | AR70: - | AS70: 126.7 | AT70: 3.9 | AU70: 2 | AV70: - | AW70: - | AX70: - | AY70: - | AZ70: - | BA70: - | BB70: 36.2 | BC70: - | BD70: 12 | BE70: - | BF70: - | BG70: - | BH70: 6195.9 | BI70: 2136.1 | BJ70: 21411.4 | BK70: 180.7
B71: 상업 | C71: Commercial | D71: - | E71: - | F71: - | G71: - | H71: - | I71: - | J71: - | K71: 25.4 | L71: - | M71: - | N71: - | O71: - | P71: - | Q71: - | R71: 3616.1 | S71: - | T71: - | U71: - | V71: - | W71: - | X71: 1140.3 | Y71: 101 | Z71: 17.1 | AA71: 0 | AB71: - | AC71: 11.5 | AD71: 495.1 | AE71: 799 | AF71: 16.3 | AG71: 8.8 | AH71: 53.4 | AI71: - | AJ71: - | AK71: - | AL71: - | AM71: - | AN71: - | AO71: - | AP71: 32.3 | AQ71: 19.1 | AR71: 15.1 | AS71: 52.6 | AT71: - | AU71: - | AV71: - | AW71: - | AX71: - | AY71: - | AZ71: - | BA71: - | BB71: 3.8 | BC71: - | BD71: 1.8 | BE71: - | BF71: - | BG71: - | BH71: 11918.8 | BI71: 326.1 | BJ71: 18653.6 | BK71: 124.8
A72: water and waste 36T39 | B72: 공공 | C72: Public Services | D72: - | E72: - | F72: - | G72: - | H72: - | I72: - | J72: - | K72: 0.2 | L72: - | M72: - | N72: - | O72: - | P72: - | Q72: - | R72: 77.9 | S72: - | T72: - | U72: - | V72: - | W72: - | X72: 23.7 | Y72: 0.2 | Z72: 37 | AA72: 2.3 | AB72: - | AC72: 441.4 | AD72: 97.7 | AE72: 660.1 | AF72: 3.9 | AG72: 1.6 | AH72: 6.2 | AI72: - | AJ72: - | AK72: - | AL72: - | AM72: - | AN72: - | AO72: - | AP72: 53.2 | AQ72: 684.9 | AR72: 15.5 | AS72: 27.6 | AT72: 30.2 | AU72: - | AV72: - | AW72: - | AX72: - | AY72: - | AZ72: - | BA72: - | BB72: 150.9 | BC72: - | BD72: 12.2 | BE72: - | BF72: - | BG72: - | BH72: 2692.3 | BI72: 69.5 | BJ72: 5088.4 | BK72: 974.4
B73: 최종비에너지소비 | C73: Final Non-Energy Consumption | D73: - | E73: - | F73: - | G73: - | H73: - | I73: - | J73: 15.4 | K73: - | L73: - | M73: 560.7 | N73: - | O73: - | P73: - | Q73: 332.6 | R73: - | S73: - | T73: - | U73: - | V73: - | W73: - | X73: 3875.3 | Y73: 769.2 | Z73: - | AA73: - | AB73: - | AC73: - | AD73: - | AE73: - | AF73: - | AG73: - | AH73: - | AI73: 44794.8 | AJ73: 215.1 | AK73: 723.3 | AL73: 1684.1 | AM73: 20.6 | AN73: 283.7 | AO73: 1021.7 | AP73: - | AQ73: - | AR73: - | AS73: - | AT73: - | AU73: - | AV73: - | AW73: - | AX73: - | AY73: - | AZ73: - | BA73: - | BB73: - | BC73: - | BD73: - | BE73: - | BF73: - | BG73: - | BH73: - | BI73: - | BJ73: 54296.5 | BK73: -
A74: chemicals 20, rubber and plastic products 22 | B74: 비에너지_산업및에너지 | C74: Non-Energy Use in Industry & Energy | D74: - | E74: - | F74: - | G74: - | H74: - | I74: - | J74: 15.4 | K74: - | L74: - | M74: 560.7 | N74: - | O74: - | P74: - | Q74: 332.6 | R74: - | S74: - | T74: - | U74: - | V74: - | W74: - | X74: 3875.3 | Y74: 769.2 | Z74: - | AA74: - | AB74: - | AC74: - | AD74: - | AE74: - | AF74: - | AG74: - | AH74: - | AI74: 44794.8 | AJ74: 184 | AK74: 723.3 | AL74: 1684.1 | AM74: 20.6 | AN74: 283.7 | AO74: 1021.6 | AP74: - | AQ74: - | AR74: - | AS74: - | AT74: - | AU74: - | AV74: - | AW74: - | AX74: - | AY74: - | AZ74: - | BA74: - | BB74: - | BC74: - | BD74: - | BE74: - | BF74: - | BG74: - | BH74: - | BI74: - | BJ74: 54265.2 | BK74: -
B75: 비에너지_수송 | C75: Non-Energy Use in Transport | D75: - | E75: - | F75: - | G75: - | H75: - | I75: - | J75: - | K75: - | L75: - | M75: - | N75: - | O75: - | P75: - | Q75: - | R75: - | S75: - | T75: - | U75: - | V75: - | W75: - | X75: - | Y75: - | Z75: - | AA75: - | AB75: - | AC75: - | AD75: - | AE75: - | AF75: - | AG75: - | AH75: - | AI75: - | AJ75: 0 | AK75: - | AL75: - | AM75: - | AN75: - | AO75: - | AP75: - | AQ75: - | AR75: - | AS75: - | AT75: - | AU75: - | AV75: - | AW75: - | AX75: - | AY75: - | AZ75: - | BA75: - | BB75: - | BC75: - | BD75: - | BE75: - | BF75: - | BG75: - | BH75: - | BI75: - | BJ75: 0 | BK75: -
B76: 비에너지_가정 | C76: Non-Energy Use in Residential | D76: - | E76: - | F76: - | G76: - | H76: - | I76: - | J76: - | K76: - | L76: - | M76: - | N76: - | O76: - | P76: - | Q76: - | R76: - | S76: - | T76: - | U76: - | V76: - | W76: - | X76: - | Y76: - | Z76: - | AA76: - | AB76: - | AC76: - | AD76: - | AE76: - | AF76: - | AG76: - | AH76: - | AI76: - | AJ76: - | AK76: - | AL76: - | AM76: - | AN76: - | AO76: - | AP76: - | AQ76: - | AR76: - | AS76: - | AT76: - | AU76: - | AV76: - | AW76: - | AX76: - | AY76: - | AZ76: - | BA76: - | BB76: - | BC76: - | BD76: - | BE76: - | BF76: - | BG76: - | BH76: - | BI76: - | BJ76: - | BK76: -
B77: 비에너지_상업 | C77: Non-Energy Use in Commercial | D77: - | E77: - | F77: - | G77: - | H77: - | I77: - | J77: - | K77: - | L77: - | M77: - | N77: - | O77: - | P77: - | Q77: - | R77: - | S77: - | T77: - | U77: - | V77: - | W77: - | X77: - | Y77: - | Z77: - | AA77: - | AB77: - | AC77: - | AD77: - | AE77: - | AF77: - | AG77: - | AH77: - | AI77: - | AJ77: 30.8 | AK77: - | AL77: - | AM77: - | AN77: - | AO77: 0.1 | AP77: - | AQ77: - | AR77: - | AS77: - | AT77: - | AU77: - | AV77: - | AW77: - | AX77: - | AY77: - | AZ77: - | BA77: - | BB77: - | BC77: - | BD77: - | BE77: - | BF77: - | BG77: - | BH77: - | BI77: - | BJ77: 31 | BK77: -
B78: 비에너지_공공 | C78: Non-Energy Use in Public Service | D78: - | E78: - | F78: - | G78: - | H78: - | I78: - | J78: - | K78: - | L78: - | M78: - | N78: - | O78: - | P78: - | Q78: - | R78: - | S78: - | T78: - | U78: - | V78: - | W78: - | X78: - | Y78: - | Z78: - | AA78: - | AB78: - | AC78: - | AD78: - | AE78: - | AF78: - | AG78: - | AH78: - | AI78: - | AJ78: 0.3 | AK78: - | AL78: - | AM78: - | AN78: - | AO78: - | AP78: - | AQ78: - | AR78: - | AS78: - | AT78: - | AU78: - | AV78: - | AW78: - | AX78: - | AY78: - | AZ78: - | BA78: - | BB78: - | BC78: - | BD78: - | BE78: - | BF78: - | BG78: - | BH78: - | BI78: - | BJ78: 0.3 | BK78: -
B79: 메모: 석유화학원료 | C79: of which in Petrochemical Feedstock | D79: - | E79: - | F79: - | G79: - | H79: - | I79: - | J79: - | K79: - | L79: - | M79: 560.7 | N79: - | O79: - | P79: - | Q79: - | R79: - | S79: - | T79: - | U79: - | V79: - | W79: - | X79: 3875.3 | Y79: 769.2 | Z79: - | AA79: - | AB79: - | AC79: - | AD79: - | AE79: - | AF79: - | AG79: - | AH79: - | AI79: 44794.8 | AJ79: - | AK79: - | AL79: - | AM79: - | AN79: - | AO79: - | AP79: - | AQ79: - | AR79: - | AS79: - | AT79: - | AU79: - | AV79: - | AW79: - | AX79: - | AY79: - | AZ79: - | BA79: - | BB79: - | BC79: - | BD79: - | BE79: - | BF79: - | BG79: - | BH79: - | BI79: - | BJ79: 50000 | BK79: -
B80: 전기생산 (GWh) | C80: Electricity Output | D80: 818 | E80: 1671.9 | F80: - | G80: 224247.3 | H80: 3969 | I80: - | J80: - | K80: - | L80: - | M80: - | N80: 3412.7 | O80: 13451.7 | P80: 5732.3 | Q80: 148415.7 | R80: 1357.4 | S80: - | T80: - | U80: - | V80: - | W80: 2784.5 | X80: 63.5 | Y80: - | Z80: - | AA80: - | AB80: - | AC80: - | AD80: 39.5 | AE80: 1294.4 | AF80: - | AG80: - | AH80: 2610.8 | AI80: - | AJ80: - | AK80: - | AL80: - | AM80: - | AN80: 256.8 | AO80: 2655.3 | AP80: 312.9 | AQ80: 362.1 | AR80: 490.6 | AS80: 6822.3 | AT80: 195.2 | AU80: 239.5 | AV80: - | AW80: - | AX80: 2295.2 | AY80: - | AZ80: 145909.7 | BA80: 2791.1 | BB80: - | BC80: 14163 | BD80: - | BE80: 474.6 | BF80: 2679.2 | BG80: 2284.3 | BH80: - | BI80: 161.8 | BJ80: 591962.4 | BK80: 59522.7
B81: 발전전용발전_사업 | C81: Main activity producer electricity plants | D81: 818 | E81: 1671.9 | F81: - | G81: 212006.3 | H81: 3969 | I81: - | J81: - | K81: - | L81: - | M81: - | N81: - | O81: - | P81: 1031.3 | Q81: 104648.2 | R81: - | S81: - | T81: - | U81: - | V81: - | W81: - | X81: - | Y81: - | Z81: - | AA81: - | AB81: - | AC81: - | AD81: 3.2 | AE81: 1293.7 | AF81: - | AG81: - | AH81: 1755.3 | AI81: - | AJ81: - | AK81: - | AL81: - | AM81: - | AN81: - | AO81: - | AP81: 288 | AQ81: 25 | AR81: 202.5 | AS81: 4111.5 | AT81: 168.4 | AU81: 239.5 | AV81: - | AW81: - | AX81: 2295.2 | AY81: - | AZ81: 145909.7 | BA81: 2788.7 | BB81: - | BC81: 11801 | BD81: - | BE81: 474.6 | BF81: 2669.5 | BG81: 2256.6 | BH81: - | BI81: - | BJ81: 500426.7 | BK81: 29382.8
B82: 발전전용발전_자가 | C82: Autoproducer electricity plants | D82: - | E82: - | F82: - | G82: 488 | H82: - | I82: - | J82: - | K82: - | L82: - | M82: - | N82: 3412.7 | O82: 13451.7 | P82: 4701.1 | Q82: 3840.3 | R82: 66 | S82: - | T82: - | U82: - | V82: - | W82: 1155.4 | X82: - | Y82: - | Z82: - | AA82: - | AB82: - | AC82: - | AD82: - | AE82: 0.7 | AF82: - | AG82: - | AH82: 240.8 | AI82: - | AJ82: - | AK82: - | AL82: - | AM82: - | AN82: - | AO82: - | AP82: 4 | AQ82: 33.5 | AR82: 11.7 | AS82: 4.7 | AT82: 17.2 | AU82: - | AV82: - | AW82: - | AX82: - | AY82: - | AZ82: - | BA82: 2.4 | BB82: - | BC82: 2362.1 | BD82: - | BE82: - | BF82: 9.7 | BG82: 27.8 | BH82: - | BI82: - | BJ82: 29829.8 | BK82: 25193.9
B83: 열병합발전_사업 | C83: Main activity producer CHP plants | D83: - | E83: - | F83: - | G83: - | H83: - | I83: - | J83: - | K83: - | L83: - | M83: - | N83: - | O83: - | P83: - | Q83: 36294 | R83: 1007.3 | S83: - | T83: - | U83: - | V83: - | W83: - | X83: 0.3 | Y83: - | Z83: - | AA83: - | AB83: - | AC83: - | AD83: 0.2 | AE83: - | AF83: - | AG83: - | AH83: 302.9 | AI83: - | AJ83: - | AK83: - | AL83: - | AM83: - | AN83: - | AO83: - | AP83: 19.8 | AQ83: 113.7 | AR83: 0 | AS83: 77.6 | AT83: - | AU83: - | AV83: - | AW83: - | AX83: - | AY83: - | AZ83: - | BA83: - | BB83: - | BC83: - | BD83: - | BE83: - | BF83: - | BG83: - | BH83: - | BI83: - | BJ83: 37815.7 | BK83: 211.1
B84: 열병합발전_자가 | C84: Autoproducer CHP plants | D84: - | E84: - | F84: - | G84: 11753 | H84: - | I84: - | J84: - | K84: - | L84: - | M84: - | N84: - | O84: - | P84: - | Q84: 3633.2 | R84: 284.1 | S84: - | T84: - | U84: - | V84: - | W84: 1629.1 | X84: 63.2 | Y84: - | Z84: - | AA84: - | AB84: - | AC84: - | AD84: 36.1 | AE84: - | AF84: - | AG84: - | AH84: 311.8 | AI84: - | AJ84: - | AK84: - | AL84: - | AM84: - | AN84: 256.8 | AO84: 2655.3 | AP84: 1.2 | AQ84: 190 | AR84: 276.4 | AS84: 2628.5 | AT84: 9.6 | AU84: - | AV84: - | AW84: - | AX84: - | AY84: - | AZ84: - | BA84: - | BB84: - | BC84: - | BD84: - | BE84: - | BF84: - | BG84: - | BH84: - | BI84: - | BJ84: 23728.3 | BK84: 4734.8
B85: 기타발전 | C85: Other electricity output | D85: - | E85: - | F85: - | G85: - | H85: - | I85: - | J85: - | K85: - | L85: - | M85: - | N85: - | O85: - | P85: - | Q85: - | R85: - | S85: - | T85: - | U85: - | V85: - | W85: - | X85: - | Y85: - | Z85: - | AA85: - | AB85: - | AC85: - | AD85: - | AE85: - | AF85: - | AG85: - | AH85: - | AI85: - | AJ85: - | AK85: - | AL85: - | AM85: - | AN85: - | AO85: - | AP85: - | AQ85: - | AR85: - | AS85: - | AT85: - | AU85: - | AV85: - | AW85: - | AX85: - | AY85: - | AZ85: - | BA85: - | BB85: - | BC85: - | BD85: - | BE85: - | BF85: - | BG85: - | BH85: - | BI85: 161.8 | BJ85: 161.8 | BK85: -
B86: 열생산 (TJ) | C86: Heat Output | D86: - | E86: - | F86: - | G86: 73991.4 | H86: - | I86: - | J86: - | K86: - | L86: - | M86: - | N86: - | O86: - | P86: - | Q86: 63629 | R86: 17494.3 | S86: - | T86: - | U86: - | V86: - | W86: 15132.2 | X86: 1925.2 | Y86: - | Z86: - | AA86: - | AB86: - | AC86: - | AD86: 11.4 | AE86: 6.9 | AF86: - | AG86: - | AH86: 9413.7 | AI86: - | AJ86: - | AK86: - | AL86: - | AM86: - | AN86: 14679.6 | AO86: 15252.3 | AP86: 7618.4 | AQ86: 3766.8 | AR86: 4862.5 | AS86: 13914.5 | AT86: 147.5 | AU86: 735 | AV86: - | AW86: - | AX86: - | AY86: - | AZ86: - | BA86: - | BB86: - | BC86: - | BD86: - | BE86: - | BF86: - | BG86: - | BH86: - | BI86: 54980.7 | BJ86: 297561.4 | BK86: 46176.9
B87: 열병합열생산_사업 | C87: Main activity producer CHP plants | D87: - | E87: - | F87: - | G87: - | H87: - | I87: - | J87: - | K87: - | L87: - | M87: - | N87: - | O87: - | P87: - | Q87: 61793.9 | R87: 5965.6 | S87: - | T87: - | U87: - | V87: - | W87: - | X87: 1.8 | Y87: - | Z87: - | AA87: - | AB87: - | AC87: - | AD87: 1.6 | AE87: - | AF87: - | AG87: - | AH87: 2644.5 | AI87: - | AJ87: - | AK87: - | AL87: - | AM87: - | AN87: - | AO87: - | AP87: 2815 | AQ87: 2624.8 | AR87: 455.1 | AS87: 2017 | AT87: - | AU87: - | AV87: - | AW87: - | AX87: - | AY87: - | AZ87: - | BA87: - | BB87: - | BC87: - | BD87: - | BE87: - | BF87: - | BG87: - | BH87: - | BI87: 43948.2 | BJ87: 122267.5 | BK87: 7911.8
B88: 열병합열생산_자가 | C88: Autoproducer CHP plants | D88: - | E88: - | F88: - | G88: 73991.4 | H88: - | I88: - | J88: - | K88: - | L88: - | M88: - | N88: - | O88: - | P88: - | Q88: 723.5 | R88: 4447.4 | S88: - | T88: - | U88: - | V88: - | W88: 15132.2 | X88: 1855.3 | Y88: - | Z88: - | AA88: - | AB88: - | AC88: - | AD88: - | AE88: - | AF88: - | AG88: - | AH88: 3778 | AI88: - | AJ88: - | AK88: - | AL88: - | AM88: - | AN88: 14679.6 | AO88: 14656.1 | AP88: - | AQ88: 1142.1 | AR88: 3832.7 | AS88: 11297.6 | AT88: - | AU88: - | AV88: - | AW88: - | AX88: - | AY88: - | AZ88: - | BA88: - | BB88: - | BC88: - | BD88: - | BE88: - | BF88: - | BG88: - | BH88: - | BI88: 8256.4 | BJ88: 153792.2 | BK88: 31404.5
B89: 열전용열생산_사업 | C89: Main activity producer heat plants | D89: - | E89: - | F89: - | G89: - | H89: - | I89: - | J89: - | K89: - | L89: - | M89: - | N89: - | O89: - | P89: - | Q89: 1111.6 | R89: 6681.4 | S89: - | T89: - | U89: - | V89: - | W89: - | X89: 26.9 | Y89: - | Z89: - | AA89: - | AB89: - | AC89: - | AD89: 9.8 | AE89: 0.3 | AF89: - | AG89: - | AH89: 1379.1 | AI89: - | AJ89: - | AK89: - | AL89: - | AM89: - | AN89: - | AO89: - | AP89: - | AQ89: - | AR89: - | AS89: - | AT89: 147.5 | AU89: 735 | AV89: - | AW89: - | AX89: - | AY89: - | AZ89: - | BA89: - | BB89: - | BC89: - | BD89: - | BE89: - | BF89: - | BG89: - | BH89: - | BI89: - | BJ89: 10091.7 | BK89: 882.5
B90: 열전용열생산_자가 | C90: Autoproducer heat plants | D90: - | E90: - | F90: - | G90: - | H90: - | I90: - | J90: - | K90: - | L90: - | M90: - | N90: - | O90: - | P90: - | Q90: - | R90: 400 | S90: - | T90: - | U90: - | V90: - | W90: - | X90: 41.1 | Y90: - | Z90: - | AA90: - | AB90: - | AC90: - | AD90: - | AE90: 6.6 | AF90: - | AG90: - | AH90: 1612.1 | AI90: - | AJ90: - | AK90: - | AL90: - | AM90: - | AN90: - | AO90: 596.2 | AP90: 4803.4 | AQ90: - | AR90: 574.7 | AS90: 599.9 | AT90: - | AU90: - | AV90: - | AW90: - | AX90: - | AY90: - | AZ90: - | BA90: - | BB90: - | BC90: - | BD90: - | BE90: - | BF90: - | BG90: - | BH90: - | BI90: - | BJ90: 8633.9 | BK90: 5978.1
B91: 기타열생산 | C91: Other heat output | D91: - | E91: - | F91: - | G91: - | H91: - | I91: - | J91: - | K91: - | L91: - | M91: - | N91: - | O91: - | P91: - | Q91: - | R91: - | S91: - | T91: - | U91: - | V91: - | W91: - | X91: - | Y91: - | Z91: - | AA91: - | AB91: - | AC91: - | AD91: - | AE91: - | AF91: - | AG91: - | AH91: - | AI91: - | AJ91: - | AK91: - | AL91: - | AM91: - | AN91: - | AO91: - | AP91: - | AQ91: - | AR91: - | AS91: - | AT91: - | AU91: - | AV91: - | AW91: - | AX91: - | AY91: - | AZ91: - | BA91: - | BB91: - | BC91: - | BD91: - | BE91: - | BF91: - | BG91: - | BH91: - | BI91: 2776.1 | BJ91: 2776.1 | BK91: -

Sheet 2020_KESIS
D1: COAL | E1: COAL | F1: COAL | G1: COAL | H1: COAL | I1: COAL | J1: COAL | K1: COAL | Q1: NATURAL GAS | R1: NATURAL GAS | S1: Crude Oil | T1: N/A | U1: N/A | V1: N/A | W1: LPG Propane or butane | X1: LPG Propane or butane | Y1: LPG Propane or butane | Z1: Petroleum-diesel | AA1: Petroleum-diesel | AB1: Petroleum-diesel | AC1: Petroleum-diesel | AD1: Petroleum-diesel | AE1: Petroleum-diesel | AF1: Heavy or Residual Oil | AG1: Heavy or Residual Oil | AH1: Heavy or Residual Oil | AJ1: Petroleum-diesel | AK1: Heavy or Residual Oil | AL1: Petroleum-diesel | AM1: Heavy or Residual Oil | AN1: Petroleum-diesel | AO1: Heavy or Residual Oil | AP1: BIOMASS | AQ1: BIOMASS | AR1: BIOMASS | AS1: BIOMASS | AT1: BIOMASS | AU1: BIOMASS | AV1: BIOMASS | AW1: BIOMASS | AX1: BIOMASS | AY1: Renewables - on-site generation | AZ1: Renewables - on-site generation | BA1: Renewables - on-site generation | BB1: Renewables - on-site generation | BC1: Renewables - on-site generation | BD1: Renewables - on-site generation | BE1: Renewables - on-site generation | BF1: Renewables - on-site generation | BG1: Renewables - on-site generation | BH1: Electricity | BI1: Heat
A2: (UNIT : 1,000 toe, Gross) | D2: 2020 | E2: 2020 | F2: 2020 | G2: 2020 | H2: 2020 | I2: 2020 | J2: 2020 | K2: 2020 | L2: 2020 | M2: 2020 | N2: 2020 | O2: 2020 | P2: 2020 | Q2: 2020 | R2: 2020 | S2: 2020 | T2: 2020 | U2: 2020 | V2: 2020 | W2: 2020 | X2: 2020 | Y2: 2020 | Z2: 2020 | AA2: 2020 | AB2: 2020 | AC2: 2020 | AD2: 2020 | AE2: 2020 | AF2: 2020 | AG2: 2020 | AH2: 2020 | AI2: 2020 | AJ2: 2020 | AK2: 2020 | AL2: 2020 | AM2: 2020 | AN2: 2020 | AO2: 2020 | AP2: 2020 | AQ2: 2020 | AR2: 2020 | AS2: 2020 | AT2: 2020 | AU2: 2020 | AV2: 2020 | AW2: 2020 | AX2: 2020 | AY2: 2020 | AZ2: 2020 | BA2: 2020 | BB2: 2020 | BC2: 2020 | BD2: 2020 | BE2: 2020 | BF2: 2020 | BG2: 2020 | BH2: 2020 | BI2: 2020 | BJ2: 2020 | BK2: 2020
A3: EPS Industry Category | B3: 에너지 흐름별 | C3: By energy flow | D3: 국내무연탄 | E3: 수입무연탄 | F3: 원료탄 | G3: 기타유연탄 | H3: 아역청탄 | I3: 갈탄 | J3: 토탄 | K3: 고형연료 | L3: 코크스 | M3: 콜타르 | N3: 코크스로가스 | O3: 고로가스 | P3: 기타석탄가스 | Q3: 천연가스 | R3: 도시가스 | S3: 원유 | T3: 정제원료 | U3: 첨가물 | V3: 기타탄화수소 | W3: 정제가스 | X3: 프로판 | Y3: 부탄 | Z3: 휘발유 | AA3: 항공휘발유 | AB3: 휘발유형항공유 | AC3: 등유형항공유 | AD3: 등유 | AE3: 경유 | AF3: B-A | AG3: B-B | AH3: B-C | AI3: 납사 | AJ3: 용제 | AK3: 윤활유 | AL3: 아스팔트 | AM3: 파라핀왁스 | AN3: 석유코크 | AO3: 기타석유제품 | AP3: 산업폐기물 | AQ3: 도시폐기물_재생 | AR3: 도시폐기물_비재생 | AS3: 고형바이오매스 | AT3: 바이오가스 | AU3: 매립지가스 | AV3: 바이오휘발유 | AW3: 바이오경유 | AX3: 기타바이오연료 | AY3: 목탄 | AZ3: 원자력 | BA3: 수력 | BB3: 지열 | BC3: 태양광 | BD3: 태양열 | BE3: 해양 | BF3: 풍력 | BG3: 기타에너지원 | BH3: 전기 | BI3: 열 | BJ3: 총에너지 | BK3: 메모: 신재생
B4: 국내생산 | C4: Production | D4: 482 | E4: - | F4: - | G4: - | H4: - | I4: - | J4: - | K4: - | L4: - | M4: - | N4: - | O4: - | P4: - | Q4: 185 | R4: - | S4: 15.1 | T4: - | U4: - | V4: - | W4: - | X4: - | Y4: - | Z4: - | AA4: - | AB4: - | AC4: - | AD4: - | AE4: - | AF4: - | AG4: - | AH4: - | AI4: - | AJ4: - | AK4: - | AL4: - | AM4: - | AN4: - | AO4: - | AP4: 1881 | AQ4: 989.8 | AR4: 703.8 | AS4: 2643.1 | AT4: 95.4 | AU4: 62.2 | AV4: - | AW4: 694.1 | AX4: 408.6 | AY4: - | AZ4: 34119.1 | BA4: 826.3 | BB4: 241 | BC4: 4110.4 | BD4: 26.4 | BE4: 97.4 | BF4: 670.9 | BG4: - | BH4: - | BI4: 73.1 | BJ4: 48324.6 | BK4: 13450.4
B5: 수입 | C5: Imports | D5: - | E5: 3180.7 | F5: 14800.1 | G5: 55730.5 | H5: 936.8 | I5: 0 | J5: 24.9 | K5: 0.3 | L5: 201.9 | M5: - | N5: - | O5: - | P5: - | Q5: 52216.8 | R5: - | S5: 143762.4 | T5: 1288.3 | U5: - | V5: 42.4 | W5: - | X5: 7870.8 | Y5: 2198.3 | Z5: 0 | AA5: 0.7 | AB5: - | AC5: - | AD5: 11.2 | AE5: 2.7 | AF5: - | AG5: - | AH5: 4691.3 | AI5: 26461.6 | AJ5: 0.9 | AK5: 25 | AL5: 68.8 | AM5: - | AN5: - | AO5: - | AP5: - | AQ5: - | AR5: - | AS5: - | AT5: - | AU5: - | AV5: - | AW5: - | AX5: - | AY5: - | AZ5: - | BA5: - | BB5: - | BC5: - | BD5: - | BE5: - | BF5: - | BG5: - | BH5: - | BI5: - | BJ5: 313516.4 | BK5: -
B6: 수출 | C6: Exports | D6: - | E6: -0.1 | F6: - | G6: - | H6: 0 | I6: - | J6: 0 | K6: - | L6: -110.3 | M6: - | N6: - | O6: - | P6: - | Q6: - | R6: - | S6: - | T6: -25.5 | U6: - | V6: -54.3 | W6: - | X6: -566.6 | Y6: -23.7 | Z6: -9206.6 | AA6: -16.2 | AB6: - | AC6: -11386.1 | AD6: -891.9 | AE6: -28726.7 | AF6: -28.9 | AG6: - | AH6: -2066.1 | AI6: -4496.2 | AJ6: -251.3 | AK6: -2645 | AL6: -3161.1 | AM6: - | AN6: - | AO6: -1741.2 | AP6: - | AQ6: - | AR6: - | AS6: - | AT6: - | AU6: - | AV6: - | AW6: - | AX6: - | AY6: - | AZ6: - | BA6: - | BB6: - | BC6: - | BD6: - | BE6: - | BF6: - | BG6: - | BH6: - | BI6: - | BJ6: -65397.6 | BK6: -
B7: 국제해운벙커링 | C7: International Marine Bunkers | D7: - | E7: - | F7: - | G7: - | H7: - | I7: - | J7: - | K7: - | L7: - | M7: - | N7: - | O7: - | P7: - | Q7: -31.7 | R7: - | S7: - | T7: - | U7: - | V7: - | W7: - | X7: 0 | Y7: - | Z7: 0 | AA7: - | AB7: - | AC7: - | AD7: - | AE7: -1455.5 | AF7: -18.4 | AG7: -0.4 | AH7: -8772.2 | AI7: - | AJ7: 0 | AK7: - | AL7: - | AM7: - | AN7: - | AO7: - | AP7: - | AQ7: - | AR7: - | AS7: - | AT7: - | AU7: - | AV7: - | AW7: - | AX7: - | AY7: - | AZ7: - | BA7: - | BB7: - | BC7: - | BD7: - | BE7: - | BF7: - | BG7: - | BH7: - | BI7: - | BJ7: -10278.3 | BK7: -
B8: 국제항공벙커링 | C8: International Aviation Bunkers | D8: - | E8: - | F8: - | G8: - | H8: - | I8: - | J8: - | K8: - | L8: - | M8: - | N8: - | O8: - | P8: - | Q8: - | R8: - | S8: - | T8: - | U8: - | V8: - | W8: - | X8: - | Y8: - | Z8: - | AA8: - | AB8: - | AC8: -3494.1 | AD8: - | AE8: 0 | AF8: - | AG8: - | AH8: - | AI8: - | AJ8: - | AK8: - | AL8: - | AM8: - | AN8: - | AO8: - | AP8: - | AQ8: - | AR8: - | AS8: - | AT8: - | AU8: - | AV8: - | AW8: - | AX8: - | AY8: - | AZ8: - | BA8: - | BB8: - | BC8: - | BD8: - | BE8: - | BF8: - | BG8: - | BH8: - | BI8: - | BJ8: -3494.1 | BK8: -
B9: 재고변화 | C9: Stocks Changes | D9: -65.7 | E9: 8.6 | F9: -159.8 | G9: 973.3 | H9: - | I9: - | J9: - | K9: - | L9: -2.9 | M9: - | N9: - | O9: - | P9: - | Q9: 1544.7 | R9: - | S9: 249.3 | T9: 37.7 | U9: -0.1 | V9: -4.4 | W9: 0 | X9: -60.9 | Y9: -25.6 | Z9: 152.5 | AA9: -0.5 | AB9: - | AC9: 222.9 | AD9: 134.1 | AE9: 425.2 | AF9: 19.8 | AG9: -0.1 | AH9: 165.6 | AI9: -650.8 | AJ9: -9.5 | AK9: -19.6 | AL9: -57.7 | AM9: 0.4 | AN9: 4.3 | AO9: -4.6 | AP9: - | AQ9: - | AR9: - | AS9: - | AT9: - | AU9: - | AV9: - | AW9: 1 | AX9: - | AY9: - | AZ9: - | BA9: - | BB9: - | BC9: - | BD9: - | BE9: - | BF9: - | BG9: - | BH9: - | BI9: - | BJ9: 2877.3 | BK9: 1
B10: 일차에너지공급 | C10: Total Primary Energy Supply | D10: 416.2 | E10: 3189.2 | F10: 14640.3 | G10: 56703.9 | H10: 936.8 | I10: 0 | J10: 24.9 | K10: 0.3 | L10: 88.7 | M10: - | N10: - | O10: - | P10: - | Q10: 53914.8 | R10: - | S10: 144026.8 | T10: 1300.5 | U10: -0.1 | V10: -16.2 | W10: 0 | X10: 7243.3 | Y10: 2149.1 | Z10: -9054 | AA10: -16 | AB10: - | AC10: -14657.2 | AD10: -746.6 | AE10: -29754.2 | AF10: -27.5 | AG10: -0.5 | AH10: -5981.5 | AI10: 21314.6 | AJ10: -259.8 | AK10: -2639.6 | AL10: -3150.1 | AM10: 0.4 | AN10: 4.3 | AO10: -1745.8 | AP10: 1881 | AQ10: 989.8 | AR10: 703.8 | AS10: 2643.1 | AT10: 95.4 | AU10: 62.2 | AV10: - | AW10: 695.1 | AX10: 408.6 | AY10: - | AZ10: 34119.1 | BA10: 826.3 | BB10: 241 | BC10: 4110.4 | BD10: 26.4 | BE10: 97.4 | BF10: 670.9 | BG10: - | BH10: - | BI10: 73.1 | BJ10: 285548.4 | BK10: 13451.3
B11: 제품이동 | C11: Transfers | D11: - | E11: - | F11: - | G11: - | H11: - | I11: - | J11: - | K11: - | L11: - | M11: - | N11: - | O11: - | P11: - | Q11: - | R11: - | S11: - | T11: 18920.7 | U11: - | V11: - | W11: -16.4 | X11: -447.8 | Y11: -8.6 | Z11: 319.3 | AA11: 18.5 | AB11: - | AC11: 215.8 | AD11: -2952.6 | AE11: 1563.6 | AF11: -6.5 | AG11: 18.9 | AH11: -4400.9 | AI11: -7947.6 | AJ11: -276.1 | AK11: -95.1 | AL11: 594.7 | AM11: -3.3 | AN11: - | AO11: -14.5 | AP11: - | AQ11: - | AR11: - | AS11: - | AT11: - | AU11: - | AV11: - | AW11: - | AX11: - | AY11: - | AZ11: - | BA11: - | BB11: - | BC11: - | BD11: - | BE11: - | BF11: - | BG11: - | BH11: - | BI11: - | BJ11: 5482.3 | BK11: -16.4
B12: 통계오차 | C12: Statistical Differences | D12: 5.4 | E12: -8.5 | F12: 2626.7 | G12: -2715 | H12: - | I12: - | J12: - | K12: - | L12: -15.5 | M12: - | N12: - | O12: - | P12: - | Q12: 228.9 | R12: 393.5 | S12: -246.9 | T12: 64.6 | U12: -0.1 | V12: 10.7 | W12: 131.2 | X12: -3.2 | Y12: 0.3 | Z12: -11.7 | AA12: -0.1 | AB12: - | AC12: -88.2 | AD12: 12.2 | AE12: 13.2 | AF12: -9.3 | AG12: 0 | AH12: 73.3 | AI12: -13.5 | AJ12: -3.9 | AK12: -28.1 | AL12: 16.5 | AM12: 0 | AN12: - | AO12: 2.4 | AP12: - | AQ12: - | AR12: - | AS12: - | AT12: - | AU12: - | AV12: - | AW12: 0 | AX12: - | AY12: - | AZ12: - | BA12: - | BB12: - | BC12: - | BD12: - | BE12: - | BF12: - | BG12: - | BH12: - | BI12: - | BJ12: 434.8 | BK12: 131.2
B13: 일차에너지소비 | C13: Total Primary Energy Consumption | D13: 421.6 | E13: 3180.7 | F13: 17266.9 | G13: 53988.8 | H13: 936.8 | I13: 0 | J13: 24.9 | K13: 0.3 | L13: 73.2 | M13: - | N13: - | O13: - | P13: - | Q13: 54143.7 | R13: 393.5 | S13: 143779.9 | T13: 20285.8 | U13: -0.2 | V13: -5.5 | W13: 114.8 | X13: 6792.2 | Y13: 2140.8 | Z13: -8746.4 | AA13: 2.4 | AB13: - | AC13: -14529.6 | AD13: -3687 | AE13: -28177.4 | AF13: -43.3 | AG13: 18.4 | AH13: -10309.1 | AI13: 13353.6 | AJ13: -539.8 | AK13: -2762.7 | AL13: -2539 | AM13: -2.9 | AN13: 4.3 | AO13: -1757.9 | AP13: 1881 | AQ13: 989.8 | AR13: 703.8 | AS13: 2643.1 | AT13: 95.4 | AU13: 62.2 | AV13: - | AW13: 695.1 | AX13: 408.6 | AY13: - | AZ13: 34119.1 | BA13: 826.3 | BB13: 241 | BC13: 4110.4 | BD13: 26.4 | BE13: 97.4 | BF13: 670.9 | BG13: - | BH13: - | BI13: 73.1 | BJ13: 291465.5 | BK13: 13566.2
B14: 전환공정 | C14: Transformation Processes | D14: -421.6 | E14: -297.6 | F14: -17266.9 | G14: -50690.1 | H14: -936.8 | I14: - | J14: - | K14: 233.8 | L14: 678.6 | M14: 524.6 | N14: 2706.2 | O14: 2282 | P14: 186.9 | Q14: -51196.9 | R14: 22482.9 | S14: -143779.9 | T14: -20283.8 | U14: 0.2 | V14: 5.5 | W14: 2782.8 | X14: 219.1 | Y14: 2033.5 | Z14: 18799.7 | AA14: - | AB14: - | AC14: 15607.6 | AD14: 6030.8 | AE14: 50441.4 | AF14: 241.3 | AG14: 12.9 | AH14: 11321.9 | AI14: 27565.6 | AJ14: 808 | AK14: 3460 | AL14: 4145.3 | AM14: 22.5 | AN14: 206.5 | AO14: 3809 | AP14: -226.7 | AQ14: -111.1 | AR14: -338.4 | AS14: -1857.4 | AT14: -40.8 | AU14: -55.6 | AV14: - | AW14: - | AX14: -408.6 | AY14: - | AZ14: -34119.1 | BA14: -826.3 | BB14: - | BC14: -4110.4 | BD14: - | BE14: -97.4 | BF14: -670.9 | BG14: - | BH14: 50484.6 | BI14: 7122.7 | BJ14: -93520.6 | BK14: -785.7
B15: 발전전용 | C15: Electricity Plants (transf.) | D15: -189.2 | E15: -289 | F15: - | G15: -41745.9 | H15: -936.8 | I15: - | J15: - | K15: - | L15: - | M15: - | N15: -704 | O15: -2952 | P15: -1619.3 | Q15: -19450.1 | R15: -10.2 | S15: - | T15: - | U15: - | V15: - | W15: -337.1 | X15: -10.5 | Y15: -0.5 | Z15: 0 | AA15: - | AB15: - | AC15: - | AD15: -152.6 | AE15: -56.2 | AF15: - | AG15: - | AH15: -282 | AI15: - | AJ15: - | AK15: - | AL15: - | AM15: - | AN15: - | AO15: - | AP15: -53.4 | AQ15: -27.8 | AR15: -59.9 | AS15: -864.2 | AT15: -35.8 | AU15: -38.3 | AV15: - | AW15: - | AX15: -408.6 | AY15: - | AZ15: -34119.1 | BA15: -826.3 | BB15: - | BC15: -4110.4 | BD15: - | BE15: -97.4 | BF15: -670.9 | BG15: -750.8 | BH15: 45013.4 | BI15: - | BJ15: -65785.2 | BK15: -14062.6
B16: 발전전용_사업 | C16: Main activity producer electricity plants (transf.) | D16: -189.2 | E16: -289 | F16: - | G16: -41723.4 | H16: -936.8 | I16: - | J16: - | K16: - | L16: - | M16: - | N16: - | O16: - | P16: -506.4 | Q16: -18621 | R16: - | S16: - | T16: - | U16: - | V16: - | W16: - | X16: -10.5 | Y16: -0.5 | Z16: 0 | AA16: - | AB16: - | AC16: - | AD16: -152.6 | AE16: -56.2 | AF16: - | AG16: - | AH16: -282 | AI16: - | AJ16: - | AK16: - | AL16: - | AM16: - | AN16: - | AO16: - | AP16: -51.8 | AQ16: -27.7 | AR16: -59.9 | AS16: -864.2 | AT16: -30.8 | AU16: -38.3 | AV16: - | AW16: - | AX16: -408.6 | AY16: - | AZ16: -34119.1 | BA16: -825.9 | BB16: - | BC16: -3538.1 | BD16: - | BE16: -97.4 | BF16: -668.7 | BG16: -742.4 | BH16: 42429.9 | BI16: - | BJ16: -61811 | BK16: -8366.7
B17: 발전전용_자가 | C17: Autoproducer electricity plants (transf.) | D17: - | E17: - | F17: - | G17: -22.5 | H17: - | I17: - | J17: - | K17: - | L17: - | M17: - | N17: -704 | O17: -2952 | P17: -1112.9 | Q17: -829.1 | R17: -10.2 | S17: - | T17: - | U17: - | V17: - | W17: -337.1 | X17: - | Y17: - | Z17: - | AA17: - | AB17: - | AC17: - | AD17: - | AE17: 0 | AF17: - | AG17: - | AH17: - | AI17: - | AJ17: - | AK17: - | AL17: - | AM17: - | AN17: - | AO17: - | AP17: -1.5 | AQ17: 0 | AR17: - | AS17: - | AT17: -5 | AU17: - | AV17: - | AW17: - | AX17: - | AY17: - | AZ17: - | BA17: -0.5 | BB17: - | BC17: -572.3 | BD17: - | BE17: - | BF17: -2.2 | BG17: -8.4 | BH17: 2583.5 | BI17: - | BJ17: -3974.2 | BK17: -5695.9
B18: 열병합 | C18: CHP Plants (transf.) | D18: - | E18: - | F18: - | G18: -3871.6 | H18: - | I18: - | J18: - | K18: - | L18: - | M18: - | N18: - | O18: - | P18: - | Q18: -8156.3 | R18: -646.7 | S18: - | T18: - | U18: - | V18: - | W18: -629.8 | X18: -72.3 | Y18: - | Z18: - | AA18: - | AB18: - | AC18: - | AD18: -4.8 | AE18: 0 | AF18: - | AG18: - | AH18: -155.7 | AI18: - | AJ18: - | AK18: - | AL18: - | AM18: - | AN18: -349.6 | AO18: -502.5 | AP18: -25.3 | AQ18: -83.3 | AR18: -242.6 | AS18: -959.4 | AT18: -1.8 | AU18: - | AV18: - | AW18: - | AX18: - | AY18: - | AZ18: - | BA18: - | BB18: - | BC18: - | BD18: - | BE18: - | BF18: - | BG18: - | BH18: 5456.6 | BI18: 6788.7 | BJ18: -3456.4 | BK18: -1942.2
B19: 열병합_사업 | C19: Main activity producer CHP plants (transf.) | D19: - | E19: - | F19: - | G19: - | H19: - | I19: - | J19: - | K19: - | L19: - | M19: - | N19: - | O19: - | P19: - | Q19: -7447.8 | R19: -435.7 | S19: - | T19: - | U19: - | V19: - | W19: - | X19: -10.2 | Y19: - | Z19: - | AA19: - | AB19: - | AC19: - | AD19: -0.5 | AE19: 0 | AF19: - | AG19: - | AH19: -54 | AI19: - | AJ19: - | AK19: - | AL19: - | AM19: - | AN19: - | AO19: - | AP19: -22.5 | AQ19: -63.7 | AR19: -3.8 | AS19: -60.5 | AT19: -0.3 | AU19: - | AV19: - | AW19: - | AX19: - | AY19: - | AZ19: - | BA19: - | BB19: - | BC19: - | BD19: - | BE19: - | BF19: - | BG19: - | BH19: 3452.8 | BI19: 3064.9 | BJ19: -1581.3 | BK19: -150.8
B20: 열병합_자가 | C20: Autoproducer CHP plants (transf.) | D20: - | E20: - | F20: - | G20: -3871.6 | H20: - | I20: - | J20: - | K20: - | L20: - | M20: - | N20: - | O20: - | P20: - | Q20: -708.5 | R20: -211 | S20: - | T20: - | U20: - | V20: - | W20: -629.8 | X20: -62.1 | Y20: - | Z20: - | AA20: - | AB20: - | AC20: - | AD20: -4.3 | AE20: - | AF20: - | AG20: - | AH20: -101.7 | AI20: - | AJ20: - | AK20: - | AL20: - | AM20: - | AN20: -349.6 | AO20: -502.5 | AP20: -2.8 | AQ20: -19.6 | AR20: -238.8 | AS20: -898.9 | AT20: -1.5 | AU20: - | AV20: - | AW20: - | AX20: - | AY20: - | AZ20: - | BA20: - | BB20: - | BC20: - | BD20: - | BE20: - | BF20: - | BG20: - | BH20: 2003.8 | BI20: 3723.8 | BJ20: -1875.1 | BK20: -1791.4
B21: 열전용 | C21: Heat Plants (transf.) | D21: - | E21: - | F21: - | G21: - | H21: - | I21: - | J21: - | K21: - | L21: - | M21: - | N21: - | O21: - | P21: - | Q21: -23.3 | R21: -148.9 | S21: - | T21: - | U21: - | V21: - | W21: - | X21: -65.6 | Y21: - | Z21: - | AA21: - | AB21: - | AC21: - | AD21: -1.5 | AE21: -0.5 | AF21: - | AG21: - | AH21: -154.6 | AI21: - | AJ21: - | AK21: - | AL21: - | AM21: - | AN21: - | AO21: -9.5 | AP21: -148.1 | AQ21: - | AR21: -35.9 | AS21: -33.8 | AT21: -3.2 | AU21: -17.3 | AV21: - | AW21: - | AX21: - | AY21: - | AZ21: - | BA21: - | BB21: - | BC21: - | BD21: - | BE21: - | BF21: - | BG21: - | BH21: - | BI21: 372.9 | BJ21: -269 | BK21: -238.2
B22: 열전용_사업 | C22: Main activity producer heat plants (transf.) | D22: - | E22: - | F22: - | G22: - | H22: - | I22: - | J22: - | K22: - | L22: - | M22: - | N22: - | O22: - | P22: - | Q22: -23.3 | R22: -146.2 | S22: - | T22: - | U22: - | V22: - | W22: - | X22: -60 | Y22: - | Z22: - | AA22: - | AB22: - | AC22: - | AD22: -1.5 | AE22: - | AF22: - | AG22: - | AH22: -153.1 | AI22: - | AJ22: - | AK22: - | AL22: - | AM22: - | AN22: - | AO22: - | AP22: - | AQ22: - | AR22: - | AS22: - | AT22: -3.2 | AU22: -17.3 | AV22: - | AW22: - | AX22: - | AY22: - | AZ22: - | BA22: - | BB22: - | BC22: - | BD22: - | BE22: - | BF22: - | BG22: - | BH22: - | BI22: 218 | BJ22: -186.5 | BK22: -20.4
B23: 열전용_자가 | C23: Autoproducer heat plants (transf.) | D23: - | E23: - | F23: - | G23: - | H23: - | I23: - | J23: - | K23: - | L23: - | M23: - | N23: - | O23: - | P23: - | Q23: - | R23: -2.7 | S23: - | T23: - | U23: - | V23: - | W23: - | X23: -5.6 | Y23: - | Z23: - | AA23: - | AB23: - | AC23: - | AD23: - | AE23: -0.5 | AF23: - | AG23: - | AH23: -1.4 | AI23: - | AJ23: - | AK23: - | AL23: - | AM23: - | AN23: - | AO23: -9.5 | AP23: -148.1 | AQ23: - | AR23: -35.9 | AS23: -33.8 | AT23: - | AU23: - | AV23: - | AW23: - | AX23: - | AY23: - | AZ23: - | BA23: - | BB23: - | BC23: - | BD23: - | BE23: - | BF23: - | BG23: - | BH23: - | BI23: 154.9 | BJ23: -82.5 | BK23: -217.7
B24: 화학반응열 | C24: Chemical Heat for Electricity Production (transf.) | D24: - | E24: - | F24: - | G24: - | H24: - | I24: - | J24: - | K24: - | L24: - | M24: - | N24: - | O24: - | P24: - | Q24: - | R24: - | S24: - | T24: - | U24: - | V24: - | W24: - | X24: - | Y24: - | Z24: - | AA24: - | AB24: - | AC24: - | AD24: - | AE24: - | AF24: - | AG24: - | AH24: - | AI24: - | AJ24: - | AK24: - | AL24: - | AM24: - | AN24: - | AO24: - | AP24: - | AQ24: - | AR24: - | AS24: - | AT24: - | AU24: - | AV24: - | AW24: - | AX24: - | AY24: - | AZ24: - | BA24: - | BB24: - | BC24: - | BD24: - | BE24: - | BF24: - | BG24: - | BH24: 14.6 | BI24: -38.8 | BJ24: -24.3 | BK24: -
A25: iron and steel 241 | B25: 코크스로 | C25: Coke Ovens (transf.) | D25: - | E25: - | F25: -16286.9 | G25: - | H25: - | I25: - | J25: - | K25: - | L25: 10870.2 | M25: 524.6 | N25: 3410.2 | O25: - | P25: - | Q25: - | R25: - | S25: - | T25: - | U25: - | V25: - | W25: - | X25: - | Y25: - | Z25: - | AA25: - | AB25: - | AC25: - | AD25: - | AE25: - | AF25: - | AG25: - | AH25: - | AI25: - | AJ25: - | AK25: - | AL25: - | AM25: - | AN25: - | AO25: - | AP25: - | AQ25: - | AR25: - | AS25: - | AT25: - | AU25: - | AV25: - | AW25: - | AX25: - | AY25: - | AZ25: - | BA25: - | BB25: - | BC25: - | BD25: - | BE25: - | BF25: - | BG25: - | BH25: - | BI25: - | BJ25: -1482 | BK25: -
A26: iron and steel 241 | B26: 고로 | C26: Blast Furnace (transf.) | D26: - | E26: - | F26: -980 | G26: -4686.8 | H26: - | I26: - | J26: - | K26: - | L26: -10191.6 | M26: - | N26: - | O26: 5234 | P26: 1299.8 | Q26: - | R26: - | S26: - | T26: - | U26: - | V26: - | W26: - | X26: - | Y26: - | Z26: - | AA26: - | AB26: - | AC26: - | AD26: - | AE26: - | AF26: - | AG26: - | AH26: - | AI26: - | AJ26: - | AK26: - | AL26: - | AM26: - | AN26: - | AO26: - | AP26: - | AQ26: - | AR26: - | AS26: - | AT26: - | AU26: - | AV26: - | AW26: - | AX26: - | AY26: - | AZ26: - | BA26: - | BB26: - | BC26: - | BD26: - | BE26: - | BF26: - | BG26: - | BH26: - | BI26: - | BJ26: -9324.6 | BK26: -
B27: 연탄제조 | C27: Patent Fuel Plants (transf.) | D27: -232.4 | E27: -8.6 | F27: - | G27: - | H27: - | I27: - | J27: - | K27: 233.8 | L27: - | M27: - | N27: - | O27: - | P27: - | Q27: - | R27: - | S27: - | T27: - | U27: - | V27: - | W27: - | X27: - | Y27: - | Z27: - | AA27: - | AB27: - | AC27: - | AD27: - | AE27: - | AF27: - | AG27: - | AH27: - | AI27: - | AJ27: - | AK27: - | AL27: - | AM27: - | AN27: - | AO27: - | AP27: - | AQ27: - | AR27: - | AS27: - | AT27: - | AU27: - | AV27: - | AW27: - | AX27: - | AY27: - | AZ27: - | BA27: - | BB27: - | BC27: - | BD27: - | BE27: - | BF27: - | BG27: - | BH27: - | BI27: - | BJ27: -7.2 | BK27: -
A28: refined petroleum and coke 19 | B28: 석유정제 | C28: Oil Refineries (transf.) | D28: - | E28: - | F28: - | G28: - | H28: - | I28: - | J28: - | K28: - | L28: - | M28: - | N28: - | O28: - | P28: - | Q28: - | R28: - | S28: -143779.9 | T28: -35730.1 | U28: 0.2 | V28: 151.7 | W28: 3771.5 | X28: 1262.2 | Y28: 2195.2 | Z28: 18799.7 | AA28: - | AB28: - | AC28: 15607.6 | AD28: 6189.6 | AE28: 50498.1 | AF28: 241.3 | AG28: 12.9 | AH28: 11914.2 | AI28: 36322.5 | AJ28: 808 | AK28: 3460 | AL28: 4145.3 | AM28: 22.5 | AN28: 556 | AO28: 4321 | AP28: - | AQ28: - | AR28: - | AS28: - | AT28: - | AU28: - | AV28: - | AW28: - | AX28: - | AY28: - | AZ28: - | BA28: - | BB28: - | BC28: - | BD28: - | BE28: - | BF28: - | BG28: - | BH28: - | BI28: - | BJ28: -19230.5 | BK28: -
B29: 석유화학 | C29: Petrochemical Plants (transf.) | D29: - | E29: - | F29: - | G29: - | H29: - | I29: - | J29: - | K29: - | L29: - | M29: - | N29: - | O29: - | P29: - | Q29: - | R29: - | S29: - | T29: 15446.4 | U29: - | V29: -146.2 | W29: -21.8 | X29: -870.1 | Y29: -161.1 | Z29: - | AA29: - | AB29: - | AC29: - | AD29: - | AE29: - | AF29: - | AG29: - | AH29: - | AI29: -8756.9 | AJ29: - | AK29: - | AL29: - | AM29: - | AN29: - | AO29: - | AP29: - | AQ29: - | AR29: - | AS29: - | AT29: - | AU29: - | AV29: - | AW29: - | AX29: - | AY29: - | AZ29: - | BA29: - | BB29: - | BC29: - | BD29: - | BE29: - | BF29: - | BG29: - | BH29: - | BI29: - | BJ29: 5490.1 | BK29: -
A30: energy pipelines and gas processing 352T353 | B30: 가스제조 | C30: Gas Manufacturing (transf.) | D30: - | E30: - | F30: - | G30: - | H30: - | I30: - | J30: - | K30: - | L30: - | M30: - | N30: - | O30: - | P30: - | Q30: -23567.1 | R30: 23591.8 | S30: - | T30: - | U30: - | V30: - | W30: - | X30: -24.7 | Y30: - | Z30: - | AA30: - | AB30: - | AC30: - | AD30: - | AE30: - | AF30: - | AG30: - | AH30: - | AI30: - | AJ30: - | AK30: - | AL30: - | AM30: - | AN30: - | AO30: - | AP30: - | AQ30: - | AR30: - | AS30: - | AT30: - | AU30: - | AV30: - | AW30: - | AX30: - | AY30: - | AZ30: - | BA30: - | BB30: - | BC30: - | BD30: - | BE30: - | BF30: - | BG30: - | BH30: - | BI30: - | BJ30: 0 | BK30: -
B31: 석탄합성가스제조 | C31: Coal-to-Gas plants (transf.) | D31: - | E31: - | F31: - | G31: -385.9 | H31: - | I31: - | J31: - | K31: - | L31: - | M31: - | N31: - | O31: - | P31: 506.4 | Q31: - | R31: - | S31: - | T31: - | U31: - | V31: - | W31: - | X31: - | Y31: - | Z31: - | AA31: - | AB31: - | AC31: - | AD31: - | AE31: - | AF31: - | AG31: - | AH31: - | AI31: - | AJ31: - | AK31: - | AL31: - | AM31: - | AN31: - | AO31: - | AP31: - | AQ31: - | AR31: - | AS31: - | AT31: - | AU31: - | AV31: - | AW31: - | AX31: - | AY31: - | AZ31: - | BA31: - | BB31: - | BC31: - | BD31: - | BE31: - | BF31: - | BG31: - | BH31: - | BI31: - | BJ31: 120.5 | BK31: 1012.8
B32: 기타전환 | C32: Non-specified Transformation (transf.) | D32: - | E32: - | F32: - | G32: - | H32: - | I32: - | J32: - | K32: - | L32: - | M32: - | N32: - | O32: - | P32: - | Q32: - | R32: -303.1 | S32: - | T32: - | U32: - | V32: - | W32: - | X32: - | Y32: - | Z32: - | AA32: - | AB32: - | AC32: - | AD32: - | AE32: - | AF32: - | AG32: - | AH32: - | AI32: - | AJ32: - | AK32: - | AL32: - | AM32: - | AN32: - | AO32: - | AP32: - | AQ32: - | AR32: - | AS32: - | AT32: - | AU32: - | AV32: - | AW32: - | AX32: - | AY32: - | AZ32: - | BA32: - | BB32: - | BC32: - | BD32: - | BE32: - | BF32: - | BG32: 750.8 | BH32: - | BI32: - | BJ32: 447.8 | BK32: 750.8
B33: 에너지산업자체소비 | C33: Energy Industry Own Use | D33: - | E33: - | F33: - | G33: - | H33: - | I33: - | J33: - | K33: - | L33: - | M33: - | N33: -917.3 | O33: -2237.9 | P33: -38.1 | Q33: -1213.9 | R33: -467.9 | S33: - | T33: -2 | U33: - | V33: - | W33: -2660.6 | X33: -284 | Y33: -12.2 | Z33: -0.3 | AA33: - | AB33: - | AC33: - | AD33: -2.3 | AE33: -26.3 | AF33: -0.1 | AG33: - | AH33: -262.2 | AI33: - | AJ33: - | AK33: - | AL33: - | AM33: - | AN33: - | AO33: - | AP33: - | AQ33: - | AR33: - | AS33: - | AT33: - | AU33: - | AV33: - | AW33: - | AX33: - | AY33: - | AZ33: - | BA33: - | BB33: - | BC33: - | BD33: - | BE33: - | BF33: - | BG33: - | BH33: -3136.1 | BI33: -173.4 | BJ33: -11434.7 | BK33: -5853.9
A34: coal mining 05 | B34: 석탄광업 | C34: Coal Mining (energy) | D34: - | E34: - | F34: - | G34: - | H34: - | I34: - | J34: - | K34: - | L34: - | M34: - | N34: - | O34: - | P34: - | Q34: - | R34: - | S34: - | T34: - | U34: - | V34: - | W34: - | X34: - | Y34: - | Z34: -0.1 | AA34: - | AB34: - | AC34: - | AD34: -0.3 | AE34: -16.4 | AF34: - | AG34: - | AH34: -0.2 | AI34: - | AJ34: - | AK34: - | AL34: - | AM34: - | AN34: - | AO34: - | AP34: - | AQ34: - | AR34: - | AS34: - | AT34: - | AU34: - | AV34: - | AW34: - | AX34: - | AY34: - | AZ34: - | BA34: - | BB34: - | BC34: - | BD34: - | BE34: - | BF34: - | BG34: - | BH34: - | BI34: - | BJ34: -17 | BK34: -
A35: oil and gas extraction 06 | B35: 원유및천연가스채굴 | C35: Oil & Gas Extraction (energy) | D35: - | E35: - | F35: - | G35: - | H35: - | I35: - | J35: - | K35: - | L35: - | M35: - | N35: - | O35: - | P35: - | Q35: - | R35: - | S35: - | T35: - | U35: - | V35: - | W35: - | X35: -3.7 | Y35: 0 | Z35: - | AA35: - | AB35: - | AC35: - | AD35: - | AE35: - | AF35: - | AG35: - | AH35: - | AI35: - | AJ35: - | AK35: - | AL35: - | AM35: - | AN35: - | AO35: - | AP35: - | AQ35: - | AR35: - | AS35: - | AT35: - | AU35: - | AV35: - | AW35: - | AX35: - | AY35: - | AZ35: - | BA35: - | BB35: - | BC35: - | BD35: - | BE35: - | BF35: - | BG35: - | BH35: - | BI35: - | BJ35: -3.7 | BK35: -
B36: 발전및열생산_자체소비 | C36: Electricity, CHP and heat plants (energy) | D36: - | E36: - | F36: - | G36: - | H36: - | I36: - | J36: - | K36: - | L36: - | M36: - | N36: - | O36: - | P36: - | Q36: - | R36: - | S36: - | T36: - | U36: - | V36: - | W36: - | X36: - | Y36: - | Z36: - | AA36: - | AB36: - | AC36: - | AD36: - | AE36: - | AF36: - | AG36: - | AH36: - | AI36: - | AJ36: - | AK36: - | AL36: - | AM36: - | AN36: - | AO36: - | AP36: - | AQ36: - | AR36: - | AS36: - | AT36: - | AU36: - | AV36: - | AW36: - | AX36: - | AY36: - | AZ36: - | BA36: - | BB36: - | BC36: - | BD36: - | BE36: - | BF36: - | BG36: - | BH36: -1817.6 | BI36: - | BJ36: -1817.6 | BK36: -
B37: 양수투입 | C37: Used for Pumped Storage (energy) | D37: - | E37: - | F37: - | G37: - | H37: - | I37: - | J37: - | K37: - | L37: - | M37: - | N37: - | O37: - | P37: - | Q37: - | R37: - | S37: - | T37: - | U37: - | V37: - | W37: - | X37: - | Y37: - | Z37: - | AA37: - | AB37: - | AC37: - | AD37: - | AE37: - | AF37: - | AG37: - | AH37: - | AI37: - | AJ37: - | AK37: - | AL37: - | AM37: - | AN37: - | AO37: - | AP37: - | AQ37: - | AR37: - | AS37: - | AT37: - | AU37: - | AV37: - | AW37: - | AX37: - | AY37: - | AZ37: - | BA37: - | BB37: - | BC37: - | BD37: - | BE37: - | BF37: - | BG37: - | BH37: -92.9 | BI37: - | BJ37: -92.9 | BK37: -
B38: 코크스로_자체소비 | C38: Coke Ovens (energy) | D38: - | E38: - | F38: - | G38: - | H38: - | I38: - | J38: - | K38: - | L38: - | M38: - | N38: -318.5 | O38: -1083.7 | P38: -17.7 | Q38: - | R38: - | S38: - | T38: - | U38: - | V38: - | W38: - | X38: - | Y38: - | Z38: - | AA38: - | AB38: - | AC38: - | AD38: - | AE38: - | AF38: - | AG38: - | AH38: - | AI38: - | AJ38: - | AK38: - | AL38: - | AM38: - | AN38: - | AO38: - | AP38: - | AQ38: - | AR38: - | AS38: - | AT38: - | AU38: - | AV38: - | AW38: - | AX38: - | AY38: - | AZ38: - | BA38: - | BB38: - | BC38: - | BD38: - | BE38: - | BF38: - | BG38: - | BH38: - | BI38: - | BJ38: -1419.9 | BK38: -1419.9
B39: 고로_자체소비 | C39: Blast Furnace (energy) | D39: - | E39: - | F39: - | G39: - | H39: - | I39: - | J39: - | K39: - | L39: - | M39: - | N39: -598.9 | O39: -1154.2 | P39: -20.4 | Q39: - | R39: - | S39: - | T39: - | U39: - | V39: - | W39: - | X39: - | Y39: - | Z39: - | AA39: - | AB39: - | AC39: - | AD39: - | AE39: - | AF39: - | AG39: - | AH39: - | AI39: - | AJ39: - | AK39: - | AL39: - | AM39: - | AN39: - | AO39: - | AP39: - | AQ39: - | AR39: - | AS39: - | AT39: - | AU39: - | AV39: - | AW39: - | AX39: - | AY39: - | AZ39: - | BA39: - | BB39: - | BC39: - | BD39: - | BE39: - | BF39: - | BG39: - | BH39: - | BI39: - | BJ39: -1773.4 | BK39: -1773.4
B40: 연탄제조_자체소비 | C40: Patent Fuel Plants (energy) | D40: - | E40: - | F40: - | G40: - | H40: - | I40: - | J40: - | K40: - | L40: - | M40: - | N40: - | O40: - | P40: - | Q40: - | R40: - | S40: - | T40: - | U40: - | V40: - | W40: - | X40: - | Y40: - | Z40: - | AA40: - | AB40: - | AC40: - | AD40: - | AE40: - | AF40: - | AG40: - | AH40: - | AI40: - | AJ40: - | AK40: - | AL40: - | AM40: - | AN40: - | AO40: - | AP40: - | AQ40: - | AR40: - | AS40: - | AT40: - | AU40: - | AV40: - | AW40: - | AX40: - | AY40: - | AZ40: - | BA40: - | BB40: - | BC40: - | BD40: - | BE40: - | BF40: - | BG40: - | BH40: - | BI40: - | BJ40: - | BK40: -
A41: chemicals 20, rubber and plastic products 22 | B41: 석유정제_자체소비 | C41: Oil Refinery (energy) | D41: - | E41: - | F41: - | G41: - | H41: - | I41: - | J41: - | K41: - | L41: - | M41: - | N41: - | O41: - | P41: - | Q41: -1135.1 | R41: -467.9 | S41: - | T41: -2 | U41: - | V41: - | W41: -2650.5 | X41: -139.3 | Y41: -0.1 | Z41: -0.2 | AA41: - | AB41: - | AC41: - | AD41: -0.5 | AE41: -1.8 | AF41: -0.1 | AG41: - | AH41: -252.8 | AI41: - | AJ41: - | AK41: - | AL41: - | AM41: - | AN41: - | AO41: - | AP41: - | AQ41: - | AR41: - | AS41: - | AT41: - | AU41: - | AV41: - | AW41: - | AX41: - | AY41: - | AZ41: - | BA41: - | BB41: - | BC41: - | BD41: - | BE41: - | BF41: - | BG41: - | BH41: -1219 | BI41: -173.4 | BJ41: -6042.8 | BK41: -2650.5
A42: energy pipelines and gas processing 352T353 | B42: 가스제조_자체소비 | C42: Gas Manufacturing (energy) | D42: - | E42: - | F42: - | G42: - | H42: - | I42: - | J42: - | K42: - | L42: - | M42: - | N42: - | O42: - | P42: - | Q42: -78.8 | R42: - | S42: - | T42: - | U42: - | V42: - | W42: -10.1 | X42: -68.5 | Y42: -7.7 | Z42: 0 | AA42: - | AB42: - | AC42: - | AD42: - | AE42: -4.5 | AF42: - | AG42: - | AH42: - | AI42: - | AJ42: - | AK42: - | AL42: - | AM42: - | AN42: - | AO42: - | AP42: - | AQ42: - | AR42: - | AS42: - | AT42: - | AU42: - | AV42: - | AW42: - | AX42: - | AY42: - | AZ42: - | BA42: - | BB42: - | BC42: - | BD42: - | BE42: - | BF42: - | BG42: - | BH42: - | BI42: - | BJ42: -169.6 | BK42: -10.1
B43: 석탄합성가스제조_자체소비 | C43: Coal-to-Gas plants (energy) | D43: - | E43: - | F43: - | G43: - | H43: - | I43: - | J43: - | K43: - | L43: - | M43: - | N43: - | O43: - | P43: - | Q43: - | R43: - | S43: - | T43: - | U43: - | V43: - | W43: - | X43: - | Y43: - | Z43: - | AA43: - | AB43: - | AC43: - | AD43: - | AE43: - | AF43: - | AG43: - | AH43: - | AI43: - | AJ43: - | AK43: - | AL43: - | AM43: - | AN43: - | AO43: - | AP43: - | AQ43: - | AR43: - | AS43: - | AT43: - | AU43: - | AV43: - | AW43: - | AX43: - | AY43: - | AZ43: - | BA43: - | BB43: - | BC43: - | BD43: - | BE43: - | BF43: - | BG43: - | BH43: - | BI43: - | BJ43: - | BK43: -
B44: 기타전환_자체소비 | C44: Non-specified Energy Industry (energy) | D44: - | E44: - | F44: - | G44: - | H44: - | I44: - | J44: - | K44: - | L44: - | M44: - | N44: - | O44: - | P44: - | Q44: - | R44: - | S44: - | T44: - | U44: - | V44: - | W44: - | X44: -72.5 | Y44: -4.4 | Z44: - | AA44: - | AB44: - | AC44: - | AD44: -1.4 | AE44: -3.6 | AF44: 0 | AG44: - | AH44: -9.3 | AI44: - | AJ44: - | AK44: - | AL44: - | AM44: - | AN44: - | AO44: - | AP44: - | AQ44: - | AR44: - | AS44: - | AT44: - | AU44: - | AV44: - | AW44: - | AX44: - | AY44: - | AZ44: - | BA44: - | BB44: - | BC44: - | BD44: - | BE44: - | BF44: - | BG44: - | BH44: -6.5 | BI44: - | BJ44: -97.8 | BK44: -
B45: 손실 | C45: Losses | D45: - | E45: - | F45: - | G45: - | H45: - | I45: - | J45: - | K45: - | L45: - | M45: - | N45: - | O45: - | P45: - | Q45: 7.6 | R45: - | S45: - | T45: - | U45: - | V45: - | W45: - | X45: - | Y45: - | Z45: - | AA45: - | AB45: - | AC45: - | AD45: - | AE45: - | AF45: - | AG45: - | AH45: - | AI45: - | AJ45: - | AK45: - | AL45: - | AM45: - | AN45: - | AO45: - | AP45: - | AQ45: - | AR45: - | AS45: - | AT45: - | AU45: - | AV45: - | AW45: - | AX45: - | AY45: - | AZ45: - | BA45: - | BB45: - | BC45: - | BD45: - | BE45: - | BF45: - | BG45: - | BH45: -1723.1 | BI45: -767.2 | BJ45: -2482.7 | BK45: -
B46: 최종소비 | C46: Total Final Consumption | D46: - | E46: 2883.2 | F46: - | G46: 3298.7 | H46: - | I46: 0 | J46: 24.9 | K46: 234.1 | L46: 751.8 | M46: 524.6 | N46: 1788.9 | O46: 44.1 | P46: 148.8 | Q46: 1740.6 | R46: 22408.5 | S46: - | T46: - | U46: - | V46: - | W46: 237 | X46: 6727.4 | Y46: 4162 | Z46: 10053 | AA46: 2.4 | AB46: - | AC46: 1078 | AD46: 2341.5 | AE46: 22237.8 | AF46: 197.9 | AG46: 31.2 | AH46: 750.5 | AI46: 40919.2 | AJ46: 268.1 | AK46: 697.3 | AL46: 1606.3 | AM46: 19.6 | AN46: 210.8 | AO46: 2051 | AP46: 1654.3 | AQ46: 878.7 | AR46: 365.4 | AS46: 785.7 | AT46: 54.6 | AU46: 6.6 | AV46: - | AW46: 695.1 | AX46: - | AY46: - | AZ46: - | BA46: - | BB46: 241 | BC46: - | BD46: 26.4 | BE46: - | BF46: - | BG46: - | BH46: 45625.4 | BI46: 6255.2 | BJ46: 184027.4 | BK46: 6926.5
B47: 최종에너지소비 | C47: Final Energy Consumption | D47: - | E47: 2883.2 | F47: - | G47: 3298.7 | H47: - | I47: 0 | J47: - | K47: 234.1 | L47: 751.8 | M47: - | N47: 1788.9 | O47: 44.1 | P47: 148.8 | Q47: 713.7 | R47: 22408.5 | S47: - | T47: - | U47: - | V47: - | W47: 237 | X47: 2672.7 | Y47: 3414.4 | Z47: 10053 | AA47: 2.4 | AB47: - | AC47: 1078 | AD47: 2341.5 | AE47: 22237.8 | AF47: 197.9 | AG47: 31.2 | AH47: 750.5 | AI47: - | AJ47: - | AK47: - | AL47: - | AM47: - | AN47: - | AO47: - | AP47: 1654.3 | AQ47: 878.7 | AR47: 365.4 | AS47: 785.7 | AT47: 54.6 | AU47: 6.6 | AV47: - | AW47: 695.1 | AX47: - | AY47: - | AZ47: - | BA47: - | BB47: 241 | BC47: - | BD47: 26.4 | BE47: - | BF47: - | BG47: - | BH47: 45625.4 | BI47: 6255.2 | BJ47: 131876.5 | BK47: 6926.5
B48: 산업 | C48: Industry | D48: - | E48: 2883.2 | F48: - | G48: 3298.7 | H48: - | I48: 0 | J48: - | K48: 1 | L48: 751.8 | M48: - | N48: 1788.9 | O48: 44.1 | P48: 148.8 | Q48: 713.7 | R48: 7128.5 | S48: - | T48: - | U48: - | V48: - | W48: 237 | X48: 946.3 | Y48: 174.2 | Z48: 161.2 | AA48: 0 | AB48: - | AC48: 0.3 | AD48: 308.7 | AE48: 2345.3 | AF48: 96 | AG48: 22.1 | AH48: 613.5 | AI48: - | AJ48: - | AK48: - | AL48: - | AM48: - | AN48: - | AO48: - | AP48: 1567.7 | AQ48: 133.9 | AR48: 349.8 | AS48: 551.5 | AT48: 18 | AU48: 6.6 | AV48: - | AW48: - | AX48: - | AY48: - | AZ48: - | BA48: - | BB48: 35.7 | BC48: - | BD48: 1.2 | BE48: - | BF48: - | BG48: - | BH48: 24451.7 | BI48: 3597.5 | BJ48: 52376.8 | BK48: 4883.1
A49: agriculture and forestry 01T03 | B49: 농림업 | C49: Agriculture/Forestry | D49: - | E49: - | F49: - | G49: - | H49: - | I49: - | J49: - | K49: 0.6 | L49: - | M49: - | N49: - | O49: - | P49: - | Q49: - | R49: 1 | S49: - | T49: - | U49: - | V49: - | W49: - | X49: 4.7 | Y49: 0.1 | Z49: 33.8 | AA49: - | AB49: - | AC49: - | AD49: 189.6 | AE49: 261.9 | AF49: 7.1 | AG49: 3 | AH49: 2 | AI49: - | AJ49: - | AK49: - | AL49: - | AM49: - | AN49: - | AO49: - | AP49: - | AQ49: 0.6 | AR49: - | AS49: 144.5 | AT49: - | AU49: - | AV49: - | AW49: - | AX49: - | AY49: - | AZ49: - | BA49: - | BB49: 30.8 | BC49: - | BD49: - | BE49: - | BF49: - | BG49: - | BH49: 1213.5 | BI49: - | BJ49: 1893.4 | BK49: 176
A50: agriculture and forestry 01T03 | B50: 어업 | C50: Fishing | D50: - | E50: - | F50: - | G50: - | H50: - | I50: - | J50: - | K50: - | L50: - | M50: - | N50: - | O50: - | P50: - | Q50: - | R50: - | S50: - | T50: - | U50: - | V50: - | W50: - | X50: 1.2 | Y50: - | Z50: 82.7 | AA50: - | AB50: - | AC50: - | AD50: 0.2 | AE50: 936.9 | AF50: 10.1 | AG50: 8.9 | AH50: 8.1 | AI50: - | AJ50: - | AK50: - | AL50: - | AM50: - | AN50: - | AO50: - | AP50: - | AQ50: - | AR50: - | AS50: - | AT50: - | AU50: - | AV50: - | AW50: - | AX50: - | AY50: - | AZ50: - | BA50: - | BB50: - | BC50: - | BD50: - | BE50: - | BF50: - | BG50: - | BH50: 251.6 | BI50: - | BJ50: 1299.5 | BK50: -
A51: other mining and quarrying 07T08 | B51: 광업(석탄광업제외) | C51: Mining and Quarrying | D51: - | E51: - | F51: - | G51: - | H51: - | I51: - | J51: - | K51: - | L51: - | M51: - | N51: - | O51: - | P51: - | Q51: - | R51: - | S51: - | T51: - | U51: - | V51: - | W51: - | X51: 1.8 | Y51: 0 | Z51: 0 | AA51: - | AB51: - | AC51: - | AD51: 0.7 | AE51: 35.9 | AF51: 5.6 | AG51: 0 | AH51: 2.6 | AI51: - | AJ51: - | AK51: - | AL51: - | AM51: - | AN51: - | AO51: - | AP51: - | AQ51: - | AR51: - | AS51: 0.1 | AT51: - | AU51: - | AV51: - | AW51: - | AX51: - | AY51: - | AZ51: - | BA51: - | BB51: - | BC51: - | BD51: - | BE51: - | BF51: - | BG51: - | BH51: 133.5 | BI51: - | BJ51: 180.3 | BK51: 0.1
B52: 제조업 | C52: Manufacturing | D52: - | E52: 2883.2 | F52: - | G52: 3298.7 | H52: - | I52: - | J52: - | K52: 0.5 | L52: 751.8 | M52: - | N52: 1788.9 | O52: 44.1 | P52: 148.8 | Q52: 713.7 | R52: 7127.3 | S52: - | T52: - | U52: - | V52: - | W52: 237 | X52: 917.6 | Y52: 174.1 | Z52: 36 | AA52: 0 | AB52: - | AC52: 0.3 | AD52: 98.8 | AE52: 465 | AF52: 42.3 | AG52: 5.5 | AH52: 596.7 | AI52: - | AJ52: - | AK52: - | AL52: - | AM52: - | AN52: - | AO52: - | AP52: 1567.7 | AQ52: 118.3 | AR52: 349.8 | AS52: 406.7 | AT52: 18 | AU52: 6.6 | AV52: - | AW52: - | AX52: - | AY52: - | AZ52: - | BA52: - | BB52: 4.8 | BC52: - | BD52: 1.2 | BE52: - | BF52: - | BG52: - | BH52: 22853.1 | BI52: 3597.5 | BJ52: 48253.8 | BK52: 4691.8
A53: food beverage and tobacco 10T12 | B53: 식품및담배 | C53: Food and Tobacco | D53: - | E53: - | F53: - | G53: - | H53: - | I53: - | J53: - | K53: - | L53: - | M53: - | N53: - | O53: - | P53: - | Q53: - | R53: 838.4 | S53: - | T53: - | U53: - | V53: - | W53: - | X53: 21.1 | Y53: 1.2 | Z53: 0.1 | AA53: - | AB53: - | AC53: - | AD53: 9.1 | AE53: 16.2 | AF53: 1 | AG53: 0.6 | AH53: 22.4 | AI53: - | AJ53: - | AK53: - | AL53: - | AM53: - | AN53: - | AO53: - | AP53: 35.9 | AQ53: - | AR53: 3.1 | AS53: 15.9 | AT53: 8.4 | AU53: - | AV53: - | AW53: - | AX53: - | AY53: - | AZ53: - | BA53: - | BB53: - | BC53: - | BD53: - | BE53: - | BF53: - | BG53: - | BH53: 1112.8 | BI53: 118.4 | BJ53: 2204.7 | BK53: 63.3
A54: textiles apparel and leather 13T15 | B54: 섬유및가죽 | C54: Textile and Leather | D54: - | E54: - | F54: - | G54: 399.4 | H54: - | I54: - | J54: - | K54: - | L54: - | M54: - | N54: - | O54: - | P54: - | Q54: - | R54: 218.6 | S54: - | T54: - | U54: - | V54: - | W54: - | X54: 3.7 | Y54: 0.2 | Z54: 0.1 | AA54: - | AB54: - | AC54: - | AD54: 6.3 | AE54: 3.6 | AF54: 0.5 | AG54: 1.1 | AH54: 7.6 | AI54: - | AJ54: - | AK54: - | AL54: - | AM54: - | AN54: - | AO54: - | AP54: 28.1 | AQ54: 1.9 | AR54: 19.6 | AS54: 55.1 | AT54: - | AU54: 6.6 | AV54: - | AW54: - | AX54: - | AY54: - | AZ54: - | BA54: - | BB54: - | BC54: - | BD54: - | BE54: - | BF54: - | BG54: - | BH54: 782.6 | BI54: 219.4 | BJ54: 1754.4 | BK54: 111.3
A55: wood products 16 | B55: 목재및나무제품 | C55: Wood and Wood Products | D55: - | E55: - | F55: - | G55: - | H55: - | I55: - | J55: - | K55: - | L55: - | M55: - | N55: - | O55: - | P55: - | Q55: - | R55: 24.3 | S55: - | T55: - | U55: - | V55: - | W55: - | X55: 0.2 | Y55: - | Z55: 0.2 | AA55: - | AB55: - | AC55: - | AD55: 0.8 | AE55: 4 | AF55: 0.1 | AG55: 0 | AH55: 1.2 | AI55: - | AJ55: - | AK55: - | AL55: - | AM55: - | AN55: - | AO55: - | AP55: - | AQ55: - | AR55: 6.4 | AS55: 53.3 | AT55: - | AU55: - | AV55: - | AW55: - | AX55: - | AY55: - | AZ55: - | BA55: - | BB55: - | BC55: - | BD55: - | BE55: - | BF55: - | BG55: - | BH55: 146.4 | BI55: 8.1 | BJ55: 245.1 | BK55: 59.7
A56: pulp paper and printing 17T18 | B56: 제지및인쇄 | C56: Paper, Pulp and Print | D56: - | E56: - | F56: - | G56: - | H56: - | I56: - | J56: - | K56: - | L56: - | M56: - | N56: - | O56: - | P56: - | Q56: 1.2 | R56: 304.3 | S56: - | T56: - | U56: - | V56: - | W56: - | X56: 5.2 | Y56: - | Z56: 0.1 | AA56: - | AB56: - | AC56: - | AD56: 1.1 | AE56: 7.6 | AF56: 0.6 | AG56: 0.4 | AH56: 10.7 | AI56: - | AJ56: - | AK56: - | AL56: - | AM56: - | AN56: - | AO56: - | AP56: 324.8 | AQ56: 21.9 | AR56: 113.5 | AS56: 177.2 | AT56: 1.6 | AU56: - | AV56: - | AW56: - | AX56: - | AY56: - | AZ56: - | BA56: - | BB56: - | BC56: - | BD56: - | BE56: - | BF56: - | BG56: - | BH56: 808.9 | BI56: 236.2 | BJ56: 2015.4 | BK56: 639
A57: chemicals 20, rubber and plastic products 22 | B57: 화학및석유화학 | C57: Chemical and Petrochemical | D57: - | E57: - | F57: - | G57: 708.1 | H57: - | I57: - | J57: - | K57: - | L57: - | M57: - | N57: - | O57: - | P57: - | Q57: - | R57: 1686.5 | S57: - | T57: - | U57: - | V57: - | W57: 237 | X57: 139.1 | Y57: 9 | Z57: 0.2 | AA57: - | AB57: - | AC57: - | AD57: 9.8 | AE57: 8 | AF57: 11.6 | AG57: 1.7 | AH57: 152.7 | AI57: - | AJ57: - | AK57: - | AL57: - | AM57: - | AN57: - | AO57: - | AP57: 270.8 | AQ57: 36.2 | AR57: 142.2 | AS57: 20.1 | AT57: 5.7 | AU57: - | AV57: - | AW57: - | AX57: - | AY57: - | AZ57: - | BA57: - | BB57: - | BC57: - | BD57: - | BE57: - | BF57: - | BG57: - | BH57: 4905.8 | BI57: 2599.4 | BJ57: 10943.8 | BK57: 712
A58: glass and glass products 231, cement and other nonmetallic minerals 239 | B58: 비금속광물 | C58: Non-metallic Minerals | D58: - | E58: - | F58: - | G58: 2015.2 | H58: - | I58: - | J58: - | K58: - | L58: - | M58: - | N58: - | O58: - | P58: - | Q58: - | R58: 530.6 | S58: - | T58: - | U58: - | V58: - | W58: - | X58: 15 | Y58: 0 | Z58: 0.1 | AA58: - | AB58: - | AC58: - | AD58: 0.9 | AE58: 130.6 | AF58: 2.6 | AG58: 0.6 | AH58: 258.5 | AI58: - | AJ58: - | AK58: - | AL58: - | AM58: - | AN58: - | AO58: - | AP58: 730.1 | AQ58: - | AR58: - | AS58: 1.8 | AT58: - | AU58: - | AV58: - | AW58: - | AX58: - | AY58: - | AZ58: - | BA58: - | BB58: - | BC58: - | BD58: - | BE58: - | BF58: - | BG58: - | BH58: 959.3 | BI58: 0.5 | BJ58: 4645.8 | BK58: 731.9
A59: iron and steel 241 | B59: 철강 | C59: Iron and Steel | D59: - | E59: 746.7 | F59: - | G59: - | H59: - | I59: - | J59: - | K59: - | L59: 751.8 | M59: - | N59: 1788.9 | O59: 44.1 | P59: 148.8 | Q59: 437.3 | R59: 1029.9 | S59: - | T59: - | U59: - | V59: - | W59: - | X59: 60.2 | Y59: 3.6 | Z59: - | AA59: - | AB59: - | AC59: - | AD59: 0.4 | AE59: 4.6 | AF59: 0.1 | AG59: 0 | AH59: 0.7 | AI59: - | AJ59: - | AK59: - | AL59: - | AM59: - | AN59: - | AO59: - | AP59: 7.6 | AQ59: - | AR59: - | AS59: 3.8 | AT59: - | AU59: - | AV59: - | AW59: - | AX59: - | AY59: - | AZ59: - | BA59: - | BB59: - | BC59: - | BD59: - | BE59: - | BF59: - | BG59: - | BH59: 4038.5 | BI59: 5.8 | BJ59: 9072.8 | BK59: 1993.1
A60: other metals 242, metal products except machinery and vehicles 25 | B60: 비철금속 | C60: Non-ferrous Metals | D60: - | E60: 204.4 | F60: - | G60: 176 | H60: - | I60: - | J60: - | K60: - | L60: - | M60: - | N60: - | O60: - | P60: - | Q60: - | R60: 461.1 | S60: - | T60: - | U60: - | V60: - | W60: - | X60: 12.2 | Y60: 0.1 | Z60: - | AA60: - | AB60: - | AC60: - | AD60: 0.1 | AE60: 3.2 | AF60: 0.1 | AG60: 0 | AH60: 24.4 | AI60: - | AJ60: - | AK60: - | AL60: - | AM60: - | AN60: - | AO60: - | AP60: - | AQ60: - | AR60: - | AS60: - | AT60: - | AU60: - | AV60: - | AW60: - | AX60: - | AY60: - | AZ60: - | BA60: - | BB60: - | BC60: - | BD60: - | BE60: - | BF60: - | BG60: - | BH60: 898.1 | BI60: 76.6 | BJ60: 1856.4 | BK60: -
A61: computers and electronics 26, appliances and electrical equipment 27, other machinery 28 | B61: 기계류 | C61: Machinery | D61: - | E61: - | F61: - | G61: - | H61: - | I61: - | J61: - | K61: - | L61: - | M61: - | N61: - | O61: - | P61: - | Q61: - | R61: 1287.7 | S61: - | T61: - | U61: - | V61: - | W61: - | X61: 23.3 | Y61: 0.6 | Z61: 0.4 | AA61: - | AB61: - | AC61: - | AD61: 8.5 | AE61: 41.9 | AF61: 1.2 | AG61: 0.1 | AH61: 2.8 | AI61: - | AJ61: - | AK61: - | AL61: - | AM61: - | AN61: - | AO61: - | AP61: 5.6 | AQ61: - | AR61: 4.2 | AS61: 44.6 | AT61: - | AU61: - | AV61: - | AW61: - | AX61: - | AY61: - | AZ61: - | BA61: - | BB61: - | BC61: - | BD61: - | BE61: - | BF61: - | BG61: - | BH61: 7132.7 | BI61: 292.6 | BJ61: 8846 | BK61: 54.4
A62: road vehicles 29, nonroad vehicles 30 | B62: 수송장비 | C62: Transport Equipment | D62: - | E62: - | F62: - | G62: - | H62: - | I62: - | J62: - | K62: - | L62: - | M62: - | N62: - | O62: - | P62: - | Q62: 46.4 | R62: 635 | S62: - | T62: - | U62: - | V62: - | W62: - | X62: 22.4 | Y62: 1.9 | Z62: 30.1 | AA62: 0 | AB62: - | AC62: 0 | AD62: 0.6 | AE62: 92.3 | AF62: 21.7 | AG62: 0.1 | AH62: 50.9 | AI62: - | AJ62: - | AK62: - | AL62: - | AM62: - | AN62: - | AO62: - | AP62: 4.7 | AQ62: - | AR62: 12.2 | AS62: 0.2 | AT62: - | AU62: - | AV62: - | AW62: - | AX62: - | AY62: - | AZ62: - | BA62: - | BB62: - | BC62: - | BD62: - | BE62: - | BF62: - | BG62: - | BH62: 1778.2 | BI62: 40.6 | BJ62: 2737.1 | BK62: 17.1
A63: other manufacturing 31T33 | B63: 기타제조 | C63: Other Manufacturing | D63: - | E63: 1932 | F63: - | G63: - | H63: - | I63: - | J63: - | K63: 0.5 | L63: - | M63: - | N63: - | O63: - | P63: - | Q63: 228.9 | R63: 111.1 | S63: - | T63: - | U63: - | V63: - | W63: - | X63: 615.1 | Y63: 157.4 | Z63: 4.6 | AA63: - | AB63: - | AC63: 0.2 | AD63: 61.3 | AE63: 153 | AF63: 2.7 | AG63: 0.9 | AH63: 64.8 | AI63: - | AJ63: - | AK63: - | AL63: - | AM63: - | AN63: - | AO63: - | AP63: 160.2 | AQ63: 58.3 | AR63: 48.6 | AS63: 34.7 | AT63: 2.3 | AU63: - | AV63: - | AW63: - | AX63: - | AY63: - | AZ63: - | BA63: - | BB63: 4.8 | BC63: - | BD63: 1.2 | BE63: - | BF63: - | BG63: - | BH63: 289.8 | BI63: 0 | BJ63: 3932.3 | BK63: 310.1
A64: construction 41T43 | B64: 건설업 | C64: Construction | D64: - | E64: - | F64: - | G64: - | H64: - | I64: 0 | J64: - | K64: - | L64: - | M64: - | N64: - | O64: - | P64: - | Q64: - | R64: 0.1 | S64: - | T64: - | U64: - | V64: - | W64: - | X64: 21.1 | Y64: - | Z64: 8.7 | AA64: - | AB64: - | AC64: - | AD64: 19.3 | AE64: 645.6 | AF64: 31 | AG64: 4.7 | AH64: 4.1 | AI64: - | AJ64: - | AK64: - | AL64: - | AM64: - | AN64: - | AO64: - | AP64: 0 | AQ64: 15 | AR64: - | AS64: 0.2 | AT64: 0 | AU64: - | AV64: - | AW64: - | AX64: - | AY64: - | AZ64: - | BA64: - | BB64: - | BC64: - | BD64: - | BE64: - | BF64: - | BG64: - | BH64: - | BI64: - | BJ64: 749.8 | BK64: 15.2
B65: 수송 | C65: Transport | D65: - | E65: - | F65: - | G65: - | H65: - | I65: - | J65: - | K65: - | L65: - | M65: - | N65: - | O65: - | P65: - | Q65: - | R65: 1098.6 | S65: - | T65: - | U65: - | V65: - | W65: - | X65: 1.7 | Y65: 3138.6 | Z65: 9857.4 | AA65: 0.7 | AB65: - | AC65: 621 | AD65: 7 | AE65: 18864.2 | AF65: 87.1 | AG65: 6.1 | AH65: 82.6 | AI65: - | AJ65: - | AK65: - | AL65: - | AM65: - | AN65: - | AO65: - | AP65: - | AQ65: - | AR65: - | AS65: - | AT65: - | AU65: - | AV65: - | AW65: 695.1 | AX65: - | AY65: - | AZ65: - | BA65: - | BB65: - | BC65: - | BD65: - | BE65: - | BF65: - | BG65: - | BH65: 285.1 | BI65: - | BJ65: 34745.1 | BK65: 695.1
B66: 철도 | C66: Rail | D66: - | E66: - | F66: - | G66: - | H66: - | I66: - | J66: - | K66: - | L66: - | M66: - | N66: - | O66: - | P66: - | Q66: - | R66: - | S66: - | T66: - | U66: - | V66: - | W66: - | X66: 0 | Y66: - | Z66: - | AA66: - | AB66: - | AC66: - | AD66: 0 | AE66: 84.1 | AF66: - | AG66: - | AH66: - | AI66: - | AJ66: - | AK66: - | AL66: - | AM66: - | AN66: - | AO66: - | AP66: - | AQ66: - | AR66: - | AS66: - | AT66: - | AU66: - | AV66: - | AW66: - | AX66: - | AY66: - | AZ66: - | BA66: - | BB66: - | BC66: - | BD66: - | BE66: - | BF66: - | BG66: - | BH66: 249.3 | BI66: - | BJ66: 333.4 | BK66: -
B67: 도로 | C67: Road | D67: - | E67: - | F67: - | G67: - | H67: - | I67: - | J67: - | K67: - | L67: - | M67: - | N67: - | O67: - | P67: - | Q67: - | R67: 1098.6 | S67: - | T67: - | U67: - | V67: - | W67: - | X67: 0.4 | Y67: 3138.6 | Z67: 9857.3 | AA67: - | AB67: - | AC67: - | AD67: 0.9 | AE67: 18621.6 | AF67: 0.2 | AG67: 0.1 | AH67: 2.1 | AI67: - | AJ67: - | AK67: - | AL67: - | AM67: - | AN67: - | AO67: - | AP67: - | AQ67: - | AR67: - | AS67: - | AT67: - | AU67: - | AV67: - | AW67: 695.1 | AX67: - | AY67: - | AZ67: - | BA67: - | BB67: - | BC67: - | BD67: - | BE67: - | BF67: - | BG67: - | BH67: 35.8 | BI67: - | BJ67: 33450.6 | BK67: 695.1
B68: 국내해운 | C68: Domestic Navigation | D68: - | E68: - | F68: - | G68: - | H68: - | I68: - | J68: - | K68: - | L68: - | M68: - | N68: - | O68: - | P68: - | Q68: - | R68: - | S68: - | T68: - | U68: - | V68: - | W68: - | X68: 1 | Y68: - | Z68: 0.1 | AA68: - | AB68: - | AC68: - | AD68: 5.8 | AE68: 156.3 | AF68: 86.9 | AG68: 6.1 | AH68: 80.4 | AI68: - | AJ68: - | AK68: - | AL68: - | AM68: - | AN68: - | AO68: - | AP68: - | AQ68: - | AR68: - | AS68: - | AT68: - | AU68: - | AV68: - | AW68: - | AX68: - | AY68: - | AZ68: - | BA68: - | BB68: - | BC68: - | BD68: - | BE68: - | BF68: - | BG68: - | BH68: - | BI68: - | BJ68: 336.5 | BK68: -
B69: 국내항공 | C69: Domestic Aviation | D69: - | E69: - | F69: - | G69: - | H69: - | I69: - | J69: - | K69: - | L69: - | M69: - | N69: - | O69: - | P69: - | Q69: - | R69: - | S69: - | T69: - | U69: - | V69: - | W69: - | X69: 0.3 | Y69: - | Z69: 0 | AA69: 0.7 | AB69: - | AC69: 621 | AD69: 0.2 | AE69: 2.4 | AF69: - | AG69: 0 | AH69: - | AI69: - | AJ69: - | AK69: - | AL69: - | AM69: - | AN69: - | AO69: - | AP69: - | AQ69: - | AR69: - | AS69: - | AT69: - | AU69: - | AV69: - | AW69: - | AX69: - | AY69: - | AZ69: - | BA69: - | BB69: - | BC69: - | BD69: - | BE69: - | BF69: - | BG69: - | BH69: - | BI69: - | BJ69: 624.7 | BK69: -
B70: 가정 | C70: Residential | D70: - | E70: - | F70: - | G70: - | H70: - | I70: - | J70: - | K70: 213 | L70: - | M70: - | N70: - | O70: - | P70: - | Q70: - | R70: 10893.6 | S70: - | T70: - | U70: - | V70: - | W70: - | X70: 555.6 | Y70: 13.8 | Z70: 0.7 | AA70: - | AB70: - | AC70: - | AD70: 1495.7 | AE70: 2.4 | AF70: 1.4 | AG70: 0.2 | AH70: 27.4 | AI70: - | AJ70: - | AK70: - | AL70: - | AM70: - | AN70: - | AO70: - | AP70: - | AQ70: - | AR70: - | AS70: 126.6 | AT70: - | AU70: - | AV70: - | AW70: - | AX70: - | AY70: - | AZ70: - | BA70: - | BB70: 39.3 | BC70: - | BD70: 11.7 | BE70: - | BF70: - | BG70: - | BH70: 6531.9 | BI70: 2259.7 | BJ70: 22173 | BK70: 177.6
B71: 상업 | C71: Commercial | D71: - | E71: - | F71: - | G71: - | H71: - | I71: - | J71: - | K71: 20 | L71: - | M71: - | N71: - | O71: - | P71: - | Q71: - | R71: 3218 | S71: - | T71: - | U71: - | V71: - | W71: - | X71: 1145.4 | Y71: 87.7 | Z71: 7.5 | AA71: 0 | AB71: - | AC71: 11.2 | AD71: 492.6 | AE71: 444.2 | AF71: 6.3 | AG71: 2.6 | AH71: 22.2 | AI71: - | AJ71: - | AK71: - | AL71: - | AM71: - | AN71: - | AO71: - | AP71: 32.4 | AQ71: 23.1 | AR71: 1.1 | AS71: 44.5 | AT71: - | AU71: - | AV71: - | AW71: - | AX71: - | AY71: - | AZ71: - | BA71: - | BB71: 3.9 | BC71: - | BD71: 1.6 | BE71: - | BF71: - | BG71: - | BH71: 11791.3 | BI71: 334.5 | BJ71: 17690.1 | BK71: 106.6
A72: water and waste 36T39 | B72: 공공 | C72: Public Services | D72: - | E72: - | F72: - | G72: - | H72: - | I72: - | J72: - | K72: 0.1 | L72: - | M72: - | N72: - | O72: - | P72: - | Q72: - | R72: 69.9 | S72: - | T72: - | U72: - | V72: - | W72: - | X72: 23.6 | Y72: 0.2 | Z72: 26.3 | AA72: 1.7 | AB72: - | AC72: 445.6 | AD72: 37.5 | AE72: 581.6 | AF72: 7.1 | AG72: 0.1 | AH72: 4.9 | AI72: - | AJ72: - | AK72: - | AL72: - | AM72: - | AN72: - | AO72: - | AP72: 54.2 | AQ72: 721.8 | AR72: 14.5 | AS72: 63.1 | AT72: 36.6 | AU72: - | AV72: - | AW72: - | AX72: - | AY72: - | AZ72: - | BA72: - | BB72: 162.2 | BC72: - | BD72: 11.8 | BE72: - | BF72: - | BG72: - | BH72: 2565.4 | BI72: 63.5 | BJ72: 4891.5 | BK72: 1064.1
B73: 최종비에너지소비 | C73: Final Non-Energy Consumption | D73: - | E73: - | F73: - | G73: - | H73: - | I73: - | J73: 24.9 | K73: - | L73: - | M73: 524.6 | N73: - | O73: - | P73: - | Q73: 1026.9 | R73: - | S73: - | T73: - | U73: - | V73: - | W73: - | X73: 4054.7 | Y73: 747.6 | Z73: - | AA73: - | AB73: - | AC73: - | AD73: - | AE73: - | AF73: - | AG73: - | AH73: - | AI73: 40919.2 | AJ73: 268.1 | AK73: 697.3 | AL73: 1606.3 | AM73: 19.6 | AN73: 210.8 | AO73: 2051 | AP73: - | AQ73: - | AR73: - | AS73: - | AT73: - | AU73: - | AV73: - | AW73: - | AX73: - | AY73: - | AZ73: - | BA73: - | BB73: - | BC73: - | BD73: - | BE73: - | BF73: - | BG73: - | BH73: - | BI73: - | BJ73: 52150.9 | BK73: -
A74: chemicals 20, rubber and plastic products 22 | B74: 비에너지_산업및에너지 | C74: Non-Energy Use in Industry & Energy | D74: - | E74: - | F74: - | G74: - | H74: - | I74: - | J74: 24.9 | K74: - | L74: - | M74: 524.6 | N74: - | O74: - | P74: - | Q74: 1026.9 | R74: - | S74: - | T74: - | U74: - | V74: - | W74: - | X74: 4054.7 | Y74: 747.6 | Z74: - | AA74: - | AB74: - | AC74: - | AD74: - | AE74: - | AF74: - | AG74: - | AH74: - | AI74: 40919.2 | AJ74: 229.5 | AK74: 697.3 | AL74: 1606.3 | AM74: 19.6 | AN74: 210.8 | AO74: 2051 | AP74: - | AQ74: - | AR74: - | AS74: - | AT74: - | AU74: - | AV74: - | AW74: - | AX74: - | AY74: - | AZ74: - | BA74: - | BB74: - | BC74: - | BD74: - | BE74: - | BF74: - | BG74: - | BH74: - | BI74: - | BJ74: 52112.3 | BK74: -
B75: 비에너지_수송 | C75: Non-Energy Use in Transport | D75: - | E75: - | F75: - | G75: - | H75: - | I75: - | J75: - | K75: - | L75: - | M75: - | N75: - | O75: - | P75: - | Q75: - | R75: - | S75: - | T75: - | U75: - | V75: - | W75: - | X75: - | Y75: - | Z75: - | AA75: - | AB75: - | AC75: - | AD75: - | AE75: - | AF75: - | AG75: - | AH75: - | AI75: - | AJ75: 0 | AK75: - | AL75: - | AM75: - | AN75: - | AO75: - | AP75: - | AQ75: - | AR75: - | AS75: - | AT75: - | AU75: - | AV75: - | AW75: - | AX75: - | AY75: - | AZ75: - | BA75: - | BB75: - | BC75: - | BD75: - | BE75: - | BF75: - | BG75: - | BH75: - | BI75: - | BJ75: 0 | BK75: -
B76: 비에너지_가정 | C76: Non-Energy Use in Residential | D76: - | E76: - | F76: - | G76: - | H76: - | I76: - | J76: - | K76: - | L76: - | M76: - | N76: - | O76: - | P76: - | Q76: - | R76: - | S76: - | T76: - | U76: - | V76: - | W76: - | X76: - | Y76: - | Z76: - | AA76: - | AB76: - | AC76: - | AD76: - | AE76: - | AF76: - | AG76: - | AH76: - | AI76: - | AJ76: - | AK76: - | AL76: - | AM76: - | AN76: - | AO76: - | AP76: - | AQ76: - | AR76: - | AS76: - | AT76: - | AU76: - | AV76: - | AW76: - | AX76: - | AY76: - | AZ76: - | BA76: - | BB76: - | BC76: - | BD76: - | BE76: - | BF76: - | BG76: - | BH76: - | BI76: - | BJ76: - | BK76: -
B77: 비에너지_상업 | C77: Non-Energy Use in Commercial | D77: - | E77: - | F77: - | G77: - | H77: - | I77: - | J77: - | K77: - | L77: - | M77: - | N77: - | O77: - | P77: - | Q77: - | R77: - | S77: - | T77: - | U77: - | V77: - | W77: - | X77: - | Y77: - | Z77: - | AA77: - | AB77: - | AC77: - | AD77: - | AE77: - | AF77: - | AG77: - | AH77: - | AI77: - | AJ77: 38.3 | AK77: - | AL77: - | AM77: - | AN77: - | AO77: - | AP77: - | AQ77: - | AR77: - | AS77: - | AT77: - | AU77: - | AV77: - | AW77: - | AX77: - | AY77: - | AZ77: - | BA77: - | BB77: - | BC77: - | BD77: - | BE77: - | BF77: - | BG77: - | BH77: - | BI77: - | BJ77: 38.3 | BK77: -
B78: 비에너지_공공 | C78: Non-Energy Use in Public Service | D78: - | E78: - | F78: - | G78: - | H78: - | I78: - | J78: - | K78: - | L78: - | M78: - | N78: - | O78: - | P78: - | Q78: - | R78: - | S78: - | T78: - | U78: - | V78: - | W78: - | X78: - | Y78: - | Z78: - | AA78: - | AB78: - | AC78: - | AD78: - | AE78: - | AF78: - | AG78: - | AH78: - | AI78: - | AJ78: 0.3 | AK78: - | AL78: - | AM78: - | AN78: - | AO78: - | AP78: - | AQ78: - | AR78: - | AS78: - | AT78: - | AU78: - | AV78: - | AW78: - | AX78: - | AY78: - | AZ78: - | BA78: - | BB78: - | BC78: - | BD78: - | BE78: - | BF78: - | BG78: - | BH78: - | BI78: - | BJ78: 0.3 | BK78: -
B79: 메모: 석유화학원료 | C79: of which in Petrochemical Feedstock | D79: - | E79: - | F79: - | G79: - | H79: - | I79: - | J79: - | K79: - | L79: - | M79: 524.6 | N79: - | O79: - | P79: - | Q79: - | R79: - | S79: - | T79: - | U79: - | V79: - | W79: - | X79: 4054.7 | Y79: 747.6 | Z79: - | AA79: - | AB79: - | AC79: - | AD79: - | AE79: - | AF79: - | AG79: - | AH79: - | AI79: 40919.2 | AJ79: - | AK79: - | AL79: - | AM79: - | AN79: - | AO79: - | AP79: - | AQ79: - | AR79: - | AS79: - | AT79: - | AU79: - | AV79: - | AW79: - | AX79: - | AY79: - | AZ79: - | BA79: - | BB79: - | BC79: - | BD79: - | BE79: - | BF79: - | BG79: - | BH79: - | BI79: - | BJ79: 46246 | BK79: -
B80: 전기생산 (GWh) | C80: Electricity Output | D80: 786.2 | E80: 1235 | F80: - | G80: 192753.9 | H80: 3922.2 | I80: - | J80: - | K80: - | L80: - | M80: - | N80: 3135.5 | O80: 12978.5 | P80: 7527.7 | Q80: 154144.9 | R80: 1231.3 | S80: - | T80: - | U80: - | V80: - | W80: 3310.8 | X80: 65.9 | Y80: - | Z80: - | AA80: - | AB80: - | AC80: - | AD80: 216.4 | AE80: 642 | AF80: - | AG80: - | AH80: 1686.2 | AI80: - | AJ80: - | AK80: - | AL80: - | AM80: - | AN80: 182 | AO80: 1730 | AP80: 314 | AQ80: 452.8 | AR80: 527.5 | AS80: 7250.3 | AT80: 179 | AU80: 180 | AV80: - | AW80: - | AX80: 1918.1 | AY80: - | AZ80: 160183.7 | BA80: 3879.4 | BB80: - | BC80: 19297.9 | BD80: - | BE80: 457.3 | BF80: 3149.8 | BG80: 3522.4 | BH80: - | BI80: 169.6 | BJ80: 587030.4 | BK80: 43505.9
B81: 발전전용발전_사업 | C81: Main activity producer electricity plants | D81: 786.2 | E81: 1235 | F81: - | G81: 180887 | H81: 3922.2 | I81: - | J81: - | K81: - | L81: - | M81: - | N81: - | O81: - | P81: 2377.4 | Q81: 107487.9 | R81: - | S81: - | T81: - | U81: - | V81: - | W81: - | X81: - | Y81: - | Z81: - | AA81: - | AB81: - | AC81: - | AD81: 4.5 | AE81: 642 | AF81: - | AG81: - | AH81: 1308 | AI81: - | AJ81: - | AK81: - | AL81: - | AM81: - | AN81: - | AO81: - | AP81: 243.4 | AQ81: 130.2 | AR81: 281.7 | AS81: 4068.7 | AT81: 144.2 | AU81: 180 | AV81: - | AW81: - | AX81: 1918.1 | AY81: - | AZ81: 160183.7 | BA81: 3877.2 | BB81: - | BC81: 16610.9 | BD81: - | BE81: 457.3 | BF81: 3139.5 | BG81: 3485.6 | BH81: - | BI81: - | BJ81: 493370.6 | BK81: 36914.1
B82: 발전전용발전_자가 | C82: Autoproducer electricity plants | D82: - | E82: - | F82: - | G82: 99.5 | H82: - | I82: - | J82: - | K82: - | L82: - | M82: - | N82: 3135.5 | O82: 12978.5 | P82: 5150.3 | Q82: 4350.7 | R82: 45.1 | S82: - | T82: - | U82: - | V82: - | W82: 1525.4 | X82: - | Y82: - | Z82: - | AA82: - | AB82: - | AC82: - | AD82: - | AE82: 0 | AF82: - | AG82: - | AH82: - | AI82: - | AJ82: - | AK82: - | AL82: - | AM82: - | AN82: - | AO82: - | AP82: 3.2 | AQ82: 0.2 | AR82: - | AS82: - | AT82: 16.6 | AU82: - | AV82: - | AW82: - | AX82: - | AY82: - | AZ82: - | BA82: 2.2 | BB82: - | BC82: 2686.9 | BD82: - | BE82: - | BF82: 10.3 | BG82: 36.7 | BH82: - | BI82: - | BJ82: 30041.2 | BK82: 2756.2
B83: 열병합발전_사업 | C83: Main activity producer CHP plants | D83: - | E83: - | F83: - | G83: - | H83: - | I83: - | J83: - | K83: - | L83: - | M83: - | N83: - | O83: - | P83: - | Q83: 38760.5 | R83: 893.5 | S83: - | T83: - | U83: - | V83: - | W83: - | X83: - | Y83: - | Z83: - | AA83: - | AB83: - | AC83: - | AD83: 174.6 | AE83: - | AF83: - | AG83: - | AH83: 95.2 | AI83: - | AJ83: - | AK83: - | AL83: - | AM83: - | AN83: - | AO83: - | AP83: 54.1 | AQ83: 98.6 | AR83: 4.2 | AS83: 67.7 | AT83: 1 | AU83: - | AV83: - | AW83: - | AX83: - | AY83: - | AZ83: - | BA83: - | BB83: - | BC83: - | BD83: - | BE83: - | BF83: - | BG83: - | BH83: - | BI83: - | BJ83: 40149.4 | BK83: 225.6
B84: 열병합발전_자가 | C84: Autoproducer CHP plants | D84: - | E84: - | F84: - | G84: 11767.4 | H84: - | I84: - | J84: - | K84: - | L84: - | M84: - | N84: - | O84: - | P84: - | Q84: 3545.9 | R84: 292.7 | S84: - | T84: - | U84: - | V84: - | W84: 1785.4 | X84: 65.9 | Y84: - | Z84: - | AA84: - | AB84: - | AC84: - | AD84: 37.4 | AE84: - | AF84: - | AG84: - | AH84: 282.9 | AI84: - | AJ84: - | AK84: - | AL84: - | AM84: - | AN84: 182 | AO84: 1730 | AP84: 13.4 | AQ84: 223.8 | AR84: 241.7 | AS84: 3113.9 | AT84: 17.2 | AU84: - | AV84: - | AW84: - | AX84: - | AY84: - | AZ84: - | BA84: - | BB84: - | BC84: - | BD84: - | BE84: - | BF84: - | BG84: - | BH84: - | BI84: - | BJ84: 23299.6 | BK84: 3610
B85: 기타발전 | C85: Other electricity output | D85: - | E85: - | F85: - | G85: - | H85: - | I85: - | J85: - | K85: - | L85: - | M85: - | N85: - | O85: - | P85: - | Q85: - | R85: - | S85: - | T85: - | U85: - | V85: - | W85: - | X85: - | Y85: - | Z85: - | AA85: - | AB85: - | AC85: - | AD85: - | AE85: - | AF85: - | AG85: - | AH85: - | AI85: - | AJ85: - | AK85: - | AL85: - | AM85: - | AN85: - | AO85: - | AP85: - | AQ85: - | AR85: - | AS85: - | AT85: - | AU85: - | AV85: - | AW85: - | AX85: - | AY85: - | AZ85: - | BA85: - | BB85: - | BC85: - | BD85: - | BE85: - | BF85: - | BG85: - | BH85: - | BI85: 169.6 | BJ85: 169.6 | BK85: -
B86: 열생산 (TJ) | C86: Heat Output | D86: - | E86: - | F86: - | G86: 77007.4 | H86: - | I86: - | J86: - | K86: - | L86: - | M86: - | N86: - | O86: - | P86: - | Q86: 71382 | R86: 17787.3 | S86: - | T86: - | U86: - | V86: - | W86: 19280.9 | X86: 1929.7 | Y86: - | Z86: - | AA86: - | AB86: - | AC86: - | AD86: 1494 | AE86: 9.8 | AF86: - | AG86: - | AH86: 5071.3 | AI86: - | AJ86: - | AK86: - | AL86: - | AM86: - | AN86: 12570.4 | AO86: 11339.5 | AP86: 3761.7 | AQ86: 3341.2 | AR86: 6777.2 | AS86: 9516.8 | AT86: 124.6 | AU86: 591.1 | AV86: - | AW86: - | AX86: - | AY86: - | AZ86: - | BA86: - | BB86: - | BC86: - | BD86: - | BE86: - | BF86: - | BG86: - | BH86: - | BI86: 60914.4 | BJ86: 302899.4 | BK86: 24112.6
B87: 열병합열생산_사업 | C87: Main activity producer CHP plants | D87: - | E87: - | F87: - | G87: - | H87: - | I87: - | J87: - | K87: - | L87: - | M87: - | N87: - | O87: - | P87: - | Q87: 65391.3 | R87: 6764.3 | S87: - | T87: - | U87: - | V87: - | W87: - | X87: - | Y87: - | Z87: - | AA87: - | AB87: - | AC87: - | AD87: 1494 | AE87: - | AF87: - | AG87: - | AH87: 401.2 | AI87: - | AJ87: - | AK87: - | AL87: - | AM87: - | AN87: - | AO87: - | AP87: 766 | AQ87: 3341.2 | AR87: 108.5 | AS87: 2162.7 | AT87: 4.5 | AU87: - | AV87: - | AW87: - | AX87: - | AY87: - | AZ87: - | BA87: - | BB87: - | BC87: - | BD87: - | BE87: - | BF87: - | BG87: - | BH87: - | BI87: 47886.6 | BJ87: 128320.2 | BK87: 6382.8
B88: 열병합열생산_자가 | C88: Autoproducer CHP plants | D88: - | E88: - | F88: - | G88: 77007.4 | H88: - | I88: - | J88: - | K88: - | L88: - | M88: - | N88: - | O88: - | P88: - | Q88: 5115.8 | R88: 5375.4 | S88: - | T88: - | U88: - | V88: - | W88: 19280.9 | X88: 1756.2 | Y88: - | Z88: - | AA88: - | AB88: - | AC88: - | AD88: - | AE88: - | AF88: - | AG88: - | AH88: 2627.8 | AI88: - | AJ88: - | AK88: - | AL88: - | AM88: - | AN88: 12570.4 | AO88: 11033.4 | AP88: - | AQ88: - | AR88: 4390 | AS88: 6781.5 | AT88: - | AU88: - | AV88: - | AW88: - | AX88: - | AY88: - | AZ88: - | BA88: - | BB88: - | BC88: - | BD88: - | BE88: - | BF88: - | BG88: - | BH88: - | BI88: 9968.6 | BJ88: 155907.3 | BK88: 11171.5
B89: 열전용열생산_사업 | C89: Main activity producer heat plants | D89: - | E89: - | F89: - | G89: - | H89: - | I89: - | J89: - | K89: - | L89: - | M89: - | N89: - | O89: - | P89: - | Q89: 874.9 | R89: 5543.7 | S89: - | T89: - | U89: - | V89: - | W89: - | X89: - | Y89: - | Z89: - | AA89: - | AB89: - | AC89: - | AD89: - | AE89: - | AF89: - | AG89: - | AH89: 1997.8 | AI89: - | AJ89: - | AK89: - | AL89: - | AM89: - | AN89: - | AO89: - | AP89: - | AQ89: - | AR89: - | AS89: - | AT89: 120.1 | AU89: 591.1 | AV89: - | AW89: - | AX89: - | AY89: - | AZ89: - | BA89: - | BB89: - | BC89: - | BD89: - | BE89: - | BF89: - | BG89: - | BH89: - | BI89: - | BJ89: 9127.6 | BK89: 711.2
B90: 열전용열생산_자가 | C90: Autoproducer heat plants | D90: - | E90: - | F90: - | G90: - | H90: - | I90: - | J90: - | K90: - | L90: - | M90: - | N90: - | O90: - | P90: - | Q90: - | R90: 104 | S90: - | T90: - | U90: - | V90: - | W90: - | X90: 173.5 | Y90: - | Z90: - | AA90: - | AB90: - | AC90: - | AD90: - | AE90: 9.8 | AF90: - | AG90: - | AH90: 44.6 | AI90: - | AJ90: - | AK90: - | AL90: - | AM90: - | AN90: - | AO90: 306.1 | AP90: 2995.7 | AQ90: - | AR90: 2278.7 | AS90: 572.6 | AT90: - | AU90: - | AV90: - | AW90: - | AX90: - | AY90: - | AZ90: - | BA90: - | BB90: - | BC90: - | BD90: - | BE90: - | BF90: - | BG90: - | BH90: - | BI90: - | BJ90: 6485.1 | BK90: 5847.1
B91: 기타열생산 | C91: Other heat output | D91: - | E91: - | F91: - | G91: - | H91: - | I91: - | J91: - | K91: - | L91: - | M91: - | N91: - | O91: - | P91: - | Q91: - | R91: - | S91: - | T91: - | U91: - | V91: - | W91: - | X91: - | Y91: - | Z91: - | AA91: - | AB91: - | AC91: - | AD91: - | AE91: - | AF91: - | AG91: - | AH91: - | AI91: - | AJ91: - | AK91: - | AL91: - | AM91: - | AN91: - | AO91: - | AP91: - | AQ91: - | AR91: - | AS91: - | AT91: - | AU91: - | AV91: - | AW91: - | AX91: - | AY91: - | AZ91: - | BA91: - | BB91: - | BC91: - | BD91: - | BE91: - | BF91: - | BG91: - | BH91: - | BI91: 3059.1 | BJ91: 3059.1 | BK91: -

Sheet 2021_KESIS
D1: COAL | E1: COAL | F1: COAL | G1: COAL | H1: COAL | I1: COAL | J1: COAL | K1: COAL | Q1: NATURAL GAS | R1: NATURAL GAS | S1: Crude Oil | T1: N/A | U1: N/A | V1: N/A | W1: LPG Propane or butane | X1: LPG Propane or butane | Y1: LPG Propane or butane | Z1: Petroleum-diesel | AA1: Petroleum-diesel | AB1: Petroleum-diesel | AC1: Petroleum-diesel | AD1: Petroleum-diesel | AE1: Petroleum-diesel | AF1: Heavy or Residual Oil | AG1: Heavy or Residual Oil | AH1: Heavy or Residual Oil | AJ1: Petroleum-diesel | AK1: Heavy or Residual Oil | AL1: Petroleum-diesel | AM1: Heavy or Residual Oil | AN1: Petroleum-diesel | AO1: Heavy or Residual Oil | AP1: BIOMASS | AQ1: BIOMASS | AR1: BIOMASS | AS1: BIOMASS | AT1: BIOMASS | AU1: BIOMASS | AV1: BIOMASS | AW1: BIOMASS | AX1: BIOMASS | AY1: Renewables - on-site generation | AZ1: Renewables - on-site generation | BA1: Renewables - on-site generation | BB1: Renewables - on-site generation | BC1: Renewables - on-site generation | BD1: Renewables - on-site generation | BE1: Renewables - on-site generation | BF1: Renewables - on-site generation | BG1: Renewables - on-site generation | BH1: Electricity | BI1: Heat
A2: (UNIT : 1,000 toe, Gross) | D2: 2021 | E2: 2021 | F2: 2021 | G2: 2021 | H2: 2021 | I2: 2021 | J2: 2021 | K2: 2021 | L2: 2021 | M2: 2021 | N2: 2021 | O2: 2021 | P2: 2021 | Q2: 2021 | R2: 2021 | S2: 2021 | T2: 2021 | U2: 2021 | V2: 2021 | W2: 2021 | X2: 2021 | Y2: 2021 | Z2: 2021 | AA2: 2021 | AB2: 2021 | AC2: 2021 | AD2: 2021 | AE2: 2021 | AF2: 2021 | AG2: 2021 | AH2: 2021 | AI2: 2021 | AJ2: 2021 | AK2: 2021 | AL2: 2021 | AM2: 2021 | AN2: 2021 | AO2: 2021 | AP2: 2021 | AQ2: 2021 | AR2: 2021 | AS2: 2021 | AT2: 2021 | AU2: 2021 | AV2: 2021 | AW2: 2021 | AX2: 2021 | AY2: 2021 | AZ2: 2021 | BA2: 2021 | BB2: 2021 | BC2: 2021 | BD2: 2021 | BE2: 2021 | BF2: 2021 | BG2: 2021 | BH2: 2021 | BI2: 2021 | BJ2: 2021 | BK2: 2021
A3: EPS Industry Category | B3: 에너지 흐름별 | C3: By energy flow | D3: 국내무연탄 | E3: 수입무연탄 | F3: 원료탄 | G3: 기타유연탄 | H3: 아역청탄 | I3: 갈탄 | J3: 토탄 | K3: 고형연료 | L3: 코크스 | M3: 콜타르 | N3: 코크스로가스 | O3: 고로가스 | P3: 기타석탄가스 | Q3: 천연가스 | R3: 도시가스 | S3: 원유 | T3: 정제원료 | U3: 첨가물 | V3: 기타탄화수소 | W3: 정제가스 | X3: 프로판 | Y3: 부탄 | Z3: 휘발유 | AA3: 항공휘발유 | AB3: 휘발유형항공유 | AC3: 등유형항공유 | AD3: 등유 | AE3: 경유 | AF3: B-A | AG3: B-B | AH3: B-C | AI3: 납사 | AJ3: 용제 | AK3: 윤활유 | AL3: 아스팔트 | AM3: 파라핀왁스 | AN3: 석유코크 | AO3: 기타석유제품 | AP3: 산업폐기물 | AQ3: 도시폐기물_재생 | AR3: 도시폐기물_비재생 | AS3: 고형바이오매스 | AT3: 바이오가스 | AU3: 매립지가스 | AV3: 바이오휘발유 | AW3: 바이오경유 | AX3: 기타바이오연료 | AY3: 목탄 | AZ3: 원자력 | BA3: 수력 | BB3: 지열 | BC3: 태양광 | BD3: 태양열 | BE3: 해양 | BF3: 풍력 | BG3: 기타에너지원 | BH3: 전기 | BI3: 열 | BJ3: 총에너지 | BK3: 메모: 신재생
B4: 국내생산 | C4: Production | D4: 424.8 | E4: - | F4: - | G4: - | H4: - | I4: - | J4: - | K4: - | L4: - | M4: - | N4: - | O4: - | P4: - | Q4: 55 | R4: - | S4: 5.2 | T4: - | U4: - | V4: - | W4: - | X4: - | Y4: - | Z4: - | AA4: - | AB4: - | AC4: - | AD4: - | AE4: - | AF4: - | AG4: - | AH4: - | AI4: - | AJ4: - | AK4: - | AL4: - | AM4: - | AN4: - | AO4: - | AP4: 2019 | AQ4: 1013.5 | AR4: 649.3 | AS4: 3080.6 | AT4: 114.3 | AU4: 81.2 | AV4: - | AW4: 704.5 | AX4: 390.3 | AY4: - | AZ4: 33657.2 | BA4: 651.2 | BB4: 255.6 | BC4: 5264.9 | BD4: 25.6 | BE4: 96.9 | BF4: 677.3 | BG4: - | BH4: - | BI4: 67.6 | BJ4: 49234 | BK4: 15024.3
B5: 수입 | C5: Imports | D5: - | E5: 3276.3 | F5: 14993.2 | G5: 56592 | H5: 1040.3 | I5: 0 | J5: 35.6 | K5: 0 | L5: 234.2 | M5: - | N5: - | O5: - | P5: - | Q5: 59987 | R5: - | S5: 140812.8 | T5: 2529.9 | U5: - | V5: - | W5: - | X5: 7426.6 | Y5: 2230.9 | Z5: 37.1 | AA5: 0.7 | AB5: - | AC5: - | AD5: 30.1 | AE5: 0 | AF5: - | AG5: - | AH5: 5896.7 | AI5: 31050.3 | AJ5: 0.3 | AK5: 150.7 | AL5: 535.7 | AM5: - | AN5: - | AO5: - | AP5: - | AQ5: - | AR5: - | AS5: - | AT5: - | AU5: - | AV5: - | AW5: - | AX5: - | AY5: - | AZ5: - | BA5: - | BB5: - | BC5: - | BD5: - | BE5: - | BF5: - | BG5: - | BH5: - | BI5: - | BJ5: 326860.3 | BK5: -
B6: 수출 | C6: Exports | D6: - | E6: -0.2 | F6: - | G6: - | H6: 0 | I6: - | J6: 0 | K6: - | L6: -216.6 | M6: - | N6: - | O6: - | P6: - | Q6: - | R6: - | S6: - | T6: -193.8 | U6: - | V6: -129 | W6: - | X6: -277.2 | Y6: -44.1 | Z6: -12214.3 | AA6: -18.7 | AB6: - | AC6: -9057 | AD6: -1098.4 | AE6: -25966.2 | AF6: -50.2 | AG6: - | AH6: -1340.2 | AI6: -3824.7 | AJ6: -172.1 | AK6: -3540.8 | AL6: -2393 | AM6: - | AN6: -4.3 | AO6: -1833.5 | AP6: - | AQ6: - | AR6: - | AS6: - | AT6: - | AU6: - | AV6: - | AW6: - | AX6: - | AY6: - | AZ6: - | BA6: - | BB6: - | BC6: - | BD6: - | BE6: - | BF6: - | BG6: - | BH6: - | BI6: - | BJ6: -62374.4 | BK6: -
B7: 국제해운벙커링 | C7: International Marine Bunkers | D7: - | E7: - | F7: - | G7: - | H7: - | I7: - | J7: - | K7: - | L7: - | M7: - | N7: - | O7: - | P7: - | Q7: -28.6 | R7: - | S7: - | T7: - | U7: - | V7: - | W7: - | X7: 0 | Y7: - | Z7: 0 | AA7: - | AB7: - | AC7: - | AD7: - | AE7: -1826.2 | AF7: -12.7 | AG7: -0.2 | AH7: -9062.9 | AI7: - | AJ7: 0 | AK7: - | AL7: - | AM7: - | AN7: - | AO7: - | AP7: - | AQ7: - | AR7: - | AS7: - | AT7: - | AU7: - | AV7: - | AW7: - | AX7: - | AY7: - | AZ7: - | BA7: - | BB7: - | BC7: - | BD7: - | BE7: - | BF7: - | BG7: - | BH7: - | BI7: - | BJ7: -10930.7 | BK7: -
B8: 국제항공벙커링 | C8: International Aviation Bunkers | D8: - | E8: - | F8: - | G8: - | H8: - | I8: - | J8: - | K8: - | L8: - | M8: - | N8: - | O8: - | P8: - | Q8: - | R8: - | S8: - | T8: - | U8: - | V8: - | W8: - | X8: - | Y8: - | Z8: - | AA8: - | AB8: - | AC8: -2745.2 | AD8: - | AE8: - | AF8: - | AG8: - | AH8: - | AI8: - | AJ8: - | AK8: - | AL8: - | AM8: - | AN8: - | AO8: - | AP8: - | AQ8: - | AR8: - | AS8: - | AT8: - | AU8: - | AV8: - | AW8: - | AX8: - | AY8: - | AZ8: - | BA8: - | BB8: - | BC8: - | BD8: - | BE8: - | BF8: - | BG8: - | BH8: - | BI8: - | BJ8: -2745.2 | BK8: -
B9: 재고변화 | C9: Stocks Changes | D9: -18 | E9: - | F9: -124.3 | G9: 580.2 | H9: - | I9: - | J9: - | K9: - | L9: -2.9 | M9: - | N9: - | O9: - | P9: - | Q9: -419.4 | R9: - | S9: 440.4 | T9: -213.3 | U9: 0.1 | V9: 12.2 | W9: 0 | X9: 54.3 | Y9: 17.3 | Z9: -67 | AA9: 0.7 | AB9: - | AC9: 158.7 | AD9: -53.5 | AE9: -90.9 | AF9: -11.7 | AG9: 0.4 | AH9: -153.7 | AI9: 291.2 | AJ9: 3 | AK9: -69.4 | AL9: -2.5 | AM9: 0 | AN9: 1.9 | AO9: -15.7 | AP9: - | AQ9: - | AR9: - | AS9: - | AT9: - | AU9: - | AV9: - | AW9: -0.6 | AX9: - | AY9: - | AZ9: - | BA9: - | BB9: - | BC9: - | BD9: - | BE9: - | BF9: - | BG9: - | BH9: - | BI9: - | BJ9: 317.8 | BK9: -0.6
B10: 일차에너지공급 | C10: Total Primary Energy Supply | D10: 406.8 | E10: 3276.1 | F10: 14868.9 | G10: 57172.3 | H10: 1040.3 | I10: 0 | J10: 35.6 | K10: 0 | L10: 14.7 | M10: - | N10: - | O10: - | P10: - | Q10: 59593.9 | R10: - | S10: 141258.4 | T10: 2122.8 | U10: 0.1 | V10: -116.8 | W10: 0 | X10: 7203.7 | Y10: 2204.2 | Z10: -12244.2 | AA10: -17.2 | AB10: - | AC10: -11643.4 | AD10: -1121.8 | AE10: -27883.3 | AF10: -74.6 | AG10: 0.2 | AH10: -4660.1 | AI10: 27516.7 | AJ10: -168.8 | AK10: -3459.5 | AL10: -1859.9 | AM10: 0 | AN10: -2.4 | AO10: -1849.2 | AP10: 2019 | AQ10: 1013.5 | AR10: 649.3 | AS10: 3080.6 | AT10: 114.3 | AU10: 81.2 | AV10: - | AW10: 703.9 | AX10: 390.3 | AY10: - | AZ10: 33657.2 | BA10: 651.2 | BB10: 255.6 | BC10: 5264.9 | BD10: 25.6 | BE10: 96.9 | BF10: 677.3 | BG10: - | BH10: - | BI10: 67.6 | BJ10: 300361.8 | BK10: 15023.7
B11: 제품이동 | C11: Transfers | D11: - | E11: - | F11: - | G11: - | H11: - | I11: - | J11: - | K11: - | L11: - | M11: - | N11: - | O11: - | P11: - | Q11: - | R11: - | S11: - | T11: 21709.2 | U11: - | V11: - | W11: -16.8 | X11: -430.9 | Y11: -134.3 | Z11: 585.1 | AA11: 19.3 | AB11: - | AC11: 315.4 | AD11: -3908.3 | AE11: 1946.3 | AF11: -7.3 | AG11: 11.6 | AH11: -5959.2 | AI11: -8314.7 | AJ11: -151.2 | AK11: -284.2 | AL11: 765.1 | AM11: -3.4 | AN11: - | AO11: -34.8 | AP11: - | AQ11: - | AR11: - | AS11: - | AT11: - | AU11: - | AV11: - | AW11: - | AX11: - | AY11: - | AZ11: - | BA11: - | BB11: - | BC11: - | BD11: - | BE11: - | BF11: - | BG11: - | BH11: - | BI11: - | BJ11: 6107 | BK11: -16.8
B12: 통계오차 | C12: Statistical Differences | D12: -5.2 | E12: 0.2 | F12: 2922.9 | G12: -1502.9 | H12: - | I12: - | J12: - | K12: - | L12: -10.9 | M12: - | N12: - | O12: - | P12: - | Q12: 195.9 | R12: 281.8 | S12: -264.2 | T12: 73.8 | U12: -0.2 | V12: 0 | W12: 217.3 | X12: 43.3 | Y12: -0.8 | Z12: 2.9 | AA12: 0 | AB12: - | AC12: 6.2 | AD12: 14.6 | AE12: -19.2 | AF12: -0.2 | AG12: 0 | AH12: 13.4 | AI12: -198.5 | AJ12: -1.6 | AK12: 37.1 | AL12: 22.8 | AM12: 0.1 | AN12: -0.1 | AO12: 2.2 | AP12: - | AQ12: - | AR12: - | AS12: - | AT12: - | AU12: 0 | AV12: - | AW12: 0 | AX12: - | AY12: - | AZ12: - | BA12: - | BB12: - | BC12: - | BD12: - | BE12: 0 | BF12: 0 | BG12: - | BH12: - | BI12: - | BJ12: 1830.9 | BK12: 217.4
B13: 일차에너지소비 | C13: Total Primary Energy Consumption | D13: 401.6 | E13: 3276.3 | F13: 17791.8 | G13: 55669.4 | H13: 1040.3 | I13: 0 | J13: 35.6 | K13: 0 | L13: 3.8 | M13: - | N13: - | O13: - | P13: - | Q13: 59789.8 | R13: 281.8 | S13: 140994.2 | T13: 23905.8 | U13: -0.1 | V13: -116.8 | W13: 200.6 | X13: 6816 | Y13: 2069 | Z13: -11656.2 | AA13: 2.1 | AB13: - | AC13: -11321.8 | AD13: -5015.5 | AE13: -25956.1 | AF13: -82.1 | AG13: 11.8 | AH13: -10606 | AI13: 19003.6 | AJ13: -321.7 | AK13: -3706.6 | AL13: -1072 | AM13: -3.3 | AN13: -2.5 | AO13: -1881.8 | AP13: 2019 | AQ13: 1013.5 | AR13: 649.3 | AS13: 3080.6 | AT13: 114.3 | AU13: 81.3 | AV13: - | AW13: 703.9 | AX13: 390.3 | AY13: - | AZ13: 33657.2 | BA13: 651.2 | BB13: 255.6 | BC13: 5264.9 | BD13: 25.6 | BE13: 96.9 | BF13: 677.3 | BG13: - | BH13: - | BI13: 67.6 | BJ13: 308299.7 | BK13: 15224.4
B14: 전환공정 | C14: Transformation Processes | D14: -401.6 | E14: -252.8 | F14: -17791.8 | G14: -51958.5 | H14: -1040.3 | I14: - | J14: - | K14: 206.5 | L14: 710 | M14: 530.2 | N14: 2810 | O14: 2385.4 | P14: 282.5 | Q14: -56824.8 | R14: 23885.3 | S14: -140994.2 | T14: -23899.8 | U14: 0.1 | V14: 116.8 | W14: 2123.1 | X14: 217.4 | Y14: 1926.2 | Z14: 22194.9 | AA14: - | AB14: - | AC14: 13472.8 | AD14: 7315.8 | AE14: 48398.6 | AF14: 240.9 | AG14: 10.2 | AH14: 11422.5 | AI14: 26339.7 | AJ14: 519 | AK14: 4925.8 | AL14: 2581.8 | AM14: 27.9 | AN14: 608.1 | AO14: 4950.8 | AP14: -232.1 | AQ14: -128.2 | AR14: -293.1 | AS14: -1844.2 | AT14: -49.4 | AU14: -75.5 | AV14: - | AW14: - | AX14: -390.3 | AY14: - | AZ14: -33657.2 | BA14: -651.2 | BB14: - | BC14: -5264.9 | BD14: - | BE14: -96.9 | BF14: -677.3 | BG14: - | BH14: 52912.9 | BI14: 7189.3 | BJ14: -98219.6 | BK14: -2102.2
B15: 발전전용 | C15: Electricity Plants (transf.) | D15: -189.2 | E15: -252.8 | F15: - | G15: -42496.1 | H15: -1040.3 | I15: - | J15: - | K15: - | L15: - | M15: - | N15: -674.7 | O15: -2996.5 | P15: -1562.9 | Q15: -22713 | R15: -9.6 | S15: - | T15: - | U15: - | V15: - | W15: -322.8 | X15: -18.2 | Y15: -0.5 | Z15: 0 | AA15: - | AB15: - | AC15: - | AD15: -162.8 | AE15: -88.5 | AF15: - | AG15: - | AH15: -291.1 | AI15: - | AJ15: - | AK15: - | AL15: - | AM15: - | AN15: - | AO15: - | AP15: -68.4 | AQ15: -39.8 | AR15: -37.4 | AS15: -998.9 | AT15: -43.5 | AU15: -40 | AV15: - | AW15: - | AX15: -390.3 | AY15: - | AZ15: -33657.2 | BA15: -651.2 | BB15: - | BC15: -5264.9 | BD15: - | BE15: -96.9 | BF15: -677.3 | BG15: -1023.1 | BH15: 47189.2 | BI15: - | BJ15: -68618.8 | BK15: -15355.3
B16: 발전전용_사업 | C16: Main activity producer electricity plants (transf.) | D16: -189.2 | E16: -252.8 | F16: - | G16: -42471.8 | H16: -1040.3 | I16: - | J16: - | K16: - | L16: - | M16: - | N16: - | O16: - | P16: -466.6 | Q16: -22126.9 | R16: - | S16: - | T16: - | U16: - | V16: - | W16: - | X16: -18.2 | Y16: -0.5 | Z16: 0 | AA16: - | AB16: - | AC16: - | AD16: -162.8 | AE16: -88.5 | AF16: - | AG16: - | AH16: -291.1 | AI16: - | AJ16: - | AK16: - | AL16: - | AM16: - | AN16: - | AO16: - | AP16: -56.1 | AQ16: -39.8 | AR16: -37.4 | AS16: -998.9 | AT16: -35.6 | AU16: -40 | AV16: - | AW16: - | AX16: -390.3 | AY16: - | AZ16: -33657.2 | BA16: -650.6 | BB16: - | BC16: -4648.2 | BD16: - | BE16: -96.9 | BF16: -675.2 | BG16: -1006.9 | BH16: 44407.4 | BI16: - | BJ16: -65034.5 | BK16: -9609.3
B17: 발전전용_자가 | C17: Autoproducer electricity plants (transf.) | D17: - | E17: - | F17: - | G17: -24.4 | H17: - | I17: - | J17: - | K17: - | L17: - | M17: - | N17: -674.7 | O17: -2996.5 | P17: -1096.3 | Q17: -586.1 | R17: -9.6 | S17: - | T17: - | U17: - | V17: - | W17: -322.8 | X17: - | Y17: - | Z17: - | AA17: - | AB17: - | AC17: - | AD17: - | AE17: 0 | AF17: - | AG17: - | AH17: - | AI17: - | AJ17: - | AK17: - | AL17: - | AM17: - | AN17: - | AO17: - | AP17: -12.3 | AQ17: 0 | AR17: - | AS17: - | AT17: -7.9 | AU17: - | AV17: - | AW17: - | AX17: - | AY17: - | AZ17: - | BA17: -0.6 | BB17: - | BC17: -616.7 | BD17: - | BE17: 0 | BF17: -2.2 | BG17: -16.2 | BH17: 2781.8 | BI17: - | BJ17: -3584.3 | BK17: -5746.1
B18: 열병합 | C18: CHP Plants (transf.) | D18: - | E18: - | F18: - | G18: -4307.7 | H18: - | I18: - | J18: - | K18: - | L18: - | M18: - | N18: - | O18: - | P18: - | Q18: -9122.2 | R18: -585.8 | S18: - | T18: - | U18: - | V18: - | W18: -1167.8 | X18: -163.7 | Y18: - | Z18: - | AA18: - | AB18: - | AC18: - | AD18: -0.3 | AE18: 0 | AF18: - | AG18: - | AH18: -123.3 | AI18: - | AJ18: - | AK18: - | AL18: - | AM18: - | AN18: - | AO18: -404.2 | AP18: -30.2 | AQ18: -88.4 | AR18: -221.9 | AS18: -835.5 | AT18: -1.8 | AU18: - | AV18: - | AW18: - | AX18: - | AY18: - | AZ18: - | BA18: - | BB18: - | BC18: - | BD18: - | BE18: - | BF18: - | BG18: - | BH18: 5708.5 | BI18: 6856.6 | BJ18: -4487.7 | BK18: -2345.6
B19: 열병합_사업 | C19: Main activity producer CHP plants (transf.) | D19: - | E19: - | F19: - | G19: - | H19: - | I19: - | J19: - | K19: - | L19: - | M19: - | N19: - | O19: - | P19: - | Q19: -8214.4 | R19: -475.8 | S19: - | T19: - | U19: - | V19: - | W19: - | X19: -31.5 | Y19: - | Z19: - | AA19: - | AB19: - | AC19: - | AD19: -0.3 | AE19: 0 | AF19: - | AG19: - | AH19: -8.1 | AI19: - | AJ19: - | AK19: - | AL19: - | AM19: - | AN19: - | AO19: - | AP19: -27.9 | AQ19: -66 | AR19: -2.6 | AS19: -75.9 | AT19: -0.7 | AU19: - | AV19: - | AW19: - | AX19: - | AY19: - | AZ19: - | BA19: - | BB19: - | BC19: - | BD19: - | BE19: - | BF19: - | BG19: - | BH19: 3755.8 | BI19: 2864.6 | BJ19: -2282.7 | BK19: -173.1
B20: 열병합_자가 | C20: Autoproducer CHP plants (transf.) | D20: - | E20: - | F20: - | G20: -4307.7 | H20: - | I20: - | J20: - | K20: - | L20: - | M20: - | N20: - | O20: - | P20: - | Q20: -907.8 | R20: -110 | S20: - | T20: - | U20: - | V20: - | W20: -1167.8 | X20: -132.3 | Y20: - | Z20: - | AA20: - | AB20: - | AC20: - | AD20: - | AE20: - | AF20: - | AG20: - | AH20: -115.3 | AI20: - | AJ20: - | AK20: - | AL20: - | AM20: - | AN20: - | AO20: -404.2 | AP20: -2.3 | AQ20: -22.4 | AR20: -219.2 | AS20: -759.6 | AT20: -1.1 | AU20: - | AV20: - | AW20: - | AX20: - | AY20: - | AZ20: - | BA20: - | BB20: - | BC20: - | BD20: - | BE20: - | BF20: - | BG20: - | BH20: 1952.6 | BI20: 3992 | BJ20: -2205 | BK20: -2172.4
B21: 열전용 | C21: Heat Plants (transf.) | D21: - | E21: - | F21: - | G21: - | H21: - | I21: - | J21: - | K21: - | L21: - | M21: - | N21: - | O21: - | P21: - | Q21: -21.4 | R21: -157.9 | S21: - | T21: - | U21: - | V21: - | W21: - | X21: -90.3 | Y21: - | Z21: - | AA21: - | AB21: - | AC21: - | AD21: -3.6 | AE21: -0.5 | AF21: - | AG21: - | AH21: -160.5 | AI21: - | AJ21: - | AK21: - | AL21: - | AM21: - | AN21: - | AO21: - | AP21: -133.5 | AQ21: - | AR21: -33.9 | AS21: -9.7 | AT21: -4.1 | AU21: -35.6 | AV21: - | AW21: - | AX21: - | AY21: - | AZ21: - | BA21: - | BB21: - | BC21: - | BD21: - | BE21: - | BF21: - | BG21: - | BH21: - | BI21: 373.2 | BJ21: -277.6 | BK21: -216.7
B22: 열전용_사업 | C22: Main activity producer heat plants (transf.) | D22: - | E22: - | F22: - | G22: - | H22: - | I22: - | J22: - | K22: - | L22: - | M22: - | N22: - | O22: - | P22: - | Q22: -21.4 | R22: -157.9 | S22: - | T22: - | U22: - | V22: - | W22: - | X22: -71.4 | Y22: - | Z22: - | AA22: - | AB22: - | AC22: - | AD22: -3.6 | AE22: - | AF22: - | AG22: - | AH22: -160.5 | AI22: - | AJ22: - | AK22: - | AL22: - | AM22: - | AN22: - | AO22: - | AP22: - | AQ22: - | AR22: - | AS22: - | AT22: -4.1 | AU22: -35.6 | AV22: - | AW22: - | AX22: - | AY22: - | AZ22: - | BA22: - | BB22: - | BC22: - | BD22: - | BE22: - | BF22: - | BG22: - | BH22: - | BI22: 225.2 | BJ22: -229.3 | BK22: -39.7
B23: 열전용_자가 | C23: Autoproducer heat plants (transf.) | D23: - | E23: - | F23: - | G23: - | H23: - | I23: - | J23: - | K23: - | L23: - | M23: - | N23: - | O23: - | P23: - | Q23: - | R23: - | S23: - | T23: - | U23: - | V23: - | W23: - | X23: -18.9 | Y23: - | Z23: - | AA23: - | AB23: - | AC23: - | AD23: - | AE23: -0.5 | AF23: - | AG23: - | AH23: - | AI23: - | AJ23: - | AK23: - | AL23: - | AM23: - | AN23: - | AO23: - | AP23: -133.5 | AQ23: - | AR23: -33.9 | AS23: -9.7 | AT23: - | AU23: - | AV23: - | AW23: - | AX23: - | AY23: - | AZ23: - | BA23: - | BB23: - | BC23: - | BD23: - | BE23: - | BF23: - | BG23: - | BH23: - | BI23: 148 | BJ23: -48.3 | BK23: -177
B24: 화학반응열 | C24: Chemical Heat for Electricity Production (transf.) | D24: - | E24: - | F24: - | G24: - | H24: - | I24: - | J24: - | K24: - | L24: - | M24: - | N24: - | O24: - | P24: - | Q24: - | R24: - | S24: - | T24: - | U24: - | V24: - | W24: - | X24: - | Y24: - | Z24: - | AA24: - | AB24: - | AC24: - | AD24: - | AE24: - | AF24: - | AG24: - | AH24: - | AI24: - | AJ24: - | AK24: - | AL24: - | AM24: - | AN24: - | AO24: - | AP24: - | AQ24: - | AR24: - | AS24: - | AT24: - | AU24: - | AV24: - | AW24: - | AX24: - | AY24: - | AZ24: - | BA24: - | BB24: - | BC24: - | BD24: - | BE24: - | BF24: - | BG24: - | BH24: 15.2 | BI24: -40.5 | BJ24: -25.3 | BK24: -
A25: iron and steel 241 | B25: 코크스로 | C25: Coke Ovens (transf.) | D25: - | E25: - | F25: -16794.1 | G25: - | H25: - | I25: - | J25: - | K25: - | L25: 10987.8 | M25: 530.2 | N25: 3484.7 | O25: - | P25: - | Q25: - | R25: - | S25: - | T25: - | U25: - | V25: - | W25: - | X25: - | Y25: - | Z25: - | AA25: - | AB25: - | AC25: - | AD25: - | AE25: - | AF25: - | AG25: - | AH25: - | AI25: - | AJ25: - | AK25: - | AL25: - | AM25: - | AN25: - | AO25: - | AP25: - | AQ25: - | AR25: - | AS25: - | AT25: - | AU25: - | AV25: - | AW25: - | AX25: - | AY25: - | AZ25: - | BA25: - | BB25: - | BC25: - | BD25: - | BE25: - | BF25: - | BG25: - | BH25: - | BI25: - | BJ25: -1791.3 | BK25: -
A26: iron and steel 241 | B26: 고로 | C26: Blast Furnace (transf.) | D26: - | E26: - | F26: -997.7 | G26: -4791.4 | H26: - | I26: - | J26: - | K26: - | L26: -10277.8 | M26: - | N26: - | O26: 5381.9 | P26: 1378.8 | Q26: - | R26: - | S26: - | T26: - | U26: - | V26: - | W26: - | X26: - | Y26: - | Z26: - | AA26: - | AB26: - | AC26: - | AD26: - | AE26: - | AF26: - | AG26: - | AH26: - | AI26: - | AJ26: - | AK26: - | AL26: - | AM26: - | AN26: - | AO26: - | AP26: - | AQ26: - | AR26: - | AS26: - | AT26: - | AU26: - | AV26: - | AW26: - | AX26: - | AY26: - | AZ26: - | BA26: - | BB26: - | BC26: - | BD26: - | BE26: - | BF26: - | BG26: - | BH26: - | BI26: - | BJ26: -9306.3 | BK26: -
B27: 연탄제조 | C27: Patent Fuel Plants (transf.) | D27: -212.4 | E27: - | F27: - | G27: - | H27: - | I27: - | J27: - | K27: 206.5 | L27: - | M27: - | N27: - | O27: - | P27: - | Q27: - | R27: - | S27: - | T27: - | U27: - | V27: - | W27: - | X27: - | Y27: - | Z27: - | AA27: - | AB27: - | AC27: - | AD27: - | AE27: - | AF27: - | AG27: - | AH27: - | AI27: - | AJ27: - | AK27: - | AL27: - | AM27: - | AN27: - | AO27: - | AP27: - | AQ27: - | AR27: - | AS27: - | AT27: - | AU27: - | AV27: - | AW27: - | AX27: - | AY27: - | AZ27: - | BA27: - | BB27: - | BC27: - | BD27: - | BE27: - | BF27: - | BG27: - | BH27: - | BI27: - | BJ27: -5.8 | BK27: -
A28: refined petroleum and coke 19 | B28: 석유정제 | C28: Oil Refineries (transf.) | D28: - | E28: - | F28: - | G28: - | H28: - | I28: - | J28: - | K28: - | L28: - | M28: - | N28: - | O28: - | P28: - | Q28: - | R28: - | S28: -140994.2 | T28: -41268.3 | U28: 0.1 | V28: 202.9 | W28: 3648.1 | X28: 1533.7 | Y28: 2083.7 | Z28: 22194.9 | AA28: - | AB28: - | AC28: 13472.8 | AD28: 7482.5 | AE28: 48487.6 | AF28: 240.9 | AG28: 10.2 | AH28: 11997.4 | AI28: 36377.5 | AJ28: 519 | AK28: 4925.8 | AL28: 2581.8 | AM28: 27.9 | AN28: 608.1 | AO28: 5355 | AP28: - | AQ28: - | AR28: - | AS28: - | AT28: - | AU28: - | AV28: - | AW28: - | AX28: - | AY28: - | AZ28: - | BA28: - | BB28: - | BC28: - | BD28: - | BE28: - | BF28: - | BG28: - | BH28: - | BI28: - | BJ28: -20512.8 | BK28: -
B29: 석유화학 | C29: Petrochemical Plants (transf.) | D29: - | E29: - | F29: - | G29: - | H29: - | I29: - | J29: - | K29: - | L29: - | M29: - | N29: - | O29: - | P29: - | Q29: - | R29: - | S29: - | T29: 17368.5 | U29: - | V29: -86.1 | W29: -34.4 | X29: -881.4 | Y29: -156.9 | Z29: - | AA29: - | AB29: - | AC29: - | AD29: - | AE29: - | AF29: - | AG29: - | AH29: - | AI29: -10037.8 | AJ29: - | AK29: - | AL29: - | AM29: - | AN29: - | AO29: - | AP29: - | AQ29: - | AR29: - | AS29: - | AT29: - | AU29: - | AV29: - | AW29: - | AX29: - | AY29: - | AZ29: - | BA29: - | BB29: - | BC29: - | BD29: - | BE29: - | BF29: - | BG29: - | BH29: - | BI29: - | BJ29: 6171.9 | BK29: -
A30: energy pipelines and gas processing 352T353 | B30: 가스제조 | C30: Gas Manufacturing (transf.) | D30: - | E30: - | F30: - | G30: - | H30: - | I30: - | J30: - | K30: - | L30: - | M30: - | N30: - | O30: - | P30: - | Q30: -24968.2 | R30: 25130.8 | S30: - | T30: - | U30: - | V30: - | W30: - | X30: -162.6 | Y30: - | Z30: - | AA30: - | AB30: - | AC30: - | AD30: - | AE30: - | AF30: - | AG30: - | AH30: - | AI30: - | AJ30: - | AK30: - | AL30: - | AM30: - | AN30: - | AO30: - | AP30: - | AQ30: - | AR30: - | AS30: - | AT30: - | AU30: - | AV30: - | AW30: - | AX30: - | AY30: - | AZ30: - | BA30: - | BB30: - | BC30: - | BD30: - | BE30: - | BF30: - | BG30: - | BH30: - | BI30: - | BJ30: 0 | BK30: -
B31: 석탄합성가스제조 | C31: Coal-to-Gas plants (transf.) | D31: - | E31: - | F31: - | G31: -363.2 | H31: - | I31: - | J31: - | K31: - | L31: - | M31: - | N31: - | O31: - | P31: 466.6 | Q31: - | R31: - | S31: - | T31: - | U31: - | V31: - | W31: - | X31: - | Y31: - | Z31: - | AA31: - | AB31: - | AC31: - | AD31: - | AE31: - | AF31: - | AG31: - | AH31: - | AI31: - | AJ31: - | AK31: - | AL31: - | AM31: - | AN31: - | AO31: - | AP31: - | AQ31: - | AR31: - | AS31: - | AT31: - | AU31: - | AV31: - | AW31: - | AX31: - | AY31: - | AZ31: - | BA31: - | BB31: - | BC31: - | BD31: - | BE31: - | BF31: - | BG31: - | BH31: - | BI31: - | BJ31: 103.4 | BK31: 933.3
B32: 기타전환 | C32: Non-specified Transformation (transf.) | D32: - | E32: - | F32: - | G32: - | H32: - | I32: - | J32: - | K32: - | L32: - | M32: - | N32: - | O32: - | P32: - | Q32: - | R32: -492.2 | S32: - | T32: - | U32: - | V32: - | W32: - | X32: - | Y32: - | Z32: - | AA32: - | AB32: - | AC32: - | AD32: - | AE32: - | AF32: - | AG32: - | AH32: - | AI32: - | AJ32: - | AK32: - | AL32: - | AM32: - | AN32: - | AO32: - | AP32: - | AQ32: - | AR32: - | AS32: - | AT32: - | AU32: - | AV32: - | AW32: - | AX32: - | AY32: - | AZ32: - | BA32: - | BB32: - | BC32: - | BD32: - | BE32: - | BF32: - | BG32: 1023.1 | BH32: - | BI32: - | BJ32: 531 | BK32: 1023.1
B33: 에너지산업자체소비 | C33: Energy Industry Own Use | D33: - | E33: - | F33: - | G33: - | H33: - | I33: - | J33: - | K33: - | L33: - | M33: - | N33: -978.5 | O33: -2298 | P33: -40 | Q33: -1145.5 | R33: -905 | S33: - | T33: -6.1 | U33: - | V33: - | W33: -2049.8 | X33: -192.5 | Y33: -11.2 | Z33: -0.2 | AA33: - | AB33: - | AC33: -0.4 | AD33: -3.5 | AE33: -100.7 | AF33: - | AG33: - | AH33: -115.1 | AI33: - | AJ33: - | AK33: - | AL33: - | AM33: - | AN33: - | AO33: - | AP33: - | AQ33: - | AR33: - | AS33: - | AT33: - | AU33: - | AV33: - | AW33: - | AX33: - | AY33: - | AZ33: - | BA33: - | BB33: - | BC33: - | BD33: - | BE33: - | BF33: - | BG33: - | BH33: -3148.9 | BI33: -205.8 | BJ33: -11201.3 | BK33: -5366.2
A34: coal mining 05 | B34: 석탄광업 | C34: Coal Mining (energy) | D34: - | E34: - | F34: - | G34: - | H34: - | I34: - | J34: - | K34: - | L34: - | M34: - | N34: - | O34: - | P34: - | Q34: - | R34: - | S34: - | T34: - | U34: - | V34: - | W34: - | X34: - | Y34: - | Z34: 0 | AA34: - | AB34: - | AC34: - | AD34: -0.4 | AE34: -15.8 | AF34: - | AG34: - | AH34: -0.3 | AI34: - | AJ34: - | AK34: - | AL34: - | AM34: - | AN34: - | AO34: - | AP34: - | AQ34: - | AR34: - | AS34: - | AT34: - | AU34: - | AV34: - | AW34: - | AX34: - | AY34: - | AZ34: - | BA34: - | BB34: - | BC34: - | BD34: - | BE34: - | BF34: - | BG34: - | BH34: - | BI34: - | BJ34: -16.6 | BK34: -
A35: oil and gas extraction 06 | B35: 원유및천연가스채굴 | C35: Oil & Gas Extraction (energy) | D35: - | E35: - | F35: - | G35: - | H35: - | I35: - | J35: - | K35: - | L35: - | M35: - | N35: - | O35: - | P35: - | Q35: - | R35: - | S35: - | T35: - | U35: - | V35: - | W35: - | X35: -3.8 | Y35: 0 | Z35: - | AA35: - | AB35: - | AC35: - | AD35: - | AE35: - | AF35: - | AG35: - | AH35: - | AI35: - | AJ35: - | AK35: - | AL35: - | AM35: - | AN35: - | AO35: - | AP35: - | AQ35: - | AR35: - | AS35: - | AT35: - | AU35: - | AV35: - | AW35: - | AX35: - | AY35: - | AZ35: - | BA35: - | BB35: - | BC35: - | BD35: - | BE35: - | BF35: - | BG35: - | BH35: - | BI35: - | BJ35: -3.8 | BK35: -
B36: 발전및열생산_자체소비 | C36: Electricity, CHP and heat plants (energy) | D36: - | E36: - | F36: - | G36: - | H36: - | I36: - | J36: - | K36: - | L36: - | M36: - | N36: - | O36: - | P36: - | Q36: - | R36: - | S36: - | T36: - | U36: - | V36: - | W36: - | X36: - | Y36: - | Z36: - | AA36: - | AB36: - | AC36: - | AD36: - | AE36: - | AF36: - | AG36: - | AH36: - | AI36: - | AJ36: - | AK36: - | AL36: - | AM36: - | AN36: - | AO36: - | AP36: - | AQ36: - | AR36: - | AS36: - | AT36: - | AU36: - | AV36: - | AW36: - | AX36: - | AY36: - | AZ36: - | BA36: - | BB36: - | BC36: - | BD36: - | BE36: - | BF36: - | BG36: - | BH36: -1827.9 | BI36: - | BJ36: -1827.9 | BK36: -
B37: 양수투입 | C37: Used for Pumped Storage (energy) | D37: - | E37: - | F37: - | G37: - | H37: - | I37: - | J37: - | K37: - | L37: - | M37: - | N37: - | O37: - | P37: - | Q37: - | R37: - | S37: - | T37: - | U37: - | V37: - | W37: - | X37: - | Y37: - | Z37: - | AA37: - | AB37: - | AC37: - | AD37: - | AE37: - | AF37: - | AG37: - | AH37: - | AI37: - | AJ37: - | AK37: - | AL37: - | AM37: - | AN37: - | AO37: - | AP37: - | AQ37: - | AR37: - | AS37: - | AT37: - | AU37: - | AV37: - | AW37: - | AX37: - | AY37: - | AZ37: - | BA37: - | BB37: - | BC37: - | BD37: - | BE37: - | BF37: - | BG37: - | BH37: -100.9 | BI37: - | BJ37: -100.9 | BK37: -
B38: 코크스로_자체소비 | C38: Coke Ovens (energy) | D38: - | E38: - | F38: - | G38: - | H38: - | I38: - | J38: - | K38: - | L38: - | M38: - | N38: -356.7 | O38: -1116.4 | P38: -19.1 | Q38: - | R38: - | S38: - | T38: - | U38: - | V38: - | W38: - | X38: - | Y38: - | Z38: - | AA38: - | AB38: - | AC38: - | AD38: - | AE38: - | AF38: - | AG38: - | AH38: - | AI38: - | AJ38: - | AK38: - | AL38: - | AM38: - | AN38: - | AO38: - | AP38: - | AQ38: - | AR38: - | AS38: - | AT38: - | AU38: - | AV38: - | AW38: - | AX38: - | AY38: - | AZ38: - | BA38: - | BB38: - | BC38: - | BD38: - | BE38: - | BF38: - | BG38: - | BH38: - | BI38: - | BJ38: -1492.3 | BK38: -1492.3
B39: 고로_자체소비 | C39: Blast Furnace (energy) | D39: - | E39: - | F39: - | G39: - | H39: - | I39: - | J39: - | K39: - | L39: - | M39: - | N39: -621.8 | O39: -1181.5 | P39: -20.8 | Q39: - | R39: - | S39: - | T39: - | U39: - | V39: - | W39: - | X39: - | Y39: - | Z39: - | AA39: - | AB39: - | AC39: - | AD39: - | AE39: - | AF39: - | AG39: - | AH39: - | AI39: - | AJ39: - | AK39: - | AL39: - | AM39: - | AN39: - | AO39: - | AP39: - | AQ39: - | AR39: - | AS39: - | AT39: - | AU39: - | AV39: - | AW39: - | AX39: - | AY39: - | AZ39: - | BA39: - | BB39: - | BC39: - | BD39: - | BE39: - | BF39: - | BG39: - | BH39: - | BI39: - | BJ39: -1824.2 | BK39: -1824.2
B40: 연탄제조_자체소비 | C40: Patent Fuel Plants (energy) | D40: - | E40: - | F40: - | G40: - | H40: - | I40: - | J40: - | K40: - | L40: - | M40: - | N40: - | O40: - | P40: - | Q40: - | R40: - | S40: - | T40: - | U40: - | V40: - | W40: - | X40: - | Y40: - | Z40: - | AA40: - | AB40: - | AC40: - | AD40: - | AE40: - | AF40: - | AG40: - | AH40: - | AI40: - | AJ40: - | AK40: - | AL40: - | AM40: - | AN40: - | AO40: - | AP40: - | AQ40: - | AR40: - | AS40: - | AT40: - | AU40: - | AV40: - | AW40: - | AX40: - | AY40: - | AZ40: - | BA40: - | BB40: - | BC40: - | BD40: - | BE40: - | BF40: - | BG40: - | BH40: - | BI40: - | BJ40: - | BK40: -
A41: chemicals 20, rubber and plastic products 22 | B41: 석유정제_자체소비 | C41: Oil Refinery (energy) | D41: - | E41: - | F41: - | G41: - | H41: - | I41: - | J41: - | K41: - | L41: - | M41: - | N41: - | O41: - | P41: - | Q41: -1034.4 | R41: -905 | S41: - | T41: -6.1 | U41: - | V41: - | W41: -2033.9 | X41: -37.5 | Y41: -0.1 | Z41: -0.2 | AA41: - | AB41: - | AC41: - | AD41: -0.5 | AE41: -1.5 | AF41: - | AG41: - | AH41: -110.5 | AI41: - | AJ41: - | AK41: - | AL41: - | AM41: - | AN41: - | AO41: - | AP41: - | AQ41: - | AR41: - | AS41: - | AT41: - | AU41: - | AV41: - | AW41: - | AX41: - | AY41: - | AZ41: - | BA41: - | BB41: - | BC41: - | BD41: - | BE41: - | BF41: - | BG41: - | BH41: -1212.3 | BI41: -205.8 | BJ41: -5547.8 | BK41: -2033.9
A42: energy pipelines and gas processing 352T353 | B42: 가스제조_자체소비 | C42: Gas Manufacturing (energy) | D42: - | E42: - | F42: - | G42: - | H42: - | I42: - | J42: - | K42: - | L42: - | M42: - | N42: - | O42: - | P42: - | Q42: -111.2 | R42: - | S42: - | T42: - | U42: - | V42: - | W42: -10.6 | X42: -93.9 | Y42: -7.1 | Z42: 0 | AA42: - | AB42: - | AC42: - | AD42: 0 | AE42: 0 | AF42: - | AG42: - | AH42: - | AI42: - | AJ42: - | AK42: - | AL42: - | AM42: - | AN42: - | AO42: - | AP42: - | AQ42: - | AR42: - | AS42: - | AT42: - | AU42: - | AV42: - | AW42: - | AX42: - | AY42: - | AZ42: - | BA42: - | BB42: - | BC42: - | BD42: - | BE42: - | BF42: - | BG42: - | BH42: - | BI42: - | BJ42: -222.8 | BK42: -10.6
B43: 석탄합성가스제조_자체소비 | C43: Coal-to-Gas plants (energy) | D43: - | E43: - | F43: - | G43: - | H43: - | I43: - | J43: - | K43: - | L43: - | M43: - | N43: - | O43: - | P43: - | Q43: - | R43: - | S43: - | T43: - | U43: - | V43: - | W43: - | X43: - | Y43: - | Z43: - | AA43: - | AB43: - | AC43: - | AD43: - | AE43: - | AF43: - | AG43: - | AH43: - | AI43: - | AJ43: - | AK43: - | AL43: - | AM43: - | AN43: - | AO43: - | AP43: - | AQ43: - | AR43: - | AS43: - | AT43: - | AU43: - | AV43: - | AW43: - | AX43: - | AY43: - | AZ43: - | BA43: - | BB43: - | BC43: - | BD43: - | BE43: - | BF43: - | BG43: - | BH43: - | BI43: - | BJ43: - | BK43: -
B44: 기타전환_자체소비 | C44: Non-specified Energy Industry (energy) | D44: - | E44: - | F44: - | G44: - | H44: - | I44: - | J44: - | K44: - | L44: - | M44: - | N44: - | O44: - | P44: - | Q44: - | R44: - | S44: - | T44: - | U44: - | V44: - | W44: -5.3 | X44: -57.4 | Y44: -3.9 | Z44: - | AA44: - | AB44: - | AC44: -0.4 | AD44: -2.6 | AE44: -83.4 | AF44: - | AG44: - | AH44: -4.3 | AI44: - | AJ44: - | AK44: - | AL44: - | AM44: - | AN44: - | AO44: - | AP44: - | AQ44: - | AR44: - | AS44: - | AT44: - | AU44: - | AV44: - | AW44: - | AX44: - | AY44: - | AZ44: - | BA44: - | BB44: - | BC44: - | BD44: - | BE44: - | BF44: - | BG44: - | BH44: -7.8 | BI44: - | BJ44: -165.1 | BK44: -5.3
B45: 손실 | C45: Losses | D45: - | E45: - | F45: - | G45: - | H45: - | I45: - | J45: - | K45: - | L45: - | M45: - | N45: - | O45: - | P45: - | Q45: 10.9 | R45: - | S45: - | T45: - | U45: - | V45: - | W45: - | X45: - | Y45: - | Z45: - | AA45: - | AB45: - | AC45: - | AD45: - | AE45: - | AF45: - | AG45: - | AH45: - | AI45: - | AJ45: - | AK45: - | AL45: - | AM45: - | AN45: - | AO45: - | AP45: - | AQ45: - | AR45: - | AS45: - | AT45: - | AU45: - | AV45: - | AW45: - | AX45: - | AY45: - | AZ45: - | BA45: - | BB45: - | BC45: - | BD45: - | BE45: - | BF45: - | BG45: - | BH45: -1510.9 | BI45: -527.2 | BJ45: -2027.3 | BK45: -
B46: 최종소비 | C46: Total Final Consumption | D46: - | E46: 3023.5 | F46: - | G46: 3710.9 | H46: - | I46: 0 | J46: 35.6 | K46: 206.6 | L46: 713.7 | M46: 530.2 | N46: 1831.5 | O46: 87.4 | P46: 242.5 | Q46: 1830.3 | R46: 23262.1 | S46: - | T46: - | U46: - | V46: - | W46: 273.9 | X46: 6840.9 | Y46: 3984.1 | Z46: 10538.4 | AA46: 2.1 | AB46: - | AC46: 2150.6 | AD46: 2296.8 | AE46: 22341.8 | AF46: 158.8 | AG46: 22 | AH46: 701.4 | AI46: 45343.3 | AJ46: 197.3 | AK46: 1219.2 | AL46: 1509.8 | AM46: 24.5 | AN46: 605.7 | AO46: 3069 | AP46: 1786.8 | AQ46: 885.3 | AR46: 356.2 | AS46: 1236.5 | AT46: 64.9 | AU46: 5.7 | AV46: - | AW46: 703.9 | AX46: - | AY46: - | AZ46: - | BA46: - | BB46: 255.6 | BC46: - | BD46: 25.6 | BE46: - | BF46: - | BG46: - | BH46: 48253.1 | BI46: 6523.8 | BJ46: 196851.6 | BK46: 7755.9
B47: 최종에너지소비 | C47: Final Energy Consumption | D47: - | E47: 3023.5 | F47: - | G47: 3710.9 | H47: - | I47: 0 | J47: - | K47: 206.6 | L47: 713.7 | M47: - | N47: 1831.5 | O47: 87.4 | P47: 242.5 | Q47: 775.4 | R47: 23262.1 | S47: - | T47: - | U47: - | V47: - | W47: 273.9 | X47: 2866 | Y47: 3287.3 | Z47: 10538.4 | AA47: 2.1 | AB47: - | AC47: 2150.6 | AD47: 2296.8 | AE47: 22341.8 | AF47: 158.8 | AG47: 22 | AH47: 701.4 | AI47: - | AJ47: - | AK47: - | AL47: - | AM47: - | AN47: - | AO47: - | AP47: 1786.8 | AQ47: 885.3 | AR47: 356.2 | AS47: 1236.5 | AT47: 64.9 | AU47: 5.7 | AV47: - | AW47: 703.9 | AX47: - | AY47: - | AZ47: - | BA47: - | BB47: 255.6 | BC47: - | BD47: 25.6 | BE47: - | BF47: - | BG47: - | BH47: 48253.1 | BI47: 6523.8 | BJ47: 138590.3 | BK47: 7755.9
B48: 산업 | C48: Industry | D48: - | E48: 3023.5 | F48: - | G48: 3710.9 | H48: - | I48: 0 | J48: - | K48: 0.9 | L48: 713.7 | M48: - | N48: 1831.5 | O48: 87.4 | P48: 242.5 | Q48: 775.4 | R48: 7743 | S48: - | T48: - | U48: - | V48: - | W48: 273.9 | X48: 1099.4 | Y48: 158.4 | Z48: 147.7 | AA48: 0 | AB48: - | AC48: 0.3 | AD48: 315.4 | AE48: 2129.1 | AF48: 71.1 | AG48: 17.8 | AH48: 505.9 | AI48: - | AJ48: - | AK48: - | AL48: - | AM48: - | AN48: - | AO48: - | AP48: 1686.4 | AQ48: 116.9 | AR48: 342.5 | AS48: 1004.5 | AT48: 15.6 | AU48: 5.7 | AV48: - | AW48: - | AX48: - | AY48: - | AZ48: - | BA48: - | BB48: 37.6 | BC48: - | BD48: 1.3 | BE48: - | BF48: - | BG48: - | BH48: 26318 | BI48: 3756.6 | BJ48: 56133 | BK48: 5645.9
A49: agriculture and forestry 01T03 | B49: 농림업 | C49: Agriculture/Forestry | D49: - | E49: - | F49: - | G49: - | H49: - | I49: - | J49: - | K49: 0.5 | L49: - | M49: - | N49: - | O49: - | P49: - | Q49: - | R49: 2.5 | S49: - | T49: - | U49: - | V49: - | W49: - | X49: 4.9 | Y49: 0.1 | Z49: 31.8 | AA49: - | AB49: - | AC49: - | AD49: 201 | AE49: 242.2 | AF49: 4.3 | AG49: 3.9 | AH49: 7.9 | AI49: - | AJ49: - | AK49: - | AL49: - | AM49: - | AN49: - | AO49: - | AP49: - | AQ49: 0.6 | AR49: - | AS49: 99.1 | AT49: - | AU49: - | AV49: - | AW49: - | AX49: - | AY49: - | AZ49: - | BA49: - | BB49: 32.7 | BC49: - | BD49: - | BE49: - | BF49: - | BG49: - | BH49: 1325.7 | BI49: - | BJ49: 1957.2 | BK49: 132.4
A50: agriculture and forestry 01T03 | B50: 어업 | C50: Fishing | D50: - | E50: - | F50: - | G50: - | H50: - | I50: - | J50: - | K50: - | L50: - | M50: - | N50: - | O50: - | P50: - | Q50: - | R50: - | S50: - | T50: - | U50: - | V50: - | W50: - | X50: 1.2 | Y50: - | Z50: 78.6 | AA50: - | AB50: - | AC50: - | AD50: 0 | AE50: 785.9 | AF50: 8.2 | AG50: 6.4 | AH50: 5.8 | AI50: - | AJ50: - | AK50: - | AL50: - | AM50: - | AN50: - | AO50: - | AP50: - | AQ50: - | AR50: - | AS50: - | AT50: - | AU50: - | AV50: - | AW50: - | AX50: - | AY50: - | AZ50: - | BA50: - | BB50: - | BC50: - | BD50: - | BE50: - | BF50: - | BG50: - | BH50: 265 | BI50: - | BJ50: 1150.9 | BK50: -
A51: other mining and quarrying 07T08 | B51: 광업(석탄광업제외) | C51: Mining and Quarrying | D51: - | E51: - | F51: - | G51: - | H51: - | I51: - | J51: - | K51: - | L51: - | M51: - | N51: - | O51: - | P51: - | Q51: - | R51: - | S51: - | T51: - | U51: - | V51: - | W51: - | X51: 1.8 | Y51: 0 | Z51: 0 | AA51: - | AB51: - | AC51: - | AD51: 0.7 | AE51: 31.1 | AF51: 7.3 | AG51: 0.2 | AH51: 4 | AI51: - | AJ51: - | AK51: - | AL51: - | AM51: - | AN51: - | AO51: - | AP51: - | AQ51: - | AR51: - | AS51: 0.1 | AT51: - | AU51: - | AV51: - | AW51: - | AX51: - | AY51: - | AZ51: - | BA51: - | BB51: - | BC51: - | BD51: - | BE51: - | BF51: - | BG51: - | BH51: 155.4 | BI51: - | BJ51: 200.6 | BK51: 0.1
B52: 제조업 | C52: Manufacturing | D52: - | E52: 3023.5 | F52: - | G52: 3710.9 | H52: - | I52: - | J52: - | K52: 0.4 | L52: 713.7 | M52: - | N52: 1831.5 | O52: 87.4 | P52: 242.5 | Q52: 775.4 | R52: 7740.6 | S52: - | T52: - | U52: - | V52: - | W52: 273.9 | X52: 1083.3 | Y52: 158.3 | Z52: 28.4 | AA52: 0 | AB52: - | AC52: 0.3 | AD52: 92.5 | AE52: 439 | AF52: 30.1 | AG52: 5.5 | AH52: 482.9 | AI52: - | AJ52: - | AK52: - | AL52: - | AM52: - | AN52: - | AO52: - | AP52: 1686.4 | AQ52: 105.7 | AR52: 342.5 | AS52: 905.2 | AT52: 15.5 | AU52: 5.7 | AV52: - | AW52: - | AX52: - | AY52: - | AZ52: - | BA52: - | BB52: 5 | BC52: - | BD52: 1.3 | BE52: - | BF52: - | BG52: - | BH52: 24571.9 | BI52: 3756.6 | BJ52: 52116 | BK52: 5502.6
A53: food beverage and tobacco 10T12 | B53: 식품및담배 | C53: Food and Tobacco | D53: - | E53: - | F53: - | G53: - | H53: - | I53: - | J53: - | K53: - | L53: - | M53: - | N53: - | O53: - | P53: - | Q53: - | R53: 901.4 | S53: - | T53: - | U53: - | V53: - | W53: - | X53: 20.4 | Y53: 0.4 | Z53: 0.2 | AA53: - | AB53: - | AC53: - | AD53: 8.8 | AE53: 3.6 | AF53: 0.4 | AG53: 0.2 | AH53: 13 | AI53: - | AJ53: - | AK53: - | AL53: - | AM53: - | AN53: - | AO53: - | AP53: 36.4 | AQ53: - | AR53: 4.4 | AS53: 19.3 | AT53: 5.5 | AU53: - | AV53: - | AW53: - | AX53: - | AY53: - | AZ53: - | BA53: - | BB53: - | BC53: - | BD53: - | BE53: - | BF53: - | BG53: - | BH53: 1167.4 | BI53: 117.1 | BJ53: 2298.3 | BK53: 65.5
A54: textiles apparel and leather 13T15 | B54: 섬유및가죽 | C54: Textile and Leather | D54: - | E54: - | F54: - | G54: 436.2 | H54: - | I54: - | J54: - | K54: - | L54: - | M54: - | N54: - | O54: - | P54: - | Q54: - | R54: 233 | S54: - | T54: - | U54: - | V54: - | W54: - | X54: 3.9 | Y54: 0.2 | Z54: 0.1 | AA54: - | AB54: - | AC54: - | AD54: 4.8 | AE54: 2.4 | AF54: 0.2 | AG54: 1.2 | AH54: 3.7 | AI54: - | AJ54: - | AK54: - | AL54: - | AM54: - | AN54: - | AO54: - | AP54: 31.5 | AQ54: - | AR54: 17.9 | AS54: 59.7 | AT54: - | AU54: 5.7 | AV54: - | AW54: - | AX54: - | AY54: - | AZ54: - | BA54: - | BB54: - | BC54: - | BD54: - | BE54: - | BF54: - | BG54: - | BH54: 831 | BI54: 244.4 | BJ54: 1875.9 | BK54: 114.7
A55: wood products 16 | B55: 목재및나무제품 | C55: Wood and Wood Products | D55: - | E55: - | F55: - | G55: - | H55: - | I55: - | J55: - | K55: - | L55: - | M55: - | N55: - | O55: - | P55: - | Q55: - | R55: 28 | S55: - | T55: - | U55: - | V55: - | W55: - | X55: 0.3 | Y55: - | Z55: 0.2 | AA55: - | AB55: - | AC55: - | AD55: 0.9 | AE55: 4.3 | AF55: - | AG55: - | AH55: 1.4 | AI55: - | AJ55: - | AK55: - | AL55: - | AM55: - | AN55: - | AO55: - | AP55: - | AQ55: - | AR55: 6.4 | AS55: 57.6 | AT55: - | AU55: - | AV55: - | AW55: - | AX55: - | AY55: - | AZ55: - | BA55: - | BB55: - | BC55: - | BD55: - | BE55: - | BF55: - | BG55: - | BH55: 151.4 | BI55: 7.6 | BJ55: 258 | BK55: 63.9
A56: pulp paper and printing 17T18 | B56: 제지및인쇄 | C56: Paper, Pulp and Print | D56: - | E56: - | F56: - | G56: - | H56: - | I56: - | J56: - | K56: - | L56: - | M56: - | N56: - | O56: - | P56: - | Q56: 1.1 | R56: 309.7 | S56: - | T56: - | U56: - | V56: - | W56: - | X56: 5.3 | Y56: - | Z56: 0.1 | AA56: - | AB56: - | AC56: - | AD56: 1 | AE56: 7.3 | AF56: 0.3 | AG56: 0.3 | AH56: 9.4 | AI56: - | AJ56: - | AK56: - | AL56: - | AM56: - | AN56: - | AO56: - | AP56: 302.2 | AQ56: 20.9 | AR56: 137.8 | AS56: 241.5 | AT56: 1.4 | AU56: - | AV56: - | AW56: - | AX56: - | AY56: - | AZ56: - | BA56: - | BB56: - | BC56: - | BD56: - | BE56: - | BF56: - | BG56: - | BH56: 824.3 | BI56: 241.9 | BJ56: 2104.6 | BK56: 703.8
A57: chemicals 20, rubber and plastic products 22 | B57: 화학및석유화학 | C57: Chemical and Petrochemical | D57: - | E57: - | F57: - | G57: 696.2 | H57: - | I57: - | J57: - | K57: - | L57: - | M57: - | N57: - | O57: - | P57: - | Q57: 23.4 | R57: 1920.1 | S57: - | T57: - | U57: - | V57: - | W57: 273.9 | X57: 285.8 | Y57: 10.2 | Z57: 0.2 | AA57: - | AB57: - | AC57: - | AD57: 7.5 | AE57: 6.9 | AF57: 2.3 | AG57: 2.7 | AH57: 141.5 | AI57: - | AJ57: - | AK57: - | AL57: - | AM57: - | AN57: - | AO57: - | AP57: 295.2 | AQ57: 28.1 | AR57: 133.9 | AS57: 359.9 | AT57: 6.7 | AU57: - | AV57: - | AW57: - | AX57: - | AY57: - | AZ57: - | BA57: - | BB57: - | BC57: - | BD57: - | BE57: - | BF57: - | BG57: - | BH57: 5262.4 | BI57: 2724.1 | BJ57: 12180.8 | BK57: 1097.7
A58: glass and glass products 231, cement and other nonmetallic minerals 239 | B58: 비금속광물 | C58: Non-metallic Minerals | D58: - | E58: - | F58: - | G58: 2160.2 | H58: - | I58: - | J58: - | K58: - | L58: - | M58: - | N58: - | O58: - | P58: - | Q58: - | R58: 552.9 | S58: - | T58: - | U58: - | V58: - | W58: - | X58: 18.1 | Y58: 0 | Z58: 0.4 | AA58: - | AB58: - | AC58: - | AD58: 0.7 | AE58: 131.5 | AF58: 2.6 | AG58: 0.4 | AH58: 214.4 | AI58: - | AJ58: - | AK58: - | AL58: - | AM58: - | AN58: - | AO58: - | AP58: 850.6 | AQ58: - | AR58: - | AS58: 2.3 | AT58: - | AU58: - | AV58: - | AW58: - | AX58: - | AY58: - | AZ58: - | BA58: - | BB58: - | BC58: - | BD58: - | BE58: - | BF58: - | BG58: - | BH58: 1006.2 | BI58: 0.5 | BJ58: 4940.9 | BK58: 852.8
A59: iron and steel 241 | B59: 철강 | C59: Iron and Steel | D59: - | E59: 623.1 | F59: - | G59: 281.6 | H59: - | I59: - | J59: - | K59: - | L59: 713.7 | M59: - | N59: 1831.5 | O59: 87.4 | P59: 242.5 | Q59: 446.8 | R59: 1096.1 | S59: - | T59: - | U59: - | V59: - | W59: - | X59: 60.5 | Y59: 1.9 | Z59: - | AA59: - | AB59: - | AC59: - | AD59: 0.2 | AE59: 4.3 | AF59: 0.1 | AG59: 0 | AH59: 0 | AI59: - | AJ59: - | AK59: - | AL59: - | AM59: - | AN59: - | AO59: - | AP59: 7.9 | AQ59: - | AR59: - | AS59: 3.8 | AT59: - | AU59: - | AV59: - | AW59: - | AX59: - | AY59: - | AZ59: - | BA59: - | BB59: - | BC59: - | BD59: - | BE59: - | BF59: - | BG59: - | BH59: 4556 | BI59: 5.6 | BJ59: 9963.4 | BK59: 2173.2
A60: other metals 242, metal products except machinery and vehicles 25 | B60: 비철금속 | C60: Non-ferrous Metals | D60: - | E60: 247.9 | F60: - | G60: 136.6 | H60: - | I60: - | J60: - | K60: - | L60: - | M60: - | N60: - | O60: - | P60: - | Q60: - | R60: 484.3 | S60: - | T60: - | U60: - | V60: - | W60: - | X60: 12.4 | Y60: 0.1 | Z60: - | AA60: - | AB60: - | AC60: - | AD60: 0.2 | AE60: 3.1 | AF60: 0.1 | AG60: 0 | AH60: 20.2 | AI60: - | AJ60: - | AK60: - | AL60: - | AM60: - | AN60: - | AO60: - | AP60: - | AQ60: - | AR60: - | AS60: - | AT60: - | AU60: - | AV60: - | AW60: - | AX60: - | AY60: - | AZ60: - | BA60: - | BB60: - | BC60: - | BD60: - | BE60: - | BF60: - | BG60: - | BH60: 829.2 | BI60: 71.3 | BJ60: 1805.6 | BK60: -
A61: computers and electronics 26, appliances and electrical equipment 27, other machinery 28 | B61: 기계류 | C61: Machinery | D61: - | E61: - | F61: - | G61: - | H61: - | I61: - | J61: - | K61: - | L61: - | M61: - | N61: - | O61: - | P61: - | Q61: - | R61: 1393 | S61: - | T61: - | U61: - | V61: - | W61: - | X61: 23.5 | Y61: 0.4 | Z61: 0.5 | AA61: - | AB61: - | AC61: - | AD61: 8 | AE61: 44 | AF61: 1.2 | AG61: 0.1 | AH61: 2.8 | AI61: - | AJ61: - | AK61: - | AL61: - | AM61: - | AN61: - | AO61: - | AP61: 5.6 | AQ61: - | AR61: 5.7 | AS61: 42.2 | AT61: - | AU61: - | AV61: - | AW61: - | AX61: - | AY61: - | AZ61: - | BA61: - | BB61: - | BC61: - | BD61: - | BE61: - | BF61: - | BG61: - | BH61: 7728.8 | BI61: 295.7 | BJ61: 9551.3 | BK61: 53.5
A62: road vehicles 29, nonroad vehicles 30 | B62: 수송장비 | C62: Transport Equipment | D62: - | E62: - | F62: - | G62: - | H62: - | I62: - | J62: - | K62: - | L62: - | M62: - | N62: - | O62: - | P62: - | Q62: 61.9 | R62: 670.4 | S62: - | T62: - | U62: - | V62: - | W62: - | X62: 28.8 | Y62: 1.6 | Z62: 21.8 | AA62: 0 | AB62: - | AC62: 0 | AD62: 0.5 | AE62: 78 | AF62: 20.9 | AG62: 0 | AH62: 47.4 | AI62: - | AJ62: - | AK62: - | AL62: - | AM62: - | AN62: - | AO62: - | AP62: 4.7 | AQ62: - | AR62: 14 | AS62: 0.2 | AT62: - | AU62: - | AV62: - | AW62: - | AX62: - | AY62: - | AZ62: - | BA62: - | BB62: - | BC62: - | BD62: - | BE62: - | BF62: - | BG62: - | BH62: 1902 | BI62: 48.3 | BJ62: 2900.5 | BK62: 18.8
A63: other manufacturing 31T33 | B63: 기타제조 | C63: Other Manufacturing | D63: - | E63: 2152.5 | F63: - | G63: - | H63: - | I63: - | J63: - | K63: 0.4 | L63: - | M63: - | N63: - | O63: - | P63: - | Q63: 242.1 | R63: 151.8 | S63: - | T63: - | U63: - | V63: - | W63: - | X63: 624.3 | Y63: 143.5 | Z63: 5 | AA63: - | AB63: - | AC63: 0.3 | AD63: 59.9 | AE63: 153.6 | AF63: 1.9 | AG63: 0.5 | AH63: 29.1 | AI63: - | AJ63: - | AK63: - | AL63: - | AM63: - | AN63: - | AO63: - | AP63: 152.4 | AQ63: 56.8 | AR63: 22.5 | AS63: 118.7 | AT63: 2 | AU63: - | AV63: - | AW63: - | AX63: - | AY63: - | AZ63: - | BA63: - | BB63: 5 | BC63: - | BD63: 1.3 | BE63: - | BF63: - | BG63: - | BH63: 313.3 | BI63: 0 | BJ63: 4236.8 | BK63: 358.6
A64: construction 41T43 | B64: 건설업 | C64: Construction | D64: - | E64: - | F64: - | G64: - | H64: - | I64: 0 | J64: - | K64: - | L64: - | M64: - | N64: - | O64: - | P64: - | Q64: - | R64: - | S64: - | T64: - | U64: - | V64: - | W64: - | X64: 8.2 | Y64: - | Z64: 8.8 | AA64: - | AB64: - | AC64: - | AD64: 21.2 | AE64: 631 | AF64: 21.2 | AG64: 1.8 | AH64: 5.3 | AI64: - | AJ64: - | AK64: - | AL64: - | AM64: - | AN64: - | AO64: - | AP64: 0 | AQ64: 10.5 | AR64: - | AS64: 0.2 | AT64: 0 | AU64: - | AV64: - | AW64: - | AX64: - | AY64: - | AZ64: - | BA64: - | BB64: - | BC64: - | BD64: - | BE64: - | BF64: - | BG64: - | BH64: - | BI64: - | BJ64: 708.2 | BK64: 10.8
B65: 수송 | C65: Transport | D65: - | E65: - | F65: - | G65: - | H65: - | I65: - | J65: - | K65: - | L65: - | M65: - | N65: - | O65: - | P65: - | Q65: - | R65: 1059.6 | S65: - | T65: - | U65: - | V65: - | W65: - | X65: 1.7 | Y65: 3031.2 | Z65: 10354.1 | AA65: 0.6 | AB65: - | AC65: 1673.4 | AD65: 5.4 | AE65: 19246.3 | AF65: 78.3 | AG65: 2.3 | AH65: 160.5 | AI65: - | AJ65: - | AK65: - | AL65: - | AM65: - | AN65: - | AO65: - | AP65: - | AQ65: - | AR65: - | AS65: - | AT65: - | AU65: - | AV65: - | AW65: 703.9 | AX65: - | AY65: - | AZ65: - | BA65: - | BB65: - | BC65: - | BD65: - | BE65: - | BF65: - | BG65: - | BH65: 318.3 | BI65: - | BJ65: 36635.6 | BK65: 703.9
B66: 철도 | C66: Rail | D66: - | E66: - | F66: - | G66: - | H66: - | I66: - | J66: - | K66: - | L66: - | M66: - | N66: - | O66: - | P66: - | Q66: - | R66: - | S66: - | T66: - | U66: - | V66: - | W66: - | X66: 0 | Y66: - | Z66: - | AA66: - | AB66: - | AC66: - | AD66: 0 | AE66: 74.8 | AF66: - | AG66: - | AH66: - | AI66: - | AJ66: - | AK66: - | AL66: - | AM66: - | AN66: - | AO66: - | AP66: - | AQ66: - | AR66: - | AS66: - | AT66: - | AU66: - | AV66: - | AW66: - | AX66: - | AY66: - | AZ66: - | BA66: - | BB66: - | BC66: - | BD66: - | BE66: - | BF66: - | BG66: - | BH66: 257.7 | BI66: - | BJ66: 332.5 | BK66: -
B67: 도로 | C67: Road | D67: - | E67: - | F67: - | G67: - | H67: - | I67: - | J67: - | K67: - | L67: - | M67: - | N67: - | O67: - | P67: - | Q67: - | R67: 1059.6 | S67: - | T67: - | U67: - | V67: - | W67: - | X67: 0.4 | Y67: 3031.2 | Z67: 10354.1 | AA67: - | AB67: - | AC67: - | AD67: 0.8 | AE67: 18987.5 | AF67: 0.9 | AG67: 0 | AH67: - | AI67: - | AJ67: - | AK67: - | AL67: - | AM67: - | AN67: - | AO67: - | AP67: - | AQ67: - | AR67: - | AS67: - | AT67: - | AU67: - | AV67: - | AW67: 703.9 | AX67: - | AY67: - | AZ67: - | BA67: - | BB67: - | BC67: - | BD67: - | BE67: - | BF67: - | BG67: - | BH67: 60.6 | BI67: - | BJ67: 34199.1 | BK67: 703.9
B68: 국내해운 | C68: Domestic Navigation | D68: - | E68: - | F68: - | G68: - | H68: - | I68: - | J68: - | K68: - | L68: - | M68: - | N68: - | O68: - | P68: - | Q68: - | R68: - | S68: - | T68: - | U68: - | V68: - | W68: - | X68: 1 | Y68: - | Z68: - | AA68: - | AB68: - | AC68: - | AD68: 4.3 | AE68: 182.6 | AF68: 77.4 | AG68: 2.3 | AH68: 160.5 | AI68: - | AJ68: - | AK68: - | AL68: - | AM68: - | AN68: - | AO68: - | AP68: - | AQ68: - | AR68: - | AS68: - | AT68: - | AU68: - | AV68: - | AW68: - | AX68: - | AY68: - | AZ68: - | BA68: - | BB68: - | BC68: - | BD68: - | BE68: - | BF68: - | BG68: - | BH68: - | BI68: - | BJ68: 428 | BK68: -
B69: 국내항공 | C69: Domestic Aviation | D69: - | E69: - | F69: - | G69: - | H69: - | I69: - | J69: - | K69: - | L69: - | M69: - | N69: - | O69: - | P69: - | Q69: - | R69: - | S69: - | T69: - | U69: - | V69: - | W69: - | X69: 0.3 | Y69: - | Z69: 0 | AA69: 0.6 | AB69: - | AC69: 1673.4 | AD69: 0.3 | AE69: 1.4 | AF69: - | AG69: - | AH69: - | AI69: - | AJ69: - | AK69: - | AL69: - | AM69: - | AN69: - | AO69: - | AP69: - | AQ69: - | AR69: - | AS69: - | AT69: - | AU69: - | AV69: - | AW69: - | AX69: - | AY69: - | AZ69: - | BA69: - | BB69: - | BC69: - | BD69: - | BE69: - | BF69: - | BG69: - | BH69: - | BI69: - | BJ69: 1676 | BK69: -
