Workbook
Name gal_per_barrel: [1]About!$A$63
Name RoundFactor_Growth: 2
Name RoundFactor_Value: 3

Sheet About
A1: BIFUbC BAU Industrial Fuel Use before CCS
A3: Sources: | B3: BAU Industrial Fuel Use
B4: Korea Energy Statistics Information System
B5: 2019
B6: KEEI Long-tern energy forecast
B7: http://www.kesis.net/crosseditor/binary/files/000003/20200408125915600_6PUNL17L.xlsb
B8: 2023
B9: KEEI Long-tern energy forecast
B10: https://www.kesis.net/crosseditor/binary/files/000005/2023_%EC%9E%A5%EA%B8%B0%EC%97%90%EB%84%88%EC%A7%80%EC%A0%84%EB%A7%9D_%EA%B8%B0%EC%A4%80_%EC%8B%9C%EB%82%98%EB%A6%AC%EC%98%A4_(REF).티뉴 | C10: https://www.kesis.net/sub/sub_0001_01.jsp
B12: 2019 Industrial Fuel Use
B13: Korea Energy Statistics Information System
B14: 2021
B15: Extended energy balance
B16: http://www.kesis.net/FileDownloadAction.do?file=/admin/admin_RegList.jsp/20210706/976071625505008233_01.xlsx&oldFile=BAL_EXTEND_(1990~2019).xlsx
B17: 2023
B18: Extended energy balance
B19: https://www.kesis.net/FileDownloadAction.do?file=/admin/admin_RegList.jsp/20241231/290581735604309791_01.xlsx&oldFile=BAL_EXTEND_(1990-2022).xlsx
B21: KOSIS
B22: 2021
B23: KEA Energy consumption and greenhouse-gas emission inventories
B24: https://kosis.kr/statHtml/statHtml.do?orgId=337&tblId=DT_337_2019_H1017&vw_cd=MT_ZTITLE&list_id=337_33703_002&seqNo=&lang_mode=ko&language=kor&obj_var_id=&itm_id=&conn_path=MT_ZTITLE
B25: 2022
B26: KEA Energy consumption and greenhouse-gas emission inventories
B27: https://kosis.kr/statHtml/statHtml.do?orgId=337&tblId=DT_337_2019_H1017&vw_cd=MT_ZTITLE&list_id=337_33703_002&seqNo=&lang_mode=ko&language=kor&obj_var_id=&itm_id=&conn_path=MT_ZTITLE
B29: KOSIS
B30: 2021
B31: Final energy consumption by industry
B32: https://kosis.kr/statHtml/statHtml.do?orgId=339&tblId=DT_F_M180&vw_cd=MT_ZTITLE&list_id=339_33901_03&seqNo=&lang_mode=ko&language=kor&obj_var_id=&itm_id=&conn_path=MT_ZTITLE
B33: 2024
B34: Final energy consumption by industry
B35: https://kosis.kr/statHtml/statHtml.do?sso=ok&returnurl=https%3A%2F%2Fkosis.kr%3A443%2FstatHtml%2FstatHtml.do%3Fconn_path%3DMT_ZTITLE%26list_id%3D339_33901_03%26obj_var_id%3D%26seqNo%3D%26tblId%3DDT_F_M180%26vw_cd%3DMT_ZTITLE%26itm_id%3D%26language%3Dkor%26lang_mode%3Dko%26orgId%3D339%26
B39: Fuels Used for CHP
B40: IEA
B41: 2022
B42: Energy Balances, Korea
B48: Industry Category Mapping (in English)
B49: EPS Industry Category | C49: Sub category | D49: KESIS Energy Balance (for historical values) | E49: KEA Energy Use Survey (for historical values) | F49: For further splits
B50: agriculture and forestry 01T03 | C50: Industry>other | D50: EndUse>Industry>agriculture and fishery
B51: coal mining 05 | C51: Not included | D51: Energy Industry internal consumption>coal mining | F51: due to the lack of forecast, we applied the KEEI's BAU coal supply growth rate to the demand in 2019
B52: oil and gas extraction 06 | C52: Not included | D52: Energy Industry internal consumption>crude petroleum and natural gas production
B53: other mining and quarrying 07T08 | C53: Industry>other | D53: EndUse>Industry>mining(exc. Coal mining)
B54: food beverage and tobacco 10T12 | C54: Industry>other | D54: EndUse>Industry>food and tobacco
B55: textiles apparel and leather 13T15 | C55: Industry>other | D55: EndUse>Industry>fiber and leather
B56: wood products 16 | C56: Industry>other | D56: EndUse>Industry>wood and wood products
B57: pulp paper and printing 17T18 | C57: Industry>other | D57: EndUse>Industry>paper and printing
B58: refined petroleum and coke 19 | C58: Not included | D58: conversion process>petroleum refining Energy Industry internal consumption>petroleum refining | F58: due to the lack of forecast, we applied the KEEI's BAU oil supply growth rate to the demand in 2019
B59: chemicals 20 | C59: Industry>Petro-chemical | D59: EndUse>Industry>chemical and Petro-chemical | E59: Basic chemical substance manufacturing, fertilizer, pesticide and sterilization, pesticide manufacturing, other chemical product manufacturing, chemical fiber manufacturing, basic pharmaceutical and biological product manufacturing, pharmaceutical manufacturing, medical supplies and other pharmaceutical related product manufacturing
B60: rubber and plastic products 22 | C60: Industry>Petro-chemical | D60: EndUse>Industry>chemical and Petro-chemical | E60: Synthetic rubber and plastic material manufacturing, rubber product manufacturing, plastic product manufacturing
B61: glass and glass products 231 | C61: Industry>other | D61: EndUse>Industry>non-metallic minerals | E61: Glass and glassware manufacturing
B62: cement and other nonmetallic minerals 239 | C62: Industry>other | D62: EndUse>Industry>non-metallic minerals | E62: Refractory and non-refractory ceramic products manufacturing business, cement, lime, plaster and its products manufacturing business, cement manufacturing business, other non-metallic minerals product manufacturing business
B63: iron and steel 241 | C63: Industry>Steel | D63: EndUse>Industry>Steel
B64: other metals 242 | C64: Industry>non-ferrous metals | D64: EndUse>Industry>non-ferrous metals | E64: Primary non-ferrous metals manufacturing
B65: metal products except machinery and vehicles 25 | C65: Industry>non-ferrous metals | D65: EndUse>Industry>non-ferrous metals | E65: Metal Foundry, Structural Metal Products, Tank and Steam Generator Manufacturing, Weapons and Gun Ammunition Manufacturing, other Metalworking Products Manufacturing
B66: computers and electronics 26 | C66: Industry>fabricated metals | D66: EndUse>Industry>machinery | E66: Semiconductor manufacturing business, electronic component manufacturing business, computer and peripheral device manufacturing business, communication and broadcasting equipment manufacturing business, video and audio equipment manufacturing business
B67: appliances and electrical equipment 27 | C67: Industry>fabricated metals | D67: EndUse>Industry>machinery | E67: Motor, generator and electric conversion supply control device manufacturing, primary battery and storage battery manufacturing, insulated wire and cable manufacturing, light bulb and lighting device manufacturing, household appliance manufacturing, other electrical equipment manufacturing
B68: other machinery 28 | C68: Industry>fabricated metals | D68: EndUse>Industry>machinery | E68: Magnetic and optical media manufacturing, medical equipment manufacturing, measurement, testing, navigation, control and other precision equipment manufacturing; excluding optical instruments, photographic equipment and optical equipment manufacturing, watches and watch parts manufacturing, general purpose machinery manufacturing, special purpose machinery manufacturing
B69: road vehicles 29 | C69: Industry>fabricated metals | D69: EndUse>Industry>transportation equiment | E69: Automobile engine and automobile manufacturing business, automobile body and trailer manufacturing business, new automobile parts manufacturing business, automobile remanufactured parts manufacturing business
B70: nonroad vehicles 30 | C70: Industry>fabricated metals | D70: EndUse>Industry>transportation equiment | E70: Ship and boat construction business, railway equipment manufacturing business, aircraft, spaceship and parts manufacturing business, and other transportation equipment manufacturing business
B71: other manufacturing 31T33 | C71: Industry>other | D71: EndUse>Industry>other manufacturing
B72: energy pipelines and gas processing 352T353 | C72: Not included | D72: conversion process>gas process Energy Industry internal consumption>gas process | F72: due to the lack of forecast, we applied the KEEI's BAU gas supply growth rate to the demand in 2019
B73: water and waste 36T39 | C73: Service>Public | D73: EndUse>Public | F73: due to the lack of forecast, we applied the population growth rate to the demand in 2018
B74: construction 41T43 | C74: Industry>other | D74: EndUse>Industry>construction
B76: Fuel Mapping
B77: EPS fuel category | C77: KEEI Long-term Energy Outlook (for BAU) | D77: For further splits | E77: Note
B78: electricity | C78: electricity
B79: coal | C79: coal
B80: natural gas | C80: natural gas
B81: biomass | C81: renewables | E81: include waste
B82: heat | C82: Not included | E82: due to the lack of forecast, we applied the energy demand growth rate between 2020 and 2050 to the demand in 2019
B83: crude oil | C83: oil | D83: petroleum refining only
B84: petroleum-diesel | C84: oil | D84: We estimated using the energy consumption share by industry based on 2019 KESIS Energy Balance
B85: heavy-or-residual oil | C85: oil
B86: LPG-propane-butane | C86: oil
B87: hydrogen | C87: Not included
B89: Conversion rate (1 MTOE =): | C89: =39656668.31*(10^6) -> 39656668310000 | D89: BTU
B92: Industry Category Mapping (in Korean)
B93: EPS Industry Category | C93: KEEI Long-term Energy Outlook (for BAU) | D93: KESIS Energy Balance (for historical values) | E93: KEA Energy Use Survey (for historical values) | F93: For further splits
B94: agriculture and forestry 01T03 | C94: 산업>기타 | D94: 최종소비>산업>농림업, 어업
B95: coal mining 05 | C95: 포함안됨 | D95: 에너지산업 자체소비>석탄광업 | F95: 전망치 부재로 2019년 소비량에 KEEI 석탄 공급 BAU 성장률만큼 적용
B96: oil and gas extraction 06 | C96: 포함안됨 | D96: 에너지산업 자체소비>원유및천연가스채굴
B97: other mining and quarrying 07T08 | C97: 산업>기타 | D97: 최종소비>산업>광업(석탄광업제외)
B98: food beverage and tobacco 10T12 | C98: 산업>기타 | D98: 최종소비>산업>식품및담배
B99: textiles apparel and leather 13T15 | C99: 산업>기타 | D99: 최종소비>산업>섬유및가죽
B100: wood products 16 | C100: 산업>기타 | D100: 최종소비>산업>목재및나무제품
B101: pulp paper and printing 17T18 | C101: 산업>기타 | D101: 최종소비>산업>제지및인쇄
B102: refined petroleum and coke 19 | C102: 포함안됨 | D102: 전환공정>석유정제 에너지산업 자체소비>석유정제 | F102: 전망치 부재로 2019년 소비량에 KEEI 석유 공급 BAU 성장률만큼 적용
B103: chemicals 20 | C103: 산업>석유화학 | D103: 최종소비>산업>화학및석유화학 | E103: 기초화학물질제조업, 비료,농약및살균,살충제제조업, 기타화학제품제조업,화학섬유제조업,기초의약물질및생물학적제제제조업,의약품제조업,의료용품및기타의약관련제품제조업
B104: rubber and plastic products 22 | C104: 산업>석유화학 | D104: 최종소비>산업>화학및석유화학 | E104: 합성고무및플라스틱물질제조업,고무제품제조업,플라스틱제품제조업
B105: glass and glass products 231 | C105: 산업>기타 | D105: 최종소비>산업>비금속광물 | E105: 유리및유리제품제조업
B106: cement and other nonmetallic minerals 239 | C106: 산업>기타 | D106: 최종소비>산업>비금속광물 | E106: 내화,비내화요업제품제조업,시멘트,석회,플라스터및그제품제조업,시멘트제조업,기타비금속광물제품제조업
B107: iron and steel 241 | C107: 산업>철강 | D107: 최종소비>산업>철강
B108: other metals 242 | C108: 산업>비철금속 | D108: 최종소비>산업>비철금속 | E108: 1차비철금속제조업
B109: metal products except machinery and vehicles 25 | C109: 산업>비철금속 | D109: 최종소비>산업>비철금속 | E109: 금속주조업,구조용금속제품,탱크및증기발생기제조업,무기및총포탄제조업,기타금속가공제품제조업
B110: computers and electronics 26 | C110: 산업>조립금속 | D110: 최종소비>산업>기계류 | E110: 반도체제조업,전자부품제조업,컴퓨터및주변장치제조업,통신및방송장비제조업,영상및음향기기제조업
B111: appliances and electrical equipment 27 | C111: 산업>조립금속 | D111: 최종소비>산업>기계류 | E111: 전동기,발전기및전기변환공급제어장치제조업,일차전지및축전지제조업,절연선및케이블제조업,전구및조명장치제조업,가정용기기제조업,기타전기장비제조업
B112: other machinery 28 | C112: 산업>조립금속 | D112: 최종소비>산업>기계류 | E112: 마그네틱및광학매체제조업,의료용기기제조업,측정,시험,항해,제어및기타정밀기기제조업;광학기기제외,사진장비및광학기기제조업,시계및시계부품제조업,일반목적용기계제조업,특수목적용기계제조업
B113: road vehicles 29 | C113: 산업>조립금속 | D113: 최종소비>산업>수송장비 | E113: 자동차용엔진및자동차제조업,자동차차체및트레일러제조업,자동차신품부품제조업,자동차재제조부품제조업
B114: nonroad vehicles 30 | C114: 산업>조립금속 | D114: 최종소비>산업>수송장비 | E114: 선박및보트건조업,철도장비제조업,항공기,우주선및부품제조업,그외기타운송장비제조업
B115: other manufacturing 31T33 | C115: 산업>기타 | D115: 최종소비>산업>기타제조
B116: energy pipelines and gas processing 352T353 | C116: 포함안됨 | D116: 전환공정>가스제조 에너지산업 자체소비>가스제조 | F116: 전망치 부재로 2019년 소비량에 KEEI 가스 공급 BAU 성장률만큼 적용
...

Sheet KEEI BAU - Overview
A1: 최종 소비 부문별∙원별 수요 - 기준 시나리오
A2: (단위: 백만 toe)
H3: 비중 (%) | K3: 증가율 (%)
B4: 2000 | C4: 2018 | D4: 2025 | E4: 2030 | F4: 2035 | G4: 2040 | H4: 2018 | I4: 2040 | K4: 00-18 | L4: 18-40
A5: 산업 | B5: 84.237 | C5: 145.02 | D5: 165.533 | E5: 174.054 | F5: 178.96 | G5: 182.278 | H5: 99.99 | I5: 100.01 | K5: 3.06 | L5: 1.04
A6: 석탄 | B6: 19.125 | C6: 31.992 | D6: 37.764 | E6: 39.494 | F6: 39.629 | G6: 38.875 | H6: 22.06 | I6: 21.33 | K6: 2.9 | L6: 0.89
A7: 석유 | B7: 48.522 | C7: 69.294 | D7: 76.964 | E7: 79.251 | F7: 80.3 | G7: 80.806 | H7: 47.78 | I7: 44.33 | K7: 2 | L7: 0.7
A8: 도시가스 | B8: 3.308 | C8: 9.904 | D8: 11.444 | E8: 12.468 | F8: 13.208 | G8: 13.796 | H8: 6.83 | I8: 7.57 | K8: 6.28 | L8: 1.52
A9: 전기 | B9: 11.374 | C9: 24.399 | D9: 27.743 | E9: 29.662 | F9: 31.249 | G9: 32.803 | H9: 16.82 | I9: 18 | K9: 4.33 | L9: 1.35
A10: 열에너지 | B10: 0 | C10: 0 | D10: 0 | E10: 0 | F10: 0 | G10: 0 | H10: 0 | I10: 0 | K10: - | L10: -
A11: 신재생∙기타 | B11: 1.908 | C11: 9.432 | D11: 11.618 | E11: 13.179 | F11: 14.574 | G11: 15.999 | H11: 6.5 | I11: 8.78 | K11: 9.29 | L11: 2.43
A13: 수송 | B13: 30.945 | C13: 42.96 | D13: 45.814 | E13: 46.412 | F13: 45.834 | G13: 44.568 | H13: 99.99 | I13: 100 | K13: 1.84 | L13: 0.17
A14: 석탄 | B14: 0 | C14: 0 | D14: 0 | E14: 0 | F14: 0 | G14: 0 | H14: 0 | I14: 0 | K14: - | L14: -
A15: 석유 | B15: 30.77 | C15: 40.782 | D15: 43.354 | E15: 43.739 | F15: 43.018 | G15: 41.669 | H15: 94.93 | I15: 93.5 | K15: 1.58 | L15: 0.1
A16: 도시가스 | B16: 0 | C16: 1.239 | D16: 1.452 | E16: 1.526 | F16: 1.437 | G16: 1.315 | H16: 2.88 | I16: 2.95 | K16: - | L16: 0.27
A17: 전기 | B17: 0.175 | C17: 0.255 | D17: 0.364 | E17: 0.522 | F17: 0.784 | G17: 1.018 | H17: 0.59 | I17: 2.28 | K17: 2.11 | L17: 6.49
A18: 열에너지 | B18: 0 | C18: 0 | D18: 0 | E18: 0 | F18: 0 | G18: 0 | H18: 0 | I18: 0 | K18: - | L18: -
A19: 신재생∙기타 | B19: 0 | C19: 0.684 | D19: 0.644 | E19: 0.625 | F19: 0.595 | G19: 0.566 | H19: 1.59 | I19: 1.27 | K19: - | L19: -0.86
A21: 가정 | B21: 21.16 | C21: 23.188 | D21: 21.98 | E21: 21.879 | F21: 21.817 | G21: 21.684 | H21: 100.01 | I21: 100 | K21: 0.51 | L21: -0.3
A22: 석탄 | B22: 0.536 | C22: 0.318 | D22: 0.18 | E22: 0.114 | F22: 0.07 | G22: 0.043 | H22: 1.37 | I22: 0.2 | K22: -2.86 | L22: -8.72
A23: 석유 | B23: 8.881 | C23: 3.366 | D23: 2.237 | E23: 1.699 | F23: 1.31 | G23: 1.016 | H23: 14.52 | I23: 4.68 | K23: -5.25 | L23: -5.3
A24: 도시가스 | B24: 7.353 | C24: 10.9 | D24: 10.433 | E24: 10.444 | F24: 10.455 | G24: 10.427 | H24: 47.01 | I24: 48.09 | K24: 2.21 | L24: -0.2
A25: 전기 | B25: 3.191 | C25: 6.079 | D25: 6.555 | E25: 6.813 | F25: 6.993 | G25: 7.096 | H25: 26.22 | I25: 32.72 | K25: 3.65 | L25: 0.71
A26: 열에너지 | B26: 1.084 | C26: 2.249 | D26: 2.087 | E26: 2.173 | F26: 2.237 | G26: 2.276 | H26: 9.7 | I26: 10.5 | K26: 4.14 | L26: 0.05
A27: 신재생∙기타 | B27: 0.115 | C27: 0.275 | D27: 0.488 | E27: 0.637 | F27: 0.753 | G27: 0.826 | H27: 1.19 | I27: 3.81 | K27: 4.96 | L27: 5.12
A29: 서비스 (상업, 공공, 기타) | B29: 13.616 | C29: 25.498 | D29: 28.228 | E29: 30.004 | F29: 31.235 | G29: 32.038 | H29: 100 | I29: 99.99 | K29: 3.55 | L29: 1.04
A30: 석탄 | B30: 0 | C30: 0.113 | D30: 0.104 | E30: 0.099 | F30: 0.094 | G30: 0.09 | H30: 0.44 | I30: 0.28 | K30: - | L30: -1.05
A31: 석유 | B31: 5.667 | C31: 3.388 | D31: 2.302 | E31: 1.986 | F31: 1.704 | G31: 1.495 | H31: 13.29 | I31: 4.66 | K31: -2.82 | L31: -3.65
A32: 도시가스 | B32: 1.9 | C32: 3.822 | D32: 5.206 | E32: 5.652 | F32: 6.005 | G32: 6.255 | H32: 14.99 | I32: 19.52 | K32: 3.96 | L32: 2.26
A33: 전기 | B33: 5.86 | C33: 14.516 | D33: 16.369 | E33: 17.688 | F33: 18.648 | G33: 19.315 | H33: 56.93 | I33: 60.29 | K33: 5.17 | L33: 1.31
A34: 열에너지 | B34: 0.083 | C34: 0.386 | D34: 0.451 | E34: 0.504 | F34: 0.526 | G34: 0.53 | H34: 1.51 | I34: 1.65 | K34: 8.88 | L34: 1.45
A35: 신재생∙기타 | B35: 0.107 | C35: 3.274 | D35: 3.796 | E35: 4.074 | F35: 4.259 | G35: 4.354 | H35: 12.84 | I35: 13.59 | K35: 20.93 | L35: 1.3
A37: 최종소비 부문별·상품별 수요 - 기준 시나리오(REF)
A38: (단위: 백만 toe)
G39: 비중 (%) | I39: 증가율 (%)
B40: 2000 | C40: 2022 | D40: 2030 | E40: 2040 | F40: 2050 | G40: 2022 | H40: 2050 | I40: 00-22 | J40: 22-50
A41: 산업 | B41: 79.699 | C41: 128.422 | D41: 141.854 | E41: 148.006 | F41: 147.586 | G41: 100.01 | H41: 100 | I41: 2.19 | J41: 0.5
A42: 석탄 | B42: 20.746 | C42: 29.789 | D42: 31.924 | E42: 29.763 | F42: 26.778 | G42: 23.2 | H42: 18.14 | I42: 1.66 | J42: -0.38
A43: 석유 | B43: 44.421 | C43: 60.481 | D43: 65.015 | E43: 67.85 | F43: 68.837 | G43: 47.1 | H43: 46.64 | I43: 1.41 | J43: 0.46
A44: 도시가스 | B44: 3.516 | C44: 10.011 | D44: 12.151 | E44: 14.108 | F44: 14.767 | G44: 7.8 | H44: 10.01 | I44: 4.87 | J44: 1.4
A45: 전기 | B45: 11.017 | C45: 23.57 | D45: 27.631 | E45: 30.23 | F45: 30.279 | G45: 18.35 | H45: 20.52 | I45: 3.52 | J45: 0.9
A46: 열에너지 | B46: 0 | C46: 0 | D46: 0 | E46: 0 | F46: 0 | G46: 0 | H46: 0 | I46: - | J46: -
A47: 신재생∙기타 | B47: 0 | C47: 4.571 | D47: 5.134 | E47: 6.056 | F47: 6.925 | G47: 3.56 | H47: 4.69 | I47: 56.84 | J47: 1.49
A49: 수송 | B49: 25.007 | C49: 36.291 | D49: 32.733 | E49: 26.839 | F49: 19.858 | G49: 100 | H49: 100 | I49: 1.71 | J49: -2.13
A50: 석탄 | B50: 0 | C50: 0 | D50: 0 | E50: 0 | F50: 0 | G50: 0 | H50: 0 | I50: - | J50: -
A51: 석유 | B51: 24.832 | C51: 34.238 | D51: 29.848 | E51: 23.436 | F51: 15.899 | G51: 94.34 | H51: 80.06 | I51: 1.47 | J51: -2.7
A52: 도시가스 | B52: 0 | C52: 1.025 | D52: 1.419 | E52: 0.791 | F52: 0.129 | G52: 2.83 | H52: 0.65 | I52: - | J52: -7.13
A53: 전기 | B53: 0.175 | C53: 0.346 | D53: 0.769 | E53: 1.031 | F53: 1.269 | G53: 0.95 | H53: 6.39 | I53: 3.14 | J53: 4.75
A54: 열에너지 | B54: 0 | C54: 0 | D54: 0 | E54: 0 | F54: 0 | G54: 0 | H54: 0 | I54: - | J54: -
A55: 신재생∙기타 | B55: 0 | C55: 0.682 | D55: 0.696 | E55: 1.581 | F55: 2.561 | G55: 1.88 | H55: 12.9 | I55: - | J55: 4.84
A57: 가정 | B57: 16.284 | C57: 23.216 | D57: 22.286 | E57: 21.759 | F57: 20.522 | G57: 100 | H57: 99.99 | I57: 1.63 | J57: -0.44
A58: 석탄 | B58: 0.45 | C58: 0.182 | D58: 0.05 | E58: 0.015 | F58: 0.004 | G58: 0.78 | H58: 0.02 | I58: -4.03 | J58: -12.57
A59: 석유 | B59: 4.099 | C59: 2.026 | D59: 1.224 | E59: 0.899 | F59: 0.616 | G59: 8.73 | H59: 3 | I59: -3.15 | J59: -4.16
A60: 도시가스 | B60: 7.353 | C60: 11.469 | D60: 10.623 | E60: 10.084 | F60: 9.203 | G60: 49.4 | H60: 44.84 | I60: 2.04 | J60: -0.78
A61: 전기 | B61: 3.191 | C61: 6.756 | D61: 7.586 | E61: 7.903 | F61: 7.884 | G61: 29.1 | H61: 38.42 | I61: 3.47 | J61: 0.55
A62: 열에너지 | B62: 1.113 | C62: 2.337 | D62: 2.363 | E62: 2.366 | F62: 2.289 | G62: 10.07 | H62: 11.15 | I62: 3.43 | J62: -0.07
A63: 신재생∙기타 | B63: 0.078 | C63: 0.445 | D63: 0.44 | E63: 0.493 | F63: 0.526 | G63: 1.92 | H63: 2.56 | I63: 8.25 | J63: 0.6
A65: 서비스 (상업, 공공, 기타) | B65: 18.704 | C65: 24.222 | D65: 27.937 | E65: 31.368 | F65: 31.819 | G65: 100 | H65: 100 | I65: 1.18 | J65: 0.98
A66: 석탄 | B66: 0.021 | C66: 0.017 | D66: 0.01 | E66: 0.004 | F66: 0.001 | G66: 0.07 | H66: 0 | I66: -0.91 | J66: -8.71
A67: 석유 | B67: 10.449 | C67: 3.29 | D67: 2.467 | E67: 1.511 | F67: 0.829 | G67: 13.58 | H67: 2.61 | I67: -5.12 | J67: -4.8
A68: 도시가스 | B68: 1.849 | C68: 3.558 | D68: 4.584 | E68: 5.671 | F68: 6.145 | G68: 14.69 | H68: 19.31 | I68: 3.02 | J68: 1.97
A69: 전기 | B69: 5.86 | C69: 15.367 | D69: 17.563 | E69: 19.125 | F69: 19.018 | G69: 63.44 | H69: 59.77 | I69: 4.48 | J69: 0.76
... A71: 신재생∙기타 | B71: 0.43 | C71: 1.455 | D71: 2.673 | E71: 4.258 | F71: 4.94 | G71: 6.01 | H71: 15.52 | I71: 5.69 | J71: 4.46
A72: 주) 보고서 본문에서 설명한 산업 부문 에너지 수요는 에너지전환 산업인 석유정제의 자체소비를 포함하지만, 여기서는 석유정제 자체소비를 제외한 수치를 제시함.

Sheet KEEI BAU - Industry
N2: Conversion rate (1 MTOE =):
N3: =About!C89 -> 39656668310000 | O3: BTU | P3: 값복사된 데이터 출처 파악 불가 - 다른 탭과 다르게 trend 함수를 사용하지 않음(값이 다름). 다른 탭과 동일하게 trend함수 사용하는 것이 적절해 보이나 다른 탭(Gas, Oil, Coal)과의 정합성을 기존에는 어떻게 고려했는지 알 수 없음
A4: 산업 부문 주요 지표 및 에너지 수요 (2) - 기준 시나리오(REF) | P4: 값복사되어 지수표시를 숫자표시로 변환 불가.
A5: unit: M TOE | N5: unit: BTU
H6: 비중 (%) | K6: 증가율 (%)
B7: 2000 | C7: 2018 | D7: 2022 | E7: 2030 | F7: 2040 | G7: 2050 | H7: 2022 | I7: 2050 | K7: 00-22 | L7: 22-50 | O7: 2000 | P7: 2018 | Q7: 2019 | R7: 2020 | S7: 2021 | T7: 2022 | U7: 2023 | V7: 2024 | W7: 2025 | X7: 2026 | Y7: 2027 | Z7: 2028 | AA7: 2029 | AB7: 2030 | AC7: 2031 | AD7: 2032 | AE7: 2033 | AF7: 2034 | AG7: 2035 | AH7: 2036 | AI7: 2037 | AJ7: 2038 | AK7: 2039 | AL7: 2040 | AM7: 2041 | AN7: 2042 | AO7: 2043 | AP7: 2044 | AQ7: 2045 | AR7: 2046 | AS7: 2047 | AT7: 2048 | AU7: 2049 | AV7: 2050 | AW7: CAGR(2020-2050)
A8: 주요 업종별 에너지 수요 | N8: 주요 업종별 에너지 수요
A9: 석유화학 | B9: 35.962 | C9: 71.519 | D9: 81.052 | E9: 73.45 | F9: 79.044 | G9: 81.484 | H9: 100 | I9: 100 | K9: 3.16 | L9: 0.75 | N9: 석유화학 | O9: =B9*$N$3 -> 1.4261331e+15 | P9: =AK64*$N$3 -> 2.8588975e+15 | Q9: =AL64*$N$3 -> 2.8553897e+15 | R9: =AM64*$N$3 -> 2.7424203e+15 | S9: =AN64*$N$3 -> 3.0278111e+15 | T9: =AO64*$N$3 -> 2.8737092e+15 | U9: =AP64*$N$3 -> 2.6895518e+15 | V9: =AQ64*$N$3 -> 2.6200184e+15 | W9: =AR64*$N$3 -> 2.5883076e+15 | ... AV9: =BQ64*$N$3 -> 2.2045622e+15 | AW9: =(AV9/R9)^(1/30)-1 -> -0.0072506491
A10: Coal | B10: 0.273 | C10: 0.219 | D10: 0.26 | E10: 2.947 | F10: 3.047 | G10: 2.891 | H10: 4.06 | I10: 3.55 | K10: 2.88 | L10: 0.27 | N10: Coal | O10: =B10*$N$3 -> 10826270448630 | P10: =AK65*$N$3 -> 8.673072e+12 | Q10: =AL65*$N$3 -> 8.1256117e+12 | R10: =AM65*$N$3 -> 8.0637473e+12 | S10: =AN65*$N$3 -> 9.0786481e+12 | T10: =AO65*$N$3 -> 8.6349756e+12 | U10: =AP65*$N$3 -> 8.1117724e+12 | V10: =AQ65*$N$3 -> 7.9125357e+12 | W10: =AR65*$N$3 -> 7.8264456e+12 | ... AV10: =BQ65*$N$3 -> 3.4221114e+12
A11: Petroleum | B11: 33.057 | C11: 62.288 | D11: 69.562 | E11: 59.666 | F11: 62.814 | G11: 63.743 | H11: 83.36 | I11: 78.23 | K11: 2.86 | L11: 0.53 | N11: Petroleum | O11: =B11*$N$3 -> 1.3109305e+15 | P11: =AK66*$N$3 -> 2.4602108e+15 | Q11: =AL66*$N$3 -> 2.4093415e+15 | R11: =AM66*$N$3 -> 2.2919162e+15 | S11: =AN66*$N$3 -> 2.5667689e+15 | T11: =AO66*$N$3 -> 2.4212403e+15 | U11: =AP66*$N$3 -> 2.2516092e+15 | V11: =AQ66*$N$3 -> 2.1804713e+15 | W11: =AR66*$N$3 -> 2.1413461e+15 | ... AV11: =BQ66*$N$3 -> 1.6955479e+15
A12: Gas | B12: 0.319 | C12: 3.653 | D12: 4.596 | E12: 3.339 | F12: 4.041 | G12: 4.488 | H12: 3.39 | I12: 5.51 | K12: 9.25 | L12: 2.52 | N12: Gas | O12: =B12*$N$3 -> 12650477190890 | P12: =AK67*$N$3 -> 1.7748504e+14 | Q12: =AL67*$N$3 -> 2.2520792e+14 | R12: =AM67*$N$3 -> 2.3965845e+14 | S12: =AN67*$N$3 -> 2.6982179e+14 | T12: =AO67*$N$3 -> 2.7059338e+14 | U12: =AP67*$N$3 -> 2.6708714e+14 | V12: =AQ67*$N$3 -> 2.7288809e+14 | W12: =AR67*$N$3 -> 2.819413e+14 | ... AV12: =BQ67*$N$3 -> 2.9900454e+14
A13: Electricity | B13: 2.313 | C13: 5.359 | D13: 6.633 | E13: 5.711 | F13: 7.024 | G13: 7.997 | H13: 6.96 | I13: 9.81 | K13: 3.89 | L13: 2 | N13: Electricity | O13: =B13*$N$3 -> 91725873801030 | P13: =AK68*$N$3 -> 2.1252857e+14 | Q13: =AL68*$N$3 -> 2.1271464e+14 | R13: =AM68*$N$3 -> 2.0278188e+14 | S13: =AN68*$N$3 -> 1.8214177e+14 | T13: =AO68*$N$3 -> 1.7324052e+14 | U13: =AP68*$N$3 -> 1.6274368e+14 | V13: =AQ68*$N$3 -> 1.5874646e+14 | W13: =AR68*$N$3 -> 1.5701927e+14 | ... AV13: =BQ68*$N$3 -> 1.3731327e+14
A14: Renewables | B14: 0 | C14: 0 | D14: 0 | E14: 1.787 | F14: 2.118 | G14: 2.364 | H14: 2.23 | I14: 2.9 | K14: - | L14: 1.71 | N14: Renewables | O14: =B14*$N$3 -> 0 | P14: =AK69*$N$3 -> 0 | Q14: =AL69*$N$3 -> 0 | R14: =AM69*$N$3 -> 0 | S14: =AN69*$N$3 -> 0 | T14: =AO69*$N$3 -> 0 | U14: =AP69*$N$3 -> 0 | V14: =AQ69*$N$3 -> 0 | W14: =AR69*$N$3 -> 1.7449474e+11 | ... AV14: =BQ69*$N$3 -> 6.9274386e+13
A16: Non-ferrous Metals | B16: 5.689 | C16: 4.321 | D16: 4.504 | E16: 5.372 | F16: 5.366 | G16: 4.799 | H16: 100 | I16: 100 | K16: -0.57 | L16: -0.14 | N16: 비철금속 | O16: =B16*$N$3 -> 225606786015590 | P16: =C16*$N$3 -> 171356463767510 | Q16: =SUM(Q17:Q21) -> 1.7928695e+14 | R16: 1.803188e+14 | S16: 1.7997777e+14 | T16: =D16*$N$3 -> 1.7861363e+14 | U16: 1.792957e+14 | V16: 1.7895467e+14 | W16: 1.7861363e+14 | X16: 178550183398944 | Y16: 178486732729648 | Z16: 178423282060352 | AA16: 1.7835983e+14 | AB16: 1.7829638e+14 | AC16: 177963264707956 | AD16: 177630148694152 | AE16: 177297032680348 | AF16: 176963916666544 | AG16: 176630800652740 | AH16: 1.7644045e+14 | AI16: 1.762501e+14 | AJ16: 1.7605974e+14 | AK16: 1.7586939e+14 | AL16: 175679040613300 | AM16: 1.7529834e+14 | AN16: 1.7504742e+14 | AO16: 1.747965e+14 | AP16: 1.7454558e+14 | AQ16: 1.7429466e+14 | AR16: 1.7404374e+14 | AS16: 1.7379283e+14 | AT16: 1.7354191e+14 | AU16: 173290988150705 | AV16: 1.7304007e+14 | AW16: =(AV16/R16)^(1/30)-1 -> -0.0013724983
A17: Coal | B17: 3.529 | C17: 2.196 | D17: 2.164 | E17: 1.847 | F17: 1.636 | G17: 1.365 | H17: 42.9 | I17: 28.45 | K17: -2.21 | L17: -1.6 | N17: Coal | O17: =B17*$N$3 -> 139948382465990 | P17: =C17*$N$3 -> 87086043608760 | Q17: =P17*P$113 -> 8.6284397e+13 | R17: 8.2115832e+13 | S17: 8.2856072e+13 | T17: =D17*$N$3 -> 85817030222840 | U17: 8.4336551e+13 | V17: 8.5076791e+13 | W17: 85817030222840 | X17: 85158729528894 | Y17: 84500428834948 | Z17: 83842128141002 | AA17: 83183827447056 | AB17: 82525526753110 | AC17: 81827569390854 | AD17: 81129612028598 | AE17: 80431654666342 | AF17: 79733697304086 | AG17: 79035739941830 | AH17: 78456752584504 | AI17: 77877765227178 | AJ17: 77298777869852 | AK17: 76719790512526 | AL17: 76140803155200 | AM17: 75403189124634 | AN17: 7.477373e+13 | AO17: 7.414427e+13 | AP17: 73514810682745 | AQ17: 7.2885351e+13 | AR17: 7.2255892e+13 | AS17: 7.1626432e+13 | AT17: 7.0996973e+13 | AU17: 7.0367513e+13 | AV17: 6.9738054e+13
A18: Petroleum | B18: 1.136 | C18: 0.534 | D18: 0.549 | E18: 0.705 | F18: 0.67 | G18: 0.506 | H18: 9.49 | I18: 10.55 | K18: -3.89 | L18: 0.23 | N18: Petroleum | O18: =B18*$N$3 -> 4.5049975e+13 | P18: =C18*$N$3 -> 21176660877540 | Q18: =P18*P$114 -> 2.1152823e+13 | R18: 2.0318507e+13 | S18: 2.0609108e+13 | T18: =D18*$N$3 -> 21771510902190 | U18: 2.1190309e+13 | V18: 2.148091e+13 | W18: 21771510902190 | X18: 21763579568528 | Y18: 21755648234866 | Z18: 21747716901204 | AA18: 21739785567542 | AB18: 21731854233880 | AC18: 21684266231908 | AD18: 21636678229936 | AE18: 21589090227964 | AF18: 21541502225992 | AG18: 21493914224020 | AH18: 21493914224020 | AI18: 21493914224020 | AJ18: 21493914224020 | AK18: 21493914224020 | AL18: 21493914224020 | AM18: 21430463554724 | AN18: 2.1410275e+13 | AO18: 2.1390086e+13 | AP18: 2.1369897e+13 | AQ18: 2.1349708e+13 | AR18: 2.1329519e+13 | AS18: 2.130933e+13 | AT18: 2.1289142e+13 | AU18: 2.1268953e+13 | AV18: 2.1248764e+13
A19: Gas | B19: 0.252 | C19: 0.547 | D19: 0.633 | E19: 0.848 | F19: 0.975 | G19: 0.873 | H19: 10.66 | I19: 18.18 | K19: 3.46 | L19: 1.78 | N19: Gas | O19: =B19*$N$3 -> 9993480414120 | P19: =C19*$N$3 -> 21692197565570 | Q19: =P19*P$115 -> 3.0984292e+13 | R19: 3.8328559e+13 | S19: 3.5683381e+13 | T19: =D19*$N$3 -> 25102671040230 | U19: 3.0393026e+13 | V19: 2.7747849e+13 | W19: 25102671040230 | X19: 25356473717414 | Y19: 25610276394598 | Z19: 25864079071782 | AA19: 26117881748966 | AB19: 26371684426150 | AC19: 26514448432066 | AD19: 26657212437982 | AE19: 26799976443898 | AF19: 26942740449814 | AG19: 2.7085504e+13 | AH19: 27148955125026 | AI19: 27212405794322 | AJ19: 27275856463618 | AK19: 27339307132914 | AL19: 2.7402758e+13 | AM19: 2.757196e+13 | AN19: 2.7669058e+13 | AO19: 2.7766157e+13 | AP19: 2.7863256e+13 | AQ19: 2.7960355e+13 | AR19: 2.8057453e+13 | AS19: 2.8154552e+13 | AT19: 2.8251651e+13 | AU19: 2.834875e+13 | AV19: 2.8445848e+13
A20: Electricity | B20: 0.772 | C20: 1.045 | D20: 1.157 | E20: 1.232 | F20: 1.365 | G20: 1.358 | H20: 20.32 | I20: 28.3 | K20: 1.25 | L20: 1.05 | N20: Electricity | O20: =B20*$N$3 -> 30614947935320 | P20: =C20*$N$3 -> 41441218383950 | Q20: =P20*P$117 -> 4.0865434e+13 | R20: 3.9555905e+13 | S20: 4.0821277e+13 | T20: =D20*$N$3 -> 45882765234670 | U20: 4.3352021e+13 | V20: 4.4617393e+13 | W20: 45882765234670 | X20: 46231743915798 | Y20: 46580722596926 | Z20: 46929701278054 | AA20: 47278679959182 | AB20: 47627658640310 | AC20: 47913186652142 | AD20: 48198714663974 | AE20: 48484242675806 | AF20: 48769770687638 | AG20: 4.9055299e+13 | AH20: 49364620712288 | AI20: 49673942725106 | AJ20: 49983264737924 | AK20: 50292586750742 | AL20: 50601908763560 | AM20: 50879505441730 | AN20: 5.1178733e+13 | AO20: 5.1477961e+13 | AP20: 5.1777188e+13 | AQ20: 52076415794359 | AR20: 5.2375643e+13 | AS20: 5.2674871e+13 | AT20: 5.2974099e+13 | AU20: 5.3273326e+13 | AV20: 5.3572554e+13
A21: Renewables | B21: 0 | C21: 0 | D21: 0 | E21: 0.74 | F21: 0.72 | G21: 0.697 | H21: 16.62 | I21: 14.52 | K21: - | L21: -0.62 | N21: Renewables | O21: =B21*$N$3 -> 0 | P21: =C21*$N$3 -> 0 | Q21: =P21*P$118 -> 0 | R21: 0 | S21: 0 | T21: =D21*$N$3 -> 0 | U21: 0 | V21: 0 | W21: 0 | X21: 0 | Y21: 0 | Z21: 0 | AA21: 0 | AB21: 0 | AC21: 0 | AD21: 0 | AE21: 0 | AF21: 0 | AG21: 0 | AH21: 0 | AI21: 0 | AJ21: 0 | AK21: 0 | AL21: 0 | AM21: 0 | AN21: 0 | AO21: 0 | AP21: 0 | AQ21: 0 | AR21: 0 | AS21: 0 | AT21: 0 | AU21: 0 | AV21: 0
AB22: 0 | AG22: 0 | AL22: 0
A23: Steel | B23: 16.564569 | C23: 30.283731 | D23: 34.202 | E23: 28.983 | F23: 27.759 | G23: 26.018 | H23: 100 | I23: 100 | K23: 1.91 | L23: 0.02 | N23: 철강 | O23: =B23*$N$3 -> 6.5689561e+14 | P23: =AK74*$N$3 -> 9.6126421e+14 | Q23: =AL74*$N$3 -> 9.6351444e+14 | R23: =AM74*$N$3 -> 9.1222807e+14 | S23: =AN74*$N$3 -> 9.4998318e+14 | T23: =AO74*$N$3 -> 8.7604593e+14 | U23: =AP74*$N$3 -> 8.7546875e+14 | V23: =AQ74*$N$3 -> 879196923331805 | W23: =AR74*$N$3 -> 879196923331805 | ... AV23: =BQ74*$N$3 -> 3.299081e+14 | AW23: =(AV23/R23)^(1/30)-1 -> -0.033334279
A24: Coal | B24: 13.275017 | C24: 25.562887 | D24: 29.732 | E24: 23.985 | F24: 22.204 | G24: 20.216 | H24: 84.12 | I24: 77.7 | K24: 2.17 | L24: -0.27 | N24: Coal | O24: =B24*$N$3 -> 5.2644296e+14 | P24: =AK75*$N$3 -> 7.7259121e+14 | Q24: =AL75*$N$3 -> 7.789444e+14 | R24: =AM75*$N$3 -> 739444659395065 | S24: =AN75*$N$3 -> 7.6796476e+14 | T24: =AO75*$N$3 -> 7.0818021e+14 | U24: =AP75*$N$3 -> 7.1226714e+14 | V24: =AQ75*$N$3 -> 7.1199918e+14 | W24: =AR75*$N$3 -> 7.1199918e+14 | ... AV24: =BQ75*$N$3 -> 1.6933679e+13
A25: Petroleum | B25: 0.92281654 | C25: 0.068318916 | D25: 0.058 | E25: 0.065 | F25: 0.059 | G25: 0.052 | H25: 0.21 | I25: 0.2 | K25: -11.99 | L25: -0.22 | N25: Petroleum | O25: =B25*$N$3 -> 3.6595829e+13 | P25: =AK76*$N$3 -> 0 | Q25: =AL76*$N$3 -> 0 | R25: =AM76*$N$3 -> 0 | S25: =AN76*$N$3 -> 0 | T25: =AO76*$N$3 -> 0 | U25: =AP76*$N$3 -> 0 | V25: =AQ76*$N$3 -> 0 | W25: =AR76*$N$3 -> 0 | ... AV25: =BQ76*$N$3 -> 0
A26: Gas | B26: 0.64701865 | C26: 1.6552676 | D26: 1.786 | E26: 2.168 | F26: 2.873 | G26: 3.449 | H26: 7.02 | I26: 13.26 | K26: 3.49 | L26: 2.31 | N26: Gas | O26: =B26*$N$3 -> 2.5658604e+13 | P26: =AK77*$N$3 -> 9.1461566e+13 | Q26: =AL77*$N$3 -> 8.9762549e+13 | R26: =AM77*$N$3 -> 8.4158588e+13 | S26: =AN77*$N$3 -> 8.8518966e+13 | T26: =AO77*$N$3 -> 8.1635342e+13 | U26: =AP77*$N$3 -> 7.9664693e+13 | V26: =AQ77*$N$3 -> 8.1393606e+13 | W26: =AR77*$N$3 -> 8.1393606e+13 | ... AV26: =BQ77*$N$3 -> 1.3778e+14
A27: Electricity | B27: 1.7197165 | C27: 2.9972576 | D27: 2.625 | E27: 2.754 | F27: 2.611 | G27: 2.289 | H27: 8.6 | I27: 8.8 | K27: 1.18 | L27: 0.1 | N27: Electricity | O27: =B27*$N$3 -> 6.8198225e+13 | P27: =AK78*$N$3 -> 9.7211435e+13 | Q27: =AL78*$N$3 -> 9.4807497e+13 | R27: =AM78*$N$3 -> 8.8624821e+13 | S27: =AN78*$N$3 -> 9.3499452e+13 | T27: =AO78*$N$3 -> 8.623038e+13 | U27: =AP78*$N$3 -> 8.3536917e+13 | V27: =AQ78*$N$3 -> 8.580414e+13 | W27: =AR78*$N$3 -> 8.580414e+13 | ... AV27: =BQ78*$N$3 -> 1.7519443e+14
A28: Renewables | B28: 0 | C28: 0 | D28: 0 | E28: 0.011 | F28: 0.012 | G28: 0.013 | H28: 0.04 | I28: 0.05 | K28: - | L28: 0.47 | N28: Renewables | O28: =B28*$N$3 -> 0 | P28: =AK79*$N$3 -> 0 | Q28: =AL79*$N$3 -> 0 | R28: =AM79*$N$3 -> 0 | S28: =AN79*$N$3 -> 0 | T28: =AO79*$N$3 -> 0 | U28: =AP79*$N$3 -> 0 | V28: =AQ79*$N$3 -> 0 | W28: =AR79*$N$3 -> 0 | ... AV28: =BQ79*$N$3 -> 0
AB29: 0 | AG29: 0 | AL29: 0
A30: Electronics | B30: 5.107768 | C30: 11.42409 | D30: 13.128 | E30: =E37+E44 -> 14.056 | F30: =F37+F44 -> 14.748 | G30: =G37+G44 -> 14.15 | N30: 조립금속 | O30: =B30*$N$3 -> 2.0255706e+14 | P30: =C30*$N$3 -> 4.5304137e+14 | Q30: =SUM(Q31:Q35) -> 4.8138462e+14 | R30: 4.9585224e+14 | S30: 5.0080434e+14 | T30: =D30*$N$3 -> 520612741573680 | U30: 5.1070854e+14 | V30: 5.1566064e+14 | W30: 520612741573680 | X30: 529828951288920 | Y30: 539045161004164 | Z30: 548261370719408 | AA30: 557477580434652 | AB30: 566693790149900 | AC30: 574522016474292 | AD30: 582350242798686 | AE30: 590178469123080 | AF30: 598006695447474 | AG30: 605834921771870 | AH30: 613932813440770 | AI30: 622030705109672 | AJ30: 630128596778574 | AK30: 638226488447476 | AL30: 6.4632438e+14 | AM30: 654062717992606 | AN30: 662046206182018 | AO30: 670029694371432 | AP30: 678013182560846 | AQ30: 685996670750260 | AR30: 693980158939674 | AS30: 701963647129088 | AT30: 709947135318502 | AU30: 717930623507916 | AV30: 725914111697330 | AW30: =(AV30/R30)^(1/30)-1 -> 0.012786177
A31: Coal | B31: 0 | C31: 0 | D31: 0 | E31: =E38+E45 -> 0.09 | F31: =F38+F45 -> 0.091 | G31: =G38+G45 -> 0.084 | N31: Coal | O31: =B31*$N$3 -> 0 | P31: =C31*$N$3 -> 0 | Q31: =P31*P$113 -> 0 | R31: 0 | S31: 0 | T31: =D31*$N$3 -> 0 | U31: 0 | V31: 0 | W31: 0 | X31: 0 | Y31: 0 | Z31: 0 | AA31: 0 | AB31: 0 | AC31: 0 | AD31: 0 | AE31: 0 | AF31: 0 | AG31: 0 | AH31: 0 | AI31: 0 | AJ31: 0 | AK31: 0 | AL31: 0 | AM31: 0 | AN31: 0 | AO31: 0 | AP31: 0 | AQ31: 0 | AR31: 0 | AS31: 0 | AT31: 0 | AU31: 0 | AV31: 0
A32: Petroleum | B32: 1.5485365 | C32: 0.28404264 | D32: 0.272 | E32: =E39+E46 -> 0.326 | F32: =F39+F46 -> 0.279 | G32: =G39+G46 -> 0.236 | N32: Petroleum | O32: =B32*$N$3 -> 6.14098e+13 | P32: =C32*$N$3 -> 1.1264185e+13 | Q32: =P32*P$114 -> 1.1251505e+13 | R32: 1.080772e+13 | S32: 1.0803499e+13 | T32: =D32*$N$3 -> 10786613780320 | U32: 1.0795056e+13 | V32: 1.0790835e+13 | W32: 10786613780320 | X32: 10556605104122 | Y32: 10326596427924 | Z32: 10096587751726 | AA32: 9866579075528 | AB32: 9636570399330 | AC32: 9430355724118 | AD32: 9224141048906 | AE32: 9017926373694 | AF32: 8811711698482 | AG32: 8605497023270 | AH32: 8391351014396 | AI32: 8177205005522 | AJ32: 7963058996648 | AK32: 7748912987774 | AL32: 7534766978900 | AM32: 7.3311961e+12 | AN32: 7.1204149e+12 | AO32: 6.9096337e+12 | AP32: 6698852479614 | AQ32: 6.4880713e+12 | AR32: 6.2772901e+12 | AS32: 6.0665089e+12 | AT32: 5855727676999 | AU32: 5.6449465e+12 | AV32: 5.4341653e+12
A33: Gas | B33: 0.72147075 | C33: 1.9667732 | D33: 2.108 | E33: =E40+E47 -> 2.01 | F33: =F40+F47 -> 2.009 | G33: =G40+G47 -> 1.882 | N33: Gas | O33: =B33*$N$3 -> 2.8611126e+13 | P33: =C33*$N$3 -> 7.7995673e+13 | Q33: =P33*P$115 -> 1.1140599e+14 | R33: 137812766707800 | S33: 126969464725736 | T33: =D33*$N$3 -> 83596256797480 | U33: 1.0528286e+14 | V33: 9.4439559e+13 | W33: 83596256797480 | X33: 85317356202134 | Y33: 87038455606788 | Z33: 88759555011442 | AA33: 90480654416096 | AB33: 92201753820750 | AC33: 93780089219488 | AD33: 95358424618226 | AE33: 96936760016964 | AF33: 98515095415702 | AG33: 100093430814440 | AH33: 101751079549798 | AI33: 103408728285156 | AJ33: 105066377020514 | AK33: 106724025755872 | AL33: 108381674491230 | AM33: 1.0993357e+14 | AN33: 111557572764250 | AO33: 1.1318157e+14 | AP33: 114805574070561 | AQ33: 116429574723717 | AR33: 1.1805358e+14 | AS33: 119677576030028 | AT33: 1.2130158e+14 | AU33: 122925577336339 | AV33: 1.2454958e+14
A34: Electricity | B34: 2.8377607 | C34: 9.1732746 | D34: 10.747 | E34: =E41+E48 -> 11.165 | F34: =F41+F48 -> 11.844 | G34: =G41+G48 -> 11.388 | N34: Electricity | O34: =B34*$N$3 -> 1.1253613e+14 | P34: =C34*$N$3 -> 3.6378151e+14 | Q34: =P34*P$117 -> 3.5872712e+14 | R34: 3.4723175e+14 | S34: 3.6302345e+14 | T34: =D34*$N$3 -> 426190214327570 | U34: 3.9460683e+14 | V34: 4.1039852e+14 | W34: 426190214327570 | X34: 433923264648018 | Y34: 441656314968468 | Z34: 449389365288918 | AA34: 457122415609368 | AB34: 464855465929820 | AC34: 471311571530688 | AD34: 477767677131556 | AE34: 484223782732424 | AF34: 490679888333292 | AG34: 497135993934160 | AH34: 503782451542916 | AI34: 510428909151672 | AJ34: 517075366760428 | AK34: 523721824369184 | AL34: 530368281977940 | AM34: 536760936909512 | AN34: 543326639120982 | AO34: 549892341332454 | AP34: 556458043543924 | AQ34: 563023745755394 | AR34: 569589447966864 | AS34: 576155150178334 | AT34: 582720852389804 | AU34: 589286554601274 | AV34: 595852256812744
A35: Renewables | B35: 0 | C35: 0 | D35: 0 | E35: =E42+E49 -> 0.466 | F35: =F42+F49 -> 0.525 | G35: =G42+G49 -> 0.559 | N35: Renewables | O35: =B35*$N$3 -> 0 | P35: =C35*$N$3 -> 0 | Q35: =P35*P$118 -> 0 | R35: 0 | S35: 0 | T35: =D35*$N$3 -> 0 | U35: 0 | V35: 0 | W35: 0 | X35: 0 | Y35: 0 | Z35: 0 | AA35: 0 | AB35: 0 | AC35: 0 | AD35: 0 | AE35: 0 | AF35: 0 | AG35: 0 | AH35: 0 | AI35: 0 | AJ35: 0 | AK35: 0 | AL35: 0 | AM35: 0 | AN35: 0 | AO35: 0 | AP35: 0 | AQ35: 0 | AR35: 0 | AS35: 0 | AT35: 0 | AU35: 0 | AV35: 0
R36: -5 | S36: -4 | U36: -2 | V36: -1 | W36: 0 | AB36: 0 | AG36: 0 | AL36: 0 | AW36: =RATE(30,0,-R36,AV36) -> #NUM!
A37: 기계류 | B37: 3.32979 | D37: 9.89608 | E37: 10.831 | F37: 11.5 | G37: 11.141 | H37: 100 | I37: 100 | K37: 5.08 | L37: 0.42
A38: 석탄 | B38: 0 | D38: 0.085575 | E38: 0.09 | F38: 0.091 | G38: 0.084 | H38: 0.86 | I38: 0.76 | K38: - | L38: -0.06
A39: 석유 | B39: 0.576626 | D39: 0.081406 | E39: 0.066 | F39: 0.032 | G39: 0.024 | H39: 0.82 | I39: 0.22 | K39: -8.51 | L39: -4.27
A40: 가스 | B40: 0.721471 | D40: 1.456596 | E40: 1.39 | F40: 1.44 | G40: 1.356 | H40: 14.72 | I40: 12.17 | K40: 3.25 | L40: -0.26
A41: 전기 | B41: 2.031693 | D41: 7.959385 | E41: 8.936 | F41: 9.534 | G41: 9.235 | H41: 80.43 | I41: 82.89 | K41: 6.4 | L41: 0.53
A42: 신재생 | B42: 0 | D42: 0.313118 | E42: 0.349 | F42: 0.404 | G42: 0.442 | H42: 3.16 | I42: 3.97 | K42: - | L42: 1.24
A44: 수송장비 | B44: 1.778009 | D44: 3.099638 | E44: 3.225 | F44: 3.248 | G44: 3.009 | H44: 100 | I44: 100 | K44: 2.56 | L44: -0.11
A45: 석탄 | B45: 0 | D45: 0 | E45: 0 | F45: 0 | G45: 0 | H45: 0 | I45: 0 | K45: - | L45: -
A46: 석유 | B46: 0.971941 | D46: 0.244794 | E46: 0.26 | F46: 0.247 | G46: 0.212 | H46: 7.9 | I46: 7.06 | K46: -6.08 | L46: -0.51
A47: 가스 | B47: 0 | D47: 0.79857 | E47: 0.62 | F47: 0.569 | G47: 0.526 | H47: 25.76 | I47: 17.48 | K47: - | L47: -1.48
A48: 전기 | B48: 0.806068 | D48: 1.95584 | E48: 2.229 | F48: 2.31 | G48: 2.153 | H48: 63.1 | I48: 71.57 | K48: 4.11 | L48: 0.34
A49: 신재생 | B49: 0 | D49: 0.100434 | E49: 0.117 | F49: 0.121 | G49: 0.117 | H49: 3.24 | I49: 3.89 | K49: - | L49: 0.55
A50: 조립금속부문이 기계류와 수송장비 카테고리로 나뉘게 됨 | T50: 음수가 나오게 되어 업데이트 불가
A51: Others | B51: ='KEEI BAU - Overview'!B41-SUM('KEEI BAU - Industry'!B9,'KEEI BAU - Industry'!B16,'KEEI BAU - Industry'!B23,'KEEI BAU - Industry'!B30) -> 16.375663 | C51: ='KEEI BAU - Overview'!C5-SUM('KEEI BAU - Industry'!C9,'KEEI BAU - Industry'!C16,'KEEI BAU - Industry'!C23,'KEEI BAU - Industry'!C30) -> 27.472178 | D51: ='KEEI BAU - Overview'!C41-SUM('KEEI BAU - Industry'!D9,'KEEI BAU - Industry'!D16,'KEEI BAU - Industry'!D23,'KEEI BAU - Industry'!D30) -> -4.464 | E51: ='KEEI BAU - Overview'!D41-SUM('KEEI BAU - Industry'!E9,'KEEI BAU - Industry'!E16,'KEEI BAU - Industry'!E23,'KEEI BAU - Industry'!E30) -> 19.993 | F51: ='KEEI BAU - Overview'!E41-SUM('KEEI BAU - Industry'!F9,'KEEI BAU - Industry'!F16,'KEEI BAU - Industry'!F23,'KEEI BAU - Industry'!F30) -> 21.089 | G51: ='KEEI BAU - Overview'!F41-SUM('KEEI BAU - Industry'!G9,'KEEI BAU - Industry'!G16,'KEEI BAU - Industry'!G23,'KEEI BAU - Industry'!G30) -> 21.135 | N51: 기타 | O51: =B51*$N$3 -> 6.4940424e+14 | P51: =C51*$N$3 -> 1.0894551e+15 | Q51: =SUM(Q52:Q56) -> 1.1050066e+15 | R51: 1.1262542e+15 | S51: 1.1599376e+15 | T51: 1.193621e+15 | U51: 1.2273044e+15 | V51: 1.2609878e+15 | W51: 1.2946713e+15 | X51: 1.3183383e+15 | Y51: 1.3420054e+15 | Z51: 1.3656725e+15 | AA51: 1.3893396e+15 | AB51: 1.4130067e+15 | AC51: 1.432153e+15 | AD51: 1.4512992e+15 | AE51: 1.4704455e+15 | AF51: 1.4895917e+15 | AG51: 1.5087379e+15 | AH51: 1.5263376e+15 | AI51: 1.5439372e+15 | AJ51: 1.5615368e+15 | AK51: 1.5791365e+15 | AL51: 1.5967361e+15 | AM51: 1.6163979e+15 | AN51: 1.6346536e+15 | AO51: 1.6529094e+15 | AP51: 1.6711652e+15 | AQ51: 1.6894209e+15 | AR51: 1.7076767e+15 | AS51: 1.7259325e+15 | AT51: 1.7441882e+15 | AU51: 1.762444e+15 | AV51: 1.7806998e+15 | AW51: =(AV51/R51)^(1/30)-1 -> 0.015387492
A52: Coal | B52: ='KEEI BAU - Overview'!B42-SUM('KEEI BAU - Industry'!B10,'KEEI BAU - Industry'!B17,'KEEI BAU - Industry'!B24,'KEEI BAU - Industry'!B31) -> 3.6689827 | C52: ='KEEI BAU - Overview'!C6-SUM('KEEI BAU - Industry'!C10,'KEEI BAU - Industry'!C17,'KEEI BAU - Industry'!C24,'KEEI BAU - Industry'!C31) -> 4.014113 | D52: ='KEEI BAU - Overview'!C42-SUM('KEEI BAU - Industry'!D10,'KEEI BAU - Industry'!D17,'KEEI BAU - Industry'!D24,'KEEI BAU - Industry'!D31) -> -2.367 | E52: ='KEEI BAU - Overview'!D42-SUM('KEEI BAU - Industry'!E10,'KEEI BAU - Industry'!E17,'KEEI BAU - Industry'!E24,'KEEI BAU - Industry'!E31) -> 3.055 | F52: ='KEEI BAU - Overview'!E42-SUM('KEEI BAU - Industry'!F10,'KEEI BAU - Industry'!F17,'KEEI BAU - Industry'!F24,'KEEI BAU - Industry'!F31) -> 2.785 | G52: ='KEEI BAU - Overview'!F42-SUM('KEEI BAU - Industry'!G10,'KEEI BAU - Industry'!G17,'KEEI BAU - Industry'!G24,'KEEI BAU - Industry'!G31) -> 2.222 | N52: Coal | O52: =B52*$N$3 -> 1.4549963e+14 | P52: =C52*$N$3 -> 1.5918635e+14 | Q52: =P52*P$113 -> 1.57721e+14 | R52: 1.501012e+14 | S52: 1.6455988e+14 | T52: 1.7901856e+14 | U52: 1.9347724e+14 | V52: 2.0793592e+14 | W52: 2.223946e+14 | X52: 227605482098414 | Y52: 232816368314348 | Z52: 238027254530282 | AA52: 243238140746216 | AB52: 2.4844903e+14 | AC52: 252073646445684 | AD52: 255698265929218 | AE52: 259322885412752 | AF52: 262947504896286 | AG52: 2.6657212e+14 | AH52: 268911867810110 | AI52: 271251611240400 | AJ52: 273591354670690 | AK52: 275931098100980 | AL52: 2.7827084e+14 | AM52: 282323753032552 | AN52: 285208595394521 | AO52: 288093437756491 | AP52: 290978280118460 | AQ52: 293863122480429 | AR52: 296747964842398 | AS52: 299632807204368 | AT52: 302517649566337 | AU52: 305402491928306 | AV52: 308287334290276
A53: Petroleum | B53: ='KEEI BAU - Overview'!B43-SUM('KEEI BAU - Industry'!B11,'KEEI BAU - Industry'!B18,'KEEI BAU - Industry'!B25,'KEEI BAU - Industry'!B32) -> 7.7566469 | C53: ='KEEI BAU - Overview'!C7-SUM('KEEI BAU - Industry'!C11,'KEEI BAU - Industry'!C18,'KEEI BAU - Industry'!C25,'KEEI BAU - Industry'!C32) -> 6.1196384 | D53: ='KEEI BAU - Overview'!C43-SUM('KEEI BAU - Industry'!D11,'KEEI BAU - Industry'!D18,'KEEI BAU - Industry'!D25,'KEEI BAU - Industry'!D32) -> -9.96 | E53: ='KEEI BAU - Overview'!D43-SUM('KEEI BAU - Industry'!E11,'KEEI BAU - Industry'!E18,'KEEI BAU - Industry'!E25,'KEEI BAU - Industry'!E32) -> 4.253 | F53: ='KEEI BAU - Overview'!E43-SUM('KEEI BAU - Industry'!F11,'KEEI BAU - Industry'!F18,'KEEI BAU - Industry'!F25,'KEEI BAU - Industry'!F32) -> 4.028 | G53: ='KEEI BAU - Overview'!F43-SUM('KEEI BAU - Industry'!G11,'KEEI BAU - Industry'!G18,'KEEI BAU - Industry'!G25,'KEEI BAU - Industry'!G32) -> 4.3 | N53: Petroleum | O53: =B53*$N$3 -> 3.0760277e+14 | P53: =C53*$N$3 -> 2.4268447e+14 | Q53: =P53*P$114 -> 2.4241129e+14 | R53: 2.3285003e+14 | S53: 2.3801611e+14 | T53: 2.431822e+14 | U53: 2.4834828e+14 | V53: 2.5351436e+14 | W53: 2.5868045e+14 | X53: 261067778818392 | Y53: 263455110250654 | Z53: 265842441682916 | AA53: 268229773115178 | AB53: 2.706171e+14 | AC53: 272314409951108 | AD53: 274011715354776 | AE53: 275709020758444 | AF53: 277406326162112 | AG53: 2.7910363e+14 | AH53: 2.804361e+14 | AI53: 281768559676212 | AJ53: 283101023731428 | AK53: 284433487786644 | AL53: 2.8576595e+14 | AM53: 287584871028345 | AN53: 289072116261692 | AO53: 2.9055936e+14 | AP53: 2.9204661e+14 | AQ53: 2.9353385e+14 | AR53: 2.950211e+14 | AS53: 296508342428428 | AT53: 297995587661775 | AU53: 299482832895122 | AV53: 3.0097008e+14
A54: Gas | B54: ='KEEI BAU - Overview'!B44-SUM('KEEI BAU - Industry'!B12,'KEEI BAU - Industry'!B19,'KEEI BAU - Industry'!B26,'KEEI BAU - Industry'!B33) -> 1.5765106 | C54: ='KEEI BAU - Overview'!C8-SUM('KEEI BAU - Industry'!C12,'KEEI BAU - Industry'!C19,'KEEI BAU - Industry'!C26,'KEEI BAU - Industry'!C33) -> 2.0819592 | D54: ='KEEI BAU - Overview'!C44-SUM('KEEI BAU - Industry'!D12,'KEEI BAU - Industry'!D19,'KEEI BAU - Industry'!D26,'KEEI BAU - Industry'!D33) -> 0.888 | E54: ='KEEI BAU - Overview'!D44-SUM('KEEI BAU - Industry'!E12,'KEEI BAU - Industry'!E19,'KEEI BAU - Industry'!E26,'KEEI BAU - Industry'!E33) -> 3.786 | F54: ='KEEI BAU - Overview'!E44-SUM('KEEI BAU - Industry'!F12,'KEEI BAU - Industry'!F19,'KEEI BAU - Industry'!F26,'KEEI BAU - Industry'!F33) -> 4.21 | G54: ='KEEI BAU - Overview'!F44-SUM('KEEI BAU - Industry'!G12,'KEEI BAU - Industry'!G19,'KEEI BAU - Industry'!G26,'KEEI BAU - Industry'!G33) -> 4.075 | N54: Gas | O54: =B54*$N$3 -> 6.2519158e+13 | P54: =C54*$N$3 -> 8.2563564e+13 | Q54: =P54*P$115 -> 1.1793059e+14 | R54: 1.458839e+14 | S54: 1.3511575e+14 | T54: 1.2434759e+14 | U54: 1.1357944e+14 | V54: 1.0281128e+14 | W54: 9.2043127e+13 | X54: 93605599878924 | Y54: 95168072610338 | Z54: 96730545341752 | AA54: 98293018073166 | AB54: 9.9855491e+13 | AC54: 101489345538952 | AD54: 103123200273324 | AE54: 104757055007696 | AF54: 106390909742068 | AG54: 1.0802476e+14 | AH54: 109880696553348 | AI54: 111736628630256 | AJ54: 113592560707164 | AK54: 115448492784072 | AL54: 1.1730442e+14 | AM54: 1.1886425e+14 | AN54: 1.2062597e+14 | AO54: 122387688707989 | AP54: 124149406154730 | AQ54: 1.2591112e+14 | AR54: 1.2767284e+14 | AS54: 129434558494954 | AT54: 131196275941695 | AU54: 132957993388436 | AV54: 1.3471971e+14
A55: Electricity | B55: ='KEEI BAU - Overview'!B45-SUM('KEEI BAU - Industry'!B13,'KEEI BAU - Industry'!B20,'KEEI BAU - Industry'!B27,'KEEI BAU - Industry'!B34) -> 3.3745229 | C55: ='KEEI BAU - Overview'!C9-SUM('KEEI BAU - Industry'!C13,'KEEI BAU - Industry'!C20,'KEEI BAU - Industry'!C27,'KEEI BAU - Industry'!C34) -> 5.8244678 | D55: ='KEEI BAU - Overview'!C45-SUM('KEEI BAU - Industry'!D13,'KEEI BAU - Industry'!D20,'KEEI BAU - Industry'!D27,'KEEI BAU - Industry'!D34) -> 2.408 | E55: ='KEEI BAU - Overview'!D45-SUM('KEEI BAU - Industry'!E13,'KEEI BAU - Industry'!E20,'KEEI BAU - Industry'!E27,'KEEI BAU - Industry'!E34) -> 6.769 | F55: ='KEEI BAU - Overview'!E45-SUM('KEEI BAU - Industry'!F13,'KEEI BAU - Industry'!F20,'KEEI BAU - Industry'!F27,'KEEI BAU - Industry'!F34) -> 7.386 | G55: ='KEEI BAU - Overview'!F45-SUM('KEEI BAU - Industry'!G13,'KEEI BAU - Industry'!G20,'KEEI BAU - Industry'!G27,'KEEI BAU - Industry'!G34) -> 7.247 | N55: Electricity | O55: =B55*$N$3 -> 1.3382233e+14 | P55: =C55*$N$3 -> 2.3097899e+14 | Q55: =P55*P$117 -> 2.2776976e+14 | R55: 2.2047091e+14 | S55: 2.2857283e+14 | T55: 2.3667476e+14 | U55: 2.4477668e+14 | V55: 2.5287861e+14 | W55: 2.6098053e+14 | X55: 263082337568540 | Y55: 265184140988970 | Z55: 267285944409400 | AA55: 269387747829830 | AB55: 271489551250260 | AC55: 272599937962940 | AD55: 273710324675620 | AE55: 274820711388300 | AF55: 275931098100980 | AG55: 2.7704148e+14 | AH55: 277834618179860 | AI55: 278627751546060 | AJ55: 279420884912260 | AK55: 280214018278460 | AL55: 2.8100715e+14 | AM55: 2.8222329e+14 | AN55: 283151015167843 | AO55: 2.8407874e+14 | AP55: 2.8500647e+14 | AQ55: 2.8593419e+14 | AR55: 2.8686192e+14 | AS55: 2.8778964e+14 | AT55: 2.8871737e+14 | AU55: 289645095032911 | AV55: 2.9057282e+14
A56: Renewables | B56: ='KEEI BAU - Overview'!B47-SUM('KEEI BAU - Industry'!B14,'KEEI BAU - Industry'!B21,'KEEI BAU - Industry'!B28,'KEEI BAU - Industry'!B35) -> 0 | C56: ='KEEI BAU - Overview'!C11-SUM('KEEI BAU - Industry'!C14,'KEEI BAU - Industry'!C21,'KEEI BAU - Industry'!C28,'KEEI BAU - Industry'!C35) -> 9.432 | D56: ='KEEI BAU - Overview'!C46-SUM('KEEI BAU - Industry'!D14,'KEEI BAU - Industry'!D21,'KEEI BAU - Industry'!D28,'KEEI BAU - Industry'!D35) -> 0 | E56: ='KEEI BAU - Overview'!D46-SUM('KEEI BAU - Industry'!E14,'KEEI BAU - Industry'!E21,'KEEI BAU - Industry'!E28,'KEEI BAU - Industry'!E35) -> -3.004 | F56: ='KEEI BAU - Overview'!E46-SUM('KEEI BAU - Industry'!F14,'KEEI BAU - Industry'!F21,'KEEI BAU - Industry'!F28,'KEEI BAU - Industry'!F35) -> -3.375 | G56: ='KEEI BAU - Overview'!F46-SUM('KEEI BAU - Industry'!G14,'KEEI BAU - Industry'!G21,'KEEI BAU - Industry'!G28,'KEEI BAU - Industry'!G35) -> -3.633 | N56: Renewables | O56: =B56*$N$3 -> 0 | P56: =C56*$N$3 -> 374041695499920 | Q56: =P56*P$118 -> 3.5917393e+14 | R56: 3.7694818e+14 | S56: 3.9370478e+14 | T56: 4.1046137e+14 | U56: 4.2721797e+14 | V56: 4.4397457e+14 | W56: 460731172425580 | X56: 473111984271964 | Y56: 485492796118348 | Z56: 497873607964728 | AA56: 510254419811112 | AB56: 522635231657490 | AC56: 533699442115984 | AD56: 544763652574472 | AE56: 555827863032964 | AF56: 566892073491452 | AG56: 577956283949940 | AH56: 589258434418292 | AI56: 600560584886644 | AJ56: 611862735354992 | AK56: 623164885823344 | AL56: 634467036291690 | AM56: 645451933413560 | AN56: 656653139635304 | AO56: 667854345857048 | AP56: 679055552078788 | AQ56: 690256758300532 | AR56: 701457964522276 | AS56: 712659170744016 | AT56: 723860376965760 | AU56: 735061583187504 | AV56: 746262789409244
A57: 주) 연쇄가중법에 의해 추계된 실질 부가가치는 비가법적 특성에 의해 총량(또는 상위부문)과 그 구성항목의 합이 일치하지 않을 수 있음. 비제조업 부가가치는 농림어업, 광업, 건설업 부가가치의 합계 기초유분 생산량은 에틸렌, 부타디엔, 프로필렌, 벤젠, 톨루엔, 크실렌의 합계 | N57: 주) 연쇄가중법에 의해 추계된 실질 부가가치는 비가법적 특성에 의해 총량(또는 상위부문)과 그 구성항목의 합이 일치하지 않을 수 있음. 비제조업 부가가치는 농림어업, 광업, 건설업 부가가치의 합계 기초유분 생산량은 에틸렌, 부타디엔, 프로필렌, 벤젠, 톨루엔, 크실렌의 합계
A61: <석유화학 구조조정 시나리오 기반 에너지수요전망> | F61: 1,000TOE | AK61: 1,000,000TOE | AM61: (M TOE)
B62: 2018산업연구원 | C62: 2018 | D62: 2019 | E62: 2020 | F62: 2021 | G62: 2022 | H62: 2023 | I62: 2024 | J62: 2025 | K62: 2026 | L62: 2027 | M62: 2028 | N62: 2029 | O62: 2030 | P62: 2031 | Q62: 2032 | R62: 2033 | S62: 2034 | T62: 2035 | U62: 2036 | V62: 2037 | W62: 2038 | X62: 2039 | Y62: 2040 | Z62: 2041 | AA62: 2042 | AB62: 2043 | AC62: 2044 | AD62: 2045 | AE62: 2046 | AF62: 2047 | AG62: 2048 | AH62: 2049 | AI62: 2050 | AK62: 2018 | AL62: 2019 | AM62: 2020 | AN62: 2021 | AO62: 2022 | AP62: 2023 | AQ62: 2024 | AR62: 2025 | AS62: 2026 | AT62: 2027 | AU62: 2028 | AV62: 2029 | AW62: 2030 | AX62: 2031 | AY62: 2032 | AZ62: 2033 | BA62: 2034 | BB62: 2035 | BC62: 2036 | BD62: 2037 | BE62: 2038 | BF62: 2039 | BG62: 2040 | BH62: 2041 | BI62: 2042 | BJ62: 2043 | BK62: 2044 | BL62: 2045 | BM62: 2046 | BN62: 2047 | BO62: 2048 | BP62: 2049 | BQ62: 2050
A63: 주요 업종별 에너지 수요
A64: 석유화학 | B64: 72194 | C64: 72091.218 | D64: 72002.762 | E64: 69154.076 | F64: 76350.618 | G64: 72464.716 | H64: 67820.921 | I64: 66067.537 | J64: 65267.904 | K64: 64360.325 | L64: 63351.787 | M64: 62262.864 | N64: 60692.732 | O64: 59476.157 | P64: 59046.133 | Q64: 58614.822 | R64: 58182.202 | S64: 57748.25 | T64: 56991.025 | U64: 56888.67 | V64: 56786.314 | W64: 56683.958 | X64: 56581.602 | Y64: 56479.246 | Z64: 56390.443 | AA64: 56301.639 | AB64: 56212.836 | AC64: 56124.032 | AD64: 56035.229 | AE64: 55946.425 | AF64: 55857.622 | AG64: 55768.818 | AH64: 55680.015 | AI64: 55591.211 | AK64: =C64/1000 -> 72.091218 | AL64: =D64/1000 -> 72.002762 | AM64: =E64/1000 -> 69.154076 | AN64: =F64/1000 -> 76.350618 | AO64: =G64/1000 -> 72.464716 | AP64: =H64/1000 -> 67.820921 | AQ64: =I64/1000 -> 66.067537 | AR64: =J64/1000 -> 65.267904 | ... BQ64: =AI64/1000 -> 55.591211
A65: Coal (석탄류) | B65: 219 | C65: 218.704 | D65: 204.899 | E65: 203.339 | F65: 228.93119 | G65: 217.74334 | H65: 204.55002 | I65: 199.52598 | J65: 197.3551 | K65: 194.86267 | L65: 192.05205 | M65: 188.90193 | N65: 166.86131 | O65: 145.2293 | P65: 144.17926 | Q65: 143.12608 | R65: 142.06971 | S65: 141.01008 | T65: 122.45375 | U65: 118.88474 | V65: 115.31573 | W65: 111.74672 | X65: 108.17771 | Y65: 104.6087 | Z65: 102.77718 | AA65: 100.94566 | AB65: 99.114133 | AC65: 97.282609 | AD65: 95.451085 | AE65: 93.619562 | AF65: 91.788038 | AG65: 89.956515 | AH65: 88.124991 | AI65: 86.293468 | AK65: =C65/1000 -> 0.218704 | AL65: =D65/1000 -> 0.204899 | AM65: =E65/1000 -> 0.203339 | AN65: =F65/1000 -> 0.22893119 | AO65: =G65/1000 -> 0.21774334 | AP65: =H65/1000 -> 0.20455002 | AQ65: =I65/1000 -> 0.19952598 | AR65: =J65/1000 -> 0.1973551 | ... BQ65: =AI65/1000 -> 0.086293468
A66: Petroleum (석유류) | B66: 62288 | C66: 62037.759 | D66: 60755.015 | E66: 57793.967 | F66: 64724.775 | G66: 61055.062 | H66: 56777.567 | I66: 54983.724 | J66: 53997.126 | K66: 52938.082 | L66: 51808.962 | M66: 50605.46 | N66: 49003.526 | O66: 45920.567 | P66: 45588.552 | Q66: 45255.544 | R66: 44921.525 | S66: 44586.478 | T66: 43945.961 | U66: 43855.833 | V66: 43765.705 | W66: 43675.577 | X66: 43585.45 | Y66: 43495.322 | Z66: 43421.358 | AA66: 43347.394 | AB66: 43273.43 | AC66: 43199.466 | AD66: 43125.502 | AE66: 43051.538 | AF66: 42977.574 | AG66: 42903.61 | AH66: 42829.646 | AI66: 42755.682 | AK66: =C66/1000 -> 62.037759 | AL66: =D66/1000 -> 60.755015 | AM66: =E66/1000 -> 57.793967 | AN66: =F66/1000 -> 64.724775 | AO66: =G66/1000 -> 61.055062 | AP66: =H66/1000 -> 56.777567 | AQ66: =I66/1000 -> 54.983724 | AR66: =J66/1000 -> 53.997126 | ... BQ66: =AI66/1000 -> 42.755682
A67: Gas (LNG) | B67: 4226 | C67: 4475.541 | D67: 5678.942 | E67: 6043.333 | F67: 6803.9451 | G67: 6823.4019 | H67: 6734.9869 | I67: 6881.2661 | J67: 7109.556 | K67: 7314.1414 | L67: 7494.0064 | M67: 7647.1934 | N67: 7772.0971 | O67: 7930.8162 | P67: 7873.475 | Q67: 7815.962 | R67: 7758.2745 | S67: 7700.4094 | T67: 7642.3636 | U67: 7637.2427 | V67: 7632.1217 | W67: 7627.0008 | X67: 7621.8799 | Y67: 7616.7589 | Z67: 7609.066 | AA67: 7601.3732 | AB67: 7593.6803 | AC67: 7585.9874 | AD67: 7578.2945 | AE67: 7570.6016 | AF67: 7562.9087 | AG67: 7555.2159 | AH67: 7547.523 | AI67: 7539.8301 | AK67: =C67/1000 -> 4.475541 | AL67: =D67/1000 -> 5.678942 | AM67: =E67/1000 -> 6.043333 | AN67: =F67/1000 -> 6.8039451 | AO67: =G67/1000 -> 6.8234019 | AP67: =H67/1000 -> 6.7349869 | AQ67: =I67/1000 -> 6.8812661 | AR67: =J67/1000 -> 7.109556 | ... BQ67: =AI67/1000 -> 7.5398301
A68: Electricity (전력) | B68: 4056 | C68: 5359.214 | D68: 5363.906 | E68: 5113.437 | F68: 4592.967 | G68: 4368.5092 | H68: 4103.8162 | I68: 4003.0206 | J68: 3959.4669 | K68: 3909.4623 | L68: 3853.0738 | M68: 3789.8739 | N68: 3719.6451 | O68: 3642.1063 | P68: 3615.7732 | Q68: 3589.3612 | R68: 3562.8691 | S68: 3536.2955 | T68: 3509.6388 | U68: 3507.2871 | V68: 3504.9354 | W68: 3502.5837 | X68: 3500.232 | Y68: 3497.8803 | Z68: 3494.3474 | AA68: 3490.8146 | AB68: 3487.2817 | AC68: 3483.7489 | AD68: 3480.2161 | AE68: 3476.6832 | AF68: 3473.1504 | AG68: 3469.6175 | AH68: 3466.0847 | AI68: 3462.5519 | AK68: =C68/1000 -> 5.359214 | AL68: =D68/1000 -> 5.363906 | AM68: =E68/1000 -> 5.113437 | AN68: =F68/1000 -> 4.592967 | AO68: =G68/1000 -> 4.3685092 | AP68: =H68/1000 -> 4.1038162 | AQ68: =I68/1000 -> 4.0030206 | AR68: =J68/1000 -> 3.9594669 | ... BQ68: =AI68/1000 -> 3.4625519
A69: Renewables (신재생전력) | B69: 1405 | C69: 0 | D69: 0 | E69: 0 | F69: 0 | G69: 0 | H69: 0 | I69: 0 | J69: 4.4001362 | K69: 3.7773905 | L69: 3.6923285 | M69: 31.435207 | N69: 30.603375 | O69: 1837.4384 | P69: 1824.1534 | Q69: 1810.8286 | R69: 1797.4634 | S69: 1784.057 | T69: 1770.6087 | U69: 1769.4223 | V69: 1768.2358 | W69: 1767.0494 | X69: 1765.863 | Y69: 1764.6765 | Z69: 1762.8942 | AA69: 1761.1119 | AB69: 1759.3296 | AC69: 1757.5473 | AD69: 1755.765 | AE69: 1753.9827 | AF69: 1752.2003 | AG69: 1750.418 | AH69: 1748.6357 | AI69: 1746.8534 | AK69: =C69/1000 -> 0 | AL69: =D69/1000 -> 0 | AM69: =E69/1000 -> 0 | AN69: =F69/1000 -> 0 | AO69: =G69/1000 -> 0 | AP69: =H69/1000 -> 0 | AQ69: =I69/1000 -> 0 | AR69: =J69/1000 -> 0.0044001362 | ... BQ69: =AI69/1000 -> 1.7468534
A71: <철강 Base 시나리오 기반 에너지수요전망> | F71: 1,000TOE | AK71: 1,000,000TOE | AM71: (M TOE)
B72: 2018산업연구원 | C72: 2018 | D72: 2019 | E72: 2020 | F72: 2021 | G72: 2022 | H72: 2023 | I72: 2024 | J72: 2025 | K72: 2026 | L72: 2027 | M72: 2028 | N72: 2029 | O72: 2030 | P72: 2031 | Q72: 2032 | R72: 2033 | S72: 2034 | T72: 2035 | U72: 2036 | V72: 2037 | W72: 2038 | X72: 2039 | Y72: 2040 | Z72: 2041 | AA72: 2042 | AB72: 2043 | AC72: 2044 | AD72: 2045 | AE72: 2046 | AF72: 2047 | AG72: 2048 | AH72: 2049 | AI72: 2050 | AK72: 2018 | AL72: 2019 | AM72: 2020 | AN72: 2021 | AO72: 2022 | AP72: 2023 | AQ72: 2024 | AR72: 2025 | AS72: 2026 | AT72: 2027 | AU72: 2028 | AV72: 2029 | AW72: 2030 | AX72: 2031 | AY72: 2032 | AZ72: 2033 | BA72: 2034 | BB72: 2035 | BC72: 2036 | BD72: 2037 | BE72: 2038 | BF72: 2039 | BG72: 2040 | BH72: 2041 | BI72: 2042 | BJ72: 2043 | BK72: 2044 | BL72: 2045 | BM72: 2046 | BN72: 2047 | BO72: 2048 | BP72: 2049 | BQ72: 2050
A73: 주요 업종별 에너지 수요
A74: 철강 | B74: 30478 | C74: 24239.661 | D74: 24296.404 | E74: 23003.144 | F74: 23955.194 | G74: 22090.76 | H74: 22076.205 | I74: 22170.217 | J74: 22170.217 | K74: 22170.217 | L74: 19990.895 | M74: 18781.912 | N74: 18451.502 | O74: 19178.151 | P74: 17499.756 | Q74: 17679.687 | R74: 18160.705 | S74: 16142.815 | T74: 17383.941 | U74: 17383.941 | V74: 17383.941 | W74: 16183.831 | X74: 11439.819 | Y74: 12241.516 | Z74: 10927.413 | AA74: 9164.1026 | AB74: 7517.4109 | AC74: 7517.4109 | AD74: 7838.0897 | AE74: 7838.0897 | AF74: 8319.1078 | AG74: 8319.1078 | AH74: 8319.1078 | AI74: 8319.1078 | AK74: =C74/1000 -> 24.239661 | AL74: =D74/1000 -> 24.296404 | AM74: =E74/1000 -> 23.003144 | AN74: =F74/1000 -> 23.955194 | AO74: =G74/1000 -> 22.09076 | AP74: =H74/1000 -> 22.076205 | AQ74: =I74/1000 -> 22.170217 | AR74: =J74/1000 -> 22.170217 | ... BQ74: =AI74/1000 -> 8.3191078
A75: Coal (석탄류) | B75: 25182 | C75: 19482 | D75: 19642.205 | E75: 18646.162 | F75: 19365.337 | G75: 17857.784 | H75: 17960.842 | I75: 17954.085 | J75: 17954.085 | K75: 17954.085 | L75: 16041.192 | M75: 14670.912 | N75: 14314.925 | O75: 14670.626 | P75: 12868.883 | Q75: 12871.193 | R75: 12895.452 | S75: 11124.255 | T75: 11148.514 | U75: 11148.514 | V75: 11148.514 | W75: 9939.4484 | X75: 5489.7641 | Y75: 5530.1952 | Z75: 3701.2442 | AA75: 2139.2897 | AB75: 386.57606 | AC75: 386.57606 | AD75: 402.74848 | AE75: 402.74848 | AF75: 427.0071 | AG75: 427.0071 | AH75: 427.0071 | AI75: 427.0071 | AK75: =C75/1000 -> 19.482 | AL75: =D75/1000 -> 19.642205 | AM75: =E75/1000 -> 18.646162 | AN75: =F75/1000 -> 19.365337 | AO75: =G75/1000 -> 17.857784 | AP75: =H75/1000 -> 17.960842 | AQ75: =I75/1000 -> 17.954085 | AR75: =J75/1000 -> 17.954085 | ... BQ75: =AI75/1000 -> 0.4270071
A76: Petroleum (석유류) | B76: 68 | C76: 0 | D76: 0 | E76: 0 | F76: 0 | G76: 0 | H76: 0 | I76: 0 | J76: 0 | K76: 0 | L76: 0 | M76: 0 | N76: 0 | O76: 0 | P76: 0 | Q76: 0 | R76: 0 | S76: 0 | T76: 0 | U76: 0 | V76: 0 | W76: 0 | X76: 0 | Y76: 0 | Z76: 0 | AA76: 0 | AB76: 0 | AC76: 0 | AD76: 0 | AE76: 0 | AF76: 0 | AG76: 0 | AH76: 0 | AI76: 0 | AK76: =C76/1000 -> 0 | AL76: =D76/1000 -> 0 | AM76: =E76/1000 -> 0 | AN76: =F76/1000 -> 0 | AO76: =G76/1000 -> 0 | AP76: =H76/1000 -> 0 | AQ76: =I76/1000 -> 0 | AR76: =J76/1000 -> 0 | ... BQ76: =AI76/1000 -> 0
A77: Gas (LNG) | B77: 2230 | C77: 2306.3351 | D77: 2263.4919 | E77: 2122.18 | F77: 2232.1332 | G77: 2058.5527 | H77: 2008.86 | I77: 2052.457 | J77: 2052.457 | K77: 2052.457 | L77: 1913.01 | M77: 1950.2228 | N77: 1954.9829 | O77: 2104.63 | P77: 2114.6549 | Q77: 2181.7877 | R77: 2398.0478 | S77: 2268.9302 | T77: 2485.1903 | U77: 2485.1903 | V77: 2485.1903 | W77: 2497.4978 | X77: 2413.1817 | Y77: 2773.6152 | Z77: 3069.2707 | AA77: 3031.6989 | AB77: 3113.8875 | AC77: 3113.8875 | AD77: 3258.0609 | AE77: 3258.0609 | AF77: 3474.321 | AG77: 3474.321 | AH77: 3474.321 | AI77: 3474.321 | AK77: =C77/1000 -> 2.3063351 | AL77: =D77/1000 -> 2.2634919 | AM77: =E77/1000 -> 2.12218 | AN77: =F77/1000 -> 2.2321332 | AO77: =G77/1000 -> 2.0585527 | AP77: =H77/1000 -> 2.00886 | AQ77: =I77/1000 -> 2.052457 | AR77: =J77/1000 -> 2.052457 | ... BQ77: =AI77/1000 -> 3.474321
A78: Electricity (전력) | B78: 2297 | C78: 2451.3263 | D78: 2390.7076 | E78: 2234.8025 | F78: 2357.7233 | G78: 2174.4232 | H78: 2106.5037 | I78: 2163.675 | J78: 2163.675 | K78: 2163.675 | L78: 2036.6923 | M78: 2160.7779 | N78: 2181.5942 | O78: 2402.8958 | P78: 2516.2189 | Q78: 2626.7063 | R78: 2867.2058 | S78: 2749.6292 | T78: 3750.2366 | U78: 3750.2366 | V78: 3750.2366 | W78: 3746.8846 | X78: 3536.8734 | Y78: 3937.7059 | Z78: 4156.8985 | AA78: 3993.114 | AB78: 4016.9473 | AC78: 4016.9473 | AD78: 4177.2803 | AE78: 4177.2803 | AF78: 4417.7797 | AG78: 4417.7797 | AH78: 4417.7797 | AI78: 4417.7797 | AK78: =C78/1000 -> 2.4513263 | AL78: =D78/1000 -> 2.3907076 | AM78: =E78/1000 -> 2.2348025 | AN78: =F78/1000 -> 2.3577233 | AO78: =G78/1000 -> 2.1744232 | AP78: =H78/1000 -> 2.1065037 | AQ78: =I78/1000 -> 2.163675 | AR78: =J78/1000 -> 2.163675 | ... BQ78: =AI78/1000 -> 4.4177797
A79: Renewables (신재생전력) | B79: 0 | C79: 0 | D79: 0 | E79: 0 | F79: 0 | G79: 0 | H79: 0 | I79: 0 | J79: 0 | K79: 0 | L79: 0 | M79: 0 | N79: 0 | O79: 0 | P79: 0 | Q79: 0 | R79: 0 | S79: 0 | T79: 0 | U79: 0 | V79: 0 | W79: 0 | X79: 0 | Y79: 0 | Z79: 0 | AA79: 0 | AB79: 0 | AC79: 0 | AD79: 0 | AE79: 0 | AF79: 0 | AG79: 0 | AH79: 0 | AI79: 0 | AK79: =C79/1000 -> 0 | AL79: =D79/1000 -> 0 | AM79: =E79/1000 -> 0 | AN79: =F79/1000 -> 0 | AO79: =G79/1000 -> 0 | AP79: =H79/1000 -> 0 | AQ79: =I79/1000 -> 0 | AR79: =J79/1000 -> 0 | ... BQ79: =AI79/1000 -> 0
A80: -> 2018년 산업연의 석탄 소비량 수치가 실제 제철업계 소비량보다 과다계상되어 있는데, 철강업계의 범위가 KNZS보다 넓을 수 있다는 것이 추정 이유.
A83: old
A84: 산업 부문 주요 지표 및 에너지 수요 (2) - 기준 시나리오
H86: 비중 (%) | K86: 증가율 (%) | N86: 분류별(1) | O86: 2018. 01 | P86: 2018. 02 | Q86: 2018. 03 | R86: 2018. 04 | S86: 2018. 05 | T86: 2018. 06 | U86: 2018. 07 | V86: 2018. 08 | W86: 2018. 09 | X86: 2018. 10 | Y86: 2018. 11 | Z86: 2018. 12 | AA86: 2019. 01 | AB86: 2019. 02 | AC86: 2019. 03 | AD86: 2019. 04 | AE86: 2019. 05 | AF86: 2019. 06 | AG86: 2019. 07 | AH86: 2019. 08 | AI86: 2019. 09 | AJ86: 2019. 10 | AK86: 2019. 11 | AL86: 2019. 12 | AM86: 2020. 01 | AN86: 2020. 02 | AO86: 2020. 03 | AP86: 2020. 04 | AQ86: 2020. 05 | AR86: 2020. 06 | AS86: 2020. 07 | AT86: 2020. 08 | AU86: 2020. 09 | AV86: 2020. 10 | AW86: 2020. 11 | AX86: 2020. 12 | AY86: 2021. 01 | AZ86: 2021. 02 | BA86: 2021. 03 | BB86: 2021. 04 | BC86: 2021. 05 | BD86: 2021. 06 | BE86: 2021. 07 | BF86: 2021. 08 | BG86: 2021. 09
B87: 2000 | C87: 2018 | D87: 2025 | E87: 2030 | F87: 2035 | G87: 2040 | H87: 2018 | I87: 2040 | K87: 00-18 | L87: 18-40 | N87: 합계 | O87: 12570 | P87: 11319 | Q87: 11649 | R87: 11836 | S87: 12180 | T87: 11778 | U87: 12151 | V87: 12011 | W87: 11705 | X87: 11850 | Y87: 11829 | Z87: 12618 | AA87: 12540 | AB87: 11375 | AC87: 11838 | AD87: 11610 | AE87: 11766 | AF87: 11260 | AG87: 12291 | AH87: 12182 | AI87: 11635 | AJ87: 11668 | AK87: 12062 | AL87: 12675 | AM87: 12591 | AN87: 11328 | AO87: 11755 | AP87: 11079 | AQ87: 11286 | AR87: 11048 | AS87: 11512 | AT87: 11500 | AU87: 11560 | AV87: 11248 | AW87: 10922 | AX87: 12317 | AY87: 12184 | AZ87: 11336 | BA87: 12498 | BB87: 12006 | BC87: 12189 | BD87: 11928 | BE87: 12654 | BF87: 12626 | BG87: 12531
A88: 주요 업종별 에너지 수요 | N88: 석탄 | O88: 2722 | P88: 2441 | Q88: 2589 | R88: 2626 | S88: 2760 | T88: 2739 | U88: 2729 | V88: 2728 | W88: 2485 | X88: 2691 | Y88: 2751 | Z88: 2786 | AA88: 2602 | AB88: 2589 | AC88: 2720 | AD88: 2654 | AE88: 2694 | AF88: 2643 | AG88: 2656 | AH88: 2745 | AI88: 2419 | AJ88: 2718 | AK88: 2640 | AL88: 2672 | AM88: 2645 | AN88: 2323 | AO88: 2558 | AP88: 2382 | AQ88: 2280 | AR88: 2374 | AS88: 2555 | AT88: 2597 | AU88: 2605 | AV88: 2597 | AW88: 2494 | AX88: 2808 | AY88: 2683 | AZ88: 2347 | BA88: 2784 | BB88: 2552 | BC88: 2702 | BD88: 2472 | BE88: 2688 | BF88: 2747 | BG88: 2650
A89: 석유/화학 | B89: 35.962 | C89: 71.519 | D89: 81.052 | E89: 84.32 | F89: 86.071 | G89: 87.109 | H89: 100 | I89: 100 | K89: 3.89 | L89: 0.9 | N89: 석유 | O89: 6061 | P89: 5444 | Q89: 5613 | R89: 5829 | S89: 6032 | T89: 5656 | U89: 5906 | V89: 5742 | W89: 5840 | X89: 5673 | Y89: 5458 | Z89: 6039 | AA89: 6090 | AB89: 5431 | AC89: 5536 | AD89: 5416 | AE89: 5634 | AF89: 5244 | AG89: 6166 | AH89: 5932 | AI89: 5918 | AJ89: 5562 | AK89: 5942 | AL89: 6344 | AM89: 6249 | AN89: 5462 | AO89: 5583 | AP89: 5342 | AQ89: 5871 | AR89: 5492 | AS89: 5611 | AT89: 5553 | AU89: 5476 | AV89: 5309 | AW89: 4893 | AX89: 5644 | AY89: 5622 | AZ89: 5520 | BA89: 6117 | BB89: 5926 | BC89: 5984 | BD89: 5982 | BE89: 6304 | BF89: 6332 | BG89: 6410
A90: 석탄 | B90: 0.273 | C90: 0.219 | D90: 0.26 | E90: 0.286 | F90: 0.299 | G90: 0.303 | H90: 0.31 | I90: 0.35 | K90: -1.21 | L90: 1.49 | N90: 천연가스 | O90: 138 | P90: 121 | Q90: 120 | R90: 92 | S90: 132 | T90: 180 | U90: 206 | V90: 210 | W90: 178 | X90: 206 | Y90: 229 | Z90: 226 | AA90: 234 | AB90: 219 | AC90: 196 | AD90: 227 | AE90: 199 | AF90: 237 | AG90: 274 | AH90: 286 | AI90: 242 | AJ90: 249 | AK90: 260 | AL90: 288 | AM90: 282 | AN90: 284 | AO90: 286 | AP90: 268 | AQ90: 273 | AR90: 302 | AS90: 318 | AT90: 327 | AU90: 304 | AV90: 314 | AW90: 309 | AX90: 334 | AY90: 266 | AZ90: 236 | BA90: 272 | BB90: 288 | BC90: 285 | BD90: 313 | BE90: 347 | BF90: 323 | BG90: 279
A91: 석유 | B91: 33.057 | C91: 62.288 | D91: 69.562 | E91: 71.579 | F91: 72.448 | G91: 72.816 | H91: 87.09 | I91: 83.59 | K91: 3.58 | L91: 0.71 | N91: 도시가스 | O91: 938 | P91: 800 | Q91: 776 | R91: 718 | S91: 701 | T91: 678 | U91: 674 | V91: 650 | W91: 647 | X91: 751 | Y91: 803 | Z91: 892 | AA91: 880 | AB91: 725 | AC91: 795 | AD91: 772 | AE91: 712 | AF91: 664 | AG91: 632 | AH91: 576 | AI91: 583 | AJ91: 668 | AK91: 738 | AL91: 796 | AM91: 780 | AN91: 744 | AO91: 741 | AP91: 643 | AQ91: 541 | AR91: 525 | AS91: 538 | AT91: 512 | AU91: 593 | AV91: 633 | AW91: 706 | AX91: 857 | AY91: 935 | AZ91: 801 | BA91: 743 | BB91: 690 | BC91: 668 | BD91: 638 | BE91: 635 | BF91: 613 | BG91: 619
A92: 가스 | B92: 0.319 | C92: 3.653 | D92: 4.596 | E92: 5.106 | F92: 5.344 | G92: 5.416 | H92: 5.11 | I92: 6.22 | K92: 14.5 | L92: 1.81 | N92: 전력 | O92: 2126 | P92: 1972 | Q92: 2002 | R92: 2019 | S92: 2005 | T92: 1982 | U92: 2069 | V92: 2105 | W92: 2005 | X92: 1985 | Y92: 2031 | Z92: 2098 | AA92: 2159 | AB92: 1903 | AC92: 2046 | AD92: 2005 | AE92: 1995 | AF92: 1951 | AG92: 2022 | AH92: 2086 | AI92: 1952 | AJ92: 1951 | AK92: 1958 | AL92: 2032 | AM92: 2045 | AN92: 1951 | AO92: 2006 | AP92: 1896 | AQ92: 1800 | AR92: 1827 | AS92: 1930 | AT92: 1948 | AU92: 2002 | AV92: 1857 | AW92: 1954 | AX92: 2073 | AY92: 2112 | AZ92: 1928 | BA92: 2016 | BB92: 1975 | BC92: 1976 | BD92: 1978 | BE92: 2102 | BF92: 2054 | BG92: 2039
A93: 전기 | B93: 2.313 | C93: 5.359 | D93: 6.633 | E93: 7.348 | F93: 7.98 | G93: 8.575 | H93: 7.49 | I93: 9.84 | K93: 4.78 | L93: 2.16 | N93: 신재생 및 기타 | O93: 583 | P93: 541 | Q93: 549 | R93: 554 | S93: 550 | T93: 544 | U93: 567 | V93: 577 | W93: 550 | X93: 544 | Y93: 557 | Z93: 576 | AA93: 577 | AB93: 508 | AC93: 546 | AD93: 536 | AE93: 533 | AF93: 521 | AG93: 540 | AH93: 557 | AI93: 521 | AJ93: 521 | AK93: 523 | AL93: 543 | AM93: 592 | AN93: 565 | AO93: 581 | AP93: 549 | AQ93: 521 | AR93: 529 | AS93: 559 | AT93: 564 | AU93: 580 | AV93: 538 | AW93: 566 | AX93: 600 | AY93: 567 | AZ93: 505 | BA93: 566 | BB93: 576 | BC93: 574 | BD93: 545 | BE93: 579 | BF93: 558 | BG93: 534
A94: 신재생 | B94: 0 | C94: 0 | D94: 0 | E94: 0 | F94: 0 | G94: 0 | H94: 0 | I94: 0 | K94: - | L94: -
O95: 2018 | P95: 2019 | Q95: 2020
A96: 비금속 | B96: 5.689 | C96: 4.321 | D96: 4.504 | E96: 4.496 | F96: 4.454 | G96: 4.43 | H96: 100 | I96: 100 | K96: -1.52 | L96: 0.11 | N96: 합계 | O96: =SUM(O87:Z87) -> 143496 | P96: =SUM(AA87:AL87) -> 142902 | Q96: =SUM(AM87:AX87) -> 138146 | U96: 2.8370443e+15
A97: 석탄 | B97: 3.529 | C97: 2.196 | D97: 2.164 | E97: 2.081 | F97: 1.993 | G97: 1.92 | H97: 50.81 | I97: 43.35 | K97: -2.6 | L97: -0.61 | N97: 석탄 | O97: =SUM(O88:Z88) -> 32047 | P97: =SUM(AA88:AL88) -> 31752 | Q97: =SUM(AM88:AX88) -> 30218 | U97: 8.1891472e+12
A98: 석유 | B98: 1.136 | C98: 0.534 | D98: 0.549 | E98: 0.548 | F98: 0.542 | G98: 0.542 | H98: 12.36 | I98: 12.23 | K98: -4.11 | L98: 0.07 | N98: 석유 | O98: =SUM(O89:Z89) -> 69293 | P98: =SUM(AA89:AL89) -> 69215 | Q98: =SUM(AM89:AX89) -> 66485 | U98: 2.3700359e+15
A99: 가스 | B99: 0.252 | C99: 0.547 | D99: 0.633 | E99: 0.665 | F99: 0.683 | G99: 0.691 | H99: 12.66 | I99: 15.61 | K99: 4.41 | L99: 1.07 | N99: 천연가스 | O99: =SUM(O90:Z90) -> 2038 | P99: =SUM(AA90:AL90) -> 2911 | Q99: =SUM(AM90:AX90) -> 3601 | U99: 2.5596751e+14
A100: 전기 | B100: 0.772 | C100: 1.045 | D100: 1.157 | E100: 1.201 | F100: 1.237 | G100: 1.276 | H100: 24.17 | I100: 28.81 | K100: 1.69 | L100: 0.92 | N100: 도시가스 | O100: =SUM(O91:Z91) -> 9028 | P100: =SUM(AA91:AL91) -> 8541 | Q100: =SUM(AM91:AX91) -> 7813 | U100: 2.0285177e+14
A101: 신재생 | B101: 0 | C101: 0 | D101: 0 | E101: 0 | F101: 0 | G101: 0 | H101: 0 | I101: 0 | K101: - | L101: - | N101: 전력 | O101: =SUM(O92:Z92) -> 24399 | P101: =SUM(AA92:AL92) -> 24060 | Q101: =SUM(AM92:AX92) -> 23289 | U101: 0
N102: 신재생 및 기타 | O102: =SUM(O93:Z93) -> 6692 | P102: =SUM(AA93:AL93) -> 6426 | Q102: =SUM(AM93:AX93) -> 6744
A103: 철강 | B103: 16.564569 | C103: 30.283731 | D103: 34.202 | E103: 35.317 | F103: 35.113 | G103: 34.177 | H103: 100 | I103: 100 | K103: 3.41 | L103: 0.55 | U103: 1.803188e+14
A104: 석탄 | B104: 13.275017 | C104: 25.562887 | D104: 29.732 | E104: 30.862 | F104: 30.615 | G104: 29.635 | H104: 84.41 | I104: 86.71 | K104: 3.71 | L104: 0.67 | N104: 합계 | P104: =(P96-O96)/O96 -> -0.0041394882 | Q104: =(Q96-P96)/P96 -> -0.03328155 | U104: 8.2115832e+13
A105: 석유 | B105: 0.92281654 | C105: 0.068318916 | D105: 0.058 | E105: 0.057 | F105: 0.055 | G105: 0.052 | H105: 0.23 | I105: 0.15 | K105: -13.47 | L105: -1.19 | N105: 석탄 | P105: =(P97-O97)/O97 -> -0.0092052298 | Q105: =(Q97-P97)/P97 -> -0.048311917 | U105: 2.0318507e+13
A106: 가스 | B106: 0.64701865 | C106: 1.6552676 | D106: 1.786 | E106: 1.854 | F106: 1.933 | G106: 1.998 | H106: 5.47 | I106: 5.84 | K106: 5.36 | L106: 0.86 | N106: 석유 | P106: =(P98-O98)/O98 -> -0.0011256548 | Q106: =(Q98-P98)/P98 -> -0.039442317 | U106: 3.8328559e+13
A107: 전기 | B107: 1.7197165 | C107: 2.9972576 | D107: 2.625 | E107: 2.545 | F107: 2.51 | G107: 2.492 | H107: 9.9 | I107: 7.29 | K107: 3.13 | L107: -0.84 | N107: 천연가스 | P107: =(P99-O99)/O99 -> 0.42836114 | Q107: =(Q99-P99)/P99 -> 0.23703195 | U107: 3.9555905e+13
A108: 신재생 | B108: 0 | C108: 0 | D108: 0 | E108: 0 | F108: 0 | G108: 0 | H108: 0 | I108: 0 | K108: - | L108: - | N108: 도시가스 | P108: =(P100-O100)/O100 -> -0.053943288 | Q108: =(Q100-P100)/P100 -> -0.085235921 | U108: 0
N109: 전력 | P109: =(P101-O101)/O101 -> -0.013894012 | Q109: =(Q101-P101)/P101 -> -0.032044888
A110: 조립금속 | B110: 5.107768 | C110: 11.42409 | D110: 13.128 | E110: 14.29 | F110: 15.277 | G110: 16.298 | H110: 100 | I110: 100 | K110: 4.57 | L110: 1.63 | N110: 신재생 및 기타 | P110: =(P102-O102)/O102 -> -0.039748954 | Q110: =(Q102-P102)/P102 -> 0.049486461 | U110: 1.1879211e+15
...

Sheet KEEI BAU - Gas Supply
A1: 가스 공급 및 수요 - 기준 시나리오 | M1: 1 | N1: MTOE | O1: = | Q1: BTU
A2: (단위: 백만 toe) | N2: unit: BTU
H3: 비중 (%) | K3: 증가율 (%)
B4: 2000 | C4: 2018 | D4: 2025 | E4: 2030 | F4: 2035 | G4: 2040 | H4: 2018 | I4: 2040 | K4: 00-18 | L4: 18-40 | O4: 2000 | P4: 2018 | Q4: 2019 | R4: 2020 | S4: 2021 | T4: 2022 | U4: 2023 | V4: 2024 | W4: 2025 | X4: 2026 | Y4: 2027 | Z4: 2028 | AA4: 2029 | AB4: 2030 | AC4: 2031 | AD4: 2032 | AE4: 2033 | AF4: 2034 | AG4: 2035 | AH4: 2036 | AI4: 2037 | AJ4: 2038 | AK4: 2039 | AL4: 2040 | AM4: 2041 | AN4: 2042 | AO4: 2043 | AP4: 2044 | AQ4: 2045 | AR4: 2046 | AS4: 2047 | AT4: 2048 | AU4: 2049 | AV4: 2050 | AW4: CAGR(2020-2050)
A5: 총공급 | B5: 18.924 | C5: 53.462 | D5: 56.15 | E5: 61.254 | F5: 64.962 | G5: 71.137 | H5: 100.17 | I5: 100.17 | K5: 5.94 | L5: 1.31 | N5: 총공급 | O5: =B28*$A$22 -> 7.5030416e+14 | P5: =C5*$A$22 -> 2.1201248e+15 | Q5: {=TREND($P23:$Q23,$P$22:$Q$22,Q$4)} -> 2.1854691e+15 | R5: {=TREND($P23:$Q23,$P$22:$Q$22,R$4)} -> 2.2508134e+15 | S5: {=TREND($P23:$Q23,$P$22:$Q$22,S$4)} -> 2.3161576e+15 | T5: =C28*$A$22 -> 2.3875694e+15 | U5: {=TREND($P29:$Q29,$P$28:$Q$28,U$4)} -> 2.4508912e+15 | V5: {=TREND($P29:$Q29,$P$28:$Q$28,V$4)} -> 2.5142129e+15 | W5: {=TREND($P29:$Q29,$P$28:$Q$28,W$4)} -> 2.5775347e+15 | X5: {=TREND($P29:$Q29,$P$28:$Q$28,X$4)} -> 2.6408565e+15 | Y5: {=TREND($P29:$Q29,$P$28:$Q$28,Y$4)} -> 2.7041783e+15 | Z5: {=TREND($P29:$Q29,$P$28:$Q$28,Z$4)} -> 2.7675001e+15 | AA5: {=TREND($P29:$Q29,$P$28:$Q$28,AA$4)} -> 2.8308219e+15 | AB5: =D28*$A$22 -> 2.8941437e+15 | AC5: {=TREND($Q29:$R29,$Q$28:$R$28,AC$4)} -> 2.9468315e+15 | AD5: {=TREND($Q29:$R29,$Q$28:$R$28,AD$4)} -> 2.9995194e+15 | AE5: {=TREND($Q29:$R29,$Q$28:$R$28,AE$4)} -> 3.0522072e+15 | AF5: {=TREND($Q29:$R29,$Q$28:$R$28,AF$4)} -> 3.1048951e+15 | AG5: {=TREND($Q29:$R29,$Q$28:$R$28,AG$4)} -> 3.1575829e+15 | AH5: {=TREND($Q29:$R29,$Q$28:$R$28,AH$4)} -> 3.2102708e+15 | AI5: {=TREND($Q29:$R29,$Q$28:$R$28,AI$4)} -> 3.2629586e+15 | AJ5: {=TREND($Q29:$R29,$Q$28:$R$28,AJ$4)} -> 3.3156464e+15 | AK5: {=TREND($Q29:$R29,$Q$28:$R$28,AK$4)} -> 3.3683343e+15 | AL5: =E28*$A$22 -> 3.4210221e+15 | AM5: {=TREND($R29:$S29,$R$28:$S$28,AM$4)} -> 3.4450105e+15 | AN5: {=TREND($R29:$S29,$R$28:$S$28,AN$4)} -> 3.4689988e+15 | AO5: {=TREND($R29:$S29,$R$28:$S$28,AO$4)} -> 3.4929871e+15 | AP5: {=TREND($R29:$S29,$R$28:$S$28,AP$4)} -> 3.5169754e+15 | AQ5: {=TREND($R29:$S29,$R$28:$S$28,AQ$4)} -> 3.5409637e+15 | AR5: {=TREND($R29:$S29,$R$28:$S$28,AR$4)} -> 3.5649521e+15 | AS5: {=TREND($R29:$S29,$R$28:$S$28,AS$4)} -> 3.5889404e+15 | AT5: {=TREND($R29:$S29,$R$28:$S$28,AT$4)} -> 3.6129287e+15 | AU5: {=TREND($R29:$S29,$R$28:$S$28,AU$4)} -> 3.636917e+15 | AV5: =F28*$A$22 -> 3.6609053e+15 | AW5: =(AV5/R5)^(1/30)-1 -> 0.016346121
A6: 전환 부문* | B6: 6.765 | C6: 27.69 | D6: 27.73 | E6: 31.283 | F6: 33.98 | G6: 39.469 | H6: 51.79 | I6: 55.48 | K6: 8.14 | L6: 1.62 | N6: 전환 부문* | O6: =B29*$A$22 -> 244562673467770 | P6: =C6*$A$22 -> 1.0980931e+15 | Q6: {=TREND($P24:$Q24,$P$22:$Q$22,Q$4)} -> 1.1354044e+15 | R6: {=TREND($P24:$Q24,$P$22:$Q$22,R$4)} -> 1.1727157e+15 | S6: {=TREND($P24:$Q24,$P$22:$Q$22,S$4)} -> 1.2100269e+15 | T6: =C29*$A$22 -> 1.2291188e+15 | U6: {=TREND($P30:$Q30,$P$28:$Q$28,U$4)} -> 1.2725032e+15 | V6: {=TREND($P30:$Q30,$P$28:$Q$28,V$4)} -> 1.3158876e+15 | W6: {=TREND($P30:$Q30,$P$28:$Q$28,W$4)} -> 1.359272e+15 | X6: {=TREND($P30:$Q30,$P$28:$Q$28,X$4)} -> 1.4026564e+15 | Y6: {=TREND($P30:$Q30,$P$28:$Q$28,Y$4)} -> 1.4460408e+15 | Z6: {=TREND($P30:$Q30,$P$28:$Q$28,Z$4)} -> 1.4894251e+15 | AA6: {=TREND($P30:$Q30,$P$28:$Q$28,AA$4)} -> 1.5328095e+15 | AB6: =D29*$A$22 -> 1.5761939e+15 | AC6: {=TREND($Q30:$R30,$Q$28:$R$28,AC$4)} -> 1.6226636e+15 | AD6: {=TREND($Q30:$R30,$Q$28:$R$28,AD$4)} -> 1.6691333e+15 | AE6: {=TREND($Q30:$R30,$Q$28:$R$28,AE$4)} -> 1.715603e+15 | AF6: {=TREND($Q30:$R30,$Q$28:$R$28,AF$4)} -> 1.7620727e+15 | AG6: {=TREND($Q30:$R30,$Q$28:$R$28,AG$4)} -> 1.8085424e+15 | AH6: {=TREND($Q30:$R30,$Q$28:$R$28,AH$4)} -> 1.855012e+15 | AI6: {=TREND($Q30:$R30,$Q$28:$R$28,AI$4)} -> 1.9014817e+15 | AJ6: {=TREND($Q30:$R30,$Q$28:$R$28,AJ$4)} -> 1.9479514e+15 | AK6: {=TREND($Q30:$R30,$Q$28:$R$28,AK$4)} -> 1.9944211e+15 | AL6: =E29*$A$22 -> 2.0408908e+15 | AM6: {=TREND($R30:$S30,$R$28:$S$28,AM$4)} -> 2.0691025e+15 | AN6: {=TREND($R30:$S30,$R$28:$S$28,AN$4)} -> 2.0973143e+15 | AO6: {=TREND($R30:$S30,$R$28:$S$28,AO$4)} -> 2.125526e+15 | AP6: {=TREND($R30:$S30,$R$28:$S$28,AP$4)} -> 2.1537378e+15 | AQ6: {=TREND($R30:$S30,$R$28:$S$28,AQ$4)} -> 2.1819495e+15 | AR6: {=TREND($R30:$S30,$R$28:$S$28,AR$4)} -> 2.2101613e+15 | AS6: {=TREND($R30:$S30,$R$28:$S$28,AS$4)} -> 2.2383731e+15 | AT6: {=TREND($R30:$S30,$R$28:$S$28,AT$4)} -> 2.2665848e+15 | AU6: {=TREND($R30:$S30,$R$28:$S$28,AU$4)} -> 2.2947966e+15 | AV6: =F29*$A$22 -> 2.3230083e+15
A7: 최종소비 부문 | B7: 12.561 | C7: 25.865 | D7: 28.534 | E7: 30.09 | F7: 31.105 | G7: 31.793 | H7: 48.38 | I7: 44.69 | K7: 4.09 | L7: 0.94 | N7: 최종소비 부문 | O7: =B30*$A$22 -> 504313850898270 | P7: =C7*$A$22 -> 1.0257197e+15 | Q7: {=TREND($P25:$Q25,$P$22:$Q$22,Q$4)} -> 1.0326129e+15 | R7: {=TREND($P25:$Q25,$P$22:$Q$22,R$4)} -> 1.0395061e+15 | S7: {=TREND($P25:$Q25,$P$22:$Q$22,S$4)} -> 1.0463993e+15 | T7: =C30*$A$22 -> 1.0336114e+15 | U7: {=TREND($P31:$Q31,$P$28:$Q$28,U$4)} -> 1.0470649e+15 | V7: {=TREND($P31:$Q31,$P$28:$Q$28,V$4)} -> 1.0605185e+15 | W7: {=TREND($P31:$Q31,$P$28:$Q$28,W$4)} -> 1.073972e+15 | X7: {=TREND($P31:$Q31,$P$28:$Q$28,X$4)} -> 1.0874255e+15 | Y7: {=TREND($P31:$Q31,$P$28:$Q$28,Y$4)} -> 1.100879e+15 | Z7: {=TREND($P31:$Q31,$P$28:$Q$28,Z$4)} -> 1.1143326e+15 | AA7: {=TREND($P31:$Q31,$P$28:$Q$28,AA$4)} -> 1.1277861e+15 | AB7: =D30*$A$22 -> 1.1412396e+15 | AC7: {=TREND($Q31:$R31,$Q$28:$R$28,AC$4)} -> 1.1486792e+15 | AD7: {=TREND($Q31:$R31,$Q$28:$R$28,AD$4)} -> 1.1561188e+15 | AE7: {=TREND($Q31:$R31,$Q$28:$R$28,AE$4)} -> 1.1635584e+15 | AF7: {=TREND($Q31:$R31,$Q$28:$R$28,AF$4)} -> 1.170998e+15 | AG7: {=TREND($Q31:$R31,$Q$28:$R$28,AG$4)} -> 1.1784376e+15 | AH7: {=TREND($Q31:$R31,$Q$28:$R$28,AH$4)} -> 1.1858771e+15 | AI7: {=TREND($Q31:$R31,$Q$28:$R$28,AI$4)} -> 1.1933167e+15 | AJ7: {=TREND($Q31:$R31,$Q$28:$R$28,AJ$4)} -> 1.2007563e+15 | AK7: {=TREND($Q31:$R31,$Q$28:$R$28,AK$4)} -> 1.2081959e+15 | AL7: =E30*$A$22 -> 1.2156355e+15 | AM7: {=TREND($R31:$S31,$R$28:$S$28,AM$4)} -> 1.2140096e+15 | AN7: {=TREND($R31:$S31,$R$28:$S$28,AN$4)} -> 1.2123837e+15 | AO7: {=TREND($R31:$S31,$R$28:$S$28,AO$4)} -> 1.2107577e+15 | AP7: {=TREND($R31:$S31,$R$28:$S$28,AP$4)} -> 1.2091318e+15 | AQ7: {=TREND($R31:$S31,$R$28:$S$28,AQ$4)} -> 1.2075059e+15 | AR7: {=TREND($R31:$S31,$R$28:$S$28,AR$4)} -> 1.20588e+15 | AS7: {=TREND($R31:$S31,$R$28:$S$28,AS$4)} -> 1.204254e+15 | AT7: {=TREND($R31:$S31,$R$28:$S$28,AT$4)} -> 1.2026281e+15 | AU7: {=TREND($R31:$S31,$R$28:$S$28,AU$4)} -> 1.2010022e+15 | AV7: =F30*$A$22 -> 1.1993763e+15
A9: 제품별 소비 | N9: YoY Growth Rate(%) | Q9: =Q5/P5-1 -> 0.030820957 | R9: =R5/Q5-1 -> 0.029899428 | S9: =S5/R5-1 -> 0.029031406 | T9: =T5/S5-1 -> 0.030831989 | U9: =U5/T5-1 -> 0.026521443 | V9: =V5/U5-1 -> 0.025836229 | W9: =W5/V5-1 -> 0.02518553 | X9: =X5/W5-1 -> 0.024566802 | ... AV9: =AV5/AU5-1 -> 0.0065957839
A10: 천연가스 | B10: 5.653 | C10: 27.195 | D10: 27.299 | E10: 30.882 | F10: 33.612 | G10: 39.131 | H10: 50.87 | I10: 55.01 | K10: 9.12 | L10: 1.67
A11: 도시가스 | B11: 13.059 | C11: 26.028 | D11: 28.569 | E11: 30.076 | F11: 31.044 | G11: 31.693 | H11: 48.69 | I11: 44.55 | K11: 3.91 | L11: 0.9
A13: 용도별 소비
A14: 발전용 | B14: 5.768 | C14: 23.937 | D14: 24.091 | E14: 27.453 | F14: 30.028 | G14: 35.455 | H14: 44.77 | I14: 49.84 | K14: 8.23 | L14: 1.8
A15: 지역난방 | B15: 0.556 | C15: 3.557 | D15: 3.405 | E15: 3.585 | F15: 3.698 | G15: 3.755 | H15: 6.65 | I15: 5.28 | K15: 10.86 | L15: 0.25
A16: 산업 | B16: 3.308 | C16: 9.904 | D16: 11.444 | E16: 12.468 | F16: 13.208 | G16: 13.796 | H16: 18.52 | I16: 19.39 | K16: 6.28 | L16: 1.52
A17: 수송 | B17: 0 | C17: 1.239 | D17: 1.452 | E17: 1.526 | F17: 1.437 | G17: 1.315 | H17: 2.32 | I17: 1.85 | K17: - | L17: 0.27
A18: 가정 | B18: 7.353 | C18: 10.9 | D18: 10.433 | E18: 10.444 | F18: 10.455 | G18: 10.427 | H18: 20.39 | I18: 14.66 | K18: 2.21 | L18: -0.2
A19: 서비스 | B19: 1.9 | C19: 3.822 | D19: 5.206 | E19: 5.652 | F19: 6.005 | G19: 6.255 | H19: 7.15 | I19: 8.79 | K19: 3.96 | L19: 2.26
A21: Conversion rate (1 MTOE =): | N21: 추정값 구하기 위한 참고셀(old)
A22: =About!C89 -> 39656668310000 | B22: BTU | O22: 2000 | P22: 2018 | Q22: 2025 | R22: 2030 | S22: 2035 | T22: 2040
N23: 총공급 | O23: =O5 -> 7.5030416e+14 | P23: =P5 -> 2.1201248e+15 | Q23: =W5 -> 2.5775347e+15 | R23: =AB5 -> 2.8941437e+15 | S23: =AG5 -> 3.1575829e+15 | T23: =AL5 -> 3.4210221e+15
A24: 가스 공급 및 수요 - 기준 시나리오(REF) | N24: 전환 부문* | O24: =O6 -> 244562673467770 | P24: =P6 -> 1.0980931e+15 | Q24: =W6 -> 1.359272e+15 | R24: =AB6 -> 1.5761939e+15 | S24: =AG6 -> 1.8085424e+15 | T24: =AL6 -> 2.0408908e+15
A25: (단위: 백만 toe) | N25: 최종소비 부문 | O25: =O7 -> 504313850898270 | P25: =P7 -> 1.0257197e+15 | Q25: =W7 -> 1.073972e+15 | R25: =AB7 -> 1.1412396e+15 | S25: =AG7 -> 1.1784376e+15 | T25: =AL7 -> 1.2156355e+15
G26: 비중 (%) | I26: 증가율 (%)
B27: 2000 | C27: 2022 | D27: 2030 | E27: 2040 | F27: 2050 | G27: 2022 | H27: 2050 | I27: 00-22 | J27: 22-50 | N27: 추정값 구하기 위한 참고셀(new)
A28: 총공급 | B28: 18.92 | C28: 60.206 | D28: 72.98 | E28: 86.266 | F28: 92.315 | G28: 94.77 | H28: 96.21 | I28: 5.4 | J28: 1.54 | O28: 2000 | P28: 2022 | Q28: 2030 | R28: 2040 | S28: 2050
A29: 전환 부문* | B29: 6.167 | C29: 30.994 | D29: 39.746 | E29: 51.464 | F29: 58.578 | G29: 51.48 | H29: 63.45 | I29: 7.61 | J29: 2.3 | N29: 총공급 | O29: =O5 -> 7.5030416e+14 | P29: =T5 -> 2.3875694e+15 | Q29: =AB5 -> 2.8941437e+15 | R29: =AL5 -> 3.4210221e+15 | S29: =AV5 -> 3.6609053e+15
A30: 최종소비 부문 | B30: 12.717 | C30: 26.064 | D30: 28.778 | E30: 30.654 | F30: 30.244 | G30: 43.29 | H30: 32.76 | I30: 3.32 | J30: 0.53 | N30: 전환 부문* | O30: =O6 -> 244562673467770 | P30: =T6 -> 1.2291188e+15 | Q30: =AB6 -> 1.5761939e+15 | R30: =AL6 -> 2.0408908e+15 | S30: =AV6 -> 2.3230083e+15
N31: 최종소비 부문 | O31: =O7 -> 504313850898270 | P31: =T7 -> 1.0336114e+15 | Q31: =AB7 -> 1.1412396e+15 | R31: =AL7 -> 1.2156355e+15 | S31: =AV7 -> 1.1993763e+15
A32: 용도별 소비
A33: 발전용 | B33: 5.838 | C33: 14.004 | D33: 20.587 | E33: 26.1 | F33: 29.808 | G33: 23.26 | H33: 32.29 | I33: 4.06 | J33: 2.73
A34: 지역난방 | B34: 0.329 | C34: 16.386 | D34: 16.722 | E34: 17.612 | F34: 17.676 | G34: 27.22 | H34: 19.15 | I34: 19.44 | J34: 0.27
A35: 수소제조 | B35: 0 | C35: 0.61 | D35: 2.438 | E35: 7.752 | F35: 11.093 | G35: 1.01 | H35: 12.02 | I35: 429.64 | J35: 10.91
A36: 에너지산업 | B36: 0.438 | C36: 2.803 | D36: 4.089 | E36: 3.793 | F36: 3.13 | G36: 4.66 | H36: 3.39 | I36: 8.8 | J36: 0.39
A37: 산업 | B37: 3.516 | C37: 10.011 | D37: 12.151 | E37: 14.108 | F37: 14.767 | G37: 16.63 | H37: 16 | I37: 4.87 | J37: 1.4
A38: 수송 | B38: 0 | C38: 1.025 | D38: 1.419 | E38: 0.791 | F38: 0.129 | G38: 1.7 | H38: 0.14 | I38: - | J38: -7.13
A39: 가정 | B39: 7.353 | C39: 11.469 | D39: 10.623 | E39: 10.084 | F39: 9.203 | G39: 19.05 | H39: 9.97 | I39: 2.04 | J39: -0.78
A40: 서비스 | B40: 1.849 | C40: 3.558 | D40: 4.584 | E40: 5.671 | F40: 6.145 | G40: 5.91 | H40: 6.66 | I40: 3.02 | J40: 1.97
A41: * 자가소비 및 손실 포함 주) 천연가스 손실과 도시가스 손실 차로 인해 합계가 불일치할 수 있음

Sheet KEEI BAU - Coal Supply
A1: 석탄 공급 및 수요 - 기준 시나리오 | M1: 1 | N1: MTOE | O1: = | Q1: BTU
A2: (단위: 백만 toe) | N2: unit: BTU
H3: 비중 (%) | K3: 증가율 (%)
B4: 2000 | C4: 2018 | D4: 2025 | E4: 2030 | F4: 2035 | G4: 2040 | H4: 2018 | I4: 2040 | K4: 00-18 | L4: 18-40 | O4: 2000 | P4: 2018 | Q4: 2019 | R4: 2020 | S4: 2021 | T4: 2022 | U4: 2023 | V4: 2024 | W4: 2025 | X4: 2026 | Y4: 2027 | Z4: 2028 | AA4: 2029 | AB4: 2030 | AC4: 2031 | AD4: 2032 | AE4: 2033 | AF4: 2034 | AG4: 2035 | AH4: 2036 | AI4: 2037 | AJ4: 2038 | AK4: 2039 | AL4: 2040 | AM4: 2041 | AN4: 2042 | AO4: 2043 | AP4: 2044 | AQ4: 2045 | AR4: 2046 | AS4: 2047 | AT4: 2048 | AU4: 2049 | AV4: 2050 | AW4: CAGR(2020-2050)
A5: 총공급 | B5: 42.925 | C5: 86.651 | D5: 93.97 | E5: 95.809 | F5: 94.082 | G5: 84.397 | H5: 100 | I5: 100 | K5: 3.98 | L5: -0.12 | N5: 총공급 | O5: =B5*$A$24 -> 1.7022625e+15 | P5: =C5*$A$24 -> 3.43629e+15 | Q5: {=TREND($P23:$Q23,$P$22:$Q$22,Q$4)} -> 3.3143294e+15 | R5: {=TREND($P23:$Q23,$P$22:$Q$22,R$4)} -> 3.1923689e+15 | S5: {=TREND($P23:$Q23,$P$22:$Q$22,S$4)} -> 3.0704083e+15 | T5: =C31*$A$24 -> 2.7396809e+15 | U5: {=TREND($P30:$Q30,$P$29:$Q$29,U$4)} -> 2.6873093e+15 | V5: {=TREND($P30:$Q30,$P$29:$Q$29,V$4)} -> 2.6349378e+15 | W5: {=TREND($P30:$Q30,$P$29:$Q$29,W$4)} -> 2.5825662e+15 | X5: {=TREND($P30:$Q30,$P$29:$Q$29,X$4)} -> 2.5301946e+15 | Y5: {=TREND($P30:$Q30,$P$29:$Q$29,Y$4)} -> 2.477823e+15 | Z5: {=TREND($P30:$Q30,$P$29:$Q$29,Z$4)} -> 2.4254514e+15 | AA5: {=TREND($P30:$Q30,$P$29:$Q$29,AA$4)} -> 2.3730798e+15 | AB5: =D31*$A$24 -> 2.3207082e+15 | AC5: {=TREND($Q30:$R30,$Q$29:$R$29,AC$4)} -> 2.268528e+15 | AD5: {=TREND($Q30:$R30,$Q$29:$R$29,AD$4)} -> 2.2163477e+15 | AE5: {=TREND($Q30:$R30,$Q$29:$R$29,AE$4)} -> 2.1641675e+15 | AF5: {=TREND($Q30:$R30,$Q$29:$R$29,AF$4)} -> 2.1119873e+15 | AG5: {=TREND($Q30:$R30,$Q$29:$R$29,AG$4)} -> 2.059807e+15 | AH5: {=TREND($Q30:$R30,$Q$29:$R$29,AH$4)} -> 2.0076268e+15 | AI5: {=TREND($Q30:$R30,$Q$29:$R$29,AI$4)} -> 1.9554465e+15 | AJ5: {=TREND($Q30:$R30,$Q$29:$R$29,AJ$4)} -> 1.9032663e+15 | AK5: {=TREND($Q30:$R30,$Q$29:$R$29,AK$4)} -> 1.851086e+15 | AL5: =E31*$A$24 -> 1.7989058e+15 | AM5: {=TREND($R30:$S30,$R$29:$S$29,AM$4)} -> 1.748871e+15 | AN5: {=TREND($R30:$S30,$R$29:$S$29,AN$4)} -> 1.6988362e+15 | AO5: {=TREND($R30:$S30,$R$29:$S$29,AO$4)} -> 1.6488013e+15 | AP5: {=TREND($R30:$S30,$R$29:$S$29,AP$4)} -> 1.5987665e+15 | AQ5: {=TREND($R30:$S30,$R$29:$S$29,AQ$4)} -> 1.5487317e+15 | AR5: {=TREND($R30:$S30,$R$29:$S$29,AR$4)} -> 1.4986969e+15 | AS5: {=TREND($R30:$S30,$R$29:$S$29,AS$4)} -> 1.4486621e+15 | AT5: {=TREND($R30:$S30,$R$29:$S$29,AT$4)} -> 1.3986272e+15 | AU5: {=TREND($R30:$S30,$R$29:$S$29,AU$4)} -> 1.3485924e+15 | AV5: =F31*$A$24 -> 1.2985576e+15 | AW5: =(AV5/R5)^(1/30)-1 -> -0.029538587
A6: 전환부문 | B6: 23.264 | C6: 54.227 | D6: 55.922 | E6: 56.101 | F6: 54.288 | G6: 45.389 | H6: 62.58 | I6: 53.78 | K6: 4.81 | L6: -0.81 | N6: 전환 부문* | O6: =B6*$A$24 -> 922572731563840 | P6: =C6*$A$24 -> 2.1504622e+15 | Q6: {=TREND($P24:$Q24,$P$22:$Q$22,Q$4)} -> 2.0380638e+15 | R6: {=TREND($P24:$Q24,$P$22:$Q$22,R$4)} -> 1.9256655e+15 | S6: {=TREND($P24:$Q24,$P$22:$Q$22,S$4)} -> 1.8132672e+15 | T6: =C32*$A$24 -> 1.5504568e+15 | U6: {=TREND($P31:$Q31,$P$29:$Q$29,U$4)} -> 1.4881958e+15 | V6: {=TREND($P31:$Q31,$P$29:$Q$29,V$4)} -> 1.4259348e+15 | W6: {=TREND($P31:$Q31,$P$29:$Q$29,W$4)} -> 1.3636739e+15 | X6: {=TREND($P31:$Q31,$P$29:$Q$29,X$4)} -> 1.3014129e+15 | Y6: {=TREND($P31:$Q31,$P$29:$Q$29,Y$4)} -> 1.2391519e+15 | Z6: {=TREND($P31:$Q31,$P$29:$Q$29,Z$4)} -> 1.1768909e+15 | AA6: {=TREND($P31:$Q31,$P$29:$Q$29,AA$4)} -> 1.11463e+15 | AB6: =D32*$A$24 -> 1.052369e+15 | AC6: {=TREND($Q31:$R31,$Q$29:$R$29,AC$4)} -> 1.0089172e+15 | AD6: {=TREND($Q31:$R31,$Q$29:$R$29,AD$4)} -> 965465384007936 | AE6: {=TREND($Q31:$R31,$Q$29:$R$29,AE$4)} -> 922013572540672 | AF6: {=TREND($Q31:$R31,$Q$29:$R$29,AF$4)} -> 878561761073408 | AG6: {=TREND($Q31:$R31,$Q$29:$R$29,AG$4)} -> 835109949606128 | AH6: {=TREND($Q31:$R31,$Q$29:$R$29,AH$4)} -> 791658138138864 | AI6: {=TREND($Q31:$R31,$Q$29:$R$29,AI$4)} -> 748206326671600 | AJ6: {=TREND($Q31:$R31,$Q$29:$R$29,AJ$4)} -> 704754515204336 | AK6: {=TREND($Q31:$R31,$Q$29:$R$29,AK$4)} -> 661302703737072 | AL6: =E32*$A$24 -> 617850892269800 | AM6: {=TREND($R31:$S31,$R$29:$S$29,AM$4)} -> 579709108689232 | AN6: {=TREND($R31:$S31,$R$29:$S$29,AN$4)} -> 541567325108672 | AO6: {=TREND($R31:$S31,$R$29:$S$29,AO$4)} -> 503425541528112 | AP6: {=TREND($R31:$S31,$R$29:$S$29,AP$4)} -> 465283757947552 | AQ6: {=TREND($R31:$S31,$R$29:$S$29,AQ$4)} -> 427141974367008 | AR6: {=TREND($R31:$S31,$R$29:$S$29,AR$4)} -> 389000190786448 | AS6: {=TREND($R31:$S31,$R$29:$S$29,AS$4)} -> 350858407205888 | AT6: {=TREND($R31:$S31,$R$29:$S$29,AT$4)} -> 312716623625328 | AU6: {=TREND($R31:$S31,$R$29:$S$29,AU$4)} -> 274574840044768 | AV6: =F32*$A$24 -> 236433056464220
A7: 최종소비부문 | B7: 19.661 | C7: 32.424 | D7: 38.048 | E7: 39.708 | F7: 39.793 | G7: 39.008 | H7: 37.42 | I7: 46.22 | K7: 2.82 | L7: 0.84 | N7: 최종소비 부문 | O7: =B7*$A$24 -> 779689755642910 | P7: =C7*$A$24 -> 1.2858278e+15 | Q7: {=TREND($P25:$Q25,$P$22:$Q$22,Q$4)} -> 1.2762656e+15 | R7: {=TREND($P25:$Q25,$P$22:$Q$22,R$4)} -> 1.2667034e+15 | S7: {=TREND($P25:$Q25,$P$22:$Q$22,S$4)} -> 1.2571412e+15 | T7: =C33*$A$24 -> 1.1892242e+15 | U7: {=TREND($P32:$Q32,$P$29:$Q$29,U$4)} -> 1.1991136e+15 | V7: {=TREND($P32:$Q32,$P$29:$Q$29,V$4)} -> 1.2090029e+15 | W7: {=TREND($P32:$Q32,$P$29:$Q$29,W$4)} -> 1.2188923e+15 | X7: {=TREND($P32:$Q32,$P$29:$Q$29,X$4)} -> 1.2287817e+15 | Y7: {=TREND($P32:$Q32,$P$29:$Q$29,Y$4)} -> 1.2386711e+15 | Z7: {=TREND($P32:$Q32,$P$29:$Q$29,Z$4)} -> 1.2485605e+15 | AA7: {=TREND($P32:$Q32,$P$29:$Q$29,AA$4)} -> 1.2584498e+15 | AB7: =D33*$A$24 -> 1.2683392e+15 | AC7: {=TREND($Q32:$R32,$Q$29:$R$29,AC$4)} -> 1.2596108e+15 | AD7: {=TREND($Q32:$R32,$Q$29:$R$29,AD$4)} -> 1.2508824e+15 | AE7: {=TREND($Q32:$R32,$Q$29:$R$29,AE$4)} -> 1.2421539e+15 | AF7: {=TREND($Q32:$R32,$Q$29:$R$29,AF$4)} -> 1.2334255e+15 | AG7: {=TREND($Q32:$R32,$Q$29:$R$29,AG$4)} -> 1.2246971e+15 | AH7: {=TREND($Q32:$R32,$Q$29:$R$29,AH$4)} -> 1.2159686e+15 | AI7: {=TREND($Q32:$R32,$Q$29:$R$29,AI$4)} -> 1.2072402e+15 | AJ7: {=TREND($Q32:$R32,$Q$29:$R$29,AJ$4)} -> 1.1985118e+15 | AK7: {=TREND($Q32:$R32,$Q$29:$R$29,AK$4)} -> 1.1897833e+15 | AL7: =E33*$A$24 -> 1.1810549e+15 | AM7: {=TREND($R32:$S32,$R$29:$S$29,AM$4)} -> 1.1691658e+15 | AN7: {=TREND($R32:$S32,$R$29:$S$29,AN$4)} -> 1.1572768e+15 | AO7: {=TREND($R32:$S32,$R$29:$S$29,AO$4)} -> 1.1453877e+15 | AP7: {=TREND($R32:$S32,$R$29:$S$29,AP$4)} -> 1.1334986e+15 | AQ7: {=TREND($R32:$S32,$R$29:$S$29,AQ$4)} -> 1.1216095e+15 | AR7: {=TREND($R32:$S32,$R$29:$S$29,AR$4)} -> 1.1097205e+15 | AS7: {=TREND($R32:$S32,$R$29:$S$29,AS$4)} -> 1.0978314e+15 | AT7: {=TREND($R32:$S32,$R$29:$S$29,AT$4)} -> 1.0859423e+15 | AU7: {=TREND($R32:$S32,$R$29:$S$29,AU$4)} -> 1.0740533e+15 | AV7: =F33*$A$24 -> 1.0621642e+15
A9: 제품별 석탄 수요 | N9: YoY Growth Rate(%) | Q9: =Q5/P5-1 -> -0.035491924 | R9: =R5/Q5-1 -> -0.036797954 | S9: =S5/R5-1 -> -0.038203775 | T9: =T5/S5-1 -> -0.10771447 | U9: =U5/T5-1 -> -0.019115944 | V9: =V5/U5-1 -> -0.019488485 | W9: =W5/V5-1 -> -0.019875835 | X9: =X5/W5-1 -> -0.020278895 | ... AV9: =AV5/AU5-1 -> -0.037101512
A10: 국내탄 | B10: 1.871 | C10: 0.52 | D10: 0.359 | E10: 0.292 | F10: 0.245 | G10: 0.126 | H10: 0.6 | I10: 0.15 | K10: -6.87 | L10: -6.23
A11: 수입무연탄 | B11: 1.225 | C11: 4.483 | D11: 5.427 | E11: 5.837 | F11: 6.12 | G11: 5.989 | H11: 5.17 | I11: 7.1 | K11: 7.48 | L11: 1.33
A12: 연료용 유연탄 | B12: 27.015 | C12: 57.519 | D12: 59.78 | E12: 60.098 | F12: 58.343 | G12: 49.865 | H12: 66.38 | I12: 59.08 | K12: 4.29 | L12: -0.65
A13: 원료용 유연탄 | B13: 12.814 | C13: 24.129 | D13: 28.403 | E13: 29.582 | F13: 29.373 | G13: 28.417 | H13: 27.85 | I13: 33.67 | K13: 3.58 | L13: 0.75
A15: 용도별 석탄 수요
A16: 발전용 | B16: 23.264 | C16: 54.227 | D16: 55.922 | E16: 56.101 | F16: 54.288 | G16: 45.389 | H16: 62.58 | I16: 53.78 | K16: 4.81 | L16: -0.81
A17: 코크스 제조 및 고로용 | B17: 12.814 | C17: 24.129 | D17: 28.403 | E17: 29.582 | F17: 29.373 | G17: 28.417 | H17: 27.85 | I17: 33.67 | K17: 3.58 | L17: 0.75
A18: 킬른가열용 | B18: 3.503 | C18: 2.196 | D18: 2.164 | E18: 2.081 | F18: 1.993 | G18: 1.92 | H18: 2.53 | I18: 2.28 | K18: -2.56 | L18: -0.61
A19: 기타 산업용 | B19: 2.808 | C19: 5.649 | D19: 7.179 | E19: 7.814 | F19: 8.246 | G19: 8.52 | H19: 6.52 | I19: 10.1 | K19: 3.96 | L19: 1.89
A20: 연탄용 | B20: 0.536 | C20: 0.318 | D20: 0.18 | E20: 0.114 | F20: 0.07 | G20: 0.043 | H20: 0.37 | I20: 0.05 | K20: -2.86 | L20: -8.72
N21: 추정값 구하기 위한 참고셀
N22: old | O22: 2000 | P22: 2018 | Q22: 2025 | R22: 2030 | S22: 2035 | T22: 2040
A23: Conversion rate (1 MTOE =): | N23: 총공급 | O23: =O5 -> 1.7022625e+15 | P23: =P5 -> 3.43629e+15 | Q23: =W5 -> 2.5825662e+15 | R23: =AB5 -> 2.3207082e+15 | S23: =AG5 -> 2.059807e+15 | T23: =AL5 -> 1.7989058e+15
A24: =About!C89 -> 39656668310000 | B24: BTU | N24: 전환 부문* | O24: =O6 -> 922572731563840 | P24: =P6 -> 2.1504622e+15 | Q24: =W6 -> 1.3636739e+15 | R24: =AB6 -> 1.052369e+15 | S24: =AG6 -> 835109949606128 | T24: =AL6 -> 617850892269800
N25: 최종소비 부문 | O25: =O7 -> 779689755642910 | P25: =P7 -> 1.2858278e+15 | Q25: =W7 -> 1.2188923e+15 | R25: =AB7 -> 1.2683392e+15 | S25: =AG7 -> 1.2246971e+15 | T25: =AL7 -> 1.1810549e+15
A27: 석탄 공급 및 수요 - 기준 시나리오(REF)
A28: (단위: 백만 toe) | N28: 추정값 구하기 위한 참고셀
G29: 비중 (%) | I29: 증가율 (%) | N29: new | O29: 2000 | P29: 2022 | Q29: 2030 | R29: 2040 | S29: 2050
B30: 2000 | C30: 2022 | D30: 2030 | E30: 2040 | F30: 2050 | G30: 2022 | H30: 2050 | I30: 00-22 | J30: 22-50 | N30: 총공급 | O30: =O5 -> 1.7022625e+15 | P30: =T5 -> 2.7396809e+15 | Q30: =AB5 -> 2.3207082e+15 | R30: =AL5 -> 1.7989058e+15 | S30: =AV5 -> 1.2985576e+15
A31: 총공급 | B31: 44.204 | C31: 69.085 | D31: 58.52 | E31: 45.362 | F31: 32.745 | G31: 100 | H31: 100 | I31: 2.05 | J31: -2.63 | N31: 전환 부문* | O31: =O6 -> 922572731563840 | P31: =T6 -> 1.5504568e+15 | Q31: =AB6 -> 1.052369e+15 | R31: =AL6 -> 617850892269800 | S31: =AV6 -> 236433056464220
A32: 전환부문 | B32: 22.988 | C32: 39.097 | D32: 26.537 | E32: 15.58 | F32: 5.962 | G32: 56.59 | H32: 18.21 | I32: 2.44 | J32: -6.5 | N32: 최종소비 부문 | O32: =O7 -> 779689755642910 | P32: =T7 -> 1.1892242e+15 | Q32: =AB7 -> 1.2683392e+15 | R32: =AL7 -> 1.1810549e+15 | S32: =AV7 -> 1.0621642e+15
A33: 최종소비부문 | B33: 21.217 | C33: 29.988 | D33: 31.983 | E33: 29.782 | F33: 26.784 | G33: 43.41 | H33: 81.79 | I33: 1.59 | J33: -0.4
A35: 제품별 석탄 수요
A36: 국내탄 | B36: 0.536 | C36: 0.2 | D36: 0.06 | E36: 0.019 | F36: 0.006 | G36: 0.29 | H36: 0.02 | I36: -4.38 | J36: -11.85
A37: 수입무연탄 | B37: 1.223 | C37: 2.68 | D37: 2.789 | E37: 2.548 | F37: 2.024 | G37: 3.88 | H37: 6.18 | I37: 3.63 | J37: -1
A38: 연료용 유연탄 | B38: 28.202 | C38: 49.115 | D38: 36.739 | E38: 25.583 | F38: 14.988 | G38: 71.09 | H38: 45.77 | I38: 2.55 | J38: -4.15
A39: 원료용 유연탄 | B39: 14.244 | C39: 17.09 | D39: 18.931 | E39: 17.211 | F39: 15.728 | G39: 24.74 | H39: 48.03 | I39: 0.83 | J39: -0.3
A41: 용도별 석탄 수요
A42: 발전/열생산용 | B42: 22.988 | C42: 39.097 | D42: 26.537 | E42: 15.58 | F42: 5.962 | G42: 56.59 | H42: 18.21 | I42: 2.44 | J42: -6.5
A43: 코크스 제조 및 고로용 | B43: 12.957 | C43: 16.593 | D43: 18.478 | E43: 17.176 | F43: 15.693 | G43: 24.02 | H43: 47.92 | I43: 1.13 | J43: -0.2
A44: 킬른가열용 | B44: 3.503 | C44: 2.142 | D44: 1.847 | E44: 1.636 | F44: 1.365 | G44: 3.1 | H44: 4.17 | I44: -2.21 | J44: -1.6
A45: 기타 산업용 | B45: 4.217 | C45: 11.026 | D45: 11.59 | E45: 10.951 | F45: 9.72 | G45: 15.96 | H45: 29.68 | I45: 4.47 | J45: -0.45
A46: 연탄용 | B46: 0.45 | C46: 0.182 | D46: 0.05 | E46: 0.015 | F46: 0.004 | G46: 0.26 | H46: 0.01 | I46: -4.03 | J46: -12.57

Sheet 2019 KESIS Energy Balance
D1: COAL | Q1: NATURAL GAS | S1: Crude Oil | T1: N/A | W1: LPG Propane or butane | Z1: Petroleum-diesel | AF1: Heavy or Residual Oil | AI1: Feedstock | AP1: BIOMASS | AY1: Renewables - on-site generation | BH1: Electricity | BI1: Heat
B3: ENERGY BALANCE | D3: 국내무연탄 | E3: 수입무연탄 | F3: 원료탄 | G3: 기타유연탄 | H3: 아역청탄 | I3: 갈탄 | J3: 토탄 | K3: 고형연료 | L3: 코크스 | M3: 콜타르 | N3: 코크스로가스 | O3: 고로가스 | P3: 기타석탄가스 | Q3: 천연가스 | R3: 도시가스 | S3: 원유 | T3: 정제원료 | U3: 첨가물 | V3: 기타탄화수소 | W3: 정제가스 | X3: 프로판 | Y3: 부탄 | Z3: 휘발유 | AA3: 항공휘발유 | AB3: 휘발유형항공유 | AC3: 등유형항공유 | AD3: 등유 | AE3: 경유 | AF3: B-A | AG3: B-B | AH3: B-C | AI3: 납사 | AJ3: 용제 | AK3: 윤활유 | AL3: 아스팔트 | AM3: 파라핀왁스 | AN3: 석유코크 | AO3: 기타석유제품 | AP3: 산업폐기물 | AQ3: 도시폐기물_재생 | AR3: 도시폐기물_비재생 | AS3: 고형바이오매스 | AT3: 바이오가스 | AU3: 매립지가스 | AV3: 바이오휘발유 | AW3: 바이오경유 | AX3: 기타바이오연료 | AY3: 목탄 | AZ3: 원자력 | BA3: 수력 | BB3: 지열 | BC3: 태양광 | BD3: 태양열 | BE3: 해양 | BF3: 풍력 | BG3: 기타에너지원 | BH3: 전기 | BI3: 열 | BJ3: 총에너지 | BK3: 메모: 신재생
B4: 2019 | D4: Domestic-anthracite | E4: Imported-anthracite | F4: Coking coal | G4: Other bituminous | H4: Sub-bituminous | I4: Lignite/Brown coal | J4: Peat | K4: Patent Fuel | L4: Coke Oven Coke | M4: Coal Tar | N4: Coke Oven Gas | O4: Blast Furnace Gas | P4: Other Recovered Gas | Q4: Natural Gas | R4: City Gas | S4: Crude oil | T4: Refinery feedstocks | U4: Additives/blending components | V4: Other hydrocarbons | W4: Refinery gas | X4: Propane | Y4: Butane | Z4: Motor gasoline | AA4: Aviation gasoline | AB4: Gasoline type jet fuel | AC4: Kerosene type jet fuel | AD4: Kerosene | AE4: Gas/diesel oil excl.biofuels | AF4: B-A | AG4: B-B | AH4: B-C | AI4: Naphtha | AJ4: White spirit & SBP | AK4: Lubricants | AL4: Bitumen | AM4: Paraffin waxes | AN4: Petroleum coke | AO4: Other oil products | AP4: Industrial waste | AQ4: Municipal waste (renewable) | AR4: Municipal waste (non-renewable) | AS4: Primary solid biomass | AT4: Biogases | AU4: LFG | AV4: Biogasoline | AW4: Biodiesels | AX4: Other ligquid biofuels | AY4: Charcoal | AZ4: Nuclear | BA4: Hydro | BB4: Geothermal | BC4: Solar photovoltaics | BD4: Solar thermal | BE4: Tide, wave and ocean | BF4: Wind | BG4: Other sources | BH4: Electricity | BI4: Heat | BJ4: Total of all energy sources | BK4: Memo: Renewables
B5: (UNIT : 1,000 toe, Gross)
B6: 국내생산 | C6: Production | D6: 512.732 | E6: 0 | F6: 0 | G6: 0 | H6: 0 | I6: 0 | J6: 0 | K6: 0 | L6: 0 | M6: 0 | N6: 0 | O6: 0 | P6: 0 | Q6: 259.029 | R6: 0 | S6: 22.726 | T6: 0 | U6: 0 | V6: 0 | W6: 0 | X6: 0 | Y6: 0 | Z6: 0 | AA6: 0 | AB6: 0 | AC6: 0 | AD6: 0 | AE6: 0 | AF6: 0 | AG6: 0 | AH6: 0 | AI6: 0 | AJ6: 0 | AK6: 0 | AL6: 0 | AM6: 0 | AN6: 0 | AO6: 0 | AP6: 1806.902 | AQ6: 974.077 | AR6: 669.934 | AS6: 2804.432 | AT6: 96.281 | AU6: 75.518 | AV6: 0 | AW6: 687.822 | AX6: 488.877 | AY6: 0 | AZ6: 31078.76 | BA6: 594.499 | BB6: 224.722 | BC6: 2768.152 | BD6: 26.912 | BE6: 101.03 | BF6: 570.661 | BG6: 0 | BH6: 0 | BI6: 66.305 | BJ6: 43829.371 | BK6: 11889.82
B7: 수입 | C7: Imports | D7: 0 | E7: 3470.324 | F7: 15767.758 | G7: 65146.572 | H7: 955.612 | I7: 0.032 | J7: 15.407 | K7: 3.519 | L7: 213.294 | M7: 0 | N7: 0 | O7: 0 | P7: 0 | Q7: 53217.292 | R7: 0 | S7: 157205.66 | T7: 687.469 | U7: 0 | V7: 62.221 | W7: 0 | X7: 7255.124 | Y7: 2117.669 | Z7: 16.18 | AA7: 0.46 | AB7: 0 | AC7: 0 | AD7: 4.924 | AE7: 19.758 | AF7: 0 | AG7: 0 | AH7: 5001.531 | AI7: 27713.693 | AJ7: 0.381 | AK7: 5.249 | AL7: 0 | AM7: 0 | AN7: 0 | AO7: 6.21 | AP7: 0 | AQ7: 0 | AR7: 0 | AS7: 0 | AT7: 0 | AU7: 0 | AV7: 0 | AW7: 0 | AX7: 0 | AY7: 0 | AZ7: 0 | BA7: 0 | BB7: 0 | BC7: 0 | BD7: 0 | BE7: 0 | BF7: 0 | BG7: 0 | BH7: 0 | BI7: 0 | BJ7: 338886.34 | BK7: 0
B8: 수출 | C8: Exports | D8: 0 | E8: -0.208 | F8: 0 | G8: 0 | H8: -0.009 | I8: 0 | J8: -0.008 | K8: 0 | L8: -11.66 | M8: 0 | N8: 0 | O8: 0 | P8: 0 | Q8: 0 | R8: 0 | S8: 0 | T8: -64.567 | U8: 0 | V8: -73.525 | W8: 0 | X8: -498.541 | Y8: -73.996 | Z8: -10911.019 | AA8: -26.093 | AB8: 0 | AC8: -15896.424 | AD8: -581.639 | AE8: -28028.461 | AF8: -33.252 | AG8: 0 | AH8: -2731.667 | AI8: -5808.103 | AJ8: -156.867 | AK8: -2416.39 | AL8: -3324.645 | AM8: 0 | AN8: 0 | AO8: -1888.453 | AP8: 0 | AQ8: 0 | AR8: 0 | AS8: 0 | AT8: 0 | AU8: 0 | AV8: 0 | AW8: 0 | AX8: 0 | AY8: 0 | AZ8: 0 | BA8: 0 | BB8: 0 | BC8: 0 | BD8: 0 | BE8: 0 | BF8: 0 | BG8: 0 | BH8: 0 | BI8: 0 | BJ8: -72525.527 | BK8: 0
B9: 국제해운벙커링 | C9: International Marine Bunkers | D9: 0 | E9: 0 | F9: 0 | G9: 0 | H9: 0 | I9: 0 | J9: 0 | K9: 0 | L9: 0 | M9: 0 | N9: 0 | O9: 0 | P9: 0 | Q9: 0 | R9: 0 | S9: 0 | T9: 0 | U9: 0 | V9: 0 | W9: 0 | X9: -0.01 | Y9: 0 | Z9: -0.004 | AA9: 0 | AB9: 0 | AC9: 0 | AD9: -0.101 | AE9: -1287.781 | AF9: -51.721 | AG9: -2.802 | AH9: -7077.546 | AI9: 0 | AJ9: -0.003 | AK9: 0 | AL9: 0 | AM9: 0 | AN9: 0 | AO9: 0 | AP9: 0 | AQ9: 0 | AR9: 0 | AS9: 0 | AT9: 0 | AU9: 0 | AV9: 0 | AW9: 0 | AX9: 0 | AY9: 0 | AZ9: 0 | BA9: 0 | BB9: 0 | BC9: 0 | BD9: 0 | BE9: 0 | BF9: 0 | BG9: 0 | BH9: 0 | BI9: 0 | BJ9: -8419.968 | BK9: 0
B10: 국제항공벙커링 | C10: International Aviation Bunkers | D10: 0 | E10: 0 | F10: 0 | G10: 0 | H10: 0 | I10: 0 | J10: 0 | K10: 0 | L10: 0 | M10: 0 | N10: 0 | O10: 0 | P10: 0 | Q10: 0 | R10: 0 | S10: 0 | T10: 0 | U10: 0 | V10: 0 | W10: 0 | X10: 0 | Y10: 0 | Z10: 0 | AA10: -0.517 | AB10: 0 | AC10: -4301.764 | AD10: 0 | AE10: 0 | AF10: 0 | AG10: 0 | AH10: 0 | AI10: 0 | AJ10: 0 | AK10: 0 | AL10: 0 | AM10: 0 | AN10: 0 | AO10: 0 | AP10: 0 | AQ10: 0 | AR10: 0 | AS10: 0 | AT10: 0 | AU10: 0 | AV10: 0 | AW10: 0 | AX10: 0 | AY10: 0 | AZ10: 0 | BA10: 0 | BB10: 0 | BC10: 0 | BD10: 0 | BE10: 0 | BF10: 0 | BG10: 0 | BH10: 0 | BI10: 0 | BJ10: -4302.281 | BK10: 0
B11: 재고변화 | C11: Stocks Changes | D11: -55.814 | E11: 28.842 | F11: -1503.068 | G11: 347.25 | H11: 0 | I11: 0 | J11: 0 | K11: 0 | L11: 0 | M11: 0 | N11: 0 | O11: 0 | P11: 0 | Q11: 1085.29 | R11: 0 | S11: 954.96 | T11: -140.392 | U11: -0.122 | V11: 0.274 | W11: 0 | X11: 56.872 | Y11: 56.58 | Z11: 129.701 | AA11: 2.476 | AB11: 0 | AC11: 12.483 | AD11: -32.713 | AE11: 97.012 | AF11: 21.785 | AG11: -0.653 | AH11: 299.083 | AI11: 429.119 | AJ11: 0.897 | AK11: -20.928 | AL11: 19.842 | AM11: 0.571 | AN11: -3.131 | AO11: -24.824 | AP11: 0 | AQ11: 0 | AR11: 0 | AS11: 0 | AT11: 0 | AU11: 0 | AV11: 0 | AW11: -2.493 | AX11: 0 | AY11: 0 | AZ11: 0 | BA11: 0 | BB11: 0 | BC11: 0 | BD11: 0 | BE11: 0 | BF11: 0 | BG11: 0 | BH11: 0 | BI11: 0 | BJ11: 1758.899 | BK11: -2.493
B12: 일차에너지공급 | C12: Total Primary Energy Supply | D12: 456.918 | E12: 3498.958 | F12: 14264.691 | G12: 65493.822 | H12: 955.604 | I12: 0.031 | J12: 15.399 | K12: 3.519 | L12: 201.634 | M12: 0 | N12: 0 | O12: 0 | P12: 0 | Q12: 54561.612 | R12: 0 | S12: 158183.34 | T12: 482.51 | U12: -0.122 | V12: -11.03 | W12: 0 | X12: 6813.444 | Y12: 2100.253 | Z12: -10765.142 | AA12: -23.674 | AB12: 0 | AC12: -20185.706 | AD12: -609.529 | AE12: -29199.472 | AF12: -63.189 | AG12: -3.456 | AH12: -4508.599 | AI12: 22334.709 | AJ12: -155.592 | AK12: -2432.07 | AL12: -3304.803 | AM12: 0.571 | AN12: -3.131 | AO12: -1907.067 | AP12: 1806.902 | AQ12: 974.077 | AR12: 669.934 | AS12: 2804.432 | AT12: 96.281 | AU12: 75.518 | AV12: 0 | AW12: 685.329 | AX12: 488.877 | AY12: 0 | AZ12: 31078.76 | BA12: 594.499 | BB12: 224.722 | BC12: 2768.152 | BD12: 26.912 | BE12: 101.03 | BF12: 570.661 | BG12: 0 | BH12: 0 | BI12: 66.305 | BJ12: 299226.83 | BK12: 11887.327
B13: 제품이동 | C13: Transfers | D13: 0 | E13: 0 | F13: 0 | G13: 0 | H13: 0 | I13: 0 | J13: 0 | K13: 0 | L13: 0 | M13: 0 | N13: 0 | O13: 0 | P13: 0 | Q13: 0 | R13: 0 | S13: 0 | T13: 17202.894 | U13: -0.004 | V13: 0 | W13: 0.003 | X13: -561.252 | Y13: 173.331 | Z13: -77.145 | AA13: 12.755 | AB13: 0 | AC13: -241.046 | AD13: 118.598 | AE13: 95.726 | AF13: -39.923 | AG13: 46.681 | AH13: -2479.656 | AI13: -8719.163 | AJ13: -173.884 | AK13: -13.631 | AL13: 0 | AM13: 0 | AN13: 0 | AO13: 0.112 | AP13: 0 | AQ13: 0 | AR13: 0 | AS13: 0 | AT13: 0 | AU13: 0 | AV13: 0 | AW13: 0 | AX13: 0 | AY13: 0 | AZ13: 0 | BA13: 0 | BB13: 0 | BC13: 0 | BD13: 0 | BE13: 0 | BF13: 0 | BG13: 0 | BH13: 0 | BI13: 0 | BJ13: 5344.396 | BK13: 0.003
B14: 통계오차 | C14: Statistical Differences | D14: 19.783 | E14: -10.418 | F14: 3956.212 | G14: -6043.828 | H14: 0 | I14: 0 | J14: 0 | K14: 0 | L14: -37.374 | M14: 0 | N14: 0.3 | O14: -0.002 | P14: 0 | Q14: -423.789 | R14: 490.491 | S14: -2107.828 | T14: -24.092 | U14: 0.149 | V14: 0.251 | W14: -55.066 | X14: 13.603 | Y14: 65.133 | Z14: -15.268 | AA14: 0 | AB14: 0 | AC14: -122.819 | AD14: 0.803 | AE14: 6.011 | AF14: -2.286 | AG14: 0.021 | AH14: 3.77 | AI14: 27.81 | AJ14: -3.289 | AK14: 126.469 | AL14: 0.908 | AM14: -0.944 | AN14: 195.957 | AO14: -94.889 | AP14: 0 | AQ14: 0 | AR14: 0 | AS14: 0 | AT14: 0 | AU14: 0 | AV14: 0 | AW14: 0.095 | AX14: 0 | AY14: 0 | AZ14: 0 | BA14: 0 | BB14: 0 | BC14: 0 | BD14: 0 | BE14: 0 | BF14: 0 | BG14: 0 | BH14: 0 | BI14: 0 | BJ14: -4034.126 | BK14: 432.211
B15: 일차에너지소비 | C15: Total Primary Energy Consumption | D15: 476.701 | E15: 3488.54 | F15: 18220.902 | G15: 59449.993 | H15: 955.604 | I15: 0.031 | J15: 15.399 | K15: 3.519 | L15: 164.26 | M15: 0 | N15: 0.3 | O15: -0.002 | P15: 0 | Q15: 54137.823 | R15: 490.491 | S15: 156075.52 | T15: 17661.312 | U15: 0.022 | V15: -10.779 | W15: -55.064 | X15: 6265.795 | Y15: 2338.717 | Z15: -10857.555 | AA15: -10.92 | AB15: 0 | AC15: -20549.571 | AD15: -490.128 | AE15: -29097.734 | AF15: -105.398 | AG15: 43.246 | AH15: -6984.485 | AI15: 13643.356 | AJ15: -332.765 | AK15: -2319.231 | AL15: -3303.895 | AM15: -0.373 | AN15: 192.826 | AO15: -2001.844 | AP15: 1806.902 | AQ15: 974.077 | AR15: 669.934 | AS15: 2804.432 | AT15: 96.281 | AU15: 75.518 | AV15: 0 | AW15: 685.424 | AX15: 488.877 | AY15: 0 | AZ15: 31078.76 | BA15: 594.499 | BB15: 224.722 | BC15: 2768.152 | BD15: 26.912 | BE15: 101.03 | BF15: 570.661 | BG15: 0 | BH15: 0 | BI15: 66.305 | BJ15: 300537.09 | BK15: 12319.54
B16: 전환공정 | C16: Transformation Processes | D16: -476.701 | E16: -405.122 | F16: -18220.902 | G16: -55771.539 | H16: -955.604 | I16: 0 | J16: 0 | K16: 469.328 | L16: 555.651 | M16: 560.741 | N16: 2798.733 | O16: 2324.489 | P16: 353.683 | Q16: -51550.465 | R16: 23297.991 | S16: -156075.52 | T16: -17661.312 | U16: -0.022 | V16: 10.779 | W16: 8118.427 | X16: 475.776 | Y16: 2412.879 | Z16: 21143.477 | AA16: 14.047 | AB16: 0 | AC16: 23660.481 | AD16: 2822.604 | AE16: 52626.204 | AF16: 294.157 | AG16: 20.205 | AH16: 8206.792 | AI16: 30161.062 | AJ16: 544.486 | AK16: 3169.39 | AL16: 4987.989 | AM16: 20.022 | AN16: 603.707 | AO16: 3106.252 | AP16: -235.061 | AQ16: -136.214 | AR16: -242.502 | AS16: -1983.745 | AT16: -43.474 | AU16: -68.82 | AV16: 0 | AW16: 0 | AX16: -488.877 | AY16: 0 | AZ16: -31078.76 | BA16: -594.499 | BB16: 0 | BC16: -2768.152 | BD16: 0 | BE16: -101.03 | BF16: -570.661 | BG16: 0 | BH16: 50986.226 | BI16: 6427.184 | BJ16: -89256.215 | BK16: 3076.381
B17: 발전전용 | C17: Electricity Plants (transf.) | D17: -189.297 | E17: -386.906 | F17: 0 | G17: -48219.161 | H17: -955.604 | I17: 0 | J17: 0 | K17: 0 | L17: 0 | M17: 0 | N17: -810.681 | O17: -3113.662 | P17: -786.849 | Q17: -20563.157 | R17: -7.779 | S17: 0 | T17: 0 | U17: 0 | V17: 0 | W17: 0 | X17: -5.097 | Y17: -0.606 | Z17: -0.002 | AA17: 0 | AB17: 0 | AC17: 0 | AD17: -172.433 | AE17: -139.554 | AF17: 0 | AG17: 0 | AH17: -518.081 | AI17: -261.483 | AJ17: 0 | AK17: 0 | AL17: 0 | AM17: 0 | AN17: 0 | AO17: 0 | AP17: -60.975 | AQ17: -12.438 | AR17: -47.023 | AS17: -916.986 | AT17: -38.752 | AU17: -51.019 | AV17: 0 | AW17: 0 | AX17: -488.877 | AY17: 0 | AZ17: -31078.76 | BA17: -594.499 | BB17: 0 | BC17: -2768.152 | BD17: 0 | BE17: -101.03 | BF17: -570.661 | BG17: -487.184 | BH17: 46273.72 | BI17: 0 | BJ17: -67072.988 | BK17: -10744.954
... B93: 기타열생산 | C93: Other heat output | D93: 0 | E93: 0 | F93: 0 | G93: 0 | H93: 0 | I93: 0 | J93: 0 | K93: 0 | L93: 0 | M93: 0 | N93: 0 | O93: 0 | P93: 0 | Q93: 0 | R93: 0 | S93: 0 | T93: 0 | U93: 0 | V93: 0 | W93: 0 | X93: 0 | Y93: 0 | Z93: 0 | AA93: 0 | AB93: 0 | AC93: 0 | AD93: 0 | AE93: 0 | AF93: 0 | AG93: 0 | AH93: 0 | AI93: 0 | AJ93: 0 | AK93: 0 | AL93: 0 | AM93: 0 | AN93: 0 | AO93: 0 | AP93: 0 | AQ93: 0 | AR93: 0 | AS93: 0 | AT93: 0 | AU93: 0 | AV93: 0 | AW93: 0 | AX93: 0 | AY93: 0 | AZ93: 0 | BA93: 0 | BB93: 0 | BC93: 0 | BD93: 0 | BE93: 0 | BF93: 0 | BG93: 0 | BH93: 0 | BI93: 2776.059 | BJ93: 2776.059 | BK93: 0

Sheet 2022 Energy Balance
D1: COAL | Q1: NATURAL GAS | S1: Crude Oil | T1: N/A | W1: LPG Propane or butane | Z1: Petroleum-diesel | AF1: Heavy or Residual Oil | AI1: Feedstock | AP1: BIOMASS | AY1: Renewables - on-site generation | BH1: Electricity | BI1: Heat
B3: ENERGY BALANCE | D3: 국내무연탄 | E3: 수입무연탄 | F3: 원료탄 | G3: 기타유연탄 | H3: 아역청탄 | I3: 갈탄 | J3: 토탄 | K3: 고형연료 | L3: 코크스 | M3: 콜타르 | N3: 코크스로가스 | O3: 고로가스 | P3: 기타석탄가스 | Q3: 천연가스 | R3: 도시가스 | S3: 원유 | T3: 정제원료 | U3: 첨가물 | V3: 기타탄화수소 | W3: 정제가스 | X3: 프로판 | Y3: 부탄 | Z3: 휘발유 | AA3: 항공휘발유 | AB3: 휘발유형항공유 | AC3: 등유형항공유 | AD3: 등유 | AE3: 경유 | AF3: B-A | AG3: B-B | AH3: B-C | AI3: 납사 | AJ3: 용제 | AK3: 윤활유 | AL3: 아스팔트 | AM3: 파라핀왁스 | AN3: 석유코크 | AO3: 기타석유제품 | AP3: 산업폐기물 | AQ3: 도시폐기물_재생 | AR3: 도시폐기물_비재생 | AS3: 고형바이오매스 | AT3: 바이오가스 | AU3: 매립지가스 | AV3: 바이오휘발유 | AW3: 바이오경유 | AX3: 기타바이오연료 | AY3: 목탄 | AZ3: 원자력 | BA3: 수력 | BB3: 지열 | BC3: 태양광 | BD3: 태양열 | BE3: 해양 | BF3: 풍력 | BG3: 기타에너지원 | BH3: 전기 | BI3: 열 | BJ3: 총에너지 | BK3: 메모: 신재생
B4: 2022 | D4: Domestic-c | E4: Imports-c | F4: Coking coal | G4: Other bituminous | H4: Sub-Bituminous | I4: Lignite/Brown coal | J4: Peat | K4: Patent Fuel | L4: Coke Oven Coke | M4: Coal Tar | N4: Coke Oven Gas | O4: Blast Furnace Gas | P4: Other Recovered Gas | Q4: Natural Gas | R4: City Gas | S4: Crude oil | T4: Refinery feedstocks | U4: Additives/blending components | V4: Other hydrocarbons | W4: Refinery gas | X4: Propane | Y4: Butane | Z4: Motor gasoline | AA4: Aviation gasoline | AB4: Gasoline type jet fuel | AC4: Kerosene type jet fuel | AD4: Kerosene | AE4: Gas/diesel oil | AF4: B-A | AG4: B-B | AH4: B-C | AI4: Naphtha | AJ4: White spirit & SBP | AK4: Lubricants | AL4: Bitumen | AM4: Paraffin waxes | AN4: Petroleum coke | AO4: Other oil products | AP4: Industrial waste | AQ4: Municipal waste (renewable) | AR4: Municipal waste (non-renewable) | AS4: Primary solid biomass | AT4: Biogas | AU4: LFG | AV4: Biogasoline | AW4: Biodiesels | AX4: Other ligquid biofuels | AY4: Charcoal | AZ4: Nuclear | BA4: Hydro | BB4: Geothermal | BC4: Solar photovoltaics | BD4: Solar thermal | BE4: Tide, wave and ocean | BF4: Wind | BG4: Other sources | BH4: Electricity | BI4: Heat | BJ4: Total of all energy sources | BK4: Memo: Renewables
B5: (UNIT : 1,000 toe, Gross)
B6: 국내생산 | C6: Production | D6: 386.22 | E6: 0 | F6: 0 | G6: 0 | H6: 0 | I6: 0 | J6: 0 | K6: 0 | L6: 0 | M6: 0 | N6: 0 | O6: 0 | P6: 0 | Q6: 0 | R6: 0 | S6: 2.498 | T6: 0 | U6: 0 | V6: 0 | W6: 0 | X6: 0 | Y6: 0 | Z6: 0 | AA6: 0 | AB6: 0 | AC6: 0 | AD6: 0 | AE6: 0 | AF6: 0 | AG6: 0 | AH6: 0 | AI6: 0 | AJ6: 0 | AK6: 0 | AL6: 0 | AM6: 0 | AN6: 0 | AO6: 0 | AP6: 2153.37 | AQ6: 984.682 | AR6: 742.014 | AS6: 3166.317 | AT6: 101.807 | AU6: 69.389 | AV6: 0 | AW6: 681.101 | AX6: 352.34 | AY6: 0 | AZ6: 37499.505 | BA6: 755.056 | BB6: 279.65 | BC6: 6544.693 | BD6: 25.035 | BE6: 90.279 | BF6: 717.694 | BG6: 0 | BH6: 0 | BI6: 69.334 | BJ6: 54620.984 | BK6: 16663.427
B7: 수입 | C7: Imports | D7: 0 | E7: 2961.262 | F7: 15653.102 | G7: 55954.497 | H7: 991.73 | I7: 0.032 | J7: 27.039 | K7: 0.022 | L7: 205.843 | M7: 0 | N7: 0 | O7: 0 | P7: 0 | Q7: 60683.487 | R7: 0 | S7: 153637.25 | T7: 3030.379 | U7: 0 | V7: 22.119 | W7: 0 | X7: 8321.034 | Y7: 2300.249 | Z7: 10.536 | AA7: 0.342 | AB7: 0 | AC7: 0 | AD7: 5.242 | AE7: 42.991 | AF7: 0 | AG7: 0 | AH7: 3300.33 | AI7: 28965.015 | AJ7: 1.159 | AK7: 241.143 | AL7: 87.984 | AM7: 0 | AN7: 0 | AO7: 0 | AP7: 0 | AQ7: 0 | AR7: 0 | AS7: 0 | AT7: 0 | AU7: 0 | AV7: 0 | AW7: 0 | AX7: 0 | AY7: 0 | AZ7: 0 | BA7: 0 | BB7: 0 | BC7: 0 | BD7: 0 | BE7: 0 | BF7: 0 | BG7: 0 | BH7: 0 | BI7: 0 | BJ7: 336442.78 | BK7: 0
B8: 수출 | C8: Exports | D8: 0 | E8: -0.206 | F8: 0 | G8: 0 | H8: -0.004 | I8: 0 | J8: -0.005 | K8: 0 | L8: -19.279 | M8: 0 | N8: 0 | O8: 0 | P8: 0 | Q8: 0 | R8: 0 | S8: 0 | T8: -147.877 | U8: 0 | V8: -183.434 | W8: 0 | X8: -58.795 | Y8: -10.415 | Z8: -12362.558 | AA8: -14.483 | AB8: 0 | AC8: -11876.423 | AD8: -696.695 | AE8: -29186.993 | AF8: -4.643 | AG8: 0 | AH8: -2020.323 | AI8: -4155.384 | AJ8: -137.154 | AK8: -3817.942 | AL8: -2204.403 | AM8: 0 | AN8: 0 | AO8: -2440.924 | AP8: 0 | AQ8: 0 | AR8: 0 | AS8: 0 | AT8: 0 | AU8: 0 | AV8: 0 | AW8: 0 | AX8: 0 | AY8: 0 | AZ8: 0 | BA8: 0 | BB8: 0 | BC8: 0 | BD8: 0 | BE8: 0 | BF8: 0 | BG8: 0 | BH8: 0 | BI8: 0 | BJ8: -69337.94 | BK8: 0
B9: 국제해운벙커링 | C9: International Marine Bunkers | D9: 0 | E9: 0 | F9: 0 | G9: 0 | H9: 0 | I9: 0 | J9: 0 | K9: 0 | L9: 0 | M9: 0 | N9: 0 | O9: 0 | P9: 0 | Q9: -10.452 | R9: 0 | S9: 0 | T9: 0 | U9: 0 | V9: 0 | W9: 0 | X9: -0.011 | Y9: 0 | Z9: -0.019 | AA9: 0 | AB9: 0 | AC9: 0 | AD9: 0 | AE9: -2208.784 | AF9: -15.345 | AG9: -0.028 | AH9: -9833.656 | AI9: 0 | AJ9: -0.003 | AK9: 0 | AL9: 0 | AM9: 0 | AN9: 0 | AO9: 0 | AP9: 0 | AQ9: 0 | AR9: 0 | AS9: 0 | AT9: 0 | AU9: 0 | AV9: 0 | AW9: 0 | AX9: 0 | AY9: 0 | AZ9: 0 | BA9: 0 | BB9: 0 | BC9: 0 | BD9: 0 | BE9: 0 | BF9: 0 | BG9: 0 | BH9: 0 | BI9: 0 | BJ9: -12068.298 | BK9: 0
B10: 국제항공벙커링 | C10: International Aviation Bunkers | D10: 0 | E10: 0 | F10: 0 | G10: 0 | H10: 0 | I10: 0 | J10: 0 | K10: 0 | L10: 0 | M10: 0 | N10: 0 | O10: 0 | P10: 0 | Q10: 0 | R10: 0 | S10: 0 | T10: 0 | U10: 0 | V10: 0 | W10: 0 | X10: 0 | Y10: 0 | Z10: 0 | AA10: 0 | AB10: 0 | AC10: -3445.013 | AD10: 0 | AE10: -0.205 | AF10: 0 | AG10: 0 | AH10: 0 | AI10: 0 | AJ10: 0 | AK10: 0 | AL10: 0 | AM10: 0 | AN10: 0 | AO10: 0 | AP10: 0 | AQ10: 0 | AR10: 0 | AS10: 0 | AT10: 0 | AU10: 0 | AV10: 0 | AW10: 0 | AX10: 0 | AY10: 0 | AZ10: 0 | BA10: 0 | BB10: 0 | BC10: 0 | BD10: 0 | BE10: 0 | BF10: 0 | BG10: 0 | BH10: 0 | BI10: 0 | BJ10: -3445.218 | BK10: 0
B11: 재고변화 | C11: Stocks Changes | D11: 1.413 | E11: 0 | F11: -47.689 | G11: -245.435 | H11: 0 | I11: 0 | J11: 0 | K11: 0 | L11: -49.68 | M11: 0 | N11: 0 | O11: 0 | P11: 0 | Q11: -1470.182 | R11: 0 | S11: -343.674 | T11: -171.101 | U11: -0.752 | V11: -10.386 | W11: 0 | X11: -78.954 | Y11: -45.512 | Z11: -48.763 | AA11: -1.209 | AB11: 0 | AC11: -6.844 | AD11: 53.709 | AE11: -75.7 | AF11: 13.414 | AG11: -0.637 | AH11: 96.212 | AI11: 130.797 | AJ11: 9.625 | AK11: -46.926 | AL11: 52.652 | AM11: -0.051 | AN11: -6.014 | AO11: 9.549 | AP11: 0 | AQ11: 0 | AR11: 0 | AS11: 0 | AT11: 0 | AU11: 0 | AV11: 0 | AW11: 0.522 | AX11: 0 | AY11: 0 | AZ11: 0 | BA11: 0 | BB11: 0 | BC11: 0 | BD11: 0 | BE11: 0 | BF11: 0 | BG11: 0 | BH11: 0 | BI11: 0 | BJ11: -2281.616 | BK11: 0.522
B12: 일차에너지공급 | C12: Total Primary Energy Supply | D12: 387.633 | E12: 2961.056 | F12: 15605.413 | G12: 55709.062 | H12: 991.727 | I12: 0.032 | J12: 27.034 | K12: 0.022 | L12: 136.883 | M12: 0 | N12: 0 | O12: 0 | P12: 0 | Q12: 59202.853 | R12: 0 | S12: 153296.07 | T12: 2711.4 | U12: -0.752 | V12: -171.701 | W12: 0 | X12: 8183.274 | Y12: 2244.322 | Z12: -12400.803 | AA12: -15.35 | AB12: 0 | AC12: -15328.281 | AD12: -637.745 | AE12: -31428.692 | AF12: -6.574 | AG12: -0.665 | AH12: -8457.437 | AI12: 24940.428 | AJ12: -126.373 | AK12: -3623.725 | AL12: -2063.767 | AM12: -0.051 | AN12: -6.014 | AO12: -2431.376 | AP12: 2153.37 | AQ12: 984.682 | AR12: 742.014 | AS12: 3166.317 | AT12: 101.807 | AU12: 69.389 | AV12: 0 | AW12: 681.623 | AX12: 352.34 | AY12: 0 | AZ12: 37499.505 | BA12: 755.056 | BB12: 279.65 | BC12: 6544.693 | BD12: 25.035 | BE12: 90.279 | BF12: 717.694 | BG12: 0 | BH12: 0 | BI12: 69.334 | BJ12: 303930.69 | BK12: 16663.949
B13: 제품이동 | C13: Transfers | D13: 0 | E13: 0 | F13: 0 | G13: 0 | H13: 0 | I13: 0 | J13: 0 | K13: 0 | L13: 0 | M13: 0 | N13: 0 | O13: 0 | P13: 0 | Q13: 0 | R13: 0 | S13: 0 | T13: 21681.38 | U13: 0 | V13: 0 | W13: -8.851 | X13: -403.687 | Y13: -113.397 | Z13: 612.343 | AA13: 16.663 | AB13: 0 | AC13: 446.423 | AD13: -3628.906 | AE13: 1198 | AF13: 4.759 | AG13: 10.423 | AH13: -4929.804 | AI13: -8778.793 | AJ13: -119.721 | AK13: -265.508 | AL13: 597.677 | AM13: -8.334 | AN13: 0 | AO13: -61.962 | AP13: 0 | AQ13: 0 | AR13: 0 | AS13: 0 | AT13: 0 | AU13: 0 | AV13: 0 | AW13: 0 | AX13: 0 | AY13: 0 | AZ13: 0 | BA13: 0 | BB13: 0 | BC13: 0 | BD13: 0 | BE13: 0 | BF13: 0 | BG13: 0 | BH13: 0 | BI13: 0 | BJ13: 6248.705 | BK13: -8.851
B14: 통계오차 | C14: Statistical Differences | D14: 0.942 | E14: 0.206 | F14: 987.302 | G14: -1723.214 | H14: 0.004 | I14: 0 | J14: 0 | K14: 0 | L14: 47.948 | M14: 0 | N14: 0 | O14: 0 | P14: 0 | Q14: 279.094 | R14: -66.092 | S14: -430.611 | T14: -41.933 | U14: -0.185 | V14: 0.684 | W14: 412.368 | X14: 345.422 | Y14: 0.481 | Z14: 25.586 | AA14: -0.071 | AB14: 0 | AC14: 12.255 | AD14: -6.21 | AE14: 16.037 | AF14: -0.2 | AG14: 0.061 | AH14: 13.275 | AI14: -66.193 | AJ14: -0.191 | AK14: -65.824 | AL14: 12.909 | AM14: 0.071 | AN14: -0.404 | AO14: -3.109 | AP14: 0 | AQ14: 0 | AR14: 0 | AS14: 0 | AT14: 0 | AU14: 0 | AV14: 0 | AW14: 0.009 | AX14: 0 | AY14: 0 | AZ14: 0 | BA14: 0 | BB14: 0 | BC14: 0 | BD14: 0 | BE14: 0 | BF14: 0 | BG14: 0 | BH14: 0 | BI14: 0 | BJ14: -249.583 | BK14: 412.377
B15: 일차에너지소비 | C15: Total Primary Energy Consumption | D15: 388.575 | E15: 2961.262 | F15: 16592.715 | G15: 53985.848 | H15: 991.73 | I15: 0.032 | J15: 27.034 | K15: 0.022 | L15: 184.832 | M15: 0 | N15: 0 | O15: 0 | P15: 0 | Q15: 59481.947 | R15: -66.092 | S15: 152865.46 | T15: 24350.847 | U15: -0.937 | V15: -171.018 | W15: 403.517 | X15: 8125.009 | Y15: 2131.405 | Z15: -11762.874 | AA15: 1.241 | AB15: 0 | AC15: -14869.603 | AD15: -4272.86 | AE15: -30214.655 | AF15: -2.015 | AG15: 9.819 | AH15: -13373.967 | AI15: 16095.443 | AJ15: -246.285 | AK15: -3955.056 | AL15: -1453.181 | AM15: -8.314 | AN15: -6.419 | AO15: -2496.446 | AP15: 2153.37 | AQ15: 984.682 | AR15: 742.014 | AS15: 3166.317 | AT15: 101.807 | AU15: 69.389 | AV15: 0 | AW15: 681.632 | AX15: 352.34 | AY15: 0 | AZ15: 37499.505 | BA15: 755.056 | BB15: 279.65 | BC15: 6544.693 | BD15: 25.035 | BE15: 90.279 | BF15: 717.694 | BG15: 0 | BH15: 0 | BI15: 69.334 | BJ15: 309929.81 | BK15: 17067.476
B16: 전환공정 | C16: Transformation Processes | D16: -388.575 | E16: -281.579 | F16: -16592.715 | G16: -50226.423 | H16: -991.73 | I16: 0 | J16: 0 | K16: 195.5 | L16: 511.74 | M16: 505.601 | N16: 2567.187 | O16: 2173.64 | P16: 155.696 | Q16: -56679.084 | R16: 24617.708 | S16: -152865.46 | T16: -24263.627 | U16: 0.937 | V16: 171.018 | W16: 2418.388 | X16: -456.359 | Y16: 1894.573 | Z16: 22651.091 | AA16: 0 | AB16: 0 | AC16: 17031.932 | AD16: 6389.081 | AE16: 51982.148 | AF16: 148.573 | AG16: 14.684 | AH16: 14201.265 | AI16: 27483.277 | AJ16: 420.996 | AK16: 5096.011 | AL16: 2791.198 | AM16: 32.199 | AN16: 496.205 | AO16: 5206.582 | AP16: -408.118 | AQ16: -284.748 | AR16: -305.303 | AS16: -2310.984 | AT16: -44.062 | AU16: -69.205 | AV16: 0 | AW16: 0 | AX16: -352.34 | AY16: 0 | AZ16: -37499.505 | BA16: -755.056 | BB16: 0 | BC16: -6544.693 | BD16: 0 | BE16: -90.279 | BF16: -717.694 | BG16: 0 | BH16: 54386.06 | BI16: 7120.828 | BJ16: -101463.42 | BK16: -4567.573
B17: 발전전용 | C17: Electricity Plants (transf.) | D17: -188.4 | E17: -281.579 | F17: 0 | G17: -42353.292 | H17: -991.73 | I17: 0 | J17: 0 | K17: 0 | L17: 0 | M17: 0 | N17: -679.896 | O17: -2731.003 | P17: -898.372 | Q17: -21372.273 | R17: -4.154 | S17: 0 | T17: 0 | U17: 0 | V17: 0 | W17: -339.685 | X17: -86.629 | Y17: -0.506 | Z17: -0.017 | AA17: 0 | AB17: 0 | AC17: 0 | AD17: -201.783 | AE17: -138.215 | AF17: 0 | AG17: 0 | AH17: -135.274 | AI17: 0 | AJ17: 0 | AK17: 0 | AL17: 0 | AM17: 0 | AN17: 0 | AO17: 0 | AP17: -160.246 | AQ17: -101.533 | AR17: -26.895 | AS17: -1288.354 | AT17: -39.858 | AU17: -44.04 | AV17: 0 | AW17: 0 | AX17: -352.34 | AY17: 0 | AZ17: -37499.505 | BA17: -755.056 | BB17: 0 | BC17: -6544.693 | BD17: 0 | BE17: -90.279 | BF17: -717.694 | BG17: -1153.529 | BH17: 48693.068 | BI17: 0 | BJ17: -70483.762 | BK17: -16341.981
... B93: 기타열생산 | C93: Other heat output | D93: 0 | E93: 0 | F93: 0 | G93: 0 | H93: 0 | I93: 0 | J93: 0 | K93: 0 | L93: 0 | M93: 0 | N93: 0 | O93: 0 | P93: 0 | Q93: 0 | R93: 0 | S93: 0 | T93: 0 | U93: 0 | V93: 0 | W93: 0 | X93: 0 | Y93: 0 | Z93: 0 | AA93: 0 | AB93: 0 | AC93: 0 | AD93: 0 | AE93: 0 | AF93: 0 | AG93: 0 | AH93: 0 | AI93: 0 | AJ93: 0 | AK93: 0 | AL93: 0 | AM93: 0 | AN93: 0 | AO93: 0 | AP93: 0 | AQ93: 0 | AR93: 0 | AS93: 0 | AT93: 0 | AU93: 0 | AV93: 0 | AW93: 0 | AX93: 0 | AY93: 0 | AZ93: 0 | BA93: 0 | BB93: 0 | BC93: 0 | BD93: 0 | BE93: 0 | BF93: 0 | BG93: 0 | BH93: 0 | BI93: 2902.889 | BJ93: 2902.889 | BK93: 0

Sheet BAU Energy Forecast_Transport
A1: 수송 부문 주요 지표 및 에너지 수요 - 기준 시나리오
A2: (단위: 백만 toe)
H3: 비중 (%) | K3: 증가율 (%)
B4: 2000 | C4: 2018 | D4: 2025 | E4: 2030 | F4: 2035 | G4: 2040 | H4: 2018 | I4: 2040 | K4: 00-18 | L4: 18-40
A5: 주요지표
A6: 자동차 형태별 (백만대) | B6: 12.022 | C6: 23.112 | D6: 25.736 | E6: 26.933 | F6: 27.626 | G6: 27.773 | H6: 100 | I6: 99.99 | K6: 3.7 | L6: 0.84
A7: 승용차 | B7: 8.084 | C7: 18.677 | D7: 21.309 | E7: 22.584 | F7: 23.368 | G7: 23.658 | H7: 80.81 | I7: 85.18 | K7: 4.76 | L7: 1.08
A8: 화물차 | B8: 2.511 | C8: 3.591 | D8: 3.566 | E8: 3.506 | F8: 3.427 | G8: 3.314 | H8: 15.54 | I8: 11.93 | K8: 2.01 | L8: -0.36
A9: 승합차 | B9: 1.427 | C9: 0.844 | D9: 0.861 | E9: 0.843 | F9: 0.83 | G9: 0.801 | H9: 3.65 | I9: 2.88 | K9: -2.88 | L9: -0.24
A10: 자동차 연료별 (백만대)
A11: 휘발유 | B11: 7.214 | C11: 11.016 | D11: 12.173 | E11: 12.934 | F11: 13.081 | G11: 12.734 | H11: 47.67 | I11: 45.85 | K11: 2.38 | L11: 0.66
A12: 경유 | B12: 3.558 | C12: 9.841 | D12: 11.253 | E12: 10.962 | F12: 10.247 | G12: 9.439 | H12: 42.58 | I12: 33.99 | K12: 5.81 | L12: -0.19
A13: 전기자동차 | B13: 0 | C13: 0.056 | D13: 0.276 | E13: 0.739 | F13: 1.596 | G13: 2.55 | H13: 0.24 | I13: 9.18 | K13: 66.11 | L13: 18.99
A14: 수소자동차 | B14: 0 | C14: 0 | D14: 0.012 | E14: 0.185 | F14: 0.52 | G14: 0.918 | H14: 0 | I14: 3.31 | K14: - | L14: 49.25
A15: 기타 | B15: 1.25 | C15: 2.199 | D15: 2.021 | E15: 2.113 | F15: 2.181 | G15: 2.131 | H15: 9.51 | I15: 7.67 | K15: 3.19 | L15: -0.14
A17: 에너지 수요 | B17: 30.945 | C17: 42.96 | D17: 45.814 | E17: 46.412 | F17: 45.834 | G17: 44.568 | H17: 99.98 | I17: 99.99 | K17: 1.84 | L17: 0.17
A18: Gasoline | B18: 7.884 | C18: 9.649 | D18: 10.265 | E18: 10.637 | F18: 10.525 | G18: 10.021 | H18: 22.46 | I18: 22.48 | K18: 1.13 | L18: 0.17
A19: Diesel | B19: 13.283 | C19: 19.644 | D19: 20.93 | E19: 20.303 | F19: 19.316 | G19: 18.34 | H19: 45.73 | I19: 41.15 | K19: 2.2 | L19: -0.31
A20: Heavy oil | B20: 3.97 | C20: 2.807 | D20: 2.873 | E20: 2.869 | F20: 2.851 | G20: 2.802 | H20: 6.53 | I20: 6.29 | K20: -1.91 | L20: -0.01
A21: Jet fuel | B21: 2.167 | C21: 5.014 | D21: 5.939 | E21: 6.538 | F21: 6.961 | G21: 7.257 | H21: 11.67 | I21: 16.28 | K21: 4.77 | L21: 1.7
A22: Butane | B22: 3.446 | C22: 3.662 | D22: 3.34 | E22: 3.386 | F22: 3.359 | G22: 3.243 | H22: 8.52 | I22: 7.28 | K22: 0.34 | L22: -0.55
A23: Other petroluem products | B23: 0.007 | C23: 0.005 | D23: 0.006 | E23: 0.006 | F23: 0.006 | G23: 0.006 | H23: 0.01 | I23: 0.01 | K23: -1.67 | L23: 0.13
A24: City gas | B24: 0 | C24: 1.239 | D24: 1.452 | E24: 1.526 | F24: 1.437 | G24: 1.315 | H24: 2.88 | I24: 2.95 | K24: - | L24: 0.27
A25: Electricity | B25: 0.175 | C25: 0.255 | D25: 0.364 | E25: 0.522 | F25: 0.784 | G25: 1.018 | H25: 0.59 | I25: 2.28 | K25: 2.11 | L25: 6.49
A26: Renewables and others | B26: 0 | C26: 0.684 | D26: 0.644 | E26: 0.625 | F26: 0.595 | G26: 0.566 | H26: 1.59 | I26: 1.27 | K26: - | L26: -0.86
A28: 수송 수단별 에너지수요
A29: 도로 | B29: 23.554 | C29: 34.396 | D29: 36.292 | E29: 36.322 | F29: 35.371 | G29: 33.89 | H29: 80.06 | I29: 76.04 | K29: 2.13 | L29: -0.07
A30: 철도 | B30: 0.513 | C30: 0.356 | D30: 0.346 | E30: 0.34 | F30: 0.331 | G30: 0.318 | H30: 0.83 | I30: 0.71 | K30: -2.01 | L30: -0.5
A31: 항공 | B31: 2.174 | C31: 5.015 | D31: 5.941 | E31: 6.54 | F31: 6.963 | G31: 7.26 | H31: 11.67 | I31: 16.29 | K31: 4.75 | L31: 1.7
A32: 해운 | B32: 4.705 | C32: 3.194 | D32: 3.236 | E32: 3.211 | F32: 3.17 | G32: 3.1 | H32: 7.43 | I32: 6.96 | K32: -2.13 | L32: -0.14
A33: 주) 비사업용 자동차는 자가용과 관용의 합계 항공은 자국적 항공기의 국내 및 국제 수송의 합계

Sheet Energy BAU_Residential
A1: 가정 부문 주요 지표 및 에너지 수요 - 기준 시나리오
A2: (단위: 백만 toe)
H3: 비중 (%) | K3: 증가율 (%)
B4: 2000 | C4: 2018 | D4: 2025 | E4: 2030 | F4: 2035 | G4: 2040 | H4: 2018 | I4: 2040 | K4: 00-18 | L4: 18-40
A5: 주요지표
A6: 인구 (백만명) | B6: 47.008 | C6: 51.607 | D6: 51.905 | E6: 51.927 | F6: 51.63 | G6: 50.855 | H6: - | I6: - | K6: 0.52 | L6: -0.07
A7: 가구 (백만가구) | B7: 14.507 | C7: 19.752 | D7: 21.014 | E7: 21.641 | F7: 22.067 | G7: 22.306 | H7: - | I7: - | K7: 1.73 | L7: 0.55
A8: 형태별 주택(백만호) | B8: 10.959 | C8: 16.198 | D8: 17.721 | E8: 18.483 | F8: 19.041 | G8: 19.407 | H8: 99.99 | I8: 99.99 | K8: 2.19 | L8: 0.82
A9: 단독 | B9: 4.069 | C9: 3.608 | D9: 3.633 | E9: 3.638 | F9: 3.586 | G9: 3.447 | H9: 22.27 | I9: 17.76 | K9: -0.67 | L9: -0.21
A10: 아파트 | B10: 5.231 | C10: 10.049 | D10: 11.415 | E10: 12.19 | F10: 12.816 | G10: 13.166 | H10: 62.04 | I10: 67.84 | K10: 3.69 | L10: 1.24
A11: 공동주택 | B11: 1.659 | C11: 2.54 | D11: 2.673 | E11: 2.655 | F11: 2.639 | G11: 2.793 | H11: 15.68 | I11: 14.39 | K11: 2.39 | L11: 0.43
A12: 평균 주거 면적(m²) | B12: 85.533 | C12: 76.767 | D12: 75.246 | E12: 74.905 | F12: 74.394 | G12: 73.525 | H12: - | I12: - | K12: -0.6 | L12: -0.2
A14: 에너지 지표
A15: 주택당 에너지수요(toe/천원) | B15: 1.931 | C15: 1.432 | D15: 1.24 | E15: 1.184 | F15: 1.146 | G15: 1.117 | H15: - | I15: - | K15: -1.6482583 | L15: -1.12
A16: 면적당 에너지수요(toe/100m²) | B16: 0.023 | C16: 0.019 | D16: 0.016 | E16: 0.016 | F16: 0.015 | G16: 0.015 | H16: - | I16: - | K16: -1.0556516 | L16: -0.93
A17: 가구당 에너지수요(toe/가구) | B17: 1.459 | C17: 1.174 | D17: 1.046 | E17: 1.011 | F17: 0.989 | G17: 0.972 | H17: - | I17: - | K17: -1.1988534 | L17: -0.85
A18: 인구당 전기수요(MWh/명) | B18: 0.789 | C18: 1.37 | D18: 1.469 | E18: 1.526 | F18: 1.575 | G18: 1.622 | H18: - | I18: - | K18: 3.1099089 | L18: 0.77
A20: 에너지 수요 | B20: 21.16 | C20: 23.188 | D20: 21.98 | E20: 21.879 | F20: 21.817 | G20: 21.684 | H20: 100.01 | I20: 100 | K20: 0.50971367 | L20: -0.3
A21: 석탄 | B21: 0.536 | C21: 0.318 | D21: 0.18 | E21: 0.114 | F21: 0.07 | G21: 0.043 | H21: 1.37 | I21: 0.2 | K21: -2.8580415 | L21: -8.72
A22: 석유 | B22: 8.881 | C22: 3.366 | D22: 2.237 | E22: 1.699 | F22: 1.31 | G22: 1.016 | H22: 14.52 | I22: 4.68 | K22: -5.2470832 | L22: -5.3
A23: 도시가스 | B23: 7.353 | C23: 10.9 | D23: 10.433 | E23: 10.444 | F23: 10.455 | G23: 10.427 | H23: 47.01 | I23: 48.09 | K23: 2.2110659 | L23: -0.2
A24: 전기 | B24: 3.191 | C24: 6.079 | D24: 6.555 | E24: 6.813 | F24: 6.993 | G24: 7.096 | H24: 26.22 | I24: 32.72 | K24: 3.6459225 | L24: 0.71
A25: 지역난방 | B25: 1.084 | C25: 2.249 | D25: 2.087 | E25: 2.173 | F25: 2.237 | G25: 2.276 | H25: 9.7 | I25: 10.5 | K25: 4.1397043 | L25: 0.05
A26: 신재생∙기타 | B26: 0.115 | C26: 0.275 | D26: 0.488 | E26: 0.637 | F26: 0.753 | G26: 0.826 | H26: 1.19 | I26: 3.81 | K26: 4.9559301 | L26: 5.12
A28: 용도별 에너지 수요
A29: 난방/온수 | B29: 17.335 | C29: 16.254 | D29: 14.118 | E29: 13.558 | F29: 13.194 | G29: 12.892 | H29: 70.1 | I29: 59.46 | K29: -0.3570411 | L29: -1.05
A30: 취사 | B30: 1.098 | C30: 1.676 | D30: 1.704 | E30: 1.724 | F30: 1.733 | G30: 1.726 | H30: 7.23 | I30: 7.96 | K30: 2.3748465 | L30: 0.14
A31: 냉방 | B31: 0.028 | C31: 0.601 | D31: 0.666 | E31: 0.718 | F31: 0.754 | G31: 0.778 | H31: 2.59 | I31: 3.59 | K31: 18.467835 | L31: 1.18
A32: 조명 | B32: 0.431 | C32: 0.793 | D32: 0.854 | E32: 0.868 | F32: 0.873 | G32: 0.869 | H32: 3.42 | I32: 4.01 | K32: 3.4516412 | L32: 0.42
A33: 기타 가전기기 | B33: 2.268 | C33: 3.864 | D33: 4.637 | E33: 5.012 | F33: 5.262 | G33: 5.418 | H33: 16.66 | I33: 24.99 | K33: 3.0041265 | L33: 1.55
A34: 주) 단독주택은 건물에 대한 소유권은 하나인 주택으로 다중주택이나 다가구주택은 여러 세대가 함께 거주하는 주택이지만 세대별로 소유권이 구분되지 않기 때문에 단독주택으로 분류. 공동주택은 집합 건물로써 세대별로 소유권 이전 등기가 가능한 주택. 소득은 가구당 소득을 의미 용도별 에너지수요는 기본 설비와 보조 기기의 에너지수요

Sheet Energy BAU_Service
A1: 서비스 부문 주요 지표 및 에너지 수요 - 기준 시나리오
A2: (단위: 백만 toe)
H3: 비중 (%) | K3: 증가율 (%)
B4: 2000 | C4: 2018 | D4: 2025 | E4: 2030 | F4: 2035 | G4: 2040 | H4: 2018 | I4: 2040 | K4: 00-18 | L4: 18-40
A5: 주요 업종별 산출액 (조원)
A6: 도소매 | B6: 134.378 | C6: 253.982 | D6: 294.098 | E6: 325.851 | F6: 355.07 | G6: 385.415 | H6: - | I6: - | K6: 3.6 | L6: 1.91
A7: 숙박음식 | B7: 60.713 | C7: 133.594 | D7: 152.941 | E7: 167.724 | F7: 180.529 | G7: 193.14 | H7: - | I7: - | K7: 4.48 | L7: 1.69
A8: 운수보관 | B8: 69.081 | C8: 151.909 | D8: 181.344 | E8: 204.148 | F8: 224.758 | G8: 245.016 | H8: - | I8: - | K8: 4.48 | L8: 2.2
A9: 정보통신 | B9: 56.167 | C9: 148.082 | D9: 193.99 | E9: 227.837 | F9: 256.671 | G9: 282.013 | H9: - | I9: - | K9: 5.53 | L9: 2.97
A10: 공공행정및국방 | B10: 72.938 | C10: 145.285 | D10: 169.854 | E10: 182.837 | F10: 188.202 | G10: 189.215 | H10: - | I10: - | K10: 3.9 | L10: 1.21
A11: 교육서비스 | B11: 65.349 | C11: 127.735 | D11: 142.875 | E11: 151.63 | F11: 155.69 | G11: 157.684 | H11: - | I11: - | K11: 3.79 | L11: 0.96
A12: 의료복지 | B12: 41.046 | C12: 148.143 | D12: 209.715 | E12: 254.546 | F12: 293.08 | G12: 327.088 | H12: - | I12: - | K12: 7.39 | L12: 3.67
A13: 예술,스포츠,레저 | B13: 15.548 | C13: 40.884 | D13: 53.928 | E13: 63.49 | F13: 71.534 | G13: 78.622 | H13: - | I13: - | K13: 5.52 | L13: 3.02
A14: 기타서비스 | B14: 283.902 | C14: 708.057 | D14: 901.478 | E14: 1036.441 | F14: 1146.75 | G14: 1242.619 | H14: - | I14: - | K14: 5.21 | L14: 2.59
A16: 에너지 수요 | B16: 13.616 | C16: 25.498 | D16: 28.228 | E16: 30.004 | F16: 31.235 | G16: 32.038 | H16: 100 | I16: 100 | K16: 3.55 | L16: 1.04
A17: 석유 | B17: 5.667 | C17: 3.388 | D17: 2.302 | E17: 1.986 | F17: 1.704 | G17: 1.495 | H17: 13.29 | I17: 4.66 | K17: -2.82 | L17: -3.65
A18: 도시가스 | B18: 1.9 | C18: 3.822 | D18: 5.206 | E18: 5.652 | F18: 6.005 | G18: 6.255 | H18: 14.99 | I18: 19.52 | K18: 3.96 | L18: 2.26
A19: 전기 | B19: 5.86 | C19: 14.516 | D19: 16.369 | E19: 17.688 | F19: 18.648 | G19: 19.315 | H19: 56.93 | I19: 60.29 | K19: 5.17 | L19: 1.31
A20: 지역난방 | B20: 0.083 | C20: 0.386 | D20: 0.451 | E20: 0.504 | F20: 0.526 | G20: 0.53 | H20: 1.51 | I20: 1.65 | K20: 8.88 | L20: 1.45
A21: 신재생∙기타 | B21: 0.107 | C21: 3.274 | D21: 3.796 | E21: 4.074 | F21: 4.259 | G21: 4.354 | H21: 12.84 | I21: 13.59 | K21: 20.93 | L21: 1.3
A23: 부문별 에너지 수요
A24: 상업 서비스 | B24: 10.993 | C24: 18.086 | D24: 20.366 | E24: 21.714 | F24: 22.654 | G24: 23.302 | H24: 70.93 | I24: 72.73 | K24: 2.8 | L24: 1.16
A25: 공공 서비스 | B25: 2.623 | C25: 7.412 | D25: 7.862 | E25: 8.29 | F25: 8.581 | G25: 8.736 | H25: 29.07 | I25: 27.27 | K25: 5.94 | L25: 0.75

Sheet Steel Split
B2: Steel Split
B4: Petroleum split (based on 2019 Energy Balance) | C4: unit: 1,000 TOE | D4: unit: %
B5: petroleum-diesel | C5: =SUM('2019 KESIS Energy Balance'!Z61:AE61) -> 13.368 | D5: =C5/SUM($C$5:$C$7) -> 0.17361264
B6: heavy or residual oil | C6: =SUM('2019 KESIS Energy Balance'!AF61:AH61) -> 17.835 | D6: =C6/SUM($C$5:$C$7) -> 0.23162638
B7: LPG propane or butane | C7: =SUM('2019 KESIS Energy Balance'!W61:Y61) -> 45.796 | D7: =C7/SUM($C$5:$C$7) -> 0.59476097
B9: Petroleum split (based on 2022 Energy Balance) | C9: unit: 1,000 TOE | D9: unit: % | E9: 철강 외에는 에너지밸런스 기준 split을 수식에 사용x
B10: petroleum-diesel | C10: =SUM('2022 Energy Balance'!Z61:AE61) -> 3.744 | D10: =C10/SUM($C$5:$C$7) -> 0.048624008
B11: heavy or residual oil | C11: =SUM('2022 Energy Balance'!AF61:AH61) -> 0.018 | D11: =C11/SUM($C$5:$C$7) -> 0.00023376927
B12: LPG propane or butane | C12: =SUM('2022 Energy Balance'!W61:Y61) -> 51.707 | D12: =C12/SUM($C$5:$C$7) -> 0.6715282
B14: 2019년은 개정전 에너지밸런스, 2022년은 개정에너지밸런스로 통계 집계 방식에 일부 차이 존재

Sheet Petrochemicals Split
B2: Petrochemicals Split
B4: Industry split by fuel (based on 2019 KEA Energy Use Survey)
C5: KESIS | D5: KEA | E5: electricity | F5: coal | G5: natural gas | H5: biomass | I5: petroleum-diesel | J5: heat | K5: crude oil | L5: heavy or residual oil | M5: LPG propane or butane | N5: hydrogen
B6: chemicals 20 | C6: =VLOOKUP($B6,About!$B$50:$E$74,3,0) -> EndUse>Industry>chemical and Petro-chemical | D6: =VLOOKUP($B6,About!$B$50:$E$74,4,0) -> Basic chemical substance manufacturing, fertilizer, pesticide and sterilization, pesticide manufacturing, other chemical product manufacturing, chemical fiber manufacturing, basic pharmaceutical and biological product manufacturing, pharmaceutical manufacturing, medical supplies and other pharmaceutical related product manufacturing | E6: =1-E7 -> 0.55209607 | F6: =1-F7 -> 0.44441461 | G6: =1-G7 -> 0.48703571 | H6: =1-H7 -> 0.96770405 | I6: =1-I7 -> 0.65882353 | J6: =1-J7 -> 0.58344383 | K6: N/A | L6: =1-L7 -> 0.97435897 | M6: =1-M7 -> 0.69558576 | N6: N/A
B7: rubber and plastic products 22 | C7: =VLOOKUP($B7,About!$B$50:$E$74,3,0) -> EndUse>Industry>chemical and Petro-chemical | D7: =VLOOKUP($B7,About!$B$50:$E$74,4,0) -> Synthetic rubber and plastic material manufacturing, rubber product manufacturing, plastic product manufacturing | E7: =SUM(E33,L33:M33)/SUM(D33:M33) -> 0.44790393 | F7: =SUM(E18,L18:M18)/SUM(D18:M18) -> 0.55558539 | G7: =SUM(E30,L30:M30)/SUM(D30:M30) -> 0.51296429 | H7: =SUM(E31,L31:M31)/SUM(D31:M31) -> 0.032295948 | I7: =SUM(E20:E22,L20:M22)/SUM(D20:M22) -> 0.34117647 | J7: =SUM(E32,L32:M32)/SUM(D32:M32) -> 0.41655617 | K7: N/A | L7: =SUM(E23:E25,L23:M25)/SUM(D23:M25) -> 0.025641026 | M7: =SUM(E27:E28,L27:M28)/SUM(D27:M28) -> 0.30441424 | N7: N/A
B8: Petrochemicals Total | E8: =SUM(E6:E7) -> 1 | F8: =SUM(F6:F7) -> 1 | G8: =SUM(G6:G7) -> 1 | H8: =SUM(H6:H7) -> 1 | I8: =SUM(I6:I7) -> 1 | J8: =SUM(J6:J7) -> 1 | K8: N/A | L8: =SUM(L6:L7) -> 1 | M8: =SUM(M6:M7) -> 1 | N8: N/A
B10: 2019 KEA Energy Use Survey
B11: ○ 출처 | C11: 한국에너지공단,「에너지사용및온실가스배출실태조사」
B12: ○ 자료다운일자 | C12: 2021.09.07 08:55
B13: ○ 통계표URL | C13: https://kosis.kr/statHtml/statHtml.do?orgId=337&tblId=DT_337_2019_H1017&conn_path=I3
B14: ○ 단위 | C14: 천toe
B15: 에너지원별(1) | C15: 에너지원별(2) | D15: 2019 | E15: 2019 | F15: 2019 | G15: 2019 | H15: 2019 | I15: 2019 | J15: 2019 | K15: 2019 | L15: 2019 | M15: 2019
B16: 에너지원별(1) | C16: 에너지원별(2) | D16: 기초화학물질제조업 | E16: 합성고무및플라스틱물질제조업 | F16: 비료,농약및살균,살충제제조업 | G16: 기타화학제품제조업 | H16: 화학섬유제조업 | I16: 기초의약물질및생물학적제제제조업 | J16: 의약품제조업 | K16: 의료용품및기타의약관련제품제조업 | L16: 고무제품제조업 | M16: 플라스틱제품제조업
B17: 합계 | C17: 소계 | D17: 23977.6 | E17: 8599 | F17: 92.9 | G17: 614.4 | H17: 454.8 | I17: 87.5 | J17: 212.8 | K17: 13.5 | L17: 407 | M17: 1404.5
B18: 석탄류 | C18: 소계 | D18: 100.8 | E18: 206.9 | F18: - | G18: 1.3 | H18: 63.4 | I18: - | J18: - | K18: - | L18: - | M18: 0
B19: 석유류 | C19: 소계 | D19: 19772.5 | E19: 5725.5 | F19: 6.2 | G19: 12.8 | H19: 33.3 | I19: 0.5 | J19: 1.3 | K19: 0 | L19: 3.1 | M19: 29.5
C20: 휘발유 | D20: 0 | E20: 0 | F20: - | G20: 0 | H20: - | I20: - | J20: 0 | K20: 0 | L20: 0 | M20: 0
C21: 실내등유 | D21: 0.9 | E21: 0.3 | F21: 0.3 | G21: 2.5 | H21: - | I21: 0 | J21: 0.2 | K21: 0 | L21: 0.8 | M21: 0.5
C22: 경유 | D22: 0.8 | E22: 0.2 | F22: 0.5 | G22: 0.3 | H22: 0 | I22: 0 | J22: 0.1 | K22: 0 | L22: 0.2 | M22: 0.9
C23: 경질중유 | D23: - | E23: - | F23: - | G23: - | H23: - | I23: - | J23: - | K23: - | L23: 0.2 | M23: 0.1
C24: 중유 | D24: - | E24: - | F24: - | G24: 0.2 | H24: - | I24: - | J24: - | K24: - | L24: - | M24: 0.1
C25: 중질중유 | D25: 340 | E25: - | F25: 5.3 | G25: 3 | H25: 8.7 | I25: - | J25: 0 | K25: - | L25: 0.8 | M25: 8.2
C26: 납사 | D26: 16323.8 | E26: 4525.5 | F26: - | G26: - | H26: - | I26: - | J26: - | K26: - | L26: - | M26: 0.3
C27: 프로판 | D27: 2103.9 | E27: 817.1 | F27: 0.1 | G27: 5.8 | H27: 24.6 | I27: 0.5 | J27: 0.1 | K27: 0 | L27: 0.9 | M27: 18.1
C28: 부탄 | D28: 142 | E28: 160.4 | F28: 0 | G28: 0 | H28: - | I28: - | J28: - | K28: 0 | L28: 0 | M28: 0
C29: 기타석유 | D29: 861 | E29: 222 | F29: 0.1 | G29: 0.9 | H29: - | I29: 0 | J29: 0.9 | K29: - | L29: 0.3 | M29: 1.3
B30: 도시가스 | C30: 소계 | D30: 715.6 | E30: 747.8 | F30: 15.3 | G30: 192.8 | H30: 64.1 | I30: 17.3 | J30: 77.2 | K30: 3.4 | L30: 147.2 | M30: 248.5
B31: 기타연료 | C31: 소계 | D31: 162.6 | E31: 3.6 | F31: 2 | G31: - | H31: 0.2 | I31: - | J31: - | K31: - | L31: - | M31: 1.9
B32: 열에너지 | C32: 소계 | D32: 1022.8 | E32: 777.4 | F32: 2 | G32: 96 | H32: 77.8 | I32: 16.1 | J32: 16.9 | K32: 0.4 | L32: 17.4 | M32: 84.8
B33: 전력 | C33: 소계 | D33: 2203.4 | E33: 1137.7 | F33: 67.4 | G33: 311.5 | H33: 216.1 | I33: 53.7 | J33: 117.3 | K33: 9.6 | L33: 239.3 | M33: 1039.8
B35: Petroleum split (based on 2019 Energy Balance)
C36: unit: 1,000 TOE | D36: unit: %
B37: petroleum-diesel | C37: =SUM('2019 KESIS Energy Balance'!Z59:AE59) -> 50.732 | D37: =C37/SUM($C$37:$C$39) -> 0.048876454
B38: heavy or residual oil | C38: =SUM('2019 KESIS Energy Balance'!AF59:AH59) -> 174.449 | D38: =C38/SUM($C$37:$C$39) -> 0.16806845
B39: LPG propane or butane | C39: =SUM('2019 KESIS Energy Balance'!W59:Z59) -> 812.783 | D39: =C39/SUM($C$37:$C$39) -> 0.7830551
B41: Petroleum split (based on 2022 Energy Balance)
C42: unit: 1,000 TOE | D42: unit: %
B43: petroleum-diesel | C43: =SUM('2022 Energy Balance'!Z59:AE59) -> 15.572 | D43: =C43/SUM($C$37:$C$39) -> 0.015002447
B44: heavy or residual oil | C44: =SUM('2022 Energy Balance'!AF59:AH59) -> 186.022 | D44: =C44/SUM($C$37:$C$39) -> 0.17921816
B45: LPG propane or butane | C45: =SUM('2022 Energy Balance'!W59:Z59) -> 307.73 | D45: =C45/SUM($C$37:$C$39) -> 0.29647464
B46: 2019년은 개정전 에너지밸런스, 2022년은 개정에너지밸런스로 통계 집계 방식에 일부 차이 존재

Sheet Non-ferrous Metals Split
B2: Non-ferrous Metals Split
B4: Industry split by fuel (based on 2019 KEA Energy Use Survey)
C5: KESIS | D5: KEA | E5: electricity | F5: coal | G5: natural gas | H5: biomass | I5: petroleum-diesel | J5: heat | K5: crude oil | L5: heavy or residual oil | M5: LPG propane or butane | N5: hydrogen
B6: other metals 242 | C6: =VLOOKUP($B6,About!$B$50:$E$74,3,0) -> EndUse>Industry>non-ferrous metals | D6: =VLOOKUP($B6,About!$B$50:$E$74,4,0) -> Primary non-ferrous metals manufacturing | E6: =D40/SUM(D40:H40) -> 0.33838301 | F6: =D18/SUM(D18:H18) -> 0.97029703 | G6: =D37/SUM(D37:H37) -> 0.40929344 | H6: =D38/SUM(D38:H38) -> 0.76582278 | I6: =SUM(D27:D29)/SUM(D27:H29) -> 0.10526316 | J6: =D39/SUM(D39:H39) -> 0.59027778 | K6: N/A | L6: =SUM(D30:D32)/SUM(D30:H32) -> 0.93931398 | M6: =SUM(D34:D35)/SUM(D34:H35) -> 0.38990826 | N6: N/A
B7: metal products except machinery and vehicles 25 | C7: =VLOOKUP($B7,About!$B$50:$E$74,3,0) -> EndUse>Industry>non-ferrous metals | D7: =VLOOKUP($B7,About!$B$50:$E$74,4,0) -> Metal Foundry, Structural Metal Products, Tank and Steam Generator Manufacturing, Weapons and Gun Ammunition Manufacturing, other Metalworking Products Manufacturing | E7: =1-E6 -> 0.66161699 | F7: =1-F6 -> 0.02970297 | G7: =1-G6 -> 0.59070656 | H7: =1-H6 -> 0.23417722 | I7: =1-I6 -> 0.89473684 | J7: =1-J6 -> 0.40972222 | K7: N/A | L7: =1-L6 -> 0.060686016 | M7: =1-M6 -> 0.61009174 | N7: N/A
B8: Non-ferrous Metals Total | E8: =SUM(E6:E7) -> 1 | F8: =SUM(F6:F7) -> 1 | G8: =SUM(G6:G7) -> 1 | H8: =SUM(H6:H7) -> 1 | I8: =SUM(I6:I7) -> 1 | J8: =SUM(J6:J7) -> 1 | K8: =SUM(K6:K7) -> 0 | L8: =SUM(L6:L7) -> 1 | ... N8: =SUM(N6:N7) -> 0
B10: 2019 KEA Energy Use Survey
B11: ○ 출처 | C11: 한국에너지공단,「에너지사용및온실가스배출실태조사」
B12: ○ 자료다운일자 | C12: 2021.09.07 10:02
B13: ○ 통계표URL | C13: https://kosis.kr/statHtml/statHtml.do?orgId=337&tblId=DT_337_2019_H1017&conn_path=I3
B14: ○ 단위 | C14: 천toe
B15: 에너지원별(1) | C15: 에너지원별(2) | D15: 2019 | E15: 2019 | F15: 2019 | G15: 2019 | H15: 2019
B16: 에너지원별(1) | C16: 에너지원별(2) | D16: 1차비철금속제조업 | E16: 금속주조업 | F16: 구조용금속제품,탱크및증기발생기제조업 | G16: 무기및총포탄제조업 | H16: 기타금속가공제품제조업
B17: 합계 | C17: 소계 | D17: 1798.8 | E17: 307.2 | F17: 335.9 | G17: 47.5 | H17: 1404.5
B18: 석탄류 | C18: 소계 | D18: 284.2 | E18: 6.1 | F18: - | G18: - | H18: 2.6
C19: 연탄 | D19: - | E19: 0.1 | F19: - | G19: - | H19: 0
C20: 국내무연탄 | D20: - | E20: - | F20: - | G20: - | H20: 0
C21: 수입무연탄 | D21: 131.6 | E21: 4.5 | F21: - | G21: - | H21: -
C22: 유연탄-연료 | D22: 131.1 | E22: - | F22: - | G22: - | H22: -
C23: 유연탄-원료 | D23: - | E23: - | F23: - | G23: - | H23: -
C24: 석탄코크스 | D24: 21.4 | E24: 1.5 | F24: - | G24: - | H24: 2.6
C25: 기타석탄 | D25: - | E25: - | F25: - | G25: - | H25: 0
B26: 석유류 | C26: 소계 | D26: 335.5 | E26: 17.6 | F26: 13.5 | G26: 5.4 | H26: 26.6
C27: 휘발유 | D27: 0 | E27: 0 | F27: 0 | G27: - | H27: 0.1
C28: 실내등유 | D28: 0.1 | E28: 0.4 | F28: 0 | G28: 0 | H28: 0.9
C29: 경유 | D29: 0.3 | E29: 0.5 | F29: 0.4 | G29: 0.1 | H29: 1
C30: 경질중유 | D30: 0 | E30: 0.2 | F30: 0.4 | G30: - | H30: 0
C31: 중유 | D31: - | E31: 0.3 | F31: - | G31: - | H31: -
C32: 중질중유 | D32: 35.6 | E32: 0.1 | F32: 0.4 | G32: - | H32: 0.9
C33: 납사 | D33: - | E33: - | F33: - | G33: - | H33: -
C34: 프로판 | D34: 24.3 | E34: 11.1 | F34: 4.4 | G34: 0.4 | H34: 23.3
C35: 부탄 | D35: 1.2 | E35: 0 | F35: 0.4 | G35: 0 | H35: 0.3
C36: 기타석유 | D36: 274.2 | E36: 5 | F36: 7.4 | G36: 4.8 | H36: 0.1
B37: 도시가스 | C37: 소계 | D37: 257.2 | E37: 22.8 | F37: 62.4 | G37: 13 | H37: 273
B38: 기타연료 | C38: 소계 | D38: 84.7 | E38: 0.1 | F38: 9.2 | G38: - | H38: 16.6
B39: 열에너지 | C39: 소계 | D39: 8.5 | E39: 0 | F39: - | G39: 1.8 | H39: 4.1
B40: 전력 | C40: 소계 | D40: 828.7 | E40: 260.7 | F40: 250.8 | G40: 27.3 | H40: 1081.5
B42: Petroleum split (based on 2019 Energy Balance)
C43: unit: 1,000 TOE | D43: unit: %
B44: petroleum-diesel | C44: =SUM('2019 KESIS Energy Balance'!Z62:AE62) -> 3.259 | D44: =C44/SUM($C$44:$C$46) -> 0.11767892
B45: heavy or residual oil | C45: =SUM('2019 KESIS Energy Balance'!AF62:AH62) -> 12.267 | D45: =C45/SUM($C$44:$C$46) -> 0.44294793
B46: LPG propane or butane | C46: =SUM('2019 KESIS Energy Balance'!W62:Y62) -> 12.168 | D46: =C46/SUM($C$44:$C$46) -> 0.43937315
B48: Petroleum split (based on 2022 Energy Balance)
C49: unit: 1,000 TOE | D49: unit: %
B50: petroleum-diesel | C50: =SUM('2022 Energy Balance'!Z62:AE62) -> 3.183 | D50: =C50/SUM($C$44:$C$46) -> 0.11493464
B51: heavy or residual oil | C51: =SUM('2022 Energy Balance'!AF62:AH62) -> 23.244 | D51: =C51/SUM($C$44:$C$46) -> 0.83931538
B52: LPG propane or butane | C52: =SUM('2022 Energy Balance'!W62:Y62) -> 17.863 | D52: =C52/SUM($C$44:$C$46) -> 0.64501336
B53: 2019년은 개정전 에너지밸런스, 2022년은 개정에너지밸런스로 통계 집계 방식에 일부 차이 존재

Sheet Others Split
B2: Others Split
B4: Industry split by fuel (based on 2019 KEA Energy Use Survey)
C5: KESIS | D5: KEA | E5: electricity | F5: coal | G5: natural gas | H5: biomass | I5: petroleum-diesel | J5: heat | K5: crude oil | L5: heavy or residual oil | M5: LPG propane or butane | N5: hydrogen
B6: agriculture and forestry 01T03 | C6: =VLOOKUP($B6,About!$B$50:$E$74,3,0) -> EndUse>Industry>agriculture and fishery | D6: =VLOOKUP($B6,About!$B$50:$E$74,4,0) -> 0 | E6: =SUM('2019 KESIS Energy Balance'!BH51,'2019 KESIS Energy Balance'!BH52)/SUM('2019 KESIS Energy Balance'!BH51:BH53,'2019 KESIS Energy Balance'!BH55:BH58,'2019 KESIS Energy Balance'!BH60,'2019 KESIS Energy Balance'!BH65:BH66) -> 0.24518732 | F6: =SUM('2019 KESIS Energy Balance'!D51:P51)/SUM('2019 KESIS Energy Balance'!D51:P53,'2019 KESIS Energy Balance'!D55:P58,'2019 KESIS Energy Balance'!D60:P60,'2019 KESIS Energy Balance'!D65:P66) -> 0.011245283 | G6: =SUM('2019 KESIS Energy Balance'!Q51:R51)/SUM('2019 KESIS Energy Balance'!Q51:R53,'2019 KESIS Energy Balance'!Q55:R58,'2019 KESIS Energy Balance'!Q60:R60,'2019 KESIS Energy Balance'!Q65:R66) -> 1.7271179e-05 | H6: =SUM('2019 KESIS Energy Balance'!AP51:AX52)/SUM('2019 KESIS Energy Balance'!AP51:AX53,'2019 KESIS Energy Balance'!AP55:AX58,'2019 KESIS Energy Balance'!AP60:AX60,'2019 KESIS Energy Balance'!AP65:AX66) -> 0.064885741 | I6: =SUM('2019 KESIS Energy Balance'!Z51:AE52)/SUM('2019 KESIS Energy Balance'!Z51:AE53,'2019 KESIS Energy Balance'!Z55:AE58,'2019 KESIS Energy Balance'!Z60:AE60,'2019 KESIS Energy Balance'!Z65:AE66) -> 0.52772284 | J6: ='2019 KESIS Energy Balance'!BI51/SUM('2019 KESIS Energy Balance'!BI51:BI53,'2019 KESIS Energy Balance'!BI55:BI58,'2019 KESIS Energy Balance'!BI60,'2019 KESIS Energy Balance'!BI65:BI66) -> 0 | K6: N/A | L6: =SUM('2019 KESIS Energy Balance'!AF51:AH52)/SUM('2019 KESIS Energy Balance'!AF51:AH53,'2019 KESIS Energy Balance'!AF55:AH58,'2019 KESIS Energy Balance'!AF60:AH60,'2019 KESIS Energy Balance'!AF65:AH66) -> 0.072250153 | M6: =SUM('2019 KESIS Energy Balance'!W51:Y52)/SUM('2019 KESIS Energy Balance'!W51:Y53,'2019 KESIS Energy Balance'!W55:Y58,'2019 KESIS Energy Balance'!W60:Y60,'2019 KESIS Energy Balance'!W65:Y66) -> 0.0062617354 | N6: N/A
B7: other mining and quarrying 07T08 | C7: =VLOOKUP($B7,About!$B$50:$E$74,3,0) -> EndUse>Industry>mining(exc. Coal mining) | D7: =VLOOKUP($B7,About!$B$50:$E$74,4,0) -> 0 | E7: ='2019 KESIS Energy Balance'!BH53/SUM('2019 KESIS Energy Balance'!BH51:BH53,'2019 KESIS Energy Balance'!BH55:BH58,'2019 KESIS Energy Balance'!BH60,'2019 KESIS Energy Balance'!BH65:BH66) -> 0.021147187 | F7: =SUM('2019 KESIS Energy Balance'!D53:P53)/SUM('2019 KESIS Energy Balance'!D51:P53,'2019 KESIS Energy Balance'!D55:P58,'2019 KESIS Energy Balance'!D60:P60,'2019 KESIS Energy Balance'!D65:P66) -> 0 | G7: =SUM('2019 KESIS Energy Balance'!Q53:R53)/SUM('2019 KESIS Energy Balance'!Q51:R53,'2019 KESIS Energy Balance'!Q55:R58,'2019 KESIS Energy Balance'!Q60:R60,'2019 KESIS Energy Balance'!Q65:R66) -> 0 | H7: =SUM('2019 KESIS Energy Balance'!AP53:AX53)/SUM('2019 KESIS Energy Balance'!AP51:AX53,'2019 KESIS Energy Balance'!AP55:AX58,'2019 KESIS Energy Balance'!AP60:AX60,'2019 KESIS Energy Balance'!AP65:AX66) -> 2.8951339e-05 | I7: =SUM('2019 KESIS Energy Balance'!Z53:AE53)/SUM('2019 KESIS Energy Balance'!Z51:AE53,'2019 KESIS Energy Balance'!Z55:AE58,'2019 KESIS Energy Balance'!Z60:AE60,'2019 KESIS Energy Balance'!Z65:AE66) -> 0.013689642 | J7: ='2019 KESIS Energy Balance'!BI53/SUM('2019 KESIS Energy Balance'!BI51:BI53,'2019 KESIS Energy Balance'!BI55:BI58,'2019 KESIS Energy Balance'!BI60,'2019 KESIS Energy Balance'!BI65:BI66) -> 0 | K7: N/A | L7: =SUM('2019 KESIS Energy Balance'!AF53:AH53)/SUM('2019 KESIS Energy Balance'!AF51:AH53,'2019 KESIS Energy Balance'!AF55:AH58,'2019 KESIS Energy Balance'!AF60:AH60,'2019 KESIS Energy Balance'!AF65:AH66) -> 0.0094778779 | M7: =SUM('2019 KESIS Energy Balance'!W53:Z53)/SUM('2019 KESIS Energy Balance'!W51:Y53,'2019 KESIS Energy Balance'!W55:Y58,'2019 KESIS Energy Balance'!W60:Y60,'2019 KESIS Energy Balance'!W65:Y66) -> 0.0023007295 | N7: N/A
B8: food beverage and tobacco 10T12 | C8: =VLOOKUP($B8,About!$B$50:$E$74,3,0) -> EndUse>Industry>food and tobacco | D8: =VLOOKUP($B8,About!$B$50:$E$74,4,0) -> 0 | E8: ='2019 KESIS Energy Balance'!BH55/SUM('2019 KESIS Energy Balance'!BH51:BH53,'2019 KESIS Energy Balance'!BH55:BH58,'2019 KESIS Energy Balance'!BH60,'2019 KESIS Energy Balance'!BH65:BH66) -> 0.19424912 | F8: =SUM('2019 KESIS Energy Balance'!D55:P55)/SUM('2019 KESIS Energy Balance'!D51:P53,'2019 KESIS Energy Balance'!D55:P58,'2019 KESIS Energy Balance'!D60:P60,'2019 KESIS Energy Balance'!D65:P66) -> 0 | G8: =SUM('2019 KESIS Energy Balance'!Q55:R55)/SUM('2019 KESIS Energy Balance'!Q51:R53,'2019 KESIS Energy Balance'!Q55:R58,'2019 KESIS Energy Balance'!Q60:R60,'2019 KESIS Energy Balance'!Q65:R66) -> 0.34223936 | H8: =SUM('2019 KESIS Energy Balance'!AP55:AX55)/SUM('2019 KESIS Energy Balance'!AP51:AX53,'2019 KESIS Energy Balance'!AP55:AX58,'2019 KESIS Energy Balance'!AP60:AX60,'2019 KESIS Energy Balance'!AP65:AX66) -> 0.024516476 | I8: =SUM('2019 KESIS Energy Balance'!Z55:AE55)/SUM('2019 KESIS Energy Balance'!Z51:AE53,'2019 KESIS Energy Balance'!Z55:AE58,'2019 KESIS Energy Balance'!Z60:AE60,'2019 KESIS Energy Balance'!Z65:AE66) -> 0.015778229 | J8: ='2019 KESIS Energy Balance'!BI55/SUM('2019 KESIS Energy Balance'!BI51:BI53,'2019 KESIS Energy Balance'!BI55:BI58,'2019 KESIS Energy Balance'!BI60,'2019 KESIS Energy Balance'!BI65:BI66) -> 0.20561908 | K8: N/A | L8: =SUM('2019 KESIS Energy Balance'!AF55:AH55)/SUM('2019 KESIS Energy Balance'!AF51:AH53,'2019 KESIS Energy Balance'!AF55:AH58,'2019 KESIS Energy Balance'!AF60:AH60,'2019 KESIS Energy Balance'!AF65:AH66) -> 0.042177571 | M8: =SUM('2019 KESIS Energy Balance'!W55:Y55)/SUM('2019 KESIS Energy Balance'!W51:Y53,'2019 KESIS Energy Balance'!W55:Y58,'2019 KESIS Energy Balance'!W60:Y60,'2019 KESIS Energy Balance'!W65:Y66) -> 0.026059305 | N8: N/A
B9: textiles apparel and leather 13T15 | C9: =VLOOKUP($B9,About!$B$50:$E$74,3,0) -> EndUse>Industry>fiber and leather | D9: =VLOOKUP($B9,About!$B$50:$E$74,4,0) -> 0 | E9: ='2019 KESIS Energy Balance'!BH56/SUM('2019 KESIS Energy Balance'!BH51:BH53,'2019 KESIS Energy Balance'!BH55:BH58,'2019 KESIS Energy Balance'!BH60,'2019 KESIS Energy Balance'!BH65:BH66) -> 0.14636678 | F9: =SUM('2019 KESIS Energy Balance'!D56:P56)/SUM('2019 KESIS Energy Balance'!D51:P53,'2019 KESIS Energy Balance'!D55:P58,'2019 KESIS Energy Balance'!D60:P60,'2019 KESIS Energy Balance'!D65:P66) -> 0.094724609 | G9: =SUM('2019 KESIS Energy Balance'!Q56:R56)/SUM('2019 KESIS Energy Balance'!Q51:R53,'2019 KESIS Energy Balance'!Q55:R58,'2019 KESIS Energy Balance'!Q60:R60,'2019 KESIS Energy Balance'!Q65:R66) -> 0.10993232 | H9: =SUM('2019 KESIS Energy Balance'!AP56:AX56)/SUM('2019 KESIS Energy Balance'!AP51:AX53,'2019 KESIS Energy Balance'!AP55:AX58,'2019 KESIS Energy Balance'!AP60:AX60,'2019 KESIS Energy Balance'!AP65:AX66) -> 0.052903264 | I9: =SUM('2019 KESIS Energy Balance'!Z56:AE56)/SUM('2019 KESIS Energy Balance'!Z51:AE53,'2019 KESIS Energy Balance'!Z55:AE58,'2019 KESIS Energy Balance'!Z60:AE60,'2019 KESIS Energy Balance'!Z65:AE66) -> 0.0028583269 | J9: ='2019 KESIS Energy Balance'!BI56/SUM('2019 KESIS Energy Balance'!BI51:BI53,'2019 KESIS Energy Balance'!BI55:BI58,'2019 KESIS Energy Balance'!BI60,'2019 KESIS Energy Balance'!BI65:BI66) -> 0.3883251 | K9: N/A | L9: =SUM('2019 KESIS Energy Balance'!AF56:AH56)/SUM('2019 KESIS Energy Balance'!AF51:AH53,'2019 KESIS Energy Balance'!AF55:AH58,'2019 KESIS Energy Balance'!AF60:AH60,'2019 KESIS Energy Balance'!AF65:AH66) -> 0.032802934 | M9: =SUM('2019 KESIS Energy Balance'!W56:Y56)/SUM('2019 KESIS Energy Balance'!W51:Y53,'2019 KESIS Energy Balance'!W55:Y58,'2019 KESIS Energy Balance'!W60:Y60,'2019 KESIS Energy Balance'!W65:Y66) -> 0.004162413 | N9: N/A
B10: wood products 16 | C10: =VLOOKUP($B10,About!$B$50:$E$74,3,0) -> EndUse>Industry>wood and wood products | D10: =VLOOKUP($B10,About!$B$50:$E$74,4,0) -> 0 | E10: ='2019 KESIS Energy Balance'!BH57/SUM('2019 KESIS Energy Balance'!BH51:BH53,'2019 KESIS Energy Balance'!BH55:BH58,'2019 KESIS Energy Balance'!BH60,'2019 KESIS Energy Balance'!BH65:BH66) -> 0.024576545 | F10: =SUM('2019 KESIS Energy Balance'!D57:P57)/SUM('2019 KESIS Energy Balance'!D51:P53,'2019 KESIS Energy Balance'!D55:P58,'2019 KESIS Energy Balance'!D60:P60,'2019 KESIS Energy Balance'!D65:P66) -> 0 | G10: =SUM('2019 KESIS Energy Balance'!Q57:R57)/SUM('2019 KESIS Energy Balance'!Q51:R53,'2019 KESIS Energy Balance'!Q55:R58,'2019 KESIS Energy Balance'!Q60:R60,'2019 KESIS Energy Balance'!Q65:R66) -> 0.011373703 | H10: =SUM('2019 KESIS Energy Balance'!AP57:AX57)/SUM('2019 KESIS Energy Balance'!AP51:AX53,'2019 KESIS Energy Balance'!AP55:AX58,'2019 KESIS Energy Balance'!AP60:AX60,'2019 KESIS Energy Balance'!AP65:AX66) -> 0.032626712 | I10: =SUM('2019 KESIS Energy Balance'!Z57:AE57)/SUM('2019 KESIS Energy Balance'!Z51:AE53,'2019 KESIS Energy Balance'!Z55:AE58,'2019 KESIS Energy Balance'!Z60:AE60,'2019 KESIS Energy Balance'!Z65:AE66) -> 0.00044746574 | J10: ='2019 KESIS Energy Balance'!BI57/SUM('2019 KESIS Energy Balance'!BI51:BI53,'2019 KESIS Energy Balance'!BI55:BI58,'2019 KESIS Energy Balance'!BI60,'2019 KESIS Energy Balance'!BI65:BI66) -> 0.013415444 | K10: N/A | L10: =SUM('2019 KESIS Energy Balance'!AF57:AH57)/SUM('2019 KESIS Energy Balance'!AF51:AH53,'2019 KESIS Energy Balance'!AF55:AH58,'2019 KESIS Energy Balance'!AF60:AH60,'2019 KESIS Energy Balance'!AF65:AH66) -> 0.0023118574 | M10: =SUM('2019 KESIS Energy Balance'!W57:Y57)/SUM('2019 KESIS Energy Balance'!W51:Y53,'2019 KESIS Energy Balance'!W55:Y58,'2019 KESIS Energy Balance'!W60:Y60,'2019 KESIS Energy Balance'!W65:Y66) -> 0.00025682067 | N10: N/A
B11: pulp paper and printing 17T18 | C11: =VLOOKUP($B11,About!$B$50:$E$74,3,0) -> EndUse>Industry>paper and printing | D11: =VLOOKUP($B11,About!$B$50:$E$74,4,0) -> 0 | E11: ='2019 KESIS Energy Balance'!BH58/SUM('2019 KESIS Energy Balance'!BH51:BH53,'2019 KESIS Energy Balance'!BH55:BH58,'2019 KESIS Energy Balance'!BH60,'2019 KESIS Energy Balance'!BH65:BH66) -> 0.14030894 | F11: =SUM('2019 KESIS Energy Balance'!D58:P58)/SUM('2019 KESIS Energy Balance'!D51:P53,'2019 KESIS Energy Balance'!D55:P58,'2019 KESIS Energy Balance'!D60:P60,'2019 KESIS Energy Balance'!D65:P66) -> 0 | G11: =SUM('2019 KESIS Energy Balance'!Q58:R58)/SUM('2019 KESIS Energy Balance'!Q51:R53,'2019 KESIS Energy Balance'!Q55:R58,'2019 KESIS Energy Balance'!Q60:R60,'2019 KESIS Energy Balance'!Q65:R66) -> 0.12327957 | H11: =SUM('2019 KESIS Energy Balance'!AP58:AX58)/SUM('2019 KESIS Energy Balance'!AP51:AX53,'2019 KESIS Energy Balance'!AP55:AX58,'2019 KESIS Energy Balance'!AP60:AX60,'2019 KESIS Energy Balance'!AP65:AX66) -> 0.28959638 | I11: =SUM('2019 KESIS Energy Balance'!Z58:AE58)/SUM('2019 KESIS Energy Balance'!Z51:AE53,'2019 KESIS Energy Balance'!Z55:AE58,'2019 KESIS Energy Balance'!Z60:AE60,'2019 KESIS Energy Balance'!Z65:AE66) -> 0.0013878462 | J11: ='2019 KESIS Energy Balance'!BI58/SUM('2019 KESIS Energy Balance'!BI51:BI53,'2019 KESIS Energy Balance'!BI55:BI58,'2019 KESIS Energy Balance'!BI60,'2019 KESIS Energy Balance'!BI65:BI66) -> 0.39205263 | K11: N/A | L11: =SUM('2019 KESIS Energy Balance'!AF58:AH58)/SUM('2019 KESIS Energy Balance'!AF51:AH53,'2019 KESIS Energy Balance'!AF55:AH58,'2019 KESIS Energy Balance'!AF60:AH60,'2019 KESIS Energy Balance'!AF65:AH66) -> 0.03357724 | M11: =SUM('2019 KESIS Energy Balance'!W58:Y58)/SUM('2019 KESIS Energy Balance'!W51:Y53,'2019 KESIS Energy Balance'!W55:Y58,'2019 KESIS Energy Balance'!W60:Y60,'2019 KESIS Energy Balance'!W65:Y66) -> 0.0056692363 | N11: N/A
B12: glass and glass products 231 | C12: =VLOOKUP($B12,About!$B$50:$E$74,3,0) -> EndUse>Industry>non-metallic minerals | D12: =VLOOKUP($B12,About!$B$50:$E$74,4,0) -> Glass and glassware manufacturing | E12: ='2019 KESIS Energy Balance'!BH60/SUM('2019 KESIS Energy Balance'!BH51:BH53,'2019 KESIS Energy Balance'!BH55:BH58,'2019 KESIS Energy Balance'!BH60,'2019 KESIS Energy Balance'!BH65:BH66)*SUM(D42)/SUM(D42:H42) -> 0.047190059 | F12: =SUM('2019 KESIS Energy Balance'!D60:P60)/SUM('2019 KESIS Energy Balance'!D51:P53,'2019 KESIS Energy Balance'!D55:P58,'2019 KESIS Energy Balance'!D60:P60,'2019 KESIS Energy Balance'!D65:P66)*SUM(D27)/SUM(D27:H27) -> 0 | G12: =SUM('2019 KESIS Energy Balance'!Q60:R60)/SUM('2019 KESIS Energy Balance'!Q51:R53,'2019 KESIS Energy Balance'!Q55:R58,'2019 KESIS Energy Balance'!Q60:R60,'2019 KESIS Energy Balance'!Q65:R66)*SUM(D39)/SUM(D39:H39) -> 0.098699459 | H12: =SUM('2019 KESIS Energy Balance'!AP60:AX60)/SUM('2019 KESIS Energy Balance'!AP51:AX53,'2019 KESIS Energy Balance'!AP55:AX58,'2019 KESIS Energy Balance'!AP60:AX60,'2019 KESIS Energy Balance'!AP65:AX66)*SUM(D40)/SUM(D40:H40) -> 0 | I12: =SUM('2019 KESIS Energy Balance'!Z60:AE60)/SUM('2019 KESIS Energy Balance'!Z51:AE53,'2019 KESIS Energy Balance'!Z55:AE58,'2019 KESIS Energy Balance'!Z60:AE60,'2019 KESIS Energy Balance'!Z65:AE66)*SUM(D29:D31)/SUM(D29:H31) -> 0.00049108613 | J12: ='2019 KESIS Energy Balance'!BI60/SUM('2019 KESIS Energy Balance'!BI51:BI53,'2019 KESIS Energy Balance'!BI55:BI58,'2019 KESIS Energy Balance'!BI60,'2019 KESIS Energy Balance'!BI65:BI66)*SUM(D41)/SUM(D41:H41) -> 2.3368783e-05 | K12: N/A | L12: =SUM('2019 KESIS Energy Balance'!AF60:AH60)/SUM('2019 KESIS Energy Balance'!AF51:AH53,'2019 KESIS Energy Balance'!AF55:AH58,'2019 KESIS Energy Balance'!AF60:AH60,'2019 KESIS Energy Balance'!AF65:AH66)*SUM(D32:D34)/SUM(D32:H34) -> 0.41954224 | M12: =SUM('2019 KESIS Energy Balance'!W60:Y60)/SUM('2019 KESIS Energy Balance'!W51:Y53,'2019 KESIS Energy Balance'!W55:Y58,'2019 KESIS Energy Balance'!W60:Y60,'2019 KESIS Energy Balance'!W65:Y66)*SUM(D36:D37)/SUM(D36:H37) -> 0.0006029945 | N12: N/A
B13: cement and other nonmetallic minerals 239 | C13: =VLOOKUP($B13,About!$B$50:$E$74,3,0) -> EndUse>Industry>non-metallic minerals | D13: =VLOOKUP($B13,About!$B$50:$E$74,4,0) -> Refractory and non-refractory ceramic products manufacturing business, cement, lime, plaster and its products manufacturing business, cement manufacturing business, other non-metallic minerals product manufacturing business | E13: ='2019 KESIS Energy Balance'!BH60/SUM('2019 KESIS Energy Balance'!BH51:BH53,'2019 KESIS Energy Balance'!BH55:BH58,'2019 KESIS Energy Balance'!BH60,'2019 KESIS Energy Balance'!BH65:BH66)*(1-SUM(D42)/SUM(D42:H42)) -> 0.11892729 | F13: =SUM('2019 KESIS Energy Balance'!D60:P60)/SUM('2019 KESIS Energy Balance'!D51:P53,'2019 KESIS Energy Balance'!D55:P58,'2019 KESIS Energy Balance'!D60:P60,'2019 KESIS Energy Balance'!D65:P66)*(1-SUM(D27)/SUM(D27:H27)) -> 0.48002548 | G13: =SUM('2019 KESIS Energy Balance'!Q60:R60)/SUM('2019 KESIS Energy Balance'!Q51:R53,'2019 KESIS Energy Balance'!Q55:R58,'2019 KESIS Energy Balance'!Q60:R60,'2019 KESIS Energy Balance'!Q65:R66)*(1-SUM(D39)/SUM(D39:H39)) -> 0.15332032 | H13: =SUM('2019 KESIS Energy Balance'!AP60:AX60)/SUM('2019 KESIS Energy Balance'!AP51:AX53,'2019 KESIS Energy Balance'!AP55:AX58,'2019 KESIS Energy Balance'!AP60:AX60,'2019 KESIS Energy Balance'!AP65:AX66)*(1-SUM(D40)/SUM(D40:H40)) -> 0.33752436 | I13: =SUM('2019 KESIS Energy Balance'!Z60:AE60)/SUM('2019 KESIS Energy Balance'!Z51:AE53,'2019 KESIS Energy Balance'!Z55:AE58,'2019 KESIS Energy Balance'!Z60:AE60,'2019 KESIS Energy Balance'!Z65:AE66)*(1-SUM(D29:D31)/SUM(D29:H31)) -> 0.056802296 | J13: ='2019 KESIS Energy Balance'!BI60/SUM('2019 KESIS Energy Balance'!BI51:BI53,'2019 KESIS Energy Balance'!BI55:BI58,'2019 KESIS Energy Balance'!BI60,'2019 KESIS Energy Balance'!BI65:BI66)*(1-SUM(D41)/SUM(D41:H41)) -> 0.00048918652 | K13: N/A | L13: =SUM('2019 KESIS Energy Balance'!AF60:AH60)/SUM('2019 KESIS Energy Balance'!AF51:AH53,'2019 KESIS Energy Balance'!AF55:AH58,'2019 KESIS Energy Balance'!AF60:AH60,'2019 KESIS Energy Balance'!AF65:AH66)*(1-SUM(D32:D34)/SUM(D32:H34)) -> 0.067098207 | M13: =SUM('2019 KESIS Energy Balance'!W60:Y60)/SUM('2019 KESIS Energy Balance'!W51:Y53,'2019 KESIS Energy Balance'!W55:Y58,'2019 KESIS Energy Balance'!W60:Y60,'2019 KESIS Energy Balance'!W65:Y66)*(1-SUM(D36:D37)/SUM(D36:H37)) -> 0.016682848 | N13: N/A
B14: other manufacturing 31T33 | C14: =VLOOKUP($B14,About!$B$50:$E$74,3,0) -> EndUse>Industry>other manufacturing | D14: =VLOOKUP($B14,About!$B$50:$E$74,4,0) -> 0 | E14: ='2019 KESIS Energy Balance'!BH65/SUM('2019 KESIS Energy Balance'!BH51:BH53,'2019 KESIS Energy Balance'!BH55:BH58,'2019 KESIS Energy Balance'!BH60,'2019 KESIS Energy Balance'!BH65:BH66) -> 0.061909016 | F14: =SUM('2019 KESIS Energy Balance'!D65:P65)/SUM('2019 KESIS Energy Balance'!D51:P53,'2019 KESIS Energy Balance'!D55:P58,'2019 KESIS Energy Balance'!D60:P60,'2019 KESIS Energy Balance'!D65:P66) -> 0.41388733 | G14: =SUM('2019 KESIS Energy Balance'!Q65:R65)/SUM('2019 KESIS Energy Balance'!Q51:R53,'2019 KESIS Energy Balance'!Q55:R58,'2019 KESIS Energy Balance'!Q60:R60,'2019 KESIS Energy Balance'!Q65:R66) -> 0.16108323 | H14: =SUM('2019 KESIS Energy Balance'!AP65:AX65)/SUM('2019 KESIS Energy Balance'!AP51:AX53,'2019 KESIS Energy Balance'!AP55:AX58,'2019 KESIS Energy Balance'!AP60:AX60,'2019 KESIS Energy Balance'!AP65:AX66) -> 0.18176809 | I14: =SUM('2019 KESIS Energy Balance'!Z65:AE65)/SUM('2019 KESIS Energy Balance'!Z51:AE53,'2019 KESIS Energy Balance'!Z55:AE58,'2019 KESIS Energy Balance'!Z60:AE60,'2019 KESIS Energy Balance'!Z65:AE66) -> 0.083296802 | J14: ='2019 KESIS Energy Balance'!BI65/SUM('2019 KESIS Energy Balance'!BI51:BI53,'2019 KESIS Energy Balance'!BI55:BI58,'2019 KESIS Energy Balance'!BI60,'2019 KESIS Energy Balance'!BI65:BI66) -> 7.5195239e-05 | K14: N/A | L14: =SUM('2019 KESIS Energy Balance'!AF65:AH65)/SUM('2019 KESIS Energy Balance'!AF51:AH53,'2019 KESIS Energy Balance'!AF55:AH58,'2019 KESIS Energy Balance'!AF60:AH60,'2019 KESIS Energy Balance'!AF65:AH66) -> 0.28629607 | M14: =SUM('2019 KESIS Energy Balance'!W65:Y65)/SUM('2019 KESIS Energy Balance'!W51:Y53,'2019 KESIS Energy Balance'!W55:Y58,'2019 KESIS Energy Balance'!W60:Y60,'2019 KESIS Energy Balance'!W65:Y66) -> 0.91695741 | N14: N/A
B15: construction 41T43 | C15: =VLOOKUP($B15,About!$B$50:$E$74,3,0) -> EndUse>Industry>construction | D15: =VLOOKUP($B15,About!$B$50:$E$74,4,0) -> 0 | E15: =SUM('2019 KESIS Energy Balance'!BH66)/SUM('2019 KESIS Energy Balance'!BH51:BH53,'2019 KESIS Energy Balance'!BH55:BH58,'2019 KESIS Energy Balance'!BH60,'2019 KESIS Energy Balance'!BH65:BH66) -> 0.00013773449 | F15: =SUM('2019 KESIS Energy Balance'!D66:P66)/SUM('2019 KESIS Energy Balance'!D51:P53,'2019 KESIS Energy Balance'!D55:P58,'2019 KESIS Energy Balance'!D60:P60,'2019 KESIS Energy Balance'!D65:P66) -> 0.00011729507 | G15: =SUM('2019 KESIS Energy Balance'!Q66:R66)/SUM('2019 KESIS Energy Balance'!Q51:R53,'2019 KESIS Energy Balance'!Q55:R58,'2019 KESIS Energy Balance'!Q60:R60,'2019 KESIS Energy Balance'!Q65:R66) -> 5.4762275e-05 | H15: =SUM('2019 KESIS Energy Balance'!AP66:AX66)/SUM('2019 KESIS Energy Balance'!AP51:AX53,'2019 KESIS Energy Balance'!AP55:AX58,'2019 KESIS Energy Balance'!AP60:AX60,'2019 KESIS Energy Balance'!AP65:AX66) -> 0.016150022 | I15: =SUM('2019 KESIS Energy Balance'!Z66:AE66)/SUM('2019 KESIS Energy Balance'!Z51:AE53,'2019 KESIS Energy Balance'!Z55:AE58,'2019 KESIS Energy Balance'!Z60:AE60,'2019 KESIS Energy Balance'!Z65:AE66) -> 0.29752547 | J15: =SUM('2019 KESIS Energy Balance'!BI66)/SUM('2019 KESIS Energy Balance'!BI51:BI53,'2019 KESIS Energy Balance'!BI55:BI58,'2019 KESIS Energy Balance'!BI60,'2019 KESIS Energy Balance'!BI65:BI66) -> 0 | K15: N/A | L15: =SUM('2019 KESIS Energy Balance'!AF66:AH66)/SUM('2019 KESIS Energy Balance'!AF51:AH53,'2019 KESIS Energy Balance'!AF55:AH58,'2019 KESIS Energy Balance'!AF60:AH60,'2019 KESIS Energy Balance'!AF65:AH66) -> 0.034465848 | M15: =SUM('2019 KESIS Energy Balance'!W66:Y66)/SUM('2019 KESIS Energy Balance'!W51:Y53,'2019 KESIS Energy Balance'!W55:Y58,'2019 KESIS Energy Balance'!W60:Y60,'2019 KESIS Energy Balance'!W65:Y66) -> 0.021470634 | N15: N/A
B16: Industry Others Total | E16: =SUM(E6:E15) -> 1 | F16: =SUM(F6:F15) -> 1 | G16: =SUM(G6:G15) -> 1 | H16: =SUM(H6:H15) -> 1 | I16: =SUM(I6:I15) -> 1 | J16: =SUM(J6:J15) -> 1 | K16: =SUM(K6:K15) -> 0 | L16: =SUM(L6:L15) -> 1 | ... N16: =SUM(N6:N15) -> 0
B19: 2019 KEA Energy Use Survey | C19: DT_337_2019_H1017
B20: ○ 출처 | C20: 한국에너지공단,「에너지사용및온실가스배출실태조사」
B21: ○ 자료다운일자 | C21: 2021.09.06 19:25
B22: ○ 통계표URL | C22: https://kosis.kr/statHtml/statHtml.do?orgId=337&tblId=DT_337_2019_H1017&conn_path=I3
B23: ○ 단위 | C23: 천toe
B24: 에너지원별(1) | C24: 에너지원별(2) | D24: 2019
D25: 유리및유리제품제조업 | E25: 내화,비내화요업제품제조업 | F25: 시멘트,석회,플라스터및그제품제조업 | G25: 시멘트제조업 | H25: 기타비금속광물제품제조업
B26: 합계 | C26: 소계 | D26: 840.2 | E26: 241.3 | F26: 630.7 | G26: 4400.2 | H26: 265.4
B27: 석탄류 | C27: 소계 | D27: 0 | E27: 1.1 | F27: 154.7 | G27: 2192 | H27: 2.6
B28: 석유류 | C28: 소계 | D28: 251 | E28: 45 | F28: 101.9 | G28: 1070.7 | H28: 80
C29: 휘발유 | D29: 0 | E29: 0 | F29: 0 | G29: - | H29: 0
C30: 실내등유 | D30: 0.1 | E30: 0 | F30: 0.9 | G30: 0.2 | H30: 0.1
C31: 경유 | D31: 0.2 | E31: 0.3 | F31: 4.1 | G31: 0.1 | H31: 29
C32: 경질중유 | D32: - | E32: - | F32: 0 | G32: 1.6 | H32: -
C33: 중유 | D33: - | E33: - | F33: - | G33: - | H33: -
C34: 중질중유 | D34: 235.1 | E34: 13.1 | F34: 11.2 | G34: 2.9 | H34: 8.8
C35: 납사 | D35: - | E35: - | F35: - | G35: - | H35: -
C36: 프로판 | D36: 1.2 | E36: 14.4 | F36: 15.3 | G36: 2.2 | H36: 0.5
C37: 부탄 | D37: 0 | E37: 0 | F37: 0.8 | G37: - | H37: 0
C38: 기타석유 | D38: 14.5 | E38: 17.1 | F38: 69.6 | G38: 1063.7 | H38: 41.5
B39: 도시가스 | C39: 소계 | D39: 248.1 | E39: 129.7 | F39: 162.5 | G39: 24.6 | H39: 68.6
B40: 기타연료 | C40: 소계 | D40: - | E40: 0.1 | F40: 4.5 | G40: 612.6 | H40: 0.1
B41: 열에너지 | C41: 소계 | D41: 1.5 | E41: 2 | F41: 3.1 | G41: 26.3 | H41: -
B42: 전력 | C42: 소계 | D42: 339.5 | E42: 63.5 | F42: 203.9 | G42: 474 | H42: 114.2
B44: Petroleum split (based on 2019 Energy Balance)
C45: unit: 1,000 TOE | D45: unit: %
B46: petroleum-diesel | C46: =SUM('2019 KESIS Energy Balance'!Z51:AE53,'2019 KESIS Energy Balance'!Z55:AE58,'2019 KESIS Energy Balance'!Z60:AE60,'2019 KESIS Energy Balance'!Z65:AE66) -> 2420.297 | D46: =C46/SUM($C$46:$C$48) -> 0.62041144
B47: heavy or residual oil | C47: =SUM('2019 KESIS Energy Balance'!AF51:AH53,'2019 KESIS Energy Balance'!AF55:AH58,'2019 KESIS Energy Balance'!AF60:AH60,'2019 KESIS Energy Balance'!AF65:AH66) -> 542.421 | D47: =C47/SUM($C$46:$C$48) -> 0.13904252
B48: LPG propane or butane | C48: =SUM('2019 KESIS Energy Balance'!W51:Y53,'2019 KESIS Energy Balance'!W55:Y58,'2019 KESIS Energy Balance'!W60:Y60,'2019 KESIS Energy Balance'!W65:Y66) -> 938.398 | D48: =C48/SUM($C$46:$C$48) -> 0.24054604
B50: Petroleum split (based on 2022 Energy Balance)
C51: unit: 1,000 TOE | D51: unit: %
B52: petroleum-diesel | C52: =SUM('2022 Energy Balance'!Z51:AE53,'2022 Energy Balance'!Z55:AE58,'2022 Energy Balance'!Z60:AE60,'2022 Energy Balance'!Z65:AE66) -> 2200.857 | D52: =C52/SUM($C$46:$C$48) -> 0.56416087
B53: heavy or residual oil | C53: =SUM('2022 Energy Balance'!AF51:AH53,'2022 Energy Balance'!AF55:AH58,'2022 Energy Balance'!AF60:AH60,'2022 Energy Balance'!AF65:AH66) -> 352.25 | D53: =C53/SUM($C$46:$C$48) -> 0.090294675
B54: LPG propane or butane | C54: =SUM('2022 Energy Balance'!W51:Y53,'2022 Energy Balance'!W55:Y58,'2022 Energy Balance'!W60:Y60,'2022 Energy Balance'!W65:Y66) -> 831.986 | D54: =C54/SUM($C$46:$C$48) -> 0.21326872
B55: 2019년은 개정전 에너지밸런스, 2022년은 개정에너지밸런스로 통계 집계 방식에 일부 차이 존재
B57: 농림업, 어업, 광업, 식품및담배, 섬유및가죽, 목재및나무제품, 제지및인쇄, 비금속광물, 기타제조, 건설업

Sheet Machinery Split
B2: Machinery Split
B4: Industry split by fuel (based on 2019 KEA Energy Use Survey)
C5: KESIS | D5: KEA | E5: electricity | F5: coal | G5: natural gas | H5: biomass | I5: petroleum-diesel | J5: heat | K5: crude oil | L5: heavy or residual oil | M5: LPG propane or butane | N5: hydrogen
B6: computers and electronics 26 | C6: =VLOOKUP($B6,About!$B$50:$E$74,3,0) -> EndUse>Industry>machinery | D6: =VLOOKUP($B6,About!$B$50:$E$74,4,0) -> Semiconductor manufacturing business, electronic component manufacturing business, computer and peripheral device manufacturing business, communication and broadcasting equipment manufacturing business, video and audio equipment manufacturing business | E6: =SUM(D36:H36)/SUM($D$36:$AC$36) -> 0.55477987 | F6: =SUM(D21:H21)/SUM($D$21:$AC$21) -> 0 | G6: =SUM(D33:H33)/SUM($D$33:$AC$33) -> 0.51367907 | H6: =SUM(D34:H34)/SUM($D$34:$AC$34) -> 0.9375 | I6: =SUM(D23:H25)/SUM($D$23:$AC$25) -> 0.01055409 | J6: =SUM(D35:H35)/SUM($D$35:$AC$35) -> 0.80044101 | K6: N/A | L6: =SUM(D26:H28)/SUM($D$26:$AC$28) -> 0 | M6: =SUM(D30:H31)/SUM($D$30:$AC$31) -> 0.040089087 | N6: N/A
B7: appliances and electrical equipment 27 | C7: =VLOOKUP($B7,About!$B$50:$E$74,3,0) -> EndUse>Industry>machinery | D7: =VLOOKUP($B7,About!$B$50:$E$74,4,0) -> Motor, generator and electric conversion supply control device manufacturing, primary battery and storage battery manufacturing, insulated wire and cable manufacturing, light bulb and lighting device manufacturing, household appliance manufacturing, other electrical equipment manufacturing | E7: =SUM(N36:S36)/SUM($D$36:$AC$36) -> 0.096609323 | F7: =SUM(N21:S21)/SUM($D$21:$AC$21) -> 0 | G7: =SUM(N33:S33)/SUM($D$33:$AC$33) -> 0.075580324 | H7: =SUM(N34:S34)/SUM($D$34:$AC$34) -> 0 | I7: =SUM(N23:S25)/SUM($D$23:$AC$25) -> 0.013192612 | J7: =SUM(N35:S35)/SUM($D$35:$AC$35) -> 0.1631753 | K7: N/A | L7: =SUM(N26:S28)/SUM($D$26:$AC$28) -> 0.015151515 | M7: =SUM(N30:S31)/SUM($D$30:$AC$31) -> 0.051224944 | N7: N/A
B8: other machinery 28 | C8: =VLOOKUP($B8,About!$B$50:$E$74,3,0) -> EndUse>Industry>machinery | D8: =VLOOKUP($B8,About!$B$50:$E$74,4,0) -> Magnetic and optical media manufacturing, medical equipment manufacturing, measurement, testing, navigation, control and other precision equipment manufacturing; excluding optical instruments, photographic equipment and optical equipment manufacturing, watches and watch parts manufacturing, general purpose machinery manufacturing, special purpose machinery manufacturing | E8: =SUM(I36:M36,T36:U36)/SUM($D$36:$AC$36) -> 0.15081917 | F8: =SUM(I21:M21,T21:U21)/SUM($D$21:$AC$21) -> 1 | G8: =SUM(I33:M33,T33:U33)/SUM($D$33:$AC$33) -> 0.060058954 | H8: =SUM(I34:M34,T34:U34)/SUM($D$34:$AC$34) -> 0.0625 | I8: =SUM(I23:M25,T23:U25)/SUM($D$23:$AC$25) -> 0.05408971 | J8: =SUM(I35:M35,T35:U35)/SUM($D$35:$AC$35) -> 0.0071664829 | K8: N/A | L8: =SUM(I26:M28,,T26:U28)/SUM($D$26:$AC$28) -> 0.33333333 | M8: =SUM(I30:M31,T30:U31)/SUM($D$30:$AC$31) -> 0.19376392 | N8: N/A
B9: road vehicles 29 | C9: =VLOOKUP($B9,About!$B$50:$E$74,3,0) -> EndUse>Industry>transportation equiment | D9: =VLOOKUP($B9,About!$B$50:$E$74,4,0) -> Automobile engine and automobile manufacturing business, automobile body and trailer manufacturing business, new automobile parts manufacturing business, automobile remanufactured parts manufacturing business | E9: =SUM(I37:M37,V36:Y36)/SUM($D$36:$AC$36) -> 0.1574673 | F9: =SUM(V21:Y21)/SUM($D$21:$AC$21) -> 0 | G9: =SUM(V33:Y33)/SUM($D$33:$AC$33) -> 0.31553979 | H9: =SUM(V34:Y34)/SUM($D$34:$AC$34) -> 0 | I9: =SUM(V23:Y25)/SUM($D$23:$AC$25) -> 0.46569921 | J9: =SUM(V35:Y35)/SUM($D$35:$AC$35) -> 0.0292172 | K9: N/A | L9: =SUM(V26:Y28)/SUM($D$26:$AC$28) -> 0.1010101 | M9: =SUM(V30:Y31)/SUM($D$30:$AC$31) -> 0.47216036 | N9: N/A
B10: nonroad vehicles 30 | C10: =VLOOKUP($B10,About!$B$50:$E$74,3,0) -> EndUse>Industry>transportation equiment | D10: =VLOOKUP($B10,About!$B$50:$E$74,4,0) -> Ship and boat construction business, railway equipment manufacturing business, aircraft, spaceship and parts manufacturing business, and other transportation equipment manufacturing business | E10: =SUM(Z36:AD36)/SUM($D$36:$AC$36) -> 0.040324337 | F10: =SUM(Z21:AC21)/SUM($D$21:$AC$21) -> 0 | G10: =SUM(Z33:AC33)/SUM($D$33:$AC$33) -> 0.035141857 | H10: =SUM(Z34:AC34)/SUM($D$34:$AC$34) -> 0 | I10: =SUM(Z23:AC25)/SUM($D$23:$AC$25) -> 0.45646438 | J10: =SUM(Z35:AC35)/SUM($D$35:$AC$35) -> 0 | K10: N/A | L10: =SUM(Z26:AC28)/SUM($D$26:$AC$28) -> 0.55050505 | M10: =SUM(Z30:AC31)/SUM($D$30:$AC$31) -> 0.24276169 | N10: N/A
B11: Machinery Total | E11: =SUM(E6:E10) -> 1 | F11: =SUM(F6:F10) -> 1 | G11: =SUM(G6:G10) -> 1 | H11: =SUM(H6:H10) -> 1 | I11: =SUM(I6:I10) -> 1 | J11: =SUM(J6:J10) -> 1 | K11: N/A | L11: =SUM(L6:L10) -> 1 | M11: =SUM(M6:M10) -> 1 | N11: N/A
B13: 2019 KEA Energy Use Survey
B14: ○ 출처 | C14: 한국에너지공단,「에너지사용및온실가스배출실태조사」
B15: ○ 자료다운일자 | C15: 2021.09.07 16:39
B16: ○ 통계표URL | C16: https://kosis.kr/statHtml/statHtml.do?orgId=337&tblId=DT_337_2019_H1017&conn_path=I3
B17: ○ 단위 | C17: 천toe
B18: 에너지원별(1) | C18: 에너지원별(2) | D18: 2019 | E18: 2019 | F18: 2019 | G18: 2019 | H18: 2019 | I18: 2019 | J18: 2019 | K18: 2019 | L18: 2019 | M18: 2019 | N18: 2019 | O18: 2019 | P18: 2019 | Q18: 2019 | R18: 2019 | S18: 2019 | T18: 2019 | U18: 2019 | V18: 2019 | W18: 2019 | X18: 2019 | Y18: 2019 | Z18: 2019 | AA18: 2019 | AB18: 2019 | AC18: 2019
B19: 에너지원별(1) | C19: 에너지원별(2) | D19: 반도체제조업 | E19: 전자부품제조업 | F19: 컴퓨터및주변장치제조업 | G19: 통신및방송장비제조업 | H19: 영상및음향기기제조업 | I19: 마그네틱및광학매체제조업 | J19: 의료용기기제조업 | K19: 측정,시험,항해,제어및기타정밀기기제조업;<br>광학기기제외 | L19: 사진장비및광학기기제조업 | M19: 시계및시계부품제조업 | N19: 전동기,발전기및전기변환공급제어장치제조업 | O19: 일차전지및축전지제조업 | P19: 절연선및케이블제조업 | Q19: 전구및조명장치제조업 | R19: 가정용기기제조업 | S19: 기타전기장비제조업 | T19: 일반목적용기계제조업 | U19: 특수목적용기계제조업 | V19: 자동차용엔진및자동차제조업 | W19: 자동차차체및트레일러제조업 | X19: 자동차신품부품제조업 | Y19: 자동차재제조부품제조업 | Z19: 선박및보트건조업 | AA19: 철도장비제조업 | AB19: 항공기,우주선및부품제조업 | AC19: 그외기타운송장비제조업
B20: 합계 | C20: 소계 | D20: 2812.4 | E20: 2583.3 | F20: 9.7 | G20: 105.1 | H20: 87 | I20: 2.8 | J20: 74.2 | K20: 114.9 | L20: 40.6 | M20: 0.8 | N20: 264.5 | O20: 409.6 | P20: 83 | Q20: 71.9 | R20: 99.2 | S20: 23.7 | T20: 499.3 | U20: 596.8 | V20: 699 | W20: 24 | X20: 1253.9 | Y20: 2.2 | Z20: 392.9 | AA20: 14.3 | AB20: 47.2 | AC20: 6
B21: 석탄류 | C21: 소계 | D21: - | E21: - | F21: - | G21: - | H21: - | I21: - | J21: 0.1 | K21: 0 | L21: - | M21: - | N21: 0 | O21: - | P21: - | Q21: 0 | R21: 0 | S21: - | T21: 0 | U21: 0 | V21: - | W21: - | X21: - | Y21: - | Z21: - | AA21: - | AB21: - | AC21: -
B22: 석유류 | C22: 소계 | D22: 1.7 | E22: 0.8 | F22: 0 | G22: 0.3 | H22: 0.1 | I22: - | J22: 1.4 | K22: 0.3 | L22: 0 | M22: - | N22: 0.5 | O22: 0 | P22: 1.7 | Q22: 0.5 | R22: 1.2 | S22: 0.1 | T22: 13.8 | U22: 4.4 | V22: 4.4 | W22: 0.1 | X22: 54.6 | Y22: 0.2 | Z22: 62 | AA22: 0 | AB22: 7.3 | AC22: 0
C23: 휘발유 | D23: 0 | E23: 0 | F23: 0 | G23: 0 | H23: 0 | I23: - | J23: 0 | K23: 0 | L23: - | M23: - | N23: 0 | O23: - | P23: 0 | Q23: 0 | R23: 0 | S23: 0 | T23: 0.6 | U23: 0.1 | V23: 0.6 | W23: 0 | X23: 0.1 | Y23: 0 | Z23: - | AA23: - | AB23: - | AC23: -
C24: 실내등유 | D24: 0 | E24: 0.2 | F24: 0 | G24: 0 | H24: 0 | I24: - | J24: 0.1 | K24: 0 | L24: - | M24: - | N24: 0 | O24: 0 | P24: 0.2 | Q24: 0 | R24: 0.2 | S24: 0 | T24: 0.2 | U24: 0.2 | V24: 0.6 | W24: 0 | X24: 1.4 | Y24: 0 | Z24: 0.7 | AA24: 0 | AB24: 0.1 | AC24: 0
C25: 경유 | D25: 0.2 | E25: 0.2 | F25: 0 | G25: 0.1 | H25: 0.1 | I25: - | J25: 0.1 | K25: 0.1 | L25: 0 | M25: - | N25: 0.2 | O25: 0 | P25: 0.1 | Q25: 0.1 | R25: 0.1 | S25: 0.1 | T25: 1.7 | U25: 1 | V25: 3 | W25: 0 | X25: 29.6 | Y25: 0 | Z25: 33.8 | AA25: 0 | AB25: 0 | AC25: 0
C26: 경질중유 | D26: - | E26: - | F26: - | G26: - | H26: - | I26: - | J26: - | K26: - | L26: - | M26: - | N26: - | O26: - | P26: 0.3 | Q26: - | R26: 0 | S26: - | T26: 5.4 | U26: 0 | V26: - | W26: - | X26: - | Y26: - | Z26: 10.9 | AA26: - | AB26: - | AC26: -
C27: 중유 | D27: - | E27: - | F27: - | G27: - | H27: - | I27: - | J27: - | K27: - | L27: - | M27: - | N27: - | O27: - | P27: - | Q27: - | R27: 0 | S27: - | T27: - | U27: - | V27: - | W27: - | X27: 0 | Y27: - | Z27: - | AA27: - | AB27: - | AC27: -
C28: 중질중유 | D28: - | E28: 0 | F28: - | G28: 0 | H28: - | I28: - | J28: - | K28: 0 | L28: 0 | M28: - | N28: 0 | O28: - | P28: - | Q28: 0 | R28: - | S28: 0 | T28: 0.9 | U28: 0.3 | V28: - | W28: - | X28: 2 | Y28: - | Z28: - | AA28: 0 | AB28: - | AC28: -
C29: 납사 | D29: - | E29: - | F29: - | G29: - | H29: - | I29: - | J29: - | K29: - | L29: - | M29: - | N29: - | O29: - | P29: - | Q29: - | R29: - | S29: - | T29: - | U29: - | V29: - | W29: - | X29: 0.2 | Y29: - | Z29: - | AA29: - | AB29: - | AC29: -
C30: 프로판 | D30: 1.5 | E30: 0.1 | F30: 0 | G30: 0 | H30: - | I30: - | J30: 1.2 | K30: 0.1 | L30: 0 | M30: - | N30: 0.1 | O30: - | P30: 1.1 | Q30: 0.3 | R30: 0.6 | S30: 0 | T30: 4.2 | U30: 2.6 | V30: 0.2 | W30: 0.1 | X30: 20 | Y30: 0.2 | Z30: 8.4 | AA30: 0 | AB30: 0 | AC30: 0
C31: 부탄 | D31: - | E31: - | F31: - | G31: 0.2 | H31: 0 | I31: - | J31: 0 | K31: 0 | L31: 0 | M31: - | N31: 0.2 | O31: - | P31: 0 | Q31: 0 | R31: 0 | S31: 0 | T31: 0.6 | U31: 0 | V31: 0.1 | W31: 0 | X31: 0.6 | Y31: 0 | Z31: 2.5 | AA31: 0 | AB31: 0 | AC31: -
C32: 기타석유 | D32: - | E32: 0.3 | F32: - | G32: - | H32: - | I32: - | J32: - | K32: - | L32: - | M32: - | N32: 0 | O32: - | P32: 0 | Q32: 0.1 | R32: 0.3 | S32: - | T32: 0.1 | U32: 0.2 | V32: - | W32: - | X32: 1 | Y32: - | Z32: 5.7 | AA32: - | AB32: 7.1 | AC32: -
B33: 도시가스 | C33: 소계 | D33: 366.4 | E33: 719.4 | F33: 0.1 | G33: 8.9 | H33: 20.5 | I33: 0 | J33: 0.4 | K33: 41.9 | L33: 7.1 | M33: 0 | N33: 28 | O33: 112.4 | P33: 5.9 | Q33: 0.6 | R33: 16.2 | S33: 1 | T33: 46.8 | U33: 34.2 | V33: 384.2 | W33: 0.3 | X33: 300.4 | Y33: 0.2 | Z33: 62.7 | AA33: 3.4 | AB33: 9.3 | AC33: 0.9
B34: 기타연료 | C34: 소계 | D34: 3 | E34: - | F34: - | G34: - | H34: - | I34: - | J34: 0 | K34: 0.2 | L34: - | M34: - | N34: 0 | O34: - | P34: - | Q34: - | R34: 0 | S34: - | T34: - | U34: 0 | V34: - | W34: - | X34: - | Y34: - | Z34: - | AA34: - | AB34: - | AC34: -
B35: 열에너지 | C35: 소계 | D35: 80.6 | E35: 59.3 | F35: - | G35: 4.2 | H35: 1.1 | I35: - | J35: - | K35: - | L35: - | M35: - | N35: 2 | O35: 24.7 | P35: 0.3 | Q35: 0 | R35: 2.6 | S35: - | T35: 0.8 | U35: 0.5 | V35: 4.6 | W35: - | X35: 0.7 | Y35: - | Z35: - | AA35: 0 | AB35: - | AC35: -
B36: 전력 | C36: 소계 | D36: 2360.7 | E36: 1803.7 | F36: 9.5 | G36: 91.7 | H36: 65.4 | I36: 2.8 | J36: 72.3 | K36: 72.5 | L36: 33.5 | M36: 0.8 | N36: 234 | O36: 272.5 | P36: 75.1 | Q36: 70.9 | R36: 79.1 | S36: 22.6 | T36: 437.9 | U36: 557.6 | V36: 305.8 | W36: 23.5 | X36: 898.2 | Y36: 1.8 | Z36: 268.3 | AA36: 10.9 | AB36: 30.6 | AC36: 5
B38: Petroleum split (based on 2019 Energy Balance)
C39: unit: 1,000 TOE | D39: unit: %
B40: petroleum-diesel | C40: =SUM('2019 KESIS Energy Balance'!Z63:AE64) -> 162.25 | D40: =C40/SUM($C$40:$C$42) -> 0.53352756
B41: heavy or residual oil | C41: =SUM('2019 KESIS Energy Balance'!AF63:AH64) -> 84.221 | D41: =C41/SUM($C$40:$C$42) -> 0.27694438
B42: LPG propane or butane | C42: =SUM('2019 KESIS Energy Balance'!W63:Y64) -> 57.637 | D42: =C42/SUM($C$40:$C$42) -> 0.18952806
B44: Petroleum split (based on 2022 Energy Balance)
C45: unit: 1,000 TOE | D45: unit: %
B46: petroleum-diesel | C46: =SUM('2022 Energy Balance'!Z63:AE64) -> 169.169 | D46: =C46/SUM($C$40:$C$42) -> 0.55627935
B47: heavy or residual oil | C47: =SUM('2022 Energy Balance'!AF63:AH64) -> 103.831 | D47: =C47/SUM($C$40:$C$42) -> 0.34142805
B48: LPG propane or butane | C48: =SUM('2022 Energy Balance'!W63:Y64) -> 52.103 | D48: =C48/SUM($C$40:$C$42) -> 0.17133058

Sheet Water and Waste
B2: 2018 폐기물처리사업장 에너지원별 비율 추정 (출처: 환경부, 한국환경공단 2018)
C4: 에너지집약도(TOE/천톤) | D4: 처리량(천톤) | E4: 처리량(%) | F4: 에너지사용량(TOE) | G4: 전력 | H4: 경유 | I4: LNG | J4: 기타
B5: 소각시설 | C5: 20.6 | D5: 4569 | E5: =D5/$D$24 -> 0.27649017 | F5: =C5*D5 -> 94121.4 | G5: 0 | H5: 0 | I5: 1 | J5: 0 | K5: 추정
B6: 48톤/일 이상 | C6: 19.4
B7: 48톤/일 미만 | C7: 35
B8: 회분식 | C8: 62.6
B9: 매립시설 | C9: 1.9 | D9: 6742 | E9: =D9/$D$24 -> 0.4079879 | F9: =C9*D9 -> 12809.8 | G9: 0.75 | H9: 0.25 | I9: 0 | J9: 0
B10: 20만m2 이상 | C10: 1.7 | F10: =C10*E10 -> 0 | G10: 0.75 | H10: 0.25 | I10: 0 | J10: 0
B11: 20만m2 미만 | C11: 9.6 | F11: =C11*E11 -> 0 | G11: 0.75 | H11: 0.25 | I11: 0 | J11: 0
B12: 생활자원회수센터 | C12: 9.5 | D12: 1019 | E12: =D12/$D$24 -> 0.061664145 | F12: =C12*D12 -> 9680.5 | G12: =G13*($C12-$C13)/($C14-$C13)+G14*($C14-$C12)/($C14-$C13) -> 0.84125 | H12: =H13*($C12-$C13)/($C14-$C13)+H14*($C14-$C12)/($C14-$C13) -> 0.13875 | I12: =I13*($C12-$C13)/($C14-$C13)+I14*($C14-$C12)/($C14-$C13) -> 0.001875 | J12: =J13*($C12-$C13)/($C14-$C13)+J14*($C14-$C12)/($C14-$C13) -> 0.018125
B13: 20톤/일 이상 | C13: 8.6 | F13: =C13*E13 -> 0 | G13: 0.76 | H13: 0.22 | I13: 0.01 | J13: 0.01
B14: 20톤/일 미만 | C14: 13.4 | F14: =C14*E14 -> 0 | G14: 0.86 | H14: 0.12 | I14: 0 | J14: 0.02
B15: 음식물폐기물 | C15: 24.1 | D15: 2019 | E15: =D15/$D$24 -> 0.12217852 | F15: =C15*D15 -> 48657.9 | G15: =G16*($C15-$C16)/($C17-$C16)+G17*($C17-$C15)/($C17-$C16) -> 0.74681818 | H15: =H16*($C15-$C16)/($C17-$C16)+H17*($C17-$C15)/($C17-$C16) -> 0 | I15: =I16*($C15-$C16)/($C17-$C16)+I17*($C17-$C15)/($C17-$C16) -> 0.25318182 | J15: =J16*($C15-$C16)/($C17-$C16)+J17*($C17-$C15)/($C17-$C16) -> 0 | K15: 추정
B16: 30톤/일 이상 | C16: 24.4 | F16: =C16*E16 -> 0 | G16: =1-I16 -> 0.43 | H16: 0 | I16: 0.57 | J16: 0
B17: 30톤/일 미만 | C17: 20 | F17: =C17*E17 -> 0 | G17: 0.77 | H17: 0 | I17: =1-G17 -> 0.23 | J17: 0
B18: 가연성폐기물 연료화 | C18: 24 | D18: 777 | E18: =D18/$D$24 -> 0.047019667 | F18: =C18*D18 -> 18648 | G18: =G12 -> 0.84125 | H18: =H12 -> 0.13875 | I18: =I12 -> 0.001875 | J18: =J12 -> 0.018125 | K18: 생활자원회수센터와 같은 것으로 가정
B19: 100톤/일 이상 | C19: 21.6 | F19: =C19*E19 -> 0
B20: 100톤/일 미만 | C20: 58.3 | F20: =C20*E20 -> 0
B21: 유기성폐기물 바이오가스화 | C21: 11 | D21: 1399 | E21: =D21/$D$24 -> 0.084659607 | F21: =C21*D21 -> 15389 | G21: =G15 -> 0.74681818 | H21: =H15 -> 0 | I21: =I15 -> 0.25318182 | J21: =J15 -> 0 | K21: 음식물폐기물처리와 같은 것으로 가정
B22: 100톤/일 이상 | C22: 10.6 | F22: =C22*E22 -> 0
B23: 100톤/일 미만 | C23: 16 | F23: =C23*E23 -> 0
B24: Total | D24: =SUM(D5,D9,D12,D15,D18,D21) -> 16525 | G24: =($F$5*G5+$F$9*G9+$F$12*G12+$F$15*G15+$F$18*G18+$F$21*G21)/SUM($F$5,$F$9,$F$12,$F$15,$F$18,$F$21) -> 0.40776417 | H24: =($F$5*H5+$F$9*H9+$F$12*H12+$F$15*H15+$F$18*H18+$F$21*H21)/SUM($F$5,$F$9,$F$12,$F$15,$F$18,$F$21) -> 0.035789228 | I24: =($F$5*I5+$F$9*I9+$F$12*I12+$F$15*I15+$F$18*I18+$F$21*I21)/SUM($F$5,$F$9,$F$12,$F$15,$F$18,$F$21) -> 0.5538704 | J24: =($F$5*J5+$F$9*J9+$F$12*J12+$F$15*J15+$F$18*J18+$F$21*J21)/SUM($F$5,$F$9,$F$12,$F$15,$F$18,$F$21) -> 0.002576202
B26: 2018 폐기물/하수처리업 에너지총사용량 (출처: 에너지공단, 2019)
B28: 천TOE | C28: 250.2
B29: BTU | C29: =C28*About!$C$89/1000 -> 9922098411162
B31: 2018 전체 폐기물/하수처리업 원별 에너지지사용량 추정(BTU)
C33: 전력 | D33: 경유 | E33: LNG | F33: 기타
C34: =$C$29*G24 -> 4.0458762e+12 | D34: =$C$29*H24 -> 3.5510424e+11 | E34: =$C$29*I24 -> 5.4955566e+12 | F34: =$C$29*J24 -> 2.556133e+10
B36: 인구전망 (출처: 통계청, 2020)
C38: 2018 | D38: 2019 | E38: 2020 | F38: 2021 | G38: 2022 | H38: 2023 | I38: 2024 | J38: 2025 | K38: 2026 | L38: 2027 | M38: 2028 | N38: 2029 | O38: 2030 | P38: 2031 | Q38: 2032 | R38: 2033 | S38: 2034 | T38: 2035 | U38: 2036 | V38: 2037 | W38: 2038 | X38: 2039 | Y38: 2040 | Z38: 2041 | AA38: 2042 | AB38: 2043 | AC38: 2044 | AD38: 2045 | AE38: 2046 | AF38: 2047 | AG38: 2048 | AH38: 2049 | AI38: 2050
B39: (천명) | C39: 51607 | D39: 51658.607 | E39: 51710.266 | F39: 51761.976 | G39: 51813.738 | H39: 51865.552 | I39: 51917.417 | J39: 51969.335 | K39: 52021.304 | L39: 52073.325 | M39: 52125.399 | N39: 52177.524 | O39: 52229.701 | P39: 52281.931 | Q39: 52334.213 | R39: 52386.547 | S39: 52438.934 | T39: 52491.373 | U39: 52543.864 | V39: 52596.408 | W39: 52649.004 | X39: 52701.653 | Y39: 52754.355 | Z39: 52490.583 | AA39: 52228.13 | AB39: 51966.99 | AC39: 51707.155 | AD39: 51448.619 | AE39: 51191.376 | AF39: 50935.419 | AG39: 50680.742 | AH39: 50427.338 | AI39: 50175.202
B40: %YoY | D40: =D39/C39-1 -> 0.001 | E40: =E39/D39-1 -> 0.001 | F40: =F39/E39-1 -> 0.001 | G40: =G39/F39-1 -> 0.001 | H40: =H39/G39-1 -> 0.001 | I40: =I39/H39-1 -> 0.001 | J40: =J39/I39-1 -> 0.001 | K40: =K39/J39-1 -> 0.001 | ... AI40: =AI39/AH39-1 -> -0.005

Sheet CHP
A1: https://www.iea.org/data-and-statistics/data-tables?country | B1: KOREA&energy | C1: Balances&year | D1: 2019
B3: Coal | C3: Oil products | D3: Natural gas | E3: Biofuels and waste | G3: Electricity Produced
A4: CHP plants (TJ) | B4: 229305 | C4: 57226 | D4: 381380 | E4: 20813 | G4: 242421
A5: CHP plants (BTU) | B5: =B4*$B$7 -> 217339177185000 | C5: =C4*$B$7 -> 54239775642000 | D5: =D4*$B$7 -> 361478447460000 | E5: =E4*$B$7 -> 19726915221000 | G5: =G4*$B$7 -> 229770744957000
A7: BTU per TJ | B7: =947817000 -> 947817000
A9: Electricity Consumption by Industry
B10: 2020 | C10: 2021 | D10: 2022 | E10: 2023 | F10: 2024 | G10: 2025 | H10: 2026 | I10: 2027 | J10: 2028 | K10: 2029 | L10: 2030 | M10: 2031 | N10: 2032 | O10: 2033 | P10: 2034 | Q10: 2035 | R10: 2036 | S10: 2037 | T10: 2038 | U10: 2039 | V10: 2040 | W10: 2041 | X10: 2042 | Y10: 2043 | Z10: 2044 | AA10: 2045 | AB10: 2046 | AC10: 2047 | AD10: 2048 | AE10: 2049 | AF10: 2050
A11: agriculture and forestry 01T03 | B11: ='BIFUbC-electricity'!B2 -> 5.4056672e+13 | C11: ='BIFUbC-electricity'!C2 -> 5.6043161e+13 | D11: ='BIFUbC-electricity'!D2 -> 5.8029651e+13 | E11: ='BIFUbC-electricity'!E2 -> 6.001614e+13 | F11: ='BIFUbC-electricity'!F2 -> 6.2002629e+13 | G11: ='BIFUbC-electricity'!G2 -> 6.3989119e+13 | H11: ='BIFUbC-electricity'!H2 -> 6.4504455e+13 | I11: ='BIFUbC-electricity'!I2 -> 6.501979e+13 | ... AF11: ='BIFUbC-electricity'!AF2 -> 7.1244773e+13
A12: coal mining 05 | B12: ='BIFUbC-electricity'!B3 -> 0 | C12: ='BIFUbC-electricity'!C3 -> 0 | D12: ='BIFUbC-electricity'!D3 -> 0 | E12: ='BIFUbC-electricity'!E3 -> 0 | F12: ='BIFUbC-electricity'!F3 -> 0 | G12: ='BIFUbC-electricity'!G3 -> 0 | H12: ='BIFUbC-electricity'!H3 -> 0 | I12: ='BIFUbC-electricity'!I3 -> 0 | ... AF12: ='BIFUbC-electricity'!AF3 -> 0
A13: oil and gas extraction 06 | B13: ='BIFUbC-electricity'!B4 -> 0 | C13: ='BIFUbC-electricity'!C4 -> 0 | D13: ='BIFUbC-electricity'!D4 -> 0 | E13: ='BIFUbC-electricity'!E4 -> 0 | F13: ='BIFUbC-electricity'!F4 -> 0 | G13: ='BIFUbC-electricity'!G4 -> 0 | H13: ='BIFUbC-electricity'!H4 -> 0 | I13: ='BIFUbC-electricity'!I4 -> 0 | ... AF13: ='BIFUbC-electricity'!AF4 -> 0
A14: other mining and quarrying 07T08 | B14: ='BIFUbC-electricity'!B5 -> 4.6623394e+12 | C14: ='BIFUbC-electricity'!C5 -> 4.8336723e+12 | D14: ='BIFUbC-electricity'!D5 -> 5.0050053e+12 | E14: ='BIFUbC-electricity'!E5 -> 5.1763382e+12 | F14: ='BIFUbC-electricity'!F5 -> 5.3476711e+12 | G14: ='BIFUbC-electricity'!G5 -> 5.5190041e+12 | H14: ='BIFUbC-electricity'!H5 -> 5.5634513e+12 | I14: ='BIFUbC-electricity'!I5 -> 5.6078985e+12 | ... AF14: ='BIFUbC-electricity'!AF5 -> 6.1447977e+12
A15: food beverage and tobacco 10T12 | B15: ='BIFUbC-electricity'!B6 -> 4.282628e+13 | C15: ='BIFUbC-electricity'!C6 -> 4.4400072e+13 | D15: ='BIFUbC-electricity'!D6 -> 4.5973864e+13 | E15: ='BIFUbC-electricity'!E6 -> 4.7547656e+13 | F15: ='BIFUbC-electricity'!F6 -> 4.9121448e+13 | G15: ='BIFUbC-electricity'!G6 -> 5.069524e+13 | H15: ='BIFUbC-electricity'!H6 -> 5.1103514e+13 | I15: ='BIFUbC-electricity'!I6 -> 5.1511787e+13 | ... AF15: ='BIFUbC-electricity'!AF6 -> 5.6443516e+13
A16: textiles apparel and leather 13T15 | B16: ='BIFUbC-electricity'!B7 -> 3.2269617e+13 | C16: ='BIFUbC-electricity'!C7 -> 3.345547e+13 | D16: ='BIFUbC-electricity'!D7 -> 3.4641323e+13 | E16: ='BIFUbC-electricity'!E7 -> 3.5827176e+13 | F16: ='BIFUbC-electricity'!F7 -> 3.7013029e+13 | G16: ='BIFUbC-electricity'!G7 -> 3.8198881e+13 | H16: ='BIFUbC-electricity'!H7 -> 3.8506515e+13 | I16: ='BIFUbC-electricity'!I7 -> 3.881415e+13 | ... AF16: ='BIFUbC-electricity'!AF7 -> 4.2530209e+13
A17: wood products 16 | B17: ='BIFUbC-electricity'!B8 -> 5.4184131e+12 | C17: ='BIFUbC-electricity'!C8 -> 5.6175304e+12 | D17: ='BIFUbC-electricity'!D8 -> 5.8166478e+12 | E17: ='BIFUbC-electricity'!E8 -> 6.0157651e+12 | F17: ='BIFUbC-electricity'!F8 -> 6.2148824e+12 | G17: ='BIFUbC-electricity'!G8 -> 6.4139998e+12 | H17: ='BIFUbC-electricity'!H8 -> 6.4656548e+12 | I17: ='BIFUbC-electricity'!I8 -> 6.5173099e+12 | ... AF17: ='BIFUbC-electricity'!AF8 -> 7.1412759e+12
A18: pulp paper and printing 17T18 | B18: ='BIFUbC-electricity'!B9 -> 3.0934039e+13 | C18: ='BIFUbC-electricity'!C9 -> 3.2070811e+13 | D18: ='BIFUbC-electricity'!D9 -> 3.3207584e+13 | E18: ='BIFUbC-electricity'!E9 -> 3.4344356e+13 | F18: ='BIFUbC-electricity'!F9 -> 3.5481129e+13 | G18: ='BIFUbC-electricity'!G9 -> 3.6617901e+13 | H18: ='BIFUbC-electricity'!H9 -> 3.6912803e+13 | I18: ='BIFUbC-electricity'!I9 -> 3.7207705e+13 | ... AF18: ='BIFUbC-electricity'!AF9 -> 4.0769964e+13
A19: refined petroleum and coke 19 | B19: ='BIFUbC-electricity'!B10 -> 0 | C19: ='BIFUbC-electricity'!C10 -> 0 | D19: ='BIFUbC-electricity'!D10 -> 0 | E19: ='BIFUbC-electricity'!E10 -> 0 | F19: ='BIFUbC-electricity'!F10 -> 0 | G19: ='BIFUbC-electricity'!G10 -> 0 | H19: ='BIFUbC-electricity'!H10 -> 0 | I19: ='BIFUbC-electricity'!I10 -> 0 | ... AF19: ='BIFUbC-electricity'!AF10 -> 0
A20: chemicals 20 | B20: ='BIFUbC-electricity'!B11 -> 1.1195508e+14 | C20: ='BIFUbC-electricity'!C11 -> 1.0055976e+14 | D20: ='BIFUbC-electricity'!D11 -> 9.5645412e+13 | E20: ='BIFUbC-electricity'!E11 -> 8.9850146e+13 | F20: ='BIFUbC-electricity'!F11 -> 8.7643298e+13 | G20: ='BIFUbC-electricity'!G11 -> 8.668972e+13 | H20: ='BIFUbC-electricity'!H11 -> 8.5594904e+13 | I20: ='BIFUbC-electricity'!I11 -> 8.4360319e+13 | ... AF20: ='BIFUbC-electricity'!AF11 -> 7.5810118e+13
A21: rubber and plastic products 22 | B21: ='BIFUbC-electricity'!B12 -> 9.0826798e+13 | C21: ='BIFUbC-electricity'!C12 -> 8.1582013e+13 | D21: ='BIFUbC-electricity'!D12 -> 7.759511e+13 | E21: ='BIFUbC-electricity'!E12 -> 7.2893533e+13 | F21: ='BIFUbC-electricity'!F12 -> 7.1103163e+13 | G21: ='BIFUbC-electricity'!G12 -> 7.0329545e+13 | H21: ='BIFUbC-electricity'!H12 -> 6.9441344e+13 | I21: ='BIFUbC-electricity'!I12 -> 6.8439751e+13 | ... AF21: ='BIFUbC-electricity'!AF12 -> 6.1503153e+13
A22: glass and glass products 231 | B22: ='BIFUbC-electricity'!B13 -> 1.0404035e+13 | C22: ='BIFUbC-electricity'!C13 -> 1.0786365e+13 | D22: ='BIFUbC-electricity'!D13 -> 1.1168696e+13 | E22: ='BIFUbC-electricity'!E13 -> 1.1551026e+13 | F22: ='BIFUbC-electricity'!F13 -> 1.1933357e+13 | G22: ='BIFUbC-electricity'!G13 -> 1.2315687e+13 | H22: ='BIFUbC-electricity'!H13 -> 1.2414871e+13 | I22: ='BIFUbC-electricity'!I13 -> 1.2514055e+13 | ... AF22: ='BIFUbC-electricity'!AF13 -> 1.3712149e+13
... A35: construction 41T43 | B35: ='BIFUbC-electricity'!B26 -> 3.0366447e+10 | C35: ='BIFUbC-electricity'!C26 -> 3.1482362e+10 | D35: ='BIFUbC-electricity'!D26 -> 3.2598277e+10 | E35: ='BIFUbC-electricity'!E26 -> 3.3714191e+10 | F35: ='BIFUbC-electricity'!F26 -> 3.4830106e+10 | G35: ='BIFUbC-electricity'!G26 -> 3.594602e+10 | H35: ='BIFUbC-electricity'!H26 -> 3.6235511e+10 | I35: ='BIFUbC-electricity'!I26 -> 3.6525002e+10 | ... AF35: ='BIFUbC-electricity'!AF26 -> 4.0021899e+10
A37: CHP Fuel Use Allocated by Industry - Coal
B38: 2020 | C38: 2021 | D38: 2022 | E38: 2023 | F38: 2024 | G38: 2025 | H38: 2026 | I38: 2027 | J38: 2028 | K38: 2029 | L38: 2030 | M38: 2031 | N38: 2032 | O38: 2033 | P38: 2034 | Q38: 2035 | R38: 2036 | S38: 2037 | T38: 2038 | U38: 2039 | V38: 2040 | W38: 2041 | X38: 2042 | Y38: 2043 | Z38: 2044 | AA38: 2045 | AB38: 2046 | AC38: 2047 | AD38: 2048 | AE38: 2049 | AF38: 2050
A39: agriculture and forestry 01T03 | B39: =B$5*$B11/SUM($B$11:$B$35) -> 1.3014714e+13 | C39: =IFERROR($B39*C11/$B11,0) -> 1.3492982e+13 | D39: =IFERROR($B39*D11/$B11,0) -> 1.397125e+13 | E39: =IFERROR($B39*E11/$B11,0) -> 1.4449519e+13 | F39: =IFERROR($B39*F11/$B11,0) -> 1.4927787e+13 | G39: =IFERROR($B39*G11/$B11,0) -> 1.5406055e+13 | H39: =IFERROR($B39*H11/$B11,0) -> 1.5530128e+13 | I39: =IFERROR($B39*I11/$B11,0) -> 1.56542e+13 | J39: =IFERROR($B39*J11/$B11,0) -> 1.5778273e+13 | ... AF39: =IFERROR($B39*AF11/$B11,0) -> 1.715293e+13
A40: coal mining 05 | B40: =B$5*$B12/SUM($B$11:$B$35) -> 0 | C40: =IFERROR($B40*C12/$B12,0) -> 0 | D40: =IFERROR($B40*D12/$B12,0) -> 0 | E40: =IFERROR($B40*E12/$B12,0) -> 0 | F40: =IFERROR($B40*F12/$B12,0) -> 0 | G40: =IFERROR($B40*G12/$B12,0) -> 0 | H40: =IFERROR($B40*H12/$B12,0) -> 0 | I40: =IFERROR($B40*I12/$B12,0) -> 0 | J40: =IFERROR($B40*J12/$B12,0) -> 0 | ... AF40: =IFERROR($B40*AF12/$B12,0) -> 0
A41: oil and gas extraction 06 | B41: =B$5*$B13/SUM($B$11:$B$35) -> 0 | C41: =IFERROR($B41*C13/$B13,0) -> 0 | D41: =IFERROR($B41*D13/$B13,0) -> 0 | E41: =IFERROR($B41*E13/$B13,0) -> 0 | F41: =IFERROR($B41*F13/$B13,0) -> 0 | G41: =IFERROR($B41*G13/$B13,0) -> 0 | H41: =IFERROR($B41*H13/$B13,0) -> 0 | I41: =IFERROR($B41*I13/$B13,0) -> 0 | J41: =IFERROR($B41*J13/$B13,0) -> 0 | ... AF41: =IFERROR($B41*AF13/$B13,0) -> 0
A42: other mining and quarrying 07T08 | B42: =B$5*$B14/SUM($B$11:$B$35) -> 1.1225074e+12 | C42: =IFERROR($B42*C14/$B14,0) -> 1.1637576e+12 | D42: =IFERROR($B42*D14/$B14,0) -> 1.2050078e+12 | E42: =IFERROR($B42*E14/$B14,0) -> 1.246258e+12 | F42: =IFERROR($B42*F14/$B14,0) -> 1.2875082e+12 | G42: =IFERROR($B42*G14/$B14,0) -> 1.3287584e+12 | H42: =IFERROR($B42*H14/$B14,0) -> 1.3394596e+12 | I42: =IFERROR($B42*I14/$B14,0) -> 1.3501607e+12 | J42: =IFERROR($B42*J14/$B14,0) -> 1.3608619e+12 | ... AF42: =IFERROR($B42*AF14/$B14,0) -> 1.4794249e+12
A43: food beverage and tobacco 10T12 | B43: =B$5*$B15/SUM($B$11:$B$35) -> 1.0310879e+13 | C43: =IFERROR($B43*C15/$B15,0) -> 1.0689786e+13 | D43: =IFERROR($B43*D15/$B15,0) -> 1.1068693e+13 | E43: =IFERROR($B43*E15/$B15,0) -> 1.14476e+13 | F43: =IFERROR($B43*F15/$B15,0) -> 1.1826507e+13 | G43: =IFERROR($B43*G15/$B15,0) -> 1.2205414e+13 | H43: =IFERROR($B43*H15/$B15,0) -> 1.230371e+13 | I43: =IFERROR($B43*I15/$B15,0) -> 1.2402006e+13 | J43: =IFERROR($B43*J15/$B15,0) -> 1.2500302e+13 | ... AF43: =IFERROR($B43*AF15/$B15,0) -> 1.3589372e+13
A44: textiles apparel and leather 13T15 | B44: =B$5*$B16/SUM($B$11:$B$35) -> 7.7692508e+12 | C44: =IFERROR($B44*C16/$B16,0) -> 8.0547573e+12 | D44: =IFERROR($B44*D16/$B16,0) -> 8.3402639e+12 | E44: =IFERROR($B44*E16/$B16,0) -> 8.6257704e+12 | F44: =IFERROR($B44*F16/$B16,0) -> 8.911277e+12 | G44: =IFERROR($B44*G16/$B16,0) -> 9.1967836e+12 | H44: =IFERROR($B44*H16/$B16,0) -> 9.2708498e+12 | I44: =IFERROR($B44*I16/$B16,0) -> 9.3449159e+12 | J44: =IFERROR($B44*J16/$B16,0) -> 9.4189821e+12 | ... AF44: =IFERROR($B44*AF16/$B16,0) -> 1.0239596e+13
A45: wood products 16 | B45: =B$5*$B17/SUM($B$11:$B$35) -> 1.3045401e+12 | C45: =IFERROR($B45*C17/$B17,0) -> 1.3524797e+12 | D45: =IFERROR($B45*D17/$B17,0) -> 1.4004193e+12 | E45: =IFERROR($B45*E17/$B17,0) -> 1.4483589e+12 | F45: =IFERROR($B45*F17/$B17,0) -> 1.4962985e+12 | G45: =IFERROR($B45*G17/$B17,0) -> 1.5442381e+12 | H45: =IFERROR($B45*H17/$B17,0) -> 1.5566746e+12 | I45: =IFERROR($B45*I17/$B17,0) -> 1.5691111e+12 | J45: =IFERROR($B45*J17/$B17,0) -> 1.5815476e+12 | ... AF45: =IFERROR($B45*AF17/$B17,0) -> 1.7193375e+12
A46: pulp paper and printing 17T18 | B46: =B$5*$B18/SUM($B$11:$B$35) -> 7.4476961e+12 | C46: =IFERROR($B46*C18/$B18,0) -> 7.721386e+12 | D46: =IFERROR($B46*D18/$B18,0) -> 7.995076e+12 | E46: =IFERROR($B46*E18/$B18,0) -> 8.268766e+12 | F46: =IFERROR($B46*F18/$B18,0) -> 8.542456e+12 | G46: =IFERROR($B46*G18/$B18,0) -> 8.816146e+12 | H46: =IFERROR($B46*H18/$B18,0) -> 8.8871467e+12 | I46: =IFERROR($B46*I18/$B18,0) -> 8.9581474e+12 | J46: =IFERROR($B46*J18/$B18,0) -> 9.0291481e+12 | ... AF46: =IFERROR($B46*AF18/$B18,0) -> 9.8157988e+12
A47: refined petroleum and coke 19 | B47: =B$5*$B19/SUM($B$11:$B$35) -> 0 | C47: =IFERROR($B47*C19/$B19,0) -> 0 | D47: =IFERROR($B47*D19/$B19,0) -> 0 | E47: =IFERROR($B47*E19/$B19,0) -> 0 | F47: =IFERROR($B47*F19/$B19,0) -> 0 | G47: =IFERROR($B47*G19/$B19,0) -> 0 | H47: =IFERROR($B47*H19/$B19,0) -> 0 | I47: =IFERROR($B47*I19/$B19,0) -> 0 | J47: =IFERROR($B47*J19/$B19,0) -> 0 | ... AF47: =IFERROR($B47*AF19/$B19,0) -> 0
A48: chemicals 20 | B48: =B$5*$B20/SUM($B$11:$B$35) -> 2.6954366e+13 | C48: =IFERROR($B48*C20/$B20,0) -> 2.4210822e+13 | D48: =IFERROR($B48*D20/$B20,0) -> 2.3027642e+13 | E48: =IFERROR($B48*E20/$B20,0) -> 2.163237e+13 | F48: =IFERROR($B48*F20/$B20,0) -> 2.1101048e+13 | G48: =IFERROR($B48*G20/$B20,0) -> 2.0871465e+13 | H48: =IFERROR($B48*H20/$B20,0) -> 2.0607876e+13 | I48: =IFERROR($B48*I20/$B20,0) -> 2.0310637e+13 | J48: =IFERROR($B48*J20/$B20,0) -> 1.9977492e+13 | ... AF48: =IFERROR($B48*AF20/$B20,0) -> 1.8252085e+13
A49: rubber and plastic products 22 | B49: =B$5*$B21/SUM($B$11:$B$35) -> 2.186751e+13 | C49: =IFERROR($B49*C21/$B21,0) -> 1.964173e+13 | D49: =IFERROR($B49*D21/$B21,0) -> 1.8681841e+13 | E49: =IFERROR($B49*E21/$B21,0) -> 1.7549887e+13 | F49: =IFERROR($B49*F21/$B21,0) -> 1.7118836e+13 | G49: =IFERROR($B49*G21/$B21,0) -> 1.693258e+13 | H49: =IFERROR($B49*H21/$B21,0) -> 1.6718736e+13 | I49: =IFERROR($B49*I21/$B21,0) -> 1.6477592e+13 | J49: =IFERROR($B49*J21/$B21,0) -> 1.6207319e+13 | ... AF49: =IFERROR($B49*AF21/$B21,0) -> 1.4807533e+13
A50: glass and glass products 231 | B50: =B$5*$B22/SUM($B$11:$B$35) -> 2.5048812e+12 | C50: =IFERROR($B50*C22/$B22,0) -> 2.5969313e+12 | D50: =IFERROR($B50*D22/$B22,0) -> 2.6889813e+12 | E50: =IFERROR($B50*E22/$B22,0) -> 2.7810314e+12 | F50: =IFERROR($B50*F22/$B22,0) -> 2.8730815e+12 | G50: =IFERROR($B50*G22/$B22,0) -> 2.9651315e+12 | H50: =IFERROR($B50*H22/$B22,0) -> 2.9890112e+12 | I50: =IFERROR($B50*I22/$B22,0) -> 3.0128908e+12 | J50: =IFERROR($B50*J22/$B22,0) -> 3.0367705e+12 | ... AF50: =IFERROR($B50*AF22/$B22,0) -> 3.3013444e+12
... A63: construction 41T43 | B63: =B$5*$B35/SUM($B$11:$B$35) -> 7.3110425e+09 | C63: =IFERROR($B63*C35/$B35,0) -> 7.5797107e+09 | D63: =IFERROR($B63*D35/$B35,0) -> 7.8483789e+09 | E63: =IFERROR($B63*E35/$B35,0) -> 8.1170471e+09 | F63: =IFERROR($B63*F35/$B35,0) -> 8.3857153e+09 | G63: =IFERROR($B63*G35/$B35,0) -> 8.6543836e+09 | H63: =IFERROR($B63*H35/$B35,0) -> 8.7240815e+09 | I63: =IFERROR($B63*I35/$B35,0) -> 8.7937795e+09 | J63: =IFERROR($B63*J35/$B35,0) -> 8.8634775e+09 | ... AF63: =IFERROR($B63*AF35/$B35,0) -> 9.6356943e+09
A65: CHP Fuel Use Allocated by Industry - Petroleum
B66: 2020 | C66: 2021 | D66: 2022 | E66: 2023 | F66: 2024 | G66: 2025 | H66: 2026 | I66: 2027 | J66: 2028 | K66: 2029 | L66: 2030 | M66: 2031 | N66: 2032 | O66: 2033 | P66: 2034 | Q66: 2035 | R66: 2036 | S66: 2037 | T66: 2038 | U66: 2039 | V66: 2040 | W66: 2041 | X66: 2042 | Y66: 2043 | Z66: 2044 | AA66: 2045 | AB66: 2046 | AC66: 2047 | AD66: 2048 | AE66: 2049 | AF66: 2050
A67: agriculture and forestry 01T03 | B67: =C$5*$B11/SUM($B$11:$B$35) -> 3.2479886e+12 | C67: =IFERROR($B67*C11/$B11,0) -> 3.3673465e+12 | D67: =IFERROR($B67*D11/$B11,0) -> 3.4867045e+12 | E67: =IFERROR($B67*E11/$B11,0) -> 3.6060625e+12 | F67: =IFERROR($B67*F11/$B11,0) -> 3.7254205e+12 | G67: =IFERROR($B67*G11/$B11,0) -> 3.8447784e+12 | H67: =IFERROR($B67*H11/$B11,0) -> 3.8757423e+12 | I67: =IFERROR($B67*I11/$B11,0) -> 3.9067062e+12 | J67: =IFERROR($B67*J11/$B11,0) -> 3.9376701e+12 | ... AF67: =IFERROR($B67*AF11/$B11,0) -> 4.2807335e+12
A68: coal mining 05 | B68: =C$5*$B12/SUM($B$11:$B$35) -> 0 | C68: =IFERROR($B68*C12/$B12,0) -> 0 | D68: =IFERROR($B68*D12/$B12,0) -> 0 | E68: =IFERROR($B68*E12/$B12,0) -> 0 | F68: =IFERROR($B68*F12/$B12,0) -> 0 | G68: =IFERROR($B68*G12/$B12,0) -> 0 | H68: =IFERROR($B68*H12/$B12,0) -> 0 | I68: =IFERROR($B68*I12/$B12,0) -> 0 | J68: =IFERROR($B68*J12/$B12,0) -> 0 | ... AF68: =IFERROR($B68*AF12/$B12,0) -> 0
A69: oil and gas extraction 06 | B69: =C$5*$B13/SUM($B$11:$B$35) -> 0 | C69: =IFERROR($B69*C13/$B13,0) -> 0 | D69: =IFERROR($B69*D13/$B13,0) -> 0 | E69: =IFERROR($B69*E13/$B13,0) -> 0 | F69: =IFERROR($B69*F13/$B13,0) -> 0 | G69: =IFERROR($B69*G13/$B13,0) -> 0 | H69: =IFERROR($B69*H13/$B13,0) -> 0 | I69: =IFERROR($B69*I13/$B13,0) -> 0 | J69: =IFERROR($B69*J13/$B13,0) -> 0 | ... AF69: =IFERROR($B69*AF13/$B13,0) -> 0
A70: other mining and quarrying 07T08 | B70: =C$5*$B14/SUM($B$11:$B$35) -> 2.801361e+11 | C70: =IFERROR($B70*C14/$B14,0) -> 2.9043062e+11 | D70: =IFERROR($B70*D14/$B14,0) -> 3.0072513e+11 | E70: =IFERROR($B70*E14/$B14,0) -> 3.1101965e+11 | F70: =IFERROR($B70*F14/$B14,0) -> 3.2131417e+11 | G70: =IFERROR($B70*G14/$B14,0) -> 3.3160869e+11 | H70: =IFERROR($B70*H14/$B14,0) -> 3.342793e+11 | I70: =IFERROR($B70*I14/$B14,0) -> 3.369499e+11 | J70: =IFERROR($B70*J14/$B14,0) -> 3.3962051e+11 | ... AF70: =IFERROR($B70*AF14/$B14,0) -> 3.6920942e+11
A71: food beverage and tobacco 10T12 | B71: =C$5*$B15/SUM($B$11:$B$35) -> 2.5732119e+12 | C71: =IFERROR($B71*C15/$B15,0) -> 2.667773e+12 | D71: =IFERROR($B71*D15/$B15,0) -> 2.7623341e+12 | E71: =IFERROR($B71*E15/$B15,0) -> 2.8568952e+12 | F71: =IFERROR($B71*F15/$B15,0) -> 2.9514563e+12 | G71: =IFERROR($B71*G15/$B15,0) -> 3.0460173e+12 | H71: =IFERROR($B71*H15/$B15,0) -> 3.0705484e+12 | I71: =IFERROR($B71*I15/$B15,0) -> 3.0950795e+12 | J71: =IFERROR($B71*J15/$B15,0) -> 3.1196105e+12 | ... AF71: =IFERROR($B71*AF15/$B15,0) -> 3.3914018e+12
A72: textiles apparel and leather 13T15 | B72: =C$5*$B16/SUM($B$11:$B$35) -> 1.938916e+12 | C72: =IFERROR($B72*C16/$B16,0) -> 2.0101679e+12 | D72: =IFERROR($B72*D16/$B16,0) -> 2.0814197e+12 | E72: =IFERROR($B72*E16/$B16,0) -> 2.1526715e+12 | F72: =IFERROR($B72*F16/$B16,0) -> 2.2239233e+12 | G72: =IFERROR($B72*G16/$B16,0) -> 2.2951751e+12 | H72: =IFERROR($B72*H16/$B16,0) -> 2.3136593e+12 | I72: =IFERROR($B72*I16/$B16,0) -> 2.3321435e+12 | J72: =IFERROR($B72*J16/$B16,0) -> 2.3506276e+12 | ... AF72: =IFERROR($B72*AF16/$B16,0) -> 2.5554225e+12
A73: wood products 16 | B73: =C$5*$B17/SUM($B$11:$B$35) -> 3.2556469e+11 | C73: =IFERROR($B73*C17/$B17,0) -> 3.3752863e+11 | D73: =IFERROR($B73*D17/$B17,0) -> 3.4949257e+11 | E73: =IFERROR($B73*E17/$B17,0) -> 3.6145652e+11 | F73: =IFERROR($B73*F17/$B17,0) -> 3.7342046e+11 | G73: =IFERROR($B73*G17/$B17,0) -> 3.853844e+11 | H73: =IFERROR($B73*H17/$B17,0) -> 3.8848809e+11 | I73: =IFERROR($B73*I17/$B17,0) -> 3.9159177e+11 | J73: =IFERROR($B73*J17/$B17,0) -> 3.9469546e+11 | ... AF73: =IFERROR($B73*AF17/$B17,0) -> 4.290827e+11
A74: pulp paper and printing 17T18 | B74: =C$5*$B18/SUM($B$11:$B$35) -> 1.858668e+12 | C74: =IFERROR($B74*C18/$B18,0) -> 1.9269708e+12 | D74: =IFERROR($B74*D18/$B18,0) -> 1.9952736e+12 | E74: =IFERROR($B74*E18/$B18,0) -> 2.0635765e+12 | F74: =IFERROR($B74*F18/$B18,0) -> 2.1318793e+12 | G74: =IFERROR($B74*G18/$B18,0) -> 2.2001822e+12 | H74: =IFERROR($B74*H18/$B18,0) -> 2.2179013e+12 | I74: =IFERROR($B74*I18/$B18,0) -> 2.2356204e+12 | J74: =IFERROR($B74*J18/$B18,0) -> 2.2533396e+12 | ... AF74: =IFERROR($B74*AF18/$B18,0) -> 2.4496583e+12
A75: refined petroleum and coke 19 | B75: =C$5*$B19/SUM($B$11:$B$35) -> 0 | C75: =IFERROR($B75*C19/$B19,0) -> 0 | D75: =IFERROR($B75*D19/$B19,0) -> 0 | E75: =IFERROR($B75*E19/$B19,0) -> 0 | F75: =IFERROR($B75*F19/$B19,0) -> 0 | G75: =IFERROR($B75*G19/$B19,0) -> 0 | H75: =IFERROR($B75*H19/$B19,0) -> 0 | I75: =IFERROR($B75*I19/$B19,0) -> 0 | J75: =IFERROR($B75*J19/$B19,0) -> 0 | ... AF75: =IFERROR($B75*AF19/$B19,0) -> 0
A76: chemicals 20 | B76: =C$5*$B20/SUM($B$11:$B$35) -> 6.7268072e+12 | C76: =IFERROR($B76*C20/$B20,0) -> 6.0421207e+12 | D76: =IFERROR($B76*D20/$B20,0) -> 5.746843e+12 | E76: =IFERROR($B76*E20/$B20,0) -> 5.3986351e+12 | F76: =IFERROR($B76*F20/$B20,0) -> 5.2660369e+12 | G76: =IFERROR($B76*G20/$B20,0) -> 5.2087413e+12 | H76: =IFERROR($B76*H20/$B20,0) -> 5.1429594e+12 | I76: =IFERROR($B76*I20/$B20,0) -> 5.0687795e+12 | J76: =IFERROR($B76*J20/$B20,0) -> 4.9856391e+12 | ... AF76: =IFERROR($B76*AF20/$B20,0) -> 4.5550417e+12
A77: rubber and plastic products 22 | B77: =C$5*$B21/SUM($B$11:$B$35) -> 5.4573171e+12 | C77: =IFERROR($B77*C21/$B21,0) -> 4.9018454e+12 | D77: =IFERROR($B77*D21/$B21,0) -> 4.6622928e+12 | E77: =IFERROR($B77*E21/$B21,0) -> 4.3797991e+12 | F77: =IFERROR($B77*F21/$B21,0) -> 4.2722249e+12 | G77: =IFERROR($B77*G21/$B21,0) -> 4.2257422e+12 | H77: =IFERROR($B77*H21/$B21,0) -> 4.1723747e+12 | I77: =IFERROR($B77*I21/$B21,0) -> 4.1121941e+12 | J77: =IFERROR($B77*J21/$B21,0) -> 4.044744e+12 | ... AF77: =IFERROR($B77*AF21/$B21,0) -> 3.6954095e+12
A78: glass and glass products 231 | B78: =C$5*$B22/SUM($B$11:$B$35) -> 6.2512519e+11 | C78: =IFERROR($B78*C22/$B22,0) -> 6.4809746e+11 | D78: =IFERROR($B78*D22/$B22,0) -> 6.7106973e+11 | E78: =IFERROR($B78*E22/$B22,0) -> 6.9404201e+11 | F78: =IFERROR($B78*F22/$B22,0) -> 7.1701428e+11 | G78: =IFERROR($B78*G22/$B22,0) -> 7.3998655e+11 | H78: =IFERROR($B78*H22/$B22,0) -> 7.4594603e+11 | I78: =IFERROR($B78*I22/$B22,0) -> 7.519055e+11 | J78: =IFERROR($B78*J22/$B22,0) -> 7.5786497e+11 | ... AF78: =IFERROR($B78*AF22/$B22,0) -> 8.2389279e+11
... A91: construction 41T43 | B91: =C$5*$B35/SUM($B$11:$B$35) -> 1.8245643e+09 | C91: =IFERROR($B91*C35/$B35,0) -> 1.8916139e+09 | D91: =IFERROR($B91*D35/$B35,0) -> 1.9586635e+09 | E91: =IFERROR($B91*E35/$B35,0) -> 2.0257131e+09 | F91: =IFERROR($B91*F35/$B35,0) -> 2.0927627e+09 | G91: =IFERROR($B91*G35/$B35,0) -> 2.1598123e+09 | H91: =IFERROR($B91*H35/$B35,0) -> 2.1772063e+09 | I91: =IFERROR($B91*I35/$B35,0) -> 2.1946003e+09 | J91: =IFERROR($B91*J35/$B35,0) -> 2.2119943e+09 | ... AF91: =IFERROR($B91*AF35/$B35,0) -> 2.4047109e+09
A93: CHP Fuel Use Allocated by Industry - Natural Gas
B94: 2020 | C94: 2021 | D94: 2022 | E94: 2023 | F94: 2024 | G94: 2025 | H94: 2026 | I94: 2027 | J94: 2028 | K94: 2029 | L94: 2030 | M94: 2031 | N94: 2032 | O94: 2033 | P94: 2034 | Q94: 2035 | R94: 2036 | S94: 2037 | T94: 2038 | U94: 2039 | V94: 2040 | W94: 2041 | X94: 2042 | Y94: 2043 | Z94: 2044 | AA94: 2045 | AB94: 2046 | AC94: 2047 | AD94: 2048 | AE94: 2049 | AF94: 2050
A95: agriculture and forestry 01T03 | B95: =D$5*$B11/SUM($B$11:$B$35) -> 2.1646068e+13 | C95: =IFERROR($B95*C11/$B11,0) -> 2.2441523e+13 | D95: =IFERROR($B95*D11/$B11,0) -> 2.3236979e+13 | E95: =IFERROR($B95*E11/$B11,0) -> 2.4032435e+13 | F95: =IFERROR($B95*F11/$B11,0) -> 2.482789e+13 | G95: =IFERROR($B95*G11/$B11,0) -> 2.5623346e+13 | H95: =IFERROR($B95*H11/$B11,0) -> 2.5829703e+13 | I95: =IFERROR($B95*I11/$B11,0) -> 2.6036061e+13 | J95: =IFERROR($B95*J11/$B11,0) -> 2.6242418e+13 | ... AF95: =IFERROR($B95*AF11/$B11,0) -> 2.8528748e+13
A96: coal mining 05 | B96: =D$5*$B12/SUM($B$11:$B$35) -> 0 | C96: =IFERROR($B96*C12/$B12,0) -> 0 | D96: =IFERROR($B96*D12/$B12,0) -> 0 | E96: =IFERROR($B96*E12/$B12,0) -> 0 | F96: =IFERROR($B96*F12/$B12,0) -> 0 | G96: =IFERROR($B96*G12/$B12,0) -> 0 | H96: =IFERROR($B96*H12/$B12,0) -> 0 | I96: =IFERROR($B96*I12/$B12,0) -> 0 | J96: =IFERROR($B96*J12/$B12,0) -> 0 | ... AF96: =IFERROR($B96*AF12/$B12,0) -> 0
