Workbook

Sheet About
A1: DRC BAU Demand Response Capacity
A2: DRC Potential Additional Demand Response Capacity
A4: Sources: | B4: 2019 Capacity and 2030 Projection
B5: MOTIE
B6: 2022
B7: 10th basic electricity supply plan (2022~2036)
B8: https://new.kpx.or.kr/menu.es?mid=a10403070000
A11: Notes:
A12: Demand response is defined as the potential to reduce or shift electricity usage during peak
A13: periods in response to time-based rates or other financial incentives.
A15: 2022~2036: Data from 10th basic electricity supply plan
A16: 2036~2050: Incremental rate in 2036
A17: 2020, 2021: Incremental rate in 2022
A19: Potential Additional DR Capacity was calculated using the EI method.

Sheet MOTIE
B2: MOTIE - DR 피크 감축량 연도 별 계획 (MW)
B3: BEFORE 2020 : same rate as 2021 | U3: AFTER 2034 : same rate as 2036
A4: MW | B4: 2018 | C4: 2019 | D4: 2020 | E4: 2021 | F4: 2022 | G4: 2023 | H4: 2024 | I4: 2025 | J4: 2026 | K4: 2027 | L4: 2028 | M4: 2029 | N4: 2030 | O4: 2031 | P4: 2032 | Q4: 2033 | R4: 2034 | S4: 2035 | T4: 2036 | U4: 2037 | V4: 2038 | W4: 2039 | X4: 2040 | Y4: 2041 | Z4: 2042 | AA4: 2043 | AB4: 2044 | AC4: 2045 | AD4: 2046 | AE4: 2047 | AF4: 2048 | AG4: 2049 | AH4: 2050
A5: DR Capacity | B5: =C5/(1+$E$6) -> 2194.707 | C5: =D5/(1+$E$6) -> 2312.6826 | D5: 2437 | E5: 2568 | F5: 2947 | G5: 3018 | H5: 3141 | I5: 3258 | J5: 3361 | K5: 3483 | L5: 3673 | M5: 3865 | N5: 4057 | O5: 4271 | P5: 4488 | Q5: 4711 | R5: 4935 | S5: 5025 | T5: 5136 | U5: =T5*(1+$T$6) -> 5249.4519 | V5: =U5*(1+$T$6) -> 5365.41 | W5: =V5*(1+$T$6) -> 5483.9295 | X5: =W5*(1+$T$6) -> 5605.067 | Y5: =X5*(1+$T$6) -> 5728.8805 | Z5: =Y5*(1+$T$6) -> 5855.4289 | AA5: =Z5*(1+$T$6) -> 5984.7727 | AB5: =AA5*(1+$T$6) -> 6116.9736 | ... AH5: =AG5*(1+$T$6) -> 6973.813
A6: increasing rate | D6: - | E6: =(E5-D5)/D5 -> 0.053754616 | F6: =(F5-E5)/E5 -> 0.14758567 | G6: =(G5-F5)/F5 -> 0.024092297 | H6: =(H5-G5)/G5 -> 0.040755467 | I6: =(I5-H5)/H5 -> 0.037249284 | J6: =(J5-I5)/I5 -> 0.031614487 | K6: =(K5-J5)/J5 -> 0.036298721 | L6: =(L5-K5)/K5 -> 0.054550675 | ... AH6: =(AH5-AG5)/AG5 -> 0.022089552
B8: Forecasted data | S8: Forecasted data
A9: DR Hours per Year and per Event
A14: Participants must be able to maintain demand reduction for at least 4 hours per DR event (전력거래소 등록시험 기준 3~4시간, 단 중소형 및 제주DR은 감축지속시간 1시간 적용)
A16: Hours of Shift DR per Year
A19: Hours of DR per Event
A20: 4

Sheet DRC-BDRC
A1: Year | B1: 2018 | C1: 2019 | D1: 2020 | E1: 2021 | F1: 2022 | G1: 2023 | H1: 2024 | I1: 2025 | J1: 2026 | K1: 2027 | L1: 2028 | M1: 2029 | N1: 2030 | O1: 2031 | P1: 2032 | Q1: 2033 | R1: 2034 | S1: 2035 | T1: 2036 | U1: 2037 | V1: 2038 | W1: 2039 | X1: 2040 | Y1: 2041 | Z1: 2042 | AA1: 2043 | AB1: 2044 | AC1: 2045 | AD1: 2046 | AE1: 2047 | AF1: 2048 | AG1: 2049 | AH1: 2050
A2: DR Capacity (MW) | B2: =MOTIE!B5 -> 2194.707 | C2: =MOTIE!C5 -> 2312.6826 | D2: =MOTIE!D5 -> 2437 | E2: =MOTIE!E5 -> 2568 | F2: =MOTIE!F5 -> 2947 | G2: =MOTIE!G5 -> 3018 | H2: =MOTIE!H5 -> 3141 | I2: =MOTIE!I5 -> 3258 | ... AH2: =MOTIE!AH5 -> 6973.813

Sheet DRC-PADRC
A1: Year | B1: 2018 | C1: 2019 | D1: 2020 | E1: 2021 | F1: 2022 | G1: 2023 | H1: 2024 | I1: 2025 | J1: 2026 | K1: 2027 | L1: 2028 | M1: 2029 | N1: 2030 | O1: 2031 | P1: 2032 | Q1: 2033 | R1: 2034 | S1: 2035 | T1: 2036 | U1: 2037 | V1: 2038 | W1: 2039 | X1: 2040 | Y1: 2041 | Z1: 2042 | AA1: 2043 | AB1: 2044 | AC1: 2045 | AD1: 2046 | AE1: 2047 | AF1: 2048 | AG1: 2049 | AH1: 2050
A2: Potential Additional DR Capacity (MW) | B2: =C2 -> 0 | C2: 0 | D2: {=_xlfn.SINGLE(IF((TREND(MOTIE!$E$5:$Q$5,MOTIE!$E$4:$Q$4,'DRC-PADRC'!D1)-'DRC-BDRC'!D2)>0,(TREND(MOTIE!$E$5:$Q$5,MOTIE!$E$4:$Q$4,'DRC-PADRC'!D1)-'DRC-BDRC'!D2),0))} -> 18.115385 | E2: {=_xlfn.SINGLE(IF((TREND(MOTIE!$E$5:$T$5,MOTIE!$E$4:$T$4,'DRC-PADRC'!E1)-'DRC-BDRC'!E2)>0,(TREND(MOTIE!$E$5:$T$5,MOTIE!$E$4:$T$4,'DRC-PADRC'!E1)-'DRC-BDRC'!E2),0))} -> 25.580882 | F2: {=_xlfn.SINGLE(IF((TREND(MOTIE!$E$5:$T$5,MOTIE!$E$4:$T$4,'DRC-PADRC'!F1)-'DRC-BDRC'!F2)>0,(TREND(MOTIE!$E$5:$T$5,MOTIE!$E$4:$T$4,'DRC-PADRC'!F1)-'DRC-BDRC'!F2),0))} -> 0 | G2: {=_xlfn.SINGLE(IF((TREND(MOTIE!$E$5:$T$5,MOTIE!$E$4:$T$4,'DRC-PADRC'!G1)-'DRC-BDRC'!G2)>0,(TREND(MOTIE!$E$5:$T$5,MOTIE!$E$4:$T$4,'DRC-PADRC'!G1)-'DRC-BDRC'!G2),0))} -> 0 | H2: {=_xlfn.SINGLE(IF((TREND(MOTIE!$E$5:$T$5,MOTIE!$E$4:$T$4,'DRC-PADRC'!H1)-'DRC-BDRC'!H2)>0,(TREND(MOTIE!$E$5:$T$5,MOTIE!$E$4:$T$4,'DRC-PADRC'!H1)-'DRC-BDRC'!H2),0))} -> 0 | I2: {=_xlfn.SINGLE(IF((TREND(MOTIE!$E$5:$T$5,MOTIE!$E$4:$T$4,'DRC-PADRC'!I1)-'DRC-BDRC'!I2)>0,(TREND(MOTIE!$E$5:$T$5,MOTIE!$E$4:$T$4,'DRC-PADRC'!I1)-'DRC-BDRC'!I2),0))} -> 16.904412 | J2: {=_xlfn.SINGLE(IF((TREND(MOTIE!$E$5:$T$5,MOTIE!$E$4:$T$4,'DRC-PADRC'!J1)-'DRC-BDRC'!J2)>0,(TREND(MOTIE!$E$5:$T$5,MOTIE!$E$4:$T$4,'DRC-PADRC'!J1)-'DRC-BDRC'!J2),0))} -> 84.235294 | K2: {=_xlfn.SINGLE(IF((TREND(MOTIE!$E$5:$T$5,MOTIE!$E$4:$T$4,'DRC-PADRC'!K1)-'DRC-BDRC'!K2)>0,(TREND(MOTIE!$E$5:$T$5,MOTIE!$E$4:$T$4,'DRC-PADRC'!K1)-'DRC-BDRC'!K2),0))} -> 132.56618 | L2: {=_xlfn.SINGLE(IF((TREND(MOTIE!$E$5:$T$5,MOTIE!$E$4:$T$4,'DRC-PADRC'!L1)-'DRC-BDRC'!L2)>0,(TREND(MOTIE!$E$5:$T$5,MOTIE!$E$4:$T$4,'DRC-PADRC'!L1)-'DRC-BDRC'!L2),0))} -> 112.89706 | ... AH2: {=_xlfn.SINGLE(IF((TREND(MOTIE!$E$5:$T$5,MOTIE!$E$4:$T$4,'DRC-PADRC'!AH1)-'DRC-BDRC'!AH2)>0,(TREND(MOTIE!$E$5:$T$5,MOTIE!$E$4:$T$4,'DRC-PADRC'!AH1)-'DRC-BDRC'!AH2),0))} -> 559.36342

Sheet DRC-ADRHpDRE
A1: Unit: hours | B1: Hours per Event
A2: DR Hours per DR Event | B2: =ROUND(MOTIE!A20,0) -> 4
