Workbook
Name Eno_TM: '[1]1997 Table 1a Modified'!#REF!
Name Eno_TM: '[1]1997 Table 1a Modified'!#REF!
Name Eno_Tons: '[1]1997 Table 1a Modified'!#REF!
Name Eno_Tons: '[1]1997 Table 1a Modified'!#REF!
Name Sum_T2: '[1]1997 Table 1a Modified'!#REF!
Name Sum_T2: '[1]1997 Table 1a Modified'!#REF!
Name Sum_TTM: '[1]1997 Table 1a Modified'!#REF!
Name Sum_TTM: '[1]1997 Table 1a Modified'!#REF!
Name ti_tbl_50: #REF!
Name ti_tbl_50: #REF!
Name ti_tbl_69: #REF!
Name ti_tbl_69: #REF!

Sheet About
A1: BAADTbVT BAU Average Annual Dist Traveled by Vehicle Type
A3: Source: | B3: Vehicle Mileage
B4: KOSIS
B5: 2012 - 2019
B6: Estimate CAGR based on annual vehicle mileage
B7: https://kosis.kr/statHtml/statHtml.do?orgId=426&tblId=DT_42601_N002&conn_path=I3
B10: Railway passenger transport by type
B11: KOSIS
B12: 2019 - 2021.07
B13: http://www.kric.go.kr/jsp/industry/rss/railcarkindpassList.jsp?q_fdate=2019
B15: http://www.kric.go.kr/jsp/industry/rss/railcarkindpassList.jsp?q_fdate=2020
B17: http://www.kric.go.kr/jsp/industry/rss/railcarkindpassList.jsp?q_fdate=2021
B20: Annual and montly railway cargo transport
B21: KOSIS
... B38: ICAO
B39: 2017
B40: 2018 - 2048 CAGR
B41: https://www.icao.int/sustainability/pages/eap-fp-forecast-scheduled-passenger-traffic.aspx
B44: Prospect of domestic air transportation industry
B45: KOTI
B46: 2021
B47: Recovery of the air transportation industry from Covid 19
B48: https://www.koti.re.kr/component/file/ND_fileDownload.do?q_fileSn=300566&q_fileId=a5ad1a58-bf4e-400b-907e-251373ddb349
B49: Page 8, IATA Recovery Outlook
B52: Cargo statistics of ports
B53: Ministry of Oceans and Fisheries, PORT-MIS
B54: 2019 - 2021.07
B55: Port Logistics Statistics> Vessel Arrival/Departure (by port)
B56: https://new.portmis.go.kr/portmis/websquare/websquare.jsp?w2xPath=/portmis/w2/main/intro.xml
B59: Domestic Shipping Cargo Outlook
B60: Asia-Pacific Journal of Busines
B61: 2018
B62: https://www.koreascience.or.kr/article/JAKO201823965854203.pdf
B63: Page 7
A65: Notes
A66: Aircraft passenger transport recovers from Covid 19 impacts to the 2019 levels by 2024
A67: All other transport types (Road, Rail, Ships, Motorbikes) recover by 2022
A69: Estimated based on Vehicle, Rail, Ships psgr 2012-2019 CAGR
A71: For aircrft, we used estimated CAGR of ICAO
A73: For ships freight, we used CAGR of the international shipping industry
A75: Motorbikes = 1, as there is no data in Korea
A77: Start Year | B77: 2019
A79: 1km | B79: 0.621371 | C79: miles
A80: 1year | B80: 365 | C80: days
A82: Based on some basic curve fitting, we determined that extrapolating
A83: passenger LDV, freight LDV, and freight HDV growth with a linear trend
A84: was most fitting. However, for passenger HDVs we determined that
A85: an exponential trend was most fitting.

Sheet SYVbT_DV-Regis
A1: < 자동차 등록현황(총 계) >
A2: 조회년월: 2024.12
E3: 차 종 별 | F3: 합계
A4: 총계 | F4: 26297919
B5: 승용차합계 | F5: 21771120
C6: 승용일반형 계 | F6: 13486440
D7: 승용일반형 국산 소계 | F7: 11161612
E8: 승용일반형 국산 800CC미만 | F8: 55596
E9: 승용일반형 국산 1000CC미만 | F9: 1946010
E10: 승용일반형 국산 1500CC미만 | F10: 487666
E11: 승용일반형 국산 2000CC미만 | F11: 5498906
E12: 승용일반형 국산 2500CC미만 | F12: 1440310
E13: 승용일반형 국산 3000CC미만 | F13: 782270
E14: 승용일반형 국산 3500CC미만 | F14: 610967
E15: 승용일반형 국산 4000CC미만 | F15: 232107
E16: 승용일반형 국산 4500CC미만 | F16: 1190
E17: 승용일반형 국산 5000CC미만 | F17: 5492
E18: 승용일반형 국산 5000CC이상 | F18: 18625
E19: 승용일반형 국산 저속전기 | F19: 16
E20: 승용일반형 국산 전기 | F20: 82457
D21: 승용일반형 외산 소계 | F21: 2324828
E22: 승용일반형 외산 800CC미만 | F22: 2358
E23: 승용일반형 외산 1000CC미만 | F23: 1906
E24: 승용일반형 외산 1500CC미만 | F24: 175092
E25: 승용일반형 외산 2000CC미만 | F25: 1224660
E26: 승용일반형 외산 2500CC미만 | F26: 280391
E27: 승용일반형 외산 3000CC미만 | F27: 308382
E28: 승용일반형 외산 3500CC미만 | F28: 101515
E29: 승용일반형 외산 4000CC미만 | F29: 71697
E30: 승용일반형 외산 4500CC미만 | F30: 17158
E31: 승용일반형 외산 5000CC미만 | F31: 17563
E32: 승용일반형 외산 5000CC이상 | F32: 24540
E33: 승용일반형 외산 저속전기 | F33: 0
E34: 승용일반형 외산 전기 | F34: 99566
C35: 승용겸 화물 계 | F35: 103013
E36: 승용겸 화물 1500CC미만 | F36: 97221
E37: 승용겸 화물 2000CC미만 | F37: 43
E38: 승용겸 화물 2500CC미만 | F38: 2870
E39: 승용겸 화물 3000CC미만 | F39: 242
E40: 승용겸 화물 3500CC미만 | F40: 49
E41: 승용겸 화물 3500CC이상 | F41: 496
E42: 승용겸 화물 저속전기 | F42: 0
E43: 승용겸 화물 전기 | F43: 2092
C44: 승용다목적형 계 | F44: 6504809
E45: 승용다목적형 1500CC미만 | F45: 147989
E46: 승용다목적형 2000CC미만 | F46: 3951371
E47: 승용다목적형 2500CC미만 | F47: 1229314
E48: 승용다목적형 3000CC미만 | F48: 572637
E49: 승용다목적형 3500CC미만 | F49: 71421
E50: 승용다목적형 3500CC이상 | F50: 196961
E51: 승용다목적형 저속전기 | F51: 8
E52: 승용다목적형 전기 | F52: 335108
C53: 승용기타형 계 | F53: 1676858
E54: 승용기타형 1500CC미만 | F54: 230729
E55: 승용기타형 2000CC미만 | F55: 670787
E56: 승용기타형 2500CC미만 | F56: 577067
E57: 승용기타형 3000CC미만 | F57: 18690
E58: 승용기타형 3500CC미만 | F58: 132422
E59: 승용기타형 3500CC이상 | F59: 1985
E60: 승용기타형 저속전기 | F60: 618
E61: 승용기타형 전기 | F61: 44560
B62: 승합차 합계 | F62: 666166
C63: 승합일반형 계 | F63: 627835
D64: 시내버스 | F64: 41193
D65: 시외버스 | F65: 24202
D66: 전세버스 | F66: 38561
D67: 고속버스 | F67: 18
D68: 농어촌버스 | F68: 0
D69: 마을버스 | F69: 0
D70: 승합일반기타형 계 | F70: 523861
E71: 승합일반 15인 이하 | F71: 478640
E72: 승합일반 25인 이하 | F72: 16483
E73: 승합일반 35인 이하 | F73: 10453
E74: 승합일반 50인 이하 | F74: 17548
E75: 승합일반 51인 이상 | F75: 737
C76: 승합특수형 계 | F76: 38331
D77: 구급차 | F77: 6701
D78: 장의차 | F78: 279
D79: 헌혈, 채혈차 | F79: 4
D80: 방송, 보도용차 | F80: 57
D81: 승합피견인형 | F81: 15097
D82: 승합특수형 기타 | F82: 16193
B83: 화물자동차 합계 | F83: 3716743
C84: 화물일반형 계 | F84: 2644492
D85: 화물 픽업형 | F85: 367221
D86: 화물카고형 계 | F86: 2277271
E87: 화물카고형 1톤 이하 | F87: 1830751
E88: 화물카고형 3톤 이하 | F88: 158365
E89: 화물카고형 5톤 미만 | F89: 128229
E90: 화물카고형 8톤 미만 | F90: 72530
E91: 화물카고형 10톤 미만 | F91: 23658
E92: 화물카고형 12톤 미만 | F92: 6661
E93: 화물카고형 12톤 이상 | F93: 57077
C94: 화물덤프형 계 | F94: 53428
E95: 화물덤프형 1톤 이하 | F95: 32903
E96: 화물덤프형 5톤 미만 | F96: 13477
E97: 화물덤프형 12톤 미만 | F97: 6769
E98: 화물덤프형 12톤 이상 | F98: 279
C99: 화물 밴형 계 | F99: 337802
E100: 화물밴형 1톤 이하 | F100: 332770
...

Sheet BAADTbVT_DV-km
A1: 규모별주행거리_1일주행거리현황(km/대)
A2: 용도별 | B2: 차종별 | C2: 유형별 | D2: 규모별 | E2: 주행거리(km) | F2: Cal
E3: 전국 | F3: 규모별 대수 | G3: 주행거리 (가중평균) | H3: 비고
A4: 전체 | B4: 계 | C4: 계 | D4: 계 | E4: 38.5
A5: 전체 | B5: 승용차 | C5: 계 | D5: 계 | E5: 35.1
A6: 전체 | B6: 승용차 | C6: 일반형 | D6: 계 | E6: 33.6
A7: 전체 | B7: 승용차 | C7: 일반형 | D7: 경형 | E7: 25 | F7: =SUM('SYVbT_DV-Regis'!F8:F9,'SYVbT_DV-Regis'!F22:F23,'SYVbT_DV-Regis'!F19:F20,'SYVbT_DV-Regis'!F33:F34) -> 2187909 | G7: =SUMPRODUCT(E7:E10,F7:F10)/SUM(F7:F10) -> 33.094917
A8: 전체 | B8: 승용차 | C8: 일반형 | D8: 소형 | E8: 20.6 | F8: =SUM('SYVbT_DV-Regis'!F10,'SYVbT_DV-Regis'!F24,'SYVbT_DV-Regis'!F36) -> 759979
A9: 전체 | B9: 승용차 | C9: 일반형 | D9: 중형 | E9: 35.1 | F9: =SUM('SYVbT_DV-Regis'!F11,'SYVbT_DV-Regis'!F25,'SYVbT_DV-Regis'!F37) -> 6723609
A10: 전체 | B10: 승용차 | C10: 일반형 | D10: 대형 | E10: 36.6 | F10: =SUM('SYVbT_DV-Regis'!F12:F18,'SYVbT_DV-Regis'!F26:F32,'SYVbT_DV-Regis'!F38:F41) -> 3915864
A11: 전체 | B11: 승용차 | C11: 다목적형 | D11: 계 | E11: 39.1
A12: 전체 | B12: 승용차 | C12: 다목적형 | D12: 중형 | E12: 39.2 | F12: =SUM('SYVbT_DV-Regis'!F45:F46,'SYVbT_DV-Regis'!F51:F52) -> 4434476 | G12: =SUMPRODUCT(E12:E13,F12:F13)/SUM(F12:F13) -> 39.104517
A13: 전체 | B13: 승용차 | C13: 다목적형 | D13: 대형 | E13: 38.9 | F13: =SUM('SYVbT_DV-Regis'!F47:F50) -> 2070333
A14: 전체 | B14: 승용차 | C14: 기타형 | D14: 계 | E14: 37.7 | F14: ='SYVbT_DV-Regis'!F53 -> 1676858 | H14: LDV,HDV 합쳐져있음
A15: 전체 | B15: 승합차 | C15: 계 | D15: 계 | E15: 59.2
A16: 전체 | B16: 승합차 | C16: 일반형 | D16: 계 | E16: 60.5
A17: 전체 | B17: 승합차 | C17: 일반형 | D17: 소형 | E17: 34 | F17: =SUM('SYVbT_DV-Regis'!F71) -> 478640 | G17: =SUMPRODUCT(E17:E19,F17:F19)/SUM(F17:F19) -> 65.053963
A18: 전체 | B18: 승합차 | C18: 일반형 | D18: 중형 | E18: 43.4 | F18: =SUM('SYVbT_DV-Regis'!F72:F73) -> 26936
A19: 전체 | B19: 승합차 | C19: 일반형 | D19: 대형 | E19: 191.4 | F19: =SUM('SYVbT_DV-Regis'!F64:F67,'SYVbT_DV-Regis'!F74:F75) -> 122259
A20: 전체 | B20: 승합차 | C20: 특수용도형 | D20: 계 | E20: 28.2 | F20: ='SYVbT_DV-Regis'!F76 -> 38331 | H20: LDV,HDV 합쳐져있음: 구급, 장의차를 SYVbT에서는 LDV로 분류(오차 6523대)
A21: 전체 | B21: 화물차 | C21: 계 | D21: 계 | E21: 49.4
A22: 전체 | B22: 화물차 | C22: 일반형 | D22: 계 | E22: 48.3
A23: 전체 | B23: 화물차 | C23: 일반형 | D23: 소형 | E23: 39.7 | F23: =SUM('SYVbT_DV-Regis'!F85,'SYVbT_DV-Regis'!F87) -> 2197972 | G23: =SUMPRODUCT(E23:E25,F23:F25)/SUM(F23:F25) -> 46.188128
A24: 전체 | B24: 화물차 | C24: 일반형 | D24: 중형 | E24: 46.5 | F24: =SUM('SYVbT_DV-Regis'!F88:F89) -> 286594
A25: 전체 | B25: 화물차 | C25: 일반형 | D25: 대형 | E25: 134.8 | F25: =SUM('SYVbT_DV-Regis'!F90:F93) -> 159926
A26: 전체 | B26: 화물차 | C26: 덤프형 | D26: 계 | E26: 18.5
A27: 전체 | B27: 화물차 | C27: 덤프형 | D27: 소형 | E27: 21.3 | F27: ='SYVbT_DV-Regis'!F95 -> 32903 | G27: =SUMPRODUCT(E27:E29,F27:F29)/SUM(F27:F29) -> 19.396569
A28: 전체 | B28: 화물차 | C28: 덤프형 | D28: 중형 | E28: 14.8 | F28: ='SYVbT_DV-Regis'!F96 -> 13477
A29: 전체 | B29: 화물차 | C29: 덤프형 | D29: 대형 | E29: 19.3 | F29: =SUM('SYVbT_DV-Regis'!F97:F98) -> 7048
A30: 전체 | B30: 화물차 | C30: 밴형 | D30: 계 | E30: 39.9
A31: 전체 | B31: 화물차 | C31: 밴형 | D31: 소형 | E31: 41.6 | F31: ='SYVbT_DV-Regis'!F100 -> 332770 | G31: =SUMPRODUCT(E31:E32,F31:F32)/SUM(F31:F32) -> 41.39741 | H31: 모두 LDVs(오차 210대)
A32: 전체 | B32: 화물차 | C32: 밴형 | D32: 중형 | E32: 28 | F32: =SUM('SYVbT_DV-Regis'!F101:F102) -> 5032
A33: 전체 | B33: 화물차 | C33: 특수용도형 | D33: 계 | E33: 65.1 | F33: ='SYVbT_DV-Regis'!F103 -> 681021 | H33: 모두 HDV
A34: 전체 | B34: 특수차 | C34: 계 | D34: 계 | E34: 116.9
A35: 전체 | B35: 특수차 | C35: 견인형 | D35: 계 | E35: 225.3 | F35: =SUM('SYVbT_DV-Regis'!F133) -> 40407 | H35: 모두 HDVs
A36: 전체 | B36: 특수차 | C36: 구난형 | D36: 계 | E36: 60.9 | F36: =SUM('SYVbT_DV-Regis'!F129) -> 10226 | H36: 모두 LDVs(오차 200대)
A37: 전체 | B37: 특수차 | C37: 특수작업형 | D37: 계 | E37: 30.3 | F37: =SUM('SYVbT_DV-Regis'!F137) -> 93257 | H37: 모두 HDVs

Sheet DV-CAGR_mod
A1: By vehicle registration purpose | B1: By car type | C1: By type | D1: By Size | E1: 2012 | F1: 2013 | G1: 2014 | H1: 2015 | I1: 2016 | J1: 2017 | K1: 2018 | L1: 2019 | M1: 2020 | R1: By Use | S1: By vehicle type | T1: By type | U1: By size | V1: Nationwide | AH1: NOTE: The data from 2019 to 2023 are based on officially published statistics, and the spike in 2021 seems to reflect an actual increase in traffic volume following COVID-19
A2: 자동차등록용도별 | B2: 차종별 | C2: 유형별 | D2: By Size | E2: Average daily driving distance (km/vehicle) | F2: Average daily driving distance (km/vehicle) | G2: Average daily driving distance (km/vehicle) | H2: Average daily driving distance (km/vehicle) | I2: Average daily driving distance (km/vehicle) | J2: Average daily driving distance (km/vehicle) | K2: Average daily driving distance (km/vehicle) | L2: Average daily driving distance (km/vehicle) | M2: Average daily driving distance (km/vehicle) | N2: Logarithms by size (2019) | V2: 2012 | W2: 2013 | X2: 2014 | Y2: 2015 | Z2: 2016 | AA2: 2017 | AB2: 2018 | AC2: 2019 | AD2: 2020 | AE2: 2021 | AF2: 2022 | AG2: 2023
A3: 자동차등록용도별 | B3: 차종별 | C3: 유형별 | D3: By Size | E3: nationwide | F3: nationwide | G3: nationwide | H3: nationwide | I3: nationwide | J3: nationwide | K3: nationwide | L3: nationwide | M3: nationwide | R3: 전체 | S3: Total | V3: 279522620 | W3: 277420070 | X3: 290008712 | Y3: 298322891 | Z3: 311236234 | AA3: 319870540 | AB3: 327072636 | AC3: 329553922 | AD3: 332023789 | AE3: 356371963 | AF3: 335630469 | AG3: 335459843 | AH3: =(AG3/V3)^(1/COUNT(V3:AG3))-1 -> 0.015317718
A4: Total | B4: Total | C4: Total | D4: Total | E4: 41 | F4: 39.7 | G4: 40.2 | H4: 39.8 | I4: 39.7 | J4: 39.5 | K4: 39.2 | L4: 38.5 | M4: 37.9 | R4: 전체 | S4: Passenger car | T4: Total | V4: 196405681 | W4: 195120900 | X4: 205518897 | Y4: 212722011 | Z4: 224023930 | AA4: 231274268 | AB4: 239853756 | AC4: 242695454 | AD4: 246980201 | AE4: 273294902 | AF4: 249049553 | AG4: 252924972 | AH4: =(AG4/V4)^(1/COUNT(V4:AG4))-1 -> 0.021299546
B5: passenger car | C5: Total | D5: Total | E5: 37.5 | F5: 36 | G5: 36.5 | H5: 36.1 | I5: 36.1 | J5: 35.8 | K5: 35.8 | L5: 35.1 | M5: 34.7 | R5: 전체 | S5: 승용차 | T5: General | U5: Total | V5: 144234076 | W5: 142204857 | X5: 149772888 | Y5: 153773499 | Z5: 158604609 | AA5: 162012522 | AB5: 165063203 | AC5: 163646581 | AD5: 161758068 | AE5: 177295830 | AF5: 156079591 | AG5: 154334440 | AH5: =(AG5/V5)^(1/COUNT(V5:AG5))-1 -> 0.0056563059
C6: Normal type | D6: Small | E6: 36.1 | F6: 34.7 | G6: 35.4 | H6: 35.1 | I6: 34.8 | J6: 34.5 | K6: 34.3 | L6: 33.6 | M6: 32.7 | R6: 전체 | S6: 승용차 | T6: 일반형 | U6: Light | V6: 12348088 | W6: 12619516 | X6: 13395420 | Y6: 14675459 | Z6: 16056977 | AA6: 16145739 | AB6: 16270699 | AC6: 17604753 | AD6: 17453996 | AE6: 18937624 | AF6: 16378931 | AG6: 16276937 | AH6: =(AG6/V6)^(1/COUNT(V6:AG6))-1 -> 0.023287684
D7: Small | E7: 25.8 | F7: 24.5 | G7: 24.2 | H7: 24.7 | I7: 25.5 | J7: 24.4 | K7: 23.7 | L7: 25 | M7: 24.2 | N7: ='BAADTbVT_DV-km'!F7 -> 2187909 | O7: =SUM(N7:N9) -> 9671497 | R7: 전체 | S7: 승용차 | T7: 일반형 | U7: Small | V7: 10623011 | W7: 8098668 | X7: 7041951 | Y7: 5751244 | Z7: 5004545 | AA7: 4162197 | AB7: 3542304 | AC7: 2972117 | AD7: 2538140 | AE7: 2668498 | AF7: 1913212 | AG7: 1655372 | AH7: =(AG7/V7)^(1/COUNT(V7:AG7))-1 -> -0.14351322
D8: Medium | E8: 24.7 | F8: 22.6 | G8: 23.1 | H8: 22.3 | I8: 22.7 | J8: 22 | K8: 21.6 | L8: 20.6 | M8: 20 | N8: ='BAADTbVT_DV-km'!F8 -> 759979 | R8: 전체 | S8: 승용차 | T8: 일반형 | U8: Medium | V8: 87673971 | W8: 87314819 | X8: 92337218 | Y8: 94487907 | Z8: 95272787 | AA8: 97122109 | AB8: 98302117 | AC8: 96591294 | AD8: 93395076 | AE8: 100839839 | AF8: 89337661 | AG8: 88690849 | AH8: =(AG8/V8)^(1/COUNT(V8:AG8))-1 -> 0.00096143326
D9: Large | E9: 38.2 | F9: 36.7 | G9: 37.5 | H9: 37.1 | I9: 36.1 | J9: 35.9 | K9: 35.9 | L9: 35.1 | M9: 33.8 | N9: ='BAADTbVT_DV-km'!F9 -> 6723609 | R9: 전체 | S9: 승용차 | T9: 일반형 | U9: Large | V9: 33589006 | W9: 34171853 | X9: 36998299 | Y9: 38858889 | Z9: 42270299 | AA9: 44582475 | AB9: 46948084 | AC9: 46478417 | AD9: 48370856 | AE9: 54849869 | AF9: 48449788 | AG9: 47711283 | AH9: =(AG9/V9)^(1/COUNT(V9:AG9))-1 -> 0.029679331
D10: Total | E10: 42.7 | F10: 40.3 | G10: 40.6 | H10: 39.5 | I10: 39.7 | J10: 38.9 | K10: 38.7 | L10: 36.6 | M10: 36.2 | N10: ='BAADTbVT_DV-km'!F10 -> 3915864 | O10: =N10 -> 3915864 | R10: 전체 | S10: 승용차 | T10: Multipurpose | U10: Total | V10: 38586519 | W10: 40375396 | X10: 44084729 | Y10: 47377467 | Z10: 53066646 | AA10: 56186364 | AB10: 61233566 | AC10: 64124524 | AD10: 67780430 | AE10: 75674412 | AF10: 73320449 | AG10: 77369200 | AH10: =(AG10/V10)^(1/COUNT(V10:AG10))-1 -> 0.059687249
C11: Multi-purpose | D11: Small | E11: 42.5 | F11: 40.9 | G11: 40.8 | H11: 39.9 | I11: 40.4 | J11: 40 | K11: 39.9 | L11: 39.1 | M11: 39.3 | R11: 전체 | S11: 승용차 | T11: 다목적형 | U11: Medium | V11: 21678728 | W11: 23775414 | X11: 27416045 | Y11: 30241896 | Z11: 35179354 | AA11: 37847636 | AB11: 42189170 | AC11: 44538327 | AD11: 47840800 | AE11: 50621401 | AF11: 49164957 | AG11: 52097664 | AH11: =(AG11/V11)^(1/COUNT(V11:AG11))-1 -> 0.075801233
D12: Medium | E12: 42.4 | F12: 40.4 | G12: 40.7 | H12: 39.6 | I12: 40.6 | J12: 40.2 | K12: 40.3 | L12: 39.2 | M12: 39.8 | N12: ='BAADTbVT_DV-km'!F12 -> 4434476 | O12: =N12 -> 4434476 | R12: 전체 | S12: 승용차 | T12: 다목적형 | U12: Large | V12: 16907791 | W12: 16599983 | X12: 16668684 | Y12: 17135571 | Z12: 17887292 | AA12: 18338728 | AB12: 19044396 | AC12: 19586197 | AD12: 19939630 | AE12: 25053011 | AF12: 24155492 | AG12: 25271536 | AH12: =(AG12/V12)^(1/COUNT(V12:AG12))-1 -> 0.034059187
D13: Large | E13: 42.7 | F13: 41.6 | G13: 40.8 | H13: 40.4 | I13: 39.9 | J13: 39.7 | K13: 39 | L13: 38.9 | M13: 38.1 | N13: ='BAADTbVT_DV-km'!F13 -> 2070333 | O13: =SUM(N13:N14) -> 3747191 | R13: 전체 | S13: 승용차 | T13: Other | U13: Total | V13: 13585086 | W13: 12540647 | X13: 11661280 | Y13: 11571045 | Z13: 12352675 | AA13: 13075381 | AB13: 13556987 | AC13: 14924349 | AD13: 17441704 | AE13: 20324659 | AF13: 19649513 | AG13: 21221332 | AH13: =(AG13/V13)^(1/COUNT(V13:AG13))-1 -> 0.037868953
C14: Other | D14: Total | E14: 39.8 | F14: 38.1 | G14: 36.9 | H14: 36.3 | I14: 36.6 | J14: 36.6 | K14: 37.2 | L14: 37.7 | M14: 38.6 | N14: ='BAADTbVT_DV-km'!F14 -> 1676858 | R14: 전체 | S14: Van | T14: Total | V14: 20738233 | W14: 19600278 | X14: 20736159 | Y14: 19817825 | Z14: 19857080 | AA14: 19318379 | AB14: 18645489 | AC14: 17904372 | AD14: 16065637 | AE14: 13797082 | AF14: 14132168 | AG14: 14029164 | AH14: =(AG14/V14)^(1/COUNT(V14:AG14))-1 -> -0.032045365
B15: van | C15: Total | D15: Small | E15: 56.7 | F15: 54.6 | G15: 59.2 | H15: 57.9 | I15: 59.9 | J15: 60.1 | K15: 59.8 | L15: 59.2 | M15: 55.1 | R15: 전체 | S15: 승합차 | T15: General | U15: Total | V15: 20495430 | W15: 19342905 | X15: 20448102 | Y15: 19499698 | Z15: 19505341 | AA15: 18954472 | AB15: 18293460 | AC15: 17564562 | AD15: 15733219 | AE15: 13483615 | AF15: 13772124 | AG15: 13637869 | AH15: =(AG15/V15)^(1/COUNT(V15:AG15))-1 -> -0.033376261
C16: Normal | D16: Medium | E16: 57 | F16: 54.8 | G16: 59.5 | H16: 58.2 | I16: 60.3 | J16: 60.8 | K16: 60.7 | L16: 60.5 | M16: 56.5 | R16: 전체 | S16: 승합차 | T16: 일반형 | U16: Small | V16: 1537080 | W16: 1218499 | X16: 1241912 | Y16: 1045907 | Z16: 1027616 | AA16: 880050 | AB16: 842503 | AC16: 730917 | AD16: 717631 | AE16: 641623 | AF16: 611351 | AG16: 544728 | AH16: =(AG16/V16)^(1/COUNT(V16:AG16))-1 -> -0.082815017
D17: Large | E17: 40.4 | F17: 35.3 | G17: 39.3 | H17: 36 | I17: 38.3 | J17: 35.7 | K17: 36.4 | L17: 34 | M17: 35 | N17: ='BAADTbVT_DV-km'!F17 -> 478640 | O17: =SUM(N17:N18) -> 505576 | R17: 전체 | S17: 승합차 | T17: 일반형 | U17: Medium | V17: 12765077 | W17: 11958995 | X17: 12866449 | Y17: 11952866 | Z17: 11776838 | AA17: 11233280 | AB17: 10654212 | AC17: 10144964 | AD17: 8980031 | AE17: 7866903 | AF17: 8128231 | AG17: 7500693 | AH17: =(AG17/V17)^(1/COUNT(V17:AG17))-1 -> -0.043342466
D18: Total | E18: 43.9 | F18: 41.7 | G18: 46.1 | H18: 44 | I18: 45 | J18: 44.5 | K18: 43.9 | L18: 43.4 | M18: 40.2 | N18: ='BAADTbVT_DV-km'!F18 -> 26936 | R18: 전체 | S18: 승합차 | T18: 일반형 | U18: Large | V18: 6193273 | W18: 6165410 | X18: 6339741 | Y18: 6500925 | Z18: 6700887 | AA18: 6841141 | AB18: 6796745 | AC18: 6688681 | AD18: 6035557 | AE18: 4975089 | AF18: 5032542 | AG18: 5592448 | AH18: =(AG18/V18)^(1/COUNT(V18:AG18))-1 -> -0.0084678265
D19: Small | E19: 201 | F19: 194.8 | G19: 193.1 | H19: 191.1 | I19: 193.1 | J19: 195 | K19: 193.3 | L19: 191.4 | M19: 173.9 | N19: ='BAADTbVT_DV-km'!F19 -> 122259 | O19: =SUM(N19:N20) -> 160590 | R19: 전체 | S19: 승합차 | T19: Multipurpose | U19: Total | V19: 242803 | W19: 257373 | X19: 288057 | Y19: 318127 | Z19: 351739 | AA19: 363907 | AB19: 352029 | AC19: 339810 | AD19: 332418 | AE19: 313467 | AF19: 360044 | AG19: 391295 | AH19: =(AG19/V19)^(1/COUNT(V19:AG19))-1 -> 0.04056893
C20: Special Purpose | D20: Medium | E20: 42.4 | F20: 42.3 | G20: 43.1 | H20: 43.3 | I20: 42.7 | J20: 39.1 | K20: 33.1 | L20: 28.2 | M20: 25.2 | N20: ='BAADTbVT_DV-km'!F20 -> 38331 | R20: 전체 | S20: Truck | V20: 59323777 | W20: 59586892 | X20: 60472558 | Y20: 62371335 | Z20: 63689270 | AA20: 65374340 | AB20: 64652723 | AC20: 64973932 | AD20: 65018813 | AE20: 65047326 | AF20: 68125917 | AG20: 64181226 | AH20: =(AG20/V20)^(1/COUNT(V20:AG20))-1 -> 0.0065799325
B21: Truck | C21: Total | D21: Large | E21: 50.2 | F21: 49.9 | G21: 49.8 | H21: 50.3 | I21: 50.2 | J21: 50.9 | K21: 49.7 | L21: 49.4 | M21: 49.4 | R21: 전체 | S21: 화물차 | T21: General | U21: Total | V21: 42624707 | W21: 42875461 | X21: 43554553 | Y21: 45349046 | Z21: 45841789 | AA21: 47399695 | AB21: 46796448 | AC21: 44912306 | AD21: 45038225 | AE21: 46627307 | AF21: 47192923 | AG21: 45421622 | AH21: =(AG21/V21)^(1/COUNT(V21:AG21))-1 -> 0.0053102317
C22: Normal | D22: Total | E22: 52.7 | F22: 52.3 | G22: 51.8 | H22: 52.5 | I22: 51.7 | J22: 52.6 | K22: 51.1 | L22: 48.3 | M22: 48.1 | R22: 전체 | S22: 화물차 | T22: 일반형 | U22: Small | V22: 24561995 | W22: 25136372 | X22: 25832045 | Y22: 27341597 | Z22: 27894196 | AA22: 29234415 | AB22: 29351912 | AC22: 28332591 | AD22: 28600525 | AE22: 30122120 | AF22: 30816989 | AG22: 28936686 | AH22: =(AG22/V22)^(1/COUNT(V22:AG22))-1 -> 0.013752868
D23: Small | E23: 43.7 | F23: 43.6 | G23: 43.2 | H23: 43.9 | I23: 43 | J23: 43.7 | K23: 42.6 | L23: 39.7 | M23: 39.2 | N23: ='BAADTbVT_DV-km'!F23 -> 2197972 | O23: =SUM(N23:N24) -> 2484566 | R23: 전체 | S23: 화물차 | T23: 일반형 | U23: Medium | V23: 9783723 | W23: 9308598 | X23: 8926124 | Y23: 8893382 | Z23: 8617056 | AA23: 8300131 | AB23: 7547996 | AC23: 6712613 | AD23: 6750838 | AE23: 6392232 | AF23: 6311866 | AG23: 6149557 | AH23: =(AG23/V23)^(1/COUNT(V23:AG23))-1 -> -0.037955915
D24: Medium | E24: 53.3 | F24: 51.8 | G24: 50.5 | H24: 51.4 | I24: 51.3 | J24: 51.7 | K24: 49.3 | L24: 46.5 | M24: 50.6 | N24: ='BAADTbVT_DV-km'!F24 -> 286594 | R24: 전체 | S24: 화물차 | T24: 일반형 | U24: Large | V24: 8278988 | W24: 8430491 | X24: 8796384 | Y24: 9114066 | Z24: 9330537 | AA24: 9865148 | AB24: 9896539 | AC24: 9867102 | AD24: 9686862 | AE24: 10112955 | AF24: 10064069 | AG24: 10335379 | AH24: =(AG24/V24)^(1/COUNT(V24:AG24))-1 -> 0.018659632
D25: Large | E25: 130.9 | F25: 131 | G25: 133 | H25: 134.4 | I25: 134.5 | J25: 137.9 | K25: 135.7 | L25: 134.8 | M25: 133.1 | N25: ='BAADTbVT_DV-km'!F25 -> 159926 | O25: =N25 -> 159926 | R25: 전체 | S25: 화물차 | T25: Dump Truck | U25: Total | V25: 355600 | W25: 350790 | X25: 349807 | Y25: 353691 | Z25: 367605 | AA25: 378248 | AB25: 376751 | AC25: 373440 | AD25: 374965 | AE25: 388079 | AF25: 368544 | AG25: 338210 | AH25: =(AG25/V25)^(1/COUNT(V25:AG25))-1 -> -0.0041695747
C26: Dump | D26: Total | E26: 20.4 | F26: 19.8 | G26: 19.3 | H26: 19.1 | I26: 19.3 | J26: 19.4 | K26: 19 | L26: 18.5 | M26: 18.6 | R26: 전체 | S26: 화물차 | T26: 덤프형 | U26: Small | V26: 119552 | W26: 131475 | X26: 143670 | Y26: 155424 | Z26: 169127 | AA26: 181003 | AB26: 193176 | AC26: 199040 | AD26: 206142 | AE26: 218172 | AF26: 211922 | AG26: 205355 | AH26: =(AG26/V26)^(1/COUNT(V26:AG26))-1 -> 0.046114053
D27: Small | E27: 19.9 | F27: 20.4 | G27: 20.9 | H27: 21 | I27: 21.3 | J27: 21.4 | K27: 21.7 | L27: 21.3 | M27: 21.4 | N27: ='BAADTbVT_DV-km'!F27 -> 32903 | O27: =SUM(N27:N28) -> 46380 | R27: 전체 | S27: 화물차 | T27: 덤프형 | U27: Medium | V27: 172929 | W27: 160739 | X27: 148898 | Y27: 140335 | Z27: 136775 | AA27: 131813 | AB27: 120701 | AC27: 112016 | AD27: 104923 | AE27: 100432 | AF27: 91749 | AG27: 75648 | AH27: =(AG27/V27)^(1/COUNT(V27:AG27))-1 -> -0.066579213
D28: Medium | E28: 20.4 | F28: 19.3 | G28: 18.1 | H28: 17.3 | I28: 17 | J28: 16.7 | K28: 15.6 | L28: 14.8 | M28: 14.4 | N28: ='BAADTbVT_DV-km'!F28 -> 13477 | R28: 전체 | S28: 화물차 | T28: 덤프형 | U28: Large | V28: 63119 | W28: 58575 | X28: 57238 | Y28: 57933 | Z28: 61704 | AA28: 65431 | AB28: 62874 | AC28: 62384 | AD28: 63900 | AE28: 69474 | AF28: 64872 | AG28: 57208 | AH28: =(AG28/V28)^(1/COUNT(V28:AG28))-1 -> -0.0081605277
D29: Large | E29: 21.5 | F29: 19.8 | G29: 19.1 | H29: 19.3 | I29: 20.2 | J29: 20.9 | K29: 19.7 | L29: 19.3 | M29: 19.7 | N29: ='BAADTbVT_DV-km'!F29 -> 7048 | O29: =N29 -> 7048 | R29: 전체 | S29: 화물차 | T29: Van | U29: Total | V29: 8945957 | W29: 8426321 | X29: 8271062 | Y29: 7806793 | Z29: 7690895 | AA29: 6951602 | AB29: 6775159 | AC29: 6417014 | AD29: 5890275 | AE29: 5284726 | AF29: 5186638 | AG29: 4891965 | AH29: =(AG29/V29)^(1/COUNT(V29:AG29))-1 -> -0.049056507
C30: Van | D30: Total | E30: 39.6 | F30: 38.8 | G30: 39.6 | H30: 38.9 | I30: 39.9 | J30: 38.2 | K30: 39.4 | L30: 39.9 | M30: 40.1 | R30: 전체 | S30: 화물차 | T30: 밴형 | U30: Small | V30: 7029117 | W30: 6725071 | X30: 6755600 | Y30: 6497082 | Z30: 6567076 | AA30: 6090180 | AB30: 6037645 | AC30: 5862646 | AD30: 5488103 | AE30: 4994886 | AF30: 4971729 | AG30: 4743607 | AH30: =(AG30/V30)^(1/COUNT(V30:AG30))-1 -> -0.032240758
D31: Small | E31: 39.3 | F31: 38.9 | G31: 40.3 | H31: 39.8 | I31: 41.3 | J31: 39.8 | K31: 40.9 | L31: 41.6 | M31: 41.7 | N31: ='BAADTbVT_DV-km'!F31 -> 332770 | O31: =SUM(N31:N32) -> 337802 | R31: 전체 | S31: 화물차 | T31: 밴형 | U31: Medium | V31: 1916840 | W31: 1701250 | X31: 1515462 | Y31: 1309711 | Z31: 1123819 | AA31: 861421 | AB31: 737514 | AC31: 554367 | AD31: 402172 | AE31: 289840 | AF31: 214909 | AG31: 148358 | AH31: =(AG31/V31)^(1/COUNT(V31:AG31))-1 -> -0.19203275
D32: Medium | E32: 41.1 | F32: 38.7 | G32: 36.9 | H32: 34.8 | I32: 33.4 | J32: 29.9 | K32: 30.4 | L32: 28 | M32: 26.1 | N32: ='BAADTbVT_DV-km'!F32 -> 5032 | R32: 전체 | S32: 화물차 | T32: Multipurpose | U32: Large | V32: 7397513 | W32: 7934320 | X32: 8297137 | Y32: 8861805 | Z32: 9788981 | AA32: 10644794 | AB32: 10704365 | AC32: 13271172 | AD32: 13715348 | AE32: 12747214 | AF32: 15377813 | AG32: 13529429 | AH32: =(AG32/V32)^(1/COUNT(V32:AG32))-1 -> 0.051597337
C33: Special Purpose | D33: Large | E33: 56.7 | F33: 57.4 | G33: 56.4 | H33: 56.1 | I33: 57.4 | J33: 58.4 | K33: 55.2 | L33: 65.1 | M33: 64.6 | N33: ='BAADTbVT_DV-km'!F33 -> 681021 | O33: =N33 -> 681021 | R33: 전체 | S33: Special vehicle | T33: Total | U33: Total | V33: 3054929 | W33: 3112000 | X33: 3281098 | Y33: 3411719 | Z33: 3665954 | AA33: 3903551 | AB33: 3920668 | AC33: 3980166 | AD33: 3959137 | AE33: 4232654 | AF33: 4322830 | AG33: 4324481 | AH33: =(AG33/V33)^(1/COUNT(V33:AG33))-1 -> 0.029384772
B34: special car | C34: Total | D34: Total | E34: 137.3 | F34: 132.7 | G34: 132.5 | H34: 129.4 | I34: 128.7 | J34: 128 | K34: 121.5 | L34: 116.9 | M34: 108.7 | R34: 전체 | S34: 특수차 | T34: Towing | U34: Small | V34: 2638813 | W34: 2667608 | X34: 2819614 | Y34: 2896454 | Z34: 3071024 | AA34: 3259770 | AB34: 3223628 | AC34: 3248148 | AD34: 3184097 | AE34: 3357317 | AF34: 3389498 | AG34: 3320917 | AH34: =(AG34/V34)^(1/COUNT(V34:AG34))-1 -> 0.01934403
C35: Towing | D35: Small | E35: 215.1 | F35: 210.9 | G35: 212.3 | H35: 216.7 | I35: 221.7 | J35: 228.4 | K35: 224.2 | L35: 225.3 | M35: 220.7 | N35: ='BAADTbVT_DV-km'!F35 -> 40407 | O35: =SUM(N35,N37) -> 133664 | R35: 전체 | S35: 특수차 | T35: Rescue | U35: Medium | V35: 248142 | W35: 253734 | X35: 237812 | Y35: 255059 | Z35: 270813 | AA35: 275726 | AB35: 281752 | AC35: 273880 | AD35: 268866 | AE35: 271257 | AF35: 261719 | AG35: 262163 | AH35: =(AG35/V35)^(1/COUNT(V35:AG35))-1 -> 0.0045909466
C36: Rescue | D36: Medium | E36: 60 | F36: 60 | G36: 58.3 | H36: 57.4 | I36: 59.9 | J36: 60.3 | K36: 62.2 | L36: 60.9 | M36: 61.6 | N36: ='BAADTbVT_DV-km'!F36 -> 10226 | O36: =N36 -> 10226 | R36: 전체 | S36: 특수차 | T36: Special Operations | U36: Total | V36: 167974 | W36: 190658 | X36: 223673 | Y36: 260206 | Z36: 324117 | AA36: 368054 | AB36: 415288 | AC36: 458138 | AD36: 506173 | AE36: 604080 | AF36: 671613 | AG36: 741401 | AH36: =(AG36/V36)^(1/COUNT(V36:AG36))-1 -> 0.13170767
C37: Special Operations | D37: Total | E37: 28.7 | F37: 29 | G37: 30.2 | H37: 30.4 | I37: 32 | J37: 31.6 | K37: 31.1 | L37: 30.3 | M37: 28.7 | N37: ='BAADTbVT_DV-km'!F37 -> 93257
D39: year | E39: 2012 | F39: 2013 | G39: 2014 | H39: 2015 | I39: 2016 | J39: 2017 | K39: 2018 | L39: 2019 | M39: 2020 | N39: 규모별 대수(2019) | V39: 2012 | W39: 2013 | X39: 2014 | Y39: 2015 | Z39: 2016 | AA39: 2017 | AB39: 2018 | AC39: 2019 | AD39: 2020 | AE39: 2021 | AF39: 2022 | AG39: 2023
A40: General Small | C40: freight-LDVs | E40: =E23 -> 43.7 | F40: =F23 -> 43.6 | G40: =G23 -> 43.2 | H40: =H23 -> 43.9 | I40: =I23 -> 43 | J40: =J23 -> 43.7 | K40: =K23 -> 42.6 | L40: =L23 -> 39.7 | ... N40: =N23 -> 2197972 | U40: passenger-LDVs | V40: =SUM(V6:V8,V11,V16:V17) -> 146625955 | W40: =SUM(W6:W8,W11,W16:W17) -> 144985911 | X40: =SUM(X6:X8,X11,X16:X17) -> 154298995 | Y40: =SUM(Y6:Y8,Y11,Y16:Y17) -> 158155279 | Z40: =SUM(Z6:Z8,Z11,Z16:Z17) -> 164318117 | AA40: =SUM(AA6:AA8,AA11,AA16:AA17) -> 167391011 | AB40: =SUM(AB6:AB8,AB11,AB16:AB17) -> 171801005 | AC40: =SUM(AC6:AC8,AC11,AC16:AC17) -> 172582372 | ... AG40: =SUM(AG6:AG8,AG11,AG16:AG17) -> 166766243 | AH40: =(AG40/V40)^(1/COUNT(V40:AG40))-1 -> 0.010783416
A41: General Medium | E41: =E24 -> 53.3 | F41: =F24 -> 51.8 | G41: =G24 -> 50.5 | H41: =H24 -> 51.4 | I41: =I24 -> 51.3 | J41: =J24 -> 51.7 | K41: =K24 -> 49.3 | L41: =L24 -> 46.5 | ... N41: =N24 -> 286594 | U41: passenger-HDVs | V41: =SUM(V9,V12,V18:V19) -> 56932873 | W41: =SUM(W9,W12,W18:W19) -> 57194619 | X41: =SUM(X9,X12,X18:X19) -> 60294781 | Y41: =SUM(Y9,Y12,Y18:Y19) -> 62813512 | Z41: =SUM(Z9,Z12,Z18:Z19) -> 67210217 | AA41: =SUM(AA9,AA12,AA18:AA19) -> 70126251 | AB41: =SUM(AB9,AB12,AB18:AB19) -> 73141254 | AC41: =SUM(AC9,AC12,AC18:AC19) -> 73093105 | ... AG41: =SUM(AG9,AG12,AG18:AG19) -> 78966562 | AH41: =(AG41/V41)^(1/COUNT(V41:AG41))-1 -> 0.027637658
A42: Small Dump Truck | E42: =E27 -> 19.9 | F42: =F27 -> 20.4 | G42: =G27 -> 20.9 | H42: =H27 -> 21 | I42: =I27 -> 21.3 | J42: =J27 -> 21.4 | K42: =K27 -> 21.7 | L42: =L27 -> 21.3 | ... N42: =N27 -> 32903 | U42: freight-LDVs | V42: =SUM(V22:V23,V26:V27,V30:V31,V35) -> 43832298 | W42: =SUM(W22:W23,W26:W27,W30:W31,W35) -> 43417239 | X42: =SUM(X22:X23,X26:X27,X30:X31,X35) -> 43559611 | Y42: =SUM(Y22:Y23,Y26:Y27,Y30:Y31,Y35) -> 44592590 | Z42: =SUM(Z22:Z23,Z26:Z27,Z30:Z31,Z35) -> 44778862 | AA42: =SUM(AA22:AA23,AA26:AA27,AA30:AA31,AA35) -> 45074689 | AB42: =SUM(AB22:AB23,AB26:AB27,AB30:AB31,AB35) -> 44270696 | AC42: =SUM(AC22:AC23,AC26:AC27,AC30:AC31,AC35) -> 42047153 | ... AG42: =SUM(AG22:AG23,AG26:AG27,AG30:AG31,AG35) -> 40521374 | AH42: =(AG42/V42)^(1/COUNT(V42:AG42))-1 -> -0.0065237403
A43: Medium Dump Truck | E43: =E28 -> 20.4 | F43: =F28 -> 19.3 | G43: =G28 -> 18.1 | H43: =H28 -> 17.3 | I43: =I28 -> 17 | J43: =J28 -> 16.7 | K43: =K28 -> 15.6 | L43: =L28 -> 14.8 | ... N43: =N28 -> 13477 | U43: freight-HDVs | V43: =SUM(V24,V28,V32,V34,V36) -> 18546407 | W43: =SUM(W24,W28,W32,W34,W36) -> 19281652 | X43: =SUM(X24,X28,X32,X34,X36) -> 20194046 | Y43: =SUM(Y24,Y28,Y32,Y34,Y36) -> 21190464 | Z43: =SUM(Z24,Z28,Z32,Z34,Z36) -> 22576363 | AA43: =SUM(AA24,AA28,AA32,AA34,AA36) -> 24203197 | AB43: =SUM(AB24,AB28,AB32,AB34,AB36) -> 24302694 | AC43: =SUM(AC24,AC28,AC32,AC34,AC36) -> 26906944 | ... AG43: =SUM(AG24,AG28,AG32,AG34,AG36) -> 27984334 | AH43: =(AG43/V43)^(1/COUNT(V43:AG43))-1 -> 0.034875088
A44: Small Van | E44: =E31 -> 39.3 | F44: =F31 -> 38.9 | G44: =G31 -> 40.3 | H44: =H31 -> 39.8 | I44: =I31 -> 41.3 | J44: =J31 -> 39.8 | K44: =K31 -> 40.9 | L44: =L31 -> 41.6 | ... N44: =N31 -> 332770
A45: Medium Van | E45: =E32 -> 41.1 | F45: =F32 -> 38.7 | G45: =G32 -> 36.9 | H45: =H32 -> 34.8 | I45: =I32 -> 33.4 | J45: =J32 -> 29.9 | K45: =K32 -> 30.4 | L45: =L32 -> 28 | ... N45: =N32 -> 5032
A46: Specialized Recovery Vehicle | E46: =E36 -> 60 | F46: =F36 -> 60 | G46: =G36 -> 58.3 | H46: =H36 -> 57.4 | I46: =I36 -> 59.9 | J46: =J36 -> 60.3 | K46: =K36 -> 62.2 | L46: =L36 -> 60.9 | ... N46: =N36 -> 10226 | U46: 2019 | V46: 2020 | W46: 2021 | X46: 2022 | Y46: 2023 | Z46: 2024 | AA46: 2025 | AB46: 2026 | AC46: 2027 | AD46: 2028 | AE46: 2029 | AF46: 2030 | AG46: 2031 | AH46: 2032 | AI46: 2033 | AJ46: 2034 | AK46: 2035 | AL46: 2036 | AM46: 2037 | AN46: 2038 | AO46: 2039 | AP46: 2040 | AQ46: 2041 | AR46: 2042 | AS46: 2043 | AT46: 2044 | AU46: 2045 | AV46: 2046 | AW46: 2047 | AX46: 2048 | AY46: 2049 | AZ46: 2050
T47: passenger-LDVs | U47: =AC40 -> 172582372 | V47: =AD40 -> 170925674 | W47: =AE40 -> 181575888 | X47: =AF40 -> 165534343 | Y47: =AG40 -> 166766243 | Z47: =Y47*(1+$AH40) -> 1.6856455e+08 | AA47: =Z47*(1+$AH40) -> 1.7038225e+08 | AB47: =AA47*(1+$AH40) -> 1.7221956e+08 | AC47: =AB47*(1+$AH40) -> 1.7407667e+08 | AD47: =AC47*(1+$AH40) -> 1.7595381e+08 | AE47: =AD47*(1+$AH40) -> 1.778512e+08 | AF47: =AE47*(1+$AH40) -> 1.7976904e+08 | AG47: =AF47*(1+$AH40) -> 1.8170756e+08 | ... AZ47: =AY47*(1+$AH40) -> 2.2278044e+08
A48: General Large | C48: freight-HDVs | E48: =E25 -> 130.9 | F48: =F25 -> 131 | G48: =G25 -> 133 | H48: =H25 -> 134.4 | I48: =I25 -> 134.5 | J48: =J25 -> 137.9 | K48: =K25 -> 135.7 | L48: =L25 -> 134.8 | ... N48: =N25 -> 159926 | T48: passenger-HDVs | U48: =AC41 -> 73093105 | V48: =AD41 -> 74678461 | W48: =AE41 -> 85191436 | X48: =AF41 -> 77997866 | Y48: =AG41 -> 78966562 | Z48: =Y48*(1+$AH41) -> 81149013 | AA48: =Z48*(1+$AH41) -> 83391782 | AB48: =AA48*(1+$AH41) -> 85696535 | AC48: =AB48*(1+$AH41) -> 88064987 | AD48: =AC48*(1+$AH41) -> 90498897 | AE48: =AD48*(1+$AH41) -> 93000074 | AF48: =AE48*(1+$AH41) -> 95570379 | AG48: =AF48*(1+$AH41) -> 98211720 | ... AZ48: =AY48*(1+$AH41) -> 1.6486312e+08
A49: Large Dump Truck | E49: =E29 -> 21.5 | F49: =F29 -> 19.8 | G49: =G29 -> 19.1 | H49: =H29 -> 19.3 | I49: =I29 -> 20.2 | J49: =J29 -> 20.9 | K49: =K29 -> 19.7 | L49: =L29 -> 19.3 | ... N49: =N29 -> 7048 | T49: freight-LDVs | U49: =AC42 -> 42047153 | V49: =AD42 -> 41821569 | W49: =AE42 -> 42388939 | X49: =AF42 -> 42880883 | Y49: =AG42 -> 40521374 | Z49: =Y49*(1+$AH42) -> 40257023 | AA49: =Z49*(1+$AH42) -> 39994397 | AB49: =AA49*(1+$AH42) -> 39733484 | AC49: =AB49*(1+$AH42) -> 39474273 | AD49: =AC49*(1+$AH42) -> 39216753 | AE49: =AD49*(1+$AH42) -> 38960913 | AF49: =AE49*(1+$AH42) -> 38706742 | AG49: =AF49*(1+$AH42) -> 38454229 | ... AZ49: =AY49*(1+$AH42) -> 33957561
A50: Special Purpose Vehicle | E50: =E33 -> 56.7 | F50: =F33 -> 57.4 | G50: =G33 -> 56.4 | H50: =H33 -> 56.1 | I50: =I33 -> 57.4 | J50: =J33 -> 58.4 | K50: =K33 -> 55.2 | L50: =L33 -> 65.1 | ... N50: =N33 -> 681021 | T50: freight-HDVs | U50: =AC43 -> 26906944 | V50: =AD43 -> 27156380 | W50: =AE43 -> 26891040 | X50: =AF43 -> 29567865 | Y50: =AG43 -> 27984334 | Z50: =Y50*(1+$AH43) -> 28960290 | AA50: =Z50*(1+$AH43) -> 29970283 | AB50: =AA50*(1+$AH43) -> 31015499 | AC50: =AB50*(1+$AH43) -> 32097167 | AD50: =AC50*(1+$AH43) -> 33216559 | AE50: =AD50*(1+$AH43) -> 34374989 | AF50: =AE50*(1+$AH43) -> 35573820 | AG50: =AF50*(1+$AH43) -> 36814460 | ... AZ50: =AY50*(1+$AH43) -> 70613730
A51: Specialized Towing Vehicle | E51: =E35 -> 215.1 | F51: =F35 -> 210.9 | G51: =G35 -> 212.3 | H51: =H35 -> 216.7 | I51: =I35 -> 221.7 | J51: =J35 -> 228.4 | K51: =K35 -> 224.2 | L51: =L35 -> 225.3 | ... N51: =N35 -> 40407
A52: Specialized Operation Vehicle | E52: =E37 -> 28.7 | F52: =F37 -> 29 | G52: =G37 -> 30.2 | H52: =H37 -> 30.4 | I52: =I37 -> 32 | J52: =J37 -> 31.6 | K52: =K37 -> 31.1 | L52: =L37 -> 30.3 | ... N52: =N37 -> 93257
V54: Time (Year) | W54: 2021
V55: Start Year Cargo Dist Transported[LDVs,passenger,battery electric vehicle] : test | W55: 4076090000 | Y55: =W47/V47 -> 1.062309
V56: Start Year Cargo Dist Transported[LDVs,passenger,natural gas vehicle] : test | W56: 195263000 | Y56: =W48/V48 -> 1.1407765
V57: Start Year Cargo Dist Transported[LDVs,passenger,gasoline vehicle] : test | W57: 93549000000
V58: Start Year Cargo Dist Transported[LDVs,passenger,diesel vehicle] : test | W58: 43617500000
D59: year | E59: 2012 | F59: 2013 | G59: 2014 | H59: 2015 | I59: 2016 | J59: 2017 | K59: 2018 | L59: 2019 | M59: 2020 | N59: 차종별 차량 대수(2019) | V59: Start Year Cargo Dist Transported[LDVs,passenger,plugin hybrid vehicle] : test | W59: 15287300000
A60: passenger-LDVs | B60: Passenger car | C60: General (Light, Small, Medium) | E60: =SUMPRODUCT(E7:E9,$N$7:$N$9)/SUM($N$7:$N$9) -> 34.334023 | F60: =SUMPRODUCT(F7:F9,$N$7:$N$9)/SUM($N$7:$N$9) -> 32.83212 | G60: =SUMPRODUCT(G7:G9,$N$7:$N$9)/SUM($N$7:$N$9) -> 33.359701 | H60: =SUMPRODUCT(H7:H9,$N$7:$N$9)/SUM($N$7:$N$9) -> 33.13187 | I60: =SUMPRODUCT(I7:I9,$N$7:$N$9)/SUM($N$7:$N$9) -> 32.649081 | J60: =SUMPRODUCT(J7:J9,$N$7:$N$9)/SUM($N$7:$N$9) -> 32.206191 | K60: =SUMPRODUCT(K7:K9,$N$7:$N$9)/SUM($N$7:$N$9) -> 32.016404 | L60: =SUMPRODUCT(L7:L9,$N$7:$N$9)/SUM($N$7:$N$9) -> 31.675755 | M60: =SUMPRODUCT(M7:M9,$N$7:$N$9)/SUM($N$7:$N$9) -> 30.543872 | N60: =O7 -> 9671497 | V60: Start Year Cargo Dist Transported[LDVs,passenger,LPG vehicle] : test | W60: 12322500000
B61: Passenger car | C61: Multipurpose (Medium) | E61: =E12 -> 42.4 | F61: =F12 -> 40.4 | G61: =G12 -> 40.7 | H61: =H12 -> 39.6 | I61: =I12 -> 40.6 | J61: =J12 -> 40.2 | K61: =K12 -> 40.3 | L61: =L12 -> 39.2 | M61: =M12 -> 39.8 | N61: =O12 -> 4434476 | V61: Start Year Cargo Dist Transported[LDVs,passenger,hydrogen vehicle] : test | W61: 283605000
B62: 승합 | C62: General (Small, Medium) | E62: =SUMPRODUCT(E17:E18,$N$17:$N$18)/SUM($N$17:$N$18) -> 40.586472 | F62: =SUMPRODUCT(F17:F18,$N$17:$N$18)/SUM($N$17:$N$18) -> 35.640978 | G62: =SUMPRODUCT(G17:G18,$N$17:$N$18)/SUM($N$17:$N$18) -> 39.662289 | H62: =SUMPRODUCT(H17:H18,$N$17:$N$18)/SUM($N$17:$N$18) -> 36.426223 | I62: =SUMPRODUCT(I17:I18,$N$17:$N$18)/SUM($N$17:$N$18) -> 38.656962 | J62: =SUMPRODUCT(J17:J18,$N$17:$N$18)/SUM($N$17:$N$18) -> 36.168845 | K62: =SUMPRODUCT(K17:K18,$N$17:$N$18)/SUM($N$17:$N$18) -> 36.799584 | L62: =SUMPRODUCT(L17:L18,$N$17:$N$18)/SUM($N$17:$N$18) -> 34.500812 | M62: =SUMPRODUCT(M17:M18,$N$17:$N$18)/SUM($N$17:$N$18) -> 35.277045 | N62: =O17 -> 505576
A63: passenger-HDVs | B63: Passenger car | C63: General (Large) | E63: =E10 -> 42.7 | F63: =F10 -> 40.3 | G63: =G10 -> 40.6 | H63: =H10 -> 39.5 | I63: =I10 -> 39.7 | J63: =J10 -> 38.9 | K63: =K10 -> 38.7 | L63: =L10 -> 36.6 | M63: =M10 -> 36.2 | N63: =O10 -> 3915864
B64: Passenger car | C64: Multipurpose (Large) | E64: =E13 -> 42.7 | F64: =F13 -> 41.6 | G64: =G13 -> 40.8 | H64: =H13 -> 40.4 | I64: =I13 -> 39.9 | J64: =J13 -> 39.7 | K64: =K13 -> 39 | L64: =L13 -> 38.9 | ... N64: =N13 -> 2070333
B65: Passenger car | C65: Other (Large) | E65: =E14 -> 39.8 | F65: =F14 -> 38.1 | G65: =G14 -> 36.9 | H65: =H14 -> 36.3 | I65: =I14 -> 36.6 | J65: =J14 -> 36.6 | K65: =K14 -> 37.2 | L65: =L14 -> 37.7 | ... N65: =N14 -> 1676858
B66: 승합 | C66: General (Large) | E66: =E19 -> 201 | F66: =F19 -> 194.8 | G66: =G19 -> 193.1 | H66: =H19 -> 191.1 | I66: =I19 -> 193.1 | J66: =J19 -> 195 | K66: =K19 -> 193.3 | L66: =L19 -> 191.4 | ... N66: =N19 -> 122259
B67: 승합 | C67: Special | E67: =E20 -> 42.4 | F67: =F20 -> 42.3 | G67: =G20 -> 43.1 | H67: =H20 -> 43.3 | I67: =I20 -> 42.7 | J67: =J20 -> 39.1 | K67: =K20 -> 33.1 | L67: =L20 -> 28.2 | ... N67: =N20 -> 38331
B70: CAGR
B72: psgr | C72: LDVs | E72: =SUMPRODUCT(E60:E62,$N$60:$N$62)/SUM($N$60:$N$62) -> 36.998317 | F72: =SUMPRODUCT(F60:F62,$N$60:$N$62)/SUM($N$60:$N$62) -> 35.226094 | G72: =SUMPRODUCT(G60:G62,$N$60:$N$62)/SUM($N$60:$N$62) -> 35.805494 | H72: =SUMPRODUCT(H60:H62,$N$60:$N$62)/SUM($N$60:$N$62) -> 35.208878 | I72: =SUMPRODUCT(I60:I62,$N$60:$N$62)/SUM($N$60:$N$62) -> 35.269994 | J72: =SUMPRODUCT(J60:J62,$N$60:$N$62)/SUM($N$60:$N$62) -> 34.769354 | K72: =SUMPRODUCT(K60:K62,$N$60:$N$62)/SUM($N$60:$N$62) -> 34.695905 | L72: =SUMPRODUCT(L60:L62,$N$60:$N$62)/SUM($N$60:$N$62) -> 34.057047 | M72: =SUMPRODUCT(M60:M62,$N$60:$N$62)/SUM($N$60:$N$62) -> 33.516798 | N72: =(M72/E72)^(1/8)-1 -> -0.012277224
C73: HDVs | E73: =SUMPRODUCT(E63:E67,$N$63:$N$67)/SUM($N$63:$N$67) -> 44.550699 | F73: =SUMPRODUCT(F63:F67,$N$63:$N$67)/SUM($N$63:$N$67) -> 42.596631 | G73: =SUMPRODUCT(G63:G67,$N$63:$N$67)/SUM($N$63:$N$67) -> 42.255241 | H73: =SUMPRODUCT(H63:H67,$N$63:$N$67)/SUM($N$63:$N$67) -> 41.43995 | I73: =SUMPRODUCT(I63:I67,$N$63:$N$67)/SUM($N$63:$N$67) -> 41.500354 | J73: =SUMPRODUCT(J63:J67,$N$63:$N$67)/SUM($N$63:$N$67) -> 41.059069 | K73: =SUMPRODUCT(K63:K67,$N$63:$N$67)/SUM($N$63:$N$67) -> 40.846365 | L73: =SUMPRODUCT(L63:L67,$N$63:$N$67)/SUM($N$63:$N$67) -> 39.822286 | M73: =SUMPRODUCT(M63:M67,$N$63:$N$67)/SUM($N$63:$N$67) -> 39.31511 | N73: =(M73/E73)^(1/8)-1 -> -0.015505891
B74: frgt | C74: LDVs | E74: =SUMPRODUCT(E40:E46,$N$40:$N$46)/SUM($N$40:$N$46) -> 43.819351 | F74: =SUMPRODUCT(F40:F46,$N$40:$N$46)/SUM($N$40:$N$46) -> 43.543821 | G74: =SUMPRODUCT(G40:G46,$N$40:$N$46)/SUM($N$40:$N$46) -> 43.26176 | H74: =SUMPRODUCT(H40:H46,$N$40:$N$46)/SUM($N$40:$N$46) -> 43.818509 | I74: =SUMPRODUCT(I40:I46,$N$40:$N$46)/SUM($N$40:$N$46) -> 43.30328 | J74: =SUMPRODUCT(J40:J46,$N$40:$N$46)/SUM($N$40:$N$46) -> 43.699181 | K74: =SUMPRODUCT(K40:K46,$N$40:$N$46)/SUM($N$40:$N$46) -> 42.753512 | L74: =SUMPRODUCT(L40:L46,$N$40:$N$46)/SUM($N$40:$N$46) -> 40.324537 | M74: =SUMPRODUCT(M40:M46,$N$40:$N$46)/SUM($N$40:$N$46) -> 40.360947 | N74: =(M74/E74)^(1/8)-1 -> -0.010223985
C75: HDVs | E75: =SUMPRODUCT(E48:E52,$N$48:$N$52)/SUM($N$48:$N$52) -> 72.395565 | F75: =SUMPRODUCT(F48:F52,$N$48:$N$52)/SUM($N$48:$N$52) -> 72.740892 | G75: =SUMPRODUCT(G48:G52,$N$48:$N$52)/SUM($N$48:$N$52) -> 72.539575 | H75: =SUMPRODUCT(H48:H52,$N$48:$N$52)/SUM($N$48:$N$52) -> 72.76108 | I75: =SUMPRODUCT(I48:I52,$N$48:$N$52)/SUM($N$48:$N$52) -> 74.04351 | J75: =SUMPRODUCT(J48:J52,$N$48:$N$52)/SUM($N$48:$N$52) -> 75.533974 | K75: =SUMPRODUCT(K48:K52,$N$48:$N$52)/SUM($N$48:$N$52) -> 72.726583 | L75: =SUMPRODUCT(L48:L52,$N$48:$N$52)/SUM($N$48:$N$52) -> 79.414443 | M75: =SUMPRODUCT(M48:M52,$N$48:$N$52)/SUM($N$48:$N$52) -> 78.452144 | N75: =(M75/E75)^(1/8)-1 -> 0.010093572
B77: psgr | C77: LDVs | E77: 1458 | F77: 1508 | G77: 1575 | H77: 1656 | I77: 1734 | J77: 1804 | K77: 1868 | L77: 1918 | M77: 1986 | N77: =(M77/E77)^(1/8)-1 -> 0.03938804
C78: HDVs | E78: 99 | F78: 97 | G78: 95 | H78: 92 | I78: 89 | J78: 87 | K78: 84 | L78: 81 | M78: 78 | N78: =(M78/E78)^(1/8)-1 -> -0.029361695
B79: frgt | C79: LDVs | E79: 324 | F79: 329 | G79: 335 | H79: 343 | I79: 349 | J79: 354 | K79: 359 | L79: 359 | M79: 362 | N79: =(M79/E79)^(1/8)-1 -> 0.013959118
C80: HDVs | E80: 324 | F80: 329 | G80: 335 | H80: 343 | I80: 349 | J80: 354 | K80: 359 | L80: 359 | M80: 362 | N80: =(M80/E80)^(1/8)-1 -> 0.013959118
O81: Average Annual Growth
B82: psgr | C82: LDVs | E82: =E72*E77 -> 53943.547 | F82: =F72*F77 -> 53120.95 | G82: =G72*G77 -> 56393.653 | H82: =H72*H77 -> 58305.903 | I82: =I72*I77 -> 61158.17 | J82: =J72*J77 -> 62723.914 | K82: =K72*K77 -> 64811.951 | L82: =L72*L77 -> 65321.416 | M82: =M72*M77 -> 66564.361 | N82: =(M82/E82)^(1/8)-1 -> 0.02662724 | O82: =(M82-E82)/8 -> 1577.6017
C83: HDVs | E83: =E73*E78 -> 4410.5192 | F83: =F73*F78 -> 4131.8732 | G83: =G73*G78 -> 4014.2479 | H83: =H73*H78 -> 3812.4754 | I83: =I73*I78 -> 3693.5315 | J83: =J73*J78 -> 3572.139 | K83: =K73*K78 -> 3431.0947 | L83: =L73*L78 -> 3225.6052 | M83: =M73*M78 -> 3066.5786 | N83: =(M83/E83)^(1/8)-1 -> -0.044412307 | O83: =(M83-E83)/8 -> -167.99258
B84: frgt | C84: LDVs | E84: =E74*E79 -> 14197.47 | F84: =F74*F79 -> 14325.917 | G84: =G74*G79 -> 14492.69 | H84: =H74*H79 -> 15029.749 | I84: =I74*I79 -> 15112.845 | J84: =J74*J79 -> 15469.51 | K84: =K74*K79 -> 15348.511 | L84: =L74*L79 -> 14476.509 | M84: =M74*M79 -> 14610.663 | N84: =(M84/E84)^(1/8)-1 -> 0.0035924158 | O84: =(M84-E84)/8 -> 51.64913
C85: HDVs | E85: =E75*E80 -> 23456.163 | F85: =F75*F80 -> 23931.753 | G85: =G75*G80 -> 24300.758 | H85: =H75*H80 -> 24957.05 | I85: =I75*I80 -> 25841.185 | J85: =J75*J80 -> 26739.027 | K85: =K75*K80 -> 26108.843 | L85: =L75*L80 -> 28509.785 | M85: =M75*M80 -> 28399.676 | N85: =(M85/E85)^(1/8)-1 -> 0.024193587 | O85: =(M85-E85)/8 -> 617.93916
E88: 2019 | F88: 2020 | G88: 2021 | H88: 2022 | I88: 2023 | J88: 2024 | K88: 2025 | L88: 2026 | M88: 2027 | N88: 2028 | O88: 2029 | P88: 2030 | Q88: 2031 | R88: 2032 | S88: 2033 | T88: 2034 | U88: 2035 | V88: 2036 | W88: 2037 | X88: 2038 | Y88: 2039 | Z88: 2040 | AA88: 2041 | AB88: 2042 | AC88: 2043 | AD88: 2044 | AE88: 2045 | AF88: 2046 | AG88: 2047 | AH88: 2048 | AI88: 2049 | AJ88: 2050
B89: psgr | C89: LDVs | E89: =L82 -> 65321.416 | F89: =E89+$O82 -> 66899.018 | G89: =F89+$O82 -> 68476.619 | H89: =G89+$O82 -> 70054.221 | I89: =H89+$O82 -> 71631.823 | J89: =I89+$O82 -> 73209.425 | K89: =J89+$O82 -> 74787.026 | L89: =K89+$O82 -> 76364.628 | M89: =L89+$O82 -> 77942.23 | ... AJ89: =AI89+$O82 -> 114227.07
C90: HDVs | E90: =L83 -> 3225.6052 | F90: =E90+$O83 -> 3057.6126 | G90: =F90+$O83 -> 2889.62 | H90: =G90+$O83 -> 2721.6274 | I90: =H90+$O83 -> 2553.6349 | J90: =I90+$O83 -> 2385.6423 | K90: =J90+$O83 -> 2217.6497 | L90: =K90+$O83 -> 2049.6571 | M90: =L90+$O83 -> 1881.6646 | ... AJ90: =AI90+$O83 -> -1982.1647
B91: frgt | C91: LDVs | E91: =L84 -> 14476.509 | F91: =E91+$O84 -> 14528.158 | G91: =F91+$O84 -> 14579.807 | H91: =G91+$O84 -> 14631.456 | I91: =H91+$O84 -> 14683.105 | J91: =I91+$O84 -> 14734.755 | K91: =J91+$O84 -> 14786.404 | L91: =K91+$O84 -> 14838.053 | M91: =L91+$O84 -> 14889.702 | ... AJ91: =AI91+$O84 -> 16077.632
C92: HDVs | E92: =L85 -> 28509.785 | F92: =E92+$O85 -> 29127.724 | G92: =F92+$O85 -> 29745.663 | H92: =G92+$O85 -> 30363.602 | I92: =H92+$O85 -> 30981.542 | J92: =I92+$O85 -> 31599.481 | K92: =J92+$O85 -> 32217.42 | L92: =K92+$O85 -> 32835.359 | M92: =L92+$O85 -> 33453.298 | ... AJ92: =AI92+$O85 -> 47665.899

Sheet DV-CAGR
A1: 자동차등록용도별 | B1: 차종별 | C1: 유형별 | D1: 규모별 | E1: 2012 | F1: 2013 | G1: 2014 | H1: 2015 | I1: 2016 | J1: 2017 | K1: 2018 | L1: 2019 | M1: 2020
A2: 자동차등록용도별 | B2: 차종별 | C2: 유형별 | D2: 규모별 | E2: 1일 평균주행거리 (㎞/대) | F2: 1일 평균주행거리 (㎞/대) | G2: 1일 평균주행거리 (㎞/대) | H2: 1일 평균주행거리 (㎞/대) | I2: 1일 평균주행거리 (㎞/대) | J2: 1일 평균주행거리 (㎞/대) | K2: 1일 평균주행거리 (㎞/대) | L2: 1일 평균주행거리 (㎞/대) | M2: 1일 평균주행거리 (㎞/대) | N2: 규모별 대수(2019)
A3: 자동차등록용도별 | B3: 차종별 | C3: 유형별 | D3: 규모별 | E3: 전국 | F3: 전국 | G3: 전국 | H3: 전국 | I3: 전국 | J3: 전국 | K3: 전국 | L3: 전국 | M3: 전국
A4: 전체 | B4: 합계 | C4: 합계 | D4: 합계 | E4: 41 | F4: 39.7 | G4: 40.2 | H4: 39.8 | I4: 39.7 | J4: 39.5 | K4: 39.2 | L4: 38.5 | M4: 37.9
B5: 승용차 | C5: 합계 | D5: 합계 | E5: 37.5 | F5: 36 | G5: 36.5 | H5: 36.1 | I5: 36.1 | J5: 35.8 | K5: 35.8 | L5: 35.1 | M5: 34.7
C6: 일반형 | D6: 합계 | E6: 36.1 | F6: 34.7 | G6: 35.4 | H6: 35.1 | I6: 34.8 | J6: 34.5 | K6: 34.3 | L6: 33.6 | M6: 32.7
D7: 경형 | E7: 25.8 | F7: 24.5 | G7: 24.2 | H7: 24.7 | I7: 25.5 | J7: 24.4 | K7: 23.7 | L7: 25 | M7: 24.2 | N7: ='BAADTbVT_DV-km'!F7 -> 2187909 | O7: =SUM(N7:N9) -> 9671497
D8: 소형 | E8: 24.7 | F8: 22.6 | G8: 23.1 | H8: 22.3 | I8: 22.7 | J8: 22 | K8: 21.6 | L8: 20.6 | M8: 20 | N8: ='BAADTbVT_DV-km'!F8 -> 759979
D9: 중형 | E9: 38.2 | F9: 36.7 | G9: 37.5 | H9: 37.1 | I9: 36.1 | J9: 35.9 | K9: 35.9 | L9: 35.1 | M9: 33.8 | N9: ='BAADTbVT_DV-km'!F9 -> 6723609
D10: 대형 | E10: 42.7 | F10: 40.3 | G10: 40.6 | H10: 39.5 | I10: 39.7 | J10: 38.9 | K10: 38.7 | L10: 36.6 | M10: 36.2 | N10: ='BAADTbVT_DV-km'!F10 -> 3915864 | O10: =N10 -> 3915864
C11: 다목적형 | D11: 합계 | E11: 42.5 | F11: 40.9 | G11: 40.8 | H11: 39.9 | I11: 40.4 | J11: 40 | K11: 39.9 | L11: 39.1 | M11: 39.3
D12: 중형 | E12: 42.4 | F12: 40.4 | G12: 40.7 | H12: 39.6 | I12: 40.6 | J12: 40.2 | K12: 40.3 | L12: 39.2 | M12: 39.8 | N12: ='BAADTbVT_DV-km'!F12 -> 4434476 | O12: =N12 -> 4434476
D13: 대형 | E13: 42.7 | F13: 41.6 | G13: 40.8 | H13: 40.4 | I13: 39.9 | J13: 39.7 | K13: 39 | L13: 38.9 | M13: 38.1 | N13: ='BAADTbVT_DV-km'!F13 -> 2070333 | O13: =SUM(N13:N14) -> 3747191
C14: 기타형 | D14: 합계 | E14: 39.8 | F14: 38.1 | G14: 36.9 | H14: 36.3 | I14: 36.6 | J14: 36.6 | K14: 37.2 | L14: 37.7 | M14: 38.6 | N14: ='BAADTbVT_DV-km'!F14 -> 1676858
B15: 승합차 | C15: 합계 | D15: 합계 | E15: 56.7 | F15: 54.6 | G15: 59.2 | H15: 57.9 | I15: 59.9 | J15: 60.1 | K15: 59.8 | L15: 59.2 | M15: 55.1
C16: 일반형 | D16: 합계 | E16: 57 | F16: 54.8 | G16: 59.5 | H16: 58.2 | I16: 60.3 | J16: 60.8 | K16: 60.7 | L16: 60.5 | M16: 56.5
D17: 소형 | E17: 40.4 | F17: 35.3 | G17: 39.3 | H17: 36 | I17: 38.3 | J17: 35.7 | K17: 36.4 | L17: 34 | M17: 35 | N17: ='BAADTbVT_DV-km'!F17 -> 478640 | O17: =SUM(N17:N18) -> 505576
D18: 중형 | E18: 43.9 | F18: 41.7 | G18: 46.1 | H18: 44 | I18: 45 | J18: 44.5 | K18: 43.9 | L18: 43.4 | M18: 40.2 | N18: ='BAADTbVT_DV-km'!F18 -> 26936
D19: 대형 | E19: 201 | F19: 194.8 | G19: 193.1 | H19: 191.1 | I19: 193.1 | J19: 195 | K19: 193.3 | L19: 191.4 | M19: 173.9 | N19: ='BAADTbVT_DV-km'!F19 -> 122259 | O19: =SUM(N19:N20) -> 160590
C20: 특수용도형 | D20: 합계 | E20: 42.4 | F20: 42.3 | G20: 43.1 | H20: 43.3 | I20: 42.7 | J20: 39.1 | K20: 33.1 | L20: 28.2 | M20: 25.2 | N20: ='BAADTbVT_DV-km'!F20 -> 38331
B21: 화물차 | C21: 합계 | D21: 합계 | E21: 50.2 | F21: 49.9 | G21: 49.8 | H21: 50.3 | I21: 50.2 | J21: 50.9 | K21: 49.7 | L21: 49.4 | M21: 49.4
C22: 일반형 | D22: 합계 | E22: 52.7 | F22: 52.3 | G22: 51.8 | H22: 52.5 | I22: 51.7 | J22: 52.6 | K22: 51.1 | L22: 48.3 | M22: 48.1
D23: 소형 | E23: 43.7 | F23: 43.6 | G23: 43.2 | H23: 43.9 | I23: 43 | J23: 43.7 | K23: 42.6 | L23: 39.7 | M23: 39.2 | N23: ='BAADTbVT_DV-km'!F23 -> 2197972 | O23: =SUM(N23:N24) -> 2484566
D24: 중형 | E24: 53.3 | F24: 51.8 | G24: 50.5 | H24: 51.4 | I24: 51.3 | J24: 51.7 | K24: 49.3 | L24: 46.5 | M24: 50.6 | N24: ='BAADTbVT_DV-km'!F24 -> 286594
D25: 대형 | E25: 130.9 | F25: 131 | G25: 133 | H25: 134.4 | I25: 134.5 | J25: 137.9 | K25: 135.7 | L25: 134.8 | M25: 133.1 | N25: ='BAADTbVT_DV-km'!F25 -> 159926 | O25: =N25 -> 159926
C26: 덤프형 | D26: 합계 | E26: 20.4 | F26: 19.8 | G26: 19.3 | H26: 19.1 | I26: 19.3 | J26: 19.4 | K26: 19 | L26: 18.5 | M26: 18.6
D27: 소형 | E27: 19.9 | F27: 20.4 | G27: 20.9 | H27: 21 | I27: 21.3 | J27: 21.4 | K27: 21.7 | L27: 21.3 | M27: 21.4 | N27: ='BAADTbVT_DV-km'!F27 -> 32903 | O27: =SUM(N27:N28) -> 46380
D28: 중형 | E28: 20.4 | F28: 19.3 | G28: 18.1 | H28: 17.3 | I28: 17 | J28: 16.7 | K28: 15.6 | L28: 14.8 | M28: 14.4 | N28: ='BAADTbVT_DV-km'!F28 -> 13477
D29: 대형 | E29: 21.5 | F29: 19.8 | G29: 19.1 | H29: 19.3 | I29: 20.2 | J29: 20.9 | K29: 19.7 | L29: 19.3 | M29: 19.7 | N29: ='BAADTbVT_DV-km'!F29 -> 7048 | O29: =N29 -> 7048
C30: 밴형 | D30: 합계 | E30: 39.6 | F30: 38.8 | G30: 39.6 | H30: 38.9 | I30: 39.9 | J30: 38.2 | K30: 39.4 | L30: 39.9 | M30: 40.1
D31: 소형 | E31: 39.3 | F31: 38.9 | G31: 40.3 | H31: 39.8 | I31: 41.3 | J31: 39.8 | K31: 40.9 | L31: 41.6 | M31: 41.7 | N31: ='BAADTbVT_DV-km'!F31 -> 332770 | O31: =SUM(N31:N32) -> 337802
D32: 중형 | E32: 41.1 | F32: 38.7 | G32: 36.9 | H32: 34.8 | I32: 33.4 | J32: 29.9 | K32: 30.4 | L32: 28 | M32: 26.1 | N32: ='BAADTbVT_DV-km'!F32 -> 5032
C33: 특수용도형 | D33: 합계 | E33: 56.7 | F33: 57.4 | G33: 56.4 | H33: 56.1 | I33: 57.4 | J33: 58.4 | K33: 55.2 | L33: 65.1 | M33: 64.6 | N33: ='BAADTbVT_DV-km'!F33 -> 681021 | O33: =N33 -> 681021
B34: 특수차 | C34: 합계 | D34: 합계 | E34: 137.3 | F34: 132.7 | G34: 132.5 | H34: 129.4 | I34: 128.7 | J34: 128 | K34: 121.5 | L34: 116.9 | M34: 108.7
C35: 견인형 | D35: 합계 | E35: 215.1 | F35: 210.9 | G35: 212.3 | H35: 216.7 | I35: 221.7 | J35: 228.4 | K35: 224.2 | L35: 225.3 | M35: 220.7 | N35: ='BAADTbVT_DV-km'!F35 -> 40407 | O35: =SUM(N35,N37) -> 133664
C36: 구난형 | D36: 합계 | E36: 60 | F36: 60 | G36: 58.3 | H36: 57.4 | I36: 59.9 | J36: 60.3 | K36: 62.2 | L36: 60.9 | M36: 61.6 | N36: ='BAADTbVT_DV-km'!F36 -> 10226 | O36: =N36 -> 10226
C37: 특수작업형 | D37: 합계 | E37: 28.7 | F37: 29 | G37: 30.2 | H37: 30.4 | I37: 32 | J37: 31.6 | K37: 31.1 | L37: 30.3 | M37: 28.7 | N37: ='BAADTbVT_DV-km'!F37 -> 93257
D39: year | E39: 2012 | F39: 2013 | G39: 2014 | H39: 2015 | I39: 2016 | J39: 2017 | K39: 2018 | L39: 2019 | M39: 2020 | N39: 규모별 대수(2019)
C40: freight-LDVs | E40: =E23 -> 43.7 | F40: =F23 -> 43.6 | G40: =G23 -> 43.2 | H40: =H23 -> 43.9 | I40: =I23 -> 43 | J40: =J23 -> 43.7 | K40: =K23 -> 42.6 | L40: =L23 -> 39.7 | ... N40: =N23 -> 2197972
E41: =E24 -> 53.3 | F41: =F24 -> 51.8 | G41: =G24 -> 50.5 | H41: =H24 -> 51.4 | I41: =I24 -> 51.3 | J41: =J24 -> 51.7 | K41: =K24 -> 49.3 | L41: =L24 -> 46.5 | ... N41: =N24 -> 286594
E42: =E27 -> 19.9 | F42: =F27 -> 20.4 | G42: =G27 -> 20.9 | H42: =H27 -> 21 | I42: =I27 -> 21.3 | J42: =J27 -> 21.4 | K42: =K27 -> 21.7 | L42: =L27 -> 21.3 | ... N42: =N27 -> 32903
E43: =E28 -> 20.4 | F43: =F28 -> 19.3 | G43: =G28 -> 18.1 | H43: =H28 -> 17.3 | I43: =I28 -> 17 | J43: =J28 -> 16.7 | K43: =K28 -> 15.6 | L43: =L28 -> 14.8 | ... N43: =N28 -> 13477
E44: =E31 -> 39.3 | F44: =F31 -> 38.9 | G44: =G31 -> 40.3 | H44: =H31 -> 39.8 | I44: =I31 -> 41.3 | J44: =J31 -> 39.8 | K44: =K31 -> 40.9 | L44: =L31 -> 41.6 | ... N44: =N31 -> 332770
E45: =E32 -> 41.1 | F45: =F32 -> 38.7 | G45: =G32 -> 36.9 | H45: =H32 -> 34.8 | I45: =I32 -> 33.4 | J45: =J32 -> 29.9 | K45: =K32 -> 30.4 | L45: =L32 -> 28 | ... N45: =N32 -> 5032
E46: =E36 -> 60 | F46: =F36 -> 60 | G46: =G36 -> 58.3 | H46: =H36 -> 57.4 | I46: =I36 -> 59.9 | J46: =J36 -> 60.3 | K46: =K36 -> 62.2 | L46: =L36 -> 60.9 | ... N46: =N36 -> 10226
C48: freight-HDVs | E48: =E25 -> 130.9 | F48: =F25 -> 131 | G48: =G25 -> 133 | H48: =H25 -> 134.4 | I48: =I25 -> 134.5 | J48: =J25 -> 137.9 | K48: =K25 -> 135.7 | L48: =L25 -> 134.8 | ... N48: =N25 -> 159926
E49: =E29 -> 21.5 | F49: =F29 -> 19.8 | G49: =G29 -> 19.1 | H49: =H29 -> 19.3 | I49: =I29 -> 20.2 | J49: =J29 -> 20.9 | K49: =K29 -> 19.7 | L49: =L29 -> 19.3 | ... N49: =N29 -> 7048
E50: =E33 -> 56.7 | F50: =F33 -> 57.4 | G50: =G33 -> 56.4 | H50: =H33 -> 56.1 | I50: =I33 -> 57.4 | J50: =J33 -> 58.4 | K50: =K33 -> 55.2 | L50: =L33 -> 65.1 | ... N50: =N33 -> 681021
E51: =E35 -> 215.1 | F51: =F35 -> 210.9 | G51: =G35 -> 212.3 | H51: =H35 -> 216.7 | I51: =I35 -> 221.7 | J51: =J35 -> 228.4 | K51: =K35 -> 224.2 | L51: =L35 -> 225.3 | ... N51: =N35 -> 40407
E52: =E37 -> 28.7 | F52: =F37 -> 29 | G52: =G37 -> 30.2 | H52: =H37 -> 30.4 | I52: =I37 -> 32 | J52: =J37 -> 31.6 | K52: =K37 -> 31.1 | L52: =L37 -> 30.3 | ... N52: =N37 -> 93257
D59: year | E59: 2012 | F59: 2013 | G59: 2014 | H59: 2015 | I59: 2016 | J59: 2017 | K59: 2018 | L59: 2019 | M59: 2020 | N59: 차종별 차량 대수(2019)
A60: passenger-LDVs | B60: 승용 | C60: 일반(경,소,중) | E60: =SUMPRODUCT(E7:E9,$N$7:$N$9)/SUM($N$7:$N$9) -> 34.334023 | F60: =SUMPRODUCT(F7:F9,$N$7:$N$9)/SUM($N$7:$N$9) -> 32.83212 | G60: =SUMPRODUCT(G7:G9,$N$7:$N$9)/SUM($N$7:$N$9) -> 33.359701 | H60: =SUMPRODUCT(H7:H9,$N$7:$N$9)/SUM($N$7:$N$9) -> 33.13187 | I60: =SUMPRODUCT(I7:I9,$N$7:$N$9)/SUM($N$7:$N$9) -> 32.649081 | J60: =SUMPRODUCT(J7:J9,$N$7:$N$9)/SUM($N$7:$N$9) -> 32.206191 | K60: =SUMPRODUCT(K7:K9,$N$7:$N$9)/SUM($N$7:$N$9) -> 32.016404 | L60: =SUMPRODUCT(L7:L9,$N$7:$N$9)/SUM($N$7:$N$9) -> 31.675755 | M60: =SUMPRODUCT(M7:M9,$N$7:$N$9)/SUM($N$7:$N$9) -> 30.543872 | N60: =O7 -> 9671497
B61: 승용 | C61: 다목적(중) | E61: =E12 -> 42.4 | F61: =F12 -> 40.4 | G61: =G12 -> 40.7 | H61: =H12 -> 39.6 | I61: =I12 -> 40.6 | J61: =J12 -> 40.2 | K61: =K12 -> 40.3 | L61: =L12 -> 39.2 | M61: =M12 -> 39.8 | N61: =O12 -> 4434476
B62: 승합 | C62: 일반(소,중) | E62: =SUMPRODUCT(E17:E18,$N$17:$N$18)/SUM($N$17:$N$18) -> 40.586472 | F62: =SUMPRODUCT(F17:F18,$N$17:$N$18)/SUM($N$17:$N$18) -> 35.640978 | G62: =SUMPRODUCT(G17:G18,$N$17:$N$18)/SUM($N$17:$N$18) -> 39.662289 | H62: =SUMPRODUCT(H17:H18,$N$17:$N$18)/SUM($N$17:$N$18) -> 36.426223 | I62: =SUMPRODUCT(I17:I18,$N$17:$N$18)/SUM($N$17:$N$18) -> 38.656962 | J62: =SUMPRODUCT(J17:J18,$N$17:$N$18)/SUM($N$17:$N$18) -> 36.168845 | K62: =SUMPRODUCT(K17:K18,$N$17:$N$18)/SUM($N$17:$N$18) -> 36.799584 | L62: =SUMPRODUCT(L17:L18,$N$17:$N$18)/SUM($N$17:$N$18) -> 34.500812 | M62: =SUMPRODUCT(M17:M18,$N$17:$N$18)/SUM($N$17:$N$18) -> 35.277045 | N62: =O17 -> 505576
A63: passenger-HDVs | B63: 승용 | C63: 일반(대) | E63: =E10 -> 42.7 | F63: =F10 -> 40.3 | G63: =G10 -> 40.6 | H63: =H10 -> 39.5 | I63: =I10 -> 39.7 | J63: =J10 -> 38.9 | K63: =K10 -> 38.7 | L63: =L10 -> 36.6 | M63: =M10 -> 36.2 | N63: =O10 -> 3915864
B64: 승용 | C64: 다목적(대) | E64: =E13 -> 42.7 | F64: =F13 -> 41.6 | G64: =G13 -> 40.8 | H64: =H13 -> 40.4 | I64: =I13 -> 39.9 | J64: =J13 -> 39.7 | K64: =K13 -> 39 | L64: =L13 -> 38.9 | ... N64: =N13 -> 2070333
B65: 승용 | C65: 기타(대) | E65: =E14 -> 39.8 | F65: =F14 -> 38.1 | G65: =G14 -> 36.9 | H65: =H14 -> 36.3 | I65: =I14 -> 36.6 | J65: =J14 -> 36.6 | K65: =K14 -> 37.2 | L65: =L14 -> 37.7 | ... N65: =N14 -> 1676858
B66: 승합 | C66: 일반(대) | E66: =E19 -> 201 | F66: =F19 -> 194.8 | G66: =G19 -> 193.1 | H66: =H19 -> 191.1 | I66: =I19 -> 193.1 | J66: =J19 -> 195 | K66: =K19 -> 193.3 | L66: =L19 -> 191.4 | ... N66: =N19 -> 122259
B67: 승합 | C67: 특수용 | E67: =E20 -> 42.4 | F67: =F20 -> 42.3 | G67: =G20 -> 43.1 | H67: =H20 -> 43.3 | I67: =I20 -> 42.7 | J67: =J20 -> 39.1 | K67: =K20 -> 33.1 | L67: =L20 -> 28.2 | ... N67: =N20 -> 38331
B70: CAGR
B72: psgr | C72: LDVs | E72: =SUMPRODUCT(E60:E62,$N$60:$N$62)/SUM($N$60:$N$62) -> 36.998317 | F72: =SUMPRODUCT(F60:F62,$N$60:$N$62)/SUM($N$60:$N$62) -> 35.226094 | G72: =SUMPRODUCT(G60:G62,$N$60:$N$62)/SUM($N$60:$N$62) -> 35.805494 | H72: =SUMPRODUCT(H60:H62,$N$60:$N$62)/SUM($N$60:$N$62) -> 35.208878 | I72: =SUMPRODUCT(I60:I62,$N$60:$N$62)/SUM($N$60:$N$62) -> 35.269994 | J72: =SUMPRODUCT(J60:J62,$N$60:$N$62)/SUM($N$60:$N$62) -> 34.769354 | K72: =SUMPRODUCT(K60:K62,$N$60:$N$62)/SUM($N$60:$N$62) -> 34.695905 | L72: =SUMPRODUCT(L60:L62,$N$60:$N$62)/SUM($N$60:$N$62) -> 34.057047 | M72: =SUMPRODUCT(M60:M62,$N$60:$N$62)/SUM($N$60:$N$62) -> 33.516798 | N72: =(M72/E72)^(1/8)-1 -> -0.012277224
C73: HDVs | E73: =SUMPRODUCT(E63:E67,$N$63:$N$67)/SUM($N$63:$N$67) -> 44.550699 | F73: =SUMPRODUCT(F63:F67,$N$63:$N$67)/SUM($N$63:$N$67) -> 42.596631 | G73: =SUMPRODUCT(G63:G67,$N$63:$N$67)/SUM($N$63:$N$67) -> 42.255241 | H73: =SUMPRODUCT(H63:H67,$N$63:$N$67)/SUM($N$63:$N$67) -> 41.43995 | I73: =SUMPRODUCT(I63:I67,$N$63:$N$67)/SUM($N$63:$N$67) -> 41.500354 | J73: =SUMPRODUCT(J63:J67,$N$63:$N$67)/SUM($N$63:$N$67) -> 41.059069 | K73: =SUMPRODUCT(K63:K67,$N$63:$N$67)/SUM($N$63:$N$67) -> 40.846365 | L73: =SUMPRODUCT(L63:L67,$N$63:$N$67)/SUM($N$63:$N$67) -> 39.822286 | M73: =SUMPRODUCT(M63:M67,$N$63:$N$67)/SUM($N$63:$N$67) -> 39.31511 | N73: =(M73/E73)^(1/8)-1 -> -0.015505891
B74: frgt | C74: LDVs | E74: =SUMPRODUCT(E40:E46,$N$40:$N$46)/SUM($N$40:$N$46) -> 43.819351 | F74: =SUMPRODUCT(F40:F46,$N$40:$N$46)/SUM($N$40:$N$46) -> 43.543821 | G74: =SUMPRODUCT(G40:G46,$N$40:$N$46)/SUM($N$40:$N$46) -> 43.26176 | H74: =SUMPRODUCT(H40:H46,$N$40:$N$46)/SUM($N$40:$N$46) -> 43.818509 | I74: =SUMPRODUCT(I40:I46,$N$40:$N$46)/SUM($N$40:$N$46) -> 43.30328 | J74: =SUMPRODUCT(J40:J46,$N$40:$N$46)/SUM($N$40:$N$46) -> 43.699181 | K74: =SUMPRODUCT(K40:K46,$N$40:$N$46)/SUM($N$40:$N$46) -> 42.753512 | L74: =SUMPRODUCT(L40:L46,$N$40:$N$46)/SUM($N$40:$N$46) -> 40.324537 | M74: =SUMPRODUCT(M40:M46,$N$40:$N$46)/SUM($N$40:$N$46) -> 40.360947 | N74: =(M74/E74)^(1/8)-1 -> -0.010223985
C75: HDVs | E75: =SUMPRODUCT(E48:E52,$N$48:$N$52)/SUM($N$48:$N$52) -> 72.395565 | F75: =SUMPRODUCT(F48:F52,$N$48:$N$52)/SUM($N$48:$N$52) -> 72.740892 | G75: =SUMPRODUCT(G48:G52,$N$48:$N$52)/SUM($N$48:$N$52) -> 72.539575 | H75: =SUMPRODUCT(H48:H52,$N$48:$N$52)/SUM($N$48:$N$52) -> 72.76108 | I75: =SUMPRODUCT(I48:I52,$N$48:$N$52)/SUM($N$48:$N$52) -> 74.04351 | J75: =SUMPRODUCT(J48:J52,$N$48:$N$52)/SUM($N$48:$N$52) -> 75.533974 | K75: =SUMPRODUCT(K48:K52,$N$48:$N$52)/SUM($N$48:$N$52) -> 72.726583 | L75: =SUMPRODUCT(L48:L52,$N$48:$N$52)/SUM($N$48:$N$52) -> 79.414443 | M75: =SUMPRODUCT(M48:M52,$N$48:$N$52)/SUM($N$48:$N$52) -> 78.452144 | N75: =(M75/E75)^(1/8)-1 -> 0.010093572
B77: psgr | C77: LDVs | E77: 1458 | F77: 1508 | G77: 1575 | H77: 1656 | I77: 1734 | J77: 1804 | K77: 1868 | L77: 1918 | M77: 1986 | N77: =(M77/E77)^(1/8)-1 -> 0.03938804
C78: HDVs | E78: 99 | F78: 97 | G78: 95 | H78: 92 | I78: 89 | J78: 87 | K78: 84 | L78: 81 | M78: 78 | N78: =(M78/E78)^(1/8)-1 -> -0.029361695
B79: frgt | C79: LDVs | E79: 324 | F79: 329 | G79: 335 | H79: 343 | I79: 349 | J79: 354 | K79: 359 | L79: 359 | M79: 362 | N79: =(M79/E79)^(1/8)-1 -> 0.013959118
C80: HDVs | E80: 324 | F80: 329 | G80: 335 | H80: 343 | I80: 349 | J80: 354 | K80: 359 | L80: 359 | M80: 362 | N80: =(M80/E80)^(1/8)-1 -> 0.013959118
O81: Average Annual Growth
B82: psgr | C82: LDVs | E82: =E72*E77 -> 53943.547 | F82: =F72*F77 -> 53120.95 | G82: =G72*G77 -> 56393.653 | H82: =H72*H77 -> 58305.903 | I82: =I72*I77 -> 61158.17 | J82: =J72*J77 -> 62723.914 | K82: =K72*K77 -> 64811.951 | L82: =L72*L77 -> 65321.416 | M82: =M72*M77 -> 66564.361 | N82: =(M82/E82)^(1/8)-1 -> 0.02662724 | O82: =(M82-E82)/8 -> 1577.6017
C83: HDVs | E83: =E73*E78 -> 4410.5192 | F83: =F73*F78 -> 4131.8732 | G83: =G73*G78 -> 4014.2479 | H83: =H73*H78 -> 3812.4754 | I83: =I73*I78 -> 3693.5315 | J83: =J73*J78 -> 3572.139 | K83: =K73*K78 -> 3431.0947 | L83: =L73*L78 -> 3225.6052 | M83: =M73*M78 -> 3066.5786 | N83: =(M83/E83)^(1/8)-1 -> -0.044412307 | O83: =(M83-E83)/8 -> -167.99258
B84: frgt | C84: LDVs | E84: =E74*E79 -> 14197.47 | F84: =F74*F79 -> 14325.917 | G84: =G74*G79 -> 14492.69 | H84: =H74*H79 -> 15029.749 | I84: =I74*I79 -> 15112.845 | J84: =J74*J79 -> 15469.51 | K84: =K74*K79 -> 15348.511 | L84: =L74*L79 -> 14476.509 | M84: =M74*M79 -> 14610.663 | N84: =(M84/E84)^(1/8)-1 -> 0.0035924158 | O84: =(M84-E84)/8 -> 51.64913
C85: HDVs | E85: =E75*E80 -> 23456.163 | F85: =F75*F80 -> 23931.753 | G85: =G75*G80 -> 24300.758 | H85: =H75*H80 -> 24957.05 | I85: =I75*I80 -> 25841.185 | J85: =J75*J80 -> 26739.027 | K85: =K75*K80 -> 26108.843 | L85: =L75*L80 -> 28509.785 | M85: =M75*M80 -> 28399.676 | N85: =(M85/E85)^(1/8)-1 -> 0.024193587 | O85: =(M85-E85)/8 -> 617.93916
E88: 2019 | F88: 2020 | G88: 2021 | H88: 2022 | I88: 2023 | J88: 2024 | K88: 2025 | L88: 2026 | M88: 2027 | N88: 2028 | O88: 2029 | P88: 2030 | Q88: 2031 | R88: 2032 | S88: 2033 | T88: 2034 | U88: 2035 | V88: 2036 | W88: 2037 | X88: 2038 | Y88: 2039 | Z88: 2040 | AA88: 2041 | AB88: 2042 | AC88: 2043 | AD88: 2044 | AE88: 2045 | AF88: 2046 | AG88: 2047 | AH88: 2048 | AI88: 2049 | AJ88: 2050
B89: psgr | C89: LDVs | E89: =L82 -> 65321.416 | F89: =E89+$O82 -> 66899.018 | G89: =F89+$O82 -> 68476.619 | H89: =G89+$O82 -> 70054.221 | I89: =H89+$O82 -> 71631.823 | J89: =I89+$O82 -> 73209.425 | K89: =J89+$O82 -> 74787.026 | L89: =K89+$O82 -> 76364.628 | M89: =L89+$O82 -> 77942.23 | ... AJ89: =AI89+$O82 -> 114227.07
C90: HDVs | E90: =L83 -> 3225.6052 | F90: =E90+$O83 -> 3057.6126 | G90: =F90+$O83 -> 2889.62 | H90: =G90+$O83 -> 2721.6274 | I90: =H90+$O83 -> 2553.6349 | J90: =I90+$O83 -> 2385.6423 | K90: =J90+$O83 -> 2217.6497 | L90: =K90+$O83 -> 2049.6571 | M90: =L90+$O83 -> 1881.6646 | ... AJ90: =AI90+$O83 -> -1982.1647
B91: frgt | C91: LDVs | E91: =L84 -> 14476.509 | F91: =E91+$O84 -> 14528.158 | G91: =F91+$O84 -> 14579.807 | H91: =G91+$O84 -> 14631.456 | I91: =H91+$O84 -> 14683.105 | J91: =I91+$O84 -> 14734.755 | K91: =J91+$O84 -> 14786.404 | L91: =K91+$O84 -> 14838.053 | M91: =L91+$O84 -> 14889.702 | ... AJ91: =AI91+$O84 -> 16077.632
C92: HDVs | E92: =L85 -> 28509.785 | F92: =E92+$O85 -> 29127.724 | G92: =F92+$O85 -> 29745.663 | H92: =G92+$O85 -> 30363.602 | I92: =H92+$O85 -> 30981.542 | J92: =I92+$O85 -> 31599.481 | K92: =J92+$O85 -> 32217.42 | L92: =K92+$O85 -> 32835.359 | M92: =L92+$O85 -> 33453.298 | ... AJ92: =AI92+$O85 -> 47665.899

Sheet Rail2019-psgr
A1: 차종별 여객수송실적(월)
A3: 연월/열차종별 | B3: 합계_수송인원(명) | C3: 합계_인키로(km) | D3: KTX_수송인원(명) | E3: 새마을_수송인원(명) | F3: 무궁화_수송인원(명) | G3: 통근열차_수송인원(명) | H3: 누리로_수송인원(명) | I3: KTX산천_수송인원(명) | J3: ITX새마을_수송인원(명) | K3: ITX청춘열차_수송인원(명) | L3: KTX호남_수송인원(명) | M3: KTX_인키로(km) | N3: 새마을_인키로(km) | O3: 무궁화_인키로(km) | P3: 통근열차_인키로(km) | Q3: 누리로_인키로(km) | R3: KTX산천_인키로(km) | S3: ITX새마을_인키로(km) | T3: ITX청춘열차_인키로(km) | U3: KTX호남_인키로(km)
A4: 합 계 | B4: 145966962 | C4: 2.4032703e+10 | D4: 50676590 | E4: 2574826 | F4: 54953394 | G4: 98356 | H4: 2170961 | I4: 14397753 | J4: 8822135 | K4: 6055793 | L4: 5837108 | M4: 1.2516805e+10 | N4: 2.7794532e+08 | O4: 5.1422297e+09 | P4: 3599159.8 | Q4: 1.8471964e+08 | R4: 3.2694896e+09 | S4: 1120628230 | T4: 4.3779102e+08 | U4: 1.0746193e+09
A5: 2019-12 | B5: 12712280 | C5: 2.1030782e+09 | D5: 4559033 | E5: 203288 | F5: 4606108 | G5: 0 | H5: 190912 | I5: 1310086 | J5: 787485 | K5: 491991 | L5: 531912 | M5: 1.1228296e+09 | N5: 20689576 | O5: 4.2392889e+08 | P5: 0 | Q5: 15778589 | R5: 288475791 | S5: 98438780 | T5: 35676502 | U5: 96853276
A6: 2019-11 | B6: 12283577 | C6: 2.0123965e+09 | D6: 4491635 | E6: 201229 | F6: 4412512 | G6: 0 | H6: 190421 | I6: 1218948 | J6: 791845 | K6: 501614 | L6: 452535 | M6: 1.0936573e+09 | N6: 21762718 | O6: 4.0070036e+08 | P6: 0 | Q6: 15525968 | R6: 2.6611305e+08 | S6: 97498622 | T6: 36376037 | U6: 80480124
A7: 2019-10 | B7: 12563757 | C7: 2.0512907e+09 | D7: 4412644 | E7: 222149 | F7: 4619113 | G7: 0 | H7: 199016 | I7: 1248712 | J7: 786100 | K7: 545794 | L7: 497597 | M7: 1.0844574e+09 | N7: 24737098 | O7: 4.2370245e+08 | P7: 0 | Q7: 16248521 | R7: 2.7611492e+08 | S7: 96222719 | T7: 39758413 | U7: 89639839
A8: 2019-09 | B8: 12133823 | C8: 1.9963169e+09 | D8: 4151026 | E8: 211730 | F8: 4612431 | G8: 0 | H8: 195275 | I8: 1237012 | J8: 736330 | K8: 499492 | L8: 461094 | M8: 1.0274085e+09 | N8: 24259618 | O8: 4.3647678e+08 | P8: 0 | Q8: 16622442 | R8: 2.7689964e+08 | S8: 95175596 | T8: 36389280 | U8: 82715844
A9: 2019-08 | B9: 12658841 | C9: 2.1410279e+09 | D9: 4317003 | E9: 224074 | F9: 4721313 | G9: 0 | H9: 190597 | I9: 1280732 | J9: 758602 | K9: 548014 | L9: 578787 | M9: 1.1025175e+09 | N9: 23964619 | O9: 4.58993e+08 | P9: 0 | Q9: 16373678 | R9: 2.9006007e+08 | S9: 1.0102861e+08 | T9: 39332540 | U9: 1.0822785e+08
A10: 2019-07 | B10: 11807648 | C10: 1.9536523e+09 | D10: 3996755 | E10: 196214 | F10: 4444527 | G10: 0 | H10: 183810 | I10: 1229829 | J10: 684205 | K10: 497497 | L10: 538177 | M10: 1.0031783e+09 | N10: 20143596 | O10: 4.1562417e+08 | P10: 0 | Q10: 15331082 | R10: 2.7588783e+08 | S10: 87288306 | T10: 35180277 | U10: 1.0054393e+08
A11: 2019-06 | B11: 12025237 | C11: 1.9735972e+09 | D11: 4118766 | E11: 217291 | F11: 4553979 | G11: 0 | H11: 181923 | I11: 1194953 | J11: 718449 | K11: 514638 | L11: 490892 | M11: 1.0220717e+09 | N11: 23184654 | O11: 4.2231294e+08 | P11: 0 | Q11: 15367975 | R11: 2.713399e+08 | S11: 90876466 | T11: 37471522 | U11: 90537473
A12: 2019-05 | B12: 13025005 | C12: 2.1034774e+09 | D12: 4466485 | E12: 252620 | F12: 5024623 | G12: 0 | H12: 183485 | I12: 1211950 | J12: 773546 | K12: 551961 | L12: 529681 | M12: 1.0837784e+09 | N12: 27617235 | O12: 4.6221032e+08 | P12: 0 | Q12: 15894236 | R12: 2.7892183e+08 | S12: 97094974 | T12: 40110990 | U12: 97466959
A13: 2019-04 | B13: 11928672 | C13: 1930172000 | D13: 4164729 | E13: 227782 | F13: 4579232 | G13: 0 | H13: 167921 | I13: 1134905 | J13: 692920 | K13: 498286 | L13: 436268 | M13: 1.0082064e+09 | N13: 25044924 | O13: 4.1589636e+08 | P13: 0 | Q13: 14478655 | R13: 2.6404326e+08 | S13: 86021484 | T13: 35732022 | U13: 80413229
A14: 2019-03 | B14: 12140375 | C14: 1.9254279e+09 | D14: 4077024 | E14: 218062 | F14: 4799277 | G14: 40556 | H14: 174228 | I14: 1144556 | J14: 745936 | K14: 500043 | L14: 413936 | M14: 9.8300843e+08 | N14: 22563557 | O14: 4.3315053e+08 | P14: 1490969.6 | Q14: 15000779 | R14: 2.6553954e+08 | S14: 91735079 | T14: 36313439 | U14: 76286868
A15: 2019-02 | B15: 11440634 | C15: 1.9643848e+09 | D15: 4018154 | E15: 202175 | F15: 4313750 | G15: 28438 | H15: 156814 | I15: 1096801 | J15: 692534 | K15: 450117 | L15: 451959 | M15: 1.0178864e+09 | N15: 22317791 | O15: 4.3616096e+08 | P15: 1036149.2 | Q15: 14341231 | R15: 2.5867787e+08 | S15: 95577133 | T15: 32868553 | U15: 85133462
A16: 2019-01 | B16: 11247113 | C16: 1.8778817e+09 | D16: 3903336 | E16: 198212 | F16: 4266529 | G16: 29362 | H16: 156559 | I16: 1089269 | J16: 654183 | K16: 456346 | L16: 454270 | M16: 9.6780516e+08 | N16: 21659934 | O16: 4.1307296e+08 | P16: 1072041 | Q16: 13756480 | R16: 2.5741586e+08 | S16: 83670460 | T16: 32581443 | U16: 86320419
A18: Copyright ⓒ KRIC All Right Reserved. | U18: 44452.597

Sheet Rail2020-psgr
A1: 차종별 여객수송실적(월)
A3: 연월/열차종별 | B3: 합계_수송인원(명) | C3: 합계_인키로(km) | D3: KTX_수송인원(명) | E3: 새마을_수송인원(명) | F3: 무궁화_수송인원(명) | G3: 통근열차_수송인원(명) | H3: 누리로_수송인원(명) | I3: KTX산천_수송인원(명) | J3: ITX새마을_수송인원(명) | K3: ITX청춘열차_수송인원(명) | L3: KTX호남_수송인원(명) | M3: KTX_인키로(km) | N3: 새마을_인키로(km) | O3: 무궁화_인키로(km) | P3: 통근열차_인키로(km) | Q3: 누리로_인키로(km) | R3: KTX산천_인키로(km) | S3: ITX새마을_인키로(km) | T3: ITX청춘열차_인키로(km) | U3: KTX호남_인키로(km)
A4: 합 계 | B4: 89273008 | C4: 1.4078055e+10 | D4: 29541047 | E4: 1279303 | F4: 33772319 | G4: 112056 | H4: 979721 | I4: 9838063 | J4: 5522650 | K4: 3876109 | L4: 4181270 | M4: 7.0428576e+09 | N4: 1.2552187e+08 | O4: 2.947628e+09 | P4: 1481025 | Q4: 86615548 | R4: 2.168361e+09 | S4: 6.7268466e+08 | T4: 272262613 | U4: 7.577597e+08
A5: 2020-12 | B5: 5506359 | C5: 8.2312852e+08 | D5: 1854192 | E5: 71468 | F5: 2052036 | G5: 9124 | H5: 44824 | I5: 617532 | J5: 382599 | K5: 226418 | L5: 241894 | M5: 4.1778016e+08 | N5: 6637197 | O5: 1.6438917e+08 | P5: 118673 | Q5: 3805335.4 | R5: 1.2971158e+08 | S5: 43288462 | T5: 15420101 | U5: 41858948
A6: 2020-11 | B6: 8454424 | C6: 1.3188194e+09 | D6: 2865735 | E6: 125805 | F6: 3151843 | G6: 11696 | H6: 75508 | I6: 939612 | J6: 537421 | K6: 351665 | L6: 387806 | M6: 6.691722e+08 | N6: 12136392 | O6: 2.6652048e+08 | P6: 154521.4 | Q6: 6846132.8 | R6: 2.0463155e+08 | S6: 63955410 | T6: 24854952 | U6: 70408584
A7: 2020-10 | B7: 8264652 | C7: 1.2848427e+09 | D7: 2718686 | E7: 137014 | F7: 3111380 | G7: 11504 | H7: 87342 | I7: 899305 | J7: 533582 | K7: 365205 | L7: 389898 | M7: 6.3742139e+08 | N7: 13526308 | O7: 2.6734023e+08 | P7: 151812.6 | Q7: 8038032.2 | R7: 1.9732089e+08 | S7: 64146155 | T7: 26189217 | U7: 70505175
A8: 2020-09 | B8: 6066458 | C8: 8.9832384e+08 | D8: 1917232 | E8: 83138 | F8: 2386562 | G8: 7925 | H8: 60784 | I8: 668446 | J8: 388059 | K8: 266241 | L8: 275633 | M8: 4.3404659e+08 | N8: 7815729.1 | O8: 1.9705701e+08 | P8: 103619.4 | Q8: 5329507.8 | R8: 1.4239488e+08 | S8: 44081850 | T8: 18377774 | U8: 48881073
A9: 2020-08 | B9: 7927771 | C9: 1.310277e+09 | D9: 2739187 | E9: 116068 | F9: 2849407 | G9: 9001 | H9: 40192 | I9: 866693 | J9: 510458 | K9: 347491 | L9: 434118 | M9: 6.7674406e+08 | N9: 11463297 | O9: 2.5437766e+08 | P9: 120234.4 | Q9: 3097609.6 | R9: 1.937321e+08 | S9: 64754190 | T9: 24309270 | U9: 81391093
A10: 2020-07 | B10: 8633421 | C10: 1370059886 | D10: 2906385 | E10: 114202 | F10: 3204130 | G10: 8773 | H10: 83632 | I10: 932880 | J10: 517343 | K10: 405811 | L10: 446086 | M10: 6.9742886e+08 | N10: 10630184 | O10: 2.7582276e+08 | P10: 117394.6 | Q10: 7351801.7 | R10: 2.0588878e+08 | S10: 62032116 | T10: 28274685 | U10: 82244471
A11: 2020-06 | B11: 7812478 | C11: 1.2094134e+09 | D11: 2557280 | E11: 100344 | F11: 3008035 | G11: 10258 | H11: 81027 | I11: 866980 | J11: 468981 | K11: 330647 | L11: 375124 | M11: 5.9988783e+08 | N11: 9167126.4 | O11: 2.5626641e+08 | P11: 135103.6 | Q11: 7152823.8 | R11: 1.8969342e+08 | S11: 55896072 | T11: 23108578 | U11: 67844596
A12: 2020-05 | B12: 7875367 | C12: 1.2428151e+09 | D12: 2502874 | E12: 104524 | F12: 3050766 | G12: 10329 | H12: 112783 | I12: 883859 | J12: 487143 | K12: 340474 | L12: 368350 | M12: 5.9886414e+08 | N12: 9953657.5 | O12: 2.7224339e+08 | P12: 136143.2 | Q12: 10449290 | R12: 1.9852285e+08 | S12: 60760662 | T12: 24400331 | U12: 67214742
A13: 2020-04 | B13: 5577505 | C13: 8.4380941e+08 | D13: 1682897 | E13: 70916 | F13: 2238353 | G13: 7576 | H13: 94264 | I13: 621075 | J13: 326079 | K13: 260716 | L13: 256577 | M13: 3.9596948e+08 | N13: 6498670.6 | O13: 1.9285735e+08 | P13: 98984.8 | Q13: 8228921.7 | R13: 137083173 | S13: 38794950 | T13: 18223242 | U13: 45702127
A14: 2020-03 | B14: 4085433 | C14: 5.8948564e+08 | D14: 1170072 | E14: 51355 | F14: 1675193 | G14: 6597 | H14: 69633 | I14: 462835 | J14: 228609 | K14: 222315 | L14: 194264 | M14: 2.6592767e+08 | N14: 4499979.9 | O14: 1.3768176e+08 | P14: 86990 | Q14: 5766035 | R14: 1.0058994e+08 | S14: 25611289 | T14: 14951865 | U14: 34318056
A15: 2020-02 | B15: 7039739 | C15: 1116088292 | D15: 2297164 | E15: 94712 | F15: 2722161 | G15: 8118 | H15: 83853 | I15: 809764 | J15: 405406 | K15: 306938 | L15: 295660 | M15: 556517437 | N15: 8956982 | O15: 2.3848108e+08 | P15: 107405.2 | Q15: 7050772.1 | R15: 1.8211804e+08 | S15: 48666341 | T15: 21260279 | U15: 52719220
A16: 2020-01 | B16: 12029401 | C16: 2.0709918e+09 | D16: 4329343 | E16: 209757 | F16: 4322453 | G16: 11155 | H16: 145879 | I16: 1269082 | J16: 736970 | K16: 452188 | L16: 515860 | M16: 1093097836 | N16: 24236344 | O16: 4.2459068e+08 | P16: 150142.8 | Q16: 13499286 | R16: 2.8667383e+08 | S16: 1.0069717e+08 | T16: 32892318 | U16: 94671617
A18: Copyright ⓒ KRIC All Right Reserved. | U18: 44452.597

Sheet Rail2021-psgr
A1: 차종별 여객수송실적(월)
A3: 연월/열차종별 | B3: 합계_수송인원(명) | C3: 합계_인키로(km) | D3: KTX_수송인원(명) | E3: 새마을_수송인원(명) | F3: 무궁화_수송인원(명) | G3: 통근열차_수송인원(명) | H3: 누리로_수송인원(명) | I3: KTX산천_수송인원(명) | J3: ITX새마을_수송인원(명) | K3: ITX청춘열차_수송인원(명) | L3: KTX호남_수송인원(명) | M3: KTX_인키로(km) | N3: 새마을_인키로(km) | O3: 무궁화_인키로(km) | P3: 통근열차_인키로(km) | Q3: 누리로_인키로(km) | R3: KTX산천_인키로(km) | S3: ITX새마을_인키로(km) | T3: ITX청춘열차_인키로(km) | U3: KTX호남_인키로(km)
A4: 합 계 | B4: 53490530 | C4: 8.3166222e+09 | D4: 17951420 | E4: 729978 | F4: 19600645 | G4: 82994 | H4: 302916 | I4: 5965781 | J4: 3267845 | K4: 2222522 | L4: 2629453 | M4: 4.1685338e+09 | N4: 69015689 | O4: 1.6490976e+09 | P4: 1092481.4 | Q4: 20942676 | R4: 1.2823084e+09 | S4: 3.9997448e+08 | T4: 1.5708886e+08 | U4: 4.7205733e+08
A5: 2021-07 | B5: 7666397 | C5: 1.1894952e+09 | D5: 2503479 | E5: 102179 | F5: 2839927 | G5: 11862 | H5: 44852 | I5: 878310 | J5: 446485 | K5: 321798 | L5: 409261 | M5: 5.8103816e+08 | N5: 9622795.3 | O5: 2.3942883e+08 | P5: 157533.4 | Q5: 3012548.2 | R5: 1.8969908e+08 | S5: 55491690 | T5: 22405069 | U5: 74371564
A6: 2021-06 | B6: 8575737 | C6: 1353595335 | D6: 2924568 | E6: 114429 | F6: 3070452 | G6: 13310 | H6: 51043 | I6: 968406 | J6: 507687 | K6: 359601 | L6: 441685 | M6: 6.8481383e+08 | N6: 10784536 | O6: 2.5913622e+08 | P6: 174602.6 | Q6: 3431781 | R6: 2.1008236e+08 | S6: 63180581 | T6: 25382211 | U6: 80112574
A7: 2021-05 | B7: 8972979 | C7: 1.4116081e+09 | D7: 3016517 | E7: 122680 | F7: 3253476 | G7: 13674 | H7: 49106 | I7: 1001172 | J7: 555709 | K7: 385498 | L7: 444374 | M7: 7.0562431e+08 | N7: 11666112 | O7: 2.7830336e+08 | P7: 181274.6 | Q7: 3469731.8 | R7: 217237382 | S7: 69121438 | T7: 27979320 | U7: 80470850
A8: 2021-04 | B8: 8161437 | C8: 1.253572e+09 | D8: 2700723 | E8: 109416 | F8: 3031443 | G8: 12842 | H8: 44660 | I8: 920809 | J8: 493479 | K8: 347599 | L8: 387838 | M8: 6.221789e+08 | N8: 10187505 | O8: 2.5131416e+08 | P8: 169539 | Q8: 3143341 | R8: 1.9838088e+08 | S8: 59346741 | T8: 24678070 | U8: 69209041
A9: 2021-03 | B9: 7992796 | C9: 1.2136704e+09 | D9: 2596938 | E9: 103384 | F9: 3044596 | G9: 11782 | H9: 46858 | I9: 900559 | J9: 487964 | K9: 329788 | L9: 365851 | M9: 5.9545288e+08 | N9: 9581050.4 | O9: 2.5200569e+08 | P9: 154881.2 | Q9: 3219424.5 | R9: 1.9300224e+08 | S9: 58015486 | T9: 23320786 | U9: 65194439
A10: 2021-02 | B10: 6477296 | C10: 1.0275453e+09 | D10: 2220989 | E10: 96552 | F10: 2336534 | G10: 9600 | H10: 36016 | I10: 698394 | J10: 409771 | K10: 257366 | L10: 325304 | M10: 5.2406582e+08 | N10: 9657590.9 | O10: 202123883 | P10: 126433.4 | Q10: 2462893.9 | R10: 1.4986312e+08 | S10: 51217318 | T10: 18139830 | U10: 58815380
A11: 2021-01 | B11: 5643888 | C11: 8.6713595e+08 | D11: 1988206 | E11: 81338 | F11: 2024217 | G11: 9924 | H11: 30381 | I11: 598131 | J11: 366750 | K11: 220872 | L11: 255140 | M11: 4.5535986e+08 | N11: 7516100.2 | O11: 1.6678543e+08 | P11: 128217.2 | Q11: 2202955.4 | R11: 1.2404337e+08 | S11: 43601227 | T11: 15183571 | U11: 43883485
A13: Copyright ⓒ KRIC All Right Reserved. | U13: 44452.597

Sheet Rail2019-freight
A1: 연도별 화물수송실적(월)
A3: 연월 | B3: 합계 | C3: 컨테이너 | D3: 시멘트 | E3: 석탄 | F3: 유류 | G3: 광석 | H3: 철강 | I3: 일반기타 | J3: 건설 | K3: 사업용 (순수사업용, 위수탁사업용)
A4: 연월 | B4: Total | C4: Container | D4: Cement | E4: Coal | F4: Oil | G4: Ore | H4: Steel | I4: Other | J4: Other | K4: Business
A5: 합계 | B5: 28676683 | C5: 9473824 | D5: 11328900 | E5: 1589208 | F5: 165481 | G5: 1276326 | H5: 2516072 | I5: 1801165 | J5: 105958 | K5: 419749
A6: 201912 | B6: 2484700 | C6: 826254 | D6: 984672 | E6: 136000 | F6: 17657 | G6: 106683 | H6: 209723 | I6: 166978 | J6: 10261 | K6: 26472
A7: 201911 | B7: 2257740 | C7: 703115 | D7: 945919 | E7: 119523 | F7: 17693 | G7: 100887 | H7: 185026 | I7: 153249 | J7: 3054 | K7: 29274
A8: 201910 | B8: 2407594 | C8: 784302 | D8: 1005132 | E8: 131930 | F8: 17191 | G8: 97046 | H8: 190313 | I8: 138054 | J8: 8536 | K8: 35090
A9: 201909 | B9: 2111762 | C9: 736963 | D9: 778408 | E9: 134094 | F9: 11659 | G9: 95755 | H9: 190545 | I9: 129372 | J9: 4356 | K9: 30610
A10: 201908 | B10: 2360683 | C10: 817198 | D10: 873099 | E10: 137913 | F10: 16585 | G10: 107445 | H10: 220886 | I10: 145407 | J10: 7722 | K10: 34428
A11: 201907 | B11: 2491094 | C11: 829871 | D11: 977346 | E11: 114710 | F11: 16748 | G11: 108616 | H11: 228530 | I11: 155995 | J11: 15930 | K11: 43348
A12: 201906 | B12: 2431144 | C12: 741986 | D12: 1043455 | E12: 108940 | F12: 13172 | G12: 104944 | H12: 216722 | I12: 147566 | J12: 13100 | K12: 41259
A13: 201905 | B13: 2673002 | C13: 830892 | D13: 1122387 | E13: 149680 | F13: 9661 | G13: 112954 | H13: 229845 | I13: 164435 | J13: 8663 | K13: 44485
A14: 201904 | B14: 2646958 | C14: 840934 | D14: 1108739 | E14: 154488 | F14: 8410 | G14: 119876 | H14: 215313 | I14: 141426 | J14: 12362 | K14: 45410
A15: 201903 | B15: 2613538 | C15: 791898 | D15: 1111531 | E15: 148340 | F15: 10004 | G15: 118843 | H15: 219779 | I15: 168771 | J15: 5566 | K15: 38806
A16: 201902 | B16: 1897115 | C16: 693111 | D16: 622372 | E16: 112477 | F16: 10519 | G16: 97974 | H16: 190630 | I16: 138752 | J16: 4896 | K16: 26384
A17: 201901 | B17: 2301353 | C17: 877300 | D17: 755840 | E17: 141113 | F17: 16182 | G17: 105303 | H17: 218760 | I17: 151160 | J17: 11512 | K17: 24183
A19: Copyright ⓒ KRIC All Right Reserved. | K19: 44452.581
A20: ton

Sheet Rail2020-freight
A1: 연도별 화물수송실적(월)
A3: 연월 | B3: 합계 | C3: 컨테이너 | D3: 시멘트 | E3: 석탄 | F3: 유류 | G3: 광석 | H3: 철강 | I3: 일반기타 | J3: 건설 | K3: 사업용 (순수사업용, 위수탁사업용)
A4: 연월 | B4: Total | C4: Container | D4: Cement | E4: Coal | F4: Oil | G4: Ore | H4: Steel | I4: Other | J4: Other | K4: Business
A5: 합계 | B5: 26302456 | C5: 8842071 | D5: 10256445 | E5: 1443733 | F5: 187842 | G5: 1116876 | H5: 2319610 | I5: 1648991 | J5: 58637 | K5: 428251
A6: 202012 | B6: 2237539 | C6: 749798 | D6: 872098 | E6: 132480 | F6: 12614 | G6: 99823 | H6: 210859 | I6: 130138 | J6: 2943 | K6: 26786
A7: 202011 | B7: 2480690 | C7: 790579 | D7: 1051693 | E7: 145650 | F7: 18398 | G7: 102406 | H7: 202017 | I7: 129778 | J7: 3344 | K7: 36825
A8: 202010 | B8: 2325684 | C8: 745468 | D8: 962293 | E8: 109004 | F8: 17406 | G8: 102483 | H8: 194320 | I8: 145477 | J8: 13000 | K8: 36233
A9: 202009 | B9: 2081644 | C9: 737643 | D9: 814897 | E9: 79669 | F9: 11461 | G9: 79440 | H9: 187635 | I9: 134471 | J9: 5226 | K9: 31202
A10: 202008 | B10: 1504352 | C10: 635420 | D10: 404846 | E10: 82210 | F10: 6625 | G10: 47285 | H10: 168989 | I10: 117328 | J10: 3780 | K10: 37869
A11: 202007 | B11: 2196514 | C11: 763818 | D11: 818343 | E11: 139303 | F11: 16372 | G11: 82175 | H11: 194648 | I11: 140315 | J11: 2200 | K11: 39340
A12: 202006 | B12: 2173085 | C12: 636631 | D12: 960874 | E12: 142408 | F12: 18103 | G12: 88752 | H12: 158418 | I12: 118938 | J12: 2603 | K12: 46358
A13: 202005 | B13: 2230384 | C13: 667064 | D13: 971775 | E13: 137036 | F13: 19092 | G13: 96109 | H13: 166867 | I13: 130123 | J13: 3374 | K13: 38944
A14: 202004 | B14: 2394640 | C14: 726150 | D14: 1032291 | E14: 134187 | F14: 18201 | G14: 104162 | H14: 191414 | I14: 145963 | J14: 2729 | K14: 39543
A15: 202003 | B15: 2484472 | C15: 818032 | D15: 989861 | E15: 121347 | F15: 19294 | G15: 106262 | H15: 218800 | I15: 163500 | J15: 3242 | K15: 44134
A16: 202002 | B16: 2163356 | C16: 766715 | D16: 748314 | E16: 112754 | F16: 13272 | G16: 106351 | H16: 223045 | I16: 148937 | J16: 12774 | K16: 31194
A17: 202001 | B17: 2030096 | C17: 804753 | D17: 629160 | E17: 107685 | F17: 17004 | G17: 101628 | H17: 202598 | I17: 144023 | J17: 3422 | K17: 19823
A19: Copyright ⓒ KRIC All Right Reserved. | K19: 44452.581
A20: ton

Sheet Rail2021-freight
A1: 연도별 화물수송실적(월)
A3: 연월 | B3: 합계 | C3: 컨테이너 | D3: 시멘트 | E3: 석탄 | F3: 유류 | G3: 광석 | H3: 철강 | I3: 일반기타 | J3: 건설 | K3: 사업용 (순수사업용, 위수탁사업용)
A4: 연월 | B4: Total | C4: Container | D4: Cement | E4: Coal | F4: Oil | G4: Ore | H4: Steel | I4: Other | J4: Other | K4: Business
A5: 합계 | B5: 8650541 | C5: 3097769 | D5: 3171883 | E5: 420072 | F5: 62689 | G5: 383915 | H5: 828559 | I5: 557710 | J5: 17721 | K5: 110223
A6: 202104 | B6: 2381380 | C6: 816111 | D6: 953717 | E6: 115251 | F6: 10969 | G6: 101188 | H6: 194246 | I6: 146868 | J6: 4766 | K6: 38264
A7: 202103 | B7: 2495179 | C7: 885725 | D7: 981805 | E7: 105492 | F7: 17519 | G7: 93706 | H7: 227441 | I7: 144340 | J7: 5541 | K7: 33610
A8: 202102 | B8: 1772636 | C8: 665846 | D8: 573032 | E8: 85870 | F8: 14781 | G8: 91362 | H8: 193214 | I8: 123742 | J8: 3807 | K8: 20982
A9: 202101 | B9: 2001346 | C9: 730087 | D9: 663329 | E9: 113459 | F9: 19420 | G9: 97659 | H9: 213658 | I9: 142760 | J9: 3607 | K9: 17367
A11: Copyright ⓒ KRIC All Right Reserved. | K11: 44452.581
A12: ton

Sheet BAADTbVT_Rail-CAGR
A1: 철도총괄지표
A2: 지표별(1) | B2: 지표별(2) | C2: 2011 | D2: 2012 | E2: 2013 | F2: 2014 | G2: 2015 | H2: 2016 | I2: 2017 | J2: 2018 | K2: CAGR
A3: 여객수송실적 | B3: 인원 (명) | C3: 1118621000 | D3: 1149340000 | E3: 1224820000 | F3: 1263472000 | G3: 1269417000 | H3: 1449535000 | I3: 1490319000 | J3: 1521590000 | K3: =(J3/C3)^(1/7)-1 -> 0.044931475
B4: 인키로 (인/킬로미터) | C4: 36784000000 | D4: 42493000000 | E4: 38531000000 | F4: 39500000000 | G4: 40343000000 | H4: 43384000000 | I4: 46295000000 | J4: 48027000000 | K4: =(J4/C4)^(1/7)-1 -> 0.038835168
A5: 화물수송실적 | B5: 톤수 (톤) | C5: 40011987 | D5: 40308928 | E5: 39822270 | F5: 37379168 | G5: 37093642 | H5: 32555441 | I5: 31669610 | J5: 30914733 | K5: =(J5/C5)^(1/7)-1 -> -0.036178782
B6: 톤키로 (톤/킬로미터) | C6: 9996737509 | D6: 10458878979 | E6: 10458878979 | F6: 9563602650 | G6: 9479257421 | H6: 8.4141218e+09 | I6: 8.2291949e+09 | J6: 7.8775118e+09 | K6: =(J6/C6)^(1/7)-1 -> -0.03346256

Sheet Rail-Cal
A1: 승객수송실적
B2: 2019 | C2: 2020 | D2: 2021
A3: 1월-7월 | B3: =SUM(B5:B11) -> 83614684 | C3: =SUM(C5:C11) -> 53053344 | D3: =SUM(D5:D11) -> 53490530
A4: 2019 대비 | C4: =C3/$B$3 -> 0.63449793 | D4: =D3/$B$3 -> 0.63972651
A5: 1월 | B5: ='Rail2019-psgr'!B16 -> 11247113 | C5: ='Rail2020-psgr'!B16 -> 12029401 | D5: ='Rail2021-psgr'!B11 -> 5643888
A6: 2월 | B6: ='Rail2019-psgr'!B15 -> 11440634 | C6: ='Rail2020-psgr'!B15 -> 7039739 | D6: ='Rail2021-psgr'!B10 -> 6477296
A7: 3월 | B7: ='Rail2019-psgr'!B14 -> 12140375 | C7: ='Rail2020-psgr'!B14 -> 4085433 | D7: ='Rail2021-psgr'!B9 -> 7992796
A8: 4월 | B8: ='Rail2019-psgr'!B13 -> 11928672 | C8: ='Rail2020-psgr'!B13 -> 5577505 | D8: ='Rail2021-psgr'!B8 -> 8161437
A9: 5월 | B9: ='Rail2019-psgr'!B12 -> 13025005 | C9: ='Rail2020-psgr'!B12 -> 7875367 | D9: ='Rail2021-psgr'!B7 -> 8972979
A10: 6월 | B10: ='Rail2019-psgr'!B11 -> 12025237 | C10: ='Rail2020-psgr'!B11 -> 7812478 | D10: ='Rail2021-psgr'!B6 -> 8575737
A11: 7월 | B11: ='Rail2019-psgr'!B10 -> 11807648 | C11: ='Rail2020-psgr'!B10 -> 8633421 | D11: ='Rail2021-psgr'!B5 -> 7666397
A13: 화물수송실적
B14: 2019 | C14: 2020 | D14: 2021
A15: 1월-4월 | B15: =SUM(B17:B20) -> 9458964 | C15: =SUM(C17:C20) -> 9072564 | D15: =SUM(D17:D20) -> 8650541
A16: 2019 대비 | C16: =C15/$B$15 -> 0.95914986 | D16: =D15/$B$15 -> 0.91453366
A17: 1월 | B17: ='Rail2019-freight'!B17 -> 2301353 | C17: ='Rail2020-freight'!B17 -> 2030096 | D17: ='Rail2021-freight'!B9 -> 2001346
A18: 2월 | B18: ='Rail2019-freight'!B16 -> 1897115 | C18: ='Rail2020-freight'!B16 -> 2163356 | D18: ='Rail2021-freight'!B8 -> 1772636
A19: 3월 | B19: ='Rail2019-freight'!B15 -> 2613538 | C19: ='Rail2020-freight'!B15 -> 2484472 | D19: ='Rail2021-freight'!B7 -> 2495179
A20: 4월 | B20: ='Rail2019-freight'!B14 -> 2646958 | C20: ='Rail2020-freight'!B14 -> 2394640 | D20: ='Rail2021-freight'!B6 -> 2381380
A22: Notes
A23: 2022년 이후 변화는 'BAADTbVT_Rail-CAGR'이용

Sheet Air2019
A1: 조회기간 : 2019.01 ~ 2019.08, 여객 : 전체, 화물 : 전체, 항공사 : 전체, 운항 : 전체, 노선 : 전체, 여객화물 : 전체
A2: 항공사명 | B2: 공급(석) | C2: 운항(편) | D2: 여객(명) | E2: 화물(톤)
A3: 전체 합계 | B3: 99924854 | C3: 487577 | D3: 84039006 | E3: 2809248
A4: 국적사 계 | B4: 75440656 | C4: 367334 | D4: 64047450 | E4: 1898548
A5: 대한항공(KAL) | B5: 23024903 | C5: 108191 | D5: 18784446 | E5: 1042765
A6: 아시아나항공(AAR) | B6: 15798412 | C6: 69911 | D6: 13586579 | E6: 597606
A7: 제주항공(JJA) | B7: 10211292 | C7: 54043 | D7: 9070922 | E7: 68553
A8: 진에어(JNA) | B8: 6949626 | C8: 32685 | D8: 6119677 | E8: 56693
A9: 에어부산(ABL) | B9: 6676490 | C9: 34595 | D9: 5477160 | E9: 36054
A10: 이스타항공(ESR) | B10: 4885767 | C10: 25449 | D10: 4186879 | E10: 29391
A11: 티웨이항공(TWB) | B11: 6375309 | C11: 33758 | D11: 5479642 | E11: 40417
A12: 에어인천(AIH) | B12: 0 | C12: 978 | D12: 0 | E12: 15185
A13: 에어서울(ASV) | B13: 1518857 | C13: 7724 | D13: 1342145 | E13: 11884
A14: 외항사 계 | B14: 24484198 | C14: 120243 | D14: 19991556 | E14: 910700
... A116: 홍콩항공(CRK) | B116: 204864 | C116: 968 | D116: 163746 | E116: 4207

Sheet Air2020
A1: 조회기간 : 2020.01 ~ 2020.08, 여객 : 전체, 화물 : 전체, 항공사 : 전체, 운항 : 전체, 노선 : 전체, 여객화물 : 전체
A2: 항공사명 | B2: 공급(석) | C2: 운항(편) | D2: 여객(명) | E2: 화물(톤)
A3: 전체 합계 | B3: 41994234 | C3: 237725 | D3: 29525198 | E3: 2122170
A4: 국적사 계 | B4: 35003766 | C4: 190756 | D4: 25100157 | E4: 1528230
A5: 대한항공(KAL) | B5: 9085685 | C5: 55785 | D5: 6079909 | E5: 937807
A6: 아시아나항공(AAR) | B6: 7628947 | C6: 39405 | D6: 5134136 | E6: 496386
A7: 제주항공(JJA) | B7: 4815720 | C7: 25516 | D7: 3799772 | E7: 23104
A8: 진에어(JNA) | B8: 3674259 | C8: 18235 | D8: 2729091 | E8: 20320
A9: 에어부산(ABL) | B9: 3573593 | C9: 18394 | D9: 2533190 | E9: 14712
A10: 이스타항공(ESR) | B10: 1292238 | C10: 6743 | D10: 984718 | E10: 6452
A11: 티웨이항공(TWB) | B11: 3911171 | C11: 20711 | D11: 3049465 | E11: 17216
A12: 에어인천(AIH) | B12: 0 | C12: 858 | D12: 0 | E12: 7658
A13: 에어서울(ASV) | B13: 812345 | C13: 3977 | D13: 680126 | E13: 3958
A14: 플라이강원(FGW) | B14: 209808 | C14: 1132 | D14: 109750 | E14: 617
... A137: 홍콩화물항공(HKC) | B137: 0 | C137: 2 | D137: 0 | E137: 45

Sheet Air2021
A1: 조회기간 : 2021.01 ~ 2021.08, 여객 : 전체, 화물 : 전체, 항공사 : 전체, 운항 : 전체, 노선 : 전체, 여객화물 : 전체
A2: 항공사명 | B2: 공급(석) | C2: 운항(편) | D2: 여객(명) | E2: 화물(톤)
A3: 전체 합계 | B3: 32514689 | C3: 221916 | D3: 23096692 | E3: 2362615
A4: 국적사 계 | B4: 30014803 | C4: 183569 | D4: 22359540 | E4: 1674325
A5: 대한항공(KAL) | B5: 6142104 | C5: 51313 | D5: 3560170 | E5: 1091951
A6: 아시아나항공(AAR) | B6: 5190734 | C6: 32859 | D6: 3254915 | E6: 500834
A7: 제주항공(JJA) | B7: 4803057 | C7: 25697 | D7: 4240990 | E7: 17171
A8: 진에어(JNA) | B8: 4834251 | C8: 25504 | D8: 3804565 | E8: 18240
A9: 에어부산(ABL) | B9: 3737532 | C9: 18972 | D9: 2942753 | E9: 13909
A10: 티웨이항공(TWB) | B10: 3809484 | C10: 20503 | D10: 3342086 | E10: 15917
A11: 에어인천(AIH) | B11: 0 | C11: 1239 | D11: 0 | E11: 12205
A12: 에어서울(ASV) | B12: 1186025 | C12: 5835 | D12: 1084483 | E12: 3428
A13: 플라이강원(FGW) | B13: 138318 | C13: 743 | D13: 64659 | E13: 369
A14: 에어로케이(EOK) | B14: 147960 | C14: 822 | D14: 46934 | E14: 235
... A124: 홍콩항공(CRK) | B124: 0 | C124: 128 | D124: 0 | E124: 2409

Sheet Air-CAGR
A1: 국토교통부_연도별 국내국제항공수송실적 | B1: Ministry of Land, Infrastructure and Transport_Domestic and International Air Transport Performance by Year
A2: Year | B2: Passengers (persons) | C2: Passenger kilometers (Km) | D2: Cargo (tons) | E2: Cargo ton kilometers (Km) | F2: Operations (times) | G2: Operation kilometers (Km)
A3: 1989 | B3: 17234880 | C3: 32973999372 | D3: 865713 | E3: 4331431570 | F3: 122857 | G3: 240728926
A4: 1990 | B4: 20690235 | C4: 40415780780 | D4: 959590 | E4: 4626454321 | F4: 139529 | G4: 280656064
A5: 1991 | B5: 22523737 | C5: 42968310434 | D5: 986884 | E5: 4548580506 | F5: 150595 | G5: 300479394
A6: 1992 | B6: 25811748 | C6: 50453658708 | D6: 1078832 | E6: 5062484859 | F6: 177627 | G6: 347095622
A7: 1993 | B7: 27201333 | C7: 53138303731 | D7: 1223888 | E7: 6287703403 | F7: 201182 | G7: 371002537
A8: 1994 | B8: 31481845 | C8: 60636514958 | D8: 1418923 | E8: 7107986755 | F8: 214424 | G8: 416475276
A9: 1995 | B9: 35611282 | C9: 69018847961 | D9: 1613469 | E9: 8218439669 | F9: 234027 | G9: 468101617
A10: 1996 | B10: 39559043 | C10: 78775501273 | D10: 1782337 | E10: 9176947009 | F10: 254565 | G10: 528539658
A11: 1997 | B11: 42176926 | C11: 83426879836 | D11: 2018393 | E11: 10700851468 | F11: 277048 | G11: 591150615
A12: 1998 | B12: 33608780 | C12: 62612530888 | D12: 1834298 | E12: 9400102457 | F12: 248188 | G12: 489105234
A13: 1999 | B13: 37894642 | C13: 72436042000 | D13: 2112703 | E13: 10898300517 | F13: 246910 | G13: 498569299
A14: 2000 | B14: 41967169 | C14: 83955503185 | D14: 2383581 | E14: 12429945390 | F14: 273691 | G14: 561891020
... A34: 2020 | B34: 39403960 | C34: 62314352681 | D34: 3252778 | E34: 15811549626 | F34: 339594 | G34: 770665128
A35: National + Foreign Airlines figures
A37: 항공통계 항공사별 여객, 공급, 운항, 화물 데이터 정리 | B37: Aviation Statistics: Compilation of passenger, supply, operation, and cargo data by airline. | F37: Year-on-year change rate excluding 2020
A38: Year | B38: Supply (seats) | C38: Flights (flights) | D38: Passengers (persons) | E38: Cargo (ton) | F38: Passengers (persons) | G38: Cargo (ton)
A39: 2009 | B39: 58017647 | C39: 292381 | D39: 40387789 | E39: 2378141
A40: 2010 | B40: 61312548 | C40: 307880 | D40: 47237514 | E40: 2666460 | F40: =D40/D39 -> 1.1695989 | G40: =E40/E39 -> 1.1212371
A41: 2011 | B41: 65976928 | C41: 328216 | D41: 49538896 | E41: 2623974 | F41: =D41/D40 -> 1.0487194 | G41: =E41/E40 -> 0.98406652
A42: 2012 | B42: 70457208 | C42: 355775 | D42: 53874897 | E42: 2556561 | F42: =D42/D41 -> 1.0875272 | G42: =E42/E41 -> 0.97430882
A43: 2013 | B43: 73317719 | C43: 375144 | D43: 56145585 | E43: 2569156 | F43: =D43/D42 -> 1.0421474 | G43: =E43/E42 -> 1.0049265
A44: 2014 | B44: 77209328 | C44: 391048 | D44: 60788552 | E44: 2658483 | F44: =D44/D43 -> 1.0826951 | G44: =E44/E43 -> 1.034769
A45: 2015 | B45: 84329502 | C45: 420486 | D45: 68106765 | E45: 2733091 | F45: =D45/D44 -> 1.120388 | G45: =E45/E44 -> 1.0280641
A46: 2016 | B46: 94085064 | C46: 464495 | D46: 78956163 | E46: 2886178 | F46: =D46/D45 -> 1.1592999 | G46: =E46/E45 -> 1.0560124
A47: 2017 | B47: 101616268 | C47: 497211 | D47: 85904545 | E47: 3031848 | F47: =D47/D46 -> 1.088003 | G47: =E47/E46 -> 1.0504716
A48: 2018 | B48: 107630602 | C48: 524690 | D48: 91273049 | E48: 3069951 | F48: =D48/D47 -> 1.0624938 | G48: =E48/E47 -> 1.0125676
A49: 2019 | B49: 111528123 | C49: 542111 | D49: 94245011 | E49: 2885294 | F49: =D49/D48 -> 1.0325612 | G49: =E49/E48 -> 0.93985018
A50: 2020 | B50: 48876694 | C50: 275368 | D50: 34952212 | E50: 2346383
A52: Notes
I53: 2018-2048 CAGR
I54: 여객(명) | J54: 화물(톤)
I55: passengers | J55: cargo
I56: 1.01 | J56: 1.028
I57: ^ need a source for this

Sheet Air-Cal
A1: 항공통계 항공사별 여객, 공급, 운항, 화물 데이터 정리
A2: 국적사 | B2: 2019 | C2: 2020 | D2: 2021
A3: 공급(석) | B3: ='Air2019'!B4 -> 75440656 | C3: ='Air2020'!B4 -> 35003766 | D3: ='Air2021'!B4 -> 30014803
A4: 운항(편) | B4: ='Air2019'!C4 -> 367334 | C4: ='Air2020'!C4 -> 190756 | D4: ='Air2021'!C4 -> 183569
A5: 여객(명) | B5: ='Air2019'!D4 -> 64047450 | C5: ='Air2020'!D4 -> 25100157 | D5: ='Air2021'!D4 -> 22359540
A6: 화물(톤) | B6: ='Air2019'!E4 -> 1898548 | C6: ='Air2020'!E4 -> 1528230 | D6: ='Air2021'!E4 -> 1674325
A7: 여객 | B7: =B5/$B$5 -> 1 | C7: =C5/$B$5 -> 0.3918994 | D7: =D5/$B$5 -> 0.34910898
A8: 화물 | B8: =B6/$B$6 -> 1 | C8: =C6/$B$6 -> 0.80494673 | D8: =D6/$B$6 -> 0.88189764
A10: Notes
A17: 2024, 2019 대비 1 설정 후 'BAADTbVT_Aircraft-Cal'의 CAGR 적용

Sheet BAADTbVT_Ships-Cal psgr CAGR
A1: 국내・국제여객 연도별 수송수단별
A2: 구분(1)(1) | B2: 구분(2)(1) | C2: 2016 | D2: 2017 | E2: 2018
A3: 국내 | B3: 해운 (인) | C3: 15422957 | D3: 16909861 | E3: 14625484
B4: 항공 (인) | C4: 30912922 | D4: 32406255 | E4: 31600610
B5: 해운 (인-키로) | C5: 839080084 | D5: 915668809 | E5: 822233607
B6: 항공 (인-키로) | C6: 11819784935 | D6: 12243233861 | E6: 11882156510
A7: 국제 | B7: 해운 (인) | C7: 2776696 | D7: 2728147 | E7: -
B8: 항공 (인) | C8: 73000810 | D8: 76955719 | E8: 85925288
B9: 해운 (인-키로) | C9: - | D9: - | E9: -
B10: 항공 (인-키로) | C10: 212261253909 | D10: 231398037659 | E10: 251747144593
A11: 2017 화물수(ton) 국내・국제화물 월별 수송수단별
A12: 국내/국제(1) | B12: 수단별(1) | C12: 1995. 12 | D12: 1996. 12 | E12: 1997. 12 | F12: 1998. 12 | G12: 1999. 12 | H12: 2000. 12 | I12: 2001. 12 | J12: 2002. 12 | K12: 2003. 12 | L12: 2004. 12 | M12: 2005. 12 | N12: 2006. 01 | O12: 2006. 02 | P12: 2006. 03 | Q12: 2006. 04 | R12: 2006. 05 | S12: 2006. 06 | T12: 2006. 07 | U12: 2006. 08 | V12: 2006. 09 | W12: 2006. 10 | X12: 2006. 11 | Y12: 2006. 12 | Z12: 2007. 01 | AA12: 2007. 02 | AB12: 2007. 03 | AC12: 2007. 04 | AD12: 2007. 05 | AE12: 2007. 06 | AF12: 2007. 07 | AG12: 2007. 08 | AH12: 2007. 09 | AI12: 2007. 10 | AJ12: 2007. 11 | AK12: 2007. 12 | AL12: 2008. 01 | AM12: 2008. 02 | AN12: 2008. 03 | AO12: 2008. 04 | AP12: 2008. 05 | AQ12: 2008. 06 | AR12: 2008. 07 | AS12: 2008. 08 | AT12: 2008. 09 | AU12: 2008. 10 | AV12: 2008. 11 | AW12: 2008. 12 | AX12: 2009. 01 | AY12: 2009. 02 | AZ12: 2009. 03 | BA12: 2009. 04 | BB12: 2009. 05 | BC12: 2009. 06 | BD12: 2009. 07 | BE12: 2009. 08 | BF12: 2009. 09 | BG12: 2009. 10 | BH12: 2009. 11 | BI12: 2009. 12 | BJ12: 2010. 01 | BK12: 2010. 02 | BL12: 2010. 03 | BM12: 2010. 04 | BN12: 2010. 05 | BO12: 2010. 06 | BP12: 2010. 07 | BQ12: 2010. 08 | BR12: 2010. 09 | BS12: 2010. 10 | BT12: 2010. 11 | BU12: 2010. 12 | BV12: 2011. 01 | BW12: 2011. 02 | BX12: 2011. 03 | BY12: 2011. 04 | BZ12: 2011. 05 | CA12: 2011. 06 | CB12: 2011. 07 | CC12: 2011. 08 | CD12: 2011. 09 | CE12: 2011. 10 | CF12: 2011. 11 | CG12: 2011. 12 | CH12: 2012. 01 | CI12: 2012. 02 | CJ12: 2012. 03 | CK12: 2012. 04 | CL12: 2012. 05 | CM12: 2012. 06 | CN12: 2012. 07 | CO12: 2012. 08 | CP12: 2012. 09 | CQ12: 2012. 10 | CR12: 2012. 11 | CS12: 2012. 12 | CT12: 2013. 01 | CU12: 2013. 02 | CV12: 2013. 03 | CW12: 2013. 04 | CX12: 2013. 05 | CY12: 2013. 06 | CZ12: 2013. 07 | DA12: 2013. 08 | DB12: 2013. 09 | DC12: 2013. 10 | DD12: 2013. 11 | DE12: 2013. 12 | DF12: 2014. 01 | DG12: 2014. 02 | DH12: 2014. 03 | DI12: 2014. 04 | DJ12: 2014. 05 | DK12: 2014. 06 | DL12: 2014. 07 | DM12: 2014. 08 | DN12: 2014. 09 | DO12: 2014. 10 | DP12: 2014. 11 | DQ12: 2014. 12 | DR12: 2015. 01 | DS12: 2015. 02 | DT12: 2015. 03 | DU12: 2015. 04 | DV12: 2015. 05 | DW12: 2015. 06 | DX12: 2015. 07 | DY12: 2015. 08 | DZ12: 2015. 09 | EA12: 2015. 10 | EB12: 2015. 11 | EC12: 2015. 12 | ED12: 2016. 01 | EE12: 2016. 02 | EF12: 2016. 03 | EG12: 2016. 04 | EH12: 2016. 05 | EI12: 2016. 06 | EJ12: 2016. 07 | EK12: 2016. 08 | EL12: 2016. 09 | EM12: 2016. 10 | EN12: 2016. 11 | EO12: 2016. 12 | EP12: 2017. 01 | EQ12: 2017. 02 | ER12: 2017. 03 | ES12: 2017. 04 | ET12: 2017. 05 | EU12: 2017. 06 | EV12: 2017. 07 | EW12: 2017. 08 | EX12: 2017. 09 | EY12: 2017. 10 | EZ12: 2017. 11 | FA12: 2017. 12
A13: 국내 | B13: 합계 | C13: 595272320 | D13: 621239664 | E13: 700344184 | F13: 567023195 | G13: 567344200 | H13: 676315453 | I13: 721822691 | J13: 772444316 | K13: 758315596 | L13: 679412965 | M13: 687451212 | N13: 56080572 | O13: 54825756 | P13: 57161659 | Q13: 58392931 | R13: 59763150 | S13: 58231499 | T13: 56572624 | U13: 56112587 | V13: 58516121 | W13: 60695990 | X13: 57461547 | Y13: 56964040 | Z13: 57950364 | AA13: 56843979 | AB13: 59369471 | AC13: 59748875 | AD13: 60576452 | AE13: 60353498 | AF13: 58712222 | AG13: 58989227 | AH13: 59909506 | AI13: 61361275 | AJ13: 60401219 | AK13: 61005759 | AL13: 59137520 | AM13: 57871646 | AN13: 61509159 | AO13: 61243019 | AP13: 61659465 | AQ13: 60761327 | AR13: 61119952 | AS13: 60613441 | AT13: 61386242 | AU13: 63231326 | AV13: 61043684 | AW13: 60248745 | AX13: 60376458 | AY13: 60263022 | AZ13: 63981588 | BA13: 64934061 | BB13: 64980430 | BC13: 63467496 | BD13: 64075052 | BE13: 63653300 | BF13: 65302883 | BG13: 66251299 | BH13: 65174664 | BI13: 64218363 | BJ13: 63186365 | BK13: 61698492 | BL13: 66151489 | BM13: 66261054 | BN13: 66599215 | BO13: 65608968 | BP13: 64398781 | BQ13: 63039418 | BR13: 63092034 | BS13: 64569496 | BT13: 67948877 | BU13: 65476342 | BV13: 62449195 | BW13: 61414084 | BX13: 66930418 | BY13: 66790386 | BZ13: 66599215 | CA13: 65945949 | CB13: 64398781 | CC13: 64218520 | CD13: 64814588 | CE13: 67411275 | CF13: 67948877 | CG13: 65839355 | CH13: 73499611 | CI13: 70705774 | CJ13: 76095011 | CK13: 75129468 | CL13: 75656868 | CM13: 75000303 | CN13: 75662591 | CO13: 70169560 | CP13: 74179930 | CQ13: 77235033 | CR13: 75518286 | CS13: 73697996 | CT13: 71911186 | CU13: 68666202 | CV13: 75157956 | CW13: 73568520 | CX13: 74040388 | CY13: 75119275 | CZ13: 72126529 | DA13: 72852462 | DB13: 72402080 | DC13: 75075197 | DD13: 75000710 | DE13: 73391281 | DF13: 63388271 | DG13: 60760139 | DH13: 65784262 | DI13: 65547050 | DJ13: 65998059 | DK13: 66001586 | DL13: 65240808 | DM13: 63564047 | DN13: 64859702 | DO13: 77642564 | DP13: 76890838 | DQ13: 74950685 | DR13: - | DS13: - | DT13: - | DU13: - | DV13: - | DW13: - | DX13: - | DY13: - | DZ13: - | EA13: - | EB13: - | EC13: - | ED13: - | EE13: - | EF13: - | EG13: - | EH13: - | EI13: - | EJ13: - | EK13: - | EL13: - | EM13: - | EN13: - | EO13: - | EP13: - | EQ13: - | ER13: - | ES13: - | ET13: - | EU13: - | EV13: - | EW13: - | EX13: - | EY13: - | EZ13: - | FA13: -
B14: 철도 | C14: 57469339 | D14: 53526971 | E14: 53827826 | F14: 43344820 | G14: 42080967 | H14: 45239839 | I14: 45122332 | J14: 45732629 | K14: 47109970 | L14: 44512467 | M14: 41668802 | N14: 3000989 | O14: 3058861 | P14: 3632421 | Q14: 3874998 | R14: 3908205 | S14: 3723069 | T14: 3035281 | U14: 3582249 | V14: 3865430 | W14: 3663709 | X14: 4060887 | Y14: 3934481 | Z14: 3319263 | AA14: 2974849 | AB14: 3914912 | AC14: 3924455 | AD14: 3895774 | AE14: 3703086 | AF14: 3476431 | AG14: 3444103 | AH14: 3235934 | AI14: 4309512 | AJ14: 4230336 | AK14: 4133124 | AL14: 3419470 | AM14: 3070669 | AN14: 4048396 | AO14: 4239781 | AP14: 4417651 | AQ14: 4193394 | AR14: 4096204 | AS14: 3809148 | AT14: 3863128 | AU14: 4322695 | AV14: 3876609 | AW14: 3448543 | AX14: 2346643 | AY14: 2621495 | AZ14: 3438099 | BA14: 3572112 | BB14: 3666841 | BC14: 3591244 | BD14: 3280017 | BE14: 3288796 | BF14: 3463755 | BG14: 3426784 | BH14: 2994640 | BI14: 3207278 | BJ14: 2588834 | BK14: 2590708 | BL14: 3510581 | BM14: 3754282 | BN14: 3674631 | BO14: 3651789 | BP14: 3360575 | BQ14: 3058764 | BR14: 2759690 | BS14: 3460098 | BT14: 3542581 | BU14: 3264912 | BV14: 2567788 | BW14: 2470106 | BX14: 3675088 | BY14: 3757325 | BZ14: 3674631 | CA14: 3605712 | CB14: 3360575 | CC14: 3227277 | CD14: 3298026 | CE14: 3635453 | CF14: 3542581 | CG14: 3469153 | CH14: 2689011 | CI14: 2933099 | CJ14: 3605834 | CK14: 3557410 | CL14: 3807425 | CM14: 3731815 | CN14: 3506984 | CO14: 3046520 | CP14: 3080181 | CQ14: 3592844 | CR14: 3592416 | CS14: 3165389 | CT14: 2909186 | CU14: 2717781 | CV14: 3639589 | CW14: 3807309 | CX14: 3984681 | CY14: 3565386 | CZ14: 3437362 | DA14: 3313811 | DB14: 3026376 | DC14: 3689731 | DD14: 3587288 | DE14: 2143770 | DF14: 2534655 | DG14: 2602407 | DH14: 3382487 | DI14: 3450747 | DJ14: 3362860 | DK14: 3210007 | DL14: 3314427 | DM14: 3008351 | DN14: 2892065 | DO14: 3346101 | DP14: 3224812 | DQ14: 3050249 | DR14: 2734664 | DS14: 2344967 | DT14: 3251254 | DU14: 3250163 | DV14: 3217001 | DW14: 3287290 | DX14: 3274352 | DY14: 3014957 | DZ14: 2907906 | EA14: 3409564 | EB14: 3167879 | EC14: 3233645 | ED14: 2622245 | EE14: 2471111 | EF14: 3286290 | EG14: 3118350 | EH14: 3188390 | EI14: 3105722 | EJ14: 3009458 | EK14: 3024435 | EL14: 2527637 | EM14: 1883222 | EN14: 1898447 | EO14: 2420134 | EP14: 2151665 | EQ14: 2402359 | ER14: 2905635 | ES14: 2868040 | ET14: 2890323 | EU14: 2775104 | EV14: 2525432 | EW14: 2505020 | EX14: 2783365 | EY14: 2429279 | EZ14: 2860412 | FA14: 2572976
B15: 공로 | C15: 408368372 | D15: 426413788 | E15: 499083185 | F15: 408136000 | G15: 401177000 | H15: 496174000 | I15: 535725000 | J15: 584573000 | K15: 565456252 | L15: 518855708 | M15: 526000147 | N15: 43309017 | O15: 42999385 | P15: 43331211 | Q15: 44167415 | R15: 44953006 | S15: 44307841 | T15: 44590048 | U15: 42994062 | V15: 44998500 | W15: 46923771 | X15: 43894486 | Y15: 42809129 | Z15: 44917100 | AA15: 45536597 | AB15: 45393591 | AC15: 45896203 | AD15: 45883342 | AE15: 45791504 | AF15: 45166795 | AG15: 45996175 | AH15: 46793231 | AI15: 46658698 | AJ15: 45879483 | AK15: 46351752 | AL15: 45005689 | AM15: 45383050 | AN15: 46158592 | AO15: 46365508 | AP15: 46236132 | AQ15: 46508927 | AR15: 46595820 | AS15: 46217048 | AT15: 47109328 | AU15: 47749743 | AV15: 46588269 | AW15: 45883239 | AX15: 49031750 | AY15: 48637977 | AZ15: 50507890 | BA15: 50561749 | BB15: 50283974 | BC15: 50536333 | BD15: 50545724 | BE15: 50508637 | BF15: 51113078 | BG15: 52749720 | BH15: 51842183 | BI15: 51161310 | BJ15: 51144826 | BK15: 50764398 | BL15: 52494343 | BM15: 51933773 | BN15: 51570955 | BO15: 51673455 | BP15: 51564008 | BQ15: 50778956 | BR15: 51643833 | BS15: 50654485 | BT15: 53367764 | BU15: 51938851 | BV15: 51385569 | BW15: 51228249 | BX15: 53250737 | BY15: 53084007 | BZ15: 51570955 | CA15: 52801732 | CB15: 51564008 | CC15: 52036861 | CD15: 53242152 | CE15: 54581252 | CF15: 53367764 | CG15: 53061782 | CH15: 60713663 | CI15: 58612836 | CJ15: 62357794 | CK15: 61080942 | CL15: 61000089 | CM15: 60632011 | CN15: 61612048 | CO15: 58311599 | CP15: 61772727 | CQ15: 63544929 | CR15: 61876148 | CS15: 61404133 | CT15: 60029250 | CU15: 57908135 | CV15: 61166814 | CW15: 59638979 | CX15: 59697842 | CY15: 60980828 | CZ15: 58956901 | DA15: 59527635 | DB15: 60060883 | DC15: 61429400 | DD15: 60949738 | DE15: 61030314 | DF15: 50748466 | DG15: 49637621 | DH15: 51867701 | DI15: 51806931 | DJ15: 52512074 | DK15: 52459071 | DL15: 52125555 | DM15: 51221834 | DN15: 53274948 | DO15: 63839968 | DP15: 63077511 | DQ15: 62473956 | DR15: - | DS15: - | DT15: - | DU15: - | DV15: - | DW15: - | DX15: - | DY15: - | DZ15: - | EA15: - | EB15: - | EC15: - | ED15: - | EE15: - | EF15: - | EG15: - | EH15: - | EI15: - | EJ15: - | EK15: - | EL15: - | EM15: - | EN15: - | EO15: - | EP15: - | EQ15: - | ER15: - | ES15: - | ET15: - | EU15: - | EV15: - | EW15: - | EX15: - | EY15: - | EZ15: - | FA15: -
B16: 해운 | C16: 129111889 | D16: 140947542 | E16: 147045854 | F16: 115178828 | G16: 123692958 | H16: 134467386 | I16: 140544327 | J16: 141705985 | K16: 145326809 | L16: 115635806 | M16: 119409878 | N16: 9738061 | O16: 8736249 | P16: 10159869 | Q16: 10318433 | R16: 10875542 | S16: 10176447 | T16: 8922508 | U16: 9508569 | V16: 9623495 | W16: 10080784 | X16: 9476104 | Y16: 10188715 | Z16: 9683037 | AA16: 8303819 | AB16: 10030594 | AC16: 9901094 | AD16: 10773610 | AE16: 10836921 | AF16: 10045722 | AG16: 9523785 | AH16: 9855583 | AI16: 10364414 | AJ16: 10264772 | AK16: 10495848 | AL16: 10688920 | AM16: 9393702 | AN16: 11280292 | AO16: 10617605 | AP16: 10986885 | AQ16: 10042801 | AR16: 10412026 | AS16: 10565833 | AT16: 10392834 | AU16: 11133933 | AV16: 10555440 | AW16: 10893983 | AX16: 8974859 | AY16: 8981640 | AZ16: 10011138 | BA16: 10778696 | BB16: 11010533 | BC16: 9320761 | BD16: 10229614 | BE16: 9832618 | BF16: 10702641 | BG16: 10051092 | BH16: 10313579 | BI16: 9824739 | BJ16: 9430070 | BK16: 8320019 | BL16: 10121805 | BM16: 10549394 | BN16: 11332909 | BO16: 10265194 | BP16: 9454720 | BQ16: 9179380 | BR16: 8666415 | BS16: 10431587 | BT16: 11017860 | BU16: 10252227 | BV16: 8476082 | BW16: 7694920 | BX16: 9977314 | BY16: 9924708 | BZ16: 11332909 | CA16: 9518360 | CB16: 9454720 | CC16: 8930073 | CD16: 8250502 | CE16: 9168212 | CF16: 11017860 | CG16: 9282482 | CH16: 10071298 | CI16: 9136628 | CJ16: 10105857 | CK16: 10466553 | CL16: 10826504 | CM16: 10615448 | CN16: 10522564 | CO16: 8789748 | CP16: 9307097 | CQ16: 10075289 | CR16: 10030050 | CS16: 9110271 | CT16: 8952710 | CU16: 8020408 | CV16: 10328866 | CW16: 10099682 | CX16: 10338088 | CY16: 10554611 | CZ16: 9712420 | DA16: 9989191 | DB16: 9293279 | DC16: 9933424 | DD16: 10441517 | DE16: 10195914 | DF16: 10082417 | DG16: 8498818 | DH16: 10511377 | DI16: 10266192 | DJ16: 10102259 | DK16: 10311627 | DL16: 9776873 | DM16: 9307408 | DN16: 8666943 | DO16: 10430332 | DP16: 10564679 | DQ16: 9401163 | DR16: 9634525 | DS16: 8554106 | DT16: 10026694 | DU16: 10476782 | DV16: 10655900 | DW16: 10763392 | DX16: 10480933 | DY16: 10933588 | DZ16: 10979171 | EA16: 12016779 | EB16: 11687739 | EC16: 12401621 | ED16: 12107753 | EE16: 10375643 | EF16: 12883162 | EG16: 12080222 | EH16: 12258058 | EI16: 12188677 | EJ16: 11901355 | EK16: 11685562 | EL16: 10862620 | EM16: 12544187 | EN16: 12229103 | EO16: 12111006 | EP16: 15872211 | EQ16: 13216846 | ER16: 12398437 | ES16: 12014717 | ET16: 12453431 | EU16: 11960941 | EV16: 10973679 | EW16: 11180290 | EX16: 10516491 | EY16: 9820041 | EZ16: 11024011 | FA16: 11156212
B17: 항공 | C17: 322720 | D17: 351363 | E17: 387319 | F17: 363547 | G17: 393275 | H17: 434228 | I17: 431032 | J17: 432702 | K17: 422565 | L17: 408984 | M17: 372385 | N17: 32505 | O17: 31261 | P17: 38158 | Q17: 32085 | R17: 26397 | S17: 24142 | T17: 24787 | U17: 27707 | V17: 28696 | W17: 27726 | X17: 30070 | Y17: 31715 | Z17: 30964 | AA17: 28714 | AB17: 30374 | AC17: 27123 | AD17: 23726 | AE17: 21987 | AF17: 23274 | AG17: 25164 | AH17: 24758 | AI17: 28651 | AJ17: 26628 | AK17: 25035 | AL17: 23441 | AM17: 24225 | AN17: 21879 | AO17: 20125 | AP17: 18797 | AQ17: 16205 | AR17: 15902 | AS17: 21412 | AT17: 20952 | AU17: 24955 | AV17: 23366 | AW17: 22980 | AX17: 23206 | AY17: 21910 | AZ17: 24461 | BA17: 21504 | BB17: 19082 | BC17: 19158 | BD17: 19697 | BE17: 23249 | BF17: 23409 | BG17: 23703 | BH17: 24262 | BI17: 25036 | BJ17: 22635 | BK17: 23367 | BL17: 24760 | BM17: 23605 | BN17: 20720 | BO17: 18530 | BP17: 19478 | BQ17: 22318 | BR17: 22096 | BS17: 23326 | BT17: 20672 | BU17: 20352 | BV17: 19756 | BW17: 20809 | BX17: 27279 | BY17: 24346 | BZ17: 20720 | CA17: 20145 | CB17: 19478 | CC17: 24309 | CD17: 23908 | CE17: 26358 | CF17: 20672 | CG17: 25938 | CH17: 25639 | CI17: 23211 | CJ17: 25526 | CK17: 24563 | CL17: 22850 | CM17: 21029 | CN17: 20995 | CO17: 21693 | CP17: 19925 | CQ17: 21971 | CR17: 19672 | CS17: 18203 | CT17: 20040 | CU17: 19878 | CV17: 22687 | CW17: 22550 | CX17: 19777 | CY17: 18450 | CZ17: 19846 | DA17: 21825 | DB17: 21542 | DC17: 22642 | DD17: 22167 | DE17: 21283 | DF17: 22733 | DG17: 21293 | DH17: 22697 | DI17: 23180 | DJ17: 20866 | DK17: 20881 | DL17: 23953 | DM17: 26454 | DN17: 25746 | DO17: 26163 | DP17: 23836 | DQ17: 25317 | DR17: 24502 | DS17: 25316 | DT17: 25026 | DU17: 24622 | DV17: 23458 | DW17: 18814 | DX17: 21312 | DY17: 25130 | DZ17: 24803 | EA17: 25921 | EB17: 23847 | EC17: 25031 | ED17: 24933 | EE17: 24549 | EF17: 24435 | EG17: 23540 | EH17: 22778 | EI17: 22597 | EJ17: 25134 | EK17: 25654 | EL17: 25674 | EM17: 26830 | EN17: 23002 | EO17: 23758 | EP17: 26368 | EQ17: 23154 | ER17: 24160 | ES17: 23379 | ET17: 23574 | EU17: 22570 | EV17: 24120 | EW17: 26200 | EX17: 26053 | EY17: 25548 | EZ17: 22547 | FA17: 22454
A18: 국제 | B18: 합계 | C18: 405714274 | D18: 442551230 | E18: 486661311 | F18: 476222728 | G18: 533902560 | H18: 571548755 | I18: 612773903 | J18: 637622077 | K18: 669816827 | L18: 735946247 | M18: 757553023 | N18: 71712480 | O18: 60371386 | P18: 69621029 | Q18: 66572995 | R18: 69341698 | S18: 65346873 | T18: 67351512 | U18: 66247601 | V18: 68907654 | W18: 66330190 | X18: 67877209 | Y18: 73002511 | Z18: 69823227 | AA18: 64765263 | AB18: 72893625 | AC18: 73768125 | AD18: 76886281 | AE18: 71823800 | AF18: 74787624 | AG18: 70166140 | AH18: 69525067 | AI18: 73019869 | AJ18: 69080081 | AK18: 79122341 | AL18: 76217972 | AM18: 68383491 | AN18: 80098146 | AO18: 75323826 | AP18: 78086486 | AQ18: 71914259 | AR18: 81232962 | AS18: 75588855 | AT18: 74979218 | AU18: 75772750 | AV18: 71295784 | AW18: 67040000 | AX18: 65569343 | AY18: 61834770 | AZ18: 70424452 | BA18: 65689263 | BB18: 70037813 | BC18: 67870082 | BD18: 72048511 | BE18: 71855645 | BF18: 73407082 | BG18: 80797905 | BH18: 74599247 | BI18: 77037000 | BJ18: 79753982 | BK18: 70655920 | BL18: 83172463 | BM18: 79083912 | BN18: 84226201 | BO18: 80146202 | BP18: 82414666 | BQ18: 79967287 | BR18: 78656024 | BS18: 82449817 | BT18: 86266955 | BU18: 82726797 | BV18: 89570617 | BW18: 78587466 | BX18: 92243362 | BY18: 89599038 | BZ18: 84226201 | CA18: 85373450 | CB18: 82414666 | CC18: 88260910 | CD18: 85833636 | CE18: 92305861 | CF18: 86266955 | CG18: 96588328 | CH18: 95141585 | CI18: 86679451 | CJ18: 95604137 | CK18: 92108043 | CL18: 95001421 | CM18: 90663146 | CN18: 94259481 | CO18: 84101404 | CP18: 96606494 | CQ18: 94290831 | CR18: 93160394 | CS18: 94130663 | CT18: 98476563 | CU18: 84993652 | CV18: 99928409 | CW18: 92464787 | CX18: 91080175 | CY18: 93047685 | CZ18: 94901896 | DA18: 91665688 | DB18: 90190630 | DC18: 93990009 | DD18: 94976891 | DE18: 100734923 | DF18: 104668191 | DG18: 88531214 | DH18: 105712440 | DI18: 98444070 | DJ18: 97944495 | DK18: 96424428 | DL18: 99657093 | DM18: 97870590 | DN18: 95267783 | DO18: 101918922 | DP18: 99645838 | DQ18: 101966872 | DR18: 106393448 | DS18: 95823656 | DT18: 104300962 | DU18: 100643276 | DV18: 102262911 | DW18: 100526977 | DX18: 101861350 | DY18: 101383136 | DZ18: 99204577 | EA18: 102969388 | EB18: 98207343 | EC18: 106723474 | ED18: 105610122 | EE18: 96221146 | EF18: 108494284 | EG18: 99251751 | EH18: 106800199 | EI18: 100979850 | EJ18: 105802676 | EK18: 98031206 | EL18: 102167608 | EM18: 108983802 | EN18: 103444358 | EO18: 110590967 | EP18: 109874598 | EQ18: 95966406 | ER18: 115933464 | ES18: 109383174 | ET18: 108440461 | EU18: 114766282 | EV18: 114130689 | EW18: 108142899 | EX18: 106043438 | EY18: 107899248 | EZ18: 110895591 | FA18: 115044738
B19: 해운 | C19: 404423525 | D19: 441120256 | E19: 485030237 | F19: 474751966 | G19: 532183132 | H19: 569599403 | I19: 610910071 | J19: 635545272 | K19: 667608033 | L19: 733377114 | M19: 754936409 | N19: 71498130 | O19: 60166069 | P19: 69374069 | Q19: 66339706 | R19: 69117840 | S19: 65117487 | T19: 67115143 | U19: 66003023 | V19: 68654939 | W19: 66074528 | X19: 67618421 | Y19: 72750249 | Z19: 69590357 | AA19: 64537815 | AB19: 72622148 | AC19: 73509257 | AD19: 76631162 | AE19: 71565233 | AF19: 74523211 | AG19: 69898301 | AH19: 69256753 | AI19: 72739050 | AJ19: 68798775 | AK19: 78851416 | AL19: 75959392 | AM19: 68140334 | AN19: 79822102 | AO19: 75061658 | AP19: 77827643 | AQ19: 71656309 | AR19: 80974587 | AS19: 75332082 | AT19: 74737590 | AU19: 75520078 | AV19: 71068306 | AW19: 66836301 | AX19: 65372953 | AY19: 61631352 | AZ19: 70188547 | BA19: 65463381 | BB19: 69809347 | BC19: 67640916 | BD19: 71802669 | BE19: 71606954 | BF19: 73154152 | BG19: 80532236 | BH19: 74325677 | BI19: 76770460 | BJ19: 79496585 | BK19: 70408567 | BL19: 82877407 | BM19: 78804243 | BN19: 83933977 | BO19: 79870634 | BP19: 82128859 | BQ19: 79693904 | BR19: 78388759 | BS19: 82156187 | BT19: 85987952 | BU19: 82446268 | BV19: 89299706 | BW19: 78345814 | BX19: 91950050 | BY19: 89330061 | BZ19: 83933977 | CA19: 85107490 | CB19: 82128859 | CC19: 87989584 | CD19: 85571617 | CE19: 92026295 | CF19: 85987952 | CG19: 96314793 | CH19: 94896714 | CI19: 86421173 | CJ19: 95324695 | CK19: 91848315 | CL19: 94739877 | CM19: 90395008 | CN19: 93986459 | CO19: 83830349 | CP19: 96334454 | CQ19: 94013869 | CR19: 92884917 | CS19: 93862440 | CT19: 98223778 | CU19: 84760248 | CV19: 99639144 | CW19: 92195514 | CX19: 90811456 | CY19: 92780740 | CZ19: 94631597 | DA19: 91391060 | DB19: 89923450 | DC19: 93702614 | DD19: 94690782 | DE19: 100454672 | DF19: 104396105 | DG19: 88282914 | DH19: 105411161 | DI19: 98161977 | DJ19: 97666692 | DK19: 96148308 | DL19: 99369439 | DM19: 97579420 | DN19: 94990644 | DO19: 101618359 | DP19: 99343048 | DQ19: 101673127 | DR19: 106111429 | DS19: 95552893 | DT19: 103983109 | DU19: 100344125 | DV19: 101967710 | DW19: 100255921 | DX19: 101580882 | DY19: 101090659 | DZ19: 98915618 | EA19: 102656683 | EB19: 97901217 | EC19: 106421480 | ED19: 105315336 | EE19: 95956187 | EF19: 108177404 | EG19: 98943999 | EH19: 106497406 | EI19: 100665074 | EJ19: 105480287 | EK19: 97716091 | EL19: 101849677 | EM19: 108638653 | EN19: 103108914 | EO19: 110248033 | EP19: 109551763 | EQ19: 95660622 | ER19: 115581807 | ES19: 109053490 | ET19: 108120113 | EU19: 114441570 | EV19: 113793969 | EW19: 107805399 | EX19: 105698271 | EY19: 107560077 | EZ19: 110537249 | FA19: 114685144
B20: 항공 | C20: 1290749 | D20: 1430974 | E20: 1631074 | F20: 1470762 | G20: 1719428 | H20: 1949352 | I20: 1863832 | J20: 2076805 | K20: 2208794 | L20: 2569133 | M20: 2616614 | N20: 214350 | O20: 205317 | P20: 246960 | Q20: 233289 | R20: 223858 | S20: 229386 | T20: 236369 | U20: 244578 | V20: 252715 | W20: 255662 | X20: 258788 | Y20: 252262 | Z20: 232870 | AA20: 227448 | AB20: 271477 | AC20: 258868 | AD20: 255119 | AE20: 258567 | AF20: 264413 | AG20: 267839 | AH20: 268314 | AI20: 280819 | AJ20: 281306 | AK20: 270925 | AL20: 258580 | AM20: 243157 | AN20: 276044 | AO20: 262168 | AP20: 258843 | AQ20: 257950 | AR20: 258375 | AS20: 256773 | AT20: 241628 | AU20: 252672 | AV20: 227478 | AW20: 203699 | AX20: 196390 | AY20: 203418 | AZ20: 235905 | BA20: 225882 | BB20: 228466 | BC20: 229166 | BD20: 245842 | BE20: 248691 | BF20: 252930 | BG20: 265669 | BH20: 273570 | BI20: 266540 | BJ20: 257397 | BK20: 247353 | BL20: 295056 | BM20: 279669 | BN20: 292224 | BO20: 275568 | BP20: 285807 | BQ20: 273383 | BR20: 267265 | BS20: 293630 | BT20: 279003 | BU20: 280529 | BV20: 270911 | BW20: 241652 | BX20: 293312 | BY20: 268977 | BZ20: 292224 | CA20: 265960 | CB20: 285807 | CC20: 271326 | CD20: 262019 | CE20: 279566 | CF20: 279003 | CG20: 273535 | CH20: 244871 | CI20: 258278 | CJ20: 279442 | CK20: 259728 | CL20: 261544 | CM20: 268138 | CN20: 273022 | CO20: 271055 | CP20: 272040 | CQ20: 276962 | CR20: 275477 | CS20: 268223 | CT20: 252785 | CU20: 233404 | CV20: 289265 | CW20: 269273 | CX20: 268719 | CY20: 266945 | CZ20: 270299 | DA20: 274628 | DB20: 267180 | DC20: 287395 | DD20: 286109 | DE20: 280251 | DF20: 272086 | DG20: 248300 | DH20: 301279 | DI20: 282093 | DJ20: 277803 | DK20: 276120 | DL20: 287654 | DM20: 291170 | DN20: 277139 | DO20: 300563 | DP20: 302790 | DQ20: 293745 | DR20: 282019 | DS20: 270763 | DT20: 317853 | DU20: 299151 | DV20: 295201 | DW20: 271056 | DX20: 280468 | DY20: 292477 | DZ20: 288959 | EA20: 312705 | EB20: 306126 | EC20: 301994 | ED20: 294786 | EE20: 264959 | EF20: 316880 | EG20: 307752 | EH20: 302793 | EI20: 314776 | EJ20: 322389 | EK20: 315115 | EL20: 317931 | EM20: 345149 | EN20: 335444 | EO20: 342934 | EP20: 322835 | EQ20: 305784 | ER20: 351657 | ES20: 329684 | ET20: 320348 | EU20: 324712 | EV20: 336720 | EW20: 337500 | EX20: 345167 | EY20: 339171 | EZ20: 358342 | FA20: 359594
A21: 2017 화물수(ton) 국내・국제화물 연간 수송수단별
A22: 국내/국제(1) | B22: 수단별(1) | C22: 1995 | D22: 1996 | E22: 1997 | F22: 1998 | G22: 1999 | H22: 2000 | I22: 2001 | J22: 2002 | K22: 2003 | L22: 2004 | M22: 2005 | N22: 2006 | O22: 2007 | P22: 2008 | Q22: 2009 | R22: 2010 | S22: 2011 | T22: 2012 | U22: 2013 | V22: 2014 | W22: 2015 | X22: 2016 | Y22: 2017
A23: 국내 | B23: 합계 | C23: 595272320 | D23: 621239664 | E23: 700344184 | F23: 567023195 | G23: 567344200 | H23: 676315453 | I23: 721822691 | J23: 772444316 | K23: 758315596 | L23: 679412965 | M23: 687451212 | N23: =SUM(N13:Y13) -> 690778476 | O23: =SUM(Z13:AK13) -> 715221847 | P23: =SUM(AL13:AW13) -> 729825526 | Q23: =SUM(AX13:BI13) -> 766678616 | R23: =SUM(BJ13:BU13) -> 778030531 | S23: =SUM(BV13:CG13) -> 784760643 | T23: =SUM(CH13:CS13) -> 892550431 | U23: =SUM(CT13:DE13) -> 879311786 | V23: =SUM(DF13:DQ13) -> 810628011 | W23: =SUM(DR13:EC13) -> 0 | X23: =SUM(ED13:EO13) -> 0 | Y23: =SUM(EP13:FA13) -> 0
B24: 철도 | C24: 57469339 | D24: 53526971 | E24: 53827826 | F24: 43344820 | G24: 42080967 | H24: 45239839 | I24: 45122332 | J24: 45732629 | K24: 47109970 | L24: 44512467 | M24: 41668802 | N24: =SUM(N14:Y14) -> 43340580 | O24: =SUM(Z14:AK14) -> 44561779 | P24: =SUM(AL14:AW14) -> 46805688 | Q24: =SUM(AX14:BI14) -> 38897704 | R24: =SUM(BJ14:BU14) -> 39217445 | S24: =SUM(BV14:CG14) -> 40283715 | T24: =SUM(CH14:CS14) -> 40308928 | U24: =SUM(CT14:DE14) -> 39822270 | V24: =SUM(DF14:DQ14) -> 37379168 | W24: =SUM(DR14:EC14) -> 37093642 | X24: =SUM(ED14:EO14) -> 32555441 | Y24: =SUM(EP14:FA14) -> 31669610
B25: 공로 | C25: 408368372 | D25: 426413788 | E25: 499083185 | F25: 408136000 | G25: 401177000 | H25: 496174000 | I25: 535725000 | J25: 584573000 | K25: 565456252 | L25: 518855708 | M25: 526000147 | N25: =SUM(N15:Y15) -> 529277871 | O25: =SUM(Z15:AK15) -> 550264471 | P25: =SUM(AL15:AW15) -> 555801345 | Q25: =SUM(AX15:BI15) -> 607480325 | R25: =SUM(BJ15:BU15) -> 619529647 | S25: =SUM(BV15:CG15) -> 631175068 | T25: =SUM(CH15:CS15) -> 732918919 | U25: =SUM(CT15:DE15) -> 721376719 | V25: =SUM(DF15:DQ15) -> 655045636 | W25: =SUM(DR15:EC15) -> 0 | X25: =SUM(ED15:EO15) -> 0 | Y25: =SUM(EP15:FA15) -> 0
B26: 해운 | C26: 129111889 | D26: 140947542 | E26: 147045854 | F26: 115178828 | G26: 123692958 | H26: 134467386 | I26: 140544327 | J26: 141705985 | K26: 145326809 | L26: 115635806 | M26: 119409878 | N26: =SUM(N16:Y16) -> 117804776 | O26: =SUM(Z16:AK16) -> 120079199 | P26: =SUM(AL16:AW16) -> 126964254 | Q26: =SUM(AX16:BI16) -> 120031910 | R26: =SUM(BJ16:BU16) -> 119021580 | S26: =SUM(BV16:CG16) -> 113028142 | T26: =SUM(CH16:CS16) -> 119057307 | U26: =SUM(CT16:DE16) -> 117860110 | V26: =SUM(DF16:DQ16) -> 117920088 | W26: =SUM(DR16:EC16) -> 128611230 | X26: =SUM(ED16:EO16) -> 143227348 | Y26: =SUM(EP16:FA16) -> 142587307
B27: 항공 | C27: 322720 | D27: 351363 | E27: 387319 | F27: 363547 | G27: 393275 | H27: 434228 | I27: 431032 | J27: 432702 | K27: 422565 | L27: 408984 | M27: 372385 | N27: =SUM(N17:Y17) -> 355249 | O27: =SUM(Z17:AK17) -> 316398 | P27: =SUM(AL17:AW17) -> 254239 | Q27: =SUM(AX17:BI17) -> 268677 | R27: =SUM(BJ17:BU17) -> 261859 | S27: =SUM(BV17:CG17) -> 273718 | T27: =SUM(CH17:CS17) -> 265277 | U27: =SUM(CT17:DE17) -> 252687 | V27: =SUM(DF17:DQ17) -> 283119 | W27: =SUM(DR17:EC17) -> 287782 | X27: =SUM(ED17:EO17) -> 292884 | Y27: =SUM(EP17:FA17) -> 290127
A28: 국제 | B28: 합계 | C28: 405714274 | D28: 442551230 | E28: 486661311 | F28: 476222728 | G28: 533902560 | H28: 571548755 | I28: 612773903 | J28: 637622077 | K28: 669816827 | L28: 735946247 | M28: 757553023 | N28: =SUM(N18:Y18) -> 812683138 | O28: =SUM(Z18:AK18) -> 865661443 | P28: =SUM(AL18:AW18) -> 895933749 | Q28: =SUM(AX18:BI18) -> 851171113 | R28: =SUM(BJ18:BU18) -> 969520226 | S28: =SUM(BV18:CG18) -> 1051270490 | T28: =SUM(CH18:CS18) -> 1111747050 | U28: =SUM(CT18:DE18) -> 1126451308 | V28: =SUM(DF18:DQ18) -> 1188051936 | W28: =SUM(DR18:EC18) -> 1220300498 | X28: =SUM(ED18:EO18) -> 1246377969 | Y28: =SUM(EP18:FA18) -> 1316520988
B29: 해운 | C29: 404423525 | D29: 441120256 | E29: 485030237 | F29: 474751966 | G29: 532183132 | H29: 569599403 | I29: 610910071 | J29: 635545272 | K29: 667608033 | L29: 733377114 | M29: 754936409 | N29: =SUM(N19:Y19) -> 809829604 | O29: =SUM(Z19:AK19) -> 862523478 | P29: =SUM(AL19:AW19) -> 892936382 | Q29: =SUM(AX19:BI19) -> 848298644 | R29: =SUM(BJ19:BU19) -> 966193342 | S29: =SUM(BV19:CG19) -> 1047986198 | T29: =SUM(CH19:CS19) -> 1108538270 | U29: =SUM(CT19:DE19) -> 1123205055 | V29: =SUM(DF19:DQ19) -> 1184641194 | W29: =SUM(DR19:EC19) -> 1216781726 | X29: =SUM(ED19:EO19) -> 1242597061 | Y29: =SUM(EP19:FA19) -> 1312489474
B30: 항공 | C30: 1290749 | D30: 1430974 | E30: 1631074 | F30: 1470762 | G30: 1719428 | H30: 1949352 | I30: 1863832 | J30: 2076805 | K30: 2208794 | L30: 2569133 | M30: 2616614 | N30: =SUM(N20:Y20) -> 2853534 | O30: =SUM(Z20:AK20) -> 3137965 | P30: =SUM(AL20:AW20) -> 2997367 | Q30: =SUM(AX20:BI20) -> 2872469 | R30: =SUM(BJ20:BU20) -> 3326884 | S30: =SUM(BV20:CG20) -> 3284292 | T30: =SUM(CH20:CS20) -> 3208780 | U30: =SUM(CT20:DE20) -> 3246253 | V30: =SUM(DF20:DQ20) -> 3410742 | W30: =SUM(DR20:EC20) -> 3518772 | X30: =SUM(ED20:EO20) -> 3780908 | Y30: =SUM(EP20:FA20) -> 4031514
A31: 합계 | B31: 해운 | C31: =SUM(C26,C29) -> 533535414 | D31: =SUM(D26,D29) -> 582067798 | E31: =SUM(E26,E29) -> 632076091 | F31: =SUM(F26,F29) -> 589930794 | G31: =SUM(G26,G29) -> 655876090 | H31: =SUM(H26,H29) -> 704066789 | I31: =SUM(I26,I29) -> 751454398 | J31: =SUM(J26,J29) -> 777251257 | ... Y31: =SUM(Y26,Y29) -> 1455076781
B32: 항공 | C32: =SUM(C27,C30) -> 1613469 | D32: =SUM(D27,D30) -> 1782337 | E32: =SUM(E27,E30) -> 2018393 | F32: =SUM(F27,F30) -> 1834309 | G32: =SUM(G27,G30) -> 2112703 | H32: =SUM(H27,H30) -> 2383580 | I32: =SUM(I27,I30) -> 2294864 | J32: =SUM(J27,J30) -> 2509507 | ... Y32: =SUM(Y27,Y30) -> 4321641
J33: 1000 ton | K33: million ton killo
A34: 여객 | B34: 국내 | D34: 국제 | F34: 합계 | I34: 화물 | J34: 국내 | L34: 국제 | N34: 합계
A35: 구분 | B35: 여객(1000인) | C35: 백만인킬로 | D35: 여객(1000인) | E35: 백만인킬로 | F35: 여객(1000인) | G35: 백만인킬로 | I35: 구분 | J35: 해운톤 | K35: 해운톤킬로 | L35: 해운톤 | M35: 해운톤킬로 | N35: 해운톤 | O35: 해운톤킬로 | P35: 해운톤킬로/해운톤
A36: 1990 | B36: 8260 | C36: 520 | D36: 236 | E36: 84 | F36: =SUM(B36,D36) -> 8496 | G36: =SUM(C36,E36) -> 604 | I36: 1990 | J36: 63914 | K36: 21127 | L36: 219781 | M36: 1833650 | N36: =SUM(J36,L36) -> 283695 | O36: =SUM(K36,M36) -> 1854777 | P36: =M36/L36 -> 8.3430779
A37: 1991 | B37: 8485 | C37: 524 | D37: 335 | E37: 113 | F37: =SUM(B37,D37) -> 8820 | G37: =SUM(C37,E37) -> 637 | I37: 1991 | J37: 76124 | K37: 24737 | L37: 262972 | M37: 2168582 | N37: =SUM(J37,L37) -> 339096 | O37: =SUM(K37,M37) -> 2193319 | P37: =M37/L37 -> 8.2464369
A38: 1992 | B38: 8733 | C38: 525 | D38: 338 | E38: 130 | F38: =SUM(B38,D38) -> 9071 | G38: =SUM(C38,E38) -> 655 | I38: 1992 | J38: 85589 | K38: 36008 | L38: 285573 | M38: 2457145 | N38: =SUM(J38,L38) -> 371162 | O38: =SUM(K38,M38) -> 2493153 | P38: =M38/L38 -> 8.6042623
A39: 1993 | B39: 7990 | C39: 468 | D39: 296 | E39: 112 | F39: =SUM(B39,D39) -> 8286 | G39: =SUM(C39,E39) -> 580 | I39: 1993 | J39: 96196 | K39: 38765 | L39: 316872 | M39: 2768396 | N39: =SUM(J39,L39) -> 413068 | O39: =SUM(K39,M39) -> 2807161 | P39: =M39/L39 -> 8.7366381
A40: 1994 | B40: 7869 | C40: 436 | D40: 411 | E40: 163 | F40: =SUM(B40,D40) -> 8280 | G40: =SUM(C40,E40) -> 599 | I40: 1994 | J40: 117694 | K40: 34935 | L40: 353428 | M40: 2881696 | N40: =SUM(J40,L40) -> 471122 | O40: =SUM(K40,M40) -> 2916631 | P40: =M40/L40 -> 8.1535589
A41: 1995 | B41: 8702 | C41: 502 | D41: 395 | E41: 136 | F41: =SUM(B41,D41) -> 9097 | G41: =SUM(C41,E41) -> 638 | I41: 1995 | J41: 129112 | K41: 43936 | L41: 404424 | M41: 3263717 | N41: =SUM(J41,L41) -> 533536 | O41: =SUM(K41,M41) -> 3307653 | P41: =M41/L41 -> 8.0700379
A42: 1996 | B42: 9413 | C42: 547 | D42: 523 | E42: 198 | F42: =SUM(B42,D42) -> 9936 | G42: =SUM(C42,E42) -> 745 | I42: 1996 | J42: 140948 | K42: 46452 | L42: 441120 | M42: 3575745 | N42: =SUM(J42,L42) -> 582068 | O42: =SUM(K42,M42) -> 3622197 | P42: =M42/L42 -> 8.1060596
A43: 1997 | B43: 9899 | C43: 571 | D43: 564 | E43: 214 | F43: =SUM(B43,D43) -> 10463 | G43: =SUM(C43,E43) -> 785 | I43: 1997 | J43: 147046 | K43: 45299 | L43: 485030 | M43: 4170203 | N43: =SUM(J43,L43) -> 632076 | O43: =SUM(K43,M43) -> 4215502 | P43: =M43/L43 -> 8.5978249
A44: 1998 | B44: 8277 | C44: 434 | D44: 538 | E44: 200 | F44: =SUM(B44,D44) -> 8815 | G44: =SUM(C44,E44) -> 634 | I44: 1998 | J44: 115179 | K44: 33462 | L44: 474752 | M44: 4215379 | N44: =SUM(J44,L44) -> 589931 | O44: =SUM(K44,M44) -> 4248841 | P44: =M44/L44 -> 8.8791179
A45: 1999 | B45: 9052 | C45: 543 | D45: 805 | E45: 299 | F45: =SUM(B45,D45) -> 9857 | G45: =SUM(C45,E45) -> 842 | I45: 1999 | J45: 123693 | K45: 33699 | L45: 532183 | M45: 4670305 | N45: =SUM(J45,L45) -> 655876 | O45: =SUM(K45,M45) -> 4704004 | P45: =M45/L45 -> 8.7757501
A46: 2000 | B46: 9702 | C46: 672 | D46: 999 | E46: 398 | F46: =SUM(B46,D46) -> 10701 | G46: =SUM(C46,E46) -> 1070 | I46: 2000 | J46: 131987 | K46: 38298 | L46: 569599 | M46: 4362779 | N46: =SUM(J46,L46) -> 701586 | O46: =SUM(K46,M46) -> 4401077 | P46: =M46/L46 -> 7.6593867
A47: 2001 | B47: 9340 | C47: 555 | D47: 1075 | E47: 401 | F47: =SUM(B47,D47) -> 10415 | G47: =SUM(C47,E47) -> 956 | I47: 2001 | J47: 140544 | K47: 36443 | L47: =INDEX($C$29:$Y$29,MATCH('BAADTbVT_Ships-Cal psgr CAGR'!I47,'BAADTbVT_Ships-Cal psgr CAGR'!$C$22:$Y$22,0))/1000 -> 610910.07 | M47: =L47*P47 -> 5717844.1 | N47: =SUM(J47,L47) -> 751454.07 | O47: =SUM(K47,M47) -> 5754287.1 | P47: =TREND($P$41:$P$45,$I$41:$I$45,I47) -> 9.3595512
A48: 2002 | B48: 9460 | C48: 565 | D48: 1253 | E48: 459 | F48: =SUM(B48,D48) -> 10713 | G48: =SUM(C48,E48) -> 1024 | I48: 2002 | J48: 141706 | K48: 38171 | L48: =INDEX($C$29:$Y$29,MATCH('BAADTbVT_Ships-Cal psgr CAGR'!I48,'BAADTbVT_Ships-Cal psgr CAGR'!$C$22:$Y$22,0))/1000 -> 635545.27 | M48: =L48*P48 -> 6087252.3 | N48: =SUM(J48,L48) -> 777251.27 | O48: =SUM(K48,M48) -> 6125423.3 | P48: =TREND($P$41:$P$45,$I$41:$I$45,I48) -> 9.5779994
A49: 2003 | B49: 10336 | C49: 620 | D49: 1380 | E49: 535 | F49: =SUM(B49,D49) -> 11716 | G49: =SUM(C49,E49) -> 1155 | I49: 2003 | J49: 145327 | K49: 33884 | L49: =INDEX($C$29:$Y$29,MATCH('BAADTbVT_Ships-Cal psgr CAGR'!I49,'BAADTbVT_Ships-Cal psgr CAGR'!$C$22:$Y$22,0))/1000 -> 667608.03 | M49: =L49*P49 -> 6540187.2 | N49: =SUM(J49,L49) -> 812935.03 | O49: =SUM(K49,M49) -> 6574071.2 | P49: =TREND($P$41:$P$45,$I$41:$I$45,I49) -> 9.7964477
A50: 2004 | B50: 10648 | C50: 657 | D50: 1822 | E50: 714 | F50: =SUM(B50,D50) -> 12470 | G50: =SUM(C50,E50) -> 1371 | I50: 2004 | J50: 115636 | K50: 25840 | L50: =INDEX($C$29:$Y$29,MATCH('BAADTbVT_Ships-Cal psgr CAGR'!I50,'BAADTbVT_Ships-Cal psgr CAGR'!$C$22:$Y$22,0))/1000 -> 733377.11 | M50: =L50*P50 -> 7344695.5 | N50: =SUM(J50,L50) -> 849013.11 | O50: =SUM(K50,M50) -> 7370535.5 | P50: =TREND($P$41:$P$45,$I$41:$I$45,I50) -> 10.014896
A51: 2005 | B51: 11100 | C51: 668 | D51: 2105 | E51: 857 | F51: =SUM(B51,D51) -> 13205 | G51: =SUM(C51,E51) -> 1525 | I51: 2005 | J51: 119410 | K51: 26590 | L51: =INDEX($C$29:$Y$29,MATCH('BAADTbVT_Ships-Cal psgr CAGR'!I51,'BAADTbVT_Ships-Cal psgr CAGR'!$C$22:$Y$22,0))/1000 -> 754936.41 | M51: =L51*P51 -> 7725524.2 | N51: =SUM(J51,L51) -> 874346.41 | O51: =SUM(K51,M51) -> 7752114.2 | P51: =TREND($P$41:$P$45,$I$41:$I$45,I51) -> 10.233344
A52: 2006 | B52: 11574 | C52: 709 | D52: 2385 | E52: 993 | F52: =SUM(B52,D52) -> 13959 | G52: =SUM(C52,E52) -> 1702 | I52: 2006 | J52: 117805 | K52: 26478 | L52: =INDEX($C$29:$Y$29,MATCH('BAADTbVT_Ships-Cal psgr CAGR'!I52,'BAADTbVT_Ships-Cal psgr CAGR'!$C$22:$Y$22,0))/1000 -> 809829.6 | M52: =L52*P52 -> 8464171 | N52: =SUM(J52,L52) -> 927634.6 | O52: =SUM(K52,M52) -> 8490649 | P52: =TREND($P$41:$P$45,$I$41:$I$45,I52) -> 10.451793
A53: 2007 | B53: 12634 | C53: 765 | D53: 2550 | E53: 1019 | F53: =SUM(B53,D53) -> 15184 | G53: =SUM(C53,E53) -> 1784 | I53: 2007 | J53: 120079 | K53: 27998 | L53: =INDEX($C$29:$Y$29,MATCH('BAADTbVT_Ships-Cal psgr CAGR'!I53,'BAADTbVT_Ships-Cal psgr CAGR'!$C$22:$Y$22,0))/1000 -> 862523.48 | M53: =L53*P53 -> 9203333.2 | N53: =SUM(J53,L53) -> 982602.48 | O53: =SUM(K53,M53) -> 9231331.2 | P53: =TREND($P$41:$P$45,$I$41:$I$45,I53) -> 10.670241
A54: 2008 | B54: 14162 | C54: 765 | D54: 2534 | E54: 1019 | F54: =SUM(B54,D54) -> 16696 | G54: =SUM(C54,E54) -> 1784 | I54: 2008 | J54: 126964 | K54: 29590 | L54: =INDEX($C$29:$Y$29,MATCH('BAADTbVT_Ships-Cal psgr CAGR'!I54,'BAADTbVT_Ships-Cal psgr CAGR'!$C$22:$Y$22,0))/1000 -> 892936.38 | M54: =L54*P54 -> 9722906.6 | N54: =SUM(J54,L54) -> 1019900.4 | O54: =SUM(K54,M54) -> 9752496.6 | P54: =TREND($P$41:$P$45,$I$41:$I$45,I54) -> 10.888689
A55: 2009 | B55: 14868 | C55: 867 | D55: 2089 | E55: 845 | F55: =SUM(B55,D55) -> 16957 | G55: =SUM(C55,E55) -> 1712 | I55: 2009 | J55: 120032 | K55: 25249 | L55: =INDEX($C$29:$Y$29,MATCH('BAADTbVT_Ships-Cal psgr CAGR'!I55,'BAADTbVT_Ships-Cal psgr CAGR'!$C$22:$Y$22,0))/1000 -> 848298.64 | M55: =L55*P55 -> 9422169.6 | N55: =SUM(J55,L55) -> 968330.64 | O55: =SUM(K55,M55) -> 9447418.6 | P55: =TREND($P$41:$P$45,$I$41:$I$45,I55) -> 11.107137
A56: 2010 | B56: 14308 | C56: 883 | D56: 2761 | E56: 1104 | F56: =SUM(B56,D56) -> 17069 | G56: =SUM(C56,E56) -> 1987 | I56: 2010 | J56: 124225 | K56: 23281 | L56: =INDEX($C$29:$Y$29,MATCH('BAADTbVT_Ships-Cal psgr CAGR'!I56,'BAADTbVT_Ships-Cal psgr CAGR'!$C$22:$Y$22,0))/1000 -> 966193.34 | M56: =L56*P56 -> 10942705 | N56: =SUM(J56,L56) -> 1090418.3 | O56: =SUM(K56,M56) -> 10965986 | P56: =TREND($P$41:$P$45,$I$41:$I$45,I56) -> 11.325586
A57: 2011 | B57: 14266 | C57: 981 | D57: 2660 | E57: 1188 | F57: =SUM(B57,D57) -> 16926 | G57: =SUM(C57,E57) -> 2169 | I57: 2011 | J57: 125588 | K57: 27220 | L57: =INDEX($C$29:$Y$29,MATCH('BAADTbVT_Ships-Cal psgr CAGR'!I57,'BAADTbVT_Ships-Cal psgr CAGR'!$C$22:$Y$22,0))/1000 -> 1047986.2 | M57: =L57*P57 -> 12097988 | N57: =SUM(J57,L57) -> 1173574.2 | O57: =SUM(K57,M57) -> 12125208 | P57: =TREND($P$41:$P$45,$I$41:$I$45,I57) -> 11.544034
A58: 2012 | B58: 14538 | C58: 922 | D58: 2881 | E58: 1163 | F58: =SUM(B58,D58) -> 17419 | G58: =SUM(C58,E58) -> 2085 | I58: 2012 | J58: 119057 | K58: 25804 | L58: =INDEX($C$29:$Y$29,MATCH('BAADTbVT_Ships-Cal psgr CAGR'!I58,'BAADTbVT_Ships-Cal psgr CAGR'!$C$22:$Y$22,0))/1000 -> 1108538.3 | M58: =L58*P58 -> 13039162 | N58: =SUM(J58,L58) -> 1227595.3 | O58: =SUM(K58,M58) -> 13064966 | P58: =TREND($P$41:$P$45,$I$41:$I$45,I58) -> 11.762482
A59: 2013 | B59: 16063 | C59: 1012 | D59: 2737 | E59: =1088531084/10^6 -> 1088.5311 | F59: =SUM(B59,D59) -> 18800 | G59: =SUM(C59,E59) -> 2100.5311 | I59: 2013 | J59: 117860 | K59: 30476 | L59: =INDEX($C$29:$Y$29,MATCH('BAADTbVT_Ships-Cal psgr CAGR'!I59,'BAADTbVT_Ships-Cal psgr CAGR'!$C$22:$Y$22,0))/1000 -> 1123205.1 | M59: =L59*P59 -> 13457042 | N59: =SUM(J59,L59) -> 1241065.1 | O59: =SUM(K59,M59) -> 13487518 | P59: =TREND($P$41:$P$45,$I$41:$I$45,I59) -> 11.98093
A60: 2014 | B60: 14271 | C60: 756 | D60: 2646 | E60: =1086021774/10^6 -> 1086.0218 | F60: =SUM(B60,D60) -> 16917 | G60: =SUM(C60,E60) -> 1842.0218 | I60: 2014 | J60: 117920 | K60: 29900 | L60: =INDEX($C$29:$Y$29,MATCH('BAADTbVT_Ships-Cal psgr CAGR'!I60,'BAADTbVT_Ships-Cal psgr CAGR'!$C$22:$Y$22,0))/1000 -> 1184641.2 | M60: =L60*P60 -> 14451887 | N60: =SUM(J60,L60) -> 1302561.2 | O60: =SUM(K60,M60) -> 14481787 | P60: =TREND($P$41:$P$45,$I$41:$I$45,I60) -> 12.199379
A61: 2015 | B61: 15381 | C61: 757 | D61: 2617 | E61: =TREND($E$56:$E$60,$A$56:$A$60,A61) -> 1085.283 | F61: =SUM(B61,D61) -> 17998 | G61: =SUM(C61,E61) -> 1842.283 | I61: 2015 | J61: 128611 | K61: 31841 | L61: =INDEX($C$29:$Y$29,MATCH('BAADTbVT_Ships-Cal psgr CAGR'!I61,'BAADTbVT_Ships-Cal psgr CAGR'!$C$22:$Y$22,0))/1000 -> 1216781.7 | M61: =L61*P61 -> 15109785 | N61: =SUM(J61,L61) -> 1345392.7 | O61: =SUM(K61,M61) -> 15141626 | P61: =TREND($P$41:$P$45,$I$41:$I$45,I61) -> 12.417827
A62: 2016 | B62: 15423 | C62: 839 | D62: 2777 | E62: =TREND($E$56:$E$60,$A$56:$A$60,A62) -> 1071.7404 | F62: =SUM(B62,D62) -> 18200 | G62: =SUM(C62,E62) -> 1910.7404 | I62: 2016 | J62: 143227 | K62: 37036 | L62: =INDEX($C$29:$Y$29,MATCH('BAADTbVT_Ships-Cal psgr CAGR'!I62,'BAADTbVT_Ships-Cal psgr CAGR'!$C$22:$Y$22,0))/1000 -> 1242597.1 | M62: =L62*P62 -> 15701799 | N62: =SUM(J62,L62) -> 1385824.1 | O62: =SUM(K62,M62) -> 15738835 | P62: =TREND($P$41:$P$45,$I$41:$I$45,I62) -> 12.636275
A63: 2017 | B63: =D3/1000 -> 16909.861 | C63: =D5/10^6 -> 915.66881 | D63: =D7/1000 -> 2728.147 | E63: =TREND($E$56:$E$60,$A$56:$A$60,A63) -> 1058.1979 | F63: =SUM(B63,D63) -> 19638.008 | G63: =SUM(C63,E63) -> 1973.8667 | I63: 2017 | J63: 142587 | K63: 33855 | L63: =INDEX($C$29:$Y$29,MATCH('BAADTbVT_Ships-Cal psgr CAGR'!I63,'BAADTbVT_Ships-Cal psgr CAGR'!$C$22:$Y$22,0))/1000 -> 1312489.5 | M63: =L63*P63 -> 16871689 | N63: =SUM(J63,L63) -> 1455076.5 | O63: =SUM(K63,M63) -> 16905544 | P63: =TREND($P$41:$P$45,$I$41:$I$45,I63) -> 12.854724
A64: 2018 | B64: =E3/1000 -> 14625.484 | C64: =E5/10^6 -> 822.23361 | D64: =TREND($D$59:$D$63,$A$59:$A$63,A64) -> 2735.0176 | E64: =TREND($E$56:$E$60,$A$56:$A$60,A64) -> 1044.6554 | F64: =SUM(B64,D64) -> 17360.502 | G64: =SUM(C64,E64) -> 1866.889 | I64: 2018 | J64: =TREND($J$59:$J$63,$I$59:$I$63,I64) -> 152469.3 | K64: 28282 | L64: 1405925 | M64: =L64*P64 -> 18379899 | N64: =SUM(J64,L64) -> 1558394.3 | O64: =SUM(K64,M64) -> 18408181 | P64: =TREND($P$41:$P$45,$I$41:$I$45,I64) -> 13.073172
A65: 2019 | B65: =TREND($B$60:$B$64,$A$60:$A$64,A65) -> 15993.418 | C65: =TREND($C$60:$C$64,$B$60:$B$64,B65) -> 853.10779 | D65: =TREND($D$59:$D$63,$A$59:$A$63,A65) -> 2746.347 | E65: =TREND($E$56:$E$60,$A$56:$A$60,A65) -> 1031.1128 | F65: =SUM(B65,D65) -> 18739.765 | G65: =SUM(C65,E65) -> 1884.2206 | I65: 2019 | J65: =TREND($J$60:$J$64,$I$60:$I$64,I65) -> 161885.24 | K65: =TREND($K$60:$K$64,$I$60:$I$64,I65) -> 31816.2 | L65: =TREND($L$60:$L$64,$I$60:$I$64,I65) -> 1433969.5 | M65: =L65*P65 -> 19059778 | N65: =SUM(J65,L65) -> 1595854.7 | O65: =SUM(K65,M65) -> 19091594 | P65: =TREND($P$41:$P$45,$I$41:$I$45,I65) -> 13.29162
C66: =(C65/C58)^(1/7)-1 -> -0.011032875
A68: Notes
A69: 파란글씨는 추정치

Sheet Ships-freight CAGR
A1: 항만 화물처리 실적 총계
C2: 총계 | H2: 외항 | Q2: 내항
H3: 합계 | K3: 외국선 | N3: 국적선 | Q3: 합계 | T3: 내항선
A4: 조회년도 | B4: 조회월 | C4: 계 | D4: 출항 | E4: 입항 | F4: 연안화물선 | G4: 연안여객선 | H4: 계 | I4: 출항 | J4: 입항 | K4: 계 | L4: 입항 | M4: 출항 | N4: 계 | O4: 출항 | P4: 입항 | Q4: 계 | R4: 연안화물선 | S4: 연안여객선 | T4: 계 | U4: 연안화물선 | V4: 연안여객선
A5: 합계 | C5: 4.0808722e+09 | D5: 1202471060 | E5: 2288324061 | F5: 567174054 | G5: 22903053 | H5: 3490795121 | I5: 1202471060 | J5: 2288324061 | K5: 3119141853 | L5: 2070251346 | M5: 1048890507 | N5: 371653268 | O5: 153580553 | P5: 218072715 | Q5: 5.9007711e+08 | R5: 567174054 | S5: 22903053 | T5: 5.9007711e+08 | U5: 567174054 | V5: 22903053
A6: 2019소계 | C6: 1655997518 | D6: 501303813 | E6: 927845761 | F6: 214816744 | G6: 12031200 | H6: 1429149574 | I6: 501303813 | J6: 927845761 | K6: 1287227799 | L6: 848994050 | M6: 438233749 | N6: 141921775 | O6: 63070064 | P6: 78851711 | Q6: 2.2684794e+08 | R6: 214816744 | S6: 12031200 | T6: 226847944 | U6: 214816744 | V6: 12031200
A7: 2019 | B7: 1 월 | C7: 1.418798e+08 | D7: 40206142 | E7: 81746229 | F7: 18920074 | G7: 1007357.2 | H7: 121952371 | I7: 40206142 | J7: 81746229 | K7: 110775808 | L7: 75603191 | M7: 35172617 | N7: 11176563 | O7: 5033525 | P7: 6143038 | Q7: 19927431 | R7: 18920074 | S7: 1007357.2 | T7: 19927431 | U7: 18920074 | V7: 1007357.2
B8: 2 월 | C8: 1.2290103e+08 | D8: 39342779 | E8: 67179791 | F8: 15309700 | G8: 1068759.2 | H8: 106522570 | I8: 39342779 | J8: 67179791 | K8: 96535010 | L8: 61932308 | M8: 34602702 | N8: 9987560 | O8: 4740077 | P8: 5247483 | Q8: 16378459 | R8: 15309700 | S8: 1068759.2 | T8: 16378459 | U8: 15309700 | V8: 1068759.2
B9: 3 월 | C9: 1.3746217e+08 | D9: 43941974 | E9: 75823870 | F9: 16519256 | G9: 1177072.9 | H9: 119765844 | I9: 43941974 | J9: 75823870 | K9: 107257057 | L9: 69359797 | M9: 37897260 | N9: 12508787 | O9: 6044714 | P9: 6464073 | Q9: 17696329 | R9: 16519256 | S9: 1177072.9 | T9: 17696329 | U9: 16519256 | V9: 1177072.9
B10: 4 월 | C10: 1.3490613e+08 | D10: 40584940 | E10: 76407179 | F10: 16771920 | G10: 1142094.8 | H10: 116992119 | I10: 40584940 | J10: 76407179 | K10: 105463822 | L10: 69703937 | M10: 35759885 | N10: 11528297 | O10: 4825055 | P10: 6703242 | Q10: 17914015 | R10: 16771920 | S10: 1142094.8 | T10: 17914015 | U10: 16771920 | V10: 1142094.8
B11: 5 월 | C11: 1.3590956e+08 | D11: 42314187 | E11: 74341806 | F11: 18325816 | G11: 927750.3 | H11: 116655993 | I11: 42314187 | J11: 74341806 | K11: 105413524 | L11: 67983285 | M11: 37430239 | N11: 11242469 | O11: 4883948 | P11: 6358521 | Q11: 19253566 | R11: 18325816 | S11: 927750.3 | T11: 19253566 | U11: 18325816 | V11: 927750.3
B12: 6 월 | C12: 1.405689e+08 | D12: 45054426 | E12: 76594470 | F12: 18081540 | G12: 838467.9 | H12: 121648896 | I12: 45054426 | J12: 76594470 | K12: 110416441 | L12: 70773809 | M12: 39642632 | N12: 11232455 | O12: 5411794 | P12: 5820661 | Q12: 18920008 | R12: 18081540 | S12: 838467.9 | T12: 18920008 | U12: 18081540 | V12: 838467.9
B13: 7 월 | C13: 1.417169e+08 | D13: 44021099 | E13: 79641797 | F13: 17242094 | G13: 811905.6 | H13: 123662896 | I13: 44021099 | J13: 79641797 | K13: 111724995 | L13: 72974163 | M13: 38750832 | N13: 11937901 | O13: 5270267 | P13: 6667634 | Q13: 18054000 | R13: 17242094 | S13: 811905.6 | T13: 18054000 | U13: 17242094 | V13: 811905.6
B14: 8 월 | C14: 1.4463662e+08 | D14: 42000091 | E14: 83597003 | F14: 17829324 | G14: 1210198.9 | H14: 125597094 | I14: 42000091 | J14: 83597003 | K14: 112804299 | L14: 76377281 | M14: 36427018 | N14: 12792795 | O14: 5573073 | P14: 7219722 | Q14: 19039523 | R14: 17829324 | S14: 1210198.9 | T14: 19039523 | U14: 17829324 | V14: 1210198.9
B15: 9 월 | C15: 1.2872436e+08 | D15: 38320959 | E15: 74183485 | F15: 15388082 | G15: 831837.1 | H15: 112504444 | I15: 38320959 | J15: 74183485 | K15: 100937710 | L15: 67125532 | M15: 33812178 | N15: 11566734 | O15: 4508781 | P15: 7057953 | Q15: 16219919 | R15: 15388082 | S15: 831837.1 | T15: 16219919 | U15: 15388082 | V15: 831837.1
B16: 10 월 | C16: 142059677 | D16: 42250195 | E16: 78656951 | F16: 20125314 | G16: 1027217 | H16: 120907146 | I16: 42250195 | J16: 78656951 | K16: 108798595 | L16: 71690379 | M16: 37108216 | N16: 12108551 | O16: 5141979 | P16: 6966572 | Q16: 21152531 | R16: 20125314 | S16: 1027217 | T16: 21152531 | U16: 20125314 | V16: 1027217
B17: 11 월 | C17: 1.3552875e+08 | D17: 39333375 | E17: 75010749 | F17: 20213098 | G17: 971523.9 | H17: 114344124 | I17: 39333375 | J17: 75010749 | K17: 101576994 | L17: 67475115 | M17: 34101879 | N17: 12767130 | O17: 5231496 | P17: 7535634 | Q17: 21184622 | R17: 20213098 | S17: 971523.9 | T17: 21184622 | U17: 20213098 | V17: 971523.9
B18: 12 월 | C18: 1.4970362e+08 | D18: 43933646 | E18: 84662431 | F18: 20090526 | G18: 1017015.2 | H18: 128596077 | I18: 43933646 | J18: 84662431 | K18: 115523544 | L18: 77995253 | M18: 37528291 | N18: 13072533 | O18: 6405355 | P18: 6667178 | Q18: 21107541 | R18: 20090526 | S18: 1017015.2 | T18: 21107541 | U18: 20090526 | V18: 1017015.2
A19: 2020소계 | C19: 1.5101254e+09 | D19: 431786143 | E19: 844441495 | F19: 223025948 | G19: 10871853 | H19: 1276227638 | I19: 431786143 | J19: 844441495 | K19: 1137843309 | L19: 759067449 | M19: 378775860 | N19: 138384329 | O19: 53010283 | P19: 85374046 | Q19: 2.338978e+08 | R19: 223025948 | S19: 10871853 | T19: 2.338978e+08 | U19: 223025948 | V19: 10871853
A20: 2020 | B20: 1 월 | C20: 1.3198279e+08 | D20: 35998113 | E20: 76334956 | F20: 18712742 | G20: 936983.1 | H20: 112333069 | I20: 35998113 | J20: 76334956 | K20: 101067323 | L20: 69641720 | M20: 31425603 | N20: 11265746 | O20: 4572510 | P20: 6693236 | Q20: 19649725 | R20: 18712742 | S20: 936983.1 | T20: 19649725 | U20: 18712742 | V20: 936983.1
B21: 2 월 | C21: 1.2191053e+08 | D21: 36779988 | E21: 65574161 | F21: 18759508 | G21: 796870.2 | H21: 102354149 | I21: 36779988 | J21: 65574161 | K21: 92087289 | L21: 59114975 | M21: 32972314 | N21: 10266860 | O21: 3807674 | P21: 6459186 | Q21: 19556378 | R21: 18759508 | S21: 796870.2 | T21: 19556378 | U21: 18759508 | V21: 796870.2
B22: 3 월 | C22: 1.3502828e+08 | D22: 39110498 | E22: 75567972 | F22: 19456076 | G22: 893737.8 | H22: 114678470 | I22: 39110498 | J22: 75567972 | K22: 103304094 | L22: 68429458 | M22: 34874636 | N22: 11374376 | O22: 4235862 | P22: 7138514 | Q22: 20349814 | R22: 19456076 | S22: 893737.8 | T22: 20349814 | U22: 19456076 | V22: 893737.8
B23: 4 월 | C23: 1.2368544e+08 | D23: 33797397 | E23: 70190298 | F23: 18787186 | G23: 910561.3 | H23: 103987695 | I23: 33797397 | J23: 70190298 | K23: 92664568 | L23: 63051420 | M23: 29613148 | N23: 11323127 | O23: 4184249 | P23: 7138878 | Q23: 19697747 | R23: 18787186 | S23: 910561.3 | T23: 19697747 | U23: 18787186 | V23: 910561.3
B24: 5 월 | C24: 1.2249021e+08 | D24: 32485853 | E24: 69988868 | F24: 19050512 | G24: 964974.7 | H24: 102474721 | I24: 32485853 | J24: 69988868 | K24: 90798396 | L24: 62835647 | M24: 27962749 | N24: 11676325 | O24: 4523104 | P24: 7153221 | Q24: 20015487 | R24: 19050512 | S24: 964974.7 | T24: 20015487 | U24: 19050512 | V24: 964974.7
B25: 6 월 | C25: 1.169989e+08 | D25: 33207306 | E25: 64955743 | F25: 17986582 | G25: 849264.7 | H25: 98163049 | I25: 33207306 | J25: 64955743 | K25: 87925918 | L25: 58928586 | M25: 28997332 | N25: 10237131 | O25: 4209974 | P25: 6027157 | Q25: 18835847 | R25: 17986582 | S25: 849264.7 | T25: 18835847 | U25: 17986582 | V25: 849264.7
B26: 7 월 | C26: 1.2237693e+08 | D26: 35578559 | E26: 68226669 | F26: 17678414 | G26: 893292.4 | H26: 103805228 | I26: 35578559 | J26: 68226669 | K26: 92283923 | L26: 61048238 | M26: 31235685 | N26: 11521305 | O26: 4342874 | P26: 7178431 | Q26: 18571706 | R26: 17678414 | S26: 893292.4 | T26: 18571706 | U26: 17678414 | V26: 893292.4
B27: 8 월 | C27: 1.1924602e+08 | D27: 34501324 | E27: 67122767 | F27: 16709346 | G27: 912581.3 | H27: 101624091 | I27: 34501324 | J27: 67122767 | K27: 90943317 | L27: 60577924 | M27: 30365393 | N27: 10680774 | O27: 4135931 | P27: 6544843 | Q27: 17621927 | R27: 16709346 | S27: 912581.3 | T27: 17621927 | U27: 16709346 | V27: 912581.3
B28: 9 월 | C28: 1.2457477e+08 | D28: 37493792 | E28: 69231908 | F28: 16986568 | G28: 862503.7 | H28: 106725700 | I28: 37493792 | J28: 69231908 | K28: 95818634 | L28: 62741329 | M28: 33077305 | N28: 10907066 | O28: 4416487 | P28: 6490579 | Q28: 17849072 | R28: 16986568 | S28: 862503.7 | T28: 17849072 | U28: 16986568 | V28: 862503.7
B29: 10 월 | C29: 1.2985863e+08 | D29: 37169750 | E29: 72595976 | F29: 19096224 | G29: 996678.9 | H29: 109765726 | I29: 37169750 | J29: 72595976 | K29: 96470806 | L29: 64372189 | M29: 32098617 | N29: 13294920 | O29: 5071133 | P29: 8223787 | Q29: 20092903 | R29: 19096224 | S29: 996678.9 | T29: 20092903 | U29: 19096224 | V29: 996678.9
B30: 11 월 | C30: 1.3189594e+08 | D30: 38503322 | E30: 72558784 | F30: 19910252 | G30: 923582.4 | H30: 111062106 | I30: 38503322 | J30: 72558784 | K30: 98394261 | L30: 64693273 | M30: 33700988 | N30: 12667845 | O30: 4802334 | P30: 7865511 | Q30: 20833834 | R30: 19910252 | S30: 923582.4 | T30: 20833834 | U30: 19910252 | V30: 923582.4
B31: 12 월 | C31: 1.3007699e+08 | D31: 37160241 | E31: 72093393 | F31: 19892538 | G31: 930822.3 | H31: 109253634 | I31: 37160241 | J31: 72093393 | K31: 96084780 | L31: 63632690 | M31: 32452090 | N31: 13168854 | O31: 4708151 | P31: 8460703 | Q31: 20823360 | R31: 19892538 | S31: 930822.3 | T31: 20823360 | U31: 19892538 | V31: 930822.3
A32: 2021소계 | C32: 914749271 | D32: 269381104 | E32: 516036805 | F32: 129331362 | G32: 0 | H32: 785417909 | I32: 269381104 | J32: 516036805 | K32: 694070745 | L32: 462189847 | M32: 231880898 | N32: 91347164 | O32: 37500206 | P32: 53846958 | Q32: 129331362 | R32: 129331362 | S32: 0 | T32: 129331362 | U32: 129331362 | V32: 0
A33: 2021 | B33: 1 월 | C33: 129950859 | D33: 37267495 | E33: 74656662 | F33: 18026702 | G33: 0 | H33: 111924157 | I33: 37267495 | J33: 74656662 | K33: 99060696 | L33: 67045905 | M33: 32014791 | N33: 12863461 | O33: 5252704 | P33: 7610757 | Q33: 18026702 | R33: 18026702 | S33: 0 | T33: 18026702 | U33: 18026702 | V33: 0
B34: 2 월 | C34: 119329884 | D34: 34298389 | E34: 69387301 | F34: 15644194 | G34: 0 | H34: 103685690 | I34: 34298389 | J34: 69387301 | K34: 92060501 | L34: 62644295 | M34: 29416206 | N34: 11625189 | O34: 4882183 | P34: 6743006 | Q34: 15644194 | R34: 15644194 | S34: 0 | T34: 15644194 | U34: 15644194 | V34: 0
B35: 3 월 | C35: 137236582 | D35: 41392368 | E35: 76544300 | F35: 19299914 | G35: 0 | H35: 117936668 | I35: 41392368 | J35: 76544300 | K35: 103184226 | L35: 67093792 | M35: 36090434 | N35: 14752442 | O35: 5301934 | P35: 9450508 | Q35: 19299914 | R35: 19299914 | S35: 0 | T35: 19299914 | U35: 19299914 | V35: 0
B36: 4 월 | C36: 130919972 | D36: 39344962 | E36: 72321368 | F36: 19253642 | G36: 0 | H36: 111666330 | I36: 39344962 | J36: 72321368 | K36: 98865889 | L36: 65390509 | M36: 33475380 | N36: 12800441 | O36: 5869582 | P36: 6930859 | Q36: 19253642 | R36: 19253642 | S36: 0 | T36: 19253642 | U36: 19253642 | V36: 0
B37: 5 월 | C37: 131095350 | D37: 40068557 | E37: 71532317 | F37: 19494476 | G37: 0 | H37: 111600874 | I37: 40068557 | J37: 71532317 | K37: 98609204 | L37: 64038210 | M37: 34570994 | N37: 12991670 | O37: 5497563 | P37: 7494107 | Q37: 19494476 | R37: 19494476 | S37: 0 | T37: 19494476 | U37: 19494476 | V37: 0
B38: 6 월 | C38: 129028649 | D38: 37720168 | E38: 72586655 | F38: 18721826 | G38: 0 | H38: 110306823 | I38: 37720168 | J38: 72586655 | K38: 97963787 | L38: 65092001 | M38: 32871786 | N38: 12343036 | O38: 4848382 | P38: 7494654 | Q38: 18721826 | R38: 18721826 | S38: 0 | T38: 18721826 | U38: 18721826 | V38: 0
B39: 7 월 | C39: 137187975 | D39: 39289165 | E39: 79008202 | F39: 18890608 | G39: 0 | H39: 118297367 | I39: 39289165 | J39: 79008202 | K39: 104326442 | L39: 70885135 | M39: 33441307 | N39: 13970925 | O39: 5847858 | P39: 8123067 | Q39: 18890608 | R39: 18890608 | S39: 0 | T39: 18890608 | U39: 18890608 | V39: 0
B41: 2019 | C41: 2020 | D41: 2021
B42: =SUM(C7:C13) -> 9.553445e+08 | C42: =SUM(C20:C26) -> 8.7447309e+08 | D42: =SUM(C33:C39) -> 914749271
A43: 전년대비 | C43: =(C42-B42)/B42 -> -0.08465157 | D43: =(D42-C42)/C42 -> 0.046057662
A45: Notes
A46: 2021자료와 비교를 위해 각 년도의 1월-7월 자료만 사용했다.
A48: 2020년 항만처리 물량은 코로나로 인해 감소한 수치로 추정된다. 이에 2019년 물량까지 회복되는 증가율은 비교적 가파르게 설정하였다.
A49: 증가율은 2020->2021 물량증가율인 약4.6%를 사용했으며, 2019년의 물량에 도달한 이후 기존 CAGR인 0.6%를 이용하여 2050년까지 데이터를 추정했다.
A50: 0.006 | B50: 고정

Sheet BCDTRtSY-psgr
A1: Cargo Dist Transported Relative to Start Year (dimensionless) | B1: 2019 | C1: 2020 | D1: 2021 | E1: 2022 | F1: 2023 | G1: 2024 | H1: 2025 | I1: 2026 | J1: 2027 | K1: 2028 | L1: 2029 | M1: 2030 | N1: 2031 | O1: 2032 | P1: 2033 | Q1: 2034 | R1: 2035 | S1: 2036 | T1: 2037 | U1: 2038 | V1: 2039 | W1: 2040 | X1: 2041 | Y1: 2042 | Z1: 2043 | AA1: 2044 | AB1: 2045 | AC1: 2046 | AD1: 2047 | AE1: 2048 | AF1: 2049 | AG1: 2050
A2: LDVs | B2: ='DV-CAGR_mod'!U47/'DV-CAGR_mod'!$V47 -> 1.0096925 | C2: ='DV-CAGR_mod'!V47/'DV-CAGR_mod'!$V47 -> 1 | D2: ='DV-CAGR_mod'!W47/'DV-CAGR_mod'!$V47 -> 1.062309 | E2: ='DV-CAGR_mod'!X47/'DV-CAGR_mod'!$V47 -> 0.96845804 | F2: ='DV-CAGR_mod'!Y47/'DV-CAGR_mod'!$V47 -> 0.97566526 | G2: ='DV-CAGR_mod'!Z47/'DV-CAGR_mod'!$V47 -> 0.98618627 | H2: ='DV-CAGR_mod'!AA47/'DV-CAGR_mod'!$V47 -> 0.99682073 | I2: ='DV-CAGR_mod'!AB47/'DV-CAGR_mod'!$V47 -> 1.0075699 | ... AG2: ='DV-CAGR_mod'!AZ47/'DV-CAGR_mod'!$V47 -> 1.3033761
A3: HDVs | B3: ='DV-CAGR_mod'!U48/'DV-CAGR_mod'!$V48 -> 0.97877091 | C3: ='DV-CAGR_mod'!V48/'DV-CAGR_mod'!$V48 -> 1 | D3: ='DV-CAGR_mod'!W48/'DV-CAGR_mod'!$V48 -> 1.1407765 | E3: ='DV-CAGR_mod'!X48/'DV-CAGR_mod'!$V48 -> 1.0444493 | F3: ='DV-CAGR_mod'!Y48/'DV-CAGR_mod'!$V48 -> 1.0574209 | G3: ='DV-CAGR_mod'!Z48/'DV-CAGR_mod'!$V48 -> 1.0866455 | H3: ='DV-CAGR_mod'!AA48/'DV-CAGR_mod'!$V48 -> 1.1166778 | I3: ='DV-CAGR_mod'!AB48/'DV-CAGR_mod'!$V48 -> 1.1475402 | ... AG3: ='DV-CAGR_mod'!AZ48/'DV-CAGR_mod'!$V48 -> 2.2076395
A4: aircraft | B4: 1 | C4: ='Air-Cal'!C7 -> 0.3918994 | D4: ='Air-Cal'!D7 -> 0.34910898 | E4: =D4+($B$4-$D$4)/COUNT($E$1:$G$1) -> 0.56607265 | F4: =E4+($B$4-$D$4)/COUNT($E$1:$G$1) -> 0.78303633 | G4: =F4+($B$4-$D$4)/COUNT($E$1:$G$1) -> 1 | H4: =G4*'Air-CAGR'!$I$56 -> 1.01 | I4: =H4*'Air-CAGR'!$I$56 -> 1.0201 | J4: =I4*'Air-CAGR'!$I$56 -> 1.030301 | K4: =J4*'Air-CAGR'!$I$56 -> 1.040604 | L4: =K4*'Air-CAGR'!$I$56 -> 1.0510101 | M4: =L4*'Air-CAGR'!$I$56 -> 1.0615202 | N4: =M4*'Air-CAGR'!$I$56 -> 1.0721354 | O4: =N4*'Air-CAGR'!$I$56 -> 1.0828567 | ... AE4: =AD4*'Air-CAGR'!$I$56 -> 1.2697346 | AF4: =AE4 -> 1.2697346 | AG4: =AE4 -> 1.2697346
A5: rail | B5: 1 | C5: ='Rail-Cal'!C4 -> 0.63449793 | D5: ='Rail-Cal'!D4 -> 0.63972651 | E5: =D5*(1+'BAADTbVT_Rail-CAGR'!$K$4) -> 0.6645704 | F5: =E5*(1+'BAADTbVT_Rail-CAGR'!$K$4) -> 0.6903791 | G5: =F5*(1+'BAADTbVT_Rail-CAGR'!$K$4) -> 0.71719009 | H5: =G5*(1+'BAADTbVT_Rail-CAGR'!$K$4) -> 0.74504229 | I5: =H5*(1+'BAADTbVT_Rail-CAGR'!$K$4) -> 0.77397613 | J5: =I5*(1+'BAADTbVT_Rail-CAGR'!$K$4) -> 0.80403362 | K5: =J5*(1+'BAADTbVT_Rail-CAGR'!$K$4) -> 0.8352584 | L5: =K5*(1+'BAADTbVT_Rail-CAGR'!$K$4) -> 0.8676958 | ... AG5: =AF5*(1+'BAADTbVT_Rail-CAGR'!$K$4) -> 1.9312879
A6: ships | B6: 1 | C6: =B6*(1+'BAADTbVT_Ships-Cal psgr CAGR'!$C$66) -> 0.98896712 | D6: =C6*(1+'BAADTbVT_Ships-Cal psgr CAGR'!$C$66) -> 0.97805597 | E6: =D6*(1+'BAADTbVT_Ships-Cal psgr CAGR'!$C$66) -> 0.9672652 | F6: =E6*(1+'BAADTbVT_Ships-Cal psgr CAGR'!$C$66) -> 0.95659349 | G6: =F6*(1+'BAADTbVT_Ships-Cal psgr CAGR'!$C$66) -> 0.94603951 | H6: =G6*(1+'BAADTbVT_Ships-Cal psgr CAGR'!$C$66) -> 0.93560197 | I6: =H6*(1+'BAADTbVT_Ships-Cal psgr CAGR'!$C$66) -> 0.92527959 | J6: =I6*(1+'BAADTbVT_Ships-Cal psgr CAGR'!$C$66) -> 0.9150711 | ... AG6: =AF6*(1+'BAADTbVT_Ships-Cal psgr CAGR'!$C$66) -> 0.70898575
A7: motorbikes | B7: 1 | C7: 1 | D7: 1 | E7: 1 | F7: 1 | G7: 1 | H7: 1 | I7: 1 | J7: 1 | K7: 1 | L7: 1 | M7: 1 | N7: 1 | O7: 1 | P7: 1 | Q7: 1 | R7: 1 | S7: 1 | T7: 1 | U7: 1 | V7: 1 | W7: 1 | X7: 1 | Y7: 1 | Z7: 1 | AA7: 1 | AB7: 1 | AC7: 1 | AD7: 1 | AE7: 1 | AF7: 1 | AG7: 1
A14: Time (Year) | B14: 2021 | C14: 2022 | D14: 2023 | E14: 2024 | F14: 2025 | G14: 2026 | H14: 2027
A15: BAU Cargo Dist Transported[aircraft,passenger] : test | B15: 46455900000 | C15: 75656700000 | D15: 103530000000 | E15: 132731000000 | F15: 138040000000 | G15: 144677000000 | H15: 149986000000
C16: =C15/B15 -> 1.6285703 | D16: =D15/C15 -> 1.3684181 | E16: =E15/D15 -> 1.2820535 | F16: =F15/E15 -> 1.0399982 | G16: =G15/F15 -> 1.0480803 | H16: =H15/G15 -> 1.0366955
C17: =E4/D4 -> 1.6214783 | D17: =F4/E4 -> 1.3832788 | E17: =G4/F4 -> 1.27708 | F17: =H4/G4 -> 1.01 | G17: =I4/H4 -> 1.01 | H17: =J4/I4 -> 1.01

Sheet BCDTRtSY-frgt
A1: Cargo Dist Transported Relative to Start Year (dimensionless) | B1: 2019 | C1: 2020 | D1: 2021 | E1: 2022 | F1: 2023 | G1: 2024 | H1: 2025 | I1: 2026 | J1: 2027 | K1: 2028 | L1: 2029 | M1: 2030 | N1: 2031 | O1: 2032 | P1: 2033 | Q1: 2034 | R1: 2035 | S1: 2036 | T1: 2037 | U1: 2038 | V1: 2039 | W1: 2040 | X1: 2041 | Y1: 2042 | Z1: 2043 | AA1: 2044 | AB1: 2045 | AC1: 2046 | AD1: 2047 | AE1: 2048 | AF1: 2049 | AG1: 2050
A2: LDVs | B2: ='DV-CAGR_mod'!U49/'DV-CAGR_mod'!$V49 -> 1.005394 | C2: ='DV-CAGR_mod'!V49/'DV-CAGR_mod'!$V49 -> 1 | D2: ='DV-CAGR_mod'!W49/'DV-CAGR_mod'!$V49 -> 1.0135664 | E2: ='DV-CAGR_mod'!X49/'DV-CAGR_mod'!$V49 -> 1.0253294 | F2: ='DV-CAGR_mod'!Y49/'DV-CAGR_mod'!$V49 -> 0.9689109 | G2: ='DV-CAGR_mod'!Z49/'DV-CAGR_mod'!$V49 -> 0.96258998 | H2: ='DV-CAGR_mod'!AA49/'DV-CAGR_mod'!$V49 -> 0.95631029 | I2: ='DV-CAGR_mod'!AB49/'DV-CAGR_mod'!$V49 -> 0.95007157 | ... AG2: ='DV-CAGR_mod'!AZ49/'DV-CAGR_mod'!$V49 -> 0.81196287
A3: HDVs | B3: ='DV-CAGR_mod'!U50/'DV-CAGR_mod'!$V50 -> 0.99081483 | C3: ='DV-CAGR_mod'!V50/'DV-CAGR_mod'!$V50 -> 1 | D3: ='DV-CAGR_mod'!W50/'DV-CAGR_mod'!$V50 -> 0.99022918 | E3: ='DV-CAGR_mod'!X50/'DV-CAGR_mod'!$V50 -> 1.0887999 | F3: ='DV-CAGR_mod'!Y50/'DV-CAGR_mod'!$V50 -> 1.0304884 | G3: ='DV-CAGR_mod'!Z50/'DV-CAGR_mod'!$V50 -> 1.0664268 | H3: ='DV-CAGR_mod'!AA50/'DV-CAGR_mod'!$V50 -> 1.1036185 | I3: ='DV-CAGR_mod'!AB50/'DV-CAGR_mod'!$V50 -> 1.1421073 | ... AG3: ='DV-CAGR_mod'!AZ50/'DV-CAGR_mod'!$V50 -> 2.600263
A4: aircraft | B4: 1 | C4: ='Air-Cal'!C8 -> 0.80494673 | D4: ='Air-Cal'!D8 -> 0.88189764 | E4: =D4*'Air-CAGR'!$J$56 -> 0.90659077 | F4: =E4*'Air-CAGR'!$J$56 -> 0.93197532 | G4: =F4*'Air-CAGR'!$J$56 -> 0.95807062 | H4: =G4*'Air-CAGR'!$J$56 -> 0.9848966 | I4: =H4*'Air-CAGR'!$J$56 -> 1.0124737 | J4: =I4*'Air-CAGR'!$J$56 -> 1.040823 | K4: =J4*'Air-CAGR'!$J$56 -> 1.069966 | L4: =K4*'Air-CAGR'!$J$56 -> 1.0999251 | ... AE4: =AD4*'Air-CAGR'!$J$56 -> 1.8587983 | AF4: =AE4 -> 1.8587983 | AG4: =AE4 -> 1.8587983
A5: rail | B5: 1 | C5: ='Rail-Cal'!C16 -> 0.95914986 | D5: ='Rail-Cal'!D16 -> 0.91453366 | E5: =D5*(1+'BAADTbVT_Rail-CAGR'!$K$6) -> 0.88393103 | F5: =E5*(1+'BAADTbVT_Rail-CAGR'!$K$6) -> 0.85435243 | G5: =F5*(1+'BAADTbVT_Rail-CAGR'!$K$6) -> 0.82576361 | H5: =G5*(1+'BAADTbVT_Rail-CAGR'!$K$6) -> 0.79813145 | I5: =H5*(1+'BAADTbVT_Rail-CAGR'!$K$6) -> 0.77142393 | J5: =I5*(1+'BAADTbVT_Rail-CAGR'!$K$6) -> 0.74561011 | K5: =J5*(1+'BAADTbVT_Rail-CAGR'!$K$6) -> 0.72066008 | L5: =K5*(1+'BAADTbVT_Rail-CAGR'!$K$6) -> 0.69654495 | ... AG5: =AF5*(1+'BAADTbVT_Rail-CAGR'!$K$6) -> 0.34083287
A6: ships | B6: 1 | C6: =B6*(1+'Ships-freight CAGR'!$C$43) -> 0.91534843 | D6: =C6*(1+'Ships-freight CAGR'!$D$43) -> 0.95750724 | E6: =D6*(1+'Ships-freight CAGR'!$D$43) -> 1.0016078 | F6: =E6*(1+'Ships-freight CAGR'!$A$50) -> 1.0076174 | G6: =F6*(1+'Ships-freight CAGR'!$A$50) -> 1.0136631 | H6: =G6*(1+'Ships-freight CAGR'!$A$50) -> 1.0197451 | I6: =H6*(1+'Ships-freight CAGR'!$A$50) -> 1.0258636 | J6: =I6*(1+'Ships-freight CAGR'!$A$50) -> 1.0320188 | K6: =J6*(1+'Ships-freight CAGR'!$A$50) -> 1.0382109 | L6: =K6*(1+'Ships-freight CAGR'!$A$50) -> 1.0444401 | M6: =L6*(1+'Ships-freight CAGR'!$A$50) -> 1.0507068 | ... AG6: =AF6*(1+'Ships-freight CAGR'!$A$50) -> 1.1842439
A7: motorbikes | B7: 1 | C7: =B7 -> 1 | D7: =C7 -> 1 | E7: =D7 -> 1 | F7: =E7 -> 1 | G7: =F7 -> 1 | H7: =G7 -> 1 | I7: =H7 -> 1 | J7: =I7 -> 1 | ... AG7: =AF7 -> 1
