Workbook
Name Aircraftshare: About!#REF!
Name DaysPerWeek: About!$B$70
Name FallWeekdays: 'Category Mapping'!$E$45
Name FallWeekendDays: 'Category Mapping'!$D$45
Name HDVshare: About!#REF!
Name Hour: 'Source Data'!$F$2:$AC$2
Name LDVshare: About!#REF!
Name Load: 'Source Data'!$F$3:$AC$290
Name LoadFactorHours: 'Summarized Source Data'!$C$1269:$C$1412
Name LoadFactorSeasons: 'Summarized Source Data'!$A$1269:$A$1412
Name Month: 'Source Data'!$E$3:$E$290
Name Motorbikesshare: About!#REF!
Name Railshare: About!#REF!
Name Season: 'Source Data'!$AD$3:$AD$290
Name Sector: 'Source Data'!$AF$3:$AF$290
Name Shipshare: About!#REF!
Name SpringWeekdays: 'Category Mapping'!$E$43
Name SpringWeekendDays: 'Category Mapping'!$D$43
Name Subsector: 'Source Data'!$AG$3:$AG$290
Name SummerWeekdays: 'Category Mapping'!$E$44
Name SummerWeekendDays: 'Category Mapping'!$D$44
Name TimeOfWeek: 'Source Data'!$AE$3:$AE$290
Name Weekdays: About!$B$69
Name WeekendDays: About!$B$68
Name WinterWeekdays: 'Category Mapping'!$E$42
Name WinterWeekendDays: 'Category Mapping'!$D$42

Sheet About
A1: SHELF Seasonal Hourly Equipment Load Factors
A3: Source: | B3: Hourly Load Data | H3: Meixco SHELF Seasonal Hourly Equipment Load Factors
B4: NREL
B5: 2018 | H5: Source: | I5: National Energy Control Center (Cenace)
B6: Electrification Futures Study Load Profiles | I6: Accessed 2024
B7: https://data.nrel.gov/submissions/126 | I7: Public area of ​​the market information system
B8: EFSLoadProfile_Medium_Moderate | I8: https://www.cenace.gob.mx/Paginas/SIM/PronosticosHorasCriticas.aspx
I9: Horas criticas de 2022
B10: Monthly natural gas and electricity consumption
B11: EIA | I11: National Energy Control Center (Cenace)
B12: 2023 | I12: Accessed 2024
B13: Monthly Energy Review | I13: Public area of ​​the market information system
B14: https://www.eia.gov/totalenergy/data/monthly/ | I14: https://www.cenace.gob.mx/APSIM.aspx
B15: Tables and 4.3 and 7.6 | I15: Obtained through the Energy Transition Observatory in Mexico (Obtrenmx.org)
I16: https://obtrenmx.org/
B17: Hourly Load Data
B18: Zapata, Victhalia (2022)
B19: “Data for: Future global electricity demand load curves”
B20: https://data.mendeley.com/datasets/pmd2dchk44/1
A23: About
A24: This file specifies the ratio of the electricity consumed in each hour of the year to the
A25: total amount of electricity consumed during the year, disaggregated by sector.
A27: For the US, we use data from NREL's Electrification Futures Study. We choose to use
A28: the Medium Electrification scenario with Moderate technology advancement, which
A29: is more in line with deployment of technologies like electric vehicles in the EPS
A30: BAU case when compared to NREL's Reference scenario. We choose data from the
A31: year 2018 to ensure we're using historical data.
A32: Due to file size limitations, the raw NREL data is already consolidated using Excel's
A33: Power Query feature.
A35: If you are adapting the EPS to a new geography and don't have hourly load data broken out
A36: by sector, you can use total economywide data in all of the blue output tabs.
... A64: by certain sectors, you can use total economy-wide or sector-wide data.
B67: Number of days per week
A68: Weekend | B68: 2
A69: Weekday | B69: 5
A70: Total | B70: =SUM(B68:B69) -> 7
A72: heating | B72: cooling
A73: 0.19 | B73: 0.81
A74: 0.19 | B74: 0.81
A76: Calibration Multipliers
B77: Residential | C77: Residential | D77: Residential | E77: Residential | F77: Residential | G77: Residential | H77: Commercial | I77: Commercial | J77: Commercial | K77: Commercial | L77: Commercial | M77: Commercial | N77: Transportation | O77: Transportation | P77: Transportation | Q77: Transportation | R77: Transportation | S77: Transportation | T77: Industry | U77: Industry | V77: Industry
B78: Heating | C78: Cooling | D78: Envelope | E78: Lighting | F78: Appliances | G78: Other | H78: Heating | I78: Cooling | J78: Envelope | K78: Lighting | L78: Appliances | M78: Other | N78: LDVs | O78: HDVs | P78: Aircraft | Q78: Rail | R78: Ships | S78: Motorbikes | T78: Industry | U78: District Heat and Hydrogen | V78: Geoengineering
A79: Winter | B79: 1 | C79: 1 | D79: 1 | E79: 1 | F79: 1 | G79: 1 | H79: 1 | I79: 1 | J79: 1 | K79: 1 | L79: 1 | M79: 1 | N79: 1 | O79: 1 | P79: 1 | Q79: 1 | R79: 1 | S79: 1 | T79: 1 | U79: 1 | V79: 1
A80: Spring | B80: 1 | C80: 1 | D80: 1 | E80: 1 | F80: 1 | G80: 1 | H80: 1 | I80: 1 | J80: 1 | K80: 1 | L80: 1 | M80: 1 | N80: 1 | O80: 1 | P80: 1 | Q80: 1 | R80: 1 | S80: 1 | T80: 1 | U80: 1 | V80: 1
A81: Summer | B81: 1 | C81: 1 | D81: 1 | E81: 1 | F81: 1 | G81: 1 | H81: 1 | I81: 1 | J81: 1 | K81: 1 | L81: 1 | M81: 1 | N81: 1 | O81: 1 | P81: 1 | Q81: 1 | R81: 1 | S81: 1 | T81: 1 | U81: 1 | V81: 1
A82: Fall | B82: 1 | C82: 1 | D82: 1 | E82: 1 | F82: 1 | G82: 1 | H82: 1 | I82: 1 | J82: 1 | K82: 1 | L82: 1 | M82: 1 | N82: 1 | O82: 1 | P82: 1 | Q82: 1 | R82: 1 | S82: 1 | T82: 1 | U82: 1 | V82: 1

Sheet Sheet1
A2: Source.Name | B2: (Multiple Items)
B4: Column Labels
B5: Weekend | Z5: Weekday
A6: Row Labels | B6: Sum of h1 | C6: Sum of h2 | D6: Sum of h3 | E6: Sum of h4 | F6: Sum of h5 | G6: Sum of h6 | H6: Sum of h7 | I6: Sum of h8 | J6: Sum of h9 | K6: Sum of h10 | L6: Sum of h11 | M6: Sum of h12 | N6: Sum of h13 | O6: Sum of h14 | P6: Sum of h15 | Q6: Sum of h16 | R6: Sum of h17 | S6: Sum of h18 | T6: Sum of h19 | U6: Sum of h20 | V6: Sum of h21 | W6: Sum of h22 | X6: Sum of h23 | Y6: Sum of h24 | Z6: Sum of h1 | AA6: Sum of h2 | AB6: Sum of h3 | AC6: Sum of h4 | AD6: Sum of h5 | AE6: Sum of h6 | AF6: Sum of h7 | AG6: Sum of h8 | AH6: Sum of h9 | AI6: Sum of h10 | AJ6: Sum of h11 | AK6: Sum of h12 | AL6: Sum of h13 | AM6: Sum of h14 | AN6: Sum of h15 | AO6: Sum of h16 | AP6: Sum of h17 | AQ6: Sum of h18 | AR6: Sum of h19 | AS6: Sum of h20 | AT6: Sum of h21 | AU6: Sum of h22 | AV6: Sum of h23 | AW6: Sum of h24
A7: 1 | B7: 14693 | C7: 14918 | D7: 15116 | E7: 15145 | F7: 15096 | G7: 19621 | H7: 35428 | I7: 84365 | J7: 138588 | K7: 194920 | L7: 283962 | M7: 493989 | N7: 824331 | O7: 1084428 | P7: 1182978 | Q7: 1078706 | R7: 834276 | S7: 541892 | T7: 342077 | U7: 232842 | V7: 151071 | W7: 85760 | X7: 34742 | Y7: 19049 | Z7: 34908 | AA7: 35104 | AB7: 35239 | AC7: 35258 | AD7: 34366 | AE7: 41819 | AF7: 64256 | AG7: 123535 | AH7: 183343 | AI7: 255776 | AJ7: 394590 | AK7: 742081 | AL7: 1289245 | AM7: 1733170 | AN7: 1978424 | AO7: 1976738 | AP7: 1656191 | AQ7: 1134240 | AR7: 748799 | AS7: 528328 | AT7: 354370 | AU7: 205207 | AV7: 83503 | AW7: 45616
A8: 2 | B8: 57407 | C8: 43822 | D8: 39608 | E8: 44488 | F8: 58982 | G8: 87346 | H8: 130522 | I8: 188595 | J8: 282239 | K8: 487781 | L8: 794217 | M8: 1224276 | N8: 1656972 | O8: 1943212 | P8: 2037037 | Q8: 1932960 | R8: 1676963 | S8: 1342995 | T8: 956762 | U8: 582680 | V8: 307662 | W8: 191712 | X8: 127996 | Y8: 84799 | Z8: 135151 | AA8: 102185 | AB8: 91498 | AC8: 102633 | AD8: 133054 | AE8: 184478 | AF8: 234586 | AG8: 273654 | AH8: 370002 | AI8: 634273 | AJ8: 1093638 | AK8: 1822472 | AL8: 2568012 | AM8: 3077575 | AN8: 3375899 | AO8: 3510078 | AP8: 3298923 | AQ8: 2785572 | AR8: 2075360 | AS8: 1310149 | AT8: 715150 | AU8: 454575 | AV8: 304852 | AW8: 201230
A9: 3 | B9: 766213 | C9: 644441 | D9: 610610 | E9: 654239 | F9: 787234 | G9: 1095890 | H9: 1811845 | I9: 2963605 | J9: 4343235 | K9: 5688216 | L9: 7482564 | M9: 9995950 | N9: 12300000 | O9: 13700000 | P9: 14200000 | Q9: 13700000 | R9: 12500000 | S9: 11000000 | T9: 9013947 | U9: 6794861 | V9: 4734461 | W9: 3012592 | X9: 1776794 | Y9: 1063937 | Z9: 1781185 | AA9: 1483811 | AB9: 1392836 | AC9: 1490319 | AD9: 1753539 | AE9: 2285454 | AF9: 3215461 | AG9: 4246147 | AH9: 5622156 | AI9: 7303471 | AJ9: 10200000 | AK9: 14700000 | AL9: 18900000 | AM9: 21500000 | AN9: 23200000 | AO9: 24500000 | AP9: 24300000 | AQ9: 22500000 | AR9: 19300000 | AS9: 15100000 | AT9: 10900000 | AU9: 7053397 | AV9: 4178593 | AW9: 2492988
A10: 4 | B10: 22800000 | C10: 19900000 | D10: 19100000 | E10: 20200000 | F10: 23400000 | G10: 28600000 | H10: 35600000 | I10: 43100000 | J10: 50400000 | K10: 58100000 | L10: 74200000 | M10: 107000000 | N10: 144000000 | O10: 168000000 | P10: 175000000 | Q10: 167000000 | R10: 145000000 | S10: 117000000 | T10: 89400000 | U10: 69500000 | V10: 55000000 | W10: 43800000 | X10: 34900000 | Y10: 27800000 | Z10: 52100000 | AA10: 45000000 | AB10: 42800000 | AC10: 45200000 | AD10: 51300000 | AE10: 58600000 | AF10: 62000000 | AG10: 60700000 | AH10: 64200000 | AI10: 73400000 | AJ10: 99100000 | AK10: 155000000 | AL10: 216000000 | AM10: 258000000 | AN10: 282000000 | AO10: 294000000 | AP10: 278000000 | AQ10: 236000000 | AR10: 188000000 | AS10: 152000000 | AT10: 124000000 | AU10: 101000000 | AV10: 80600000 | AW10: 63900000
A11: 5 | B11: 134000000 | C11: 118000000 | D11: 115000000 | E11: 120000000 | F11: 138000000 | G11: 177000000 | H11: 243000000 | I11: 320000000 | J11: 386000000 | K11: 431000000 | L11: 490000000 | M11: 591000000 | N11: 685000000 | O11: 735000000 | P11: 749000000 | Q11: 731000000 | R11: 693000000 | S11: 648000000 | T11: 591000000 | U11: 515000000 | V11: 421000000 | W11: 325000000 | X11: 238000000 | Y11: 172000000 | Z11: 304000000 | AA11: 265000000 | AB11: 254000000 | AC11: 266000000 | AD11: 299000000 | AE11: 359000000 | AF11: 420000000 | AG11: 447000000 | AH11: 487000000 | AI11: 539000000 | AJ11: 649000000 | AK11: 845000000 | AL11: 1020000000 | AM11: 1120000000 | AN11: 1190000000 | AO11: 1280000000 | AP11: 1310000000 | AQ11: 1290000000 | AR11: 1230000000 | AS11: 1110000000 | AT11: 941000000 | AU11: 742000000 | AV11: 545000000 | AW11: 392000000
A12: 6 | B12: 454000000 | C12: 416000000 | D12: 406000000 | E12: 422000000 | F12: 467000000 | G12: 533000000 | H12: 611000000 | I12: 684000000 | J12: 730000000 | K12: 742000000 | L12: 785000000 | M12: 896000000 | N12: 1000000000 | O12: 1050000000 | P12: 1060000000 | Q12: 1050000000 | R12: 1010000000 | S12: 983000000 | T12: 946000000 | U12: 886000000 | V12: 795000000 | W12: 695000000 | X12: 599000000 | Y12: 517000000 | Z12: 999000000 | AA12: 906000000 | AB12: 876000000 | AC12: 910000000 | AD12: 983000000 | AE12: 1050000000 | AF12: 1030000000 | AG12: 927000000 | AH12: 893000000 | AI12: 901000000 | AJ12: 1010000000 | AK12: 1250000000 | AL12: 1450000000 | AM12: 1560000000 | AN12: 1650000000 | AO12: 1780000000 | AP12: 1860000000 | AQ12: 1900000000 | AR12: 1920000000 | AS12: 1860000000 | AT12: 1730000000 | AU12: 1540000000 | AV12: 1330000000 | AW12: 1150000000
A13: 7 | B13: 810000000 | C13: 767000000 | D13: 758000000 | E13: 778000000 | F13: 832000000 | G13: 908000000 | H13: 989000000 | I13: 1050000000 | J13: 1070000000 | K13: 1040000000 | L13: 1070000000 | M13: 1200000000 | N13: 1320000000 | O13: 1380000000 | P13: 1390000000 | Q13: 1370000000 | R13: 1340000000 | S13: 1320000000 | T13: 1290000000 | U13: 1250000000 | V13: 1160000000 | W13: 1070000000 | X13: 970000000 | Y13: 881000000 | Z13: 1760000000 | AA13: 1650000000 | AB13: 1620000000 | AC13: 1660000000 | AD13: 1730000000 | AE13: 1770000000 | AF13: 1640000000 | AG13: 1410000000 | AH13: 1290000000 | AI13: 1250000000 | AJ13: 1360000000 | AK13: 1650000000 | AL13: 1890000000 | AM13: 2010000000 | AN13: 2130000000 | AO13: 2300000000 | AP13: 2430000000 | AQ13: 2520000000 | AR13: 2590000000 | AS13: 2590000000 | AT13: 2500000000 | AU13: 2340000000 | AV13: 2130000000 | AW13: 1930000000
A14: 8 | B14: 738000000 | C14: 695000000 | D14: 686000000 | E14: 706000000 | F14: 758000000 | G14: 833000000 | H14: 917000000 | I14: 985000000 | J14: 1010000000 | K14: 999000000 | L14: 1030000000 | M14: 1160000000 | N14: 1280000000 | O14: 1340000000 | P14: 1350000000 | Q14: 1330000000 | R14: 1300000000 | S14: 1270000000 | T14: 1250000000 | U14: 1190000000 | V14: 1100000000 | W14: 1000000000 | X14: 899000000 | Y14: 809000000 | Z14: 1610000000 | AA14: 1500000000 | AB14: 1470000000 | AC14: 1510000000 | AD14: 1580000000 | AE14: 1630000000 | AF14: 1520000000 | AG14: 1320000000 | AH14: 1230000000 | AI14: 1200000000 | AJ14: 1320000000 | AK14: 1600000000 | AL14: 1840000000 | AM14: 1960000000 | AN14: 2080000000 | AO14: 2240000000 | AP14: 2360000000 | AQ14: 2440000000 | AR14: 2500000000 | AS14: 2480000000 | AT14: 2370000000 | AU14: 2200000000 | AV14: 1980000000 | AW14: 1780000000
A15: 9 | B15: 284000000 | C15: 259000000 | D15: 252000000 | E15: 263000000 | F15: 292000000 | G15: 341000000 | H15: 402000000 | I15: 461000000 | J15: 500000000 | K15: 518000000 | L15: 559000000 | M15: 650000000 | N15: 738000000 | O15: 783000000 | P15: 795000000 | Q15: 779000000 | R15: 747000000 | S15: 713000000 | T15: 673000000 | U15: 618000000 | V15: 545000000 | W15: 468000000 | X15: 394000000 | Y15: 331000000 | Z15: 629000000 | AA15: 567000000 | AB15: 548000000 | AC15: 569000000 | AD15: 619000000 | AE15: 677000000 | AF15: 679000000 | AG15: 628000000 | AH15: 616000000 | AI15: 633000000 | AJ15: 723000000 | AK15: 910000000 | AL15: 1070000000 | AM15: 1170000000 | AN15: 1240000000 | AO15: 1330000000 | AP15: 1380000000 | AQ15: 1390000000 | AR15: 1370000000 | AS15: 1310000000 | AT15: 1190000000 | AU15: 1040000000 | AV15: 883000000 | AW15: 738000000
A16: 10 | B16: 39300000 | C16: 35300000 | D16: 34200000 | E16: 35800000 | F16: 40300000 | G16: 47400000 | H16: 57300000 | I16: 70700000 | J16: 89200000 | K16: 110000000 | L16: 141000000 | M16: 184000000 | N16: 224000000 | O16: 247000000 | P16: 254000000 | Q16: 246000000 | R16: 227000000 | S16: 202000000 | T16: 170000000 | U16: 132000000 | V16: 97200000 | W16: 71900000 | X16: 56200000 | Y16: 46000000 | Z16: 89400000 | AA16: 79600000 | AB16: 76500000 | AC16: 79900000 | AD16: 88000000 | AE16: 96900000 | AF16: 99700000 | AG16: 99200000 | AH16: 113000000 | AI16: 139000000 | AJ16: 188000000 | AK16: 265000000 | AL16: 336000000 | AM16: 379000000 | AN16: 407000000 | AO16: 432000000 | AP16: 431000000 | AQ16: 405000000 | AR16: 356000000 | AS16: 287000000 | AT16: 218000000 | AU16: 165000000 | AV16: 130000000 | AW16: 106000000
A17: 11 | B17: 5792137 | C17: 4425960 | D17: 4163202 | E17: 4493249 | F17: 5951045 | G17: 8864524 | H17: 14000000 | I17: 20800000 | J17: 27200000 | K17: 31800000 | L17: 37800000 | M17: 47300000 | N17: 57000000 | O17: 63400000 | P17: 65500000 | Q17: 63100000 | R17: 57700000 | S17: 51900000 | T17: 45500000 | U17: 38000000 | V17: 29600000 | W17: 21200000 | X17: 13700000 | Y17: 8606063 | Z17: 13300000 | AA17: 10100000 | AB17: 9396386 | AC17: 10100000 | AD17: 13100000 | AE17: 18300000 | AF17: 24600000 | AG17: 29500000 | AH17: 34800000 | AI17: 40400000 | AJ17: 50800000 | AK17: 68800000 | AL17: 86300000 | AM17: 98100000 | AN17: 106000000 | AO17: 112000000 | AP17: 111000000 | AQ17: 105000000 | AR17: 96400000 | AS17: 83500000 | AT17: 67300000 | AU17: 49000000 | AV17: 32000000 | AW17: 20000000
A18: 12 | B18: 85705 | C18: 49890 | D18: 50551 | E18: 50648 | F18: 88057 | G18: 152519 | H18: 298227 | I18: 515133 | J18: 737815 | K18: 1092663 | L18: 2198480 | M18: 4225508 | N18: 6415201 | O18: 7884403 | P18: 8371094 | Q18: 7842804 | R18: 6492599 | S18: 4635261 | T18: 2648421 | U18: 1305241 | V18: 804275 | W18: 523648 | X18: 292458 | Y18: 148072 | Z18: 203853 | AA18: 117532 | AB18: 117982 | AC18: 118048 | AD18: 200689 | AE18: 325447 | AF18: 541526 | AG18: 755170 | AH18: 977208 | AI18: 1435455 | AJ18: 3058504 | AK18: 6354962 | AL18: 10000000 | AM18: 12600000 | AN18: 14000000 | AO18: 14400000 | AP18: 12900000 | AQ18: 9713295 | AR18: 5804020 | AS18: 2965063 | AT18: 1888776 | AU18: 1254434 | AV18: 703731 | AW18: 355000
B20: weekend | C20: weekday | D20: total | E20: total per day
A21: 1 | B21: =SUM(B7:Y7) -> 7737993 | C21: =SUM(Z7:AW7) -> 13714106 | D21: =SUMPRODUCT(B21:C21,'Category Mapping'!E28:F28) -> 3.72206e+08 | E21: =D21/'Category Mapping'!D28 -> 12006645 | F21: =INDEX('Category Mapping'!$G$28:$G$39,MATCH(A21,'Category Mapping'!$A$28:$A$39,0),1) -> Winter
A22: 2 | B22: =SUM(B8:Y8) -> 16281033 | C22: =SUM(Z8:AW8) -> 28854999 | D22: =SUMPRODUCT(B22:C22,'Category Mapping'!E29:F29) -> 707348244 | E22: =D22/'Category Mapping'!D29 -> 25262437 | F22: =INDEX('Category Mapping'!$G$28:$G$39,MATCH(A22,'Category Mapping'!$A$28:$A$39,0),1) -> Winter | H22: winter | I22: =SUMIFS($D$21:$D$32,$F$21:$F$32,H22) -> 3.7692143e+10
A23: 3 | B23: =SUM(B9:Y9) -> 140640634 | C23: =SUM(Z9:AW9) -> 249399357 | D23: =SUMPRODUCT(B23:C23,'Category Mapping'!E30:F30) -> 6.7680885e+09 | E23: =D23/'Category Mapping'!D30 -> 2.1832544e+08 | F23: =INDEX('Category Mapping'!$G$28:$G$39,MATCH(A23,'Category Mapping'!$A$28:$A$39,0),1) -> Spring | H23: spring | I23: =SUMIFS($D$21:$D$32,$F$21:$F$32,H23) -> 5.5739309e+11
A24: 4 | B24: =SUM(B10:Y10) -> 1738800000 | C24: =SUM(Z10:AW10) -> 3082900000 | D24: =SUMPRODUCT(B24:C24,'Category Mapping'!E31:F31) -> 8.0966143e+10 | E24: =D24/'Category Mapping'!D31 -> 2.6988714e+09 | F24: =INDEX('Category Mapping'!$G$28:$G$39,MATCH(A24,'Category Mapping'!$A$28:$A$39,0),1) -> Spring | H24: summer | I24: =SUMIFS($D$21:$D$32,$F$21:$F$32,H24) -> 3.2648566e+12
A25: 5 | B25: =SUM(B11:Y11) -> 9766000000 | C25: =SUM(Z11:AW11) -> 17304000000 | D25: =SUMPRODUCT(B25:C25,'Category Mapping'!E32:F32) -> 4.6965886e+11 | E25: =D25/'Category Mapping'!D32 -> 1.5150286e+10 | F25: =INDEX('Category Mapping'!$G$28:$G$39,MATCH(A25,'Category Mapping'!$A$28:$A$39,0),1) -> Spring | H25: fall | I25: =SUMIFS($D$21:$D$32,$F$21:$F$32,H25) -> 7.1295637e+11
A26: 6 | B26: =SUM(B12:Y12) -> 17737000000 | C26: =SUM(Z12:AW12) -> 31465000000 | D26: =SUMPRODUCT(B26:C26,'Category Mapping'!E33:F33) -> 8.2628143e+11 | E26: =D26/'Category Mapping'!D33 -> 2.7542714e+10 | F26: =INDEX('Category Mapping'!$G$28:$G$39,MATCH(A26,'Category Mapping'!$A$28:$A$39,0),1) -> Summer
A27: 7 | B27: =SUM(B13:Y13) -> 26013000000 | C27: =SUM(Z13:AW13) -> 46150000000 | D27: =SUMPRODUCT(B27:C27,'Category Mapping'!E34:F34) -> 1.2522937e+12 | E27: =D27/'Category Mapping'!D34 -> 4.0396571e+10 | F27: =INDEX('Category Mapping'!$G$28:$G$39,MATCH(A27,'Category Mapping'!$A$28:$A$39,0),1) -> Summer
A28: 8 | B28: =SUM(B14:Y14) -> 24635000000 | C28: =SUM(Z14:AW14) -> 43720000000 | D28: =SUMPRODUCT(B28:C28,'Category Mapping'!E35:F35) -> 1.1862814e+12 | E28: =D28/'Category Mapping'!D35 -> 3.8267143e+10 | F28: =INDEX('Category Mapping'!$G$28:$G$39,MATCH(A28,'Category Mapping'!$A$28:$A$39,0),1) -> Summer
A29: 9 | B29: =SUM(B15:Y15) -> 12365000000 | C29: =SUM(Z15:AW15) -> 21909000000 | D29: =SUMPRODUCT(B29:C29,'Category Mapping'!E36:F36) -> 5.7546429e+11 | E29: =D29/'Category Mapping'!D36 -> 1.9182143e+10 | F29: =INDEX('Category Mapping'!$G$28:$G$39,MATCH(A29,'Category Mapping'!$A$28:$A$39,0),1) -> Fall
A30: 10 | B30: =SUM(B16:Y16) -> 2857800000 | C30: =SUM(Z16:AW16) -> 5066200000 | D30: =SUMPRODUCT(B30:C30,'Category Mapping'!E37:F37) -> 1.3749209e+11 | E30: =D30/'Category Mapping'!D37 -> 4.4352286e+09 | F30: =INDEX('Category Mapping'!$G$28:$G$39,MATCH(A30,'Category Mapping'!$A$28:$A$39,0),1) -> Fall
A31: 11 | B31: =SUM(B17:Y17) -> 727796180 | C31: =SUM(Z17:AW17) -> 1289796386 | D31: =SUMPRODUCT(B31:C31,'Category Mapping'!E38:F38) -> 3.3876747e+10 | E31: =D31/'Category Mapping'!D38 -> 1.1292249e+09 | F31: =INDEX('Category Mapping'!$G$28:$G$39,MATCH(A31,'Category Mapping'!$A$28:$A$39,0),1) -> Winter
A32: 12 | B32: =SUM(B18:Y18) -> 56908673 | C32: =SUM(Z18:AW18) -> 100790695 | D32: =SUMPRODUCT(B32:C32,'Category Mapping'!E39:F39) -> 2.7358422e+09 | E32: =D32/'Category Mapping'!D39 -> 88252974 | F32: =INDEX('Category Mapping'!$G$28:$G$39,MATCH(A32,'Category Mapping'!$A$28:$A$39,0),1) -> Winter

Sheet Source Data
A1: Source Data | AD1: Category Mapping
A2: Source.Name | B2: Year | C2: Region | D2: Regions_code.Region Name | E2: Month | F2: h1 | G2: h2 | H2: h3 | I2: h4 | J2: h5 | K2: h6 | L2: h7 | M2: h8 | N2: h9 | O2: h10 | P2: h11 | Q2: h12 | R2: h13 | S2: h14 | T2: h15 | U2: h16 | V2: h17 | W2: h18 | X2: h19 | Y2: h20 | Z2: h21 | AA2: h22 | AB2: h23 | AC2: h24 | AD2: season | AE2: time of week | AF2: sector | AG2: subsector
A3: Residential_cooling_weekday.csv | B3: 2019 | C3: 19 | D3: Korea | E3: 1 | F3: 13377 | G3: 13452 | H3: 13504 | I3: 13511 | J3: 13169 | K3: 12109 | L3: 9892 | M3: 7424 | N3: 5999 | O3: 5187 | P3: 5125 | Q3: 5732 | R3: 6222 | S3: 6418 | T3: 6702 | U3: 7320 | V3: 7993 | W3: 8761 | X3: 9726 | Y3: 10713 | Z3: 11596 | AA3: 12331 | AB3: 12855 | AC3: 13209 | AD3: =INDEX('Category Mapping'!$G$28:$G$39,MATCH(E3,'Category Mapping'!$A$28:$A$39,0),1) -> Winter | AE3: =INDEX('Category Mapping'!$B$2:$B$25,MATCH('Source Data'!A3,'Category Mapping'!$A$2:$A$25,0)) -> Weekday | AF3: =INDEX('Category Mapping'!$C$2:$C$25,MATCH('Source Data'!A3,'Category Mapping'!$A$2:$A$25,0)) -> Residential | AG3: =INDEX('Category Mapping'!$D$2:$D$25,MATCH('Source Data'!A3,'Category Mapping'!$A$2:$A$25,0)) -> Cooling
A4: Residential_cooling_weekday.csv | B4: 2019 | C4: 19 | D4: Korea | E4: 2 | F4: 15093 | G4: 15177 | H4: 15235 | I4: 15244 | J4: 14858 | K4: 13662 | L4: 11161 | M4: 8376 | N4: 6769 | O4: 5852 | P4: 5782 | Q4: 6467 | R4: 7020 | S4: 7241 | T4: 7561 | U4: 8259 | V4: 9018 | W4: 9885 | X4: 10973 | Y4: 12087 | Z4: 13083 | AA4: 13913 | AB4: 14504 | AC4: 14902 | AD4: =INDEX('Category Mapping'!$G$28:$G$39,MATCH(E4,'Category Mapping'!$A$28:$A$39,0),1) -> Winter | AE4: =INDEX('Category Mapping'!$B$2:$B$25,MATCH('Source Data'!A4,'Category Mapping'!$A$2:$A$25,0)) -> Weekday | AF4: =INDEX('Category Mapping'!$C$2:$C$25,MATCH('Source Data'!A4,'Category Mapping'!$A$2:$A$25,0)) -> Residential | AG4: =INDEX('Category Mapping'!$D$2:$D$25,MATCH('Source Data'!A4,'Category Mapping'!$A$2:$A$25,0)) -> Cooling
A5: Residential_cooling_weekday.csv | B5: 2019 | C5: 19 | D5: Korea | E5: 3 | F5: 33976 | G5: 34167 | H5: 34298 | I5: 34317 | J5: 33448 | K5: 30755 | L5: 25125 | M5: 18855 | N5: 15238 | O5: 13173 | P5: 13017 | Q5: 14558 | R5: 15804 | S5: 16301 | T5: 17022 | U5: 18592 | V5: 20302 | W5: 22252 | X5: 24702 | Y5: 27210 | Z5: 29452 | AA5: 31320 | AB5: 32650 | AC5: 33548 | AD5: =INDEX('Category Mapping'!$G$28:$G$39,MATCH(E5,'Category Mapping'!$A$28:$A$39,0),1) -> Spring | AE5: =INDEX('Category Mapping'!$B$2:$B$25,MATCH('Source Data'!A5,'Category Mapping'!$A$2:$A$25,0)) -> Weekday | AF5: =INDEX('Category Mapping'!$C$2:$C$25,MATCH('Source Data'!A5,'Category Mapping'!$A$2:$A$25,0)) -> Residential | AG5: =INDEX('Category Mapping'!$D$2:$D$25,MATCH('Source Data'!A5,'Category Mapping'!$A$2:$A$25,0)) -> Cooling
A6: Residential_cooling_weekday.csv | B6: 2019 | C6: 19 | D6: Korea | E6: 4 | F6: 37933 | G6: 38146 | H6: 38292 | I6: 38314 | J6: 37344 | K6: 34337 | L6: 28051 | M6: 21051 | N6: 17012 | O6: 14707 | P6: 14533 | Q6: 16254 | R6: 17644 | S6: 536764 | T6: 1040400 | U6: 612197 | V6: 22666 | W6: 24843 | X6: 27579 | Y6: 30380 | Z6: 32882 | AA6: 34968 | AB6: 36453 | AC6: 37455 | AD6: =INDEX('Category Mapping'!$G$28:$G$39,MATCH(E6,'Category Mapping'!$A$28:$A$39,0),1) -> Spring | AE6: =INDEX('Category Mapping'!$B$2:$B$25,MATCH('Source Data'!A6,'Category Mapping'!$A$2:$A$25,0)) -> Weekday | AF6: =INDEX('Category Mapping'!$C$2:$C$25,MATCH('Source Data'!A6,'Category Mapping'!$A$2:$A$25,0)) -> Residential | AG6: =INDEX('Category Mapping'!$D$2:$D$25,MATCH('Source Data'!A6,'Category Mapping'!$A$2:$A$25,0)) -> Cooling
A7: Residential_cooling_weekday.csv | B7: 2019 | C7: 19 | D7: Korea | E7: 5 | F7: 4397 | G7: 4421 | H7: 4438 | I7: 4441 | J7: 4329 | K7: 3980 | L7: 3251 | M7: 2440 | N7: 58818 | O7: 995883 | P7: 2342718 | Q7: 4070541 | R7: 5674487 | S7: 6673404 | T7: 7261770 | U7: 7611241 | V7: 7289568 | W7: 6221652 | X7: 4445696 | Y7: 2057088 | Z7: 113684 | AA7: 4053 | AB7: 4225 | AC7: 4341 | AD7: =INDEX('Category Mapping'!$G$28:$G$39,MATCH(E7,'Category Mapping'!$A$28:$A$39,0),1) -> Spring | AE7: =INDEX('Category Mapping'!$B$2:$B$25,MATCH('Source Data'!A7,'Category Mapping'!$A$2:$A$25,0)) -> Weekday | AF7: =INDEX('Category Mapping'!$C$2:$C$25,MATCH('Source Data'!A7,'Category Mapping'!$A$2:$A$25,0)) -> Residential | AG7: =INDEX('Category Mapping'!$D$2:$D$25,MATCH('Source Data'!A7,'Category Mapping'!$A$2:$A$25,0)) -> Cooling
A8: Residential_cooling_weekday.csv | B8: 2019 | C8: 19 | D8: Korea | E8: 6 | F8: 3799513 | G8: 2502986 | H8: 2214972 | I8: 2513965 | J8: 3740541 | K8: 6945215 | L8: 11800000 | M8: 14800000 | N8: 17500000 | O8: 20100000 | P8: 24600000 | Q8: 32000000 | R8: 38600000 | S8: 42300000 | T8: 45000000 | U8: 48200000 | V8: 49600000 | W8: 49000000 | X8: 46600000 | Y8: 41600000 | Z8: 33900000 | AA8: 24600000 | AB8: 15300000 | AC8: 7575886 | AD8: =INDEX('Category Mapping'!$G$28:$G$39,MATCH(E8,'Category Mapping'!$A$28:$A$39,0),1) -> Summer | AE8: =INDEX('Category Mapping'!$B$2:$B$25,MATCH('Source Data'!A8,'Category Mapping'!$A$2:$A$25,0)) -> Weekday | AF8: =INDEX('Category Mapping'!$C$2:$C$25,MATCH('Source Data'!A8,'Category Mapping'!$A$2:$A$25,0)) -> Residential | AG8: =INDEX('Category Mapping'!$D$2:$D$25,MATCH('Source Data'!A8,'Category Mapping'!$A$2:$A$25,0)) -> Cooling
A9: Residential_cooling_weekday.csv | B9: 2019 | C9: 19 | D9: Korea | E9: 7 | F9: 53400000 | G9: 48800000 | H9: 47300000 | I9: 49000000 | J9: 52600000 | K9: 55500000 | L9: 53100000 | M9: 46600000 | N9: 43700000 | O9: 43100000 | P9: 47500000 | Q9: 57800000 | R9: 66700000 | S9: 71300000 | T9: 75400000 | U9: 81400000 | V9: 85700000 | W9: 88300000 | X9: 90000000 | Y9: 89000000 | Z9: 84500000 | AA9: 77500000 | AB9: 69000000 | AC9: 60500000 | AD9: =INDEX('Category Mapping'!$G$28:$G$39,MATCH(E9,'Category Mapping'!$A$28:$A$39,0),1) -> Summer | AE9: =INDEX('Category Mapping'!$B$2:$B$25,MATCH('Source Data'!A9,'Category Mapping'!$A$2:$A$25,0)) -> Weekday | AF9: =INDEX('Category Mapping'!$C$2:$C$25,MATCH('Source Data'!A9,'Category Mapping'!$A$2:$A$25,0)) -> Residential | AG9: =INDEX('Category Mapping'!$D$2:$D$25,MATCH('Source Data'!A9,'Category Mapping'!$A$2:$A$25,0)) -> Cooling
A10: Residential_cooling_weekday.csv | B10: 2019 | C10: 19 | D10: Korea | E10: 8 | F10: 56500000 | G10: 50600000 | H10: 48600000 | I10: 50800000 | J10: 55600000 | K10: 60300000 | L10: 59300000 | M10: 53200000 | N10: 50700000 | O10: 50600000 | P10: 56300000 | Q10: 69000000 | R10: 80000000 | S10: 85800000 | T10: 90800000 | U10: 97900000 | V10: 103000000 | W10: 106000000 | X10: 107000000 | Y10: 105000000 | Z10: 98000000 | AA10: 88400000 | AB10: 77000000 | AC10: 65800000 | AD10: =INDEX('Category Mapping'!$G$28:$G$39,MATCH(E10,'Category Mapping'!$A$28:$A$39,0),1) -> Summer | AE10: =INDEX('Category Mapping'!$B$2:$B$25,MATCH('Source Data'!A10,'Category Mapping'!$A$2:$A$25,0)) -> Weekday | AF10: =INDEX('Category Mapping'!$C$2:$C$25,MATCH('Source Data'!A10,'Category Mapping'!$A$2:$A$25,0)) -> Residential | AG10: =INDEX('Category Mapping'!$D$2:$D$25,MATCH('Source Data'!A10,'Category Mapping'!$A$2:$A$25,0)) -> Cooling
A11: Residential_cooling_weekday.csv | B11: 2019 | C11: 19 | D11: Korea | E11: 9 | F11: 2827273 | G11: 2549733 | H11: 2460053 | I11: 2560917 | J11: 2783391 | K11: 3228720 | L11: 4970225 | M11: 7996402 | N11: 11500000 | O11: 14700000 | P11: 19200000 | Q11: 25900000 | R11: 32000000 | S11: 35500000 | T11: 37900000 | U11: 40400000 | V11: 41100000 | W11: 39700000 | X11: 36300000 | Y11: 30400000 | Z11: 22200000 | AA11: 13300000 | AB11: 6458964 | AC11: 3521910 | AD11: =INDEX('Category Mapping'!$G$28:$G$39,MATCH(E11,'Category Mapping'!$A$28:$A$39,0),1) -> Fall | AE11: =INDEX('Category Mapping'!$B$2:$B$25,MATCH('Source Data'!A11,'Category Mapping'!$A$2:$A$25,0)) -> Weekday | AF11: =INDEX('Category Mapping'!$C$2:$C$25,MATCH('Source Data'!A11,'Category Mapping'!$A$2:$A$25,0)) -> Residential | AG11: =INDEX('Category Mapping'!$D$2:$D$25,MATCH('Source Data'!A11,'Category Mapping'!$A$2:$A$25,0)) -> Cooling
A12: Residential_cooling_weekday.csv | B12: 2019 | C12: 19 | D12: Korea | E12: 10 | F12: 2902 | G12: 2918 | H12: 2929 | I12: 2931 | J12: 2857 | K12: 2627 | L12: 2146 | M12: 1610 | N12: 1301 | O12: 10087 | P12: 65252 | Q12: 413141 | R12: 1020552 | S12: 1479165 | T12: 1702028 | U12: 1687037 | V12: 1311023 | W12: 631468 | X12: 123827 | Y12: 20837 | Z12: 2515 | AA12: 2675 | AB12: 2788 | AC12: 2865 | AD12: =INDEX('Category Mapping'!$G$28:$G$39,MATCH(E12,'Category Mapping'!$A$28:$A$39,0),1) -> Fall | AE12: =INDEX('Category Mapping'!$B$2:$B$25,MATCH('Source Data'!A12,'Category Mapping'!$A$2:$A$25,0)) -> Weekday | AF12: =INDEX('Category Mapping'!$C$2:$C$25,MATCH('Source Data'!A12,'Category Mapping'!$A$2:$A$25,0)) -> Residential | AG12: =INDEX('Category Mapping'!$D$2:$D$25,MATCH('Source Data'!A12,'Category Mapping'!$A$2:$A$25,0)) -> Cooling
A13: Residential_cooling_weekday.csv | B13: 2019 | C13: 19 | D13: Korea | E13: 11 | F13: 47696 | G13: 47964 | H13: 48148 | I13: 48174 | J13: 46956 | K13: 43175 | L13: 35271 | M13: 26469 | N13: 21391 | O13: 18493 | P13: 18273 | Q13: 20437 | R13: 22185 | S13: 22884 | T13: 23895 | U13: 26100 | V13: 28500 | W13: 31237 | X13: 34677 | Y13: 38198 | Z13: 41345 | AA13: 43968 | AB13: 45835 | AC13: 47095 | AD13: =INDEX('Category Mapping'!$G$28:$G$39,MATCH(E13,'Category Mapping'!$A$28:$A$39,0),1) -> Winter | AE13: =INDEX('Category Mapping'!$B$2:$B$25,MATCH('Source Data'!A13,'Category Mapping'!$A$2:$A$25,0)) -> Weekday | AF13: =INDEX('Category Mapping'!$C$2:$C$25,MATCH('Source Data'!A13,'Category Mapping'!$A$2:$A$25,0)) -> Residential | AG13: =INDEX('Category Mapping'!$D$2:$D$25,MATCH('Source Data'!A13,'Category Mapping'!$A$2:$A$25,0)) -> Cooling
A14: Residential_cooling_weekday.csv | B14: 2019 | C14: 19 | D14: Korea | E14: 12 | F14: 18044 | G14: 18146 | H14: 18215 | I14: 18225 | J14: 17764 | K14: 16334 | L14: 13343 | M14: 10014 | N14: 8092 | O14: 6996 | P14: 6913 | Q14: 7732 | R14: 8393 | S14: 8657 | T14: 9040 | U14: 9874 | V14: 10782 | W14: 11818 | X14: 13119 | Y14: 14451 | Z14: 15641 | AA14: 16634 | AB14: 17340 | AC14: 17817 | AD14: =INDEX('Category Mapping'!$G$28:$G$39,MATCH(E14,'Category Mapping'!$A$28:$A$39,0),1) -> Winter | AE14: =INDEX('Category Mapping'!$B$2:$B$25,MATCH('Source Data'!A14,'Category Mapping'!$A$2:$A$25,0)) -> Weekday | AF14: =INDEX('Category Mapping'!$C$2:$C$25,MATCH('Source Data'!A14,'Category Mapping'!$A$2:$A$25,0)) -> Residential | AG14: =INDEX('Category Mapping'!$D$2:$D$25,MATCH('Source Data'!A14,'Category Mapping'!$A$2:$A$25,0)) -> Cooling
... A290: Transport_total_weekend.csv | B290: 2019 | C290: 19 | D290: Korea | E290: 12 | F290: 2742679 | G290: 2613859 | H290: 2578726 | I290: 2578726 | J290: 2567015 | K290: 2584582 | L290: 3203697 | M290: 4168085 | N290: 4972466 | O290: 5632407 | P290: 5961600 | Q290: 6143119 | R290: 6007156 | S290: 5716110 | T290: 5645844 | U290: 5540446 | V290: 6355851 | W290: 6361707 | X290: 6320718 | Y290: 6186043 | Z290: 6004524 | AA290: 5799583 | AB290: 5729317 | AC290: 3849980 | AD290: =INDEX('Category Mapping'!$G$28:$G$39,MATCH(E290,'Category Mapping'!$A$28:$A$39,0),1) -> Winter | AE290: =INDEX('Category Mapping'!$B$2:$B$25,MATCH('Source Data'!A290,'Category Mapping'!$A$2:$A$25,0)) -> Weekend | AF290: =INDEX('Category Mapping'!$C$2:$C$25,MATCH('Source Data'!A290,'Category Mapping'!$A$2:$A$25,0)) -> Transportation | AG290: =INDEX('Category Mapping'!$D$2:$D$25,MATCH('Source Data'!A290,'Category Mapping'!$A$2:$A$25,0)) -> Transportation

Sheet Summarized Source Data
A1: Total Season Demand Per Specified Hour, Time of Week, and End Use (kW/day)
F2: Residential | G2: Residential | H2: Residential | I2: Residential | J2: Residential | K2: Residential | L2: Commercial | M2: Commercial | N2: Commercial | O2: Commercial | P2: Commercial | Q2: Commercial | R2: Transportation | S2: Transportation | T2: Transportation | U2: Transportation | V2: Transportation | W2: Transportation | X2: Industry | Y2: Industry | Z2: Industry
A3: Month | B3: Season | C3: Hour | E3: Time of Week | F3: Heating | G3: Cooling | H3: Envelope | I3: Lighting | J3: Appliances | K3: Other | L3: Heating | M3: Cooling | N3: Envelope | O3: Lighting | P3: Appliances | Q3: Other | R3: LDVs | S3: HDVs | T3: Aircraft | U3: Rail | V3: Ships | W3: Motorbikes | X3: Industry | Y3: District Heat and Hydrogen | Z3: Geoengineering
A4: =ROUNDUP(ROW(A1)/24,0) -> 1 | B4: =INDEX('Category Mapping'!$G$28:$G$39,MATCH(A4,'Category Mapping'!$A$28:$A$39,0),1) -> Winter | C4: h1 | D4: Hour0 | E4: Weekday | F4: =SUMIFS(INDEX(Load,,MATCH('Summarized Source Data'!$C4,Hour,0)),Month,'Summarized Source Data'!$A4,Sector,'Summarized Source Data'!F$2,Subsector,'Summarized Source Data'!F$3,TimeOfWeek,$E4)*INDEX(About!B$79:B$82,MATCH($B4,About!$A$79:$A$82,0),1) -> 20700000 | G4: =SUMIFS(INDEX(Load,,MATCH('Summarized Source Data'!$C4,Hour,0)),Month,'Summarized Source Data'!$A4,Sector,'Summarized Source Data'!G$2,Subsector,'Summarized Source Data'!G$3,TimeOfWeek,$E4)*INDEX(About!C$79:C$82,MATCH($B4,About!$A$79:$A$82,0),1) -> 13377 | H4: =SUMIFS(INDEX(Load,,MATCH('Summarized Source Data'!$C4,Hour,0)),Month,'Summarized Source Data'!$A4,Sector,'Summarized Source Data'!H$2,Subsector,'Summarized Source Data'!H$3,TimeOfWeek,$E4)*INDEX(About!D$79:D$82,MATCH($B4,About!$A$79:$A$82,0),1) -> 0 | I4: =SUMIFS(INDEX(Load,,MATCH('Summarized Source Data'!$C4,Hour,0)),Month,'Summarized Source Data'!$A4,Sector,'Summarized Source Data'!I$2,Subsector,'Summarized Source Data'!I$3,TimeOfWeek,$E4)*INDEX(About!E$79:E$82,MATCH($B4,About!$A$79:$A$82,0),1) -> 11700000 | J4: =K4 -> 74586623 | K4: =(SUMIFS(INDEX(Load,,MATCH('Summarized Source Data'!$C4,Hour,0)),Month,'Summarized Source Data'!$A4,Sector,'Summarized Source Data'!K$2,Subsector,"Total",TimeOfWeek,$E4)-SUM(F4:I4))*INDEX(About!G$79:G$82,MATCH($B4,About!$A$79:$A$82,0),1) -> 74586623 | L4: =SUMIFS(INDEX(Load,,MATCH('Summarized Source Data'!$C4,Hour,0)),Month,'Summarized Source Data'!$A4,Sector,'Summarized Source Data'!L$2,Subsector,'Summarized Source Data'!L$3,TimeOfWeek,$E4)*INDEX(About!H$79:H$82,MATCH($B4,About!$A$79:$A$82,0),1) -> 42300000 | M4: =SUMIFS(INDEX(Load,,MATCH('Summarized Source Data'!$C4,Hour,0)),Month,'Summarized Source Data'!$A4,Sector,'Summarized Source Data'!M$2,Subsector,'Summarized Source Data'!M$3,TimeOfWeek,$E4)*INDEX(About!I$79:I$82,MATCH($B4,About!$A$79:$A$82,0),1) -> 35427 | N4: =SUMIFS(INDEX(Load,,MATCH('Summarized Source Data'!$C4,Hour,0)),Month,'Summarized Source Data'!$A4,Sector,'Summarized Source Data'!N$2,Subsector,'Summarized Source Data'!N$3,TimeOfWeek,$E4)*INDEX(About!J$79:J$82,MATCH($B4,About!$A$79:$A$82,0),1) -> 0 | O4: =P4 -> 154664573 | P4: =(SUMIFS(INDEX(Load,,MATCH('Summarized Source Data'!$C4,Hour,0)),Month,'Summarized Source Data'!$A4,Sector,'Summarized Source Data'!P$2,Subsector,"Total",TimeOfWeek,$E4)-SUM(L4:N4)*INDEX(About!L$79:L$82,MATCH($B4,About!$A$79:$A$82,0),1)) -> 154664573 | Q4: =P4 -> 154664573 | R4: =SUMIFS(INDEX(Load,,MATCH('Summarized Source Data'!$C4,Hour,0)),Month,'Summarized Source Data'!$A4,Sector,'Summarized Source Data'!R$2,TimeOfWeek,$E4)*INDEX(About!N$79:N$82,MATCH($B4,About!$A$79:$A$82,0),1) -> 5047694 | S4: =SUMIFS(INDEX(Load,,MATCH('Summarized Source Data'!$C4,Hour,0)),Month,'Summarized Source Data'!$A4,Sector,'Summarized Source Data'!S$2,TimeOfWeek,$E4)*INDEX(About!O$79:O$82,MATCH($B4,About!$A$79:$A$82,0),1) -> 5047694 | T4: =SUMIFS(INDEX(Load,,MATCH('Summarized Source Data'!$C4,Hour,0)),Month,'Summarized Source Data'!$A4,Sector,'Summarized Source Data'!T$2,TimeOfWeek,$E4)*INDEX(About!P$79:P$82,MATCH($B4,About!$A$79:$A$82,0),1) -> 5047694 | U4: =SUMIFS(INDEX(Load,,MATCH('Summarized Source Data'!$C4,Hour,0)),Month,'Summarized Source Data'!$A4,Sector,'Summarized Source Data'!U$2,TimeOfWeek,$E4)*INDEX(About!Q$79:Q$82,MATCH($B4,About!$A$79:$A$82,0),1) -> 5047694 | V4: =SUMIFS(INDEX(Load,,MATCH('Summarized Source Data'!$C4,Hour,0)),Month,'Summarized Source Data'!$A4,Sector,'Summarized Source Data'!V$2,TimeOfWeek,$E4)*INDEX(About!R$79:R$82,MATCH($B4,About!$A$79:$A$82,0),1) -> 5047694 | W4: =SUMIFS(INDEX(Load,,MATCH('Summarized Source Data'!$C4,Hour,0)),Month,'Summarized Source Data'!$A4,Sector,'Summarized Source Data'!W$2,TimeOfWeek,$E4)*INDEX(About!S$79:S$82,MATCH($B4,About!$A$79:$A$82,0),1) -> 5047694 | X4: =SUMIFS(INDEX(Load,,MATCH('Summarized Source Data'!$C4,Hour,0)),Month,'Summarized Source Data'!$A4,Sector,'Summarized Source Data'!X$2,Subsector,'Summarized Source Data'!X$3,TimeOfWeek,$E4)*INDEX(About!T$79:T$82,MATCH($B4,About!$A$79:$A$82,0),1) -> 661000000 | Y4: =$X4 -> 661000000 | Z4: =$X4 -> 661000000
A5: =ROUNDUP(ROW(A2)/24,0) -> 1 | B5: =INDEX('Category Mapping'!$G$28:$G$39,MATCH(A5,'Category Mapping'!$A$28:$A$39,0),1) -> Winter | C5: h2 | D5: Hour1 | E5: Weekday | F5: =SUMIFS(INDEX(Load,,MATCH('Summarized Source Data'!$C5,Hour,0)),Month,'Summarized Source Data'!$A5,Sector,'Summarized Source Data'!F$2,Subsector,'Summarized Source Data'!F$3,TimeOfWeek,$E5)*INDEX(About!B$79:B$82,MATCH($B5,About!$A$79:$A$82,0),1) -> 21100000 | G5: =SUMIFS(INDEX(Load,,MATCH('Summarized Source Data'!$C5,Hour,0)),Month,'Summarized Source Data'!$A5,Sector,'Summarized Source Data'!G$2,Subsector,'Summarized Source Data'!G$3,TimeOfWeek,$E5)*INDEX(About!C$79:C$82,MATCH($B5,About!$A$79:$A$82,0),1) -> 13452 | H5: =SUMIFS(INDEX(Load,,MATCH('Summarized Source Data'!$C5,Hour,0)),Month,'Summarized Source Data'!$A5,Sector,'Summarized Source Data'!H$2,Subsector,'Summarized Source Data'!H$3,TimeOfWeek,$E5)*INDEX(About!D$79:D$82,MATCH($B5,About!$A$79:$A$82,0),1) -> 0 | I5: =SUMIFS(INDEX(Load,,MATCH('Summarized Source Data'!$C5,Hour,0)),Month,'Summarized Source Data'!$A5,Sector,'Summarized Source Data'!I$2,Subsector,'Summarized Source Data'!I$3,TimeOfWeek,$E5)*INDEX(About!E$79:E$82,MATCH($B5,About!$A$79:$A$82,0),1) -> 10800000 | J5: =K5 -> 54286548 | K5: =(SUMIFS(INDEX(Load,,MATCH('Summarized Source Data'!$C5,Hour,0)),Month,'Summarized Source Data'!$A5,Sector,'Summarized Source Data'!K$2,Subsector,"Total",TimeOfWeek,$E5)-SUM(F5:I5))*INDEX(About!G$79:G$82,MATCH($B5,About!$A$79:$A$82,0),1) -> 54286548 | L5: =SUMIFS(INDEX(Load,,MATCH('Summarized Source Data'!$C5,Hour,0)),Month,'Summarized Source Data'!$A5,Sector,'Summarized Source Data'!L$2,Subsector,'Summarized Source Data'!L$3,TimeOfWeek,$E5)*INDEX(About!H$79:H$82,MATCH($B5,About!$A$79:$A$82,0),1) -> 38600000 | M5: =SUMIFS(INDEX(Load,,MATCH('Summarized Source Data'!$C5,Hour,0)),Month,'Summarized Source Data'!$A5,Sector,'Summarized Source Data'!M$2,Subsector,'Summarized Source Data'!M$3,TimeOfWeek,$E5)*INDEX(About!I$79:I$82,MATCH($B5,About!$A$79:$A$82,0),1) -> 33406 | N5: =SUMIFS(INDEX(Load,,MATCH('Summarized Source Data'!$C5,Hour,0)),Month,'Summarized Source Data'!$A5,Sector,'Summarized Source Data'!N$2,Subsector,'Summarized Source Data'!N$3,TimeOfWeek,$E5)*INDEX(About!J$79:J$82,MATCH($B5,About!$A$79:$A$82,0),1) -> 0 | O5: =P5 -> 151366594 | P5: =(SUMIFS(INDEX(Load,,MATCH('Summarized Source Data'!$C5,Hour,0)),Month,'Summarized Source Data'!$A5,Sector,'Summarized Source Data'!P$2,Subsector,"Total",TimeOfWeek,$E5)-SUM(L5:N5)*INDEX(About!L$79:L$82,MATCH($B5,About!$A$79:$A$82,0),1)) -> 151366594 | Q5: =P5 -> 151366594 | R5: =SUMIFS(INDEX(Load,,MATCH('Summarized Source Data'!$C5,Hour,0)),Month,'Summarized Source Data'!$A5,Sector,'Summarized Source Data'!R$2,TimeOfWeek,$E5)*INDEX(About!N$79:N$82,MATCH($B5,About!$A$79:$A$82,0),1) -> 4979874 | S5: =SUMIFS(INDEX(Load,,MATCH('Summarized Source Data'!$C5,Hour,0)),Month,'Summarized Source Data'!$A5,Sector,'Summarized Source Data'!S$2,TimeOfWeek,$E5)*INDEX(About!O$79:O$82,MATCH($B5,About!$A$79:$A$82,0),1) -> 4979874 | T5: =SUMIFS(INDEX(Load,,MATCH('Summarized Source Data'!$C5,Hour,0)),Month,'Summarized Source Data'!$A5,Sector,'Summarized Source Data'!T$2,TimeOfWeek,$E5)*INDEX(About!P$79:P$82,MATCH($B5,About!$A$79:$A$82,0),1) -> 4979874 | U5: =SUMIFS(INDEX(Load,,MATCH('Summarized Source Data'!$C5,Hour,0)),Month,'Summarized Source Data'!$A5,Sector,'Summarized Source Data'!U$2,TimeOfWeek,$E5)*INDEX(About!Q$79:Q$82,MATCH($B5,About!$A$79:$A$82,0),1) -> 4979874 | V5: =SUMIFS(INDEX(Load,,MATCH('Summarized Source Data'!$C5,Hour,0)),Month,'Summarized Source Data'!$A5,Sector,'Summarized Source Data'!V$2,TimeOfWeek,$E5)*INDEX(About!R$79:R$82,MATCH($B5,About!$A$79:$A$82,0),1) -> 4979874 | W5: =SUMIFS(INDEX(Load,,MATCH('Summarized Source Data'!$C5,Hour,0)),Month,'Summarized Source Data'!$A5,Sector,'Summarized Source Data'!W$2,TimeOfWeek,$E5)*INDEX(About!S$79:S$82,MATCH($B5,About!$A$79:$A$82,0),1) -> 4979874 | X5: =SUMIFS(INDEX(Load,,MATCH('Summarized Source Data'!$C5,Hour,0)),Month,'Summarized Source Data'!$A5,Sector,'Summarized Source Data'!X$2,Subsector,'Summarized Source Data'!X$3,TimeOfWeek,$E5)*INDEX(About!T$79:T$82,MATCH($B5,About!$A$79:$A$82,0),1) -> 660000000 | Y5: =$X5 -> 660000000 | Z5: =$X5 -> 660000000
A6: =ROUNDUP(ROW(A3)/24,0) -> 1 | B6: =INDEX('Category Mapping'!$G$28:$G$39,MATCH(A6,'Category Mapping'!$A$28:$A$39,0),1) -> Winter | C6: h3 | D6: Hour2 | E6: Weekday | F6: =SUMIFS(INDEX(Load,,MATCH('Summarized Source Data'!$C6,Hour,0)),Month,'Summarized Source Data'!$A6,Sector,'Summarized Source Data'!F$2,Subsector,'Summarized Source Data'!F$3,TimeOfWeek,$E6)*INDEX(About!B$79:B$82,MATCH($B6,About!$A$79:$A$82,0),1) -> 21200000 | G6: =SUMIFS(INDEX(Load,,MATCH('Summarized Source Data'!$C6,Hour,0)),Month,'Summarized Source Data'!$A6,Sector,'Summarized Source Data'!G$2,Subsector,'Summarized Source Data'!G$3,TimeOfWeek,$E6)*INDEX(About!C$79:C$82,MATCH($B6,About!$A$79:$A$82,0),1) -> 13504 | H6: =SUMIFS(INDEX(Load,,MATCH('Summarized Source Data'!$C6,Hour,0)),Month,'Summarized Source Data'!$A6,Sector,'Summarized Source Data'!H$2,Subsector,'Summarized Source Data'!H$3,TimeOfWeek,$E6)*INDEX(About!D$79:D$82,MATCH($B6,About!$A$79:$A$82,0),1) -> 0 | I6: =SUMIFS(INDEX(Load,,MATCH('Summarized Source Data'!$C6,Hour,0)),Month,'Summarized Source Data'!$A6,Sector,'Summarized Source Data'!I$2,Subsector,'Summarized Source Data'!I$3,TimeOfWeek,$E6)*INDEX(About!E$79:E$82,MATCH($B6,About!$A$79:$A$82,0),1) -> 10700000 | J6: =K6 -> 43686496 | K6: =(SUMIFS(INDEX(Load,,MATCH('Summarized Source Data'!$C6,Hour,0)),Month,'Summarized Source Data'!$A6,Sector,'Summarized Source Data'!K$2,Subsector,"Total",TimeOfWeek,$E6)-SUM(F6:I6))*INDEX(About!G$79:G$82,MATCH($B6,About!$A$79:$A$82,0),1) -> 43686496 | L6: =SUMIFS(INDEX(Load,,MATCH('Summarized Source Data'!$C6,Hour,0)),Month,'Summarized Source Data'!$A6,Sector,'Summarized Source Data'!L$2,Subsector,'Summarized Source Data'!L$3,TimeOfWeek,$E6)*INDEX(About!H$79:H$82,MATCH($B6,About!$A$79:$A$82,0),1) -> 34800000 | M6: =SUMIFS(INDEX(Load,,MATCH('Summarized Source Data'!$C6,Hour,0)),Month,'Summarized Source Data'!$A6,Sector,'Summarized Source Data'!M$2,Subsector,'Summarized Source Data'!M$3,TimeOfWeek,$E6)*INDEX(About!I$79:I$82,MATCH($B6,About!$A$79:$A$82,0),1) -> 32562 | N6: =SUMIFS(INDEX(Load,,MATCH('Summarized Source Data'!$C6,Hour,0)),Month,'Summarized Source Data'!$A6,Sector,'Summarized Source Data'!N$2,Subsector,'Summarized Source Data'!N$3,TimeOfWeek,$E6)*INDEX(About!J$79:J$82,MATCH($B6,About!$A$79:$A$82,0),1) -> 0 | O6: =P6 -> 151167438 | P6: =(SUMIFS(INDEX(Load,,MATCH('Summarized Source Data'!$C6,Hour,0)),Month,'Summarized Source Data'!$A6,Sector,'Summarized Source Data'!P$2,Subsector,"Total",TimeOfWeek,$E6)-SUM(L6:N6)*INDEX(About!L$79:L$82,MATCH($B6,About!$A$79:$A$82,0),1)) -> 151167438 | Q6: =P6 -> 151167438 | R6: =SUMIFS(INDEX(Load,,MATCH('Summarized Source Data'!$C6,Hour,0)),Month,'Summarized Source Data'!$A6,Sector,'Summarized Source Data'!R$2,TimeOfWeek,$E6)*INDEX(About!N$79:N$82,MATCH($B6,About!$A$79:$A$82,0),1) -> 4962456 | S6: =SUMIFS(INDEX(Load,,MATCH('Summarized Source Data'!$C6,Hour,0)),Month,'Summarized Source Data'!$A6,Sector,'Summarized Source Data'!S$2,TimeOfWeek,$E6)*INDEX(About!O$79:O$82,MATCH($B6,About!$A$79:$A$82,0),1) -> 4962456 | T6: =SUMIFS(INDEX(Load,,MATCH('Summarized Source Data'!$C6,Hour,0)),Month,'Summarized Source Data'!$A6,Sector,'Summarized Source Data'!T$2,TimeOfWeek,$E6)*INDEX(About!P$79:P$82,MATCH($B6,About!$A$79:$A$82,0),1) -> 4962456 | U6: =SUMIFS(INDEX(Load,,MATCH('Summarized Source Data'!$C6,Hour,0)),Month,'Summarized Source Data'!$A6,Sector,'Summarized Source Data'!U$2,TimeOfWeek,$E6)*INDEX(About!Q$79:Q$82,MATCH($B6,About!$A$79:$A$82,0),1) -> 4962456 | V6: =SUMIFS(INDEX(Load,,MATCH('Summarized Source Data'!$C6,Hour,0)),Month,'Summarized Source Data'!$A6,Sector,'Summarized Source Data'!V$2,TimeOfWeek,$E6)*INDEX(About!R$79:R$82,MATCH($B6,About!$A$79:$A$82,0),1) -> 4962456 | W6: =SUMIFS(INDEX(Load,,MATCH('Summarized Source Data'!$C6,Hour,0)),Month,'Summarized Source Data'!$A6,Sector,'Summarized Source Data'!W$2,TimeOfWeek,$E6)*INDEX(About!S$79:S$82,MATCH($B6,About!$A$79:$A$82,0),1) -> 4962456 | X6: =SUMIFS(INDEX(Load,,MATCH('Summarized Source Data'!$C6,Hour,0)),Month,'Summarized Source Data'!$A6,Sector,'Summarized Source Data'!X$2,Subsector,'Summarized Source Data'!X$3,TimeOfWeek,$E6)*INDEX(About!T$79:T$82,MATCH($B6,About!$A$79:$A$82,0),1) -> 660000000 | Y6: =$X6 -> 660000000 | Z6: =$X6 -> 660000000
A7: =ROUNDUP(ROW(A4)/24,0) -> 1 | B7: =INDEX('Category Mapping'!$G$28:$G$39,MATCH(A7,'Category Mapping'!$A$28:$A$39,0),1) -> Winter | C7: h4 | D7: Hour3 | E7: Weekday | F7: =SUMIFS(INDEX(Load,,MATCH('Summarized Source Data'!$C7,Hour,0)),Month,'Summarized Source Data'!$A7,Sector,'Summarized Source Data'!F$2,Subsector,'Summarized Source Data'!F$3,TimeOfWeek,$E7)*INDEX(About!B$79:B$82,MATCH($B7,About!$A$79:$A$82,0),1) -> 21100000 | G7: =SUMIFS(INDEX(Load,,MATCH('Summarized Source Data'!$C7,Hour,0)),Month,'Summarized Source Data'!$A7,Sector,'Summarized Source Data'!G$2,Subsector,'Summarized Source Data'!G$3,TimeOfWeek,$E7)*INDEX(About!C$79:C$82,MATCH($B7,About!$A$79:$A$82,0),1) -> 13511 | H7: =SUMIFS(INDEX(Load,,MATCH('Summarized Source Data'!$C7,Hour,0)),Month,'Summarized Source Data'!$A7,Sector,'Summarized Source Data'!H$2,Subsector,'Summarized Source Data'!H$3,TimeOfWeek,$E7)*INDEX(About!D$79:D$82,MATCH($B7,About!$A$79:$A$82,0),1) -> 0 | I7: =SUMIFS(INDEX(Load,,MATCH('Summarized Source Data'!$C7,Hour,0)),Month,'Summarized Source Data'!$A7,Sector,'Summarized Source Data'!I$2,Subsector,'Summarized Source Data'!I$3,TimeOfWeek,$E7)*INDEX(About!E$79:E$82,MATCH($B7,About!$A$79:$A$82,0),1) -> 10900000 | J7: =K7 -> 37886489 | K7: =(SUMIFS(INDEX(Load,,MATCH('Summarized Source Data'!$C7,Hour,0)),Month,'Summarized Source Data'!$A7,Sector,'Summarized Source Data'!K$2,Subsector,"Total",TimeOfWeek,$E7)-SUM(F7:I7))*INDEX(About!G$79:G$82,MATCH($B7,About!$A$79:$A$82,0),1) -> 37886489 | L7: =SUMIFS(INDEX(Load,,MATCH('Summarized Source Data'!$C7,Hour,0)),Month,'Summarized Source Data'!$A7,Sector,'Summarized Source Data'!L$2,Subsector,'Summarized Source Data'!L$3,TimeOfWeek,$E7)*INDEX(About!H$79:H$82,MATCH($B7,About!$A$79:$A$82,0),1) -> 36300000 | M7: =SUMIFS(INDEX(Load,,MATCH('Summarized Source Data'!$C7,Hour,0)),Month,'Summarized Source Data'!$A7,Sector,'Summarized Source Data'!M$2,Subsector,'Summarized Source Data'!M$3,TimeOfWeek,$E7)*INDEX(About!I$79:I$82,MATCH($B7,About!$A$79:$A$82,0),1) -> 32086 | N7: =SUMIFS(INDEX(Load,,MATCH('Summarized Source Data'!$C7,Hour,0)),Month,'Summarized Source Data'!$A7,Sector,'Summarized Source Data'!N$2,Subsector,'Summarized Source Data'!N$3,TimeOfWeek,$E7)*INDEX(About!J$79:J$82,MATCH($B7,About!$A$79:$A$82,0),1) -> 0 | O7: =P7 -> 157667914 | P7: =(SUMIFS(INDEX(Load,,MATCH('Summarized Source Data'!$C7,Hour,0)),Month,'Summarized Source Data'!$A7,Sector,'Summarized Source Data'!P$2,Subsector,"Total",TimeOfWeek,$E7)-SUM(L7:N7)*INDEX(About!L$79:L$82,MATCH($B7,About!$A$79:$A$82,0),1)) -> 157667914 | Q7: =P7 -> 157667914 | R7: =SUMIFS(INDEX(Load,,MATCH('Summarized Source Data'!$C7,Hour,0)),Month,'Summarized Source Data'!$A7,Sector,'Summarized Source Data'!R$2,TimeOfWeek,$E7)*INDEX(About!N$79:N$82,MATCH($B7,About!$A$79:$A$82,0),1) -> 4978492 | S7: =SUMIFS(INDEX(Load,,MATCH('Summarized Source Data'!$C7,Hour,0)),Month,'Summarized Source Data'!$A7,Sector,'Summarized Source Data'!S$2,TimeOfWeek,$E7)*INDEX(About!O$79:O$82,MATCH($B7,About!$A$79:$A$82,0),1) -> 4978492 | T7: =SUMIFS(INDEX(Load,,MATCH('Summarized Source Data'!$C7,Hour,0)),Month,'Summarized Source Data'!$A7,Sector,'Summarized Source Data'!T$2,TimeOfWeek,$E7)*INDEX(About!P$79:P$82,MATCH($B7,About!$A$79:$A$82,0),1) -> 4978492 | U7: =SUMIFS(INDEX(Load,,MATCH('Summarized Source Data'!$C7,Hour,0)),Month,'Summarized Source Data'!$A7,Sector,'Summarized Source Data'!U$2,TimeOfWeek,$E7)*INDEX(About!Q$79:Q$82,MATCH($B7,About!$A$79:$A$82,0),1) -> 4978492 | V7: =SUMIFS(INDEX(Load,,MATCH('Summarized Source Data'!$C7,Hour,0)),Month,'Summarized Source Data'!$A7,Sector,'Summarized Source Data'!V$2,TimeOfWeek,$E7)*INDEX(About!R$79:R$82,MATCH($B7,About!$A$79:$A$82,0),1) -> 4978492 | W7: =SUMIFS(INDEX(Load,,MATCH('Summarized Source Data'!$C7,Hour,0)),Month,'Summarized Source Data'!$A7,Sector,'Summarized Source Data'!W$2,TimeOfWeek,$E7)*INDEX(About!S$79:S$82,MATCH($B7,About!$A$79:$A$82,0),1) -> 4978492 | X7: =SUMIFS(INDEX(Load,,MATCH('Summarized Source Data'!$C7,Hour,0)),Month,'Summarized Source Data'!$A7,Sector,'Summarized Source Data'!X$2,Subsector,'Summarized Source Data'!X$3,TimeOfWeek,$E7)*INDEX(About!T$79:T$82,MATCH($B7,About!$A$79:$A$82,0),1) -> 660000000 | Y7: =$X7 -> 660000000 | Z7: =$X7 -> 660000000
A8: =ROUNDUP(ROW(A5)/24,0) -> 1 | B8: =INDEX('Category Mapping'!$G$28:$G$39,MATCH(A8,'Category Mapping'!$A$28:$A$39,0),1) -> Winter | C8: h5 | D8: Hour4 | E8: Weekday | F8: =SUMIFS(INDEX(Load,,MATCH('Summarized Source Data'!$C8,Hour,0)),Month,'Summarized Source Data'!$A8,Sector,'Summarized Source Data'!F$2,Subsector,'Summarized Source Data'!F$3,TimeOfWeek,$E8)*INDEX(About!B$79:B$82,MATCH($B8,About!$A$79:$A$82,0),1) -> 20700000 | G8: =SUMIFS(INDEX(Load,,MATCH('Summarized Source Data'!$C8,Hour,0)),Month,'Summarized Source Data'!$A8,Sector,'Summarized Source Data'!G$2,Subsector,'Summarized Source Data'!G$3,TimeOfWeek,$E8)*INDEX(About!C$79:C$82,MATCH($B8,About!$A$79:$A$82,0),1) -> 13169 | H8: =SUMIFS(INDEX(Load,,MATCH('Summarized Source Data'!$C8,Hour,0)),Month,'Summarized Source Data'!$A8,Sector,'Summarized Source Data'!H$2,Subsector,'Summarized Source Data'!H$3,TimeOfWeek,$E8)*INDEX(About!D$79:D$82,MATCH($B8,About!$A$79:$A$82,0),1) -> 0 | I8: =SUMIFS(INDEX(Load,,MATCH('Summarized Source Data'!$C8,Hour,0)),Month,'Summarized Source Data'!$A8,Sector,'Summarized Source Data'!I$2,Subsector,'Summarized Source Data'!I$3,TimeOfWeek,$E8)*INDEX(About!E$79:E$82,MATCH($B8,About!$A$79:$A$82,0),1) -> 14100000 | J8: =K8 -> 40186831 | K8: =(SUMIFS(INDEX(Load,,MATCH('Summarized Source Data'!$C8,Hour,0)),Month,'Summarized Source Data'!$A8,Sector,'Summarized Source Data'!K$2,Subsector,"Total",TimeOfWeek,$E8)-SUM(F8:I8))*INDEX(About!G$79:G$82,MATCH($B8,About!$A$79:$A$82,0),1) -> 40186831 | L8: =SUMIFS(INDEX(Load,,MATCH('Summarized Source Data'!$C8,Hour,0)),Month,'Summarized Source Data'!$A8,Sector,'Summarized Source Data'!L$2,Subsector,'Summarized Source Data'!L$3,TimeOfWeek,$E8)*INDEX(About!H$79:H$82,MATCH($B8,About!$A$79:$A$82,0),1) -> 38100000 | M8: =SUMIFS(INDEX(Load,,MATCH('Summarized Source Data'!$C8,Hour,0)),Month,'Summarized Source Data'!$A8,Sector,'Summarized Source Data'!M$2,Subsector,'Summarized Source Data'!M$3,TimeOfWeek,$E8)*INDEX(About!I$79:I$82,MATCH($B8,About!$A$79:$A$82,0),1) -> 31984 | N8: =SUMIFS(INDEX(Load,,MATCH('Summarized Source Data'!$C8,Hour,0)),Month,'Summarized Source Data'!$A8,Sector,'Summarized Source Data'!N$2,Subsector,'Summarized Source Data'!N$3,TimeOfWeek,$E8)*INDEX(About!J$79:J$82,MATCH($B8,About!$A$79:$A$82,0),1) -> 0 | O8: =P8 -> 167868016 | P8: =(SUMIFS(INDEX(Load,,MATCH('Summarized Source Data'!$C8,Hour,0)),Month,'Summarized Source Data'!$A8,Sector,'Summarized Source Data'!P$2,Subsector,"Total",TimeOfWeek,$E8)-SUM(L8:N8)*INDEX(About!L$79:L$82,MATCH($B8,About!$A$79:$A$82,0),1)) -> 167868016 | Q8: =P8 -> 167868016 | R8: =SUMIFS(INDEX(Load,,MATCH('Summarized Source Data'!$C8,Hour,0)),Month,'Summarized Source Data'!$A8,Sector,'Summarized Source Data'!R$2,TimeOfWeek,$E8)*INDEX(About!N$79:N$82,MATCH($B8,About!$A$79:$A$82,0),1) -> 4961019 | S8: =SUMIFS(INDEX(Load,,MATCH('Summarized Source Data'!$C8,Hour,0)),Month,'Summarized Source Data'!$A8,Sector,'Summarized Source Data'!S$2,TimeOfWeek,$E8)*INDEX(About!O$79:O$82,MATCH($B8,About!$A$79:$A$82,0),1) -> 4961019 | T8: =SUMIFS(INDEX(Load,,MATCH('Summarized Source Data'!$C8,Hour,0)),Month,'Summarized Source Data'!$A8,Sector,'Summarized Source Data'!T$2,TimeOfWeek,$E8)*INDEX(About!P$79:P$82,MATCH($B8,About!$A$79:$A$82,0),1) -> 4961019 | U8: =SUMIFS(INDEX(Load,,MATCH('Summarized Source Data'!$C8,Hour,0)),Month,'Summarized Source Data'!$A8,Sector,'Summarized Source Data'!U$2,TimeOfWeek,$E8)*INDEX(About!Q$79:Q$82,MATCH($B8,About!$A$79:$A$82,0),1) -> 4961019 | V8: =SUMIFS(INDEX(Load,,MATCH('Summarized Source Data'!$C8,Hour,0)),Month,'Summarized Source Data'!$A8,Sector,'Summarized Source Data'!V$2,TimeOfWeek,$E8)*INDEX(About!R$79:R$82,MATCH($B8,About!$A$79:$A$82,0),1) -> 4961019 | W8: =SUMIFS(INDEX(Load,,MATCH('Summarized Source Data'!$C8,Hour,0)),Month,'Summarized Source Data'!$A8,Sector,'Summarized Source Data'!W$2,TimeOfWeek,$E8)*INDEX(About!S$79:S$82,MATCH($B8,About!$A$79:$A$82,0),1) -> 4961019 | X8: =SUMIFS(INDEX(Load,,MATCH('Summarized Source Data'!$C8,Hour,0)),Month,'Summarized Source Data'!$A8,Sector,'Summarized Source Data'!X$2,Subsector,'Summarized Source Data'!X$3,TimeOfWeek,$E8)*INDEX(About!T$79:T$82,MATCH($B8,About!$A$79:$A$82,0),1) -> 662000000 | Y8: =$X8 -> 662000000 | Z8: =$X8 -> 662000000
A9: =ROUNDUP(ROW(A6)/24,0) -> 1 | B9: =INDEX('Category Mapping'!$G$28:$G$39,MATCH(A9,'Category Mapping'!$A$28:$A$39,0),1) -> Winter | C9: h6 | D9: Hour5 | E9: Weekday | F9: =SUMIFS(INDEX(Load,,MATCH('Summarized Source Data'!$C9,Hour,0)),Month,'Summarized Source Data'!$A9,Sector,'Summarized Source Data'!F$2,Subsector,'Summarized Source Data'!F$3,TimeOfWeek,$E9)*INDEX(About!B$79:B$82,MATCH($B9,About!$A$79:$A$82,0),1) -> 25000000 | G9: =SUMIFS(INDEX(Load,,MATCH('Summarized Source Data'!$C9,Hour,0)),Month,'Summarized Source Data'!$A9,Sector,'Summarized Source Data'!G$2,Subsector,'Summarized Source Data'!G$3,TimeOfWeek,$E9)*INDEX(About!C$79:C$82,MATCH($B9,About!$A$79:$A$82,0),1) -> 12109 | H9: =SUMIFS(INDEX(Load,,MATCH('Summarized Source Data'!$C9,Hour,0)),Month,'Summarized Source Data'!$A9,Sector,'Summarized Source Data'!H$2,Subsector,'Summarized Source Data'!H$3,TimeOfWeek,$E9)*INDEX(About!D$79:D$82,MATCH($B9,About!$A$79:$A$82,0),1) -> 0 | I9: =SUMIFS(INDEX(Load,,MATCH('Summarized Source Data'!$C9,Hour,0)),Month,'Summarized Source Data'!$A9,Sector,'Summarized Source Data'!I$2,Subsector,'Summarized Source Data'!I$3,TimeOfWeek,$E9)*INDEX(About!E$79:E$82,MATCH($B9,About!$A$79:$A$82,0),1) -> 24200000 | J9: =K9 -> 55787891 | K9: =(SUMIFS(INDEX(Load,,MATCH('Summarized Source Data'!$C9,Hour,0)),Month,'Summarized Source Data'!$A9,Sector,'Summarized Source Data'!K$2,Subsector,"Total",TimeOfWeek,$E9)-SUM(F9:I9))*INDEX(About!G$79:G$82,MATCH($B9,About!$A$79:$A$82,0),1) -> 55787891 | L9: =SUMIFS(INDEX(Load,,MATCH('Summarized Source Data'!$C9,Hour,0)),Month,'Summarized Source Data'!$A9,Sector,'Summarized Source Data'!L$2,Subsector,'Summarized Source Data'!L$3,TimeOfWeek,$E9)*INDEX(About!H$79:H$82,MATCH($B9,About!$A$79:$A$82,0),1) -> 38800000 | M9: =SUMIFS(INDEX(Load,,MATCH('Summarized Source Data'!$C9,Hour,0)),Month,'Summarized Source Data'!$A9,Sector,'Summarized Source Data'!M$2,Subsector,'Summarized Source Data'!M$3,TimeOfWeek,$E9)*INDEX(About!I$79:I$82,MATCH($B9,About!$A$79:$A$82,0),1) -> 32984 | N9: =SUMIFS(INDEX(Load,,MATCH('Summarized Source Data'!$C9,Hour,0)),Month,'Summarized Source Data'!$A9,Sector,'Summarized Source Data'!N$2,Subsector,'Summarized Source Data'!N$3,TimeOfWeek,$E9)*INDEX(About!J$79:J$82,MATCH($B9,About!$A$79:$A$82,0),1) -> 0 | O9: =P9 -> 196167016 | P9: =(SUMIFS(INDEX(Load,,MATCH('Summarized Source Data'!$C9,Hour,0)),Month,'Summarized Source Data'!$A9,Sector,'Summarized Source Data'!P$2,Subsector,"Total",TimeOfWeek,$E9)-SUM(L9:N9)*INDEX(About!L$79:L$82,MATCH($B9,About!$A$79:$A$82,0),1)) -> 196167016 | Q9: =P9 -> 196167016 | R9: =SUMIFS(INDEX(Load,,MATCH('Summarized Source Data'!$C9,Hour,0)),Month,'Summarized Source Data'!$A9,Sector,'Summarized Source Data'!R$2,TimeOfWeek,$E9)*INDEX(About!N$79:N$82,MATCH($B9,About!$A$79:$A$82,0),1) -> 5094226 | S9: =SUMIFS(INDEX(Load,,MATCH('Summarized Source Data'!$C9,Hour,0)),Month,'Summarized Source Data'!$A9,Sector,'Summarized Source Data'!S$2,TimeOfWeek,$E9)*INDEX(About!O$79:O$82,MATCH($B9,About!$A$79:$A$82,0),1) -> 5094226 | T9: =SUMIFS(INDEX(Load,,MATCH('Summarized Source Data'!$C9,Hour,0)),Month,'Summarized Source Data'!$A9,Sector,'Summarized Source Data'!T$2,TimeOfWeek,$E9)*INDEX(About!P$79:P$82,MATCH($B9,About!$A$79:$A$82,0),1) -> 5094226 | U9: =SUMIFS(INDEX(Load,,MATCH('Summarized Source Data'!$C9,Hour,0)),Month,'Summarized Source Data'!$A9,Sector,'Summarized Source Data'!U$2,TimeOfWeek,$E9)*INDEX(About!Q$79:Q$82,MATCH($B9,About!$A$79:$A$82,0),1) -> 5094226 | V9: =SUMIFS(INDEX(Load,,MATCH('Summarized Source Data'!$C9,Hour,0)),Month,'Summarized Source Data'!$A9,Sector,'Summarized Source Data'!V$2,TimeOfWeek,$E9)*INDEX(About!R$79:R$82,MATCH($B9,About!$A$79:$A$82,0),1) -> 5094226 | W9: =SUMIFS(INDEX(Load,,MATCH('Summarized Source Data'!$C9,Hour,0)),Month,'Summarized Source Data'!$A9,Sector,'Summarized Source Data'!W$2,TimeOfWeek,$E9)*INDEX(About!S$79:S$82,MATCH($B9,About!$A$79:$A$82,0),1) -> 5094226 | X9: =SUMIFS(INDEX(Load,,MATCH('Summarized Source Data'!$C9,Hour,0)),Month,'Summarized Source Data'!$A9,Sector,'Summarized Source Data'!X$2,Subsector,'Summarized Source Data'!X$3,TimeOfWeek,$E9)*INDEX(About!T$79:T$82,MATCH($B9,About!$A$79:$A$82,0),1) -> 666000000 | Y9: =$X9 -> 666000000 | Z9: =$X9 -> 666000000
A10: =ROUNDUP(ROW(A7)/24,0) -> 1 | B10: =INDEX('Category Mapping'!$G$28:$G$39,MATCH(A10,'Category Mapping'!$A$28:$A$39,0),1) -> Winter | C10: h7 | D10: Hour6 | E10: Weekday | F10: =SUMIFS(INDEX(Load,,MATCH('Summarized Source Data'!$C10,Hour,0)),Month,'Summarized Source Data'!$A10,Sector,'Summarized Source Data'!F$2,Subsector,'Summarized Source Data'!F$3,TimeOfWeek,$E10)*INDEX(About!B$79:B$82,MATCH($B10,About!$A$79:$A$82,0),1) -> 26300000 | G10: =SUMIFS(INDEX(Load,,MATCH('Summarized Source Data'!$C10,Hour,0)),Month,'Summarized Source Data'!$A10,Sector,'Summarized Source Data'!G$2,Subsector,'Summarized Source Data'!G$3,TimeOfWeek,$E10)*INDEX(About!C$79:C$82,MATCH($B10,About!$A$79:$A$82,0),1) -> 9892 | H10: =SUMIFS(INDEX(Load,,MATCH('Summarized Source Data'!$C10,Hour,0)),Month,'Summarized Source Data'!$A10,Sector,'Summarized Source Data'!H$2,Subsector,'Summarized Source Data'!H$3,TimeOfWeek,$E10)*INDEX(About!D$79:D$82,MATCH($B10,About!$A$79:$A$82,0),1) -> 0 | I10: =SUMIFS(INDEX(Load,,MATCH('Summarized Source Data'!$C10,Hour,0)),Month,'Summarized Source Data'!$A10,Sector,'Summarized Source Data'!I$2,Subsector,'Summarized Source Data'!I$3,TimeOfWeek,$E10)*INDEX(About!E$79:E$82,MATCH($B10,About!$A$79:$A$82,0),1) -> 35300000 | J10: =K10 -> 89390108 | K10: =(SUMIFS(INDEX(Load,,MATCH('Summarized Source Data'!$C10,Hour,0)),Month,'Summarized Source Data'!$A10,Sector,'Summarized Source Data'!K$2,Subsector,"Total",TimeOfWeek,$E10)-SUM(F10:I10))*INDEX(About!G$79:G$82,MATCH($B10,About!$A$79:$A$82,0),1) -> 89390108 | L10: =SUMIFS(INDEX(Load,,MATCH('Summarized Source Data'!$C10,Hour,0)),Month,'Summarized Source Data'!$A10,Sector,'Summarized Source Data'!L$2,Subsector,'Summarized Source Data'!L$3,TimeOfWeek,$E10)*INDEX(About!H$79:H$82,MATCH($B10,About!$A$79:$A$82,0),1) -> 56400000 | M10: =SUMIFS(INDEX(Load,,MATCH('Summarized Source Data'!$C10,Hour,0)),Month,'Summarized Source Data'!$A10,Sector,'Summarized Source Data'!M$2,Subsector,'Summarized Source Data'!M$3,TimeOfWeek,$E10)*INDEX(About!I$79:I$82,MATCH($B10,About!$A$79:$A$82,0),1) -> 36559 | N10: =SUMIFS(INDEX(Load,,MATCH('Summarized Source Data'!$C10,Hour,0)),Month,'Summarized Source Data'!$A10,Sector,'Summarized Source Data'!N$2,Subsector,'Summarized Source Data'!N$3,TimeOfWeek,$E10)*INDEX(About!J$79:J$82,MATCH($B10,About!$A$79:$A$82,0),1) -> 0 | O10: =P10 -> 295563441 | P10: =(SUMIFS(INDEX(Load,,MATCH('Summarized Source Data'!$C10,Hour,0)),Month,'Summarized Source Data'!$A10,Sector,'Summarized Source Data'!P$2,Subsector,"Total",TimeOfWeek,$E10)-SUM(L10:N10)*INDEX(About!L$79:L$82,MATCH($B10,About!$A$79:$A$82,0),1)) -> 295563441 | Q10: =P10 -> 295563441 | R10: =SUMIFS(INDEX(Load,,MATCH('Summarized Source Data'!$C10,Hour,0)),Month,'Summarized Source Data'!$A10,Sector,'Summarized Source Data'!R$2,TimeOfWeek,$E10)*INDEX(About!N$79:N$82,MATCH($B10,About!$A$79:$A$82,0),1) -> 7632037 | S10: =SUMIFS(INDEX(Load,,MATCH('Summarized Source Data'!$C10,Hour,0)),Month,'Summarized Source Data'!$A10,Sector,'Summarized Source Data'!S$2,TimeOfWeek,$E10)*INDEX(About!O$79:O$82,MATCH($B10,About!$A$79:$A$82,0),1) -> 7632037 | T10: =SUMIFS(INDEX(Load,,MATCH('Summarized Source Data'!$C10,Hour,0)),Month,'Summarized Source Data'!$A10,Sector,'Summarized Source Data'!T$2,TimeOfWeek,$E10)*INDEX(About!P$79:P$82,MATCH($B10,About!$A$79:$A$82,0),1) -> 7632037 | U10: =SUMIFS(INDEX(Load,,MATCH('Summarized Source Data'!$C10,Hour,0)),Month,'Summarized Source Data'!$A10,Sector,'Summarized Source Data'!U$2,TimeOfWeek,$E10)*INDEX(About!Q$79:Q$82,MATCH($B10,About!$A$79:$A$82,0),1) -> 7632037 | V10: =SUMIFS(INDEX(Load,,MATCH('Summarized Source Data'!$C10,Hour,0)),Month,'Summarized Source Data'!$A10,Sector,'Summarized Source Data'!V$2,TimeOfWeek,$E10)*INDEX(About!R$79:R$82,MATCH($B10,About!$A$79:$A$82,0),1) -> 7632037 | W10: =SUMIFS(INDEX(Load,,MATCH('Summarized Source Data'!$C10,Hour,0)),Month,'Summarized Source Data'!$A10,Sector,'Summarized Source Data'!W$2,TimeOfWeek,$E10)*INDEX(About!S$79:S$82,MATCH($B10,About!$A$79:$A$82,0),1) -> 7632037 | X10: =SUMIFS(INDEX(Load,,MATCH('Summarized Source Data'!$C10,Hour,0)),Month,'Summarized Source Data'!$A10,Sector,'Summarized Source Data'!X$2,Subsector,'Summarized Source Data'!X$3,TimeOfWeek,$E10)*INDEX(About!T$79:T$82,MATCH($B10,About!$A$79:$A$82,0),1) -> 674000000 | Y10: =$X10 -> 674000000 | Z10: =$X10 -> 674000000
A11: =ROUNDUP(ROW(A8)/24,0) -> 1 | B11: =INDEX('Category Mapping'!$G$28:$G$39,MATCH(A11,'Category Mapping'!$A$28:$A$39,0),1) -> Winter | C11: h8 | D11: Hour7 | E11: Weekday | F11: =SUMIFS(INDEX(Load,,MATCH('Summarized Source Data'!$C11,Hour,0)),Month,'Summarized Source Data'!$A11,Sector,'Summarized Source Data'!F$2,Subsector,'Summarized Source Data'!F$3,TimeOfWeek,$E11)*INDEX(About!B$79:B$82,MATCH($B11,About!$A$79:$A$82,0),1) -> 25600000 | G11: =SUMIFS(INDEX(Load,,MATCH('Summarized Source Data'!$C11,Hour,0)),Month,'Summarized Source Data'!$A11,Sector,'Summarized Source Data'!G$2,Subsector,'Summarized Source Data'!G$3,TimeOfWeek,$E11)*INDEX(About!C$79:C$82,MATCH($B11,About!$A$79:$A$82,0),1) -> 7424 | H11: =SUMIFS(INDEX(Load,,MATCH('Summarized Source Data'!$C11,Hour,0)),Month,'Summarized Source Data'!$A11,Sector,'Summarized Source Data'!H$2,Subsector,'Summarized Source Data'!H$3,TimeOfWeek,$E11)*INDEX(About!D$79:D$82,MATCH($B11,About!$A$79:$A$82,0),1) -> 0 | I11: =SUMIFS(INDEX(Load,,MATCH('Summarized Source Data'!$C11,Hour,0)),Month,'Summarized Source Data'!$A11,Sector,'Summarized Source Data'!I$2,Subsector,'Summarized Source Data'!I$3,TimeOfWeek,$E11)*INDEX(About!E$79:E$82,MATCH($B11,About!$A$79:$A$82,0),1) -> 33200000 | J11: =K11 -> 114192576 | K11: =(SUMIFS(INDEX(Load,,MATCH('Summarized Source Data'!$C11,Hour,0)),Month,'Summarized Source Data'!$A11,Sector,'Summarized Source Data'!K$2,Subsector,"Total",TimeOfWeek,$E11)-SUM(F11:I11))*INDEX(About!G$79:G$82,MATCH($B11,About!$A$79:$A$82,0),1) -> 114192576 | L11: =SUMIFS(INDEX(Load,,MATCH('Summarized Source Data'!$C11,Hour,0)),Month,'Summarized Source Data'!$A11,Sector,'Summarized Source Data'!L$2,Subsector,'Summarized Source Data'!L$3,TimeOfWeek,$E11)*INDEX(About!H$79:H$82,MATCH($B11,About!$A$79:$A$82,0),1) -> 120000000 | M11: =SUMIFS(INDEX(Load,,MATCH('Summarized Source Data'!$C11,Hour,0)),Month,'Summarized Source Data'!$A11,Sector,'Summarized Source Data'!M$2,Subsector,'Summarized Source Data'!M$3,TimeOfWeek,$E11)*INDEX(About!I$79:I$82,MATCH($B11,About!$A$79:$A$82,0),1) -> 43614 | N11: =SUMIFS(INDEX(Load,,MATCH('Summarized Source Data'!$C11,Hour,0)),Month,'Summarized Source Data'!$A11,Sector,'Summarized Source Data'!N$2,Subsector,'Summarized Source Data'!N$3,TimeOfWeek,$E11)*INDEX(About!J$79:J$82,MATCH($B11,About!$A$79:$A$82,0),1) -> 0 | O11: =P11 -> 406956386 | P11: =(SUMIFS(INDEX(Load,,MATCH('Summarized Source Data'!$C11,Hour,0)),Month,'Summarized Source Data'!$A11,Sector,'Summarized Source Data'!P$2,Subsector,"Total",TimeOfWeek,$E11)-SUM(L11:N11)*INDEX(About!L$79:L$82,MATCH($B11,About!$A$79:$A$82,0),1)) -> 406956386 | Q11: =P11 -> 406956386 | R11: =SUMIFS(INDEX(Load,,MATCH('Summarized Source Data'!$C11,Hour,0)),Month,'Summarized Source Data'!$A11,Sector,'Summarized Source Data'!R$2,TimeOfWeek,$E11)*INDEX(About!N$79:N$82,MATCH($B11,About!$A$79:$A$82,0),1) -> 16000000 | S11: =SUMIFS(INDEX(Load,,MATCH('Summarized Source Data'!$C11,Hour,0)),Month,'Summarized Source Data'!$A11,Sector,'Summarized Source Data'!S$2,TimeOfWeek,$E11)*INDEX(About!O$79:O$82,MATCH($B11,About!$A$79:$A$82,0),1) -> 16000000 | T11: =SUMIFS(INDEX(Load,,MATCH('Summarized Source Data'!$C11,Hour,0)),Month,'Summarized Source Data'!$A11,Sector,'Summarized Source Data'!T$2,TimeOfWeek,$E11)*INDEX(About!P$79:P$82,MATCH($B11,About!$A$79:$A$82,0),1) -> 16000000 | U11: =SUMIFS(INDEX(Load,,MATCH('Summarized Source Data'!$C11,Hour,0)),Month,'Summarized Source Data'!$A11,Sector,'Summarized Source Data'!U$2,TimeOfWeek,$E11)*INDEX(About!Q$79:Q$82,MATCH($B11,About!$A$79:$A$82,0),1) -> 16000000 | V11: =SUMIFS(INDEX(Load,,MATCH('Summarized Source Data'!$C11,Hour,0)),Month,'Summarized Source Data'!$A11,Sector,'Summarized Source Data'!V$2,TimeOfWeek,$E11)*INDEX(About!R$79:R$82,MATCH($B11,About!$A$79:$A$82,0),1) -> 16000000 | W11: =SUMIFS(INDEX(Load,,MATCH('Summarized Source Data'!$C11,Hour,0)),Month,'Summarized Source Data'!$A11,Sector,'Summarized Source Data'!W$2,TimeOfWeek,$E11)*INDEX(About!S$79:S$82,MATCH($B11,About!$A$79:$A$82,0),1) -> 16000000 | X11: =SUMIFS(INDEX(Load,,MATCH('Summarized Source Data'!$C11,Hour,0)),Month,'Summarized Source Data'!$A11,Sector,'Summarized Source Data'!X$2,Subsector,'Summarized Source Data'!X$3,TimeOfWeek,$E11)*INDEX(About!T$79:T$82,MATCH($B11,About!$A$79:$A$82,0),1) -> 681000000 | Y11: =$X11 -> 681000000 | Z11: =$X11 -> 681000000
A12: =ROUNDUP(ROW(A9)/24,0) -> 1 | B12: =INDEX('Category Mapping'!$G$28:$G$39,MATCH(A12,'Category Mapping'!$A$28:$A$39,0),1) -> Winter | C12: h9 | D12: Hour8 | E12: Weekday | F12: =SUMIFS(INDEX(Load,,MATCH('Summarized Source Data'!$C12,Hour,0)),Month,'Summarized Source Data'!$A12,Sector,'Summarized Source Data'!F$2,Subsector,'Summarized Source Data'!F$3,TimeOfWeek,$E12)*INDEX(About!B$79:B$82,MATCH($B12,About!$A$79:$A$82,0),1) -> 24600000 | G12: =SUMIFS(INDEX(Load,,MATCH('Summarized Source Data'!$C12,Hour,0)),Month,'Summarized Source Data'!$A12,Sector,'Summarized Source Data'!G$2,Subsector,'Summarized Source Data'!G$3,TimeOfWeek,$E12)*INDEX(About!C$79:C$82,MATCH($B12,About!$A$79:$A$82,0),1) -> 5999 | H12: =SUMIFS(INDEX(Load,,MATCH('Summarized Source Data'!$C12,Hour,0)),Month,'Summarized Source Data'!$A12,Sector,'Summarized Source Data'!H$2,Subsector,'Summarized Source Data'!H$3,TimeOfWeek,$E12)*INDEX(About!D$79:D$82,MATCH($B12,About!$A$79:$A$82,0),1) -> 0 | I12: =SUMIFS(INDEX(Load,,MATCH('Summarized Source Data'!$C12,Hour,0)),Month,'Summarized Source Data'!$A12,Sector,'Summarized Source Data'!I$2,Subsector,'Summarized Source Data'!I$3,TimeOfWeek,$E12)*INDEX(About!E$79:E$82,MATCH($B12,About!$A$79:$A$82,0),1) -> 10700000 | J12: =K12 -> 113694001 | K12: =(SUMIFS(INDEX(Load,,MATCH('Summarized Source Data'!$C12,Hour,0)),Month,'Summarized Source Data'!$A12,Sector,'Summarized Source Data'!K$2,Subsector,"Total",TimeOfWeek,$E12)-SUM(F12:I12))*INDEX(About!G$79:G$82,MATCH($B12,About!$A$79:$A$82,0),1) -> 113694001 | L12: =SUMIFS(INDEX(Load,,MATCH('Summarized Source Data'!$C12,Hour,0)),Month,'Summarized Source Data'!$A12,Sector,'Summarized Source Data'!L$2,Subsector,'Summarized Source Data'!L$3,TimeOfWeek,$E12)*INDEX(About!H$79:H$82,MATCH($B12,About!$A$79:$A$82,0),1) -> 127000000 | M12: =SUMIFS(INDEX(Load,,MATCH('Summarized Source Data'!$C12,Hour,0)),Month,'Summarized Source Data'!$A12,Sector,'Summarized Source Data'!M$2,Subsector,'Summarized Source Data'!M$3,TimeOfWeek,$E12)*INDEX(About!I$79:I$82,MATCH($B12,About!$A$79:$A$82,0),1) -> 53983 | N12: =SUMIFS(INDEX(Load,,MATCH('Summarized Source Data'!$C12,Hour,0)),Month,'Summarized Source Data'!$A12,Sector,'Summarized Source Data'!N$2,Subsector,'Summarized Source Data'!N$3,TimeOfWeek,$E12)*INDEX(About!J$79:J$82,MATCH($B12,About!$A$79:$A$82,0),1) -> 0 | O12: =P12 -> 503946017 | P12: =(SUMIFS(INDEX(Load,,MATCH('Summarized Source Data'!$C12,Hour,0)),Month,'Summarized Source Data'!$A12,Sector,'Summarized Source Data'!P$2,Subsector,"Total",TimeOfWeek,$E12)-SUM(L12:N12)*INDEX(About!L$79:L$82,MATCH($B12,About!$A$79:$A$82,0),1)) -> 503946017 | Q12: =P12 -> 503946017 | R12: =SUMIFS(INDEX(Load,,MATCH('Summarized Source Data'!$C12,Hour,0)),Month,'Summarized Source Data'!$A12,Sector,'Summarized Source Data'!R$2,TimeOfWeek,$E12)*INDEX(About!N$79:N$82,MATCH($B12,About!$A$79:$A$82,0),1) -> 17400000 | S12: =SUMIFS(INDEX(Load,,MATCH('Summarized Source Data'!$C12,Hour,0)),Month,'Summarized Source Data'!$A12,Sector,'Summarized Source Data'!S$2,TimeOfWeek,$E12)*INDEX(About!O$79:O$82,MATCH($B12,About!$A$79:$A$82,0),1) -> 17400000 | T12: =SUMIFS(INDEX(Load,,MATCH('Summarized Source Data'!$C12,Hour,0)),Month,'Summarized Source Data'!$A12,Sector,'Summarized Source Data'!T$2,TimeOfWeek,$E12)*INDEX(About!P$79:P$82,MATCH($B12,About!$A$79:$A$82,0),1) -> 17400000 | U12: =SUMIFS(INDEX(Load,,MATCH('Summarized Source Data'!$C12,Hour,0)),Month,'Summarized Source Data'!$A12,Sector,'Summarized Source Data'!U$2,TimeOfWeek,$E12)*INDEX(About!Q$79:Q$82,MATCH($B12,About!$A$79:$A$82,0),1) -> 17400000 | V12: =SUMIFS(INDEX(Load,,MATCH('Summarized Source Data'!$C12,Hour,0)),Month,'Summarized Source Data'!$A12,Sector,'Summarized Source Data'!V$2,TimeOfWeek,$E12)*INDEX(About!R$79:R$82,MATCH($B12,About!$A$79:$A$82,0),1) -> 17400000 | W12: =SUMIFS(INDEX(Load,,MATCH('Summarized Source Data'!$C12,Hour,0)),Month,'Summarized Source Data'!$A12,Sector,'Summarized Source Data'!W$2,TimeOfWeek,$E12)*INDEX(About!S$79:S$82,MATCH($B12,About!$A$79:$A$82,0),1) -> 17400000 | X12: =SUMIFS(INDEX(Load,,MATCH('Summarized Source Data'!$C12,Hour,0)),Month,'Summarized Source Data'!$A12,Sector,'Summarized Source Data'!X$2,Subsector,'Summarized Source Data'!X$3,TimeOfWeek,$E12)*INDEX(About!T$79:T$82,MATCH($B12,About!$A$79:$A$82,0),1) -> 683000000 | Y12: =$X12 -> 683000000 | Z12: =$X12 -> 683000000
A13: =ROUNDUP(ROW(A10)/24,0) -> 1 | B13: =INDEX('Category Mapping'!$G$28:$G$39,MATCH(A13,'Category Mapping'!$A$28:$A$39,0),1) -> Winter | C13: h10 | D13: Hour9 | E13: Weekday | F13: =SUMIFS(INDEX(Load,,MATCH('Summarized Source Data'!$C13,Hour,0)),Month,'Summarized Source Data'!$A13,Sector,'Summarized Source Data'!F$2,Subsector,'Summarized Source Data'!F$3,TimeOfWeek,$E13)*INDEX(About!B$79:B$82,MATCH($B13,About!$A$79:$A$82,0),1) -> 18400000 | G13: =SUMIFS(INDEX(Load,,MATCH('Summarized Source Data'!$C13,Hour,0)),Month,'Summarized Source Data'!$A13,Sector,'Summarized Source Data'!G$2,Subsector,'Summarized Source Data'!G$3,TimeOfWeek,$E13)*INDEX(About!C$79:C$82,MATCH($B13,About!$A$79:$A$82,0),1) -> 5187 | H13: =SUMIFS(INDEX(Load,,MATCH('Summarized Source Data'!$C13,Hour,0)),Month,'Summarized Source Data'!$A13,Sector,'Summarized Source Data'!H$2,Subsector,'Summarized Source Data'!H$3,TimeOfWeek,$E13)*INDEX(About!D$79:D$82,MATCH($B13,About!$A$79:$A$82,0),1) -> 0 | I13: =SUMIFS(INDEX(Load,,MATCH('Summarized Source Data'!$C13,Hour,0)),Month,'Summarized Source Data'!$A13,Sector,'Summarized Source Data'!I$2,Subsector,'Summarized Source Data'!I$3,TimeOfWeek,$E13)*INDEX(About!E$79:E$82,MATCH($B13,About!$A$79:$A$82,0),1) -> 10300000 | J13: =K13 -> 113294813 | K13: =(SUMIFS(INDEX(Load,,MATCH('Summarized Source Data'!$C13,Hour,0)),Month,'Summarized Source Data'!$A13,Sector,'Summarized Source Data'!K$2,Subsector,"Total",TimeOfWeek,$E13)-SUM(F13:I13))*INDEX(About!G$79:G$82,MATCH($B13,About!$A$79:$A$82,0),1) -> 113294813 | L13: =SUMIFS(INDEX(Load,,MATCH('Summarized Source Data'!$C13,Hour,0)),Month,'Summarized Source Data'!$A13,Sector,'Summarized Source Data'!L$2,Subsector,'Summarized Source Data'!L$3,TimeOfWeek,$E13)*INDEX(About!H$79:H$82,MATCH($B13,About!$A$79:$A$82,0),1) -> 91800000 | M13: =SUMIFS(INDEX(Load,,MATCH('Summarized Source Data'!$C13,Hour,0)),Month,'Summarized Source Data'!$A13,Sector,'Summarized Source Data'!M$2,Subsector,'Summarized Source Data'!M$3,TimeOfWeek,$E13)*INDEX(About!I$79:I$82,MATCH($B13,About!$A$79:$A$82,0),1) -> 60605 | N13: =SUMIFS(INDEX(Load,,MATCH('Summarized Source Data'!$C13,Hour,0)),Month,'Summarized Source Data'!$A13,Sector,'Summarized Source Data'!N$2,Subsector,'Summarized Source Data'!N$3,TimeOfWeek,$E13)*INDEX(About!J$79:J$82,MATCH($B13,About!$A$79:$A$82,0),1) -> 0 | O13: =P13 -> 529139395 | P13: =(SUMIFS(INDEX(Load,,MATCH('Summarized Source Data'!$C13,Hour,0)),Month,'Summarized Source Data'!$A13,Sector,'Summarized Source Data'!P$2,Subsector,"Total",TimeOfWeek,$E13)-SUM(L13:N13)*INDEX(About!L$79:L$82,MATCH($B13,About!$A$79:$A$82,0),1)) -> 529139395 | Q13: =P13 -> 529139395 | R13: =SUMIFS(INDEX(Load,,MATCH('Summarized Source Data'!$C13,Hour,0)),Month,'Summarized Source Data'!$A13,Sector,'Summarized Source Data'!R$2,TimeOfWeek,$E13)*INDEX(About!N$79:N$82,MATCH($B13,About!$A$79:$A$82,0),1) -> 15400000 | S13: =SUMIFS(INDEX(Load,,MATCH('Summarized Source Data'!$C13,Hour,0)),Month,'Summarized Source Data'!$A13,Sector,'Summarized Source Data'!S$2,TimeOfWeek,$E13)*INDEX(About!O$79:O$82,MATCH($B13,About!$A$79:$A$82,0),1) -> 15400000 | T13: =SUMIFS(INDEX(Load,,MATCH('Summarized Source Data'!$C13,Hour,0)),Month,'Summarized Source Data'!$A13,Sector,'Summarized Source Data'!T$2,TimeOfWeek,$E13)*INDEX(About!P$79:P$82,MATCH($B13,About!$A$79:$A$82,0),1) -> 15400000 | U13: =SUMIFS(INDEX(Load,,MATCH('Summarized Source Data'!$C13,Hour,0)),Month,'Summarized Source Data'!$A13,Sector,'Summarized Source Data'!U$2,TimeOfWeek,$E13)*INDEX(About!Q$79:Q$82,MATCH($B13,About!$A$79:$A$82,0),1) -> 15400000 | V13: =SUMIFS(INDEX(Load,,MATCH('Summarized Source Data'!$C13,Hour,0)),Month,'Summarized Source Data'!$A13,Sector,'Summarized Source Data'!V$2,TimeOfWeek,$E13)*INDEX(About!R$79:R$82,MATCH($B13,About!$A$79:$A$82,0),1) -> 15400000 | W13: =SUMIFS(INDEX(Load,,MATCH('Summarized Source Data'!$C13,Hour,0)),Month,'Summarized Source Data'!$A13,Sector,'Summarized Source Data'!W$2,TimeOfWeek,$E13)*INDEX(About!S$79:S$82,MATCH($B13,About!$A$79:$A$82,0),1) -> 15400000 | X13: =SUMIFS(INDEX(Load,,MATCH('Summarized Source Data'!$C13,Hour,0)),Month,'Summarized Source Data'!$A13,Sector,'Summarized Source Data'!X$2,Subsector,'Summarized Source Data'!X$3,TimeOfWeek,$E13)*INDEX(About!T$79:T$82,MATCH($B13,About!$A$79:$A$82,0),1) -> 682000000 | Y13: =$X13 -> 682000000 | Z13: =$X13 -> 682000000
A14: =ROUNDUP(ROW(A11)/24,0) -> 1 | B14: =INDEX('Category Mapping'!$G$28:$G$39,MATCH(A14,'Category Mapping'!$A$28:$A$39,0),1) -> Winter | C14: h11 | D14: Hour10 | E14: Weekday | F14: =SUMIFS(INDEX(Load,,MATCH('Summarized Source Data'!$C14,Hour,0)),Month,'Summarized Source Data'!$A14,Sector,'Summarized Source Data'!F$2,Subsector,'Summarized Source Data'!F$3,TimeOfWeek,$E14)*INDEX(About!B$79:B$82,MATCH($B14,About!$A$79:$A$82,0),1) -> 17700000 | G14: =SUMIFS(INDEX(Load,,MATCH('Summarized Source Data'!$C14,Hour,0)),Month,'Summarized Source Data'!$A14,Sector,'Summarized Source Data'!G$2,Subsector,'Summarized Source Data'!G$3,TimeOfWeek,$E14)*INDEX(About!C$79:C$82,MATCH($B14,About!$A$79:$A$82,0),1) -> 5125 | H14: =SUMIFS(INDEX(Load,,MATCH('Summarized Source Data'!$C14,Hour,0)),Month,'Summarized Source Data'!$A14,Sector,'Summarized Source Data'!H$2,Subsector,'Summarized Source Data'!H$3,TimeOfWeek,$E14)*INDEX(About!D$79:D$82,MATCH($B14,About!$A$79:$A$82,0),1) -> 0 | I14: =SUMIFS(INDEX(Load,,MATCH('Summarized Source Data'!$C14,Hour,0)),Month,'Summarized Source Data'!$A14,Sector,'Summarized Source Data'!I$2,Subsector,'Summarized Source Data'!I$3,TimeOfWeek,$E14)*INDEX(About!E$79:E$82,MATCH($B14,About!$A$79:$A$82,0),1) -> 10500000 | J14: =K14 -> 111794875 | K14: =(SUMIFS(INDEX(Load,,MATCH('Summarized Source Data'!$C14,Hour,0)),Month,'Summarized Source Data'!$A14,Sector,'Summarized Source Data'!K$2,Subsector,"Total",TimeOfWeek,$E14)-SUM(F14:I14))*INDEX(About!G$79:G$82,MATCH($B14,About!$A$79:$A$82,0),1) -> 111794875 | L14: =SUMIFS(INDEX(Load,,MATCH('Summarized Source Data'!$C14,Hour,0)),Month,'Summarized Source Data'!$A14,Sector,'Summarized Source Data'!L$2,Subsector,'Summarized Source Data'!L$3,TimeOfWeek,$E14)*INDEX(About!H$79:H$82,MATCH($B14,About!$A$79:$A$82,0),1) -> 76800000 | M14: =SUMIFS(INDEX(Load,,MATCH('Summarized Source Data'!$C14,Hour,0)),Month,'Summarized Source Data'!$A14,Sector,'Summarized Source Data'!M$2,Subsector,'Summarized Source Data'!M$3,TimeOfWeek,$E14)*INDEX(About!I$79:I$82,MATCH($B14,About!$A$79:$A$82,0),1) -> 64047 | N14: =SUMIFS(INDEX(Load,,MATCH('Summarized Source Data'!$C14,Hour,0)),Month,'Summarized Source Data'!$A14,Sector,'Summarized Source Data'!N$2,Subsector,'Summarized Source Data'!N$3,TimeOfWeek,$E14)*INDEX(About!J$79:J$82,MATCH($B14,About!$A$79:$A$82,0),1) -> 0 | O14: =P14 -> 526135953 | P14: =(SUMIFS(INDEX(Load,,MATCH('Summarized Source Data'!$C14,Hour,0)),Month,'Summarized Source Data'!$A14,Sector,'Summarized Source Data'!P$2,Subsector,"Total",TimeOfWeek,$E14)-SUM(L14:N14)*INDEX(About!L$79:L$82,MATCH($B14,About!$A$79:$A$82,0),1)) -> 526135953 | Q14: =P14 -> 526135953 | R14: =SUMIFS(INDEX(Load,,MATCH('Summarized Source Data'!$C14,Hour,0)),Month,'Summarized Source Data'!$A14,Sector,'Summarized Source Data'!R$2,TimeOfWeek,$E14)*INDEX(About!N$79:N$82,MATCH($B14,About!$A$79:$A$82,0),1) -> 12400000 | S14: =SUMIFS(INDEX(Load,,MATCH('Summarized Source Data'!$C14,Hour,0)),Month,'Summarized Source Data'!$A14,Sector,'Summarized Source Data'!S$2,TimeOfWeek,$E14)*INDEX(About!O$79:O$82,MATCH($B14,About!$A$79:$A$82,0),1) -> 12400000 | T14: =SUMIFS(INDEX(Load,,MATCH('Summarized Source Data'!$C14,Hour,0)),Month,'Summarized Source Data'!$A14,Sector,'Summarized Source Data'!T$2,TimeOfWeek,$E14)*INDEX(About!P$79:P$82,MATCH($B14,About!$A$79:$A$82,0),1) -> 12400000 | U14: =SUMIFS(INDEX(Load,,MATCH('Summarized Source Data'!$C14,Hour,0)),Month,'Summarized Source Data'!$A14,Sector,'Summarized Source Data'!U$2,TimeOfWeek,$E14)*INDEX(About!Q$79:Q$82,MATCH($B14,About!$A$79:$A$82,0),1) -> 12400000 | V14: =SUMIFS(INDEX(Load,,MATCH('Summarized Source Data'!$C14,Hour,0)),Month,'Summarized Source Data'!$A14,Sector,'Summarized Source Data'!V$2,TimeOfWeek,$E14)*INDEX(About!R$79:R$82,MATCH($B14,About!$A$79:$A$82,0),1) -> 12400000 | W14: =SUMIFS(INDEX(Load,,MATCH('Summarized Source Data'!$C14,Hour,0)),Month,'Summarized Source Data'!$A14,Sector,'Summarized Source Data'!W$2,TimeOfWeek,$E14)*INDEX(About!S$79:S$82,MATCH($B14,About!$A$79:$A$82,0),1) -> 12400000 | X14: =SUMIFS(INDEX(Load,,MATCH('Summarized Source Data'!$C14,Hour,0)),Month,'Summarized Source Data'!$A14,Sector,'Summarized Source Data'!X$2,Subsector,'Summarized Source Data'!X$3,TimeOfWeek,$E14)*INDEX(About!T$79:T$82,MATCH($B14,About!$A$79:$A$82,0),1) -> 679000000 | Y14: =$X14 -> 679000000 | Z14: =$X14 -> 679000000
A15: =ROUNDUP(ROW(A12)/24,0) -> 1 | B15: =INDEX('Category Mapping'!$G$28:$G$39,MATCH(A15,'Category Mapping'!$A$28:$A$39,0),1) -> Winter | C15: h12 | D15: Hour11 | E15: Weekday | F15: =SUMIFS(INDEX(Load,,MATCH('Summarized Source Data'!$C15,Hour,0)),Month,'Summarized Source Data'!$A15,Sector,'Summarized Source Data'!F$2,Subsector,'Summarized Source Data'!F$3,TimeOfWeek,$E15)*INDEX(About!B$79:B$82,MATCH($B15,About!$A$79:$A$82,0),1) -> 17600000 | G15: =SUMIFS(INDEX(Load,,MATCH('Summarized Source Data'!$C15,Hour,0)),Month,'Summarized Source Data'!$A15,Sector,'Summarized Source Data'!G$2,Subsector,'Summarized Source Data'!G$3,TimeOfWeek,$E15)*INDEX(About!C$79:C$82,MATCH($B15,About!$A$79:$A$82,0),1) -> 5732 | H15: =SUMIFS(INDEX(Load,,MATCH('Summarized Source Data'!$C15,Hour,0)),Month,'Summarized Source Data'!$A15,Sector,'Summarized Source Data'!H$2,Subsector,'Summarized Source Data'!H$3,TimeOfWeek,$E15)*INDEX(About!D$79:D$82,MATCH($B15,About!$A$79:$A$82,0),1) -> 0 | I15: =SUMIFS(INDEX(Load,,MATCH('Summarized Source Data'!$C15,Hour,0)),Month,'Summarized Source Data'!$A15,Sector,'Summarized Source Data'!I$2,Subsector,'Summarized Source Data'!I$3,TimeOfWeek,$E15)*INDEX(About!E$79:E$82,MATCH($B15,About!$A$79:$A$82,0),1) -> 11500000 | J15: =K15 -> 111894268 | K15: =(SUMIFS(INDEX(Load,,MATCH('Summarized Source Data'!$C15,Hour,0)),Month,'Summarized Source Data'!$A15,Sector,'Summarized Source Data'!K$2,Subsector,"Total",TimeOfWeek,$E15)-SUM(F15:I15))*INDEX(About!G$79:G$82,MATCH($B15,About!$A$79:$A$82,0),1) -> 111894268 | L15: =SUMIFS(INDEX(Load,,MATCH('Summarized Source Data'!$C15,Hour,0)),Month,'Summarized Source Data'!$A15,Sector,'Summarized Source Data'!L$2,Subsector,'Summarized Source Data'!L$3,TimeOfWeek,$E15)*INDEX(About!H$79:H$82,MATCH($B15,About!$A$79:$A$82,0),1) -> 67500000 | M15: =SUMIFS(INDEX(Load,,MATCH('Summarized Source Data'!$C15,Hour,0)),Month,'Summarized Source Data'!$A15,Sector,'Summarized Source Data'!M$2,Subsector,'Summarized Source Data'!M$3,TimeOfWeek,$E15)*INDEX(About!I$79:I$82,MATCH($B15,About!$A$79:$A$82,0),1) -> 64853 | N15: =SUMIFS(INDEX(Load,,MATCH('Summarized Source Data'!$C15,Hour,0)),Month,'Summarized Source Data'!$A15,Sector,'Summarized Source Data'!N$2,Subsector,'Summarized Source Data'!N$3,TimeOfWeek,$E15)*INDEX(About!J$79:J$82,MATCH($B15,About!$A$79:$A$82,0),1) -> 0 | O15: =P15 -> 524435147 | P15: =(SUMIFS(INDEX(Load,,MATCH('Summarized Source Data'!$C15,Hour,0)),Month,'Summarized Source Data'!$A15,Sector,'Summarized Source Data'!P$2,Subsector,"Total",TimeOfWeek,$E15)-SUM(L15:N15)*INDEX(About!L$79:L$82,MATCH($B15,About!$A$79:$A$82,0),1)) -> 524435147 | Q15: =P15 -> 524435147 | R15: =SUMIFS(INDEX(Load,,MATCH('Summarized Source Data'!$C15,Hour,0)),Month,'Summarized Source Data'!$A15,Sector,'Summarized Source Data'!R$2,TimeOfWeek,$E15)*INDEX(About!N$79:N$82,MATCH($B15,About!$A$79:$A$82,0),1) -> 12500000 | S15: =SUMIFS(INDEX(Load,,MATCH('Summarized Source Data'!$C15,Hour,0)),Month,'Summarized Source Data'!$A15,Sector,'Summarized Source Data'!S$2,TimeOfWeek,$E15)*INDEX(About!O$79:O$82,MATCH($B15,About!$A$79:$A$82,0),1) -> 12500000 | T15: =SUMIFS(INDEX(Load,,MATCH('Summarized Source Data'!$C15,Hour,0)),Month,'Summarized Source Data'!$A15,Sector,'Summarized Source Data'!T$2,TimeOfWeek,$E15)*INDEX(About!P$79:P$82,MATCH($B15,About!$A$79:$A$82,0),1) -> 12500000 | U15: =SUMIFS(INDEX(Load,,MATCH('Summarized Source Data'!$C15,Hour,0)),Month,'Summarized Source Data'!$A15,Sector,'Summarized Source Data'!U$2,TimeOfWeek,$E15)*INDEX(About!Q$79:Q$82,MATCH($B15,About!$A$79:$A$82,0),1) -> 12500000 | V15: =SUMIFS(INDEX(Load,,MATCH('Summarized Source Data'!$C15,Hour,0)),Month,'Summarized Source Data'!$A15,Sector,'Summarized Source Data'!V$2,TimeOfWeek,$E15)*INDEX(About!R$79:R$82,MATCH($B15,About!$A$79:$A$82,0),1) -> 12500000 | W15: =SUMIFS(INDEX(Load,,MATCH('Summarized Source Data'!$C15,Hour,0)),Month,'Summarized Source Data'!$A15,Sector,'Summarized Source Data'!W$2,TimeOfWeek,$E15)*INDEX(About!S$79:S$82,MATCH($B15,About!$A$79:$A$82,0),1) -> 12500000 | X15: =SUMIFS(INDEX(Load,,MATCH('Summarized Source Data'!$C15,Hour,0)),Month,'Summarized Source Data'!$A15,Sector,'Summarized Source Data'!X$2,Subsector,'Summarized Source Data'!X$3,TimeOfWeek,$E15)*INDEX(About!T$79:T$82,MATCH($B15,About!$A$79:$A$82,0),1) -> 677000000 | Y15: =$X15 -> 677000000 | Z15: =$X15 -> 677000000
... A291: =ROUNDUP(ROW(A288)/24,0) -> 12 | B291: =INDEX('Category Mapping'!$G$28:$G$39,MATCH(A291,'Category Mapping'!$A$28:$A$39,0),1) -> Winter | C291: h24 | D291: Hour23 | E291: Weekday | F291: =SUMIFS(INDEX(Load,,MATCH('Summarized Source Data'!$C291,Hour,0)),Month,'Summarized Source Data'!$A291,Sector,'Summarized Source Data'!F$2,Subsector,'Summarized Source Data'!F$3,TimeOfWeek,$E291)*INDEX(About!B$79:B$82,MATCH($B291,About!$A$79:$A$82,0),1) -> 17000000 | G291: =SUMIFS(INDEX(Load,,MATCH('Summarized Source Data'!$C291,Hour,0)),Month,'Summarized Source Data'!$A291,Sector,'Summarized Source Data'!G$2,Subsector,'Summarized Source Data'!G$3,TimeOfWeek,$E291)*INDEX(About!C$79:C$82,MATCH($B291,About!$A$79:$A$82,0),1) -> 17817 | H291: =SUMIFS(INDEX(Load,,MATCH('Summarized Source Data'!$C291,Hour,0)),Month,'Summarized Source Data'!$A291,Sector,'Summarized Source Data'!H$2,Subsector,'Summarized Source Data'!H$3,TimeOfWeek,$E291)*INDEX(About!D$79:D$82,MATCH($B291,About!$A$79:$A$82,0),1) -> 0 | I291: =SUMIFS(INDEX(Load,,MATCH('Summarized Source Data'!$C291,Hour,0)),Month,'Summarized Source Data'!$A291,Sector,'Summarized Source Data'!I$2,Subsector,'Summarized Source Data'!I$3,TimeOfWeek,$E291)*INDEX(About!E$79:E$82,MATCH($B291,About!$A$79:$A$82,0),1) -> 16700000 | J291: =K291 -> 93282183 | K291: =(SUMIFS(INDEX(Load,,MATCH('Summarized Source Data'!$C291,Hour,0)),Month,'Summarized Source Data'!$A291,Sector,'Summarized Source Data'!K$2,Subsector,"Total",TimeOfWeek,$E291)-SUM(F291:I291))*INDEX(About!G$79:G$82,MATCH($B291,About!$A$79:$A$82,0),1) -> 93282183 | L291: =SUMIFS(INDEX(Load,,MATCH('Summarized Source Data'!$C291,Hour,0)),Month,'Summarized Source Data'!$A291,Sector,'Summarized Source Data'!L$2,Subsector,'Summarized Source Data'!L$3,TimeOfWeek,$E291)*INDEX(About!H$79:H$82,MATCH($B291,About!$A$79:$A$82,0),1) -> 31700000 | M291: =SUMIFS(INDEX(Load,,MATCH('Summarized Source Data'!$C291,Hour,0)),Month,'Summarized Source Data'!$A291,Sector,'Summarized Source Data'!M$2,Subsector,'Summarized Source Data'!M$3,TimeOfWeek,$E291)*INDEX(About!I$79:I$82,MATCH($B291,About!$A$79:$A$82,0),1) -> 53450 | N291: =SUMIFS(INDEX(Load,,MATCH('Summarized Source Data'!$C291,Hour,0)),Month,'Summarized Source Data'!$A291,Sector,'Summarized Source Data'!N$2,Subsector,'Summarized Source Data'!N$3,TimeOfWeek,$E291)*INDEX(About!J$79:J$82,MATCH($B291,About!$A$79:$A$82,0),1) -> 0 | O291: =P291 -> 184246550 | P291: =(SUMIFS(INDEX(Load,,MATCH('Summarized Source Data'!$C291,Hour,0)),Month,'Summarized Source Data'!$A291,Sector,'Summarized Source Data'!P$2,Subsector,"Total",TimeOfWeek,$E291)-SUM(L291:N291)*INDEX(About!L$79:L$82,MATCH($B291,About!$A$79:$A$82,0),1)) -> 184246550 | Q291: =P291 -> 184246550 | R291: =SUMIFS(INDEX(Load,,MATCH('Summarized Source Data'!$C291,Hour,0)),Month,'Summarized Source Data'!$A291,Sector,'Summarized Source Data'!R$2,TimeOfWeek,$E291)*INDEX(About!N$79:N$82,MATCH($B291,About!$A$79:$A$82,0),1) -> 7359618 | S291: =SUMIFS(INDEX(Load,,MATCH('Summarized Source Data'!$C291,Hour,0)),Month,'Summarized Source Data'!$A291,Sector,'Summarized Source Data'!S$2,TimeOfWeek,$E291)*INDEX(About!O$79:O$82,MATCH($B291,About!$A$79:$A$82,0),1) -> 7359618 | T291: =SUMIFS(INDEX(Load,,MATCH('Summarized Source Data'!$C291,Hour,0)),Month,'Summarized Source Data'!$A291,Sector,'Summarized Source Data'!T$2,TimeOfWeek,$E291)*INDEX(About!P$79:P$82,MATCH($B291,About!$A$79:$A$82,0),1) -> 7359618 | U291: =SUMIFS(INDEX(Load,,MATCH('Summarized Source Data'!$C291,Hour,0)),Month,'Summarized Source Data'!$A291,Sector,'Summarized Source Data'!U$2,TimeOfWeek,$E291)*INDEX(About!Q$79:Q$82,MATCH($B291,About!$A$79:$A$82,0),1) -> 7359618 | V291: =SUMIFS(INDEX(Load,,MATCH('Summarized Source Data'!$C291,Hour,0)),Month,'Summarized Source Data'!$A291,Sector,'Summarized Source Data'!V$2,TimeOfWeek,$E291)*INDEX(About!R$79:R$82,MATCH($B291,About!$A$79:$A$82,0),1) -> 7359618 | W291: =SUMIFS(INDEX(Load,,MATCH('Summarized Source Data'!$C291,Hour,0)),Month,'Summarized Source Data'!$A291,Sector,'Summarized Source Data'!W$2,TimeOfWeek,$E291)*INDEX(About!S$79:S$82,MATCH($B291,About!$A$79:$A$82,0),1) -> 7359618 | X291: =SUMIFS(INDEX(Load,,MATCH('Summarized Source Data'!$C291,Hour,0)),Month,'Summarized Source Data'!$A291,Sector,'Summarized Source Data'!X$2,Subsector,'Summarized Source Data'!X$3,TimeOfWeek,$E291)*INDEX(About!T$79:T$82,MATCH($B291,About!$A$79:$A$82,0),1) -> 622000000 | Y291: =$X291 -> 622000000 | Z291: =$X291 -> 622000000
A292: =A4 -> 1 | B292: =INDEX('Category Mapping'!$G$28:$G$39,MATCH(A292,'Category Mapping'!$A$28:$A$39,0),1) -> Winter | C292: h1 | D292: Hour0 | E292: Weekend | F292: =SUMIFS(INDEX(Load,,MATCH('Summarized Source Data'!$C292,Hour,0)),Month,'Summarized Source Data'!$A292,Sector,'Summarized Source Data'!F$2,Subsector,'Summarized Source Data'!F$3,TimeOfWeek,$E292)*INDEX(About!B$79:B$82,MATCH($B292,About!$A$79:$A$82,0),1) -> 11500000 | G292: =SUMIFS(INDEX(Load,,MATCH('Summarized Source Data'!$C292,Hour,0)),Month,'Summarized Source Data'!$A292,Sector,'Summarized Source Data'!G$2,Subsector,'Summarized Source Data'!G$3,TimeOfWeek,$E292)*INDEX(About!C$79:C$82,MATCH($B292,About!$A$79:$A$82,0),1) -> 6404 | H292: =SUMIFS(INDEX(Load,,MATCH('Summarized Source Data'!$C292,Hour,0)),Month,'Summarized Source Data'!$A292,Sector,'Summarized Source Data'!H$2,Subsector,'Summarized Source Data'!H$3,TimeOfWeek,$E292)*INDEX(About!D$79:D$82,MATCH($B292,About!$A$79:$A$82,0),1) -> 0 | I292: =SUMIFS(INDEX(Load,,MATCH('Summarized Source Data'!$C292,Hour,0)),Month,'Summarized Source Data'!$A292,Sector,'Summarized Source Data'!I$2,Subsector,'Summarized Source Data'!I$3,TimeOfWeek,$E292)*INDEX(About!E$79:E$82,MATCH($B292,About!$A$79:$A$82,0),1) -> 6948352 | J292: =K292 -> 38545244 | K292: =(SUMIFS(INDEX(Load,,MATCH('Summarized Source Data'!$C292,Hour,0)),Month,'Summarized Source Data'!$A292,Sector,'Summarized Source Data'!K$2,Subsector,"Total",TimeOfWeek,$E292)-SUM(F292:I292))*INDEX(About!G$79:G$82,MATCH($B292,About!$A$79:$A$82,0),1) -> 38545244 | L292: =SUMIFS(INDEX(Load,,MATCH('Summarized Source Data'!$C292,Hour,0)),Month,'Summarized Source Data'!$A292,Sector,'Summarized Source Data'!L$2,Subsector,'Summarized Source Data'!L$3,TimeOfWeek,$E292)*INDEX(About!H$79:H$82,MATCH($B292,About!$A$79:$A$82,0),1) -> 12800000 | M292: =SUMIFS(INDEX(Load,,MATCH('Summarized Source Data'!$C292,Hour,0)),Month,'Summarized Source Data'!$A292,Sector,'Summarized Source Data'!M$2,Subsector,'Summarized Source Data'!M$3,TimeOfWeek,$E292)*INDEX(About!I$79:I$82,MATCH($B292,About!$A$79:$A$82,0),1) -> 19231 | N292: =SUMIFS(INDEX(Load,,MATCH('Summarized Source Data'!$C292,Hour,0)),Month,'Summarized Source Data'!$A292,Sector,'Summarized Source Data'!N$2,Subsector,'Summarized Source Data'!N$3,TimeOfWeek,$E292)*INDEX(About!J$79:J$82,MATCH($B292,About!$A$79:$A$82,0),1) -> 0 | O292: =P292 -> 78880769 | P292: =(SUMIFS(INDEX(Load,,MATCH('Summarized Source Data'!$C292,Hour,0)),Month,'Summarized Source Data'!$A292,Sector,'Summarized Source Data'!P$2,Subsector,"Total",TimeOfWeek,$E292)-SUM(L292:N292)*INDEX(About!L$79:L$82,MATCH($B292,About!$A$79:$A$82,0),1)) -> 78880769 | Q292: =P292 -> 78880769 | R292: =SUMIFS(INDEX(Load,,MATCH('Summarized Source Data'!$C292,Hour,0)),Month,'Summarized Source Data'!$A292,Sector,'Summarized Source Data'!R$2,TimeOfWeek,$E292)*INDEX(About!N$79:N$82,MATCH($B292,About!$A$79:$A$82,0),1) -> 2776198 | S292: =SUMIFS(INDEX(Load,,MATCH('Summarized Source Data'!$C292,Hour,0)),Month,'Summarized Source Data'!$A292,Sector,'Summarized Source Data'!S$2,TimeOfWeek,$E292)*INDEX(About!O$79:O$82,MATCH($B292,About!$A$79:$A$82,0),1) -> 2776198 | T292: =SUMIFS(INDEX(Load,,MATCH('Summarized Source Data'!$C292,Hour,0)),Month,'Summarized Source Data'!$A292,Sector,'Summarized Source Data'!T$2,TimeOfWeek,$E292)*INDEX(About!P$79:P$82,MATCH($B292,About!$A$79:$A$82,0),1) -> 2776198 | U292: =SUMIFS(INDEX(Load,,MATCH('Summarized Source Data'!$C292,Hour,0)),Month,'Summarized Source Data'!$A292,Sector,'Summarized Source Data'!U$2,TimeOfWeek,$E292)*INDEX(About!Q$79:Q$82,MATCH($B292,About!$A$79:$A$82,0),1) -> 2776198 | V292: =SUMIFS(INDEX(Load,,MATCH('Summarized Source Data'!$C292,Hour,0)),Month,'Summarized Source Data'!$A292,Sector,'Summarized Source Data'!V$2,TimeOfWeek,$E292)*INDEX(About!R$79:R$82,MATCH($B292,About!$A$79:$A$82,0),1) -> 2776198 | W292: =SUMIFS(INDEX(Load,,MATCH('Summarized Source Data'!$C292,Hour,0)),Month,'Summarized Source Data'!$A292,Sector,'Summarized Source Data'!W$2,TimeOfWeek,$E292)*INDEX(About!S$79:S$82,MATCH($B292,About!$A$79:$A$82,0),1) -> 2776198 | X292: =SUMIFS(INDEX(Load,,MATCH('Summarized Source Data'!$C292,Hour,0)),Month,'Summarized Source Data'!$A292,Sector,'Summarized Source Data'!X$2,Subsector,'Summarized Source Data'!X$3,TimeOfWeek,$E292)*INDEX(About!T$79:T$82,MATCH($B292,About!$A$79:$A$82,0),1) -> 343000000 | Y292: =$X292 -> 343000000 | Z292: =$X292 -> 343000000
A293: =A5 -> 1 | B293: =INDEX('Category Mapping'!$G$28:$G$39,MATCH(A293,'Category Mapping'!$A$28:$A$39,0),1) -> Winter | C293: h2 | D293: Hour1 | E293: Weekend | F293: =SUMIFS(INDEX(Load,,MATCH('Summarized Source Data'!$C293,Hour,0)),Month,'Summarized Source Data'!$A293,Sector,'Summarized Source Data'!F$2,Subsector,'Summarized Source Data'!F$3,TimeOfWeek,$E293)*INDEX(About!B$79:B$82,MATCH($B293,About!$A$79:$A$82,0),1) -> 11700000 | G293: =SUMIFS(INDEX(Load,,MATCH('Summarized Source Data'!$C293,Hour,0)),Month,'Summarized Source Data'!$A293,Sector,'Summarized Source Data'!G$2,Subsector,'Summarized Source Data'!G$3,TimeOfWeek,$E293)*INDEX(About!C$79:C$82,MATCH($B293,About!$A$79:$A$82,0),1) -> 6502 | H293: =SUMIFS(INDEX(Load,,MATCH('Summarized Source Data'!$C293,Hour,0)),Month,'Summarized Source Data'!$A293,Sector,'Summarized Source Data'!H$2,Subsector,'Summarized Source Data'!H$3,TimeOfWeek,$E293)*INDEX(About!D$79:D$82,MATCH($B293,About!$A$79:$A$82,0),1) -> 0 | I293: =SUMIFS(INDEX(Load,,MATCH('Summarized Source Data'!$C293,Hour,0)),Month,'Summarized Source Data'!$A293,Sector,'Summarized Source Data'!I$2,Subsector,'Summarized Source Data'!I$3,TimeOfWeek,$E293)*INDEX(About!E$79:E$82,MATCH($B293,About!$A$79:$A$82,0),1) -> 6003332 | J293: =K293 -> 29890166 | K293: =(SUMIFS(INDEX(Load,,MATCH('Summarized Source Data'!$C293,Hour,0)),Month,'Summarized Source Data'!$A293,Sector,'Summarized Source Data'!K$2,Subsector,"Total",TimeOfWeek,$E293)-SUM(F293:I293))*INDEX(About!G$79:G$82,MATCH($B293,About!$A$79:$A$82,0),1) -> 29890166 | L293: =SUMIFS(INDEX(Load,,MATCH('Summarized Source Data'!$C293,Hour,0)),Month,'Summarized Source Data'!$A293,Sector,'Summarized Source Data'!L$2,Subsector,'Summarized Source Data'!L$3,TimeOfWeek,$E293)*INDEX(About!H$79:H$82,MATCH($B293,About!$A$79:$A$82,0),1) -> 12600000 | M293: =SUMIFS(INDEX(Load,,MATCH('Summarized Source Data'!$C293,Hour,0)),Month,'Summarized Source Data'!$A293,Sector,'Summarized Source Data'!M$2,Subsector,'Summarized Source Data'!M$3,TimeOfWeek,$E293)*INDEX(About!I$79:I$82,MATCH($B293,About!$A$79:$A$82,0),1) -> 18822 | N293: =SUMIFS(INDEX(Load,,MATCH('Summarized Source Data'!$C293,Hour,0)),Month,'Summarized Source Data'!$A293,Sector,'Summarized Source Data'!N$2,Subsector,'Summarized Source Data'!N$3,TimeOfWeek,$E293)*INDEX(About!J$79:J$82,MATCH($B293,About!$A$79:$A$82,0),1) -> 0 | O293: =P293 -> 68881178 | P293: =(SUMIFS(INDEX(Load,,MATCH('Summarized Source Data'!$C293,Hour,0)),Month,'Summarized Source Data'!$A293,Sector,'Summarized Source Data'!P$2,Subsector,"Total",TimeOfWeek,$E293)-SUM(L293:N293)*INDEX(About!L$79:L$82,MATCH($B293,About!$A$79:$A$82,0),1)) -> 68881178 | Q293: =P293 -> 68881178 | R293: =SUMIFS(INDEX(Load,,MATCH('Summarized Source Data'!$C293,Hour,0)),Month,'Summarized Source Data'!$A293,Sector,'Summarized Source Data'!R$2,TimeOfWeek,$E293)*INDEX(About!N$79:N$82,MATCH($B293,About!$A$79:$A$82,0),1) -> 2647378 | S293: =SUMIFS(INDEX(Load,,MATCH('Summarized Source Data'!$C293,Hour,0)),Month,'Summarized Source Data'!$A293,Sector,'Summarized Source Data'!S$2,TimeOfWeek,$E293)*INDEX(About!O$79:O$82,MATCH($B293,About!$A$79:$A$82,0),1) -> 2647378 | T293: =SUMIFS(INDEX(Load,,MATCH('Summarized Source Data'!$C293,Hour,0)),Month,'Summarized Source Data'!$A293,Sector,'Summarized Source Data'!T$2,TimeOfWeek,$E293)*INDEX(About!P$79:P$82,MATCH($B293,About!$A$79:$A$82,0),1) -> 2647378 | U293: =SUMIFS(INDEX(Load,,MATCH('Summarized Source Data'!$C293,Hour,0)),Month,'Summarized Source Data'!$A293,Sector,'Summarized Source Data'!U$2,TimeOfWeek,$E293)*INDEX(About!Q$79:Q$82,MATCH($B293,About!$A$79:$A$82,0),1) -> 2647378 | V293: =SUMIFS(INDEX(Load,,MATCH('Summarized Source Data'!$C293,Hour,0)),Month,'Summarized Source Data'!$A293,Sector,'Summarized Source Data'!V$2,TimeOfWeek,$E293)*INDEX(About!R$79:R$82,MATCH($B293,About!$A$79:$A$82,0),1) -> 2647378 | W293: =SUMIFS(INDEX(Load,,MATCH('Summarized Source Data'!$C293,Hour,0)),Month,'Summarized Source Data'!$A293,Sector,'Summarized Source Data'!W$2,TimeOfWeek,$E293)*INDEX(About!S$79:S$82,MATCH($B293,About!$A$79:$A$82,0),1) -> 2647378 | X293: =SUMIFS(INDEX(Load,,MATCH('Summarized Source Data'!$C293,Hour,0)),Month,'Summarized Source Data'!$A293,Sector,'Summarized Source Data'!X$2,Subsector,'Summarized Source Data'!X$3,TimeOfWeek,$E293)*INDEX(About!T$79:T$82,MATCH($B293,About!$A$79:$A$82,0),1) -> 342000000 | Y293: =$X293 -> 342000000 | Z293: =$X293 -> 342000000
A294: =A6 -> 1 | B294: =INDEX('Category Mapping'!$G$28:$G$39,MATCH(A294,'Category Mapping'!$A$28:$A$39,0),1) -> Winter | C294: h3 | D294: Hour2 | E294: Weekend | F294: =SUMIFS(INDEX(Load,,MATCH('Summarized Source Data'!$C294,Hour,0)),Month,'Summarized Source Data'!$A294,Sector,'Summarized Source Data'!F$2,Subsector,'Summarized Source Data'!F$3,TimeOfWeek,$E294)*INDEX(About!B$79:B$82,MATCH($B294,About!$A$79:$A$82,0),1) -> 11700000 | G294: =SUMIFS(INDEX(Load,,MATCH('Summarized Source Data'!$C294,Hour,0)),Month,'Summarized Source Data'!$A294,Sector,'Summarized Source Data'!G$2,Subsector,'Summarized Source Data'!G$3,TimeOfWeek,$E294)*INDEX(About!C$79:C$82,MATCH($B294,About!$A$79:$A$82,0),1) -> 6588 | H294: =SUMIFS(INDEX(Load,,MATCH('Summarized Source Data'!$C294,Hour,0)),Month,'Summarized Source Data'!$A294,Sector,'Summarized Source Data'!H$2,Subsector,'Summarized Source Data'!H$3,TimeOfWeek,$E294)*INDEX(About!D$79:D$82,MATCH($B294,About!$A$79:$A$82,0),1) -> 0 | I294: =SUMIFS(INDEX(Load,,MATCH('Summarized Source Data'!$C294,Hour,0)),Month,'Summarized Source Data'!$A294,Sector,'Summarized Source Data'!I$2,Subsector,'Summarized Source Data'!I$3,TimeOfWeek,$E294)*INDEX(About!E$79:E$82,MATCH($B294,About!$A$79:$A$82,0),1) -> 5798140 | J294: =K294 -> 23495272 | K294: =(SUMIFS(INDEX(Load,,MATCH('Summarized Source Data'!$C294,Hour,0)),Month,'Summarized Source Data'!$A294,Sector,'Summarized Source Data'!K$2,Subsector,"Total",TimeOfWeek,$E294)-SUM(F294:I294))*INDEX(About!G$79:G$82,MATCH($B294,About!$A$79:$A$82,0),1) -> 23495272 | L294: =SUMIFS(INDEX(Load,,MATCH('Summarized Source Data'!$C294,Hour,0)),Month,'Summarized Source Data'!$A294,Sector,'Summarized Source Data'!L$2,Subsector,'Summarized Source Data'!L$3,TimeOfWeek,$E294)*INDEX(About!H$79:H$82,MATCH($B294,About!$A$79:$A$82,0),1) -> 11400000 | M294: =SUMIFS(INDEX(Load,,MATCH('Summarized Source Data'!$C294,Hour,0)),Month,'Summarized Source Data'!$A294,Sector,'Summarized Source Data'!M$2,Subsector,'Summarized Source Data'!M$3,TimeOfWeek,$E294)*INDEX(About!I$79:I$82,MATCH($B294,About!$A$79:$A$82,0),1) -> 18651 | N294: =SUMIFS(INDEX(Load,,MATCH('Summarized Source Data'!$C294,Hour,0)),Month,'Summarized Source Data'!$A294,Sector,'Summarized Source Data'!N$2,Subsector,'Summarized Source Data'!N$3,TimeOfWeek,$E294)*INDEX(About!J$79:J$82,MATCH($B294,About!$A$79:$A$82,0),1) -> 0 | O294: =P294 -> 67881349 | P294: =(SUMIFS(INDEX(Load,,MATCH('Summarized Source Data'!$C294,Hour,0)),Month,'Summarized Source Data'!$A294,Sector,'Summarized Source Data'!P$2,Subsector,"Total",TimeOfWeek,$E294)-SUM(L294:N294)*INDEX(About!L$79:L$82,MATCH($B294,About!$A$79:$A$82,0),1)) -> 67881349 | Q294: =P294 -> 67881349 | R294: =SUMIFS(INDEX(Load,,MATCH('Summarized Source Data'!$C294,Hour,0)),Month,'Summarized Source Data'!$A294,Sector,'Summarized Source Data'!R$2,TimeOfWeek,$E294)*INDEX(About!N$79:N$82,MATCH($B294,About!$A$79:$A$82,0),1) -> 2612246 | S294: =SUMIFS(INDEX(Load,,MATCH('Summarized Source Data'!$C294,Hour,0)),Month,'Summarized Source Data'!$A294,Sector,'Summarized Source Data'!S$2,TimeOfWeek,$E294)*INDEX(About!O$79:O$82,MATCH($B294,About!$A$79:$A$82,0),1) -> 2612246 | T294: =SUMIFS(INDEX(Load,,MATCH('Summarized Source Data'!$C294,Hour,0)),Month,'Summarized Source Data'!$A294,Sector,'Summarized Source Data'!T$2,TimeOfWeek,$E294)*INDEX(About!P$79:P$82,MATCH($B294,About!$A$79:$A$82,0),1) -> 2612246 | U294: =SUMIFS(INDEX(Load,,MATCH('Summarized Source Data'!$C294,Hour,0)),Month,'Summarized Source Data'!$A294,Sector,'Summarized Source Data'!U$2,TimeOfWeek,$E294)*INDEX(About!Q$79:Q$82,MATCH($B294,About!$A$79:$A$82,0),1) -> 2612246 | V294: =SUMIFS(INDEX(Load,,MATCH('Summarized Source Data'!$C294,Hour,0)),Month,'Summarized Source Data'!$A294,Sector,'Summarized Source Data'!V$2,TimeOfWeek,$E294)*INDEX(About!R$79:R$82,MATCH($B294,About!$A$79:$A$82,0),1) -> 2612246 | W294: =SUMIFS(INDEX(Load,,MATCH('Summarized Source Data'!$C294,Hour,0)),Month,'Summarized Source Data'!$A294,Sector,'Summarized Source Data'!W$2,TimeOfWeek,$E294)*INDEX(About!S$79:S$82,MATCH($B294,About!$A$79:$A$82,0),1) -> 2612246 | X294: =SUMIFS(INDEX(Load,,MATCH('Summarized Source Data'!$C294,Hour,0)),Month,'Summarized Source Data'!$A294,Sector,'Summarized Source Data'!X$2,Subsector,'Summarized Source Data'!X$3,TimeOfWeek,$E294)*INDEX(About!T$79:T$82,MATCH($B294,About!$A$79:$A$82,0),1) -> 342000000 | Y294: =$X294 -> 342000000 | Z294: =$X294 -> 342000000
A295: =A7 -> 1 | B295: =INDEX('Category Mapping'!$G$28:$G$39,MATCH(A295,'Category Mapping'!$A$28:$A$39,0),1) -> Winter | C295: h4 | D295: Hour3 | E295: Weekend | F295: =SUMIFS(INDEX(Load,,MATCH('Summarized Source Data'!$C295,Hour,0)),Month,'Summarized Source Data'!$A295,Sector,'Summarized Source Data'!F$2,Subsector,'Summarized Source Data'!F$3,TimeOfWeek,$E295)*INDEX(About!B$79:B$82,MATCH($B295,About!$A$79:$A$82,0),1) -> 11700000 | G295: =SUMIFS(INDEX(Load,,MATCH('Summarized Source Data'!$C295,Hour,0)),Month,'Summarized Source Data'!$A295,Sector,'Summarized Source Data'!G$2,Subsector,'Summarized Source Data'!G$3,TimeOfWeek,$E295)*INDEX(About!C$79:C$82,MATCH($B295,About!$A$79:$A$82,0),1) -> 6601 | H295: =SUMIFS(INDEX(Load,,MATCH('Summarized Source Data'!$C295,Hour,0)),Month,'Summarized Source Data'!$A295,Sector,'Summarized Source Data'!H$2,Subsector,'Summarized Source Data'!H$3,TimeOfWeek,$E295)*INDEX(About!D$79:D$82,MATCH($B295,About!$A$79:$A$82,0),1) -> 0 | I295: =SUMIFS(INDEX(Load,,MATCH('Summarized Source Data'!$C295,Hour,0)),Month,'Summarized Source Data'!$A295,Sector,'Summarized Source Data'!I$2,Subsector,'Summarized Source Data'!I$3,TimeOfWeek,$E295)*INDEX(About!E$79:E$82,MATCH($B295,About!$A$79:$A$82,0),1) -> 5793246 | J295: =K295 -> 19400153 | K295: =(SUMIFS(INDEX(Load,,MATCH('Summarized Source Data'!$C295,Hour,0)),Month,'Summarized Source Data'!$A295,Sector,'Summarized Source Data'!K$2,Subsector,"Total",TimeOfWeek,$E295)-SUM(F295:I295))*INDEX(About!G$79:G$82,MATCH($B295,About!$A$79:$A$82,0),1) -> 19400153 | L295: =SUMIFS(INDEX(Load,,MATCH('Summarized Source Data'!$C295,Hour,0)),Month,'Summarized Source Data'!$A295,Sector,'Summarized Source Data'!L$2,Subsector,'Summarized Source Data'!L$3,TimeOfWeek,$E295)*INDEX(About!H$79:H$82,MATCH($B295,About!$A$79:$A$82,0),1) -> 12100000 | M295: =SUMIFS(INDEX(Load,,MATCH('Summarized Source Data'!$C295,Hour,0)),Month,'Summarized Source Data'!$A295,Sector,'Summarized Source Data'!M$2,Subsector,'Summarized Source Data'!M$3,TimeOfWeek,$E295)*INDEX(About!I$79:I$82,MATCH($B295,About!$A$79:$A$82,0),1) -> 18555 | N295: =SUMIFS(INDEX(Load,,MATCH('Summarized Source Data'!$C295,Hour,0)),Month,'Summarized Source Data'!$A295,Sector,'Summarized Source Data'!N$2,Subsector,'Summarized Source Data'!N$3,TimeOfWeek,$E295)*INDEX(About!J$79:J$82,MATCH($B295,About!$A$79:$A$82,0),1) -> 0 | O295: =P295 -> 68581445 | P295: =(SUMIFS(INDEX(Load,,MATCH('Summarized Source Data'!$C295,Hour,0)),Month,'Summarized Source Data'!$A295,Sector,'Summarized Source Data'!P$2,Subsector,"Total",TimeOfWeek,$E295)-SUM(L295:N295)*INDEX(About!L$79:L$82,MATCH($B295,About!$A$79:$A$82,0),1)) -> 68581445 | Q295: =P295 -> 68581445 | R295: =SUMIFS(INDEX(Load,,MATCH('Summarized Source Data'!$C295,Hour,0)),Month,'Summarized Source Data'!$A295,Sector,'Summarized Source Data'!R$2,TimeOfWeek,$E295)*INDEX(About!N$79:N$82,MATCH($B295,About!$A$79:$A$82,0),1) -> 2612246 | S295: =SUMIFS(INDEX(Load,,MATCH('Summarized Source Data'!$C295,Hour,0)),Month,'Summarized Source Data'!$A295,Sector,'Summarized Source Data'!S$2,TimeOfWeek,$E295)*INDEX(About!O$79:O$82,MATCH($B295,About!$A$79:$A$82,0),1) -> 2612246 | T295: =SUMIFS(INDEX(Load,,MATCH('Summarized Source Data'!$C295,Hour,0)),Month,'Summarized Source Data'!$A295,Sector,'Summarized Source Data'!T$2,TimeOfWeek,$E295)*INDEX(About!P$79:P$82,MATCH($B295,About!$A$79:$A$82,0),1) -> 2612246 | U295: =SUMIFS(INDEX(Load,,MATCH('Summarized Source Data'!$C295,Hour,0)),Month,'Summarized Source Data'!$A295,Sector,'Summarized Source Data'!U$2,TimeOfWeek,$E295)*INDEX(About!Q$79:Q$82,MATCH($B295,About!$A$79:$A$82,0),1) -> 2612246 | V295: =SUMIFS(INDEX(Load,,MATCH('Summarized Source Data'!$C295,Hour,0)),Month,'Summarized Source Data'!$A295,Sector,'Summarized Source Data'!V$2,TimeOfWeek,$E295)*INDEX(About!R$79:R$82,MATCH($B295,About!$A$79:$A$82,0),1) -> 2612246 | W295: =SUMIFS(INDEX(Load,,MATCH('Summarized Source Data'!$C295,Hour,0)),Month,'Summarized Source Data'!$A295,Sector,'Summarized Source Data'!W$2,TimeOfWeek,$E295)*INDEX(About!S$79:S$82,MATCH($B295,About!$A$79:$A$82,0),1) -> 2612246 | X295: =SUMIFS(INDEX(Load,,MATCH('Summarized Source Data'!$C295,Hour,0)),Month,'Summarized Source Data'!$A295,Sector,'Summarized Source Data'!X$2,Subsector,'Summarized Source Data'!X$3,TimeOfWeek,$E295)*INDEX(About!T$79:T$82,MATCH($B295,About!$A$79:$A$82,0),1) -> 343000000 | Y295: =$X295 -> 343000000 | Z295: =$X295 -> 343000000
A296: =A8 -> 1 | B296: =INDEX('Category Mapping'!$G$28:$G$39,MATCH(A296,'Category Mapping'!$A$28:$A$39,0),1) -> Winter | C296: h5 | D296: Hour4 | E296: Weekend | F296: =SUMIFS(INDEX(Load,,MATCH('Summarized Source Data'!$C296,Hour,0)),Month,'Summarized Source Data'!$A296,Sector,'Summarized Source Data'!F$2,Subsector,'Summarized Source Data'!F$3,TimeOfWeek,$E296)*INDEX(About!B$79:B$82,MATCH($B296,About!$A$79:$A$82,0),1) -> 11500000 | G296: =SUMIFS(INDEX(Load,,MATCH('Summarized Source Data'!$C296,Hour,0)),Month,'Summarized Source Data'!$A296,Sector,'Summarized Source Data'!G$2,Subsector,'Summarized Source Data'!G$3,TimeOfWeek,$E296)*INDEX(About!C$79:C$82,MATCH($B296,About!$A$79:$A$82,0),1) -> 6579 | H296: =SUMIFS(INDEX(Load,,MATCH('Summarized Source Data'!$C296,Hour,0)),Month,'Summarized Source Data'!$A296,Sector,'Summarized Source Data'!H$2,Subsector,'Summarized Source Data'!H$3,TimeOfWeek,$E296)*INDEX(About!D$79:D$82,MATCH($B296,About!$A$79:$A$82,0),1) -> 0 | I296: =SUMIFS(INDEX(Load,,MATCH('Summarized Source Data'!$C296,Hour,0)),Month,'Summarized Source Data'!$A296,Sector,'Summarized Source Data'!I$2,Subsector,'Summarized Source Data'!I$3,TimeOfWeek,$E296)*INDEX(About!E$79:E$82,MATCH($B296,About!$A$79:$A$82,0),1) -> 6097947 | J296: =K296 -> 19895474 | K296: =(SUMIFS(INDEX(Load,,MATCH('Summarized Source Data'!$C296,Hour,0)),Month,'Summarized Source Data'!$A296,Sector,'Summarized Source Data'!K$2,Subsector,"Total",TimeOfWeek,$E296)-SUM(F296:I296))*INDEX(About!G$79:G$82,MATCH($B296,About!$A$79:$A$82,0),1) -> 19895474 | L296: =SUMIFS(INDEX(Load,,MATCH('Summarized Source Data'!$C296,Hour,0)),Month,'Summarized Source Data'!$A296,Sector,'Summarized Source Data'!L$2,Subsector,'Summarized Source Data'!L$3,TimeOfWeek,$E296)*INDEX(About!H$79:H$82,MATCH($B296,About!$A$79:$A$82,0),1) -> 12500000 | M296: =SUMIFS(INDEX(Load,,MATCH('Summarized Source Data'!$C296,Hour,0)),Month,'Summarized Source Data'!$A296,Sector,'Summarized Source Data'!M$2,Subsector,'Summarized Source Data'!M$3,TimeOfWeek,$E296)*INDEX(About!I$79:I$82,MATCH($B296,About!$A$79:$A$82,0),1) -> 18534 | N296: =SUMIFS(INDEX(Load,,MATCH('Summarized Source Data'!$C296,Hour,0)),Month,'Summarized Source Data'!$A296,Sector,'Summarized Source Data'!N$2,Subsector,'Summarized Source Data'!N$3,TimeOfWeek,$E296)*INDEX(About!J$79:J$82,MATCH($B296,About!$A$79:$A$82,0),1) -> 0 | O296: =P296 -> 69681466 | P296: =(SUMIFS(INDEX(Load,,MATCH('Summarized Source Data'!$C296,Hour,0)),Month,'Summarized Source Data'!$A296,Sector,'Summarized Source Data'!P$2,Subsector,"Total",TimeOfWeek,$E296)-SUM(L296:N296)*INDEX(About!L$79:L$82,MATCH($B296,About!$A$79:$A$82,0),1)) -> 69681466 | Q296: =P296 -> 69681466 | R296: =SUMIFS(INDEX(Load,,MATCH('Summarized Source Data'!$C296,Hour,0)),Month,'Summarized Source Data'!$A296,Sector,'Summarized Source Data'!R$2,TimeOfWeek,$E296)*INDEX(About!N$79:N$82,MATCH($B296,About!$A$79:$A$82,0),1) -> 2600535 | S296: =SUMIFS(INDEX(Load,,MATCH('Summarized Source Data'!$C296,Hour,0)),Month,'Summarized Source Data'!$A296,Sector,'Summarized Source Data'!S$2,TimeOfWeek,$E296)*INDEX(About!O$79:O$82,MATCH($B296,About!$A$79:$A$82,0),1) -> 2600535 | T296: =SUMIFS(INDEX(Load,,MATCH('Summarized Source Data'!$C296,Hour,0)),Month,'Summarized Source Data'!$A296,Sector,'Summarized Source Data'!T$2,TimeOfWeek,$E296)*INDEX(About!P$79:P$82,MATCH($B296,About!$A$79:$A$82,0),1) -> 2600535 | U296: =SUMIFS(INDEX(Load,,MATCH('Summarized Source Data'!$C296,Hour,0)),Month,'Summarized Source Data'!$A296,Sector,'Summarized Source Data'!U$2,TimeOfWeek,$E296)*INDEX(About!Q$79:Q$82,MATCH($B296,About!$A$79:$A$82,0),1) -> 2600535 | V296: =SUMIFS(INDEX(Load,,MATCH('Summarized Source Data'!$C296,Hour,0)),Month,'Summarized Source Data'!$A296,Sector,'Summarized Source Data'!V$2,TimeOfWeek,$E296)*INDEX(About!R$79:R$82,MATCH($B296,About!$A$79:$A$82,0),1) -> 2600535 | W296: =SUMIFS(INDEX(Load,,MATCH('Summarized Source Data'!$C296,Hour,0)),Month,'Summarized Source Data'!$A296,Sector,'Summarized Source Data'!W$2,TimeOfWeek,$E296)*INDEX(About!S$79:S$82,MATCH($B296,About!$A$79:$A$82,0),1) -> 2600535 | X296: =SUMIFS(INDEX(Load,,MATCH('Summarized Source Data'!$C296,Hour,0)),Month,'Summarized Source Data'!$A296,Sector,'Summarized Source Data'!X$2,Subsector,'Summarized Source Data'!X$3,TimeOfWeek,$E296)*INDEX(About!T$79:T$82,MATCH($B296,About!$A$79:$A$82,0),1) -> 346000000 | Y296: =$X296 -> 346000000 | Z296: =$X296 -> 346000000
A297: =A9 -> 1 | B297: =INDEX('Category Mapping'!$G$28:$G$39,MATCH(A297,'Category Mapping'!$A$28:$A$39,0),1) -> Winter | C297: h6 | D297: Hour5 | E297: Weekend | F297: =SUMIFS(INDEX(Load,,MATCH('Summarized Source Data'!$C297,Hour,0)),Month,'Summarized Source Data'!$A297,Sector,'Summarized Source Data'!F$2,Subsector,'Summarized Source Data'!F$3,TimeOfWeek,$E297)*INDEX(About!B$79:B$82,MATCH($B297,About!$A$79:$A$82,0),1) -> 11900000 | G297: =SUMIFS(INDEX(Load,,MATCH('Summarized Source Data'!$C297,Hour,0)),Month,'Summarized Source Data'!$A297,Sector,'Summarized Source Data'!G$2,Subsector,'Summarized Source Data'!G$3,TimeOfWeek,$E297)*INDEX(About!C$79:C$82,MATCH($B297,About!$A$79:$A$82,0),1) -> 6462 | H297: =SUMIFS(INDEX(Load,,MATCH('Summarized Source Data'!$C297,Hour,0)),Month,'Summarized Source Data'!$A297,Sector,'Summarized Source Data'!H$2,Subsector,'Summarized Source Data'!H$3,TimeOfWeek,$E297)*INDEX(About!D$79:D$82,MATCH($B297,About!$A$79:$A$82,0),1) -> 0 | I297: =SUMIFS(INDEX(Load,,MATCH('Summarized Source Data'!$C297,Hour,0)),Month,'Summarized Source Data'!$A297,Sector,'Summarized Source Data'!I$2,Subsector,'Summarized Source Data'!I$3,TimeOfWeek,$E297)*INDEX(About!E$79:E$82,MATCH($B297,About!$A$79:$A$82,0),1) -> 7902722 | J297: =K297 -> 22990816 | K297: =(SUMIFS(INDEX(Load,,MATCH('Summarized Source Data'!$C297,Hour,0)),Month,'Summarized Source Data'!$A297,Sector,'Summarized Source Data'!K$2,Subsector,"Total",TimeOfWeek,$E297)-SUM(F297:I297))*INDEX(About!G$79:G$82,MATCH($B297,About!$A$79:$A$82,0),1) -> 22990816 | L297: =SUMIFS(INDEX(Load,,MATCH('Summarized Source Data'!$C297,Hour,0)),Month,'Summarized Source Data'!$A297,Sector,'Summarized Source Data'!L$2,Subsector,'Summarized Source Data'!L$3,TimeOfWeek,$E297)*INDEX(About!H$79:H$82,MATCH($B297,About!$A$79:$A$82,0),1) -> 13200000 | M297: =SUMIFS(INDEX(Load,,MATCH('Summarized Source Data'!$C297,Hour,0)),Month,'Summarized Source Data'!$A297,Sector,'Summarized Source Data'!M$2,Subsector,'Summarized Source Data'!M$3,TimeOfWeek,$E297)*INDEX(About!I$79:I$82,MATCH($B297,About!$A$79:$A$82,0),1) -> 18737 | N297: =SUMIFS(INDEX(Load,,MATCH('Summarized Source Data'!$C297,Hour,0)),Month,'Summarized Source Data'!$A297,Sector,'Summarized Source Data'!N$2,Subsector,'Summarized Source Data'!N$3,TimeOfWeek,$E297)*INDEX(About!J$79:J$82,MATCH($B297,About!$A$79:$A$82,0),1) -> 0 | O297: =P297 -> 74581263 | P297: =(SUMIFS(INDEX(Load,,MATCH('Summarized Source Data'!$C297,Hour,0)),Month,'Summarized Source Data'!$A297,Sector,'Summarized Source Data'!P$2,Subsector,"Total",TimeOfWeek,$E297)-SUM(L297:N297)*INDEX(About!L$79:L$82,MATCH($B297,About!$A$79:$A$82,0),1)) -> 74581263 | Q297: =P297 -> 74581263 | R297: =SUMIFS(INDEX(Load,,MATCH('Summarized Source Data'!$C297,Hour,0)),Month,'Summarized Source Data'!$A297,Sector,'Summarized Source Data'!R$2,TimeOfWeek,$E297)*INDEX(About!N$79:N$82,MATCH($B297,About!$A$79:$A$82,0),1) -> 2618101 | S297: =SUMIFS(INDEX(Load,,MATCH('Summarized Source Data'!$C297,Hour,0)),Month,'Summarized Source Data'!$A297,Sector,'Summarized Source Data'!S$2,TimeOfWeek,$E297)*INDEX(About!O$79:O$82,MATCH($B297,About!$A$79:$A$82,0),1) -> 2618101 | T297: =SUMIFS(INDEX(Load,,MATCH('Summarized Source Data'!$C297,Hour,0)),Month,'Summarized Source Data'!$A297,Sector,'Summarized Source Data'!T$2,TimeOfWeek,$E297)*INDEX(About!P$79:P$82,MATCH($B297,About!$A$79:$A$82,0),1) -> 2618101 | U297: =SUMIFS(INDEX(Load,,MATCH('Summarized Source Data'!$C297,Hour,0)),Month,'Summarized Source Data'!$A297,Sector,'Summarized Source Data'!U$2,TimeOfWeek,$E297)*INDEX(About!Q$79:Q$82,MATCH($B297,About!$A$79:$A$82,0),1) -> 2618101 | V297: =SUMIFS(INDEX(Load,,MATCH('Summarized Source Data'!$C297,Hour,0)),Month,'Summarized Source Data'!$A297,Sector,'Summarized Source Data'!V$2,TimeOfWeek,$E297)*INDEX(About!R$79:R$82,MATCH($B297,About!$A$79:$A$82,0),1) -> 2618101 | W297: =SUMIFS(INDEX(Load,,MATCH('Summarized Source Data'!$C297,Hour,0)),Month,'Summarized Source Data'!$A297,Sector,'Summarized Source Data'!W$2,TimeOfWeek,$E297)*INDEX(About!S$79:S$82,MATCH($B297,About!$A$79:$A$82,0),1) -> 2618101 | X297: =SUMIFS(INDEX(Load,,MATCH('Summarized Source Data'!$C297,Hour,0)),Month,'Summarized Source Data'!$A297,Sector,'Summarized Source Data'!X$2,Subsector,'Summarized Source Data'!X$3,TimeOfWeek,$E297)*INDEX(About!T$79:T$82,MATCH($B297,About!$A$79:$A$82,0),1) -> 349000000 | Y297: =$X297 -> 349000000 | Z297: =$X297 -> 349000000
A298: =A10 -> 1 | B298: =INDEX('Category Mapping'!$G$28:$G$39,MATCH(A298,'Category Mapping'!$A$28:$A$39,0),1) -> Winter | C298: h7 | D298: Hour6 | E298: Weekend | F298: =SUMIFS(INDEX(Load,,MATCH('Summarized Source Data'!$C298,Hour,0)),Month,'Summarized Source Data'!$A298,Sector,'Summarized Source Data'!F$2,Subsector,'Summarized Source Data'!F$3,TimeOfWeek,$E298)*INDEX(About!B$79:B$82,MATCH($B298,About!$A$79:$A$82,0),1) -> 12500000 | G298: =SUMIFS(INDEX(Load,,MATCH('Summarized Source Data'!$C298,Hour,0)),Month,'Summarized Source Data'!$A298,Sector,'Summarized Source Data'!G$2,Subsector,'Summarized Source Data'!G$3,TimeOfWeek,$E298)*INDEX(About!C$79:C$82,MATCH($B298,About!$A$79:$A$82,0),1) -> 6203 | H298: =SUMIFS(INDEX(Load,,MATCH('Summarized Source Data'!$C298,Hour,0)),Month,'Summarized Source Data'!$A298,Sector,'Summarized Source Data'!H$2,Subsector,'Summarized Source Data'!H$3,TimeOfWeek,$E298)*INDEX(About!D$79:D$82,MATCH($B298,About!$A$79:$A$82,0),1) -> 0 | I298: =SUMIFS(INDEX(Load,,MATCH('Summarized Source Data'!$C298,Hour,0)),Month,'Summarized Source Data'!$A298,Sector,'Summarized Source Data'!I$2,Subsector,'Summarized Source Data'!I$3,TimeOfWeek,$E298)*INDEX(About!E$79:E$82,MATCH($B298,About!$A$79:$A$82,0),1) -> 13600000 | J298: =K298 -> 33893797 | K298: =(SUMIFS(INDEX(Load,,MATCH('Summarized Source Data'!$C298,Hour,0)),Month,'Summarized Source Data'!$A298,Sector,'Summarized Source Data'!K$2,Subsector,"Total",TimeOfWeek,$E298)-SUM(F298:I298))*INDEX(About!G$79:G$82,MATCH($B298,About!$A$79:$A$82,0),1) -> 33893797 | L298: =SUMIFS(INDEX(Load,,MATCH('Summarized Source Data'!$C298,Hour,0)),Month,'Summarized Source Data'!$A298,Sector,'Summarized Source Data'!L$2,Subsector,'Summarized Source Data'!L$3,TimeOfWeek,$E298)*INDEX(About!H$79:H$82,MATCH($B298,About!$A$79:$A$82,0),1) -> 15400000 | M298: =SUMIFS(INDEX(Load,,MATCH('Summarized Source Data'!$C298,Hour,0)),Month,'Summarized Source Data'!$A298,Sector,'Summarized Source Data'!M$2,Subsector,'Summarized Source Data'!M$3,TimeOfWeek,$E298)*INDEX(About!I$79:I$82,MATCH($B298,About!$A$79:$A$82,0),1) -> 19460 | N298: =SUMIFS(INDEX(Load,,MATCH('Summarized Source Data'!$C298,Hour,0)),Month,'Summarized Source Data'!$A298,Sector,'Summarized Source Data'!N$2,Subsector,'Summarized Source Data'!N$3,TimeOfWeek,$E298)*INDEX(About!J$79:J$82,MATCH($B298,About!$A$79:$A$82,0),1) -> 0 | O298: =P298 -> 83580540 | P298: =(SUMIFS(INDEX(Load,,MATCH('Summarized Source Data'!$C298,Hour,0)),Month,'Summarized Source Data'!$A298,Sector,'Summarized Source Data'!P$2,Subsector,"Total",TimeOfWeek,$E298)-SUM(L298:N298)*INDEX(About!L$79:L$82,MATCH($B298,About!$A$79:$A$82,0),1)) -> 83580540 | Q298: =P298 -> 83580540 | R298: =SUMIFS(INDEX(Load,,MATCH('Summarized Source Data'!$C298,Hour,0)),Month,'Summarized Source Data'!$A298,Sector,'Summarized Source Data'!R$2,TimeOfWeek,$E298)*INDEX(About!N$79:N$82,MATCH($B298,About!$A$79:$A$82,0),1) -> 3244568 | S298: =SUMIFS(INDEX(Load,,MATCH('Summarized Source Data'!$C298,Hour,0)),Month,'Summarized Source Data'!$A298,Sector,'Summarized Source Data'!S$2,TimeOfWeek,$E298)*INDEX(About!O$79:O$82,MATCH($B298,About!$A$79:$A$82,0),1) -> 3244568 | T298: =SUMIFS(INDEX(Load,,MATCH('Summarized Source Data'!$C298,Hour,0)),Month,'Summarized Source Data'!$A298,Sector,'Summarized Source Data'!T$2,TimeOfWeek,$E298)*INDEX(About!P$79:P$82,MATCH($B298,About!$A$79:$A$82,0),1) -> 3244568 | U298: =SUMIFS(INDEX(Load,,MATCH('Summarized Source Data'!$C298,Hour,0)),Month,'Summarized Source Data'!$A298,Sector,'Summarized Source Data'!U$2,TimeOfWeek,$E298)*INDEX(About!Q$79:Q$82,MATCH($B298,About!$A$79:$A$82,0),1) -> 3244568 | V298: =SUMIFS(INDEX(Load,,MATCH('Summarized Source Data'!$C298,Hour,0)),Month,'Summarized Source Data'!$A298,Sector,'Summarized Source Data'!V$2,TimeOfWeek,$E298)*INDEX(About!R$79:R$82,MATCH($B298,About!$A$79:$A$82,0),1) -> 3244568 | W298: =SUMIFS(INDEX(Load,,MATCH('Summarized Source Data'!$C298,Hour,0)),Month,'Summarized Source Data'!$A298,Sector,'Summarized Source Data'!W$2,TimeOfWeek,$E298)*INDEX(About!S$79:S$82,MATCH($B298,About!$A$79:$A$82,0),1) -> 3244568 | X298: =SUMIFS(INDEX(Load,,MATCH('Summarized Source Data'!$C298,Hour,0)),Month,'Summarized Source Data'!$A298,Sector,'Summarized Source Data'!X$2,Subsector,'Summarized Source Data'!X$3,TimeOfWeek,$E298)*INDEX(About!T$79:T$82,MATCH($B298,About!$A$79:$A$82,0),1) -> 351000000 | Y298: =$X298 -> 351000000 | Z298: =$X298 -> 351000000
A299: =A11 -> 1 | B299: =INDEX('Category Mapping'!$G$28:$G$39,MATCH(A299,'Category Mapping'!$A$28:$A$39,0),1) -> Winter | C299: h8 | D299: Hour7 | E299: Weekend | F299: =SUMIFS(INDEX(Load,,MATCH('Summarized Source Data'!$C299,Hour,0)),Month,'Summarized Source Data'!$A299,Sector,'Summarized Source Data'!F$2,Subsector,'Summarized Source Data'!F$3,TimeOfWeek,$E299)*INDEX(About!B$79:B$82,MATCH($B299,About!$A$79:$A$82,0),1) -> 13300000 | G299: =SUMIFS(INDEX(Load,,MATCH('Summarized Source Data'!$C299,Hour,0)),Month,'Summarized Source Data'!$A299,Sector,'Summarized Source Data'!G$2,Subsector,'Summarized Source Data'!G$3,TimeOfWeek,$E299)*INDEX(About!C$79:C$82,MATCH($B299,About!$A$79:$A$82,0),1) -> 5766 | H299: =SUMIFS(INDEX(Load,,MATCH('Summarized Source Data'!$C299,Hour,0)),Month,'Summarized Source Data'!$A299,Sector,'Summarized Source Data'!H$2,Subsector,'Summarized Source Data'!H$3,TimeOfWeek,$E299)*INDEX(About!D$79:D$82,MATCH($B299,About!$A$79:$A$82,0),1) -> 0 | I299: =SUMIFS(INDEX(Load,,MATCH('Summarized Source Data'!$C299,Hour,0)),Month,'Summarized Source Data'!$A299,Sector,'Summarized Source Data'!I$2,Subsector,'Summarized Source Data'!I$3,TimeOfWeek,$E299)*INDEX(About!E$79:E$82,MATCH($B299,About!$A$79:$A$82,0),1) -> 19200000 | J299: =K299 -> 48194234 | K299: =(SUMIFS(INDEX(Load,,MATCH('Summarized Source Data'!$C299,Hour,0)),Month,'Summarized Source Data'!$A299,Sector,'Summarized Source Data'!K$2,Subsector,"Total",TimeOfWeek,$E299)-SUM(F299:I299))*INDEX(About!G$79:G$82,MATCH($B299,About!$A$79:$A$82,0),1) -> 48194234 | L299: =SUMIFS(INDEX(Load,,MATCH('Summarized Source Data'!$C299,Hour,0)),Month,'Summarized Source Data'!$A299,Sector,'Summarized Source Data'!L$2,Subsector,'Summarized Source Data'!L$3,TimeOfWeek,$E299)*INDEX(About!H$79:H$82,MATCH($B299,About!$A$79:$A$82,0),1) -> 29700000 | M299: =SUMIFS(INDEX(Load,,MATCH('Summarized Source Data'!$C299,Hour,0)),Month,'Summarized Source Data'!$A299,Sector,'Summarized Source Data'!M$2,Subsector,'Summarized Source Data'!M$3,TimeOfWeek,$E299)*INDEX(About!I$79:I$82,MATCH($B299,About!$A$79:$A$82,0),1) -> 20888 | N299: =SUMIFS(INDEX(Load,,MATCH('Summarized Source Data'!$C299,Hour,0)),Month,'Summarized Source Data'!$A299,Sector,'Summarized Source Data'!N$2,Subsector,'Summarized Source Data'!N$3,TimeOfWeek,$E299)*INDEX(About!J$79:J$82,MATCH($B299,About!$A$79:$A$82,0),1) -> 0 | O299: =P299 -> 106279112 | P299: =(SUMIFS(INDEX(Load,,MATCH('Summarized Source Data'!$C299,Hour,0)),Month,'Summarized Source Data'!$A299,Sector,'Summarized Source Data'!P$2,Subsector,"Total",TimeOfWeek,$E299)-SUM(L299:N299)*INDEX(About!L$79:L$82,MATCH($B299,About!$A$79:$A$82,0),1)) -> 106279112 | Q299: =P299 -> 106279112 | R299: =SUMIFS(INDEX(Load,,MATCH('Summarized Source Data'!$C299,Hour,0)),Month,'Summarized Source Data'!$A299,Sector,'Summarized Source Data'!R$2,TimeOfWeek,$E299)*INDEX(About!N$79:N$82,MATCH($B299,About!$A$79:$A$82,0),1) -> 4220775 | S299: =SUMIFS(INDEX(Load,,MATCH('Summarized Source Data'!$C299,Hour,0)),Month,'Summarized Source Data'!$A299,Sector,'Summarized Source Data'!S$2,TimeOfWeek,$E299)*INDEX(About!O$79:O$82,MATCH($B299,About!$A$79:$A$82,0),1) -> 4220775 | T299: =SUMIFS(INDEX(Load,,MATCH('Summarized Source Data'!$C299,Hour,0)),Month,'Summarized Source Data'!$A299,Sector,'Summarized Source Data'!T$2,TimeOfWeek,$E299)*INDEX(About!P$79:P$82,MATCH($B299,About!$A$79:$A$82,0),1) -> 4220775 | U299: =SUMIFS(INDEX(Load,,MATCH('Summarized Source Data'!$C299,Hour,0)),Month,'Summarized Source Data'!$A299,Sector,'Summarized Source Data'!U$2,TimeOfWeek,$E299)*INDEX(About!Q$79:Q$82,MATCH($B299,About!$A$79:$A$82,0),1) -> 4220775 | V299: =SUMIFS(INDEX(Load,,MATCH('Summarized Source Data'!$C299,Hour,0)),Month,'Summarized Source Data'!$A299,Sector,'Summarized Source Data'!V$2,TimeOfWeek,$E299)*INDEX(About!R$79:R$82,MATCH($B299,About!$A$79:$A$82,0),1) -> 4220775 | W299: =SUMIFS(INDEX(Load,,MATCH('Summarized Source Data'!$C299,Hour,0)),Month,'Summarized Source Data'!$A299,Sector,'Summarized Source Data'!W$2,TimeOfWeek,$E299)*INDEX(About!S$79:S$82,MATCH($B299,About!$A$79:$A$82,0),1) -> 4220775 | X299: =SUMIFS(INDEX(Load,,MATCH('Summarized Source Data'!$C299,Hour,0)),Month,'Summarized Source Data'!$A299,Sector,'Summarized Source Data'!X$2,Subsector,'Summarized Source Data'!X$3,TimeOfWeek,$E299)*INDEX(About!T$79:T$82,MATCH($B299,About!$A$79:$A$82,0),1) -> 351000000 | Y299: =$X299 -> 351000000 | Z299: =$X299 -> 351000000
A300: =A12 -> 1 | B300: =INDEX('Category Mapping'!$G$28:$G$39,MATCH(A300,'Category Mapping'!$A$28:$A$39,0),1) -> Winter | C300: h9 | D300: Hour8 | E300: Weekend | F300: =SUMIFS(INDEX(Load,,MATCH('Summarized Source Data'!$C300,Hour,0)),Month,'Summarized Source Data'!$A300,Sector,'Summarized Source Data'!F$2,Subsector,'Summarized Source Data'!F$3,TimeOfWeek,$E300)*INDEX(About!B$79:B$82,MATCH($B300,About!$A$79:$A$82,0),1) -> 13600000 | G300: =SUMIFS(INDEX(Load,,MATCH('Summarized Source Data'!$C300,Hour,0)),Month,'Summarized Source Data'!$A300,Sector,'Summarized Source Data'!G$2,Subsector,'Summarized Source Data'!G$3,TimeOfWeek,$E300)*INDEX(About!C$79:C$82,MATCH($B300,About!$A$79:$A$82,0),1) -> 5158 | H300: =SUMIFS(INDEX(Load,,MATCH('Summarized Source Data'!$C300,Hour,0)),Month,'Summarized Source Data'!$A300,Sector,'Summarized Source Data'!H$2,Subsector,'Summarized Source Data'!H$3,TimeOfWeek,$E300)*INDEX(About!D$79:D$82,MATCH($B300,About!$A$79:$A$82,0),1) -> 0 | I300: =SUMIFS(INDEX(Load,,MATCH('Summarized Source Data'!$C300,Hour,0)),Month,'Summarized Source Data'!$A300,Sector,'Summarized Source Data'!I$2,Subsector,'Summarized Source Data'!I$3,TimeOfWeek,$E300)*INDEX(About!E$79:E$82,MATCH($B300,About!$A$79:$A$82,0),1) -> 7701263 | J300: =K300 -> 60593579 | K300: =(SUMIFS(INDEX(Load,,MATCH('Summarized Source Data'!$C300,Hour,0)),Month,'Summarized Source Data'!$A300,Sector,'Summarized Source Data'!K$2,Subsector,"Total",TimeOfWeek,$E300)-SUM(F300:I300))*INDEX(About!G$79:G$82,MATCH($B300,About!$A$79:$A$82,0),1) -> 60593579 | L300: =SUMIFS(INDEX(Load,,MATCH('Summarized Source Data'!$C300,Hour,0)),Month,'Summarized Source Data'!$A300,Sector,'Summarized Source Data'!L$2,Subsector,'Summarized Source Data'!L$3,TimeOfWeek,$E300)*INDEX(About!H$79:H$82,MATCH($B300,About!$A$79:$A$82,0),1) -> 37900000 | M300: =SUMIFS(INDEX(Load,,MATCH('Summarized Source Data'!$C300,Hour,0)),Month,'Summarized Source Data'!$A300,Sector,'Summarized Source Data'!M$2,Subsector,'Summarized Source Data'!M$3,TimeOfWeek,$E300)*INDEX(About!I$79:I$82,MATCH($B300,About!$A$79:$A$82,0),1) -> 22986 | N300: =SUMIFS(INDEX(Load,,MATCH('Summarized Source Data'!$C300,Hour,0)),Month,'Summarized Source Data'!$A300,Sector,'Summarized Source Data'!N$2,Subsector,'Summarized Source Data'!N$3,TimeOfWeek,$E300)*INDEX(About!J$79:J$82,MATCH($B300,About!$A$79:$A$82,0),1) -> 0 | O300: =P300 -> 121077014 | P300: =(SUMIFS(INDEX(Load,,MATCH('Summarized Source Data'!$C300,Hour,0)),Month,'Summarized Source Data'!$A300,Sector,'Summarized Source Data'!P$2,Subsector,"Total",TimeOfWeek,$E300)-SUM(L300:N300)*INDEX(About!L$79:L$82,MATCH($B300,About!$A$79:$A$82,0),1)) -> 121077014 | Q300: =P300 -> 121077014 | R300: =SUMIFS(INDEX(Load,,MATCH('Summarized Source Data'!$C300,Hour,0)),Month,'Summarized Source Data'!$A300,Sector,'Summarized Source Data'!R$2,TimeOfWeek,$E300)*INDEX(About!N$79:N$82,MATCH($B300,About!$A$79:$A$82,0),1) -> 5032557 | S300: =SUMIFS(INDEX(Load,,MATCH('Summarized Source Data'!$C300,Hour,0)),Month,'Summarized Source Data'!$A300,Sector,'Summarized Source Data'!S$2,TimeOfWeek,$E300)*INDEX(About!O$79:O$82,MATCH($B300,About!$A$79:$A$82,0),1) -> 5032557 | T300: =SUMIFS(INDEX(Load,,MATCH('Summarized Source Data'!$C300,Hour,0)),Month,'Summarized Source Data'!$A300,Sector,'Summarized Source Data'!T$2,TimeOfWeek,$E300)*INDEX(About!P$79:P$82,MATCH($B300,About!$A$79:$A$82,0),1) -> 5032557 | U300: =SUMIFS(INDEX(Load,,MATCH('Summarized Source Data'!$C300,Hour,0)),Month,'Summarized Source Data'!$A300,Sector,'Summarized Source Data'!U$2,TimeOfWeek,$E300)*INDEX(About!Q$79:Q$82,MATCH($B300,About!$A$79:$A$82,0),1) -> 5032557 | V300: =SUMIFS(INDEX(Load,,MATCH('Summarized Source Data'!$C300,Hour,0)),Month,'Summarized Source Data'!$A300,Sector,'Summarized Source Data'!V$2,TimeOfWeek,$E300)*INDEX(About!R$79:R$82,MATCH($B300,About!$A$79:$A$82,0),1) -> 5032557 | W300: =SUMIFS(INDEX(Load,,MATCH('Summarized Source Data'!$C300,Hour,0)),Month,'Summarized Source Data'!$A300,Sector,'Summarized Source Data'!W$2,TimeOfWeek,$E300)*INDEX(About!S$79:S$82,MATCH($B300,About!$A$79:$A$82,0),1) -> 5032557 | X300: =SUMIFS(INDEX(Load,,MATCH('Summarized Source Data'!$C300,Hour,0)),Month,'Summarized Source Data'!$A300,Sector,'Summarized Source Data'!X$2,Subsector,'Summarized Source Data'!X$3,TimeOfWeek,$E300)*INDEX(About!T$79:T$82,MATCH($B300,About!$A$79:$A$82,0),1) -> 350000000 | Y300: =$X300 -> 350000000 | Z300: =$X300 -> 350000000
A301: =A13 -> 1 | B301: =INDEX('Category Mapping'!$G$28:$G$39,MATCH(A301,'Category Mapping'!$A$28:$A$39,0),1) -> Winter | C301: h10 | D301: Hour9 | E301: Weekend | F301: =SUMIFS(INDEX(Load,,MATCH('Summarized Source Data'!$C301,Hour,0)),Month,'Summarized Source Data'!$A301,Sector,'Summarized Source Data'!F$2,Subsector,'Summarized Source Data'!F$3,TimeOfWeek,$E301)*INDEX(About!B$79:B$82,MATCH($B301,About!$A$79:$A$82,0),1) -> 13300000 | G301: =SUMIFS(INDEX(Load,,MATCH('Summarized Source Data'!$C301,Hour,0)),Month,'Summarized Source Data'!$A301,Sector,'Summarized Source Data'!G$2,Subsector,'Summarized Source Data'!G$3,TimeOfWeek,$E301)*INDEX(About!C$79:C$82,MATCH($B301,About!$A$79:$A$82,0),1) -> 4495 | H301: =SUMIFS(INDEX(Load,,MATCH('Summarized Source Data'!$C301,Hour,0)),Month,'Summarized Source Data'!$A301,Sector,'Summarized Source Data'!H$2,Subsector,'Summarized Source Data'!H$3,TimeOfWeek,$E301)*INDEX(About!D$79:D$82,MATCH($B301,About!$A$79:$A$82,0),1) -> 0 | I301: =SUMIFS(INDEX(Load,,MATCH('Summarized Source Data'!$C301,Hour,0)),Month,'Summarized Source Data'!$A301,Sector,'Summarized Source Data'!I$2,Subsector,'Summarized Source Data'!I$3,TimeOfWeek,$E301)*INDEX(About!E$79:E$82,MATCH($B301,About!$A$79:$A$82,0),1) -> 7979897 | J301: =K301 -> 76715608 | K301: =(SUMIFS(INDEX(Load,,MATCH('Summarized Source Data'!$C301,Hour,0)),Month,'Summarized Source Data'!$A301,Sector,'Summarized Source Data'!K$2,Subsector,"Total",TimeOfWeek,$E301)-SUM(F301:I301))*INDEX(About!G$79:G$82,MATCH($B301,About!$A$79:$A$82,0),1) -> 76715608 | L301: =SUMIFS(INDEX(Load,,MATCH('Summarized Source Data'!$C301,Hour,0)),Month,'Summarized Source Data'!$A301,Sector,'Summarized Source Data'!L$2,Subsector,'Summarized Source Data'!L$3,TimeOfWeek,$E301)*INDEX(About!H$79:H$82,MATCH($B301,About!$A$79:$A$82,0),1) -> 31200000 | M301: =SUMIFS(INDEX(Load,,MATCH('Summarized Source Data'!$C301,Hour,0)),Month,'Summarized Source Data'!$A301,Sector,'Summarized Source Data'!M$2,Subsector,'Summarized Source Data'!M$3,TimeOfWeek,$E301)*INDEX(About!I$79:I$82,MATCH($B301,About!$A$79:$A$82,0),1) -> 24327 | N301: =SUMIFS(INDEX(Load,,MATCH('Summarized Source Data'!$C301,Hour,0)),Month,'Summarized Source Data'!$A301,Sector,'Summarized Source Data'!N$2,Subsector,'Summarized Source Data'!N$3,TimeOfWeek,$E301)*INDEX(About!J$79:J$82,MATCH($B301,About!$A$79:$A$82,0),1) -> 0 | O301: =P301 -> 131775673 | P301: =(SUMIFS(INDEX(Load,,MATCH('Summarized Source Data'!$C301,Hour,0)),Month,'Summarized Source Data'!$A301,Sector,'Summarized Source Data'!P$2,Subsector,"Total",TimeOfWeek,$E301)-SUM(L301:N301)*INDEX(About!L$79:L$82,MATCH($B301,About!$A$79:$A$82,0),1)) -> 131775673 | Q301: =P301 -> 131775673 | R301: =SUMIFS(INDEX(Load,,MATCH('Summarized Source Data'!$C301,Hour,0)),Month,'Summarized Source Data'!$A301,Sector,'Summarized Source Data'!R$2,TimeOfWeek,$E301)*INDEX(About!N$79:N$82,MATCH($B301,About!$A$79:$A$82,0),1) -> 5697415 | S301: =SUMIFS(INDEX(Load,,MATCH('Summarized Source Data'!$C301,Hour,0)),Month,'Summarized Source Data'!$A301,Sector,'Summarized Source Data'!S$2,TimeOfWeek,$E301)*INDEX(About!O$79:O$82,MATCH($B301,About!$A$79:$A$82,0),1) -> 5697415 | T301: =SUMIFS(INDEX(Load,,MATCH('Summarized Source Data'!$C301,Hour,0)),Month,'Summarized Source Data'!$A301,Sector,'Summarized Source Data'!T$2,TimeOfWeek,$E301)*INDEX(About!P$79:P$82,MATCH($B301,About!$A$79:$A$82,0),1) -> 5697415 | U301: =SUMIFS(INDEX(Load,,MATCH('Summarized Source Data'!$C301,Hour,0)),Month,'Summarized Source Data'!$A301,Sector,'Summarized Source Data'!U$2,TimeOfWeek,$E301)*INDEX(About!Q$79:Q$82,MATCH($B301,About!$A$79:$A$82,0),1) -> 5697415 | V301: =SUMIFS(INDEX(Load,,MATCH('Summarized Source Data'!$C301,Hour,0)),Month,'Summarized Source Data'!$A301,Sector,'Summarized Source Data'!V$2,TimeOfWeek,$E301)*INDEX(About!R$79:R$82,MATCH($B301,About!$A$79:$A$82,0),1) -> 5697415 | W301: =SUMIFS(INDEX(Load,,MATCH('Summarized Source Data'!$C301,Hour,0)),Month,'Summarized Source Data'!$A301,Sector,'Summarized Source Data'!W$2,TimeOfWeek,$E301)*INDEX(About!S$79:S$82,MATCH($B301,About!$A$79:$A$82,0),1) -> 5697415 | X301: =SUMIFS(INDEX(Load,,MATCH('Summarized Source Data'!$C301,Hour,0)),Month,'Summarized Source Data'!$A301,Sector,'Summarized Source Data'!X$2,Subsector,'Summarized Source Data'!X$3,TimeOfWeek,$E301)*INDEX(About!T$79:T$82,MATCH($B301,About!$A$79:$A$82,0),1) -> 349000000 | Y301: =$X301 -> 349000000 | Z301: =$X301 -> 349000000
A302: =A14 -> 1 | B302: =INDEX('Category Mapping'!$G$28:$G$39,MATCH(A302,'Category Mapping'!$A$28:$A$39,0),1) -> Winter | C302: h11 | D302: Hour10 | E302: Weekend | F302: =SUMIFS(INDEX(Load,,MATCH('Summarized Source Data'!$C302,Hour,0)),Month,'Summarized Source Data'!$A302,Sector,'Summarized Source Data'!F$2,Subsector,'Summarized Source Data'!F$3,TimeOfWeek,$E302)*INDEX(About!B$79:B$82,MATCH($B302,About!$A$79:$A$82,0),1) -> 12800000 | G302: =SUMIFS(INDEX(Load,,MATCH('Summarized Source Data'!$C302,Hour,0)),Month,'Summarized Source Data'!$A302,Sector,'Summarized Source Data'!G$2,Subsector,'Summarized Source Data'!G$3,TimeOfWeek,$E302)*INDEX(About!C$79:C$82,MATCH($B302,About!$A$79:$A$82,0),1) -> 4195 | H302: =SUMIFS(INDEX(Load,,MATCH('Summarized Source Data'!$C302,Hour,0)),Month,'Summarized Source Data'!$A302,Sector,'Summarized Source Data'!H$2,Subsector,'Summarized Source Data'!H$3,TimeOfWeek,$E302)*INDEX(About!D$79:D$82,MATCH($B302,About!$A$79:$A$82,0),1) -> 0 | I302: =SUMIFS(INDEX(Load,,MATCH('Summarized Source Data'!$C302,Hour,0)),Month,'Summarized Source Data'!$A302,Sector,'Summarized Source Data'!I$2,Subsector,'Summarized Source Data'!I$3,TimeOfWeek,$E302)*INDEX(About!E$79:E$82,MATCH($B302,About!$A$79:$A$82,0),1) -> 8027498 | J302: =K302 -> 94168307 | K302: =(SUMIFS(INDEX(Load,,MATCH('Summarized Source Data'!$C302,Hour,0)),Month,'Summarized Source Data'!$A302,Sector,'Summarized Source Data'!K$2,Subsector,"Total",TimeOfWeek,$E302)-SUM(F302:I302))*INDEX(About!G$79:G$82,MATCH($B302,About!$A$79:$A$82,0),1) -> 94168307 | L302: =SUMIFS(INDEX(Load,,MATCH('Summarized Source Data'!$C302,Hour,0)),Month,'Summarized Source Data'!$A302,Sector,'Summarized Source Data'!L$2,Subsector,'Summarized Source Data'!L$3,TimeOfWeek,$E302)*INDEX(About!H$79:H$82,MATCH($B302,About!$A$79:$A$82,0),1) -> 26600000 | M302: =SUMIFS(INDEX(Load,,MATCH('Summarized Source Data'!$C302,Hour,0)),Month,'Summarized Source Data'!$A302,Sector,'Summarized Source Data'!M$2,Subsector,'Summarized Source Data'!M$3,TimeOfWeek,$E302)*INDEX(About!I$79:I$82,MATCH($B302,About!$A$79:$A$82,0),1) -> 25023 | N302: =SUMIFS(INDEX(Load,,MATCH('Summarized Source Data'!$C302,Hour,0)),Month,'Summarized Source Data'!$A302,Sector,'Summarized Source Data'!N$2,Subsector,'Summarized Source Data'!N$3,TimeOfWeek,$E302)*INDEX(About!J$79:J$82,MATCH($B302,About!$A$79:$A$82,0),1) -> 0 | O302: =P302 -> 129374977 | P302: =(SUMIFS(INDEX(Load,,MATCH('Summarized Source Data'!$C302,Hour,0)),Month,'Summarized Source Data'!$A302,Sector,'Summarized Source Data'!P$2,Subsector,"Total",TimeOfWeek,$E302)-SUM(L302:N302)*INDEX(About!L$79:L$82,MATCH($B302,About!$A$79:$A$82,0),1)) -> 129374977 | Q302: =P302 -> 129374977 | R302: =SUMIFS(INDEX(Load,,MATCH('Summarized Source Data'!$C302,Hour,0)),Month,'Summarized Source Data'!$A302,Sector,'Summarized Source Data'!R$2,TimeOfWeek,$E302)*INDEX(About!N$79:N$82,MATCH($B302,About!$A$79:$A$82,0),1) -> 6029056 | S302: =SUMIFS(INDEX(Load,,MATCH('Summarized Source Data'!$C302,Hour,0)),Month,'Summarized Source Data'!$A302,Sector,'Summarized Source Data'!S$2,TimeOfWeek,$E302)*INDEX(About!O$79:O$82,MATCH($B302,About!$A$79:$A$82,0),1) -> 6029056 | T302: =SUMIFS(INDEX(Load,,MATCH('Summarized Source Data'!$C302,Hour,0)),Month,'Summarized Source Data'!$A302,Sector,'Summarized Source Data'!T$2,TimeOfWeek,$E302)*INDEX(About!P$79:P$82,MATCH($B302,About!$A$79:$A$82,0),1) -> 6029056 | U302: =SUMIFS(INDEX(Load,,MATCH('Summarized Source Data'!$C302,Hour,0)),Month,'Summarized Source Data'!$A302,Sector,'Summarized Source Data'!U$2,TimeOfWeek,$E302)*INDEX(About!Q$79:Q$82,MATCH($B302,About!$A$79:$A$82,0),1) -> 6029056 | V302: =SUMIFS(INDEX(Load,,MATCH('Summarized Source Data'!$C302,Hour,0)),Month,'Summarized Source Data'!$A302,Sector,'Summarized Source Data'!V$2,TimeOfWeek,$E302)*INDEX(About!R$79:R$82,MATCH($B302,About!$A$79:$A$82,0),1) -> 6029056 | W302: =SUMIFS(INDEX(Load,,MATCH('Summarized Source Data'!$C302,Hour,0)),Month,'Summarized Source Data'!$A302,Sector,'Summarized Source Data'!W$2,TimeOfWeek,$E302)*INDEX(About!S$79:S$82,MATCH($B302,About!$A$79:$A$82,0),1) -> 6029056 | X302: =SUMIFS(INDEX(Load,,MATCH('Summarized Source Data'!$C302,Hour,0)),Month,'Summarized Source Data'!$A302,Sector,'Summarized Source Data'!X$2,Subsector,'Summarized Source Data'!X$3,TimeOfWeek,$E302)*INDEX(About!T$79:T$82,MATCH($B302,About!$A$79:$A$82,0),1) -> 348000000 | Y302: =$X302 -> 348000000 | Z302: =$X302 -> 348000000
A303: =A15 -> 1 | B303: =INDEX('Category Mapping'!$G$28:$G$39,MATCH(A303,'Category Mapping'!$A$28:$A$39,0),1) -> Winter | C303: h12 | D303: Hour11 | E303: Weekend | F303: =SUMIFS(INDEX(Load,,MATCH('Summarized Source Data'!$C303,Hour,0)),Month,'Summarized Source Data'!$A303,Sector,'Summarized Source Data'!F$2,Subsector,'Summarized Source Data'!F$3,TimeOfWeek,$E303)*INDEX(About!B$79:B$82,MATCH($B303,About!$A$79:$A$82,0),1) -> 10900000 | G303: =SUMIFS(INDEX(Load,,MATCH('Summarized Source Data'!$C303,Hour,0)),Month,'Summarized Source Data'!$A303,Sector,'Summarized Source Data'!G$2,Subsector,'Summarized Source Data'!G$3,TimeOfWeek,$E303)*INDEX(About!C$79:C$82,MATCH($B303,About!$A$79:$A$82,0),1) -> 4340 | H303: =SUMIFS(INDEX(Load,,MATCH('Summarized Source Data'!$C303,Hour,0)),Month,'Summarized Source Data'!$A303,Sector,'Summarized Source Data'!H$2,Subsector,'Summarized Source Data'!H$3,TimeOfWeek,$E303)*INDEX(About!D$79:D$82,MATCH($B303,About!$A$79:$A$82,0),1) -> 0 | I303: =SUMIFS(INDEX(Load,,MATCH('Summarized Source Data'!$C303,Hour,0)),Month,'Summarized Source Data'!$A303,Sector,'Summarized Source Data'!I$2,Subsector,'Summarized Source Data'!I$3,TimeOfWeek,$E303)*INDEX(About!E$79:E$82,MATCH($B303,About!$A$79:$A$82,0),1) -> 8517362 | J303: =K303 -> 103578298 | K303: =(SUMIFS(INDEX(Load,,MATCH('Summarized Source Data'!$C303,Hour,0)),Month,'Summarized Source Data'!$A303,Sector,'Summarized Source Data'!K$2,Subsector,"Total",TimeOfWeek,$E303)-SUM(F303:I303))*INDEX(About!G$79:G$82,MATCH($B303,About!$A$79:$A$82,0),1) -> 103578298 | L303: =SUMIFS(INDEX(Load,,MATCH('Summarized Source Data'!$C303,Hour,0)),Month,'Summarized Source Data'!$A303,Sector,'Summarized Source Data'!L$2,Subsector,'Summarized Source Data'!L$3,TimeOfWeek,$E303)*INDEX(About!H$79:H$82,MATCH($B303,About!$A$79:$A$82,0),1) -> 23700000 | M303: =SUMIFS(INDEX(Load,,MATCH('Summarized Source Data'!$C303,Hour,0)),Month,'Summarized Source Data'!$A303,Sector,'Summarized Source Data'!M$2,Subsector,'Summarized Source Data'!M$3,TimeOfWeek,$E303)*INDEX(About!I$79:I$82,MATCH($B303,About!$A$79:$A$82,0),1) -> 25186 | N303: =SUMIFS(INDEX(Load,,MATCH('Summarized Source Data'!$C303,Hour,0)),Month,'Summarized Source Data'!$A303,Sector,'Summarized Source Data'!N$2,Subsector,'Summarized Source Data'!N$3,TimeOfWeek,$E303)*INDEX(About!J$79:J$82,MATCH($B303,About!$A$79:$A$82,0),1) -> 0 | O303: =P303 -> 129274814 | P303: =(SUMIFS(INDEX(Load,,MATCH('Summarized Source Data'!$C303,Hour,0)),Month,'Summarized Source Data'!$A303,Sector,'Summarized Source Data'!P$2,Subsector,"Total",TimeOfWeek,$E303)-SUM(L303:N303)*INDEX(About!L$79:L$82,MATCH($B303,About!$A$79:$A$82,0),1)) -> 129274814 | Q303: =P303 -> 129274814 | R303: =SUMIFS(INDEX(Load,,MATCH('Summarized Source Data'!$C303,Hour,0)),Month,'Summarized Source Data'!$A303,Sector,'Summarized Source Data'!R$2,TimeOfWeek,$E303)*INDEX(About!N$79:N$82,MATCH($B303,About!$A$79:$A$82,0),1) -> 6210575 | S303: =SUMIFS(INDEX(Load,,MATCH('Summarized Source Data'!$C303,Hour,0)),Month,'Summarized Source Data'!$A303,Sector,'Summarized Source Data'!S$2,TimeOfWeek,$E303)*INDEX(About!O$79:O$82,MATCH($B303,About!$A$79:$A$82,0),1) -> 6210575 | T303: =SUMIFS(INDEX(Load,,MATCH('Summarized Source Data'!$C303,Hour,0)),Month,'Summarized Source Data'!$A303,Sector,'Summarized Source Data'!T$2,TimeOfWeek,$E303)*INDEX(About!P$79:P$82,MATCH($B303,About!$A$79:$A$82,0),1) -> 6210575 | U303: =SUMIFS(INDEX(Load,,MATCH('Summarized Source Data'!$C303,Hour,0)),Month,'Summarized Source Data'!$A303,Sector,'Summarized Source Data'!U$2,TimeOfWeek,$E303)*INDEX(About!Q$79:Q$82,MATCH($B303,About!$A$79:$A$82,0),1) -> 6210575 | V303: =SUMIFS(INDEX(Load,,MATCH('Summarized Source Data'!$C303,Hour,0)),Month,'Summarized Source Data'!$A303,Sector,'Summarized Source Data'!V$2,TimeOfWeek,$E303)*INDEX(About!R$79:R$82,MATCH($B303,About!$A$79:$A$82,0),1) -> 6210575 | W303: =SUMIFS(INDEX(Load,,MATCH('Summarized Source Data'!$C303,Hour,0)),Month,'Summarized Source Data'!$A303,Sector,'Summarized Source Data'!W$2,TimeOfWeek,$E303)*INDEX(About!S$79:S$82,MATCH($B303,About!$A$79:$A$82,0),1) -> 6210575 | X303: =SUMIFS(INDEX(Load,,MATCH('Summarized Source Data'!$C303,Hour,0)),Month,'Summarized Source Data'!$A303,Sector,'Summarized Source Data'!X$2,Subsector,'Summarized Source Data'!X$3,TimeOfWeek,$E303)*INDEX(About!T$79:T$82,MATCH($B303,About!$A$79:$A$82,0),1) -> 347000000 | Y303: =$X303 -> 347000000 | Z303: =$X303 -> 347000000
... A579: =A291 -> 12 | B579: =INDEX('Category Mapping'!$G$28:$G$39,MATCH(A579,'Category Mapping'!$A$28:$A$39,0),1) -> Winter | C579: h24 | D579: Hour23 | E579: Weekend | F579: =SUMIFS(INDEX(Load,,MATCH('Summarized Source Data'!$C579,Hour,0)),Month,'Summarized Source Data'!$A579,Sector,'Summarized Source Data'!F$2,Subsector,'Summarized Source Data'!F$3,TimeOfWeek,$E579)*INDEX(About!B$79:B$82,MATCH($B579,About!$A$79:$A$82,0),1) -> 9358097 | G579: =SUMIFS(INDEX(Load,,MATCH('Summarized Source Data'!$C579,Hour,0)),Month,'Summarized Source Data'!$A579,Sector,'Summarized Source Data'!G$2,Subsector,'Summarized Source Data'!G$3,TimeOfWeek,$E579)*INDEX(About!C$79:C$82,MATCH($B579,About!$A$79:$A$82,0),1) -> 8462 | H579: =SUMIFS(INDEX(Load,,MATCH('Summarized Source Data'!$C579,Hour,0)),Month,'Summarized Source Data'!$A579,Sector,'Summarized Source Data'!H$2,Subsector,'Summarized Source Data'!H$3,TimeOfWeek,$E579)*INDEX(About!D$79:D$82,MATCH($B579,About!$A$79:$A$82,0),1) -> 0 | I579: =SUMIFS(INDEX(Load,,MATCH('Summarized Source Data'!$C579,Hour,0)),Month,'Summarized Source Data'!$A579,Sector,'Summarized Source Data'!I$2,Subsector,'Summarized Source Data'!I$3,TimeOfWeek,$E579)*INDEX(About!E$79:E$82,MATCH($B579,About!$A$79:$A$82,0),1) -> 10400000 | J579: =K579 -> 49833441 | K579: =(SUMIFS(INDEX(Load,,MATCH('Summarized Source Data'!$C579,Hour,0)),Month,'Summarized Source Data'!$A579,Sector,'Summarized Source Data'!K$2,Subsector,"Total",TimeOfWeek,$E579)-SUM(F579:I579))*INDEX(About!G$79:G$82,MATCH($B579,About!$A$79:$A$82,0),1) -> 49833441 | L579: =SUMIFS(INDEX(Load,,MATCH('Summarized Source Data'!$C579,Hour,0)),Month,'Summarized Source Data'!$A579,Sector,'Summarized Source Data'!L$2,Subsector,'Summarized Source Data'!L$3,TimeOfWeek,$E579)*INDEX(About!H$79:H$82,MATCH($B579,About!$A$79:$A$82,0),1) -> 13100000 | M579: =SUMIFS(INDEX(Load,,MATCH('Summarized Source Data'!$C579,Hour,0)),Month,'Summarized Source Data'!$A579,Sector,'Summarized Source Data'!M$2,Subsector,'Summarized Source Data'!M$3,TimeOfWeek,$E579)*INDEX(About!I$79:I$82,MATCH($B579,About!$A$79:$A$82,0),1) -> 27087 | N579: =SUMIFS(INDEX(Load,,MATCH('Summarized Source Data'!$C579,Hour,0)),Month,'Summarized Source Data'!$A579,Sector,'Summarized Source Data'!N$2,Subsector,'Summarized Source Data'!N$3,TimeOfWeek,$E579)*INDEX(About!J$79:J$82,MATCH($B579,About!$A$79:$A$82,0),1) -> 0 | O579: =P579 -> 78772913 | P579: =(SUMIFS(INDEX(Load,,MATCH('Summarized Source Data'!$C579,Hour,0)),Month,'Summarized Source Data'!$A579,Sector,'Summarized Source Data'!P$2,Subsector,"Total",TimeOfWeek,$E579)-SUM(L579:N579)*INDEX(About!L$79:L$82,MATCH($B579,About!$A$79:$A$82,0),1)) -> 78772913 | Q579: =P579 -> 78772913 | R579: =SUMIFS(INDEX(Load,,MATCH('Summarized Source Data'!$C579,Hour,0)),Month,'Summarized Source Data'!$A579,Sector,'Summarized Source Data'!R$2,TimeOfWeek,$E579)*INDEX(About!N$79:N$82,MATCH($B579,About!$A$79:$A$82,0),1) -> 3849980 | S579: =SUMIFS(INDEX(Load,,MATCH('Summarized Source Data'!$C579,Hour,0)),Month,'Summarized Source Data'!$A579,Sector,'Summarized Source Data'!S$2,TimeOfWeek,$E579)*INDEX(About!O$79:O$82,MATCH($B579,About!$A$79:$A$82,0),1) -> 3849980 | T579: =SUMIFS(INDEX(Load,,MATCH('Summarized Source Data'!$C579,Hour,0)),Month,'Summarized Source Data'!$A579,Sector,'Summarized Source Data'!T$2,TimeOfWeek,$E579)*INDEX(About!P$79:P$82,MATCH($B579,About!$A$79:$A$82,0),1) -> 3849980 | U579: =SUMIFS(INDEX(Load,,MATCH('Summarized Source Data'!$C579,Hour,0)),Month,'Summarized Source Data'!$A579,Sector,'Summarized Source Data'!U$2,TimeOfWeek,$E579)*INDEX(About!Q$79:Q$82,MATCH($B579,About!$A$79:$A$82,0),1) -> 3849980 | V579: =SUMIFS(INDEX(Load,,MATCH('Summarized Source Data'!$C579,Hour,0)),Month,'Summarized Source Data'!$A579,Sector,'Summarized Source Data'!V$2,TimeOfWeek,$E579)*INDEX(About!R$79:R$82,MATCH($B579,About!$A$79:$A$82,0),1) -> 3849980 | W579: =SUMIFS(INDEX(Load,,MATCH('Summarized Source Data'!$C579,Hour,0)),Month,'Summarized Source Data'!$A579,Sector,'Summarized Source Data'!W$2,TimeOfWeek,$E579)*INDEX(About!S$79:S$82,MATCH($B579,About!$A$79:$A$82,0),1) -> 3849980 | X579: =SUMIFS(INDEX(Load,,MATCH('Summarized Source Data'!$C579,Hour,0)),Month,'Summarized Source Data'!$A579,Sector,'Summarized Source Data'!X$2,Subsector,'Summarized Source Data'!X$3,TimeOfWeek,$E579)*INDEX(About!T$79:T$82,MATCH($B579,About!$A$79:$A$82,0),1) -> 323000000 | Y579: =$X579 -> 323000000 | Z579: =$X579 -> 323000000
A581: Total Season Demand Per Specified Hour, Time of Week, and End Use (kW/month)
F582: Residential | G582: Residential | H582: Residential | I582: Residential | J582: Residential | K582: Residential | L582: Commercial | M582: Commercial | N582: Commercial | O582: Commercial | P582: Commercial | Q582: Commercial | R582: Transportation | S582: Transportation | T582: Transportation | U582: Transportation | V582: Transportation | W582: Transportation | X582: Industry | Y582: Industry | Z582: Industry
A583: Month | B583: Season | C583: Hour | E583: Time of Week | F583: Heating | G583: Cooling | H583: Envelope | I583: Lighting | J583: Appliances | K583: Other | L583: Heating | M583: Cooling | N583: Envelope | O583: Lighting | P583: Appliances | Q583: Other | R583: LDVs | S583: HDVs | T583: Aircraft | U583: Rail | V583: Ships | W583: Motorbikes | X583: Industry | Y583: District Heat and Hydrogen | Z583: Geoengineering
A584: =A4 -> 1 | B584: =B4 -> Winter | C584: =C4 -> h1 | D584: =D4 -> Hour0 | E584: =E4 -> Weekday | F584: =F4*IF($E584="weekday",INDEX('Category Mapping'!$F$28:$F$39,MATCH('Summarized Source Data'!$A584,'Category Mapping'!$A$28:$A$39,0),1),INDEX('Category Mapping'!$E$28:$E$39,MATCH($A584,'Category Mapping'!$A$28:$A$39,0),1)) -> 4.5835714e+08 | G584: =G4*IF($E584="weekday",INDEX('Category Mapping'!$F$28:$F$39,MATCH('Summarized Source Data'!$A584,'Category Mapping'!$A$28:$A$39,0),1),INDEX('Category Mapping'!$E$28:$E$39,MATCH($A584,'Category Mapping'!$A$28:$A$39,0),1)) -> 296205 | H584: =H4*IF($E584="weekday",INDEX('Category Mapping'!$F$28:$F$39,MATCH('Summarized Source Data'!$A584,'Category Mapping'!$A$28:$A$39,0),1),INDEX('Category Mapping'!$E$28:$E$39,MATCH($A584,'Category Mapping'!$A$28:$A$39,0),1)) -> 0 | I584: =I4*IF($E584="weekday",INDEX('Category Mapping'!$F$28:$F$39,MATCH('Summarized Source Data'!$A584,'Category Mapping'!$A$28:$A$39,0),1),INDEX('Category Mapping'!$E$28:$E$39,MATCH($A584,'Category Mapping'!$A$28:$A$39,0),1)) -> 2.5907143e+08 | J584: =J4*IF($E584="weekday",INDEX('Category Mapping'!$F$28:$F$39,MATCH('Summarized Source Data'!$A584,'Category Mapping'!$A$28:$A$39,0),1),INDEX('Category Mapping'!$E$28:$E$39,MATCH($A584,'Category Mapping'!$A$28:$A$39,0),1)) -> 1.6515609e+09 | K584: =K4*IF($E584="weekday",INDEX('Category Mapping'!$F$28:$F$39,MATCH('Summarized Source Data'!$A584,'Category Mapping'!$A$28:$A$39,0),1),INDEX('Category Mapping'!$E$28:$E$39,MATCH($A584,'Category Mapping'!$A$28:$A$39,0),1)) -> 1.6515609e+09 | L584: =L4*IF($E584="weekday",INDEX('Category Mapping'!$F$28:$F$39,MATCH('Summarized Source Data'!$A584,'Category Mapping'!$A$28:$A$39,0),1),INDEX('Category Mapping'!$E$28:$E$39,MATCH($A584,'Category Mapping'!$A$28:$A$39,0),1)) -> 9.3664286e+08 | M584: =M4*IF($E584="weekday",INDEX('Category Mapping'!$F$28:$F$39,MATCH('Summarized Source Data'!$A584,'Category Mapping'!$A$28:$A$39,0),1),INDEX('Category Mapping'!$E$28:$E$39,MATCH($A584,'Category Mapping'!$A$28:$A$39,0),1)) -> 784455 | ... Z584: =Z4*IF($E584="weekday",INDEX('Category Mapping'!$F$28:$F$39,MATCH('Summarized Source Data'!$A584,'Category Mapping'!$A$28:$A$39,0),1),INDEX('Category Mapping'!$E$28:$E$39,MATCH($A584,'Category Mapping'!$A$28:$A$39,0),1)) -> 1.4636429e+10
A585: =A5 -> 1 | B585: =B5 -> Winter | C585: =C5 -> h2 | D585: =D5 -> Hour1 | E585: =E5 -> Weekday | F585: =F5*IF($E585="weekday",INDEX('Category Mapping'!$F$28:$F$39,MATCH('Summarized Source Data'!$A585,'Category Mapping'!$A$28:$A$39,0),1),INDEX('Category Mapping'!$E$28:$E$39,MATCH($A585,'Category Mapping'!$A$28:$A$39,0),1)) -> 4.6721429e+08 | G585: =G5*IF($E585="weekday",INDEX('Category Mapping'!$F$28:$F$39,MATCH('Summarized Source Data'!$A585,'Category Mapping'!$A$28:$A$39,0),1),INDEX('Category Mapping'!$E$28:$E$39,MATCH($A585,'Category Mapping'!$A$28:$A$39,0),1)) -> 297865.71 | H585: =H5*IF($E585="weekday",INDEX('Category Mapping'!$F$28:$F$39,MATCH('Summarized Source Data'!$A585,'Category Mapping'!$A$28:$A$39,0),1),INDEX('Category Mapping'!$E$28:$E$39,MATCH($A585,'Category Mapping'!$A$28:$A$39,0),1)) -> 0 | I585: =I5*IF($E585="weekday",INDEX('Category Mapping'!$F$28:$F$39,MATCH('Summarized Source Data'!$A585,'Category Mapping'!$A$28:$A$39,0),1),INDEX('Category Mapping'!$E$28:$E$39,MATCH($A585,'Category Mapping'!$A$28:$A$39,0),1)) -> 2.3914286e+08 | J585: =J5*IF($E585="weekday",INDEX('Category Mapping'!$F$28:$F$39,MATCH('Summarized Source Data'!$A585,'Category Mapping'!$A$28:$A$39,0),1),INDEX('Category Mapping'!$E$28:$E$39,MATCH($A585,'Category Mapping'!$A$28:$A$39,0),1)) -> 1.2020593e+09 | K585: =K5*IF($E585="weekday",INDEX('Category Mapping'!$F$28:$F$39,MATCH('Summarized Source Data'!$A585,'Category Mapping'!$A$28:$A$39,0),1),INDEX('Category Mapping'!$E$28:$E$39,MATCH($A585,'Category Mapping'!$A$28:$A$39,0),1)) -> 1.2020593e+09 | L585: =L5*IF($E585="weekday",INDEX('Category Mapping'!$F$28:$F$39,MATCH('Summarized Source Data'!$A585,'Category Mapping'!$A$28:$A$39,0),1),INDEX('Category Mapping'!$E$28:$E$39,MATCH($A585,'Category Mapping'!$A$28:$A$39,0),1)) -> 8.5471429e+08 | M585: =M5*IF($E585="weekday",INDEX('Category Mapping'!$F$28:$F$39,MATCH('Summarized Source Data'!$A585,'Category Mapping'!$A$28:$A$39,0),1),INDEX('Category Mapping'!$E$28:$E$39,MATCH($A585,'Category Mapping'!$A$28:$A$39,0),1)) -> 739704.29 | ... Z585: =Z5*IF($E585="weekday",INDEX('Category Mapping'!$F$28:$F$39,MATCH('Summarized Source Data'!$A585,'Category Mapping'!$A$28:$A$39,0),1),INDEX('Category Mapping'!$E$28:$E$39,MATCH($A585,'Category Mapping'!$A$28:$A$39,0),1)) -> 1.4614286e+10
A586: =A6 -> 1 | B586: =B6 -> Winter | C586: =C6 -> h3 | D586: =D6 -> Hour2 | E586: =E6 -> Weekday | F586: =F6*IF($E586="weekday",INDEX('Category Mapping'!$F$28:$F$39,MATCH('Summarized Source Data'!$A586,'Category Mapping'!$A$28:$A$39,0),1),INDEX('Category Mapping'!$E$28:$E$39,MATCH($A586,'Category Mapping'!$A$28:$A$39,0),1)) -> 4.6942857e+08 | G586: =G6*IF($E586="weekday",INDEX('Category Mapping'!$F$28:$F$39,MATCH('Summarized Source Data'!$A586,'Category Mapping'!$A$28:$A$39,0),1),INDEX('Category Mapping'!$E$28:$E$39,MATCH($A586,'Category Mapping'!$A$28:$A$39,0),1)) -> 299017.14 | H586: =H6*IF($E586="weekday",INDEX('Category Mapping'!$F$28:$F$39,MATCH('Summarized Source Data'!$A586,'Category Mapping'!$A$28:$A$39,0),1),INDEX('Category Mapping'!$E$28:$E$39,MATCH($A586,'Category Mapping'!$A$28:$A$39,0),1)) -> 0 | I586: =I6*IF($E586="weekday",INDEX('Category Mapping'!$F$28:$F$39,MATCH('Summarized Source Data'!$A586,'Category Mapping'!$A$28:$A$39,0),1),INDEX('Category Mapping'!$E$28:$E$39,MATCH($A586,'Category Mapping'!$A$28:$A$39,0),1)) -> 2.3692857e+08 | J586: =J6*IF($E586="weekday",INDEX('Category Mapping'!$F$28:$F$39,MATCH('Summarized Source Data'!$A586,'Category Mapping'!$A$28:$A$39,0),1),INDEX('Category Mapping'!$E$28:$E$39,MATCH($A586,'Category Mapping'!$A$28:$A$39,0),1)) -> 967343840 | K586: =K6*IF($E586="weekday",INDEX('Category Mapping'!$F$28:$F$39,MATCH('Summarized Source Data'!$A586,'Category Mapping'!$A$28:$A$39,0),1),INDEX('Category Mapping'!$E$28:$E$39,MATCH($A586,'Category Mapping'!$A$28:$A$39,0),1)) -> 967343840 | L586: =L6*IF($E586="weekday",INDEX('Category Mapping'!$F$28:$F$39,MATCH('Summarized Source Data'!$A586,'Category Mapping'!$A$28:$A$39,0),1),INDEX('Category Mapping'!$E$28:$E$39,MATCH($A586,'Category Mapping'!$A$28:$A$39,0),1)) -> 7.7057143e+08 | M586: =M6*IF($E586="weekday",INDEX('Category Mapping'!$F$28:$F$39,MATCH('Summarized Source Data'!$A586,'Category Mapping'!$A$28:$A$39,0),1),INDEX('Category Mapping'!$E$28:$E$39,MATCH($A586,'Category Mapping'!$A$28:$A$39,0),1)) -> 721015.71 | ... Z586: =Z6*IF($E586="weekday",INDEX('Category Mapping'!$F$28:$F$39,MATCH('Summarized Source Data'!$A586,'Category Mapping'!$A$28:$A$39,0),1),INDEX('Category Mapping'!$E$28:$E$39,MATCH($A586,'Category Mapping'!$A$28:$A$39,0),1)) -> 1.4614286e+10
A587: =A7 -> 1 | B587: =B7 -> Winter | C587: =C7 -> h4 | D587: =D7 -> Hour3 | E587: =E7 -> Weekday | F587: =F7*IF($E587="weekday",INDEX('Category Mapping'!$F$28:$F$39,MATCH('Summarized Source Data'!$A587,'Category Mapping'!$A$28:$A$39,0),1),INDEX('Category Mapping'!$E$28:$E$39,MATCH($A587,'Category Mapping'!$A$28:$A$39,0),1)) -> 4.6721429e+08 | G587: =G7*IF($E587="weekday",INDEX('Category Mapping'!$F$28:$F$39,MATCH('Summarized Source Data'!$A587,'Category Mapping'!$A$28:$A$39,0),1),INDEX('Category Mapping'!$E$28:$E$39,MATCH($A587,'Category Mapping'!$A$28:$A$39,0),1)) -> 299172.14 | H587: =H7*IF($E587="weekday",INDEX('Category Mapping'!$F$28:$F$39,MATCH('Summarized Source Data'!$A587,'Category Mapping'!$A$28:$A$39,0),1),INDEX('Category Mapping'!$E$28:$E$39,MATCH($A587,'Category Mapping'!$A$28:$A$39,0),1)) -> 0 | I587: =I7*IF($E587="weekday",INDEX('Category Mapping'!$F$28:$F$39,MATCH('Summarized Source Data'!$A587,'Category Mapping'!$A$28:$A$39,0),1),INDEX('Category Mapping'!$E$28:$E$39,MATCH($A587,'Category Mapping'!$A$28:$A$39,0),1)) -> 2.4135714e+08 | J587: =J7*IF($E587="weekday",INDEX('Category Mapping'!$F$28:$F$39,MATCH('Summarized Source Data'!$A587,'Category Mapping'!$A$28:$A$39,0),1),INDEX('Category Mapping'!$E$28:$E$39,MATCH($A587,'Category Mapping'!$A$28:$A$39,0),1)) -> 8.3891511e+08 | K587: =K7*IF($E587="weekday",INDEX('Category Mapping'!$F$28:$F$39,MATCH('Summarized Source Data'!$A587,'Category Mapping'!$A$28:$A$39,0),1),INDEX('Category Mapping'!$E$28:$E$39,MATCH($A587,'Category Mapping'!$A$28:$A$39,0),1)) -> 8.3891511e+08 | L587: =L7*IF($E587="weekday",INDEX('Category Mapping'!$F$28:$F$39,MATCH('Summarized Source Data'!$A587,'Category Mapping'!$A$28:$A$39,0),1),INDEX('Category Mapping'!$E$28:$E$39,MATCH($A587,'Category Mapping'!$A$28:$A$39,0),1)) -> 8.0378571e+08 | M587: =M7*IF($E587="weekday",INDEX('Category Mapping'!$F$28:$F$39,MATCH('Summarized Source Data'!$A587,'Category Mapping'!$A$28:$A$39,0),1),INDEX('Category Mapping'!$E$28:$E$39,MATCH($A587,'Category Mapping'!$A$28:$A$39,0),1)) -> 710475.71 | ... Z587: =Z7*IF($E587="weekday",INDEX('Category Mapping'!$F$28:$F$39,MATCH('Summarized Source Data'!$A587,'Category Mapping'!$A$28:$A$39,0),1),INDEX('Category Mapping'!$E$28:$E$39,MATCH($A587,'Category Mapping'!$A$28:$A$39,0),1)) -> 1.4614286e+10
A588: =A8 -> 1 | B588: =B8 -> Winter | C588: =C8 -> h5 | D588: =D8 -> Hour4 | E588: =E8 -> Weekday | F588: =F8*IF($E588="weekday",INDEX('Category Mapping'!$F$28:$F$39,MATCH('Summarized Source Data'!$A588,'Category Mapping'!$A$28:$A$39,0),1),INDEX('Category Mapping'!$E$28:$E$39,MATCH($A588,'Category Mapping'!$A$28:$A$39,0),1)) -> 4.5835714e+08 | G588: =G8*IF($E588="weekday",INDEX('Category Mapping'!$F$28:$F$39,MATCH('Summarized Source Data'!$A588,'Category Mapping'!$A$28:$A$39,0),1),INDEX('Category Mapping'!$E$28:$E$39,MATCH($A588,'Category Mapping'!$A$28:$A$39,0),1)) -> 291599.29 | H588: =H8*IF($E588="weekday",INDEX('Category Mapping'!$F$28:$F$39,MATCH('Summarized Source Data'!$A588,'Category Mapping'!$A$28:$A$39,0),1),INDEX('Category Mapping'!$E$28:$E$39,MATCH($A588,'Category Mapping'!$A$28:$A$39,0),1)) -> 0 | I588: =I8*IF($E588="weekday",INDEX('Category Mapping'!$F$28:$F$39,MATCH('Summarized Source Data'!$A588,'Category Mapping'!$A$28:$A$39,0),1),INDEX('Category Mapping'!$E$28:$E$39,MATCH($A588,'Category Mapping'!$A$28:$A$39,0),1)) -> 3.1221429e+08 | J588: =J8*IF($E588="weekday",INDEX('Category Mapping'!$F$28:$F$39,MATCH('Summarized Source Data'!$A588,'Category Mapping'!$A$28:$A$39,0),1),INDEX('Category Mapping'!$E$28:$E$39,MATCH($A588,'Category Mapping'!$A$28:$A$39,0),1)) -> 8.8985126e+08 | K588: =K8*IF($E588="weekday",INDEX('Category Mapping'!$F$28:$F$39,MATCH('Summarized Source Data'!$A588,'Category Mapping'!$A$28:$A$39,0),1),INDEX('Category Mapping'!$E$28:$E$39,MATCH($A588,'Category Mapping'!$A$28:$A$39,0),1)) -> 8.8985126e+08 | L588: =L8*IF($E588="weekday",INDEX('Category Mapping'!$F$28:$F$39,MATCH('Summarized Source Data'!$A588,'Category Mapping'!$A$28:$A$39,0),1),INDEX('Category Mapping'!$E$28:$E$39,MATCH($A588,'Category Mapping'!$A$28:$A$39,0),1)) -> 8.4364286e+08 | M588: =M8*IF($E588="weekday",INDEX('Category Mapping'!$F$28:$F$39,MATCH('Summarized Source Data'!$A588,'Category Mapping'!$A$28:$A$39,0),1),INDEX('Category Mapping'!$E$28:$E$39,MATCH($A588,'Category Mapping'!$A$28:$A$39,0),1)) -> 708217.14 | ... Z588: =Z8*IF($E588="weekday",INDEX('Category Mapping'!$F$28:$F$39,MATCH('Summarized Source Data'!$A588,'Category Mapping'!$A$28:$A$39,0),1),INDEX('Category Mapping'!$E$28:$E$39,MATCH($A588,'Category Mapping'!$A$28:$A$39,0),1)) -> 1.4658571e+10
A589: =A9 -> 1 | B589: =B9 -> Winter | C589: =C9 -> h6 | D589: =D9 -> Hour5 | E589: =E9 -> Weekday | F589: =F9*IF($E589="weekday",INDEX('Category Mapping'!$F$28:$F$39,MATCH('Summarized Source Data'!$A589,'Category Mapping'!$A$28:$A$39,0),1),INDEX('Category Mapping'!$E$28:$E$39,MATCH($A589,'Category Mapping'!$A$28:$A$39,0),1)) -> 5.5357143e+08 | G589: =G9*IF($E589="weekday",INDEX('Category Mapping'!$F$28:$F$39,MATCH('Summarized Source Data'!$A589,'Category Mapping'!$A$28:$A$39,0),1),INDEX('Category Mapping'!$E$28:$E$39,MATCH($A589,'Category Mapping'!$A$28:$A$39,0),1)) -> 268127.86 | H589: =H9*IF($E589="weekday",INDEX('Category Mapping'!$F$28:$F$39,MATCH('Summarized Source Data'!$A589,'Category Mapping'!$A$28:$A$39,0),1),INDEX('Category Mapping'!$E$28:$E$39,MATCH($A589,'Category Mapping'!$A$28:$A$39,0),1)) -> 0 | I589: =I9*IF($E589="weekday",INDEX('Category Mapping'!$F$28:$F$39,MATCH('Summarized Source Data'!$A589,'Category Mapping'!$A$28:$A$39,0),1),INDEX('Category Mapping'!$E$28:$E$39,MATCH($A589,'Category Mapping'!$A$28:$A$39,0),1)) -> 5.3585714e+08 | J589: =J9*IF($E589="weekday",INDEX('Category Mapping'!$F$28:$F$39,MATCH('Summarized Source Data'!$A589,'Category Mapping'!$A$28:$A$39,0),1),INDEX('Category Mapping'!$E$28:$E$39,MATCH($A589,'Category Mapping'!$A$28:$A$39,0),1)) -> 1.2353033e+09 | K589: =K9*IF($E589="weekday",INDEX('Category Mapping'!$F$28:$F$39,MATCH('Summarized Source Data'!$A589,'Category Mapping'!$A$28:$A$39,0),1),INDEX('Category Mapping'!$E$28:$E$39,MATCH($A589,'Category Mapping'!$A$28:$A$39,0),1)) -> 1.2353033e+09 | L589: =L9*IF($E589="weekday",INDEX('Category Mapping'!$F$28:$F$39,MATCH('Summarized Source Data'!$A589,'Category Mapping'!$A$28:$A$39,0),1),INDEX('Category Mapping'!$E$28:$E$39,MATCH($A589,'Category Mapping'!$A$28:$A$39,0),1)) -> 8.5914286e+08 | M589: =M9*IF($E589="weekday",INDEX('Category Mapping'!$F$28:$F$39,MATCH('Summarized Source Data'!$A589,'Category Mapping'!$A$28:$A$39,0),1),INDEX('Category Mapping'!$E$28:$E$39,MATCH($A589,'Category Mapping'!$A$28:$A$39,0),1)) -> 730360 | ... Z589: =Z9*IF($E589="weekday",INDEX('Category Mapping'!$F$28:$F$39,MATCH('Summarized Source Data'!$A589,'Category Mapping'!$A$28:$A$39,0),1),INDEX('Category Mapping'!$E$28:$E$39,MATCH($A589,'Category Mapping'!$A$28:$A$39,0),1)) -> 1.4747143e+10
A590: =A10 -> 1 | B590: =B10 -> Winter | C590: =C10 -> h7 | D590: =D10 -> Hour6 | E590: =E10 -> Weekday | F590: =F10*IF($E590="weekday",INDEX('Category Mapping'!$F$28:$F$39,MATCH('Summarized Source Data'!$A590,'Category Mapping'!$A$28:$A$39,0),1),INDEX('Category Mapping'!$E$28:$E$39,MATCH($A590,'Category Mapping'!$A$28:$A$39,0),1)) -> 5.8235714e+08 | G590: =G10*IF($E590="weekday",INDEX('Category Mapping'!$F$28:$F$39,MATCH('Summarized Source Data'!$A590,'Category Mapping'!$A$28:$A$39,0),1),INDEX('Category Mapping'!$E$28:$E$39,MATCH($A590,'Category Mapping'!$A$28:$A$39,0),1)) -> 219037.14 | H590: =H10*IF($E590="weekday",INDEX('Category Mapping'!$F$28:$F$39,MATCH('Summarized Source Data'!$A590,'Category Mapping'!$A$28:$A$39,0),1),INDEX('Category Mapping'!$E$28:$E$39,MATCH($A590,'Category Mapping'!$A$28:$A$39,0),1)) -> 0 | I590: =I10*IF($E590="weekday",INDEX('Category Mapping'!$F$28:$F$39,MATCH('Summarized Source Data'!$A590,'Category Mapping'!$A$28:$A$39,0),1),INDEX('Category Mapping'!$E$28:$E$39,MATCH($A590,'Category Mapping'!$A$28:$A$39,0),1)) -> 7.8164286e+08 | J590: =J10*IF($E590="weekday",INDEX('Category Mapping'!$F$28:$F$39,MATCH('Summarized Source Data'!$A590,'Category Mapping'!$A$28:$A$39,0),1),INDEX('Category Mapping'!$E$28:$E$39,MATCH($A590,'Category Mapping'!$A$28:$A$39,0),1)) -> 1.9793524e+09 | K590: =K10*IF($E590="weekday",INDEX('Category Mapping'!$F$28:$F$39,MATCH('Summarized Source Data'!$A590,'Category Mapping'!$A$28:$A$39,0),1),INDEX('Category Mapping'!$E$28:$E$39,MATCH($A590,'Category Mapping'!$A$28:$A$39,0),1)) -> 1.9793524e+09 | L590: =L10*IF($E590="weekday",INDEX('Category Mapping'!$F$28:$F$39,MATCH('Summarized Source Data'!$A590,'Category Mapping'!$A$28:$A$39,0),1),INDEX('Category Mapping'!$E$28:$E$39,MATCH($A590,'Category Mapping'!$A$28:$A$39,0),1)) -> 1.2488571e+09 | M590: =M10*IF($E590="weekday",INDEX('Category Mapping'!$F$28:$F$39,MATCH('Summarized Source Data'!$A590,'Category Mapping'!$A$28:$A$39,0),1),INDEX('Category Mapping'!$E$28:$E$39,MATCH($A590,'Category Mapping'!$A$28:$A$39,0),1)) -> 809520.71 | ... Z590: =Z10*IF($E590="weekday",INDEX('Category Mapping'!$F$28:$F$39,MATCH('Summarized Source Data'!$A590,'Category Mapping'!$A$28:$A$39,0),1),INDEX('Category Mapping'!$E$28:$E$39,MATCH($A590,'Category Mapping'!$A$28:$A$39,0),1)) -> 1.4924286e+10
A591: =A11 -> 1 | B591: =B11 -> Winter | C591: =C11 -> h8 | D591: =D11 -> Hour7 | E591: =E11 -> Weekday | F591: =F11*IF($E591="weekday",INDEX('Category Mapping'!$F$28:$F$39,MATCH('Summarized Source Data'!$A591,'Category Mapping'!$A$28:$A$39,0),1),INDEX('Category Mapping'!$E$28:$E$39,MATCH($A591,'Category Mapping'!$A$28:$A$39,0),1)) -> 5.6685714e+08 | G591: =G11*IF($E591="weekday",INDEX('Category Mapping'!$F$28:$F$39,MATCH('Summarized Source Data'!$A591,'Category Mapping'!$A$28:$A$39,0),1),INDEX('Category Mapping'!$E$28:$E$39,MATCH($A591,'Category Mapping'!$A$28:$A$39,0),1)) -> 164388.57 | H591: =H11*IF($E591="weekday",INDEX('Category Mapping'!$F$28:$F$39,MATCH('Summarized Source Data'!$A591,'Category Mapping'!$A$28:$A$39,0),1),INDEX('Category Mapping'!$E$28:$E$39,MATCH($A591,'Category Mapping'!$A$28:$A$39,0),1)) -> 0 | I591: =I11*IF($E591="weekday",INDEX('Category Mapping'!$F$28:$F$39,MATCH('Summarized Source Data'!$A591,'Category Mapping'!$A$28:$A$39,0),1),INDEX('Category Mapping'!$E$28:$E$39,MATCH($A591,'Category Mapping'!$A$28:$A$39,0),1)) -> 7.3514286e+08 | J591: =J11*IF($E591="weekday",INDEX('Category Mapping'!$F$28:$F$39,MATCH('Summarized Source Data'!$A591,'Category Mapping'!$A$28:$A$39,0),1),INDEX('Category Mapping'!$E$28:$E$39,MATCH($A591,'Category Mapping'!$A$28:$A$39,0),1)) -> 2.5285499e+09 | K591: =K11*IF($E591="weekday",INDEX('Category Mapping'!$F$28:$F$39,MATCH('Summarized Source Data'!$A591,'Category Mapping'!$A$28:$A$39,0),1),INDEX('Category Mapping'!$E$28:$E$39,MATCH($A591,'Category Mapping'!$A$28:$A$39,0),1)) -> 2.5285499e+09 | L591: =L11*IF($E591="weekday",INDEX('Category Mapping'!$F$28:$F$39,MATCH('Summarized Source Data'!$A591,'Category Mapping'!$A$28:$A$39,0),1),INDEX('Category Mapping'!$E$28:$E$39,MATCH($A591,'Category Mapping'!$A$28:$A$39,0),1)) -> 2.6571429e+09 | M591: =M11*IF($E591="weekday",INDEX('Category Mapping'!$F$28:$F$39,MATCH('Summarized Source Data'!$A591,'Category Mapping'!$A$28:$A$39,0),1),INDEX('Category Mapping'!$E$28:$E$39,MATCH($A591,'Category Mapping'!$A$28:$A$39,0),1)) -> 965738.57 | ... Z591: =Z11*IF($E591="weekday",INDEX('Category Mapping'!$F$28:$F$39,MATCH('Summarized Source Data'!$A591,'Category Mapping'!$A$28:$A$39,0),1),INDEX('Category Mapping'!$E$28:$E$39,MATCH($A591,'Category Mapping'!$A$28:$A$39,0),1)) -> 1.5079286e+10
A592: =A12 -> 1 | B592: =B12 -> Winter | C592: =C12 -> h9 | D592: =D12 -> Hour8 | E592: =E12 -> Weekday | F592: =F12*IF($E592="weekday",INDEX('Category Mapping'!$F$28:$F$39,MATCH('Summarized Source Data'!$A592,'Category Mapping'!$A$28:$A$39,0),1),INDEX('Category Mapping'!$E$28:$E$39,MATCH($A592,'Category Mapping'!$A$28:$A$39,0),1)) -> 5.4471429e+08 | G592: =G12*IF($E592="weekday",INDEX('Category Mapping'!$F$28:$F$39,MATCH('Summarized Source Data'!$A592,'Category Mapping'!$A$28:$A$39,0),1),INDEX('Category Mapping'!$E$28:$E$39,MATCH($A592,'Category Mapping'!$A$28:$A$39,0),1)) -> 132835 | H592: =H12*IF($E592="weekday",INDEX('Category Mapping'!$F$28:$F$39,MATCH('Summarized Source Data'!$A592,'Category Mapping'!$A$28:$A$39,0),1),INDEX('Category Mapping'!$E$28:$E$39,MATCH($A592,'Category Mapping'!$A$28:$A$39,0),1)) -> 0 | I592: =I12*IF($E592="weekday",INDEX('Category Mapping'!$F$28:$F$39,MATCH('Summarized Source Data'!$A592,'Category Mapping'!$A$28:$A$39,0),1),INDEX('Category Mapping'!$E$28:$E$39,MATCH($A592,'Category Mapping'!$A$28:$A$39,0),1)) -> 2.3692857e+08 | J592: =J12*IF($E592="weekday",INDEX('Category Mapping'!$F$28:$F$39,MATCH('Summarized Source Data'!$A592,'Category Mapping'!$A$28:$A$39,0),1),INDEX('Category Mapping'!$E$28:$E$39,MATCH($A592,'Category Mapping'!$A$28:$A$39,0),1)) -> 2.51751e+09 | K592: =K12*IF($E592="weekday",INDEX('Category Mapping'!$F$28:$F$39,MATCH('Summarized Source Data'!$A592,'Category Mapping'!$A$28:$A$39,0),1),INDEX('Category Mapping'!$E$28:$E$39,MATCH($A592,'Category Mapping'!$A$28:$A$39,0),1)) -> 2.51751e+09 | L592: =L12*IF($E592="weekday",INDEX('Category Mapping'!$F$28:$F$39,MATCH('Summarized Source Data'!$A592,'Category Mapping'!$A$28:$A$39,0),1),INDEX('Category Mapping'!$E$28:$E$39,MATCH($A592,'Category Mapping'!$A$28:$A$39,0),1)) -> 2.8121429e+09 | M592: =M12*IF($E592="weekday",INDEX('Category Mapping'!$F$28:$F$39,MATCH('Summarized Source Data'!$A592,'Category Mapping'!$A$28:$A$39,0),1),INDEX('Category Mapping'!$E$28:$E$39,MATCH($A592,'Category Mapping'!$A$28:$A$39,0),1)) -> 1195337.9 | ... Z592: =Z12*IF($E592="weekday",INDEX('Category Mapping'!$F$28:$F$39,MATCH('Summarized Source Data'!$A592,'Category Mapping'!$A$28:$A$39,0),1),INDEX('Category Mapping'!$E$28:$E$39,MATCH($A592,'Category Mapping'!$A$28:$A$39,0),1)) -> 1.5123571e+10
A593: =A13 -> 1 | B593: =B13 -> Winter | C593: =C13 -> h10 | D593: =D13 -> Hour9 | E593: =E13 -> Weekday | F593: =F13*IF($E593="weekday",INDEX('Category Mapping'!$F$28:$F$39,MATCH('Summarized Source Data'!$A593,'Category Mapping'!$A$28:$A$39,0),1),INDEX('Category Mapping'!$E$28:$E$39,MATCH($A593,'Category Mapping'!$A$28:$A$39,0),1)) -> 4.0742857e+08 | G593: =G13*IF($E593="weekday",INDEX('Category Mapping'!$F$28:$F$39,MATCH('Summarized Source Data'!$A593,'Category Mapping'!$A$28:$A$39,0),1),INDEX('Category Mapping'!$E$28:$E$39,MATCH($A593,'Category Mapping'!$A$28:$A$39,0),1)) -> 114855 | H593: =H13*IF($E593="weekday",INDEX('Category Mapping'!$F$28:$F$39,MATCH('Summarized Source Data'!$A593,'Category Mapping'!$A$28:$A$39,0),1),INDEX('Category Mapping'!$E$28:$E$39,MATCH($A593,'Category Mapping'!$A$28:$A$39,0),1)) -> 0 | I593: =I13*IF($E593="weekday",INDEX('Category Mapping'!$F$28:$F$39,MATCH('Summarized Source Data'!$A593,'Category Mapping'!$A$28:$A$39,0),1),INDEX('Category Mapping'!$E$28:$E$39,MATCH($A593,'Category Mapping'!$A$28:$A$39,0),1)) -> 2.2807143e+08 | J593: =J13*IF($E593="weekday",INDEX('Category Mapping'!$F$28:$F$39,MATCH('Summarized Source Data'!$A593,'Category Mapping'!$A$28:$A$39,0),1),INDEX('Category Mapping'!$E$28:$E$39,MATCH($A593,'Category Mapping'!$A$28:$A$39,0),1)) -> 2.5086709e+09 | K593: =K13*IF($E593="weekday",INDEX('Category Mapping'!$F$28:$F$39,MATCH('Summarized Source Data'!$A593,'Category Mapping'!$A$28:$A$39,0),1),INDEX('Category Mapping'!$E$28:$E$39,MATCH($A593,'Category Mapping'!$A$28:$A$39,0),1)) -> 2.5086709e+09 | L593: =L13*IF($E593="weekday",INDEX('Category Mapping'!$F$28:$F$39,MATCH('Summarized Source Data'!$A593,'Category Mapping'!$A$28:$A$39,0),1),INDEX('Category Mapping'!$E$28:$E$39,MATCH($A593,'Category Mapping'!$A$28:$A$39,0),1)) -> 2.0327143e+09 | M593: =M13*IF($E593="weekday",INDEX('Category Mapping'!$F$28:$F$39,MATCH('Summarized Source Data'!$A593,'Category Mapping'!$A$28:$A$39,0),1),INDEX('Category Mapping'!$E$28:$E$39,MATCH($A593,'Category Mapping'!$A$28:$A$39,0),1)) -> 1341967.9 | ... Z593: =Z13*IF($E593="weekday",INDEX('Category Mapping'!$F$28:$F$39,MATCH('Summarized Source Data'!$A593,'Category Mapping'!$A$28:$A$39,0),1),INDEX('Category Mapping'!$E$28:$E$39,MATCH($A593,'Category Mapping'!$A$28:$A$39,0),1)) -> 1.5101429e+10
A594: =A14 -> 1 | B594: =B14 -> Winter | C594: =C14 -> h11 | D594: =D14 -> Hour10 | E594: =E14 -> Weekday | F594: =F14*IF($E594="weekday",INDEX('Category Mapping'!$F$28:$F$39,MATCH('Summarized Source Data'!$A594,'Category Mapping'!$A$28:$A$39,0),1),INDEX('Category Mapping'!$E$28:$E$39,MATCH($A594,'Category Mapping'!$A$28:$A$39,0),1)) -> 3.9192857e+08 | G594: =G14*IF($E594="weekday",INDEX('Category Mapping'!$F$28:$F$39,MATCH('Summarized Source Data'!$A594,'Category Mapping'!$A$28:$A$39,0),1),INDEX('Category Mapping'!$E$28:$E$39,MATCH($A594,'Category Mapping'!$A$28:$A$39,0),1)) -> 113482.14 | H594: =H14*IF($E594="weekday",INDEX('Category Mapping'!$F$28:$F$39,MATCH('Summarized Source Data'!$A594,'Category Mapping'!$A$28:$A$39,0),1),INDEX('Category Mapping'!$E$28:$E$39,MATCH($A594,'Category Mapping'!$A$28:$A$39,0),1)) -> 0 | I594: =I14*IF($E594="weekday",INDEX('Category Mapping'!$F$28:$F$39,MATCH('Summarized Source Data'!$A594,'Category Mapping'!$A$28:$A$39,0),1),INDEX('Category Mapping'!$E$28:$E$39,MATCH($A594,'Category Mapping'!$A$28:$A$39,0),1)) -> 232500000 | J594: =J14*IF($E594="weekday",INDEX('Category Mapping'!$F$28:$F$39,MATCH('Summarized Source Data'!$A594,'Category Mapping'!$A$28:$A$39,0),1),INDEX('Category Mapping'!$E$28:$E$39,MATCH($A594,'Category Mapping'!$A$28:$A$39,0),1)) -> 2.4754579e+09 | K594: =K14*IF($E594="weekday",INDEX('Category Mapping'!$F$28:$F$39,MATCH('Summarized Source Data'!$A594,'Category Mapping'!$A$28:$A$39,0),1),INDEX('Category Mapping'!$E$28:$E$39,MATCH($A594,'Category Mapping'!$A$28:$A$39,0),1)) -> 2.4754579e+09 | L594: =L14*IF($E594="weekday",INDEX('Category Mapping'!$F$28:$F$39,MATCH('Summarized Source Data'!$A594,'Category Mapping'!$A$28:$A$39,0),1),INDEX('Category Mapping'!$E$28:$E$39,MATCH($A594,'Category Mapping'!$A$28:$A$39,0),1)) -> 1.7005714e+09 | M594: =M14*IF($E594="weekday",INDEX('Category Mapping'!$F$28:$F$39,MATCH('Summarized Source Data'!$A594,'Category Mapping'!$A$28:$A$39,0),1),INDEX('Category Mapping'!$E$28:$E$39,MATCH($A594,'Category Mapping'!$A$28:$A$39,0),1)) -> 1418183.6 | ... Z594: =Z14*IF($E594="weekday",INDEX('Category Mapping'!$F$28:$F$39,MATCH('Summarized Source Data'!$A594,'Category Mapping'!$A$28:$A$39,0),1),INDEX('Category Mapping'!$E$28:$E$39,MATCH($A594,'Category Mapping'!$A$28:$A$39,0),1)) -> 15035000000
A595: =A15 -> 1 | B595: =B15 -> Winter | C595: =C15 -> h12 | D595: =D15 -> Hour11 | E595: =E15 -> Weekday | F595: =F15*IF($E595="weekday",INDEX('Category Mapping'!$F$28:$F$39,MATCH('Summarized Source Data'!$A595,'Category Mapping'!$A$28:$A$39,0),1),INDEX('Category Mapping'!$E$28:$E$39,MATCH($A595,'Category Mapping'!$A$28:$A$39,0),1)) -> 3.8971429e+08 | G595: =G15*IF($E595="weekday",INDEX('Category Mapping'!$F$28:$F$39,MATCH('Summarized Source Data'!$A595,'Category Mapping'!$A$28:$A$39,0),1),INDEX('Category Mapping'!$E$28:$E$39,MATCH($A595,'Category Mapping'!$A$28:$A$39,0),1)) -> 126922.86 | H595: =H15*IF($E595="weekday",INDEX('Category Mapping'!$F$28:$F$39,MATCH('Summarized Source Data'!$A595,'Category Mapping'!$A$28:$A$39,0),1),INDEX('Category Mapping'!$E$28:$E$39,MATCH($A595,'Category Mapping'!$A$28:$A$39,0),1)) -> 0 | I595: =I15*IF($E595="weekday",INDEX('Category Mapping'!$F$28:$F$39,MATCH('Summarized Source Data'!$A595,'Category Mapping'!$A$28:$A$39,0),1),INDEX('Category Mapping'!$E$28:$E$39,MATCH($A595,'Category Mapping'!$A$28:$A$39,0),1)) -> 2.5464286e+08 | J595: =J15*IF($E595="weekday",INDEX('Category Mapping'!$F$28:$F$39,MATCH('Summarized Source Data'!$A595,'Category Mapping'!$A$28:$A$39,0),1),INDEX('Category Mapping'!$E$28:$E$39,MATCH($A595,'Category Mapping'!$A$28:$A$39,0),1)) -> 2.4776588e+09 | K595: =K15*IF($E595="weekday",INDEX('Category Mapping'!$F$28:$F$39,MATCH('Summarized Source Data'!$A595,'Category Mapping'!$A$28:$A$39,0),1),INDEX('Category Mapping'!$E$28:$E$39,MATCH($A595,'Category Mapping'!$A$28:$A$39,0),1)) -> 2.4776588e+09 | L595: =L15*IF($E595="weekday",INDEX('Category Mapping'!$F$28:$F$39,MATCH('Summarized Source Data'!$A595,'Category Mapping'!$A$28:$A$39,0),1),INDEX('Category Mapping'!$E$28:$E$39,MATCH($A595,'Category Mapping'!$A$28:$A$39,0),1)) -> 1.4946429e+09 | M595: =M15*IF($E595="weekday",INDEX('Category Mapping'!$F$28:$F$39,MATCH('Summarized Source Data'!$A595,'Category Mapping'!$A$28:$A$39,0),1),INDEX('Category Mapping'!$E$28:$E$39,MATCH($A595,'Category Mapping'!$A$28:$A$39,0),1)) -> 1436030.7 | ... Z595: =Z15*IF($E595="weekday",INDEX('Category Mapping'!$F$28:$F$39,MATCH('Summarized Source Data'!$A595,'Category Mapping'!$A$28:$A$39,0),1),INDEX('Category Mapping'!$E$28:$E$39,MATCH($A595,'Category Mapping'!$A$28:$A$39,0),1)) -> 1.4990714e+10
... A1159: =A579 -> 12 | B1159: =B579 -> Winter | C1159: =C579 -> h24 | D1159: =D579 -> Hour23 | E1159: =E579 -> Weekend | F1159: =F579*IF($E1159="weekday",INDEX('Category Mapping'!$F$28:$F$39,MATCH('Summarized Source Data'!$A1159,'Category Mapping'!$A$28:$A$39,0),1),INDEX('Category Mapping'!$E$28:$E$39,MATCH($A1159,'Category Mapping'!$A$28:$A$39,0),1)) -> 82886002 | G1159: =G579*IF($E1159="weekday",INDEX('Category Mapping'!$F$28:$F$39,MATCH('Summarized Source Data'!$A1159,'Category Mapping'!$A$28:$A$39,0),1),INDEX('Category Mapping'!$E$28:$E$39,MATCH($A1159,'Category Mapping'!$A$28:$A$39,0),1)) -> 74949.143 | H1159: =H579*IF($E1159="weekday",INDEX('Category Mapping'!$F$28:$F$39,MATCH('Summarized Source Data'!$A1159,'Category Mapping'!$A$28:$A$39,0),1),INDEX('Category Mapping'!$E$28:$E$39,MATCH($A1159,'Category Mapping'!$A$28:$A$39,0),1)) -> 0 | I1159: =I579*IF($E1159="weekday",INDEX('Category Mapping'!$F$28:$F$39,MATCH('Summarized Source Data'!$A1159,'Category Mapping'!$A$28:$A$39,0),1),INDEX('Category Mapping'!$E$28:$E$39,MATCH($A1159,'Category Mapping'!$A$28:$A$39,0),1)) -> 92114286 | J1159: =J579*IF($E1159="weekday",INDEX('Category Mapping'!$F$28:$F$39,MATCH('Summarized Source Data'!$A1159,'Category Mapping'!$A$28:$A$39,0),1),INDEX('Category Mapping'!$E$28:$E$39,MATCH($A1159,'Category Mapping'!$A$28:$A$39,0),1)) -> 4.4138191e+08 | K1159: =K579*IF($E1159="weekday",INDEX('Category Mapping'!$F$28:$F$39,MATCH('Summarized Source Data'!$A1159,'Category Mapping'!$A$28:$A$39,0),1),INDEX('Category Mapping'!$E$28:$E$39,MATCH($A1159,'Category Mapping'!$A$28:$A$39,0),1)) -> 4.4138191e+08 | L1159: =L579*IF($E1159="weekday",INDEX('Category Mapping'!$F$28:$F$39,MATCH('Summarized Source Data'!$A1159,'Category Mapping'!$A$28:$A$39,0),1),INDEX('Category Mapping'!$E$28:$E$39,MATCH($A1159,'Category Mapping'!$A$28:$A$39,0),1)) -> 1.1602857e+08 | M1159: =M579*IF($E1159="weekday",INDEX('Category Mapping'!$F$28:$F$39,MATCH('Summarized Source Data'!$A1159,'Category Mapping'!$A$28:$A$39,0),1),INDEX('Category Mapping'!$E$28:$E$39,MATCH($A1159,'Category Mapping'!$A$28:$A$39,0),1)) -> 239913.43 | ... Z1159: =Z579*IF($E1159="weekday",INDEX('Category Mapping'!$F$28:$F$39,MATCH('Summarized Source Data'!$A1159,'Category Mapping'!$A$28:$A$39,0),1),INDEX('Category Mapping'!$E$28:$E$39,MATCH($A1159,'Category Mapping'!$A$28:$A$39,0),1)) -> 2.8608571e+09
A1161: Total Seasonal Load (kWh/season)
D1162: Residential | E1162: Residential | F1162: Residential | G1162: Residential | H1162: Residential | I1162: Residential | J1162: Commercial | K1162: Commercial | L1162: Commercial | M1162: Commercial | N1162: Commercial | O1162: Commercial | P1162: Transportation | Q1162: Transportation | R1162: Transportation | S1162: Transportation | T1162: Transportation | U1162: Transportation | V1162: Industry | W1162: Industry | X1162: Industry
A1163: Season | B1163: Hour | D1163: Heating | E1163: Cooling | F1163: Envelope | G1163: Lighting | H1163: Appliances | I1163: Other | J1163: Heating | K1163: Cooling | L1163: Envelope | M1163: Lighting | N1163: Appliances | O1163: Other | P1163: LDVs | Q1163: HDVs | R1163: Aircraft | S1163: Rail | T1163: Ships | U1163: Motorbikes | V1163: Industry | W1163: District Heat and Hydrogen | X1163: Geoengineering
A1164: Winter | B1164: h1 | C1164: Hour0 | D1164: =SUMIFS(F$584:F$1159,$B$584:$B$1159,$A1164,$C$584:$C$1159,$B1164) -> 1.7129423e+09 | E1164: =SUMIFS(G$584:G$1159,$B$584:$B$1159,$A1164,$C$584:$C$1159,$B1164) -> 2406408.4 | F1164: =SUMIFS(H$584:H$1159,$B$584:$B$1159,$A1164,$C$584:$C$1159,$B1164) -> 0 | G1164: =SUMIFS(I$584:I$1159,$B$584:$B$1159,$A1164,$C$584:$C$1159,$B1164) -> 1.2362319e+09 | H1164: =SUMIFS(J$584:J$1159,$B$584:$B$1159,$A1164,$C$584:$C$1159,$B1164) -> 7.6688765e+09 | I1164: =SUMIFS(K$584:K$1159,$B$584:$B$1159,$A1164,$C$584:$C$1159,$B1164) -> 7.6688765e+09 | J1164: =SUMIFS(L$584:L$1159,$B$584:$B$1159,$A1164,$C$584:$C$1159,$B1164) -> 3.3505348e+09 | K1164: =SUMIFS(M$584:M$1159,$B$584:$B$1159,$A1164,$C$584:$C$1159,$B1164) -> 6510180.3 | ... X1164: =SUMIFS(Z$584:Z$1159,$B$584:$B$1159,$A1164,$C$584:$C$1159,$B1164) -> 6.7393429e+10
A1165: Winter | B1165: h2 | C1165: Hour1 | D1165: =SUMIFS(F$584:F$1159,$B$584:$B$1159,$A1165,$C$584:$C$1159,$B1165) -> 1.7489253e+09 | E1165: =SUMIFS(G$584:G$1159,$B$584:$B$1159,$A1165,$C$584:$C$1159,$B1165) -> 2423667.1 | F1165: =SUMIFS(H$584:H$1159,$B$584:$B$1159,$A1165,$C$584:$C$1159,$B1165) -> 0 | G1165: =SUMIFS(I$584:I$1159,$B$584:$B$1159,$A1165,$C$584:$C$1159,$B1165) -> 1.1246909e+09 | H1165: =SUMIFS(J$584:J$1159,$B$584:$B$1159,$A1165,$C$584:$C$1159,$B1165) -> 5.6345745e+09 | I1165: =SUMIFS(K$584:K$1159,$B$584:$B$1159,$A1165,$C$584:$C$1159,$B1165) -> 5.6345745e+09 | J1165: =SUMIFS(L$584:L$1159,$B$584:$B$1159,$A1165,$C$584:$C$1159,$B1165) -> 3.0685459e+09 | K1165: =SUMIFS(M$584:M$1159,$B$584:$B$1159,$A1165,$C$584:$C$1159,$B1165) -> 6180284 | ... X1165: =SUMIFS(Z$584:Z$1159,$B$584:$B$1159,$A1165,$C$584:$C$1159,$B1165) -> 6.7304429e+10
A1166: Winter | B1166: h3 | C1166: Hour2 | D1166: =SUMIFS(F$584:F$1159,$B$584:$B$1159,$A1166,$C$584:$C$1159,$B1166) -> 1.7589583e+09 | E1166: =SUMIFS(G$584:G$1159,$B$584:$B$1159,$A1166,$C$584:$C$1159,$B1166) -> 2436654.4 | F1166: =SUMIFS(H$584:H$1159,$B$584:$B$1159,$A1166,$C$584:$C$1159,$B1166) -> 0 | G1166: =SUMIFS(I$584:I$1159,$B$584:$B$1159,$A1166,$C$584:$C$1159,$B1166) -> 1.1091158e+09 | H1166: =SUMIFS(J$584:J$1159,$B$584:$B$1159,$A1166,$C$584:$C$1159,$B1166) -> 4.5073892e+09 | I1166: =SUMIFS(K$584:K$1159,$B$584:$B$1159,$A1166,$C$584:$C$1159,$B1166) -> 4.5073892e+09 | J1166: =SUMIFS(L$584:L$1159,$B$584:$B$1159,$A1166,$C$584:$C$1159,$B1166) -> 2.7531237e+09 | K1166: =SUMIFS(M$584:M$1159,$B$584:$B$1159,$A1166,$C$584:$C$1159,$B1166) -> 6042606.1 | ... X1166: =SUMIFS(Z$584:Z$1159,$B$584:$B$1159,$A1166,$C$584:$C$1159,$B1166) -> 6.7282286e+10
A1167: Winter | B1167: h4 | C1167: Hour3 | D1167: =SUMIFS(F$584:F$1159,$B$584:$B$1159,$A1167,$C$584:$C$1159,$B1167) -> 1.7489253e+09 | E1167: =SUMIFS(G$584:G$1159,$B$584:$B$1159,$A1167,$C$584:$C$1159,$B1167) -> 2438540.3 | F1167: =SUMIFS(H$584:H$1159,$B$584:$B$1159,$A1167,$C$584:$C$1159,$B1167) -> 0 | G1167: =SUMIFS(I$584:I$1159,$B$584:$B$1159,$A1167,$C$584:$C$1159,$B1167) -> 1.1282345e+09 | H1167: =SUMIFS(J$584:J$1159,$B$584:$B$1159,$A1167,$C$584:$C$1159,$B1167) -> 3.8780588e+09 | I1167: =SUMIFS(K$584:K$1159,$B$584:$B$1159,$A1167,$C$584:$C$1159,$B1167) -> 3.8780588e+09 | J1167: =SUMIFS(L$584:L$1159,$B$584:$B$1159,$A1167,$C$584:$C$1159,$B1167) -> 2.8464941e+09 | K1167: =SUMIFS(M$584:M$1159,$B$584:$B$1159,$A1167,$C$584:$C$1159,$B1167) -> 5964961.9 | ... X1167: =SUMIFS(Z$584:Z$1159,$B$584:$B$1159,$A1167,$C$584:$C$1159,$B1167) -> 6.7316571e+10
A1168: Winter | B1168: h5 | C1168: Hour4 | D1168: =SUMIFS(F$584:F$1159,$B$584:$B$1159,$A1168,$C$584:$C$1159,$B1168) -> 1.7129423e+09 | E1168: =SUMIFS(G$584:G$1159,$B$584:$B$1159,$A1168,$C$584:$C$1159,$B1168) -> 2385644.4 | F1168: =SUMIFS(H$584:H$1159,$B$584:$B$1159,$A1168,$C$584:$C$1159,$B1168) -> 0 | G1168: =SUMIFS(I$584:I$1159,$B$584:$B$1159,$A1168,$C$584:$C$1159,$B1168) -> 1.4087774e+09 | H1168: =SUMIFS(J$584:J$1159,$B$584:$B$1159,$A1168,$C$584:$C$1159,$B1168) -> 4.0812947e+09 | I1168: =SUMIFS(K$584:K$1159,$B$584:$B$1159,$A1168,$C$584:$C$1159,$B1168) -> 4.0812947e+09 | J1168: =SUMIFS(L$584:L$1159,$B$584:$B$1159,$A1168,$C$584:$C$1159,$B1168) -> 2.9846062e+09 | K1168: =SUMIFS(M$584:M$1159,$B$584:$B$1159,$A1168,$C$584:$C$1159,$B1168) -> 5948202.3 | ... X1168: =SUMIFS(Z$584:Z$1159,$B$584:$B$1159,$A1168,$C$584:$C$1159,$B1168) -> 6.7582e+10
A1169: Winter | B1169: h6 | C1169: Hour5 | D1169: =SUMIFS(F$584:F$1159,$B$584:$B$1159,$A1169,$C$584:$C$1159,$B1169) -> 2.059356e+09 | E1169: =SUMIFS(G$584:G$1159,$B$584:$B$1159,$A1169,$C$584:$C$1159,$B1169) -> 2218458.7 | F1169: =SUMIFS(H$584:H$1159,$B$584:$B$1159,$A1169,$C$584:$C$1159,$B1169) -> 0 | G1169: =SUMIFS(I$584:I$1159,$B$584:$B$1159,$A1169,$C$584:$C$1159,$B1169) -> 2.3323063e+09 | H1169: =SUMIFS(J$584:J$1159,$B$584:$B$1159,$A1169,$C$584:$C$1159,$B1169) -> 5.5018335e+09 | I1169: =SUMIFS(K$584:K$1159,$B$584:$B$1159,$A1169,$C$584:$C$1159,$B1169) -> 5.5018335e+09 | J1169: =SUMIFS(L$584:L$1159,$B$584:$B$1159,$A1169,$C$584:$C$1159,$B1169) -> 3051258020 | K1169: =SUMIFS(M$584:M$1159,$B$584:$B$1159,$A1169,$C$584:$C$1159,$B1169) -> 6111396.7 | ... X1169: =SUMIFS(Z$584:Z$1159,$B$584:$B$1159,$A1169,$C$584:$C$1159,$B1169) -> 6.8069143e+10
A1170: Winter | B1170: h7 | C1170: Hour6 | D1170: =SUMIFS(F$584:F$1159,$B$584:$B$1159,$A1170,$C$584:$C$1159,$B1170) -> 2.1743206e+09 | E1170: =SUMIFS(G$584:G$1159,$B$584:$B$1159,$A1170,$C$584:$C$1159,$B1170) -> 1868131.3 | F1170: =SUMIFS(H$584:H$1159,$B$584:$B$1159,$A1170,$C$584:$C$1159,$B1170) -> 0 | G1170: =SUMIFS(I$584:I$1159,$B$584:$B$1159,$A1170,$C$584:$C$1159,$B1170) -> 3.4759429e+09 | H1170: =SUMIFS(J$584:J$1159,$B$584:$B$1159,$A1170,$C$584:$C$1159,$B1170) -> 8.6978684e+09 | I1170: =SUMIFS(K$584:K$1159,$B$584:$B$1159,$A1170,$C$584:$C$1159,$B1170) -> 8.6978684e+09 | J1170: =SUMIFS(L$584:L$1159,$B$584:$B$1159,$A1170,$C$584:$C$1159,$B1170) -> 3963600000 | K1170: =SUMIFS(M$584:M$1159,$B$584:$B$1159,$A1170,$C$584:$C$1159,$B1170) -> 6694957.3 | ... X1170: =SUMIFS(Z$584:Z$1159,$B$584:$B$1159,$A1170,$C$584:$C$1159,$B1170) -> 6.8792429e+10
A1171: Winter | B1171: h8 | C1171: Hour7 | D1171: =SUMIFS(F$584:F$1159,$B$584:$B$1159,$A1171,$C$584:$C$1159,$B1171) -> 2.1488326e+09 | E1171: =SUMIFS(G$584:G$1159,$B$584:$B$1159,$A1171,$C$584:$C$1159,$B1171) -> 1469061.1 | F1171: =SUMIFS(H$584:H$1159,$B$584:$B$1159,$A1171,$C$584:$C$1159,$B1171) -> 0 | G1171: =SUMIFS(I$584:I$1159,$B$584:$B$1159,$A1171,$C$584:$C$1159,$B1171) -> 2.9063104e+09 | H1171: =SUMIFS(J$584:J$1159,$B$584:$B$1159,$A1171,$C$584:$C$1159,$B1171) -> 1.1234102e+10 | I1171: =SUMIFS(K$584:K$1159,$B$584:$B$1159,$A1171,$C$584:$C$1159,$B1171) -> 1.1234102e+10 | J1171: =SUMIFS(L$584:L$1159,$B$584:$B$1159,$A1171,$C$584:$C$1159,$B1171) -> 9.5464857e+09 | K1171: =SUMIFS(M$584:M$1159,$B$584:$B$1159,$A1171,$C$584:$C$1159,$B1171) -> 7846261.4 | ... X1171: =SUMIFS(Z$584:Z$1159,$B$584:$B$1159,$A1171,$C$584:$C$1159,$B1171) -> 6.9337714e+10
A1172: Winter | B1172: h9 | C1172: Hour8 | D1172: =SUMIFS(F$584:F$1159,$B$584:$B$1159,$A1172,$C$584:$C$1159,$B1172) -> 2.0778108e+09 | E1172: =SUMIFS(G$584:G$1159,$B$584:$B$1159,$A1172,$C$584:$C$1159,$B1172) -> 1217258.4 | F1172: =SUMIFS(H$584:H$1159,$B$584:$B$1159,$A1172,$C$584:$C$1159,$B1172) -> 0 | G1172: =SUMIFS(I$584:I$1159,$B$584:$B$1159,$A1172,$C$584:$C$1159,$B1172) -> 1.1762159e+09 | H1172: =SUMIFS(J$584:J$1159,$B$584:$B$1159,$A1172,$C$584:$C$1159,$B1172) -> 1.169607e+10 | I1172: =SUMIFS(K$584:K$1159,$B$584:$B$1159,$A1172,$C$584:$C$1159,$B1172) -> 1.169607e+10 | J1172: =SUMIFS(L$584:L$1159,$B$584:$B$1159,$A1172,$C$584:$C$1159,$B1172) -> 9.8542286e+09 | K1172: =SUMIFS(M$584:M$1159,$B$584:$B$1159,$A1172,$C$584:$C$1159,$B1172) -> 9538619 | ... X1172: =SUMIFS(Z$584:Z$1159,$B$584:$B$1159,$A1172,$C$584:$C$1159,$B1172) -> 6.9491429e+10
A1173: Winter | B1173: h10 | C1173: Hour9 | D1173: =SUMIFS(F$584:F$1159,$B$584:$B$1159,$A1173,$C$584:$C$1159,$B1173) -> 1.5993458e+09 | E1173: =SUMIFS(G$584:G$1159,$B$584:$B$1159,$A1173,$C$584:$C$1159,$B1173) -> 1054566.4 | F1173: =SUMIFS(H$584:H$1159,$B$584:$B$1159,$A1173,$C$584:$C$1159,$B1173) -> 0 | G1173: =SUMIFS(I$584:I$1159,$B$584:$B$1159,$A1173,$C$584:$C$1159,$B1173) -> 1.1514405e+09 | H1173: =SUMIFS(J$584:J$1159,$B$584:$B$1159,$A1173,$C$584:$C$1159,$B1173) -> 1.2227159e+10 | I1173: =SUMIFS(K$584:K$1159,$B$584:$B$1159,$A1173,$C$584:$C$1159,$B1173) -> 1.2227159e+10 | J1173: =SUMIFS(L$584:L$1159,$B$584:$B$1159,$A1173,$C$584:$C$1159,$B1173) -> 7.1133857e+09 | K1173: =SUMIFS(M$584:M$1159,$B$584:$B$1159,$A1173,$C$584:$C$1159,$B1173) -> 10619319 | ... X1173: =SUMIFS(Z$584:Z$1159,$B$584:$B$1159,$A1173,$C$584:$C$1159,$B1173) -> 6.9354857e+10
A1174: Winter | B1174: h11 | C1174: Hour10 | D1174: =SUMIFS(F$584:F$1159,$B$584:$B$1159,$A1174,$C$584:$C$1159,$B1174) -> 1.5399855e+09 | E1174: =SUMIFS(G$584:G$1159,$B$584:$B$1159,$A1174,$C$584:$C$1159,$B1174) -> 1027087.7 | F1174: =SUMIFS(H$584:H$1159,$B$584:$B$1159,$A1174,$C$584:$C$1159,$B1174) -> 0 | G1174: =SUMIFS(I$584:I$1159,$B$584:$B$1159,$A1174,$C$584:$C$1159,$B1174) -> 1.1680652e+09 | H1174: =SUMIFS(J$584:J$1159,$B$584:$B$1159,$A1174,$C$584:$C$1159,$B1174) -> 1.2695922e+10 | I1174: =SUMIFS(K$584:K$1159,$B$584:$B$1159,$A1174,$C$584:$C$1159,$B1174) -> 1.2695922e+10 | J1174: =SUMIFS(L$584:L$1159,$B$584:$B$1159,$A1174,$C$584:$C$1159,$B1174) -> 5.8902e+09 | K1174: =SUMIFS(M$584:M$1159,$B$584:$B$1159,$A1174,$C$584:$C$1159,$B1174) -> 11180964 | ... X1174: =SUMIFS(Z$584:Z$1159,$B$584:$B$1159,$A1174,$C$584:$C$1159,$B1174) -> 6.9084857e+10
A1175: Winter | B1175: h12 | C1175: Hour11 | D1175: =SUMIFS(F$584:F$1159,$B$584:$B$1159,$A1175,$C$584:$C$1159,$B1175) -> 1.479863e+09 | E1175: =SUMIFS(G$584:G$1159,$B$584:$B$1159,$A1175,$C$584:$C$1159,$B1175) -> 1127490.6 | F1175: =SUMIFS(H$584:H$1159,$B$584:$B$1159,$A1175,$C$584:$C$1159,$B1175) -> 0 | G1175: =SUMIFS(I$584:I$1159,$B$584:$B$1159,$A1175,$C$584:$C$1159,$B1175) -> 1.2704995e+09 | H1175: =SUMIFS(J$584:J$1159,$B$584:$B$1159,$A1175,$C$584:$C$1159,$B1175) -> 1.3016796e+10 | I1175: =SUMIFS(K$584:K$1159,$B$584:$B$1159,$A1175,$C$584:$C$1159,$B1175) -> 1.3016796e+10 | J1175: =SUMIFS(L$584:L$1159,$B$584:$B$1159,$A1175,$C$584:$C$1159,$B1175) -> 5.1394571e+09 | K1175: =SUMIFS(M$584:M$1159,$B$584:$B$1159,$A1175,$C$584:$C$1159,$B1175) -> 11312584 | ... X1175: =SUMIFS(Z$584:Z$1159,$B$584:$B$1159,$A1175,$C$584:$C$1159,$B1175) -> 6.8874286e+10
... A1259: Fall | B1259: h24 | C1259: Hour23 | D1259: =SUMIFS(F$584:F$1159,$B$584:$B$1159,$A1259,$C$584:$C$1159,$B1259) -> 1.1314204e+08 | E1259: =SUMIFS(G$584:G$1159,$B$584:$B$1159,$A1259,$C$584:$C$1159,$B1259) -> 88431500 | F1259: =SUMIFS(H$584:H$1159,$B$584:$B$1159,$A1259,$C$584:$C$1159,$B1259) -> 0 | G1259: =SUMIFS(I$584:I$1159,$B$584:$B$1159,$A1259,$C$584:$C$1159,$B1259) -> 8.2728516e+08 | H1259: =SUMIFS(J$584:J$1159,$B$584:$B$1159,$A1259,$C$584:$C$1159,$B1259) -> 4.7770842e+09 | I1259: =SUMIFS(K$584:K$1159,$B$584:$B$1159,$A1259,$C$584:$C$1159,$B1259) -> 4.7770842e+09 | J1259: =SUMIFS(L$584:L$1159,$B$584:$B$1159,$A1259,$C$584:$C$1159,$B1259) -> 3.2565639e+08 | K1259: =SUMIFS(M$584:M$1159,$B$584:$B$1159,$A1259,$C$584:$C$1159,$B1259) -> 1.5789033e+09 | ... X1259: =SUMIFS(Z$584:Z$1159,$B$584:$B$1159,$A1259,$C$584:$C$1159,$B1259) -> 3.4502857e+10
A1261: Total Annual Demand by End Use (kWh/year)
E1262: Residential | F1262: Residential | G1262: Residential | H1262: Residential | I1262: Residential | J1262: Residential | K1262: Commercial | L1262: Commercial | M1262: Commercial | N1262: Commercial | O1262: Commercial | P1262: Commercial | Q1262: Transportation | R1262: Transportation | S1262: Transportation | T1262: Transportation | U1262: Transportation | V1262: Transportation | W1262: Industry | X1262: Industry | Y1262: Industry
E1263: Heating | F1263: Cooling | G1263: Envelope | H1263: Lighting | I1263: Appliances | J1263: Other | K1263: Heating | L1263: Cooling | M1263: Envelope | N1263: Lighting | O1263: Appliances | P1263: Other | Q1263: LDVs | R1263: HDVs | S1263: Aircraft | T1263: Rail | U1263: Ships | V1263: Motorbikes | W1263: Industry | X1263: District Heat and Hydrogen | Y1263: Geoengineering
E1264: =SUM(D1164:D1259) -> 6.0489175e+10 | F1264: =SUM(E1164:E1259) -> 1.184154e+11 | G1264: =SUM(F1164:F1259) -> 0 | H1264: =SUM(G1164:G1259) -> 1.6588513e+11 | I1264: =SUM(H1164:H1259) -> 8.0926102e+11 | J1264: =SUM(I1164:I1259) -> 8.0926102e+11 | K1264: =SUM(J1164:J1259) -> 1.6203368e+11 | L1264: =SUM(K1164:K1259) -> 5.8923268e+11 | ... Y1264: =SUM(X1164:X1259) -> 4.9984859e+12
A1266: Average and Peak Load Factors by Season and Hour
D1267: Residential | E1267: Residential | F1267: Residential | G1267: Residential | H1267: Residential | I1267: Residential | J1267: Commercial | K1267: Commercial | L1267: Commercial | M1267: Commercial | N1267: Commercial | O1267: Commercial | P1267: Transportation | Q1267: Transportation | R1267: Transportation | S1267: Transportation | T1267: Transportation | U1267: Transportation | V1267: Industry | W1267: Industry | X1267: Industry
A1268: Season | B1268: Hour | D1268: Heating | E1268: Cooling | F1268: Envelope | G1268: Lighting | H1268: Appliances | I1268: Other | J1268: Heating | K1268: Cooling | L1268: Envelope | M1268: Lighting | N1268: Appliances | O1268: Other | P1268: LDVs | Q1268: HDVs | R1268: Aircraft | S1268: Rail | T1268: Ships | U1268: Motorbikes | V1268: Industry | W1268: District Heat and Hydrogen | X1268: Geoengineering
A1269: Winter | B1269: h1 | C1269: Hour0 | D1269: =IFERROR(D1164/E$1264/INDEX('Category Mapping'!$B$42:$B$45,MATCH($A1269,'Category Mapping'!$A$42:$A$45,0),1),0) -> 0.00023598469 | E1269: =IFERROR(E1164/F$1264/INDEX('Category Mapping'!$B$42:$B$45,MATCH($A1269,'Category Mapping'!$A$42:$A$45,0),1),0) -> 1.6934794e-07 | F1269: =IFERROR(F1164/G$1264/INDEX('Category Mapping'!$B$42:$B$45,MATCH($A1269,'Category Mapping'!$A$42:$A$45,0),1),0) -> 0 | G1269: =IFERROR(G1164/H$1264/INDEX('Category Mapping'!$B$42:$B$45,MATCH($A1269,'Category Mapping'!$A$42:$A$45,0),1),0) -> 6.2102808e-05 | H1269: =IFERROR(H1164/I$1264/INDEX('Category Mapping'!$B$42:$B$45,MATCH($A1269,'Category Mapping'!$A$42:$A$45,0),1),0) -> 7.8969953e-05 | I1269: =IFERROR(I1164/J$1264/INDEX('Category Mapping'!$B$42:$B$45,MATCH($A1269,'Category Mapping'!$A$42:$A$45,0),1),0) -> 7.8969953e-05 | J1269: =IFERROR(J1164/K$1264/INDEX('Category Mapping'!$B$42:$B$45,MATCH($A1269,'Category Mapping'!$A$42:$A$45,0),1),0) -> 0.00017231679 | K1269: =IFERROR(K1164/L$1264/INDEX('Category Mapping'!$B$42:$B$45,MATCH($A1269,'Category Mapping'!$A$42:$A$45,0),1),0) -> 9.2071442e-08 | ... X1269: =IFERROR(X1164/Y$1264/INDEX('Category Mapping'!$B$42:$B$45,MATCH($A1269,'Category Mapping'!$A$42:$A$45,0),1),0) -> 0.00011235641
A1270: Winter | B1270: h2 | C1270: Hour1 | D1270: =IFERROR(D1165/E$1264/INDEX('Category Mapping'!$B$42:$B$45,MATCH($A1270,'Category Mapping'!$A$42:$A$45,0),1),0) -> 0.00024094191 | E1270: =IFERROR(E1165/F$1264/INDEX('Category Mapping'!$B$42:$B$45,MATCH($A1270,'Category Mapping'!$A$42:$A$45,0),1),0) -> 1.705625e-07 | F1270: =IFERROR(F1165/G$1264/INDEX('Category Mapping'!$B$42:$B$45,MATCH($A1270,'Category Mapping'!$A$42:$A$45,0),1),0) -> 0 | G1270: =IFERROR(G1165/H$1264/INDEX('Category Mapping'!$B$42:$B$45,MATCH($A1270,'Category Mapping'!$A$42:$A$45,0),1),0) -> 5.6499482e-05 | H1270: =IFERROR(H1165/I$1264/INDEX('Category Mapping'!$B$42:$B$45,MATCH($A1270,'Category Mapping'!$A$42:$A$45,0),1),0) -> 5.8021808e-05 | I1270: =IFERROR(I1165/J$1264/INDEX('Category Mapping'!$B$42:$B$45,MATCH($A1270,'Category Mapping'!$A$42:$A$45,0),1),0) -> 5.8021808e-05 | J1270: =IFERROR(J1165/K$1264/INDEX('Category Mapping'!$B$42:$B$45,MATCH($A1270,'Category Mapping'!$A$42:$A$45,0),1),0) -> 0.0001578142 | K1270: =IFERROR(K1165/L$1264/INDEX('Category Mapping'!$B$42:$B$45,MATCH($A1270,'Category Mapping'!$A$42:$A$45,0),1),0) -> 8.7405822e-08 | ... X1270: =IFERROR(X1165/Y$1264/INDEX('Category Mapping'!$B$42:$B$45,MATCH($A1270,'Category Mapping'!$A$42:$A$45,0),1),0) -> 0.00011220803
A1271: Winter | B1271: h3 | C1271: Hour2 | D1271: =IFERROR(D1166/E$1264/INDEX('Category Mapping'!$B$42:$B$45,MATCH($A1271,'Category Mapping'!$A$42:$A$45,0),1),0) -> 0.00024232411 | E1271: =IFERROR(E1166/F$1264/INDEX('Category Mapping'!$B$42:$B$45,MATCH($A1271,'Category Mapping'!$A$42:$A$45,0),1),0) -> 1.7147647e-07 | F1271: =IFERROR(F1166/G$1264/INDEX('Category Mapping'!$B$42:$B$45,MATCH($A1271,'Category Mapping'!$A$42:$A$45,0),1),0) -> 0 | G1271: =IFERROR(G1166/H$1264/INDEX('Category Mapping'!$B$42:$B$45,MATCH($A1271,'Category Mapping'!$A$42:$A$45,0),1),0) -> 5.5717061e-05 | H1271: =IFERROR(H1166/I$1264/INDEX('Category Mapping'!$B$42:$B$45,MATCH($A1271,'Category Mapping'!$A$42:$A$45,0),1),0) -> 4.6414663e-05 | I1271: =IFERROR(I1166/J$1264/INDEX('Category Mapping'!$B$42:$B$45,MATCH($A1271,'Category Mapping'!$A$42:$A$45,0),1),0) -> 4.6414663e-05 | J1271: =IFERROR(J1166/K$1264/INDEX('Category Mapping'!$B$42:$B$45,MATCH($A1271,'Category Mapping'!$A$42:$A$45,0),1),0) -> 0.00014159215 | K1271: =IFERROR(K1166/L$1264/INDEX('Category Mapping'!$B$42:$B$45,MATCH($A1271,'Category Mapping'!$A$42:$A$45,0),1),0) -> 8.5458687e-08 | ... X1271: =IFERROR(X1166/Y$1264/INDEX('Category Mapping'!$B$42:$B$45,MATCH($A1271,'Category Mapping'!$A$42:$A$45,0),1),0) -> 0.00011217111
A1272: Winter | B1272: h4 | C1272: Hour3 | D1272: =IFERROR(D1167/E$1264/INDEX('Category Mapping'!$B$42:$B$45,MATCH($A1272,'Category Mapping'!$A$42:$A$45,0),1),0) -> 0.00024094191 | E1272: =IFERROR(E1167/F$1264/INDEX('Category Mapping'!$B$42:$B$45,MATCH($A1272,'Category Mapping'!$A$42:$A$45,0),1),0) -> 1.7160918e-07 | F1272: =IFERROR(F1167/G$1264/INDEX('Category Mapping'!$B$42:$B$45,MATCH($A1272,'Category Mapping'!$A$42:$A$45,0),1),0) -> 0 | G1272: =IFERROR(G1167/H$1264/INDEX('Category Mapping'!$B$42:$B$45,MATCH($A1272,'Category Mapping'!$A$42:$A$45,0),1),0) -> 5.6677498e-05 | H1272: =IFERROR(H1167/I$1264/INDEX('Category Mapping'!$B$42:$B$45,MATCH($A1272,'Category Mapping'!$A$42:$A$45,0),1),0) -> 3.9934158e-05 | I1272: =IFERROR(I1167/J$1264/INDEX('Category Mapping'!$B$42:$B$45,MATCH($A1272,'Category Mapping'!$A$42:$A$45,0),1),0) -> 3.9934158e-05 | J1272: =IFERROR(J1167/K$1264/INDEX('Category Mapping'!$B$42:$B$45,MATCH($A1272,'Category Mapping'!$A$42:$A$45,0),1),0) -> 0.00014639416 | K1272: =IFERROR(K1167/L$1264/INDEX('Category Mapping'!$B$42:$B$45,MATCH($A1272,'Category Mapping'!$A$42:$A$45,0),1),0) -> 8.4360588e-08 | ... X1272: =IFERROR(X1167/Y$1264/INDEX('Category Mapping'!$B$42:$B$45,MATCH($A1272,'Category Mapping'!$A$42:$A$45,0),1),0) -> 0.00011222827
A1273: Winter | B1273: h5 | C1273: Hour4 | D1273: =IFERROR(D1168/E$1264/INDEX('Category Mapping'!$B$42:$B$45,MATCH($A1273,'Category Mapping'!$A$42:$A$45,0),1),0) -> 0.00023598469 | E1273: =IFERROR(E1168/F$1264/INDEX('Category Mapping'!$B$42:$B$45,MATCH($A1273,'Category Mapping'!$A$42:$A$45,0),1),0) -> 1.678867e-07 | F1273: =IFERROR(F1168/G$1264/INDEX('Category Mapping'!$B$42:$B$45,MATCH($A1273,'Category Mapping'!$A$42:$A$45,0),1),0) -> 0 | G1273: =IFERROR(G1168/H$1264/INDEX('Category Mapping'!$B$42:$B$45,MATCH($A1273,'Category Mapping'!$A$42:$A$45,0),1),0) -> 7.0770729e-05 | H1273: =IFERROR(H1168/I$1264/INDEX('Category Mapping'!$B$42:$B$45,MATCH($A1273,'Category Mapping'!$A$42:$A$45,0),1),0) -> 4.202697e-05 | I1273: =IFERROR(I1168/J$1264/INDEX('Category Mapping'!$B$42:$B$45,MATCH($A1273,'Category Mapping'!$A$42:$A$45,0),1),0) -> 4.202697e-05 | J1273: =IFERROR(J1168/K$1264/INDEX('Category Mapping'!$B$42:$B$45,MATCH($A1273,'Category Mapping'!$A$42:$A$45,0),1),0) -> 0.00015349721 | K1273: =IFERROR(K1168/L$1264/INDEX('Category Mapping'!$B$42:$B$45,MATCH($A1273,'Category Mapping'!$A$42:$A$45,0),1),0) -> 8.4123563e-08 | ... X1273: =IFERROR(X1168/Y$1264/INDEX('Category Mapping'!$B$42:$B$45,MATCH($A1273,'Category Mapping'!$A$42:$A$45,0),1),0) -> 0.00011267079
A1274: Winter | B1274: h6 | C1274: Hour5 | D1274: =IFERROR(D1169/E$1264/INDEX('Category Mapping'!$B$42:$B$45,MATCH($A1274,'Category Mapping'!$A$42:$A$45,0),1),0) -> 0.00028370861 | E1274: =IFERROR(E1169/F$1264/INDEX('Category Mapping'!$B$42:$B$45,MATCH($A1274,'Category Mapping'!$A$42:$A$45,0),1),0) -> 1.5612122e-07 | F1274: =IFERROR(F1169/G$1264/INDEX('Category Mapping'!$B$42:$B$45,MATCH($A1274,'Category Mapping'!$A$42:$A$45,0),1),0) -> 0 | G1274: =IFERROR(G1169/H$1264/INDEX('Category Mapping'!$B$42:$B$45,MATCH($A1274,'Category Mapping'!$A$42:$A$45,0),1),0) -> 0.00011716473 | H1274: =IFERROR(H1169/I$1264/INDEX('Category Mapping'!$B$42:$B$45,MATCH($A1274,'Category Mapping'!$A$42:$A$45,0),1),0) -> 5.6654913e-05 | I1274: =IFERROR(I1169/J$1264/INDEX('Category Mapping'!$B$42:$B$45,MATCH($A1274,'Category Mapping'!$A$42:$A$45,0),1),0) -> 5.6654913e-05 | J1274: =IFERROR(J1169/K$1264/INDEX('Category Mapping'!$B$42:$B$45,MATCH($A1274,'Category Mapping'!$A$42:$A$45,0),1),0) -> 0.00015692509 | K1274: =IFERROR(K1169/L$1264/INDEX('Category Mapping'!$B$42:$B$45,MATCH($A1274,'Category Mapping'!$A$42:$A$45,0),1),0) -> 8.6431571e-08 | ... X1274: =IFERROR(X1169/Y$1264/INDEX('Category Mapping'!$B$42:$B$45,MATCH($A1274,'Category Mapping'!$A$42:$A$45,0),1),0) -> 0.00011348294
A1275: Winter | B1275: h7 | C1275: Hour6 | D1275: =IFERROR(D1170/E$1264/INDEX('Category Mapping'!$B$42:$B$45,MATCH($A1275,'Category Mapping'!$A$42:$A$45,0),1),0) -> 0.00029954679 | E1275: =IFERROR(E1170/F$1264/INDEX('Category Mapping'!$B$42:$B$45,MATCH($A1275,'Category Mapping'!$A$42:$A$45,0),1),0) -> 1.3146737e-07 | F1275: =IFERROR(F1170/G$1264/INDEX('Category Mapping'!$B$42:$B$45,MATCH($A1275,'Category Mapping'!$A$42:$A$45,0),1),0) -> 0 | G1275: =IFERROR(G1170/H$1264/INDEX('Category Mapping'!$B$42:$B$45,MATCH($A1275,'Category Mapping'!$A$42:$A$45,0),1),0) -> 0.00017461596 | H1275: =IFERROR(H1170/I$1264/INDEX('Category Mapping'!$B$42:$B$45,MATCH($A1275,'Category Mapping'!$A$42:$A$45,0),1),0) -> 8.9565956e-05 | I1275: =IFERROR(I1170/J$1264/INDEX('Category Mapping'!$B$42:$B$45,MATCH($A1275,'Category Mapping'!$A$42:$A$45,0),1),0) -> 8.9565956e-05 | J1275: =IFERROR(J1170/K$1264/INDEX('Category Mapping'!$B$42:$B$45,MATCH($A1275,'Category Mapping'!$A$42:$A$45,0),1),0) -> 0.00020384651 | K1275: =IFERROR(K1170/L$1264/INDEX('Category Mapping'!$B$42:$B$45,MATCH($A1275,'Category Mapping'!$A$42:$A$45,0),1),0) -> 9.4684685e-08 | ... X1275: =IFERROR(X1170/Y$1264/INDEX('Category Mapping'!$B$42:$B$45,MATCH($A1275,'Category Mapping'!$A$42:$A$45,0),1),0) -> 0.00011468878
