Workbook
Name FallWeekdays: 'Category Mapping'!$E$51
Name FallWeekendDays: 'Category Mapping'!$D$51
Name Hour: 'Adjusted Source Data'!$F$2:$AC$2
Name Load: 'Adjusted Source Data'!$F$3:$AC$290
Name LoadFactorHours: 'Summarized Source Data'!$C$1326:$C$1469
Name LoadFactorSeasons: 'Summarized Source Data'!$A$1326:$A$1469
Name Month: 'Adjusted Source Data'!$E$3:$E$290
Name Season: 'Adjusted Source Data'!$AD$3:$AD$290
Name Sector: 'Adjusted Source Data'!$AF$3:$AF$290
Name SpringWeekdays: 'Category Mapping'!$E$49
Name SpringWeekendDays: 'Category Mapping'!$D$49
Name Subsector: 'Adjusted Source Data'!$AG$3:$AG$290
Name SummerWeekdays: 'Category Mapping'!$E$50
Name SummerWeekendDays: 'Category Mapping'!$D$50
Name TimeOfWeek: 'Adjusted Source Data'!$AE$3:$AE$290
Name WinterWeekdays: 'Category Mapping'!$E$48
Name WinterWeekendDays: 'Category Mapping'!$D$48

Sheet About
A1: SHELF Seasonal Hourly Equipment Load Factors
A3: Source: | B3: Hourly load data
B4: Zapata, Victhalia (2022)
B5: “Data for: Future global electricity demand load curves”
B6: https://data.mendeley.com/datasets/pmd2dchk44/1
B8: 2024 actual monthly load
B9: Korea Power Exchange
B10: Accessed 2026
B11: Electric Power Statistics Information System
B12: https://epsis.kpx.or.kr/epsisnew/selectEkmaPtdBftChart.do?menuId=040501&locale=eng
B13: Trading Volume
A15: About
A16: This file specifies the ratio of the electricity consumed in each hour of the year to the
A17: total amount of electricity consumed during the year, disaggregated by sector.
A19: For Korea, we use Victhalia Zapata's demand load curve for the year 2019.
A20: In Zapata's research, hourly electricity demand aggregated at the monthly level is modeled within the integrated
A21: assessment model (IAM) IMAGE and under the SSP2 baseline scenario for the future.
A23: Zapata's data files have already been consolidated using Excel's
A24: Power Query (aka Get & Transform) feature in the 'Source Data' sheet.
A26: If you are adapting the EPS to a new geography and don't have hourly load data broken out
A27: by certain sectors, you can use total economy-wide or sector-wide data.
A29: Calibration Process
A30: The Zapata data doesn't always match load shapes or monthly load shares compared
... A37: is a limitation of using this dataset.

Sheet Source Data
A1: Source Data | AD1: Category Mapping
A2: Source.Name | B2: Year | C2: Region | D2: Regions_code.Region Name | E2: Month | F2: h1 | G2: h2 | H2: h3 | I2: h4 | J2: h5 | K2: h6 | L2: h7 | M2: h8 | N2: h9 | O2: h10 | P2: h11 | Q2: h12 | R2: h13 | S2: h14 | T2: h15 | U2: h16 | V2: h17 | W2: h18 | X2: h19 | Y2: h20 | Z2: h21 | AA2: h22 | AB2: h23 | AC2: h24 | AD2: season | AE2: time of week | AF2: sector | AG2: subsector
A3: Residential_cooling_weekday.csv | B3: 2019 | C3: 19 | D3: Korea | E3: 1 | F3: 13377 | G3: 13452 | H3: 13504 | I3: 13511 | J3: 13169 | K3: 12109 | L3: 9892 | M3: 7424 | N3: 5999 | O3: 5187 | P3: 5125 | Q3: 5732 | R3: 6222 | S3: 6418 | T3: 6702 | U3: 7320 | V3: 7993 | W3: 8761 | X3: 9726 | Y3: 10713 | Z3: 11596 | AA3: 12331 | AB3: 12855 | AC3: 13209 | AD3: =INDEX('Category Mapping'!$G$34:$G$45,MATCH(E3,'Category Mapping'!$A$34:$A$45,0),1) -> Winter | AE3: =INDEX('Category Mapping'!$B$2:$B$25,MATCH('Source Data'!A3,'Category Mapping'!$A$2:$A$25,0)) -> Weekday | AF3: =INDEX('Category Mapping'!$C$2:$C$25,MATCH('Source Data'!A3,'Category Mapping'!$A$2:$A$25,0)) -> Residential | AG3: =INDEX('Category Mapping'!$D$2:$D$25,MATCH('Source Data'!A3,'Category Mapping'!$A$2:$A$25,0)) -> Cooling
A4: Residential_cooling_weekday.csv | B4: 2019 | C4: 19 | D4: Korea | E4: 2 | F4: 15093 | G4: 15177 | H4: 15235 | I4: 15244 | J4: 14858 | K4: 13662 | L4: 11161 | M4: 8376 | N4: 6769 | O4: 5852 | P4: 5782 | Q4: 6467 | R4: 7020 | S4: 7241 | T4: 7561 | U4: 8259 | V4: 9018 | W4: 9885 | X4: 10973 | Y4: 12087 | Z4: 13083 | AA4: 13913 | AB4: 14504 | AC4: 14902 | AD4: =INDEX('Category Mapping'!$G$34:$G$45,MATCH(E4,'Category Mapping'!$A$34:$A$45,0),1) -> Winter | AE4: =INDEX('Category Mapping'!$B$2:$B$25,MATCH('Source Data'!A4,'Category Mapping'!$A$2:$A$25,0)) -> Weekday | AF4: =INDEX('Category Mapping'!$C$2:$C$25,MATCH('Source Data'!A4,'Category Mapping'!$A$2:$A$25,0)) -> Residential | AG4: =INDEX('Category Mapping'!$D$2:$D$25,MATCH('Source Data'!A4,'Category Mapping'!$A$2:$A$25,0)) -> Cooling
A5: Residential_cooling_weekday.csv | B5: 2019 | C5: 19 | D5: Korea | E5: 3 | F5: 33976 | G5: 34167 | H5: 34298 | I5: 34317 | J5: 33448 | K5: 30755 | L5: 25125 | M5: 18855 | N5: 15238 | O5: 13173 | P5: 13017 | Q5: 14558 | R5: 15804 | S5: 16301 | T5: 17022 | U5: 18592 | V5: 20302 | W5: 22252 | X5: 24702 | Y5: 27210 | Z5: 29452 | AA5: 31320 | AB5: 32650 | AC5: 33548 | AD5: =INDEX('Category Mapping'!$G$34:$G$45,MATCH(E5,'Category Mapping'!$A$34:$A$45,0),1) -> Spring | AE5: =INDEX('Category Mapping'!$B$2:$B$25,MATCH('Source Data'!A5,'Category Mapping'!$A$2:$A$25,0)) -> Weekday | AF5: =INDEX('Category Mapping'!$C$2:$C$25,MATCH('Source Data'!A5,'Category Mapping'!$A$2:$A$25,0)) -> Residential | AG5: =INDEX('Category Mapping'!$D$2:$D$25,MATCH('Source Data'!A5,'Category Mapping'!$A$2:$A$25,0)) -> Cooling
A6: Residential_cooling_weekday.csv | B6: 2019 | C6: 19 | D6: Korea | E6: 4 | F6: 37933 | G6: 38146 | H6: 38292 | I6: 38314 | J6: 37344 | K6: 34337 | L6: 28051 | M6: 21051 | N6: 17012 | O6: 14707 | P6: 14533 | Q6: 16254 | R6: 17644 | S6: 536764 | T6: 1040400 | U6: 612197 | V6: 22666 | W6: 24843 | X6: 27579 | Y6: 30380 | Z6: 32882 | AA6: 34968 | AB6: 36453 | AC6: 37455 | AD6: =INDEX('Category Mapping'!$G$34:$G$45,MATCH(E6,'Category Mapping'!$A$34:$A$45,0),1) -> Spring | AE6: =INDEX('Category Mapping'!$B$2:$B$25,MATCH('Source Data'!A6,'Category Mapping'!$A$2:$A$25,0)) -> Weekday | AF6: =INDEX('Category Mapping'!$C$2:$C$25,MATCH('Source Data'!A6,'Category Mapping'!$A$2:$A$25,0)) -> Residential | AG6: =INDEX('Category Mapping'!$D$2:$D$25,MATCH('Source Data'!A6,'Category Mapping'!$A$2:$A$25,0)) -> Cooling
A7: Residential_cooling_weekday.csv | B7: 2019 | C7: 19 | D7: Korea | E7: 5 | F7: 4397 | G7: 4421 | H7: 4438 | I7: 4441 | J7: 4329 | K7: 3980 | L7: 3251 | M7: 2440 | N7: 58818 | O7: 995883 | P7: 2342718 | Q7: 4070541 | R7: 5674487 | S7: 6673404 | T7: 7261770 | U7: 7611241 | V7: 7289568 | W7: 6221652 | X7: 4445696 | Y7: 2057088 | Z7: 113684 | AA7: 4053 | AB7: 4225 | AC7: 4341 | AD7: =INDEX('Category Mapping'!$G$34:$G$45,MATCH(E7,'Category Mapping'!$A$34:$A$45,0),1) -> Spring | AE7: =INDEX('Category Mapping'!$B$2:$B$25,MATCH('Source Data'!A7,'Category Mapping'!$A$2:$A$25,0)) -> Weekday | AF7: =INDEX('Category Mapping'!$C$2:$C$25,MATCH('Source Data'!A7,'Category Mapping'!$A$2:$A$25,0)) -> Residential | AG7: =INDEX('Category Mapping'!$D$2:$D$25,MATCH('Source Data'!A7,'Category Mapping'!$A$2:$A$25,0)) -> Cooling
A8: Residential_cooling_weekday.csv | B8: 2019 | C8: 19 | D8: Korea | E8: 6 | F8: 3799513 | G8: 2502986 | H8: 2214972 | I8: 2513965 | J8: 3740541 | K8: 6945215 | L8: 11800000 | M8: 14800000 | N8: 17500000 | O8: 20100000 | P8: 24600000 | Q8: 32000000 | R8: 38600000 | S8: 42300000 | T8: 45000000 | U8: 48200000 | V8: 49600000 | W8: 49000000 | X8: 46600000 | Y8: 41600000 | Z8: 33900000 | AA8: 24600000 | AB8: 15300000 | AC8: 7575886 | AD8: =INDEX('Category Mapping'!$G$34:$G$45,MATCH(E8,'Category Mapping'!$A$34:$A$45,0),1) -> Summer | AE8: =INDEX('Category Mapping'!$B$2:$B$25,MATCH('Source Data'!A8,'Category Mapping'!$A$2:$A$25,0)) -> Weekday | AF8: =INDEX('Category Mapping'!$C$2:$C$25,MATCH('Source Data'!A8,'Category Mapping'!$A$2:$A$25,0)) -> Residential | AG8: =INDEX('Category Mapping'!$D$2:$D$25,MATCH('Source Data'!A8,'Category Mapping'!$A$2:$A$25,0)) -> Cooling
A9: Residential_cooling_weekday.csv | B9: 2019 | C9: 19 | D9: Korea | E9: 7 | F9: 53400000 | G9: 48800000 | H9: 47300000 | I9: 49000000 | J9: 52600000 | K9: 55500000 | L9: 53100000 | M9: 46600000 | N9: 43700000 | O9: 43100000 | P9: 47500000 | Q9: 57800000 | R9: 66700000 | S9: 71300000 | T9: 75400000 | U9: 81400000 | V9: 85700000 | W9: 88300000 | X9: 90000000 | Y9: 89000000 | Z9: 84500000 | AA9: 77500000 | AB9: 69000000 | AC9: 60500000 | AD9: =INDEX('Category Mapping'!$G$34:$G$45,MATCH(E9,'Category Mapping'!$A$34:$A$45,0),1) -> Summer | AE9: =INDEX('Category Mapping'!$B$2:$B$25,MATCH('Source Data'!A9,'Category Mapping'!$A$2:$A$25,0)) -> Weekday | AF9: =INDEX('Category Mapping'!$C$2:$C$25,MATCH('Source Data'!A9,'Category Mapping'!$A$2:$A$25,0)) -> Residential | AG9: =INDEX('Category Mapping'!$D$2:$D$25,MATCH('Source Data'!A9,'Category Mapping'!$A$2:$A$25,0)) -> Cooling
A10: Residential_cooling_weekday.csv | B10: 2019 | C10: 19 | D10: Korea | E10: 8 | F10: 56500000 | G10: 50600000 | H10: 48600000 | I10: 50800000 | J10: 55600000 | K10: 60300000 | L10: 59300000 | M10: 53200000 | N10: 50700000 | O10: 50600000 | P10: 56300000 | Q10: 69000000 | R10: 80000000 | S10: 85800000 | T10: 90800000 | U10: 97900000 | V10: 103000000 | W10: 106000000 | X10: 107000000 | Y10: 105000000 | Z10: 98000000 | AA10: 88400000 | AB10: 77000000 | AC10: 65800000 | AD10: =INDEX('Category Mapping'!$G$34:$G$45,MATCH(E10,'Category Mapping'!$A$34:$A$45,0),1) -> Summer | AE10: =INDEX('Category Mapping'!$B$2:$B$25,MATCH('Source Data'!A10,'Category Mapping'!$A$2:$A$25,0)) -> Weekday | AF10: =INDEX('Category Mapping'!$C$2:$C$25,MATCH('Source Data'!A10,'Category Mapping'!$A$2:$A$25,0)) -> Residential | AG10: =INDEX('Category Mapping'!$D$2:$D$25,MATCH('Source Data'!A10,'Category Mapping'!$A$2:$A$25,0)) -> Cooling
A11: Residential_cooling_weekday.csv | B11: 2019 | C11: 19 | D11: Korea | E11: 9 | F11: 2827273 | G11: 2549733 | H11: 2460053 | I11: 2560917 | J11: 2783391 | K11: 3228720 | L11: 4970225 | M11: 7996402 | N11: 11500000 | O11: 14700000 | P11: 19200000 | Q11: 25900000 | R11: 32000000 | S11: 35500000 | T11: 37900000 | U11: 40400000 | V11: 41100000 | W11: 39700000 | X11: 36300000 | Y11: 30400000 | Z11: 22200000 | AA11: 13300000 | AB11: 6458964 | AC11: 3521910 | AD11: =INDEX('Category Mapping'!$G$34:$G$45,MATCH(E11,'Category Mapping'!$A$34:$A$45,0),1) -> Fall | AE11: =INDEX('Category Mapping'!$B$2:$B$25,MATCH('Source Data'!A11,'Category Mapping'!$A$2:$A$25,0)) -> Weekday | AF11: =INDEX('Category Mapping'!$C$2:$C$25,MATCH('Source Data'!A11,'Category Mapping'!$A$2:$A$25,0)) -> Residential | AG11: =INDEX('Category Mapping'!$D$2:$D$25,MATCH('Source Data'!A11,'Category Mapping'!$A$2:$A$25,0)) -> Cooling
A12: Residential_cooling_weekday.csv | B12: 2019 | C12: 19 | D12: Korea | E12: 10 | F12: 2902 | G12: 2918 | H12: 2929 | I12: 2931 | J12: 2857 | K12: 2627 | L12: 2146 | M12: 1610 | N12: 1301 | O12: 10087 | P12: 65252 | Q12: 413141 | R12: 1020552 | S12: 1479165 | T12: 1702028 | U12: 1687037 | V12: 1311023 | W12: 631468 | X12: 123827 | Y12: 20837 | Z12: 2515 | AA12: 2675 | AB12: 2788 | AC12: 2865 | AD12: =INDEX('Category Mapping'!$G$34:$G$45,MATCH(E12,'Category Mapping'!$A$34:$A$45,0),1) -> Fall | AE12: =INDEX('Category Mapping'!$B$2:$B$25,MATCH('Source Data'!A12,'Category Mapping'!$A$2:$A$25,0)) -> Weekday | AF12: =INDEX('Category Mapping'!$C$2:$C$25,MATCH('Source Data'!A12,'Category Mapping'!$A$2:$A$25,0)) -> Residential | AG12: =INDEX('Category Mapping'!$D$2:$D$25,MATCH('Source Data'!A12,'Category Mapping'!$A$2:$A$25,0)) -> Cooling
A13: Residential_cooling_weekday.csv | B13: 2019 | C13: 19 | D13: Korea | E13: 11 | F13: 47696 | G13: 47964 | H13: 48148 | I13: 48174 | J13: 46956 | K13: 43175 | L13: 35271 | M13: 26469 | N13: 21391 | O13: 18493 | P13: 18273 | Q13: 20437 | R13: 22185 | S13: 22884 | T13: 23895 | U13: 26100 | V13: 28500 | W13: 31237 | X13: 34677 | Y13: 38198 | Z13: 41345 | AA13: 43968 | AB13: 45835 | AC13: 47095 | AD13: =INDEX('Category Mapping'!$G$34:$G$45,MATCH(E13,'Category Mapping'!$A$34:$A$45,0),1) -> Winter | AE13: =INDEX('Category Mapping'!$B$2:$B$25,MATCH('Source Data'!A13,'Category Mapping'!$A$2:$A$25,0)) -> Weekday | AF13: =INDEX('Category Mapping'!$C$2:$C$25,MATCH('Source Data'!A13,'Category Mapping'!$A$2:$A$25,0)) -> Residential | AG13: =INDEX('Category Mapping'!$D$2:$D$25,MATCH('Source Data'!A13,'Category Mapping'!$A$2:$A$25,0)) -> Cooling
A14: Residential_cooling_weekday.csv | B14: 2019 | C14: 19 | D14: Korea | E14: 12 | F14: 18044 | G14: 18146 | H14: 18215 | I14: 18225 | J14: 17764 | K14: 16334 | L14: 13343 | M14: 10014 | N14: 8092 | O14: 6996 | P14: 6913 | Q14: 7732 | R14: 8393 | S14: 8657 | T14: 9040 | U14: 9874 | V14: 10782 | W14: 11818 | X14: 13119 | Y14: 14451 | Z14: 15641 | AA14: 16634 | AB14: 17340 | AC14: 17817 | AD14: =INDEX('Category Mapping'!$G$34:$G$45,MATCH(E14,'Category Mapping'!$A$34:$A$45,0),1) -> Winter | AE14: =INDEX('Category Mapping'!$B$2:$B$25,MATCH('Source Data'!A14,'Category Mapping'!$A$2:$A$25,0)) -> Weekday | AF14: =INDEX('Category Mapping'!$C$2:$C$25,MATCH('Source Data'!A14,'Category Mapping'!$A$2:$A$25,0)) -> Residential | AG14: =INDEX('Category Mapping'!$D$2:$D$25,MATCH('Source Data'!A14,'Category Mapping'!$A$2:$A$25,0)) -> Cooling
... A247: Total_regional_weekday_SSP2.csv | B247: 2019 | C247: 19 | D247: Korea | E247: 5 | F247: 949000000 | G247: 924000000 | H247: 912000000 | I247: 913000000 | J247: 929000000 | K247: 985000000 | L247: 1120000000 | M247: 1260000000 | N247: 1360000000 | O247: 1380000000 | P247: 1380000000 | Q247: 1380000000 | R247: 1370000000 | S247: 1370000000 | T247: 1370000000 | U247: 1390000000 | V247: 1410000000 | W247: 1400000000 | X247: 1400000000 | Y247: 1320000000 | Z247: 1240000000 | AA247: 1170000000 | AB247: 1070000000 | AC247: 1000000000 | AD247: =INDEX('Category Mapping'!$G$34:$G$45,MATCH(E247,'Category Mapping'!$A$34:$A$45,0),1) -> Spring | AE247: =INDEX('Category Mapping'!$B$2:$B$25,MATCH('Source Data'!A247,'Category Mapping'!$A$2:$A$25,0)) -> Weekday | AF247: =INDEX('Category Mapping'!$C$2:$C$25,MATCH('Source Data'!A247,'Category Mapping'!$A$2:$A$25,0)) -> All Sectors | AG247: =INDEX('Category Mapping'!$D$2:$D$25,MATCH('Source Data'!A247,'Category Mapping'!$A$2:$A$25,0)) -> Total
A248: Total_regional_weekday_SSP2.csv | B248: 2019 | C248: 19 | D248: Korea | E248: 6 | F248: 1020000000 | G248: 991000000 | H248: 977000000 | I248: 978000000 | J248: 996000000 | K248: 1050000000 | L248: 1200000000 | M248: 1370000000 | N248: 1500000000 | O248: 1550000000 | P248: 1560000000 | Q248: 1580000000 | R248: 1570000000 | S248: 1580000000 | T248: 1590000000 | U248: 1620000000 | V248: 1630000000 | W248: 1610000000 | X248: 1580000000 | Y248: 1490000000 | Z248: 1400000000 | AA248: 1300000000 | AB248: 1180000000 | AC248: 1090000000 | AD248: =INDEX('Category Mapping'!$G$34:$G$45,MATCH(E248,'Category Mapping'!$A$34:$A$45,0),1) -> Summer | AE248: =INDEX('Category Mapping'!$B$2:$B$25,MATCH('Source Data'!A248,'Category Mapping'!$A$2:$A$25,0)) -> Weekday | AF248: =INDEX('Category Mapping'!$C$2:$C$25,MATCH('Source Data'!A248,'Category Mapping'!$A$2:$A$25,0)) -> All Sectors | AG248: =INDEX('Category Mapping'!$D$2:$D$25,MATCH('Source Data'!A248,'Category Mapping'!$A$2:$A$25,0)) -> Total | AH248: =SUM(F248:AC248) -> 32412000000
A249: Total_regional_weekday_SSP2.csv | B249: 2019 | C249: 19 | D249: Korea | E249: 7 | F249: 1180000000 | G249: 1130000000 | H249: 1110000000 | I249: 1120000000 | J249: 1140000000 | K249: 1210000000 | L249: 1360000000 | M249: 1540000000 | N249: 1700000000 | O249: 1770000000 | P249: 1790000000 | Q249: 1820000000 | R249: 1820000000 | S249: 1830000000 | T249: 1850000000 | U249: 1880000000 | V249: 1890000000 | W249: 1860000000 | X249: 1820000000 | Y249: 1720000000 | Z249: 1620000000 | AA249: 1510000000 | AB249: 1370000000 | AC249: 1260000000 | AD249: =INDEX('Category Mapping'!$G$34:$G$45,MATCH(E249,'Category Mapping'!$A$34:$A$45,0),1) -> Summer | AE249: =INDEX('Category Mapping'!$B$2:$B$25,MATCH('Source Data'!A249,'Category Mapping'!$A$2:$A$25,0)) -> Weekday | AF249: =INDEX('Category Mapping'!$C$2:$C$25,MATCH('Source Data'!A249,'Category Mapping'!$A$2:$A$25,0)) -> All Sectors | AG249: =INDEX('Category Mapping'!$D$2:$D$25,MATCH('Source Data'!A249,'Category Mapping'!$A$2:$A$25,0)) -> Total | AH249: =SUM(F249:AC249) -> 37300000000
A250: Total_regional_weekday_SSP2.csv | B250: 2019 | C250: 19 | D250: Korea | E250: 8 | F250: 1240000000 | G250: 1190000000 | H250: 1170000000 | I250: 1170000000 | J250: 1200000000 | K250: 1280000000 | L250: 1440000000 | M250: 1630000000 | N250: 1800000000 | O250: 1870000000 | P250: 1910000000 | Q250: 1940000000 | R250: 1940000000 | S250: 1960000000 | T250: 1980000000 | U250: 2010000000 | V250: 2020000000 | W250: 1990000000 | X250: 1960000000 | Y250: 1840000000 | Z250: 1720000000 | AA250: 1600000000 | AB250: 1450000000 | AC250: 1330000000 | AD250: =INDEX('Category Mapping'!$G$34:$G$45,MATCH(E250,'Category Mapping'!$A$34:$A$45,0),1) -> Summer | AE250: =INDEX('Category Mapping'!$B$2:$B$25,MATCH('Source Data'!A250,'Category Mapping'!$A$2:$A$25,0)) -> Weekday | AF250: =INDEX('Category Mapping'!$C$2:$C$25,MATCH('Source Data'!A250,'Category Mapping'!$A$2:$A$25,0)) -> All Sectors | AG250: =INDEX('Category Mapping'!$D$2:$D$25,MATCH('Source Data'!A250,'Category Mapping'!$A$2:$A$25,0)) -> Total
A251: Total_regional_weekday_SSP2.csv | B251: 2019 | C251: 19 | D251: Korea | E251: 9 | F251: 1010000000 | G251: 979000000 | H251: 966000000 | I251: 967000000 | J251: 983000000 | K251: 1040000000 | L251: 1190000000 | M251: 1340000000 | N251: 1460000000 | O251: 1510000000 | P251: 1520000000 | Q251: 1530000000 | R251: 1520000000 | S251: 1530000000 | T251: 1540000000 | U251: 1570000000 | V251: 1580000000 | W251: 1570000000 | X251: 1550000000 | Y251: 1450000000 | Z251: 1360000000 | AA251: 1260000000 | AB251: 1150000000 | AC251: 1070000000 | AD251: =INDEX('Category Mapping'!$G$34:$G$45,MATCH(E251,'Category Mapping'!$A$34:$A$45,0),1) -> Fall | AE251: =INDEX('Category Mapping'!$B$2:$B$25,MATCH('Source Data'!A251,'Category Mapping'!$A$2:$A$25,0)) -> Weekday | AF251: =INDEX('Category Mapping'!$C$2:$C$25,MATCH('Source Data'!A251,'Category Mapping'!$A$2:$A$25,0)) -> All Sectors | AG251: =INDEX('Category Mapping'!$D$2:$D$25,MATCH('Source Data'!A251,'Category Mapping'!$A$2:$A$25,0)) -> Total
A252: Total_regional_weekday_SSP2.csv | B252: 2019 | C252: 19 | D252: Korea | E252: 10 | F252: 964000000 | G252: 938000000 | H252: 927000000 | I252: 928000000 | J252: 944000000 | K252: 1010000000 | L252: 1180000000 | M252: 1300000000 | N252: 1390000000 | O252: 1400000000 | P252: 1390000000 | Q252: 1390000000 | R252: 1370000000 | S252: 1370000000 | T252: 1370000000 | U252: 1400000000 | V252: 1420000000 | W252: 1440000000 | X252: 1410000000 | Y252: 1330000000 | Z252: 1270000000 | AA252: 1180000000 | AB252: 1090000000 | AC252: 1020000000 | AD252: =INDEX('Category Mapping'!$G$34:$G$45,MATCH(E252,'Category Mapping'!$A$34:$A$45,0),1) -> Fall | AE252: =INDEX('Category Mapping'!$B$2:$B$25,MATCH('Source Data'!A252,'Category Mapping'!$A$2:$A$25,0)) -> Weekday | AF252: =INDEX('Category Mapping'!$C$2:$C$25,MATCH('Source Data'!A252,'Category Mapping'!$A$2:$A$25,0)) -> All Sectors | AG252: =INDEX('Category Mapping'!$D$2:$D$25,MATCH('Source Data'!A252,'Category Mapping'!$A$2:$A$25,0)) -> Total
A253: Total_regional_weekday_SSP2.csv | B253: 2019 | C253: 19 | D253: Korea | E253: 11 | F253: 992000000 | G253: 965000000 | H253: 951000000 | I253: 952000000 | J253: 970000000 | K253: 1030000000 | L253: 1190000000 | M253: 1370000000 | N253: 1450000000 | O253: 1450000000 | P253: 1430000000 | Q253: 1420000000 | R253: 1410000000 | S253: 1400000000 | T253: 1410000000 | U253: 1430000000 | V253: 1460000000 | W253: 1480000000 | X253: 1460000000 | Y253: 1380000000 | Z253: 1310000000 | AA253: 1230000000 | AB253: 1130000000 | AC253: 1040000000 | AD253: =INDEX('Category Mapping'!$G$34:$G$45,MATCH(E253,'Category Mapping'!$A$34:$A$45,0),1) -> Winter | AE253: =INDEX('Category Mapping'!$B$2:$B$25,MATCH('Source Data'!A253,'Category Mapping'!$A$2:$A$25,0)) -> Weekday | AF253: =INDEX('Category Mapping'!$C$2:$C$25,MATCH('Source Data'!A253,'Category Mapping'!$A$2:$A$25,0)) -> All Sectors | AG253: =INDEX('Category Mapping'!$D$2:$D$25,MATCH('Source Data'!A253,'Category Mapping'!$A$2:$A$25,0)) -> Total
A254: Total_regional_weekday_SSP2.csv | B254: 2019 | C254: 19 | D254: Korea | E254: 12 | F254: 972000000 | G254: 944000000 | H254: 929000000 | I254: 931000000 | J254: 950000000 | K254: 1010000000 | L254: 1170000000 | M254: 1390000000 | N254: 1470000000 | O254: 1450000000 | P254: 1430000000 | Q254: 1420000000 | R254: 1400000000 | S254: 1390000000 | T254: 1390000000 | U254: 1410000000 | V254: 1470000000 | W254: 1460000000 | X254: 1450000000 | Y254: 1370000000 | Z254: 1310000000 | AA254: 1230000000 | AB254: 1130000000 | AC254: 1020000000 | AD254: =INDEX('Category Mapping'!$G$34:$G$45,MATCH(E254,'Category Mapping'!$A$34:$A$45,0),1) -> Winter | AE254: =INDEX('Category Mapping'!$B$2:$B$25,MATCH('Source Data'!A254,'Category Mapping'!$A$2:$A$25,0)) -> Weekday | AF254: =INDEX('Category Mapping'!$C$2:$C$25,MATCH('Source Data'!A254,'Category Mapping'!$A$2:$A$25,0)) -> All Sectors | AG254: =INDEX('Category Mapping'!$D$2:$D$25,MATCH('Source Data'!A254,'Category Mapping'!$A$2:$A$25,0)) -> Total
A255: Total_regional_weekend_SSP2.csv | B255: 2019 | C255: 19 | D255: Korea | E255: 1 | F255: 521000000 | G255: 501000000 | H255: 492000000 | I255: 490000000 | J255: 494000000 | K255: 509000000 | L255: 539000000 | M255: 598000000 | N255: 623000000 | O255: 642000000 | P255: 652000000 | Q255: 657000000 | R255: 644000000 | S255: 626000000 | T255: 623000000 | U255: 623000000 | V255: 647000000 | W255: 656000000 | X255: 656000000 | Y255: 640000000 | Z255: 628000000 | AA255: 606000000 | AB255: 576000000 | AC255: 540000000 | AD255: =INDEX('Category Mapping'!$G$34:$G$45,MATCH(E255,'Category Mapping'!$A$34:$A$45,0),1) -> Winter | AE255: =INDEX('Category Mapping'!$B$2:$B$25,MATCH('Source Data'!A255,'Category Mapping'!$A$2:$A$25,0)) -> Weekend | AF255: =INDEX('Category Mapping'!$C$2:$C$25,MATCH('Source Data'!A255,'Category Mapping'!$A$2:$A$25,0)) -> All Sectors | AG255: =INDEX('Category Mapping'!$D$2:$D$25,MATCH('Source Data'!A255,'Category Mapping'!$A$2:$A$25,0)) -> Total
A256: Total_regional_weekend_SSP2.csv | B256: 2019 | C256: 19 | D256: Korea | E256: 2 | F256: 516000000 | G256: 496000000 | H256: 488000000 | I256: 485000000 | J256: 490000000 | K256: 504000000 | L256: 534000000 | M256: 582000000 | N256: 614000000 | O256: 633000000 | P256: 643000000 | Q256: 649000000 | R256: 636000000 | S256: 618000000 | T256: 616000000 | U256: 616000000 | V256: 627000000 | W256: 648000000 | X256: 647000000 | Y256: 632000000 | Z256: 620000000 | AA256: 599000000 | AB256: 569000000 | AC256: 534000000 | AD256: =INDEX('Category Mapping'!$G$34:$G$45,MATCH(E256,'Category Mapping'!$A$34:$A$45,0),1) -> Winter | AE256: =INDEX('Category Mapping'!$B$2:$B$25,MATCH('Source Data'!A256,'Category Mapping'!$A$2:$A$25,0)) -> Weekend | AF256: =INDEX('Category Mapping'!$C$2:$C$25,MATCH('Source Data'!A256,'Category Mapping'!$A$2:$A$25,0)) -> All Sectors | AG256: =INDEX('Category Mapping'!$D$2:$D$25,MATCH('Source Data'!A256,'Category Mapping'!$A$2:$A$25,0)) -> Total
A257: Total_regional_weekend_SSP2.csv | B257: 2019 | C257: 19 | D257: Korea | E257: 3 | F257: 512000000 | G257: 491000000 | H257: 484000000 | I257: 481000000 | J257: 486000000 | K257: 500000000 | L257: 534000000 | M257: 574000000 | N257: 601000000 | O257: 622000000 | P257: 633000000 | Q257: 640000000 | R257: 628000000 | S257: 611000000 | T257: 610000000 | U257: 609000000 | V257: 615000000 | W257: 638000000 | X257: 635000000 | Y257: 624000000 | Z257: 613000000 | AA257: 591000000 | AB257: 561000000 | AC257: 529000000 | AD257: =INDEX('Category Mapping'!$G$34:$G$45,MATCH(E257,'Category Mapping'!$A$34:$A$45,0),1) -> Spring | AE257: =INDEX('Category Mapping'!$B$2:$B$25,MATCH('Source Data'!A257,'Category Mapping'!$A$2:$A$25,0)) -> Weekend | AF257: =INDEX('Category Mapping'!$C$2:$C$25,MATCH('Source Data'!A257,'Category Mapping'!$A$2:$A$25,0)) -> All Sectors | AG257: =INDEX('Category Mapping'!$D$2:$D$25,MATCH('Source Data'!A257,'Category Mapping'!$A$2:$A$25,0)) -> Total
A258: Total_regional_weekend_SSP2.csv | B258: 2019 | C258: 19 | D258: Korea | E258: 4 | F258: 489000000 | G258: 469000000 | H258: 462000000 | I258: 460000000 | J258: 463000000 | K258: 477000000 | L258: 503000000 | M258: 541000000 | N258: 566000000 | O258: 590000000 | P258: 604000000 | Q258: 612000000 | R258: 602000000 | S258: 586000000 | T258: 586000000 | U258: 583000000 | V258: 589000000 | W258: 597000000 | X258: 607000000 | Y258: 598000000 | Z258: 586000000 | AA258: 565000000 | AB258: 535000000 | AC258: 505000000 | AD258: =INDEX('Category Mapping'!$G$34:$G$45,MATCH(E258,'Category Mapping'!$A$34:$A$45,0),1) -> Spring | AE258: =INDEX('Category Mapping'!$B$2:$B$25,MATCH('Source Data'!A258,'Category Mapping'!$A$2:$A$25,0)) -> Weekend | AF258: =INDEX('Category Mapping'!$C$2:$C$25,MATCH('Source Data'!A258,'Category Mapping'!$A$2:$A$25,0)) -> All Sectors | AG258: =INDEX('Category Mapping'!$D$2:$D$25,MATCH('Source Data'!A258,'Category Mapping'!$A$2:$A$25,0)) -> Total
A259: Total_regional_weekend_SSP2.csv | B259: 2019 | C259: 19 | D259: Korea | E259: 5 | F259: 490000000 | G259: 471000000 | H259: 464000000 | I259: 461000000 | J259: 465000000 | K259: 477000000 | L259: 497000000 | M259: 535000000 | N259: 562000000 | O259: 588000000 | P259: 604000000 | Q259: 616000000 | R259: 608000000 | S259: 593000000 | T259: 593000000 | U259: 591000000 | V259: 596000000 | W259: 599000000 | X259: 608000000 | Y259: 598000000 | Z259: 585000000 | AA259: 564000000 | AB259: 536000000 | AC259: 506000000 | AD259: =INDEX('Category Mapping'!$G$34:$G$45,MATCH(E259,'Category Mapping'!$A$34:$A$45,0),1) -> Spring | AE259: =INDEX('Category Mapping'!$B$2:$B$25,MATCH('Source Data'!A259,'Category Mapping'!$A$2:$A$25,0)) -> Weekend | AF259: =INDEX('Category Mapping'!$C$2:$C$25,MATCH('Source Data'!A259,'Category Mapping'!$A$2:$A$25,0)) -> All Sectors | AG259: =INDEX('Category Mapping'!$D$2:$D$25,MATCH('Source Data'!A259,'Category Mapping'!$A$2:$A$25,0)) -> Total
A260: Total_regional_weekend_SSP2.csv | B260: 2019 | C260: 19 | D260: Korea | E260: 6 | F260: 526000000 | G260: 505000000 | H260: 497000000 | I260: 495000000 | J260: 500000000 | K260: 514000000 | L260: 542000000 | M260: 591000000 | N260: 630000000 | O260: 665000000 | P260: 689000000 | Q260: 709000000 | R260: 707000000 | S260: 695000000 | T260: 696000000 | U260: 694000000 | V260: 696000000 | W260: 692000000 | X260: 689000000 | Y260: 678000000 | Z260: 655000000 | AA260: 623000000 | AB260: 585000000 | AC260: 546000000 | AD260: =INDEX('Category Mapping'!$G$34:$G$45,MATCH(E260,'Category Mapping'!$A$34:$A$45,0),1) -> Summer | AE260: =INDEX('Category Mapping'!$B$2:$B$25,MATCH('Source Data'!A260,'Category Mapping'!$A$2:$A$25,0)) -> Weekend | AF260: =INDEX('Category Mapping'!$C$2:$C$25,MATCH('Source Data'!A260,'Category Mapping'!$A$2:$A$25,0)) -> All Sectors | AG260: =INDEX('Category Mapping'!$D$2:$D$25,MATCH('Source Data'!A260,'Category Mapping'!$A$2:$A$25,0)) -> Total | AH260: =SUM(F260:AC260) -> 14819000000
A261: Total_regional_weekend_SSP2.csv | B261: 2019 | C261: 19 | D261: Korea | E261: 7 | F261: 600000000 | G261: 574000000 | H261: 564000000 | I261: 563000000 | J261: 573000000 | K261: 593000000 | L261: 626000000 | M261: 680000000 | N261: 723000000 | O261: 763000000 | P261: 790000000 | Q261: 814000000 | R261: 816000000 | S261: 806000000 | T261: 808000000 | U261: 805000000 | V261: 804000000 | W261: 798000000 | X261: 793000000 | Y261: 778000000 | Z261: 750000000 | AA261: 714000000 | AB261: 671000000 | AC261: 626000000 | AD261: =INDEX('Category Mapping'!$G$34:$G$45,MATCH(E261,'Category Mapping'!$A$34:$A$45,0),1) -> Summer | AE261: =INDEX('Category Mapping'!$B$2:$B$25,MATCH('Source Data'!A261,'Category Mapping'!$A$2:$A$25,0)) -> Weekend | AF261: =INDEX('Category Mapping'!$C$2:$C$25,MATCH('Source Data'!A261,'Category Mapping'!$A$2:$A$25,0)) -> All Sectors | AG261: =INDEX('Category Mapping'!$D$2:$D$25,MATCH('Source Data'!A261,'Category Mapping'!$A$2:$A$25,0)) -> Total | AH261: =SUM(F261:AC261) -> 17032000000
A262: Total_regional_weekend_SSP2.csv | B262: 2019 | C262: 19 | D262: Korea | E262: 8 | F262: 630000000 | G262: 602000000 | H262: 592000000 | I262: 592000000 | J262: 603000000 | K262: 628000000 | L262: 664000000 | M262: 722000000 | N262: 770000000 | O262: 813000000 | P262: 844000000 | Q262: 872000000 | R262: 876000000 | S262: 868000000 | T262: 870000000 | U262: 867000000 | V262: 865000000 | W262: 859000000 | X262: 857000000 | Y262: 829000000 | Z262: 797000000 | AA262: 756000000 | AB262: 709000000 | AC262: 660000000 | AD262: =INDEX('Category Mapping'!$G$34:$G$45,MATCH(E262,'Category Mapping'!$A$34:$A$45,0),1) -> Summer | AE262: =INDEX('Category Mapping'!$B$2:$B$25,MATCH('Source Data'!A262,'Category Mapping'!$A$2:$A$25,0)) -> Weekend | AF262: =INDEX('Category Mapping'!$C$2:$C$25,MATCH('Source Data'!A262,'Category Mapping'!$A$2:$A$25,0)) -> All Sectors | AG262: =INDEX('Category Mapping'!$D$2:$D$25,MATCH('Source Data'!A262,'Category Mapping'!$A$2:$A$25,0)) -> Total
A263: Total_regional_weekend_SSP2.csv | B263: 2019 | C263: 19 | D263: Korea | E263: 9 | F263: 519000000 | G263: 499000000 | H263: 492000000 | I263: 489000000 | J263: 493000000 | K263: 507000000 | L263: 532000000 | M263: 574000000 | N263: 610000000 | O263: 644000000 | P263: 667000000 | Q263: 686000000 | R263: 683000000 | S263: 671000000 | T263: 671000000 | U263: 669000000 | V263: 671000000 | W263: 677000000 | X263: 677000000 | Y263: 658000000 | Z263: 636000000 | AA263: 606000000 | AB263: 571000000 | AC263: 536000000 | AD263: =INDEX('Category Mapping'!$G$34:$G$45,MATCH(E263,'Category Mapping'!$A$34:$A$45,0),1) -> Fall | AE263: =INDEX('Category Mapping'!$B$2:$B$25,MATCH('Source Data'!A263,'Category Mapping'!$A$2:$A$25,0)) -> Weekend | AF263: =INDEX('Category Mapping'!$C$2:$C$25,MATCH('Source Data'!A263,'Category Mapping'!$A$2:$A$25,0)) -> All Sectors | AG263: =INDEX('Category Mapping'!$D$2:$D$25,MATCH('Source Data'!A263,'Category Mapping'!$A$2:$A$25,0)) -> Total
A264: Total_regional_weekend_SSP2.csv | B264: 2019 | C264: 19 | D264: Korea | E264: 10 | F264: 495000000 | G264: 476000000 | H264: 468000000 | I264: 466000000 | J264: 470000000 | K264: 484000000 | L264: 515000000 | M264: 547000000 | N264: 572000000 | O264: 596000000 | P264: 610000000 | Q264: 619000000 | R264: 610000000 | S264: 594000000 | T264: 593000000 | U264: 592000000 | V264: 600000000 | W264: 621000000 | X264: 617000000 | Y264: 607000000 | Z264: 595000000 | AA264: 573000000 | AB264: 543000000 | AC264: 512000000 | AD264: =INDEX('Category Mapping'!$G$34:$G$45,MATCH(E264,'Category Mapping'!$A$34:$A$45,0),1) -> Fall | AE264: =INDEX('Category Mapping'!$B$2:$B$25,MATCH('Source Data'!A264,'Category Mapping'!$A$2:$A$25,0)) -> Weekend | AF264: =INDEX('Category Mapping'!$C$2:$C$25,MATCH('Source Data'!A264,'Category Mapping'!$A$2:$A$25,0)) -> All Sectors | AG264: =INDEX('Category Mapping'!$D$2:$D$25,MATCH('Source Data'!A264,'Category Mapping'!$A$2:$A$25,0)) -> Total
A265: Total_regional_weekend_SSP2.csv | B265: 2019 | C265: 19 | D265: Korea | E265: 11 | F265: 508000000 | G265: 488000000 | H265: 480000000 | I265: 478000000 | J265: 482000000 | K265: 496000000 | L265: 527000000 | M265: 571000000 | N265: 593000000 | O265: 616000000 | P265: 628000000 | Q265: 635000000 | R265: 624000000 | S265: 607000000 | T265: 606000000 | U265: 605000000 | V265: 621000000 | W265: 638000000 | X265: 635000000 | Y265: 624000000 | Z265: 612000000 | AA265: 590000000 | AB265: 559000000 | AC265: 526000000 | AD265: =INDEX('Category Mapping'!$G$34:$G$45,MATCH(E265,'Category Mapping'!$A$34:$A$45,0),1) -> Winter | AE265: =INDEX('Category Mapping'!$B$2:$B$25,MATCH('Source Data'!A265,'Category Mapping'!$A$2:$A$25,0)) -> Weekend | AF265: =INDEX('Category Mapping'!$C$2:$C$25,MATCH('Source Data'!A265,'Category Mapping'!$A$2:$A$25,0)) -> All Sectors | AG265: =INDEX('Category Mapping'!$D$2:$D$25,MATCH('Source Data'!A265,'Category Mapping'!$A$2:$A$25,0)) -> Total
A266: Total_regional_weekend_SSP2.csv | B266: 2019 | C266: 19 | D266: Korea | E266: 12 | F266: 496000000 | G266: 476000000 | H266: 467000000 | I266: 465000000 | J266: 469000000 | K266: 483000000 | L266: 513000000 | M266: 573000000 | N266: 594000000 | O266: 614000000 | P266: 624000000 | Q266: 629000000 | R266: 618000000 | S266: 599000000 | T266: 597000000 | U266: 596000000 | V266: 624000000 | W266: 630000000 | X266: 630000000 | Y266: 613000000 | Z266: 602000000 | AA266: 580000000 | AB266: 550000000 | AC266: 515000000 | AD266: =INDEX('Category Mapping'!$G$34:$G$45,MATCH(E266,'Category Mapping'!$A$34:$A$45,0),1) -> Winter | AE266: =INDEX('Category Mapping'!$B$2:$B$25,MATCH('Source Data'!A266,'Category Mapping'!$A$2:$A$25,0)) -> Weekend | AF266: =INDEX('Category Mapping'!$C$2:$C$25,MATCH('Source Data'!A266,'Category Mapping'!$A$2:$A$25,0)) -> All Sectors | AG266: =INDEX('Category Mapping'!$D$2:$D$25,MATCH('Source Data'!A266,'Category Mapping'!$A$2:$A$25,0)) -> Total
A267: Transport_total_weekday.csv | B267: 2019 | C267: 19 | D267: Korea | E267: 1 | F267: 5047694 | G267: 4979874 | H267: 4962456 | I267: 4978492 | J267: 4961019 | K267: 5094226 | L267: 7632037 | M267: 16000000 | N267: 17400000 | O267: 15400000 | P267: 12400000 | Q267: 12500000 | R267: 12700000 | S267: 12600000 | T267: 12500000 | U267: 14800000 | V267: 17100000 | W267: 18000000 | X267: 16500000 | Y267: 13500000 | Z267: 12400000 | AA267: 11700000 | AB267: 11100000 | AC267: 7452133 | AD267: =INDEX('Category Mapping'!$G$34:$G$45,MATCH(E267,'Category Mapping'!$A$34:$A$45,0),1) -> Winter | AE267: =INDEX('Category Mapping'!$B$2:$B$25,MATCH('Source Data'!A267,'Category Mapping'!$A$2:$A$25,0)) -> Weekday | AF267: =INDEX('Category Mapping'!$C$2:$C$25,MATCH('Source Data'!A267,'Category Mapping'!$A$2:$A$25,0)) -> Transportation | AG267: =INDEX('Category Mapping'!$D$2:$D$25,MATCH('Source Data'!A267,'Category Mapping'!$A$2:$A$25,0)) -> Transportation
A268: Transport_total_weekday.csv | B268: 2019 | C268: 19 | D268: Korea | E268: 2 | F268: 4913547 | G268: 4845727 | H268: 4828309 | I268: 4844345 | J268: 4826872 | K268: 4960079 | L268: 7438962 | M268: 15600000 | N268: 17000000 | O268: 15100000 | P268: 12100000 | Q268: 12200000 | R268: 12400000 | S268: 12300000 | T268: 12200000 | U268: 14500000 | V268: 16700000 | W268: 17600000 | X268: 16200000 | Y268: 13200000 | Z268: 12100000 | AA268: 11400000 | AB268: 10800000 | AC268: 7259058 | AD268: =INDEX('Category Mapping'!$G$34:$G$45,MATCH(E268,'Category Mapping'!$A$34:$A$45,0),1) -> Winter | AE268: =INDEX('Category Mapping'!$B$2:$B$25,MATCH('Source Data'!A268,'Category Mapping'!$A$2:$A$25,0)) -> Weekday | AF268: =INDEX('Category Mapping'!$C$2:$C$25,MATCH('Source Data'!A268,'Category Mapping'!$A$2:$A$25,0)) -> Transportation | AG268: =INDEX('Category Mapping'!$D$2:$D$25,MATCH('Source Data'!A268,'Category Mapping'!$A$2:$A$25,0)) -> Transportation
A269: Transport_total_weekday.csv | B269: 2019 | C269: 19 | D269: Korea | E269: 3 | F269: 4779367 | G269: 4711547 | H269: 4694129 | I269: 4710164 | J269: 4692691 | K269: 4825898 | L269: 7245839 | M269: 15300000 | N269: 16600000 | O269: 14700000 | P269: 11900000 | Q269: 11900000 | R269: 12100000 | S269: 12100000 | T269: 11900000 | U269: 14100000 | V269: 16300000 | W269: 17200000 | X269: 15900000 | Y269: 12900000 | Z269: 11900000 | AA269: 11100000 | AB269: 10500000 | AC269: 7065935 | AD269: =INDEX('Category Mapping'!$G$34:$G$45,MATCH(E269,'Category Mapping'!$A$34:$A$45,0),1) -> Spring | AE269: =INDEX('Category Mapping'!$B$2:$B$25,MATCH('Source Data'!A269,'Category Mapping'!$A$2:$A$25,0)) -> Weekday | AF269: =INDEX('Category Mapping'!$C$2:$C$25,MATCH('Source Data'!A269,'Category Mapping'!$A$2:$A$25,0)) -> Transportation | AG269: =INDEX('Category Mapping'!$D$2:$D$25,MATCH('Source Data'!A269,'Category Mapping'!$A$2:$A$25,0)) -> Transportation
A270: Transport_total_weekday.csv | B270: 2019 | C270: 19 | D270: Korea | E270: 4 | F270: 4642425 | G270: 4574605 | H270: 4557187 | I270: 4573223 | J270: 4555750 | K270: 4688957 | L270: 7048742 | M270: 14900000 | N270: 16200000 | O270: 14400000 | P270: 11600000 | Q270: 11600000 | R270: 11800000 | S270: 11800000 | T270: 11600000 | U270: 13800000 | V270: 15900000 | W270: 16800000 | X270: 15500000 | Y270: 12700000 | Z270: 11600000 | AA270: 10800000 | AB270: 10200000 | AC270: 6868838 | AD270: =INDEX('Category Mapping'!$G$34:$G$45,MATCH(E270,'Category Mapping'!$A$34:$A$45,0),1) -> Spring | AE270: =INDEX('Category Mapping'!$B$2:$B$25,MATCH('Source Data'!A270,'Category Mapping'!$A$2:$A$25,0)) -> Weekday | AF270: =INDEX('Category Mapping'!$C$2:$C$25,MATCH('Source Data'!A270,'Category Mapping'!$A$2:$A$25,0)) -> Transportation | AG270: =INDEX('Category Mapping'!$D$2:$D$25,MATCH('Source Data'!A270,'Category Mapping'!$A$2:$A$25,0)) -> Transportation
A271: Transport_total_weekday.csv | B271: 2019 | C271: 19 | D271: Korea | E271: 5 | F271: 4497066 | G271: 4429246 | H271: 4411828 | I271: 4427863 | J271: 4410390 | K271: 4543597 | L271: 6839529 | M271: 14400000 | N271: 15800000 | O271: 14000000 | P271: 11300000 | Q271: 11300000 | R271: 11500000 | S271: 11500000 | T271: 11300000 | U271: 13400000 | V271: 15500000 | W271: 16400000 | X271: 15100000 | Y271: 12300000 | Z271: 11200000 | AA271: 10500000 | AB271: 9890570 | AC271: 6659625 | AD271: =INDEX('Category Mapping'!$G$34:$G$45,MATCH(E271,'Category Mapping'!$A$34:$A$45,0),1) -> Spring | AE271: =INDEX('Category Mapping'!$B$2:$B$25,MATCH('Source Data'!A271,'Category Mapping'!$A$2:$A$25,0)) -> Weekday | AF271: =INDEX('Category Mapping'!$C$2:$C$25,MATCH('Source Data'!A271,'Category Mapping'!$A$2:$A$25,0)) -> Transportation | AG271: =INDEX('Category Mapping'!$D$2:$D$25,MATCH('Source Data'!A271,'Category Mapping'!$A$2:$A$25,0)) -> Transportation
A272: Transport_total_weekday.csv | B272: 2019 | C272: 19 | D272: Korea | E272: 6 | F272: 4351740 | G272: 4283920 | H272: 4266502 | I272: 4282538 | J272: 4265065 | K272: 4398272 | L272: 6630364 | M272: 14000000 | N272: 15400000 | O272: 13600000 | P272: 10900000 | Q272: 11000000 | R272: 11200000 | S272: 11100000 | T272: 11000000 | U272: 13000000 | V272: 15100000 | W272: 16000000 | X272: 14800000 | Y272: 12000000 | Z272: 10900000 | AA272: 10200000 | AB272: 9578769 | AC272: 6450460 | AD272: =INDEX('Category Mapping'!$G$34:$G$45,MATCH(E272,'Category Mapping'!$A$34:$A$45,0),1) -> Summer | AE272: =INDEX('Category Mapping'!$B$2:$B$25,MATCH('Source Data'!A272,'Category Mapping'!$A$2:$A$25,0)) -> Weekday | AF272: =INDEX('Category Mapping'!$C$2:$C$25,MATCH('Source Data'!A272,'Category Mapping'!$A$2:$A$25,0)) -> Transportation | AG272: =INDEX('Category Mapping'!$D$2:$D$25,MATCH('Source Data'!A272,'Category Mapping'!$A$2:$A$25,0)) -> Transportation
A273: Transport_total_weekday.csv | B273: 2019 | C273: 19 | D273: Korea | E273: 7 | F273: 4242712 | G273: 4174892 | H273: 4157474 | I273: 4173510 | J273: 4156036 | K273: 4289243 | L273: 6473443 | M273: 13700000 | N273: 15100000 | O273: 13400000 | P273: 10700000 | Q273: 10700000 | R273: 11000000 | S273: 10900000 | T273: 10700000 | U273: 12700000 | V273: 14800000 | W273: 15700000 | X273: 14500000 | Y273: 11800000 | Z273: 10700000 | AA273: 9965456 | AB273: 9344846 | AC273: 6293539 | AD273: =INDEX('Category Mapping'!$G$34:$G$45,MATCH(E273,'Category Mapping'!$A$34:$A$45,0),1) -> Summer | AE273: =INDEX('Category Mapping'!$B$2:$B$25,MATCH('Source Data'!A273,'Category Mapping'!$A$2:$A$25,0)) -> Weekday | AF273: =INDEX('Category Mapping'!$C$2:$C$25,MATCH('Source Data'!A273,'Category Mapping'!$A$2:$A$25,0)) -> Transportation | AG273: =INDEX('Category Mapping'!$D$2:$D$25,MATCH('Source Data'!A273,'Category Mapping'!$A$2:$A$25,0)) -> Transportation
... A290: Transport_total_weekend.csv | B290: 2019 | C290: 19 | D290: Korea | E290: 12 | F290: 2742679 | G290: 2613859 | H290: 2578726 | I290: 2578726 | J290: 2567015 | K290: 2584582 | L290: 3203697 | M290: 4168085 | N290: 4972466 | O290: 5632407 | P290: 5961600 | Q290: 6143119 | R290: 6007156 | S290: 5716110 | T290: 5645844 | U290: 5540446 | V290: 6355851 | W290: 6361707 | X290: 6320718 | Y290: 6186043 | Z290: 6004524 | AA290: 5799583 | AB290: 5729317 | AC290: 3849980 | AD290: =INDEX('Category Mapping'!$G$34:$G$45,MATCH(E290,'Category Mapping'!$A$34:$A$45,0),1) -> Winter | AE290: =INDEX('Category Mapping'!$B$2:$B$25,MATCH('Source Data'!A290,'Category Mapping'!$A$2:$A$25,0)) -> Weekend | AF290: =INDEX('Category Mapping'!$C$2:$C$25,MATCH('Source Data'!A290,'Category Mapping'!$A$2:$A$25,0)) -> Transportation | AG290: =INDEX('Category Mapping'!$D$2:$D$25,MATCH('Source Data'!A290,'Category Mapping'!$A$2:$A$25,0)) -> Transportation

Sheet Adjusted Source Data
A1: Source Data | AD1: Category Mapping | AH1: Days per Month and DayofWeek | AI1: Max Hour in Month (kW) | AJ1: Summer Peak? | AK1: Winter Peak?
A2: Source.Name | B2: Year | C2: Region | D2: Regions_code.Region Name | E2: Month | F2: h1 | G2: h2 | H2: h3 | I2: h4 | J2: h5 | K2: h6 | L2: h7 | M2: h8 | N2: h9 | O2: h10 | P2: h11 | Q2: h12 | R2: h13 | S2: h14 | T2: h15 | U2: h16 | V2: h17 | W2: h18 | X2: h19 | Y2: h20 | Z2: h21 | AA2: h22 | AB2: h23 | AC2: h24 | AD2: season | AE2: time of week | AF2: sector | AG2: subsector
A3: ='Source Data'!A3 -> Residential_cooling_weekday.csv | B3: ='Source Data'!B3 -> 2019 | C3: ='Source Data'!C3 -> 19 | D3: ='Source Data'!D3 -> Korea | E3: ='Source Data'!E3 -> 1 | F3: ='Source Data'!F3*INDEX('Calibration Calcs'!$B$4:$M$4,1,MATCH('Adjusted Source Data'!$E3,'Calibration Calcs'!$B$1:$M$1,0)) -> 14857.916 | G3: ='Source Data'!G3*INDEX('Calibration Calcs'!$B$4:$M$4,1,MATCH('Adjusted Source Data'!$E3,'Calibration Calcs'!$B$1:$M$1,0)) -> 14941.219 | H3: ='Source Data'!H3*INDEX('Calibration Calcs'!$B$4:$M$4,1,MATCH('Adjusted Source Data'!$E3,'Calibration Calcs'!$B$1:$M$1,0)) -> 14998.976 | I3: ='Source Data'!I3*INDEX('Calibration Calcs'!$B$4:$M$4,1,MATCH('Adjusted Source Data'!$E3,'Calibration Calcs'!$B$1:$M$1,0)) -> 15006.751 | J3: ='Source Data'!J3*INDEX('Calibration Calcs'!$B$4:$M$4,1,MATCH('Adjusted Source Data'!$E3,'Calibration Calcs'!$B$1:$M$1,0)) -> 14626.89 | K3: ='Source Data'!K3*INDEX('Calibration Calcs'!$B$4:$M$4,1,MATCH('Adjusted Source Data'!$E3,'Calibration Calcs'!$B$1:$M$1,0)) -> 13449.541 | L3: ='Source Data'!L3*INDEX('Calibration Calcs'!$B$4:$M$4,1,MATCH('Adjusted Source Data'!$E3,'Calibration Calcs'!$B$1:$M$1,0)) -> 10987.105 | M3: ='Source Data'!M3*INDEX('Calibration Calcs'!$B$4:$M$4,1,MATCH('Adjusted Source Data'!$E3,'Calibration Calcs'!$B$1:$M$1,0)) -> 8245.8826 | ... AC3: ='Source Data'!AC3*INDEX('Calibration Calcs'!$B$4:$M$4,1,MATCH('Adjusted Source Data'!$E3,'Calibration Calcs'!$B$1:$M$1,0)) -> 14671.318 | AD3: =INDEX('Category Mapping'!$G$34:$G$45,MATCH(E3,'Category Mapping'!$A$34:$A$45,0),1) -> Winter | AE3: =INDEX('Category Mapping'!$B$2:$B$25,MATCH('Source Data'!A3,'Category Mapping'!$A$2:$A$25,0)) -> Weekday | AF3: =INDEX('Category Mapping'!$C$2:$C$25,MATCH('Source Data'!A3,'Category Mapping'!$A$2:$A$25,0)) -> Residential | AG3: =INDEX('Category Mapping'!$D$2:$D$25,MATCH('Source Data'!A3,'Category Mapping'!$A$2:$A$25,0)) -> Cooling | AH3: =IF($AE3="Weekday",INDEX('Category Mapping'!$F$34:$F$45,MATCH($E3,'Category Mapping'!$A$34:$A$45,0),1),INDEX('Category Mapping'!$E$34:$E$45,MATCH($E3,'Category Mapping'!$A$34:$A$45,0),1)) -> 22.142857 | AI3: =MAX(F3:AC3)/AH3 -> 677.72424 | AJ3: =IF(_xlfn.MAXIFS($AI$3:$AI$290,Sector,"All Sectors",Season,"summer")=$AI3,1,0) -> 0 | AK3: =IF(_xlfn.MAXIFS($AI$3:$AI$290,Sector,"All sectors",Season,"winter")=$AI3,1,0) -> 0
A4: ='Source Data'!A4 -> Residential_cooling_weekday.csv | B4: ='Source Data'!B4 -> 2019 | C4: ='Source Data'!C4 -> 19 | D4: ='Source Data'!D4 -> Korea | E4: ='Source Data'!E4 -> 2 | F4: ='Source Data'!F4*INDEX('Calibration Calcs'!$B$4:$M$4,1,MATCH('Adjusted Source Data'!$E4,'Calibration Calcs'!$B$1:$M$1,0)) -> 14781.206 | G4: ='Source Data'!G4*INDEX('Calibration Calcs'!$B$4:$M$4,1,MATCH('Adjusted Source Data'!$E4,'Calibration Calcs'!$B$1:$M$1,0)) -> 14863.47 | H4: ='Source Data'!H4*INDEX('Calibration Calcs'!$B$4:$M$4,1,MATCH('Adjusted Source Data'!$E4,'Calibration Calcs'!$B$1:$M$1,0)) -> 14920.272 | I4: ='Source Data'!I4*INDEX('Calibration Calcs'!$B$4:$M$4,1,MATCH('Adjusted Source Data'!$E4,'Calibration Calcs'!$B$1:$M$1,0)) -> 14929.086 | J4: ='Source Data'!J4*INDEX('Calibration Calcs'!$B$4:$M$4,1,MATCH('Adjusted Source Data'!$E4,'Calibration Calcs'!$B$1:$M$1,0)) -> 14551.06 | K4: ='Source Data'!K4*INDEX('Calibration Calcs'!$B$4:$M$4,1,MATCH('Adjusted Source Data'!$E4,'Calibration Calcs'!$B$1:$M$1,0)) -> 13379.768 | L4: ='Source Data'!L4*INDEX('Calibration Calcs'!$B$4:$M$4,1,MATCH('Adjusted Source Data'!$E4,'Calibration Calcs'!$B$1:$M$1,0)) -> 10930.434 | M4: ='Source Data'!M4*INDEX('Calibration Calcs'!$B$4:$M$4,1,MATCH('Adjusted Source Data'!$E4,'Calibration Calcs'!$B$1:$M$1,0)) -> 8202.9668 | ... AC4: ='Source Data'!AC4*INDEX('Calibration Calcs'!$B$4:$M$4,1,MATCH('Adjusted Source Data'!$E4,'Calibration Calcs'!$B$1:$M$1,0)) -> 14594.151 | AD4: =INDEX('Category Mapping'!$G$34:$G$45,MATCH(E4,'Category Mapping'!$A$34:$A$45,0),1) -> Winter | AE4: =INDEX('Category Mapping'!$B$2:$B$25,MATCH('Source Data'!A4,'Category Mapping'!$A$2:$A$25,0)) -> Weekday | AF4: =INDEX('Category Mapping'!$C$2:$C$25,MATCH('Source Data'!A4,'Category Mapping'!$A$2:$A$25,0)) -> Residential | AG4: =INDEX('Category Mapping'!$D$2:$D$25,MATCH('Source Data'!A4,'Category Mapping'!$A$2:$A$25,0)) -> Cooling | AH4: =IF($AE4="Weekday",INDEX('Category Mapping'!$F$34:$F$45,MATCH($E4,'Category Mapping'!$A$34:$A$45,0),1),INDEX('Category Mapping'!$E$34:$E$45,MATCH($E4,'Category Mapping'!$A$34:$A$45,0),1)) -> 20 | AI4: =MAX(F4:AC4)/AH4 -> 746.45431 | AJ4: =IF(_xlfn.MAXIFS($AI$3:$AI$290,Sector,"All Sectors",Season,"summer")=$AI4,1,0) -> 0 | AK4: =IF(_xlfn.MAXIFS($AI$3:$AI$290,Sector,"All sectors",Season,"winter")=$AI4,1,0) -> 0
A5: ='Source Data'!A5 -> Residential_cooling_weekday.csv | B5: ='Source Data'!B5 -> 2019 | C5: ='Source Data'!C5 -> 19 | D5: ='Source Data'!D5 -> Korea | E5: ='Source Data'!E5 -> 3 | F5: ='Source Data'!F5*INDEX('Calibration Calcs'!$B$4:$M$4,1,MATCH('Adjusted Source Data'!$E5,'Calibration Calcs'!$B$1:$M$1,0)) -> 35368.153 | G5: ='Source Data'!G5*INDEX('Calibration Calcs'!$B$4:$M$4,1,MATCH('Adjusted Source Data'!$E5,'Calibration Calcs'!$B$1:$M$1,0)) -> 35566.98 | H5: ='Source Data'!H5*INDEX('Calibration Calcs'!$B$4:$M$4,1,MATCH('Adjusted Source Data'!$E5,'Calibration Calcs'!$B$1:$M$1,0)) -> 35703.347 | I5: ='Source Data'!I5*INDEX('Calibration Calcs'!$B$4:$M$4,1,MATCH('Adjusted Source Data'!$E5,'Calibration Calcs'!$B$1:$M$1,0)) -> 35723.126 | J5: ='Source Data'!J5*INDEX('Calibration Calcs'!$B$4:$M$4,1,MATCH('Adjusted Source Data'!$E5,'Calibration Calcs'!$B$1:$M$1,0)) -> 34818.519 | K5: ='Source Data'!K5*INDEX('Calibration Calcs'!$B$4:$M$4,1,MATCH('Adjusted Source Data'!$E5,'Calibration Calcs'!$B$1:$M$1,0)) -> 32015.174 | L5: ='Source Data'!L5*INDEX('Calibration Calcs'!$B$4:$M$4,1,MATCH('Adjusted Source Data'!$E5,'Calibration Calcs'!$B$1:$M$1,0)) -> 26154.487 | M5: ='Source Data'!M5*INDEX('Calibration Calcs'!$B$4:$M$4,1,MATCH('Adjusted Source Data'!$E5,'Calibration Calcs'!$B$1:$M$1,0)) -> 19627.576 | ... AC5: ='Source Data'!AC5*INDEX('Calibration Calcs'!$B$4:$M$4,1,MATCH('Adjusted Source Data'!$E5,'Calibration Calcs'!$B$1:$M$1,0)) -> 34922.616 | AD5: =INDEX('Category Mapping'!$G$34:$G$45,MATCH(E5,'Category Mapping'!$A$34:$A$45,0),1) -> Spring | AE5: =INDEX('Category Mapping'!$B$2:$B$25,MATCH('Source Data'!A5,'Category Mapping'!$A$2:$A$25,0)) -> Weekday | AF5: =INDEX('Category Mapping'!$C$2:$C$25,MATCH('Source Data'!A5,'Category Mapping'!$A$2:$A$25,0)) -> Residential | AG5: =INDEX('Category Mapping'!$D$2:$D$25,MATCH('Source Data'!A5,'Category Mapping'!$A$2:$A$25,0)) -> Cooling | AH5: =IF($AE5="Weekday",INDEX('Category Mapping'!$F$34:$F$45,MATCH($E5,'Category Mapping'!$A$34:$A$45,0),1),INDEX('Category Mapping'!$E$34:$E$45,MATCH($E5,'Category Mapping'!$A$34:$A$45,0),1)) -> 22.142857 | AI5: =MAX(F5:AC5)/AH5 -> 1613.3025 | AJ5: =IF(_xlfn.MAXIFS($AI$3:$AI$290,Sector,"All Sectors",Season,"summer")=$AI5,1,0) -> 0 | AK5: =IF(_xlfn.MAXIFS($AI$3:$AI$290,Sector,"All sectors",Season,"winter")=$AI5,1,0) -> 0
A6: ='Source Data'!A6 -> Residential_cooling_weekday.csv | B6: ='Source Data'!B6 -> 2019 | C6: ='Source Data'!C6 -> 19 | D6: ='Source Data'!D6 -> Korea | E6: ='Source Data'!E6 -> 4 | F6: ='Source Data'!F6*INDEX('Calibration Calcs'!$B$4:$M$4,1,MATCH('Adjusted Source Data'!$E6,'Calibration Calcs'!$B$1:$M$1,0)) -> 36826.775 | G6: ='Source Data'!G6*INDEX('Calibration Calcs'!$B$4:$M$4,1,MATCH('Adjusted Source Data'!$E6,'Calibration Calcs'!$B$1:$M$1,0)) -> 37033.564 | H6: ='Source Data'!H6*INDEX('Calibration Calcs'!$B$4:$M$4,1,MATCH('Adjusted Source Data'!$E6,'Calibration Calcs'!$B$1:$M$1,0)) -> 37175.306 | I6: ='Source Data'!I6*INDEX('Calibration Calcs'!$B$4:$M$4,1,MATCH('Adjusted Source Data'!$E6,'Calibration Calcs'!$B$1:$M$1,0)) -> 37196.664 | J6: ='Source Data'!J6*INDEX('Calibration Calcs'!$B$4:$M$4,1,MATCH('Adjusted Source Data'!$E6,'Calibration Calcs'!$B$1:$M$1,0)) -> 36254.952 | K6: ='Source Data'!K6*INDEX('Calibration Calcs'!$B$4:$M$4,1,MATCH('Adjusted Source Data'!$E6,'Calibration Calcs'!$B$1:$M$1,0)) -> 33335.644 | L6: ='Source Data'!L6*INDEX('Calibration Calcs'!$B$4:$M$4,1,MATCH('Adjusted Source Data'!$E6,'Calibration Calcs'!$B$1:$M$1,0)) -> 27232.96 | M6: ='Source Data'!M6*INDEX('Calibration Calcs'!$B$4:$M$4,1,MATCH('Adjusted Source Data'!$E6,'Calibration Calcs'!$B$1:$M$1,0)) -> 20437.098 | ... AC6: ='Source Data'!AC6*INDEX('Calibration Calcs'!$B$4:$M$4,1,MATCH('Adjusted Source Data'!$E6,'Calibration Calcs'!$B$1:$M$1,0)) -> 36362.715 | AD6: =INDEX('Category Mapping'!$G$34:$G$45,MATCH(E6,'Category Mapping'!$A$34:$A$45,0),1) -> Spring | AE6: =INDEX('Category Mapping'!$B$2:$B$25,MATCH('Source Data'!A6,'Category Mapping'!$A$2:$A$25,0)) -> Weekday | AF6: =INDEX('Category Mapping'!$C$2:$C$25,MATCH('Source Data'!A6,'Category Mapping'!$A$2:$A$25,0)) -> Residential | AG6: =INDEX('Category Mapping'!$D$2:$D$25,MATCH('Source Data'!A6,'Category Mapping'!$A$2:$A$25,0)) -> Cooling | AH6: =IF($AE6="Weekday",INDEX('Category Mapping'!$F$34:$F$45,MATCH($E6,'Category Mapping'!$A$34:$A$45,0),1),INDEX('Category Mapping'!$E$34:$E$45,MATCH($E6,'Category Mapping'!$A$34:$A$45,0),1)) -> 21.428571 | AI6: =MAX(F6:AC6)/AH6 -> 47136.098 | AJ6: =IF(_xlfn.MAXIFS($AI$3:$AI$290,Sector,"All Sectors",Season,"summer")=$AI6,1,0) -> 0 | AK6: =IF(_xlfn.MAXIFS($AI$3:$AI$290,Sector,"All sectors",Season,"winter")=$AI6,1,0) -> 0
A7: ='Source Data'!A7 -> Residential_cooling_weekday.csv | B7: ='Source Data'!B7 -> 2019 | C7: ='Source Data'!C7 -> 19 | D7: ='Source Data'!D7 -> Korea | E7: ='Source Data'!E7 -> 5 | F7: ='Source Data'!F7*INDEX('Calibration Calcs'!$B$4:$M$4,1,MATCH('Adjusted Source Data'!$E7,'Calibration Calcs'!$B$1:$M$1,0)) -> 4409.0916 | G7: ='Source Data'!G7*INDEX('Calibration Calcs'!$B$4:$M$4,1,MATCH('Adjusted Source Data'!$E7,'Calibration Calcs'!$B$1:$M$1,0)) -> 4433.1576 | H7: ='Source Data'!H7*INDEX('Calibration Calcs'!$B$4:$M$4,1,MATCH('Adjusted Source Data'!$E7,'Calibration Calcs'!$B$1:$M$1,0)) -> 4450.2043 | I7: ='Source Data'!I7*INDEX('Calibration Calcs'!$B$4:$M$4,1,MATCH('Adjusted Source Data'!$E7,'Calibration Calcs'!$B$1:$M$1,0)) -> 4453.2126 | J7: ='Source Data'!J7*INDEX('Calibration Calcs'!$B$4:$M$4,1,MATCH('Adjusted Source Data'!$E7,'Calibration Calcs'!$B$1:$M$1,0)) -> 4340.9046 | K7: ='Source Data'!K7*INDEX('Calibration Calcs'!$B$4:$M$4,1,MATCH('Adjusted Source Data'!$E7,'Calibration Calcs'!$B$1:$M$1,0)) -> 3990.9449 | L7: ='Source Data'!L7*INDEX('Calibration Calcs'!$B$4:$M$4,1,MATCH('Adjusted Source Data'!$E7,'Calibration Calcs'!$B$1:$M$1,0)) -> 3259.9401 | M7: ='Source Data'!M7*INDEX('Calibration Calcs'!$B$4:$M$4,1,MATCH('Adjusted Source Data'!$E7,'Calibration Calcs'!$B$1:$M$1,0)) -> 2446.7099 | ... AC7: ='Source Data'!AC7*INDEX('Calibration Calcs'!$B$4:$M$4,1,MATCH('Adjusted Source Data'!$E7,'Calibration Calcs'!$B$1:$M$1,0)) -> 4352.9376 | AD7: =INDEX('Category Mapping'!$G$34:$G$45,MATCH(E7,'Category Mapping'!$A$34:$A$45,0),1) -> Spring | AE7: =INDEX('Category Mapping'!$B$2:$B$25,MATCH('Source Data'!A7,'Category Mapping'!$A$2:$A$25,0)) -> Weekday | AF7: =INDEX('Category Mapping'!$C$2:$C$25,MATCH('Source Data'!A7,'Category Mapping'!$A$2:$A$25,0)) -> Residential | AG7: =INDEX('Category Mapping'!$D$2:$D$25,MATCH('Source Data'!A7,'Category Mapping'!$A$2:$A$25,0)) -> Cooling | AH7: =IF($AE7="Weekday",INDEX('Category Mapping'!$F$34:$F$45,MATCH($E7,'Category Mapping'!$A$34:$A$45,0),1),INDEX('Category Mapping'!$E$34:$E$45,MATCH($E7,'Category Mapping'!$A$34:$A$45,0),1)) -> 22.142857 | AI7: =MAX(F7:AC7)/AH7 -> 344678.72 | AJ7: =IF(_xlfn.MAXIFS($AI$3:$AI$290,Sector,"All Sectors",Season,"summer")=$AI7,1,0) -> 0 | AK7: =IF(_xlfn.MAXIFS($AI$3:$AI$290,Sector,"All sectors",Season,"winter")=$AI7,1,0) -> 0
A8: ='Source Data'!A8 -> Residential_cooling_weekday.csv | B8: ='Source Data'!B8 -> 2019 | C8: ='Source Data'!C8 -> 19 | D8: ='Source Data'!D8 -> Korea | E8: ='Source Data'!E8 -> 6 | F8: ='Source Data'!F8*INDEX('Calibration Calcs'!$B$4:$M$4,1,MATCH('Adjusted Source Data'!$E8,'Calibration Calcs'!$B$1:$M$1,0)) -> 3545282.9 | G8: ='Source Data'!G8*INDEX('Calibration Calcs'!$B$4:$M$4,1,MATCH('Adjusted Source Data'!$E8,'Calibration Calcs'!$B$1:$M$1,0)) -> 2335508.1 | H8: ='Source Data'!H8*INDEX('Calibration Calcs'!$B$4:$M$4,1,MATCH('Adjusted Source Data'!$E8,'Calibration Calcs'!$B$1:$M$1,0)) -> 2066765.5 | I8: ='Source Data'!I8*INDEX('Calibration Calcs'!$B$4:$M$4,1,MATCH('Adjusted Source Data'!$E8,'Calibration Calcs'!$B$1:$M$1,0)) -> 2345752.5 | J8: ='Source Data'!J8*INDEX('Calibration Calcs'!$B$4:$M$4,1,MATCH('Adjusted Source Data'!$E8,'Calibration Calcs'!$B$1:$M$1,0)) -> 3490256.8 | K8: ='Source Data'!K8*INDEX('Calibration Calcs'!$B$4:$M$4,1,MATCH('Adjusted Source Data'!$E8,'Calibration Calcs'!$B$1:$M$1,0)) -> 6480502.2 | L8: ='Source Data'!L8*INDEX('Calibration Calcs'!$B$4:$M$4,1,MATCH('Adjusted Source Data'!$E8,'Calibration Calcs'!$B$1:$M$1,0)) -> 11010448 | M8: ='Source Data'!M8*INDEX('Calibration Calcs'!$B$4:$M$4,1,MATCH('Adjusted Source Data'!$E8,'Calibration Calcs'!$B$1:$M$1,0)) -> 13809714 | ... AC8: ='Source Data'!AC8*INDEX('Calibration Calcs'!$B$4:$M$4,1,MATCH('Adjusted Source Data'!$E8,'Calibration Calcs'!$B$1:$M$1,0)) -> 7068974.2 | AD8: =INDEX('Category Mapping'!$G$34:$G$45,MATCH(E8,'Category Mapping'!$A$34:$A$45,0),1) -> Summer | AE8: =INDEX('Category Mapping'!$B$2:$B$25,MATCH('Source Data'!A8,'Category Mapping'!$A$2:$A$25,0)) -> Weekday | AF8: =INDEX('Category Mapping'!$C$2:$C$25,MATCH('Source Data'!A8,'Category Mapping'!$A$2:$A$25,0)) -> Residential | AG8: =INDEX('Category Mapping'!$D$2:$D$25,MATCH('Source Data'!A8,'Category Mapping'!$A$2:$A$25,0)) -> Cooling | AH8: =IF($AE8="Weekday",INDEX('Category Mapping'!$F$34:$F$45,MATCH($E8,'Category Mapping'!$A$34:$A$45,0),1),INDEX('Category Mapping'!$E$34:$E$45,MATCH($E8,'Category Mapping'!$A$34:$A$45,0),1)) -> 21.428571 | AI8: =MAX(F8:AC8)/AH8 -> 2159789.5 | AJ8: =IF(_xlfn.MAXIFS($AI$3:$AI$290,Sector,"All Sectors",Season,"summer")=$AI8,1,0) -> 0 | AK8: =IF(_xlfn.MAXIFS($AI$3:$AI$290,Sector,"All sectors",Season,"winter")=$AI8,1,0) -> 0
A9: ='Source Data'!A9 -> Residential_cooling_weekday.csv | B9: ='Source Data'!B9 -> 2019 | C9: ='Source Data'!C9 -> 19 | D9: ='Source Data'!D9 -> Korea | E9: ='Source Data'!E9 -> 7 | F9: ='Source Data'!F9*INDEX('Calibration Calcs'!$B$4:$M$4,1,MATCH('Adjusted Source Data'!$E9,'Calibration Calcs'!$B$1:$M$1,0)) -> 49813698 | G9: ='Source Data'!G9*INDEX('Calibration Calcs'!$B$4:$M$4,1,MATCH('Adjusted Source Data'!$E9,'Calibration Calcs'!$B$1:$M$1,0)) -> 45522630 | H9: ='Source Data'!H9*INDEX('Calibration Calcs'!$B$4:$M$4,1,MATCH('Adjusted Source Data'!$E9,'Calibration Calcs'!$B$1:$M$1,0)) -> 44123369 | I9: ='Source Data'!I9*INDEX('Calibration Calcs'!$B$4:$M$4,1,MATCH('Adjusted Source Data'!$E9,'Calibration Calcs'!$B$1:$M$1,0)) -> 45709199 | J9: ='Source Data'!J9*INDEX('Calibration Calcs'!$B$4:$M$4,1,MATCH('Adjusted Source Data'!$E9,'Calibration Calcs'!$B$1:$M$1,0)) -> 49067425 | K9: ='Source Data'!K9*INDEX('Calibration Calcs'!$B$4:$M$4,1,MATCH('Adjusted Source Data'!$E9,'Calibration Calcs'!$B$1:$M$1,0)) -> 51772664 | L9: ='Source Data'!L9*INDEX('Calibration Calcs'!$B$4:$M$4,1,MATCH('Adjusted Source Data'!$E9,'Calibration Calcs'!$B$1:$M$1,0)) -> 49533846 | M9: ='Source Data'!M9*INDEX('Calibration Calcs'!$B$4:$M$4,1,MATCH('Adjusted Source Data'!$E9,'Calibration Calcs'!$B$1:$M$1,0)) -> 43470381 | ... AC9: ='Source Data'!AC9*INDEX('Calibration Calcs'!$B$4:$M$4,1,MATCH('Adjusted Source Data'!$E9,'Calibration Calcs'!$B$1:$M$1,0)) -> 56436868 | AD9: =INDEX('Category Mapping'!$G$34:$G$45,MATCH(E9,'Category Mapping'!$A$34:$A$45,0),1) -> Summer | AE9: =INDEX('Category Mapping'!$B$2:$B$25,MATCH('Source Data'!A9,'Category Mapping'!$A$2:$A$25,0)) -> Weekday | AF9: =INDEX('Category Mapping'!$C$2:$C$25,MATCH('Source Data'!A9,'Category Mapping'!$A$2:$A$25,0)) -> Residential | AG9: =INDEX('Category Mapping'!$D$2:$D$25,MATCH('Source Data'!A9,'Category Mapping'!$A$2:$A$25,0)) -> Cooling | AH9: =IF($AE9="Weekday",INDEX('Category Mapping'!$F$34:$F$45,MATCH($E9,'Category Mapping'!$A$34:$A$45,0),1),INDEX('Category Mapping'!$E$34:$E$45,MATCH($E9,'Category Mapping'!$A$34:$A$45,0),1)) -> 22.142857 | AI9: =MAX(F9:AC9)/AH9 -> 3791546.4 | AJ9: =IF(_xlfn.MAXIFS($AI$3:$AI$290,Sector,"All Sectors",Season,"summer")=$AI9,1,0) -> 0 | AK9: =IF(_xlfn.MAXIFS($AI$3:$AI$290,Sector,"All sectors",Season,"winter")=$AI9,1,0) -> 0
A10: ='Source Data'!A10 -> Residential_cooling_weekday.csv | B10: ='Source Data'!B10 -> 2019 | C10: ='Source Data'!C10 -> 19 | D10: ='Source Data'!D10 -> Korea | E10: ='Source Data'!E10 -> 8 | F10: ='Source Data'!F10*INDEX('Calibration Calcs'!$B$4:$M$4,1,MATCH('Adjusted Source Data'!$E10,'Calibration Calcs'!$B$1:$M$1,0)) -> 53439996 | G10: ='Source Data'!G10*INDEX('Calibration Calcs'!$B$4:$M$4,1,MATCH('Adjusted Source Data'!$E10,'Calibration Calcs'!$B$1:$M$1,0)) -> 47859537 | H10: ='Source Data'!H10*INDEX('Calibration Calcs'!$B$4:$M$4,1,MATCH('Adjusted Source Data'!$E10,'Calibration Calcs'!$B$1:$M$1,0)) -> 45967855 | I10: ='Source Data'!I10*INDEX('Calibration Calcs'!$B$4:$M$4,1,MATCH('Adjusted Source Data'!$E10,'Calibration Calcs'!$B$1:$M$1,0)) -> 48048705 | J10: ='Source Data'!J10*INDEX('Calibration Calcs'!$B$4:$M$4,1,MATCH('Adjusted Source Data'!$E10,'Calibration Calcs'!$B$1:$M$1,0)) -> 52588740 | K10: ='Source Data'!K10*INDEX('Calibration Calcs'!$B$4:$M$4,1,MATCH('Adjusted Source Data'!$E10,'Calibration Calcs'!$B$1:$M$1,0)) -> 57034191 | L10: ='Source Data'!L10*INDEX('Calibration Calcs'!$B$4:$M$4,1,MATCH('Adjusted Source Data'!$E10,'Calibration Calcs'!$B$1:$M$1,0)) -> 56088350 | M10: ='Source Data'!M10*INDEX('Calibration Calcs'!$B$4:$M$4,1,MATCH('Adjusted Source Data'!$E10,'Calibration Calcs'!$B$1:$M$1,0)) -> 50318722 | ... AC10: ='Source Data'!AC10*INDEX('Calibration Calcs'!$B$4:$M$4,1,MATCH('Adjusted Source Data'!$E10,'Calibration Calcs'!$B$1:$M$1,0)) -> 62236314 | AD10: =INDEX('Category Mapping'!$G$34:$G$45,MATCH(E10,'Category Mapping'!$A$34:$A$45,0),1) -> Summer | AE10: =INDEX('Category Mapping'!$B$2:$B$25,MATCH('Source Data'!A10,'Category Mapping'!$A$2:$A$25,0)) -> Weekday | AF10: =INDEX('Category Mapping'!$C$2:$C$25,MATCH('Source Data'!A10,'Category Mapping'!$A$2:$A$25,0)) -> Residential | AG10: =INDEX('Category Mapping'!$D$2:$D$25,MATCH('Source Data'!A10,'Category Mapping'!$A$2:$A$25,0)) -> Cooling | AH10: =IF($AE10="Weekday",INDEX('Category Mapping'!$F$34:$F$45,MATCH($E10,'Category Mapping'!$A$34:$A$45,0),1),INDEX('Category Mapping'!$E$34:$E$45,MATCH($E10,'Category Mapping'!$A$34:$A$45,0),1)) -> 22.142857 | AI10: =MAX(F10:AC10)/AH10 -> 4570546.1 | AJ10: =IF(_xlfn.MAXIFS($AI$3:$AI$290,Sector,"All Sectors",Season,"summer")=$AI10,1,0) -> 0 | AK10: =IF(_xlfn.MAXIFS($AI$3:$AI$290,Sector,"All sectors",Season,"winter")=$AI10,1,0) -> 0
A11: ='Source Data'!A11 -> Residential_cooling_weekday.csv | B11: ='Source Data'!B11 -> 2019 | C11: ='Source Data'!C11 -> 19 | D11: ='Source Data'!D11 -> Korea | E11: ='Source Data'!E11 -> 9 | F11: ='Source Data'!F11*INDEX('Calibration Calcs'!$B$4:$M$4,1,MATCH('Adjusted Source Data'!$E11,'Calibration Calcs'!$B$1:$M$1,0)) -> 2894779 | G11: ='Source Data'!G11*INDEX('Calibration Calcs'!$B$4:$M$4,1,MATCH('Adjusted Source Data'!$E11,'Calibration Calcs'!$B$1:$M$1,0)) -> 2610612.2 | H11: ='Source Data'!H11*INDEX('Calibration Calcs'!$B$4:$M$4,1,MATCH('Adjusted Source Data'!$E11,'Calibration Calcs'!$B$1:$M$1,0)) -> 2518791 | I11: ='Source Data'!I11*INDEX('Calibration Calcs'!$B$4:$M$4,1,MATCH('Adjusted Source Data'!$E11,'Calibration Calcs'!$B$1:$M$1,0)) -> 2622063.3 | J11: ='Source Data'!J11*INDEX('Calibration Calcs'!$B$4:$M$4,1,MATCH('Adjusted Source Data'!$E11,'Calibration Calcs'!$B$1:$M$1,0)) -> 2849849.2 | K11: ='Source Data'!K11*INDEX('Calibration Calcs'!$B$4:$M$4,1,MATCH('Adjusted Source Data'!$E11,'Calibration Calcs'!$B$1:$M$1,0)) -> 3305811.2 | L11: ='Source Data'!L11*INDEX('Calibration Calcs'!$B$4:$M$4,1,MATCH('Adjusted Source Data'!$E11,'Calibration Calcs'!$B$1:$M$1,0)) -> 5088897.6 | M11: ='Source Data'!M11*INDEX('Calibration Calcs'!$B$4:$M$4,1,MATCH('Adjusted Source Data'!$E11,'Calibration Calcs'!$B$1:$M$1,0)) -> 8187329.8 | ... AC11: ='Source Data'!AC11*INDEX('Calibration Calcs'!$B$4:$M$4,1,MATCH('Adjusted Source Data'!$E11,'Calibration Calcs'!$B$1:$M$1,0)) -> 3606001.6 | AD11: =INDEX('Category Mapping'!$G$34:$G$45,MATCH(E11,'Category Mapping'!$A$34:$A$45,0),1) -> Fall | AE11: =INDEX('Category Mapping'!$B$2:$B$25,MATCH('Source Data'!A11,'Category Mapping'!$A$2:$A$25,0)) -> Weekday | AF11: =INDEX('Category Mapping'!$C$2:$C$25,MATCH('Source Data'!A11,'Category Mapping'!$A$2:$A$25,0)) -> Residential | AG11: =INDEX('Category Mapping'!$D$2:$D$25,MATCH('Source Data'!A11,'Category Mapping'!$A$2:$A$25,0)) -> Cooling | AH11: =IF($AE11="Weekday",INDEX('Category Mapping'!$F$34:$F$45,MATCH($E11,'Category Mapping'!$A$34:$A$45,0),1),INDEX('Category Mapping'!$E$34:$E$45,MATCH($E11,'Category Mapping'!$A$34:$A$45,0),1)) -> 21.428571 | AI11: =MAX(F11:AC11)/AH11 -> 1963795.5 | AJ11: =IF(_xlfn.MAXIFS($AI$3:$AI$290,Sector,"All Sectors",Season,"summer")=$AI11,1,0) -> 0 | AK11: =IF(_xlfn.MAXIFS($AI$3:$AI$290,Sector,"All sectors",Season,"winter")=$AI11,1,0) -> 0
A12: ='Source Data'!A12 -> Residential_cooling_weekday.csv | B12: ='Source Data'!B12 -> 2019 | C12: ='Source Data'!C12 -> 19 | D12: ='Source Data'!D12 -> Korea | E12: ='Source Data'!E12 -> 10 | F12: ='Source Data'!F12*INDEX('Calibration Calcs'!$B$4:$M$4,1,MATCH('Adjusted Source Data'!$E12,'Calibration Calcs'!$B$1:$M$1,0)) -> 2912.212 | G12: ='Source Data'!G12*INDEX('Calibration Calcs'!$B$4:$M$4,1,MATCH('Adjusted Source Data'!$E12,'Calibration Calcs'!$B$1:$M$1,0)) -> 2928.2683 | H12: ='Source Data'!H12*INDEX('Calibration Calcs'!$B$4:$M$4,1,MATCH('Adjusted Source Data'!$E12,'Calibration Calcs'!$B$1:$M$1,0)) -> 2939.307 | I12: ='Source Data'!I12*INDEX('Calibration Calcs'!$B$4:$M$4,1,MATCH('Adjusted Source Data'!$E12,'Calibration Calcs'!$B$1:$M$1,0)) -> 2941.314 | J12: ='Source Data'!J12*INDEX('Calibration Calcs'!$B$4:$M$4,1,MATCH('Adjusted Source Data'!$E12,'Calibration Calcs'!$B$1:$M$1,0)) -> 2867.0536 | K12: ='Source Data'!K12*INDEX('Calibration Calcs'!$B$4:$M$4,1,MATCH('Adjusted Source Data'!$E12,'Calibration Calcs'!$B$1:$M$1,0)) -> 2636.2443 | L12: ='Source Data'!L12*INDEX('Calibration Calcs'!$B$4:$M$4,1,MATCH('Adjusted Source Data'!$E12,'Calibration Calcs'!$B$1:$M$1,0)) -> 2153.5517 | M12: ='Source Data'!M12*INDEX('Calibration Calcs'!$B$4:$M$4,1,MATCH('Adjusted Source Data'!$E12,'Calibration Calcs'!$B$1:$M$1,0)) -> 1615.6655 | ... AC12: ='Source Data'!AC12*INDEX('Calibration Calcs'!$B$4:$M$4,1,MATCH('Adjusted Source Data'!$E12,'Calibration Calcs'!$B$1:$M$1,0)) -> 2875.0818 | AD12: =INDEX('Category Mapping'!$G$34:$G$45,MATCH(E12,'Category Mapping'!$A$34:$A$45,0),1) -> Fall | AE12: =INDEX('Category Mapping'!$B$2:$B$25,MATCH('Source Data'!A12,'Category Mapping'!$A$2:$A$25,0)) -> Weekday | AF12: =INDEX('Category Mapping'!$C$2:$C$25,MATCH('Source Data'!A12,'Category Mapping'!$A$2:$A$25,0)) -> Residential | AG12: =INDEX('Category Mapping'!$D$2:$D$25,MATCH('Source Data'!A12,'Category Mapping'!$A$2:$A$25,0)) -> Cooling | AH12: =IF($AE12="Weekday",INDEX('Category Mapping'!$F$34:$F$45,MATCH($E12,'Category Mapping'!$A$34:$A$45,0),1),INDEX('Category Mapping'!$E$34:$E$45,MATCH($E12,'Category Mapping'!$A$34:$A$45,0),1)) -> 22.142857 | AI12: =MAX(F12:AC12)/AH12 -> 77136.267 | AJ12: =IF(_xlfn.MAXIFS($AI$3:$AI$290,Sector,"All Sectors",Season,"summer")=$AI12,1,0) -> 0 | AK12: =IF(_xlfn.MAXIFS($AI$3:$AI$290,Sector,"All sectors",Season,"winter")=$AI12,1,0) -> 0
A13: ='Source Data'!A13 -> Residential_cooling_weekday.csv | B13: ='Source Data'!B13 -> 2019 | C13: ='Source Data'!C13 -> 19 | D13: ='Source Data'!D13 -> Korea | E13: ='Source Data'!E13 -> 11 | F13: ='Source Data'!F13*INDEX('Calibration Calcs'!$B$4:$M$4,1,MATCH('Adjusted Source Data'!$E13,'Calibration Calcs'!$B$1:$M$1,0)) -> 46364.041 | G13: ='Source Data'!G13*INDEX('Calibration Calcs'!$B$4:$M$4,1,MATCH('Adjusted Source Data'!$E13,'Calibration Calcs'!$B$1:$M$1,0)) -> 46624.557 | H13: ='Source Data'!H13*INDEX('Calibration Calcs'!$B$4:$M$4,1,MATCH('Adjusted Source Data'!$E13,'Calibration Calcs'!$B$1:$M$1,0)) -> 46803.419 | I13: ='Source Data'!I13*INDEX('Calibration Calcs'!$B$4:$M$4,1,MATCH('Adjusted Source Data'!$E13,'Calibration Calcs'!$B$1:$M$1,0)) -> 46828.693 | J13: ='Source Data'!J13*INDEX('Calibration Calcs'!$B$4:$M$4,1,MATCH('Adjusted Source Data'!$E13,'Calibration Calcs'!$B$1:$M$1,0)) -> 45644.707 | K13: ='Source Data'!K13*INDEX('Calibration Calcs'!$B$4:$M$4,1,MATCH('Adjusted Source Data'!$E13,'Calibration Calcs'!$B$1:$M$1,0)) -> 41969.295 | L13: ='Source Data'!L13*INDEX('Calibration Calcs'!$B$4:$M$4,1,MATCH('Adjusted Source Data'!$E13,'Calibration Calcs'!$B$1:$M$1,0)) -> 34286.022 | M13: ='Source Data'!M13*INDEX('Calibration Calcs'!$B$4:$M$4,1,MATCH('Adjusted Source Data'!$E13,'Calibration Calcs'!$B$1:$M$1,0)) -> 25729.827 | ... AC13: ='Source Data'!AC13*INDEX('Calibration Calcs'!$B$4:$M$4,1,MATCH('Adjusted Source Data'!$E13,'Calibration Calcs'!$B$1:$M$1,0)) -> 45779.825 | AD13: =INDEX('Category Mapping'!$G$34:$G$45,MATCH(E13,'Category Mapping'!$A$34:$A$45,0),1) -> Winter | AE13: =INDEX('Category Mapping'!$B$2:$B$25,MATCH('Source Data'!A13,'Category Mapping'!$A$2:$A$25,0)) -> Weekday | AF13: =INDEX('Category Mapping'!$C$2:$C$25,MATCH('Source Data'!A13,'Category Mapping'!$A$2:$A$25,0)) -> Residential | AG13: =INDEX('Category Mapping'!$D$2:$D$25,MATCH('Source Data'!A13,'Category Mapping'!$A$2:$A$25,0)) -> Cooling | AH13: =IF($AE13="Weekday",INDEX('Category Mapping'!$F$34:$F$45,MATCH($E13,'Category Mapping'!$A$34:$A$45,0),1),INDEX('Category Mapping'!$E$34:$E$45,MATCH($E13,'Category Mapping'!$A$34:$A$45,0),1)) -> 21.428571 | AI13: =MAX(F13:AC13)/AH13 -> 2185.339 | AJ13: =IF(_xlfn.MAXIFS($AI$3:$AI$290,Sector,"All Sectors",Season,"summer")=$AI13,1,0) -> 0 | AK13: =IF(_xlfn.MAXIFS($AI$3:$AI$290,Sector,"All sectors",Season,"winter")=$AI13,1,0) -> 0
A14: ='Source Data'!A14 -> Residential_cooling_weekday.csv | B14: ='Source Data'!B14 -> 2019 | C14: ='Source Data'!C14 -> 19 | D14: ='Source Data'!D14 -> Korea | E14: ='Source Data'!E14 -> 12 | F14: ='Source Data'!F14*INDEX('Calibration Calcs'!$B$4:$M$4,1,MATCH('Adjusted Source Data'!$E14,'Calibration Calcs'!$B$1:$M$1,0)) -> 20151.76 | G14: ='Source Data'!G14*INDEX('Calibration Calcs'!$B$4:$M$4,1,MATCH('Adjusted Source Data'!$E14,'Calibration Calcs'!$B$1:$M$1,0)) -> 20265.674 | H14: ='Source Data'!H14*INDEX('Calibration Calcs'!$B$4:$M$4,1,MATCH('Adjusted Source Data'!$E14,'Calibration Calcs'!$B$1:$M$1,0)) -> 20342.735 | I14: ='Source Data'!I14*INDEX('Calibration Calcs'!$B$4:$M$4,1,MATCH('Adjusted Source Data'!$E14,'Calibration Calcs'!$B$1:$M$1,0)) -> 20353.903 | J14: ='Source Data'!J14*INDEX('Calibration Calcs'!$B$4:$M$4,1,MATCH('Adjusted Source Data'!$E14,'Calibration Calcs'!$B$1:$M$1,0)) -> 19839.052 | K14: ='Source Data'!K14*INDEX('Calibration Calcs'!$B$4:$M$4,1,MATCH('Adjusted Source Data'!$E14,'Calibration Calcs'!$B$1:$M$1,0)) -> 18242.011 | L14: ='Source Data'!L14*INDEX('Calibration Calcs'!$B$4:$M$4,1,MATCH('Adjusted Source Data'!$E14,'Calibration Calcs'!$B$1:$M$1,0)) -> 14901.625 | M14: ='Source Data'!M14*INDEX('Calibration Calcs'!$B$4:$M$4,1,MATCH('Adjusted Source Data'!$E14,'Calibration Calcs'!$B$1:$M$1,0)) -> 11183.758 | ... AC14: ='Source Data'!AC14*INDEX('Calibration Calcs'!$B$4:$M$4,1,MATCH('Adjusted Source Data'!$E14,'Calibration Calcs'!$B$1:$M$1,0)) -> 19898.243 | AD14: =INDEX('Category Mapping'!$G$34:$G$45,MATCH(E14,'Category Mapping'!$A$34:$A$45,0),1) -> Winter | AE14: =INDEX('Category Mapping'!$B$2:$B$25,MATCH('Source Data'!A14,'Category Mapping'!$A$2:$A$25,0)) -> Weekday | AF14: =INDEX('Category Mapping'!$C$2:$C$25,MATCH('Source Data'!A14,'Category Mapping'!$A$2:$A$25,0)) -> Residential | AG14: =INDEX('Category Mapping'!$D$2:$D$25,MATCH('Source Data'!A14,'Category Mapping'!$A$2:$A$25,0)) -> Cooling | AH14: =IF($AE14="Weekday",INDEX('Category Mapping'!$F$34:$F$45,MATCH($E14,'Category Mapping'!$A$34:$A$45,0),1),INDEX('Category Mapping'!$E$34:$E$45,MATCH($E14,'Category Mapping'!$A$34:$A$45,0),1)) -> 22.142857 | AI14: =MAX(F14:AC14)/AH14 -> 919.20851 | AJ14: =IF(_xlfn.MAXIFS($AI$3:$AI$290,Sector,"All Sectors",Season,"summer")=$AI14,1,0) -> 0 | AK14: =IF(_xlfn.MAXIFS($AI$3:$AI$290,Sector,"All sectors",Season,"winter")=$AI14,1,0) -> 0
... A290: ='Source Data'!A290 -> Transport_total_weekend.csv | B290: ='Source Data'!B290 -> 2019 | C290: ='Source Data'!C290 -> 19 | D290: ='Source Data'!D290 -> Korea | E290: ='Source Data'!E290 -> 12 | F290: ='Source Data'!F290*INDEX('Calibration Calcs'!$B$4:$M$4,1,MATCH('Adjusted Source Data'!$E290,'Calibration Calcs'!$B$1:$M$1,0)) -> 3063057.4 | G290: ='Source Data'!G290*INDEX('Calibration Calcs'!$B$4:$M$4,1,MATCH('Adjusted Source Data'!$E290,'Calibration Calcs'!$B$1:$M$1,0)) -> 2919189.7 | H290: ='Source Data'!H290*INDEX('Calibration Calcs'!$B$4:$M$4,1,MATCH('Adjusted Source Data'!$E290,'Calibration Calcs'!$B$1:$M$1,0)) -> 2879952.7 | I290: ='Source Data'!I290*INDEX('Calibration Calcs'!$B$4:$M$4,1,MATCH('Adjusted Source Data'!$E290,'Calibration Calcs'!$B$1:$M$1,0)) -> 2879952.7 | J290: ='Source Data'!J290*INDEX('Calibration Calcs'!$B$4:$M$4,1,MATCH('Adjusted Source Data'!$E290,'Calibration Calcs'!$B$1:$M$1,0)) -> 2866873.7 | K290: ='Source Data'!K290*INDEX('Calibration Calcs'!$B$4:$M$4,1,MATCH('Adjusted Source Data'!$E290,'Calibration Calcs'!$B$1:$M$1,0)) -> 2886492.8 | L290: ='Source Data'!L290*INDEX('Calibration Calcs'!$B$4:$M$4,1,MATCH('Adjusted Source Data'!$E290,'Calibration Calcs'!$B$1:$M$1,0)) -> 3577927.9 | M290: ='Source Data'!M290*INDEX('Calibration Calcs'!$B$4:$M$4,1,MATCH('Adjusted Source Data'!$E290,'Calibration Calcs'!$B$1:$M$1,0)) -> 4654968.2 | ... AC290: ='Source Data'!AC290*INDEX('Calibration Calcs'!$B$4:$M$4,1,MATCH('Adjusted Source Data'!$E290,'Calibration Calcs'!$B$1:$M$1,0)) -> 4299704.7 | AD290: =INDEX('Category Mapping'!$G$34:$G$45,MATCH(E290,'Category Mapping'!$A$34:$A$45,0),1) -> Winter | AE290: =INDEX('Category Mapping'!$B$2:$B$25,MATCH('Source Data'!A290,'Category Mapping'!$A$2:$A$25,0)) -> Weekend | AF290: =INDEX('Category Mapping'!$C$2:$C$25,MATCH('Source Data'!A290,'Category Mapping'!$A$2:$A$25,0)) -> Transportation | AG290: =INDEX('Category Mapping'!$D$2:$D$25,MATCH('Source Data'!A290,'Category Mapping'!$A$2:$A$25,0)) -> Transportation | AH290: =IF($AE290="Weekday",INDEX('Category Mapping'!$F$34:$F$45,MATCH($E290,'Category Mapping'!$A$34:$A$45,0),1),INDEX('Category Mapping'!$E$34:$E$45,MATCH($E290,'Category Mapping'!$A$34:$A$45,0),1)) -> 8.8571429 | AI290: =MAX(F290:AC290)/AH290 -> 802158.46 | AJ290: =IF(_xlfn.MAXIFS($AI$3:$AI$290,Sector,"All Sectors",Season,"summer")=$AI290,1,0) -> 0 | AK290: =IF(_xlfn.MAXIFS($AI$3:$AI$290,Sector,"All sectors",Season,"winter")=$AI290,1,0) -> 0

Sheet 2024 Demand
A1: Period | B1: Nuclear | C1: coal | F1: Oil | G1: LNG | H1: Pumped-Storage | I1: New&Renewable energy | R1: Others* | S1: Total | T1: PPA Total | U1: Total+PPA Total
C2: Bituminous coal | D2: Anthracite coal | E2: Sub Total | I2: Fuel Cell | J2: IGCC | K2: Solar Power | L2: Wind Power | M2: Hydro Power* | N2: Marine Energy* | O2: Bio Energy* | P2: Waste Energy | Q2: Sub Total | V2: Month
A3: 2025/11 | B3: 12403.745 | C3: 12676.419 | D3: 229.78567 | E3: 12906.205 | F3: 3.8059825 | G3: 12843.005 | H3: 370.46009 | I3: 721.06616 | J3: 31.370732 | K3: 926.07257 | L3: 355.40716 | M3: 264.54667 | N3: 7.2e-06 | O3: 764.79495 | P3: 223.23387 | Q3: 3286.4921 | R3: 283.5439 | S3: 42097.257 | U3: 42097.257
A4: 2025/10 | B4: 13047.232 | C4: 12827.524 | D4: 85.500788 | E4: 12913.024 | F4: 3.8876456 | G4: 11850.169 | H4: 348.4064 | I4: 717.78462 | J4: 158.76932 | K4: 827.56615 | L4: 217.68019 | M4: 570.86571 | N4: 0.00085752 | O4: 730.15718 | P4: 184.40221 | Q4: 3407.2262 | R4: 169.608 | S4: 41739.553 | T4: 1635.979 | U4: 43375.532
A5: 2025/09 | B5: 13520.599 | C5: 18113.126 | D5: 89.932287 | E5: 18203.058 | F5: 51.696953 | G5: 11376.77 | H5: 294.40753 | I5: 653.08288 | J5: 126.03232 | K5: 894.81274 | L5: 184.78275 | M5: 396.40647 | N5: 0.0012312 | O5: 729.1715 | P5: 162.09413 | Q5: 3146.384 | R5: 69.2575 | S5: 46662.173 | T5: 1821.883 | U5: 48484.056
A6: 2025/08 | B6: 13354.213 | C6: 20089.76 | D6: 118.40499 | E6: 20208.165 | F6: 9.0654508 | G6: 14852.734 | H6: 296.63173 | I6: 690.07284 | J6: 142.78839 | K6: 1230.0626 | L6: 162.68979 | M6: 306.25027 | N6: 0 | O6: 904.66308 | P6: 185.88172 | Q6: 3622.4087 | R6: 54.834 | S6: 52398.052 | T6: 2468.103 | U6: 54866.155
A7: 2025/07 | B7: 14486.529 | C7: 19459.048 | D7: 123.2381 | E7: 19582.286 | F7: 5.7430679 | G7: 13719.733 | H7: 346.8842 | I7: 707.96222 | J7: 116.99814 | K7: 1339.5643 | L7: 202.04715 | M7: 289.06979 | N7: 0 | O7: 784.35847 | P7: 184.3775 | Q7: 3624.3776 | R7: 348.7198 | S7: 52114.272 | T7: 2702.3189 | U7: 54816.591
A8: 2025/06 | B8: 14318.385 | C8: 13357.358 | D8: 3.4390256 | E8: 13360.797 | F8: 3.3275563 | G8: 11428.945 | H8: 344.97144 | I8: 692.60113 | J8: 98.992728 | K8: 1226.9191 | L8: 215.93187 | M8: 433.8711 | N8: 0 | O8: 688.42859 | P8: 182.64455 | Q8: 3539.3891 | R8: 232.586 | S8: 43228.401 | T8: 2535.2234 | U8: 45763.625
A9: 2025/05 | B9: 15112.347 | C9: 10193.427 | D9: 5.7072093 | E9: 10199.134 | F9: 3.5838159 | G9: 11770.904 | H9: 421.15117 | I9: 706.83115 | J9: 49.128346 | K9: 1193.8692 | L9: 282.38173 | M9: 426.26148 | N9: 0 | O9: 826.6547 | P9: 202.28435 | Q9: 3687.411 | R9: 76.091 | S9: 41270.622 | T9: 2464.5763 | U9: 43735.198
A10: 2025/04 | B10: 15163.555 | C10: 7859.48 | D10: 76.546035 | E10: 7936.026 | F10: 3.977903 | G10: 13197.767 | H10: 426.62106 | I10: 674.05575 | J10: 0 | K10: 1323.9361 | L10: 313.13577 | M10: 242.45485 | N10: 0.00039672 | O10: 722.91887 | P10: 189.96214 | Q10: 3466.4639 | R10: 197.1491 | S10: 40391.56 | T10: 2711.864 | U10: 43103.424
A11: 2025/03 | B11: 16997.189 | C11: 9103.0473 | D11: 60.129527 | E11: 9163.1768 | F11: 5.2303167 | G11: 14627.133 | H11: 443.70342 | I11: 695.05271 | J11: 38.948751 | K11: 1106.3547 | L11: 343.43298 | M11: 197.59485 | N11: 0.00036576 | O11: 747.02801 | P11: 210.72656 | Q11: 3339.139 | R11: 109.221 | S11: 44684.793 | T11: 2250.8019 | U11: 46935.594
A12: 2025/02 | B12: 15429.978 | C12: 10920.854 | D12: 29.085401 | E12: 10949.94 | F12: 17.751903 | G12: 14953.786 | H12: 371.80995 | I12: 632.74136 | J12: 153.54107 | K12: 934.91405 | L12: 483.29546 | M12: 188.97752 | N12: 0 | O12: 768.40657 | P12: 195.82495 | Q12: 3357.701 | R12: 112.9743 | S12: 45193.94 | T12: 1914.8275 | U12: 47108.768
A13: 2025/01 | B13: 17014.96 | C13: 12549.333 | D13: 159.42379 | E13: 12708.756 | F13: 28.102065 | G13: 15345.159 | H13: 417.16509 | I13: 691.19616 | J13: 163.55484 | K13: 722.99671 | L13: 403.41625 | M13: 219.54068 | N13: 0 | O13: 848.86276 | P13: 185.69945 | Q13: 3235.2669 | R13: 94.5815 | S13: 48843.991 | T13: 1404.8366 | U13: 50248.828
A14: 2024/12 | B14: 15886.486 | C14: 14059.887 | D14: 188.22171 | E14: 14248.109 | F14: 16.806254 | G14: 14754.645 | H14: 400.9665 | I14: 665.18592 | J14: 171.66385 | K14: 698.35981 | L14: 514.8517 | M14: 209.47134 | N14: 1.44e-06 | O14: 856.07126 | P14: 0 | Q14: 3115.6039 | R14: 328.3547 | S14: 48750.972 | T14: 1396.67 | U14: 50147.642 | V14: 12
A15: 2024/11 | B15: 15338.81 | C15: 11036.796 | D15: 109.97353 | E15: 11146.77 | F15: 3.8975903 | G15: 12772.672 | H15: 372.4223 | I15: 624.22725 | J15: 89.212192 | K15: 732.13959 | L15: 301.95443 | M15: 198.70103 | N15: 0 | O15: 755.43119 | P15: 0 | Q15: 2701.6657 | R15: 294.2086 | S15: 42630.447 | T15: 1424.048 | U15: 44054.495 | V15: 11
A16: 2024/10 | B16: 16211.57 | C16: 11065.524 | D16: 22.912983 | E16: 11088.437 | F16: 3.3108882 | G16: 11842.848 | H16: 404.72755 | I16: 627.99825 | J16: 147.12564 | K16: 794.47444 | L16: 217.31896 | M16: 231.67473 | N16: 0 | O16: 811.87629 | P16: 0 | Q16: 2830.4683 | R16: 246.0398 | S16: 42627.402 | T16: 1558.781 | U16: 44186.183 | V16: 10
A17: 2024/09 | B17: 15055.454 | C17: 14288.086 | D17: 175.91697 | E17: 14464.003 | F17: 6.2485544 | G17: 13512.179 | H17: 351.95875 | I17: 588.15807 | J17: 149.05081 | K17: 977.10524 | L17: 139.46298 | M17: 295.67215 | N17: 37.934845 | O17: 818.92277 | P17: 0 | Q17: 3006.3069 | R17: 244.6474 | S17: 46640.798 | T17: 1893.044 | U17: 48533.842 | V17: 9
A18: 2024/08 | B18: 14738.386 | C18: 18218.373 | D18: 215.34746 | E18: 18433.721 | F18: 16.132442 | G18: 16690.897 | H18: 371.17978 | I18: 617.34765 | J18: 158.33052 | K18: 1173.412 | L18: 124.42506 | M18: 389.77268 | N18: 34.474741 | O18: 889.90368 | P18: 204.61659 | Q18: 3592.283 | R18: 46.633 | S18: 53889.232 | T18: 2330.575 | U18: 56219.807 | V18: 8
A19: 2024/07 | B19: 15665.953 | C19: 15353.72 | D19: 159.56256 | E19: 15513.283 | F19: 5.6629847 | G19: 15002.79 | H19: 344.10032 | I19: 626.56437 | J19: 150.47372 | K19: 890.37793 | L19: 329.94994 | M19: 628.62815 | N19: 33.998321 | O19: 879.59359 | P19: 0 | Q19: 3539.586 | R19: 299.3422 | S19: 50370.718 | T19: 1763.094 | U19: 52133.812 | V19: 7
A20: 2024/06 | B20: 14321.424 | C20: 11940.638 | D20: 173.60621 | E20: 12114.244 | F20: 3.6407745 | G20: 12715.939 | H20: 347.63989 | I20: 602.63493 | J20: 98.700868 | K20: 1159.0653 | L20: 142.31546 | M20: 465.67734 | N20: 34.063822 | O20: 749.2727 | P20: 0 | Q20: 3251.7304 | R20: 244.0469 | S20: 42998.665 | T20: 2333.49 | U20: 45332.155 | V20: 6
A21: 2024/05 | B21: 15051.032 | C21: 9498.5264 | D21: 163.96462 | E21: 9662.491 | F21: 4.334806 | G21: 11968.989 | H21: 463.84271 | I21: 620.02622 | J21: 0 | K21: 1321.8037 | L21: 313.51044 | M21: 512.12606 | N21: 35.872948 | O21: 691.99807 | P21: 0 | Q21: 3495.3375 | R21: 299.9159 | S21: 40945.943 | T21: 2590.604 | U21: 43536.547 | V21: 5
A22: 2024/04 | B22: 13635.818 | C22: 10804.323 | D22: 109.41584 | E22: 10913.739 | F22: 5.7639027 | G22: 11626.5 | H22: 424.35747 | I22: 604.49057 | J22: 51.917225 | K22: 1027.3881 | L22: 204.31941 | M22: 568.25382 | N22: 35.557166 | O22: 785.20965 | P22: 0 | Q22: 3277.1359 | R22: 266.4155 | S22: 40149.73 | T22: 2007.256 | U22: 42156.986 | V22: 4
A23: 2024/03 | B23: 14690.784 | C23: 12228.989 | D23: 105.39728 | E23: 12334.386 | F23: 13.053861 | G23: 14385.308 | H23: 464.27856 | I23: 620.42649 | J23: 178.76443 | K23: 1018.7051 | L23: 386.24244 | M23: 280.92117 | N23: 37.753382 | O23: 866.39736 | P23: 0 | Q23: 3389.2104 | R23: 168.796 | S23: 45445.818 | T23: 1970.042 | U23: 47415.86 | V23: 3
A24: 2024/02 | B24: 13937.248 | C24: 13980.277 | D24: 124.08249 | E24: 14104.36 | F24: 12.763875 | G24: 12781.628 | H24: 350.1374 | I24: 571.86339 | J24: 182.07535 | K24: 572.72092 | L24: 286.35147 | M24: 243.64183 | N24: 34.797223 | O24: 794.94879 | P24: 0 | Q24: 2686.399 | R24: 243.591 | S24: 44116.128 | T24: 1116.96 | U24: 45233.088 | V24: 2
A25: 2024/01 | B25: 14216.497 | C25: 17131.209 | D25: 231.92366 | E25: 17363.133 | F25: 24.189161 | G25: 15676.045 | H25: 374.05511 | I25: 613.9084 | J25: 196.90387 | K25: 650.4926 | L25: 394.94086 | M25: 215.60177 | N25: 35.217425 | O25: 825.03355 | P25: 0 | Q25: 2932.0985 | R25: 235.31 | S25: 50821.327 | T25: 1266.299 | U25: 52087.626 | V25: 1
A26: 2023/12 | B26: 15493.755 | C26: 16809.332 | D26: 123.72845 | E26: 16933.061 | F26: 36.251637 | G26: 13628.273 | H26: 295.24771 | I26: 615.03549 | J26: 187.5576 | K26: 455.33556 | L26: 408.64003 | M26: 274.30231 | N26: 35.023983 | O26: 870.02716 | P26: 0 | Q26: 2845.9221 | R26: 213.2959 | S26: 49445.806 | T26: 919.7342 | U26: 50365.541
A27: 2023/11 | B27: 14823.448 | C27: 14025.899 | D27: 71.775278 | E27: 14097.675 | F27: 17.158528 | G27: 11890.219 | H27: 334.97358 | I27: 588.89316 | J27: 188.13195 | K27: 669.36052 | L27: 455.88561 | M27: 224.8689 | N27: 33.248934 | O27: 738.29042 | P27: 0 | Q27: 2898.6795 | R27: 159.5321 | S27: 44221.686 | T27: 1331.237 | U27: 45552.923
A28: 2023/10 | B28: 14395.836 | C28: 12548.026 | D28: 128.80296 | E28: 12676.829 | F28: 17.573295 | G28: 10793.327 | H28: 376.95201 | I28: 578.74051 | J28: 12.20577 | K28: 941.42123 | L28: 232.03854 | M28: 280.5596 | N28: 41.575256 | O28: 741.30138 | P28: 0 | Q28: 2827.8423 | R28: 198.0276 | S28: 41286.387 | T28: 1796.243 | U28: 43082.63
A29: 2023/09 | B29: 14242.8 | C29: 14181.215 | D29: 210.69352 | E29: 14391.908 | F29: 18.641398 | G29: 12517.037 | H29: 323.98858 | I29: 524.31936 | J29: 27.696695 | K29: 827.17121 | L29: 136.28767 | M29: 448.43825 | N29: 36.136216 | O29: 863.59311 | P29: 0 | Q29: 2863.6425 | R29: 226.1397 | S29: 44584.158 | T29: 1592.668 | U29: 46176.826
A30: 2023/08 | B30: 15084.179 | C30: 17824.71 | D30: 195.02622 | E30: 18019.736 | F30: 34.969255 | G30: 14306.469 | H30: 262.03559 | I30: 499.73449 | J30: 195.94015 | K30: 939.73015 | L30: 159.72433 | M30: 417.11536 | N30: 39.672995 | O30: 875.15925 | P30: 0 | Q30: 3127.0767 | R30: 210.1897 | S30: 51044.656 | T30: 1859.235 | U30: 52903.891
A31: 2023/07 | B31: 15041.705 | C31: 17097.105 | D31: 122.15495 | E31: 17219.26 | F31: 35.51212 | G31: 13568.5 | H31: 270.58052 | I31: 488.32553 | J31: 110.65008 | K31: 747.5305 | L31: 245.5081 | M31: 671.92104 | N31: 35.032001 | O31: 828.48232 | P31: 0 | Q31: 3127.4496 | R31: 207.3998 | S31: 49470.407 | T31: 1554.184 | U31: 51024.591
A32: 2023/06 | B32: 13467.433 | C32: 14686.181 | D32: 110.06992 | E32: 14796.251 | F32: 35.078647 | G32: 11686.183 | H32: 277.07574 | I32: 454.87078 | J32: 0 | K32: 963.34048 | L32: 190.09349 | M32: 313.90322 | N32: 35.08528 | O32: 745.96095 | P32: 0 | Q32: 2703.2542 | R32: 175.9187 | S32: 43141.194 | T32: 2018.928 | U32: 45160.122
A33: 2023/05 | B33: 13751.795 | C33: 13187.184 | D33: 56.498415 | E33: 13243.682 | F33: 49.60042 | G33: 11431.881 | H33: 365.12864 | I33: 455.94538 | J33: 0 | K33: 957.33452 | L33: 240.12902 | M33: 292.8079 | N33: 36.533287 | O33: 710.06751 | P33: 0 | Q33: 2692.8176 | R33: 185.2432 | S33: 41720.149 | T33: 1992.118 | U33: 43712.267
A34: 2023/04 | B34: 12905.762 | C34: 12766.55 | D34: 19.947279 | E34: 12786.497 | F34: 57.867984 | G34: 11550.77 | H34: 357.65075 | I34: 420.91217 | J34: 0 | K34: 896.72876 | L34: 343.36347 | M34: 189.5537 | N34: 35.82066 | O34: 795.15185 | P34: 0 | Q34: 2681.5306 | R34: 196.6331 | S34: 40536.712 | T34: 1846.972 | U34: 42383.684
A35: 2023/03 | B35: 14467.719 | C35: 12138.789 | D35: 170.43297 | E35: 12309.222 | F35: 106.43787 | G35: 13777.95 | H35: 342.51516 | I35: 496.48929 | J35: 0 | K35: 956.52262 | L35: 286.48431 | M35: 179.91171 | N35: 36.894602 | O35: 850.1212 | P35: 0 | Q35: 2806.4237 | R35: 267.205 | S35: 44077.473 | T35: 1966.687 | U35: 46044.16
A36: 2023/02 | B36: 12961.935 | C36: 14878.661 | D36: 223.12085 | E36: 15101.782 | F36: 98.536881 | G36: 13311.309 | H36: 259.06491 | I36: 467.95894 | J36: 0 | K36: 718.71543 | L36: 260.7615 | M36: 165.86938 | N36: 35.382926 | O36: 729.15876 | P36: 0 | Q36: 2377.8469 | R36: 194.8541 | S36: 44305.329 | T36: 1459.424 | U36: 45764.753
A37: 2023/01 | B37: 14913.776 | C37: 17094.65 | D37: 226.17063 | E37: 17320.821 | F37: 128.5832 | G37: 15038.85 | H37: 312.97348 | I37: 501.12547 | J37: 44.870393 | K37: 593.46996 | L37: 418.6068 | M37: 201.41865 | N37: 37.131922 | O37: 947.70916 | P37: 0 | Q37: 2744.3324 | R37: 188.7156 | S37: 50648.052 | T37: 1264.38 | U37: 51912.432
... A73: 2020/01 | B73: 11314.742 | C73: 17454.46 | D73: 205.50968 | E73: 17659.97 | F73: 277.25399 | G73: 15241.871 | H73: 311.89158 | I73: 211.69486 | J73: 191.49793 | K73: 247.42632 | L73: 310.78284 | M73: 221.18307 | N73: 38.549171 | O73: 322.92763 | P73: 0 | Q73: 1544.0618 | R73: 687.721 | S73: 47037.512 | T73: 567 | U73: 47604.512
A74: 2019/12 | B74: 10513.642 | C74: 17965.416 | D74: 188.00741 | E74: 18153.423 | F74: 642.63426 | G74: 16002.878 | H74: 300.22835 | I74: 208.4445 | J74: 134.31862 | K74: 241.35791 | L74: 340.86788 | M74: 194.80877 | N74: 39.024014 | O74: 423.13817 | P74: 0 | Q74: 1581.9599 | R74: 629.3065 | S74: 47824.073 | U74: 47824.073
A75: 2019/11 | B75: 9724.4024 | C75: 17947.02 | D75: 154.38968 | E75: 18101.41 | F75: 152.9316 | G75: 12203.36 | H75: 266.24546 | I75: 188.96844 | J75: 66.312102 | K75: 278.21723 | L75: 253.78883 | M75: 180.97615 | N75: 39.106997 | O75: 378.54728 | P75: 0 | Q75: 1385.917 | R75: 737.2573 | S75: 42571.524 | U75: 42571.524
A76: 2019/10 | B76: 10070.763 | C76: 18723.029 | D76: 122.04422 | E76: 18845.073 | F76: 191.2404 | G76: 9856.4812 | H76: 290.00021 | I76: 199.32364 | J76: 147.23165 | K76: 334.03738 | L76: 227.36785 | M76: 249.80596 | N76: 43.470927 | O76: 384.13151 | P76: 0 | Q76: 1585.3689 | R76: 731.8841 | S76: 41570.811 | U76: 41570.811
A77: 2019/09 | B77: 9803.3803 | C77: 19623.611 | D77: 164.23612 | E77: 19787.847 | F77: 100.48323 | G77: 9623.0306 | H77: 298.75042 | I77: 195.04991 | J77: 173.65773 | K77: 285.02886 | L77: 134.48008 | M77: 260.67592 | N77: 41.577292 | O77: 399.69502 | P77: 627.84755 | Q77: 2118.0124 | R77: 44.3221 | S77: 41775.826 | U77: 41775.826
A78: 2019/08 | B78: 11597.153 | C78: 21399.887 | D78: 242.7056 | E78: 21642.593 | F78: 257.75601 | G78: 12083.058 | H78: 313.06977 | I78: 183.58035 | J78: 164.72292 | K78: 374.78755 | L78: 145.92042 | M78: 281.31769 | N78: 41.773725 | O78: 399.80169 | P78: 939.75401 | Q78: 2531.6584 | R78: 46.5284 | S78: 48471.817 | U78: 48471.817
A79: 2019/07 | B79: 11110.34 | C79: 20811.15 | D79: 247.15006 | E79: 21058.3 | F79: 212.04397 | G79: 11751.024 | H79: 305.96404 | I79: 179.78818 | J79: 0.02051224 | K79: 320.02664 | L79: 187.42053 | M79: 256.09358 | N79: 38.015116 | O79: 409.11011 | P79: 938.14493 | Q79: 2328.6196 | R79: 35.1329 | S79: 46801.425 | U79: 46801.425
A80: 2019/06 | B80: 12934.359 | C80: 16437.746 | D80: 203.82625 | E80: 16641.572 | F80: 195.4893 | G80: 8997.3768 | H80: 221.78971 | I80: 168.90173 | J80: 48.097837 | K80: 374.19818 | L80: 101.58883 | M80: 253.85253 | N80: 36.641133 | O80: 345.54987 | P80: 783.99526 | Q80: 2112.8254 | R80: 42.4162 | S80: 41145.828 | U80: 41145.828
A81: 2019/05 | B81: 14050.562 | C81: 14203.406 | D81: 157.83023 | E81: 14361.236 | F81: 188.08799 | G81: 10166.975 | H81: 257.04537 | I81: 184.91543 | J81: 46.399614 | K81: 445.4263 | L81: 222.84517 | M81: 277.52789 | N81: 38.920937 | O81: 293.08617 | P81: 912.03069 | Q81: 2421.1522 | R81: 41.2864 | S81: 41486.345 | U81: 41486.345
A82: 2019/04 | B82: 13471.232 | C82: 13750.178 | D82: 176.59619 | E82: 13926.775 | F82: 225.6092 | G82: 11292.775 | H82: 283.70319 | I82: 180.4304 | J82: 0 | K82: 336.00977 | L82: 179.34226 | M82: 241.14299 | N82: 38.812942 | O82: 342.47927 | P82: 869.2451 | Q82: 2187.4627 | R82: 41.8885 | S82: 41429.445 | U82: 41429.445
A83: 2019/03 | B83: 13369.099 | C83: 15771.272 | D83: 210.82234 | E83: 15982.094 | F83: 790.0003 | G83: 11695.639 | H83: 273.72853 | I83: 185.5228 | J83: 0 | K83: 347.89847 | L83: 287.20323 | M83: 173.20434 | N83: 39.569006 | O83: 349.26801 | P83: 958.13674 | Q83: 2340.8026 | R83: 35.0156 | S83: 44486.378 | U83: 44486.378
A84: 2019/02 | B84: 10501.405 | C84: 17596.026 | D84: 218.11455 | E84: 17814.14 | F84: 385.42008 | G84: 11165.221 | H84: 297.95518 | I84: 168.85462 | J84: 0 | K84: 260.53331 | L84: 245.14764 | M84: 169.28124 | N84: 38.571522 | O84: 204.16249 | P84: 811.04909 | Q84: 1897.5999 | R84: 38.255 | S84: 42099.996 | U84: 42099.996
A85: 2019/01 | B85: 11663.002 | C85: 21053.445 | D85: 247.82958 | E85: 21301.275 | F85: 627.56299 | G85: 14053.284 | H85: 339.61727 | I85: 184.07397 | J85: 0 | K85: 253.3459 | L85: 346.3853 | M85: 200.36045 | N85: 38.842977 | O85: 270.09082 | P85: 867.56016 | Q85: 2160.6596 | R85: 42.9731 | S85: 50188.374 | U85: 50188.374
... A289: 2002/01 | B289: 9310.3587 | C289: 9277.441 | D289: 638.71675 | E289: 9916.1578 | F289: 2144.6065 | G289: 2805.4285 | H289: 80.826385 | I289: 0 | J289: 0 | K289: 0 | L289: 0 | M289: 95.453304 | N289: 0 | O289: 0 | P289: 0 | Q289: 95.453304 | R289: 0 | S289: 24352.831 | U289: 24352.831

Sheet Calibration Calcs
B1: 1 | C1: 2 | D1: 3 | E1: 4 | F1: 5 | G1: 6 | H1: 7 | I1: 8 | J1: 9 | K1: 10 | L1: 11 | M1: 12
A2: Share of Annual Total by Month | B2: =INDEX('2024 Demand'!$U$14:$U$25,MATCH(B1,'2024 Demand'!$V$14:$V$25,0),1)/SUM('2024 Demand'!$U$14:$U$25) -> 0.091215685 | C2: =INDEX('2024 Demand'!$U$14:$U$25,MATCH(C1,'2024 Demand'!$V$14:$V$25,0),1)/SUM('2024 Demand'!$U$14:$U$25) -> 0.079212039 | D2: =INDEX('2024 Demand'!$U$14:$U$25,MATCH(D1,'2024 Demand'!$V$14:$V$25,0),1)/SUM('2024 Demand'!$U$14:$U$25) -> 0.083034502 | E2: =INDEX('2024 Demand'!$U$14:$U$25,MATCH(E1,'2024 Demand'!$V$14:$V$25,0),1)/SUM('2024 Demand'!$U$14:$U$25) -> 0.07382518 | F2: =INDEX('2024 Demand'!$U$14:$U$25,MATCH(F1,'2024 Demand'!$V$14:$V$25,0),1)/SUM('2024 Demand'!$U$14:$U$25) -> 0.076241062 | G2: =INDEX('2024 Demand'!$U$14:$U$25,MATCH(G1,'2024 Demand'!$V$14:$V$25,0),1)/SUM('2024 Demand'!$U$14:$U$25) -> 0.079385526 | H2: =INDEX('2024 Demand'!$U$14:$U$25,MATCH(H1,'2024 Demand'!$V$14:$V$25,0),1)/SUM('2024 Demand'!$U$14:$U$25) -> 0.091296565 | I2: =INDEX('2024 Demand'!$U$14:$U$25,MATCH(I1,'2024 Demand'!$V$14:$V$25,0),1)/SUM('2024 Demand'!$U$14:$U$25) -> 0.098451947 | ... M2: =INDEX('2024 Demand'!$U$14:$U$25,MATCH(M1,'2024 Demand'!$V$14:$V$25,0),1)/SUM('2024 Demand'!$U$14:$U$25) -> 0.08781839
A3: Share of Annual Total by Month from Source Data | B3: =B33 -> 0.082124046 | C3: =C33 -> 0.080882936 | D3: =D33 -> 0.079766116 | E3: =E33 -> 0.076042785 | F3: =F33 -> 0.076031977 | G3: =G33 -> 0.085078213 | H3: =H33 -> 0.097869397 | I3: =I33 -> 0.10408936 | ... M3: =M33 -> 0.078633085
A4: Multiplier | B4: =B2/B3 -> 1.1107062 | C4: =C2/C3 -> 0.97934179 | D4: =D2/D3 -> 1.0409746 | E4: =E2/E3 -> 0.9708374 | F4: =F2/F3 -> 1.00275 | G4: =G2/G3 -> 0.93308878 | H4: =H2/H3 -> 0.93284079 | I4: =I2/I3 -> 0.94584064 | ... M4: =M2/M3 -> 1.1168122
A7: Row Labels | B7: 1 | C7: 2 | D7: 3 | E7: 4 | F7: 5 | G7: 6 | H7: 7 | I7: 8 | J7: 9 | K7: 10 | L7: 11 | M7: 12
A8: h1 | B8: =SUM(INDEX('Source Data'!$F$243:$AC$254,MATCH('Calibration Calcs'!B$7,'Source Data'!$E$243:$E$254,0),MATCH('Calibration Calcs'!$A8,Hour,0)),INDEX('Source Data'!$F$255:$AC$266,MATCH('Calibration Calcs'!B$7,'Source Data'!$E$255:$E$266,0),MATCH('Calibration Calcs'!$A8,Hour,0)))/1000 -> 1541000 | C8: =SUM(INDEX('Source Data'!$F$243:$AC$254,MATCH('Calibration Calcs'!C$7,'Source Data'!$E$243:$E$254,0),MATCH('Calibration Calcs'!$A8,Hour,0)),INDEX('Source Data'!$F$255:$AC$266,MATCH('Calibration Calcs'!C$7,'Source Data'!$E$255:$E$266,0),MATCH('Calibration Calcs'!$A8,Hour,0)))/1000 -> 1526000 | D8: =SUM(INDEX('Source Data'!$F$243:$AC$254,MATCH('Calibration Calcs'!D$7,'Source Data'!$E$243:$E$254,0),MATCH('Calibration Calcs'!$A8,Hour,0)),INDEX('Source Data'!$F$255:$AC$266,MATCH('Calibration Calcs'!D$7,'Source Data'!$E$255:$E$266,0),MATCH('Calibration Calcs'!$A8,Hour,0)))/1000 -> 1512000 | E8: =SUM(INDEX('Source Data'!$F$243:$AC$254,MATCH('Calibration Calcs'!E$7,'Source Data'!$E$243:$E$254,0),MATCH('Calibration Calcs'!$A8,Hour,0)),INDEX('Source Data'!$F$255:$AC$266,MATCH('Calibration Calcs'!E$7,'Source Data'!$E$255:$E$266,0),MATCH('Calibration Calcs'!$A8,Hour,0)))/1000 -> 1443000 | F8: =SUM(INDEX('Source Data'!$F$243:$AC$254,MATCH('Calibration Calcs'!F$7,'Source Data'!$E$243:$E$254,0),MATCH('Calibration Calcs'!$A8,Hour,0)),INDEX('Source Data'!$F$255:$AC$266,MATCH('Calibration Calcs'!F$7,'Source Data'!$E$255:$E$266,0),MATCH('Calibration Calcs'!$A8,Hour,0)))/1000 -> 1439000 | G8: =SUM(INDEX('Source Data'!$F$243:$AC$254,MATCH('Calibration Calcs'!G$7,'Source Data'!$E$243:$E$254,0),MATCH('Calibration Calcs'!$A8,Hour,0)),INDEX('Source Data'!$F$255:$AC$266,MATCH('Calibration Calcs'!G$7,'Source Data'!$E$255:$E$266,0),MATCH('Calibration Calcs'!$A8,Hour,0)))/1000 -> 1546000 | H8: =SUM(INDEX('Source Data'!$F$243:$AC$254,MATCH('Calibration Calcs'!H$7,'Source Data'!$E$243:$E$254,0),MATCH('Calibration Calcs'!$A8,Hour,0)),INDEX('Source Data'!$F$255:$AC$266,MATCH('Calibration Calcs'!H$7,'Source Data'!$E$255:$E$266,0),MATCH('Calibration Calcs'!$A8,Hour,0)))/1000 -> 1780000 | I8: =SUM(INDEX('Source Data'!$F$243:$AC$254,MATCH('Calibration Calcs'!I$7,'Source Data'!$E$243:$E$254,0),MATCH('Calibration Calcs'!$A8,Hour,0)),INDEX('Source Data'!$F$255:$AC$266,MATCH('Calibration Calcs'!I$7,'Source Data'!$E$255:$E$266,0),MATCH('Calibration Calcs'!$A8,Hour,0)))/1000 -> 1870000 | ... M8: =SUM(INDEX('Source Data'!$F$243:$AC$254,MATCH('Calibration Calcs'!M$7,'Source Data'!$E$243:$E$254,0),MATCH('Calibration Calcs'!$A8,Hour,0)),INDEX('Source Data'!$F$255:$AC$266,MATCH('Calibration Calcs'!M$7,'Source Data'!$E$255:$E$266,0),MATCH('Calibration Calcs'!$A8,Hour,0)))/1000 -> 1468000
A9: h2 | B9: =SUM(INDEX('Source Data'!$F$243:$AC$254,MATCH('Calibration Calcs'!B$7,'Source Data'!$E$243:$E$254,0),MATCH('Calibration Calcs'!$A9,Hour,0)),INDEX('Source Data'!$F$255:$AC$266,MATCH('Calibration Calcs'!B$7,'Source Data'!$E$255:$E$266,0),MATCH('Calibration Calcs'!$A9,Hour,0)))/1000 -> 1493000 | C9: =SUM(INDEX('Source Data'!$F$243:$AC$254,MATCH('Calibration Calcs'!C$7,'Source Data'!$E$243:$E$254,0),MATCH('Calibration Calcs'!$A9,Hour,0)),INDEX('Source Data'!$F$255:$AC$266,MATCH('Calibration Calcs'!C$7,'Source Data'!$E$255:$E$266,0),MATCH('Calibration Calcs'!$A9,Hour,0)))/1000 -> 1478000 | D9: =SUM(INDEX('Source Data'!$F$243:$AC$254,MATCH('Calibration Calcs'!D$7,'Source Data'!$E$243:$E$254,0),MATCH('Calibration Calcs'!$A9,Hour,0)),INDEX('Source Data'!$F$255:$AC$266,MATCH('Calibration Calcs'!D$7,'Source Data'!$E$255:$E$266,0),MATCH('Calibration Calcs'!$A9,Hour,0)))/1000 -> 1463000 | E9: =SUM(INDEX('Source Data'!$F$243:$AC$254,MATCH('Calibration Calcs'!E$7,'Source Data'!$E$243:$E$254,0),MATCH('Calibration Calcs'!$A9,Hour,0)),INDEX('Source Data'!$F$255:$AC$266,MATCH('Calibration Calcs'!E$7,'Source Data'!$E$255:$E$266,0),MATCH('Calibration Calcs'!$A9,Hour,0)))/1000 -> 1397000 | F9: =SUM(INDEX('Source Data'!$F$243:$AC$254,MATCH('Calibration Calcs'!F$7,'Source Data'!$E$243:$E$254,0),MATCH('Calibration Calcs'!$A9,Hour,0)),INDEX('Source Data'!$F$255:$AC$266,MATCH('Calibration Calcs'!F$7,'Source Data'!$E$255:$E$266,0),MATCH('Calibration Calcs'!$A9,Hour,0)))/1000 -> 1395000 | G9: =SUM(INDEX('Source Data'!$F$243:$AC$254,MATCH('Calibration Calcs'!G$7,'Source Data'!$E$243:$E$254,0),MATCH('Calibration Calcs'!$A9,Hour,0)),INDEX('Source Data'!$F$255:$AC$266,MATCH('Calibration Calcs'!G$7,'Source Data'!$E$255:$E$266,0),MATCH('Calibration Calcs'!$A9,Hour,0)))/1000 -> 1496000 | H9: =SUM(INDEX('Source Data'!$F$243:$AC$254,MATCH('Calibration Calcs'!H$7,'Source Data'!$E$243:$E$254,0),MATCH('Calibration Calcs'!$A9,Hour,0)),INDEX('Source Data'!$F$255:$AC$266,MATCH('Calibration Calcs'!H$7,'Source Data'!$E$255:$E$266,0),MATCH('Calibration Calcs'!$A9,Hour,0)))/1000 -> 1704000 | I9: =SUM(INDEX('Source Data'!$F$243:$AC$254,MATCH('Calibration Calcs'!I$7,'Source Data'!$E$243:$E$254,0),MATCH('Calibration Calcs'!$A9,Hour,0)),INDEX('Source Data'!$F$255:$AC$266,MATCH('Calibration Calcs'!I$7,'Source Data'!$E$255:$E$266,0),MATCH('Calibration Calcs'!$A9,Hour,0)))/1000 -> 1792000 | ... M9: =SUM(INDEX('Source Data'!$F$243:$AC$254,MATCH('Calibration Calcs'!M$7,'Source Data'!$E$243:$E$254,0),MATCH('Calibration Calcs'!$A9,Hour,0)),INDEX('Source Data'!$F$255:$AC$266,MATCH('Calibration Calcs'!M$7,'Source Data'!$E$255:$E$266,0),MATCH('Calibration Calcs'!$A9,Hour,0)))/1000 -> 1420000
A10: h3 | B10: =SUM(INDEX('Source Data'!$F$243:$AC$254,MATCH('Calibration Calcs'!B$7,'Source Data'!$E$243:$E$254,0),MATCH('Calibration Calcs'!$A10,Hour,0)),INDEX('Source Data'!$F$255:$AC$266,MATCH('Calibration Calcs'!B$7,'Source Data'!$E$255:$E$266,0),MATCH('Calibration Calcs'!$A10,Hour,0)))/1000 -> 1469000 | C10: =SUM(INDEX('Source Data'!$F$243:$AC$254,MATCH('Calibration Calcs'!C$7,'Source Data'!$E$243:$E$254,0),MATCH('Calibration Calcs'!$A10,Hour,0)),INDEX('Source Data'!$F$255:$AC$266,MATCH('Calibration Calcs'!C$7,'Source Data'!$E$255:$E$266,0),MATCH('Calibration Calcs'!$A10,Hour,0)))/1000 -> 1455000 | D10: =SUM(INDEX('Source Data'!$F$243:$AC$254,MATCH('Calibration Calcs'!D$7,'Source Data'!$E$243:$E$254,0),MATCH('Calibration Calcs'!$A10,Hour,0)),INDEX('Source Data'!$F$255:$AC$266,MATCH('Calibration Calcs'!D$7,'Source Data'!$E$255:$E$266,0),MATCH('Calibration Calcs'!$A10,Hour,0)))/1000 -> 1443000 | E10: =SUM(INDEX('Source Data'!$F$243:$AC$254,MATCH('Calibration Calcs'!E$7,'Source Data'!$E$243:$E$254,0),MATCH('Calibration Calcs'!$A10,Hour,0)),INDEX('Source Data'!$F$255:$AC$266,MATCH('Calibration Calcs'!E$7,'Source Data'!$E$255:$E$266,0),MATCH('Calibration Calcs'!$A10,Hour,0)))/1000 -> 1379000 | F10: =SUM(INDEX('Source Data'!$F$243:$AC$254,MATCH('Calibration Calcs'!F$7,'Source Data'!$E$243:$E$254,0),MATCH('Calibration Calcs'!$A10,Hour,0)),INDEX('Source Data'!$F$255:$AC$266,MATCH('Calibration Calcs'!F$7,'Source Data'!$E$255:$E$266,0),MATCH('Calibration Calcs'!$A10,Hour,0)))/1000 -> 1376000 | G10: =SUM(INDEX('Source Data'!$F$243:$AC$254,MATCH('Calibration Calcs'!G$7,'Source Data'!$E$243:$E$254,0),MATCH('Calibration Calcs'!$A10,Hour,0)),INDEX('Source Data'!$F$255:$AC$266,MATCH('Calibration Calcs'!G$7,'Source Data'!$E$255:$E$266,0),MATCH('Calibration Calcs'!$A10,Hour,0)))/1000 -> 1474000 | H10: =SUM(INDEX('Source Data'!$F$243:$AC$254,MATCH('Calibration Calcs'!H$7,'Source Data'!$E$243:$E$254,0),MATCH('Calibration Calcs'!$A10,Hour,0)),INDEX('Source Data'!$F$255:$AC$266,MATCH('Calibration Calcs'!H$7,'Source Data'!$E$255:$E$266,0),MATCH('Calibration Calcs'!$A10,Hour,0)))/1000 -> 1674000 | I10: =SUM(INDEX('Source Data'!$F$243:$AC$254,MATCH('Calibration Calcs'!I$7,'Source Data'!$E$243:$E$254,0),MATCH('Calibration Calcs'!$A10,Hour,0)),INDEX('Source Data'!$F$255:$AC$266,MATCH('Calibration Calcs'!I$7,'Source Data'!$E$255:$E$266,0),MATCH('Calibration Calcs'!$A10,Hour,0)))/1000 -> 1762000 | ... M10: =SUM(INDEX('Source Data'!$F$243:$AC$254,MATCH('Calibration Calcs'!M$7,'Source Data'!$E$243:$E$254,0),MATCH('Calibration Calcs'!$A10,Hour,0)),INDEX('Source Data'!$F$255:$AC$266,MATCH('Calibration Calcs'!M$7,'Source Data'!$E$255:$E$266,0),MATCH('Calibration Calcs'!$A10,Hour,0)))/1000 -> 1396000
A11: h4 | B11: =SUM(INDEX('Source Data'!$F$243:$AC$254,MATCH('Calibration Calcs'!B$7,'Source Data'!$E$243:$E$254,0),MATCH('Calibration Calcs'!$A11,Hour,0)),INDEX('Source Data'!$F$255:$AC$266,MATCH('Calibration Calcs'!B$7,'Source Data'!$E$255:$E$266,0),MATCH('Calibration Calcs'!$A11,Hour,0)))/1000 -> 1470000 | C11: =SUM(INDEX('Source Data'!$F$243:$AC$254,MATCH('Calibration Calcs'!C$7,'Source Data'!$E$243:$E$254,0),MATCH('Calibration Calcs'!$A11,Hour,0)),INDEX('Source Data'!$F$255:$AC$266,MATCH('Calibration Calcs'!C$7,'Source Data'!$E$255:$E$266,0),MATCH('Calibration Calcs'!$A11,Hour,0)))/1000 -> 1454000 | D11: =SUM(INDEX('Source Data'!$F$243:$AC$254,MATCH('Calibration Calcs'!D$7,'Source Data'!$E$243:$E$254,0),MATCH('Calibration Calcs'!$A11,Hour,0)),INDEX('Source Data'!$F$255:$AC$266,MATCH('Calibration Calcs'!D$7,'Source Data'!$E$255:$E$266,0),MATCH('Calibration Calcs'!$A11,Hour,0)))/1000 -> 1442000 | E11: =SUM(INDEX('Source Data'!$F$243:$AC$254,MATCH('Calibration Calcs'!E$7,'Source Data'!$E$243:$E$254,0),MATCH('Calibration Calcs'!$A11,Hour,0)),INDEX('Source Data'!$F$255:$AC$266,MATCH('Calibration Calcs'!E$7,'Source Data'!$E$255:$E$266,0),MATCH('Calibration Calcs'!$A11,Hour,0)))/1000 -> 1378000 | F11: =SUM(INDEX('Source Data'!$F$243:$AC$254,MATCH('Calibration Calcs'!F$7,'Source Data'!$E$243:$E$254,0),MATCH('Calibration Calcs'!$A11,Hour,0)),INDEX('Source Data'!$F$255:$AC$266,MATCH('Calibration Calcs'!F$7,'Source Data'!$E$255:$E$266,0),MATCH('Calibration Calcs'!$A11,Hour,0)))/1000 -> 1374000 | G11: =SUM(INDEX('Source Data'!$F$243:$AC$254,MATCH('Calibration Calcs'!G$7,'Source Data'!$E$243:$E$254,0),MATCH('Calibration Calcs'!$A11,Hour,0)),INDEX('Source Data'!$F$255:$AC$266,MATCH('Calibration Calcs'!G$7,'Source Data'!$E$255:$E$266,0),MATCH('Calibration Calcs'!$A11,Hour,0)))/1000 -> 1473000 | H11: =SUM(INDEX('Source Data'!$F$243:$AC$254,MATCH('Calibration Calcs'!H$7,'Source Data'!$E$243:$E$254,0),MATCH('Calibration Calcs'!$A11,Hour,0)),INDEX('Source Data'!$F$255:$AC$266,MATCH('Calibration Calcs'!H$7,'Source Data'!$E$255:$E$266,0),MATCH('Calibration Calcs'!$A11,Hour,0)))/1000 -> 1683000 | I11: =SUM(INDEX('Source Data'!$F$243:$AC$254,MATCH('Calibration Calcs'!I$7,'Source Data'!$E$243:$E$254,0),MATCH('Calibration Calcs'!$A11,Hour,0)),INDEX('Source Data'!$F$255:$AC$266,MATCH('Calibration Calcs'!I$7,'Source Data'!$E$255:$E$266,0),MATCH('Calibration Calcs'!$A11,Hour,0)))/1000 -> 1762000 | ... M11: =SUM(INDEX('Source Data'!$F$243:$AC$254,MATCH('Calibration Calcs'!M$7,'Source Data'!$E$243:$E$254,0),MATCH('Calibration Calcs'!$A11,Hour,0)),INDEX('Source Data'!$F$255:$AC$266,MATCH('Calibration Calcs'!M$7,'Source Data'!$E$255:$E$266,0),MATCH('Calibration Calcs'!$A11,Hour,0)))/1000 -> 1396000
A12: h5 | B12: =SUM(INDEX('Source Data'!$F$243:$AC$254,MATCH('Calibration Calcs'!B$7,'Source Data'!$E$243:$E$254,0),MATCH('Calibration Calcs'!$A12,Hour,0)),INDEX('Source Data'!$F$255:$AC$266,MATCH('Calibration Calcs'!B$7,'Source Data'!$E$255:$E$266,0),MATCH('Calibration Calcs'!$A12,Hour,0)))/1000 -> 1493000 | C12: =SUM(INDEX('Source Data'!$F$243:$AC$254,MATCH('Calibration Calcs'!C$7,'Source Data'!$E$243:$E$254,0),MATCH('Calibration Calcs'!$A12,Hour,0)),INDEX('Source Data'!$F$255:$AC$266,MATCH('Calibration Calcs'!C$7,'Source Data'!$E$255:$E$266,0),MATCH('Calibration Calcs'!$A12,Hour,0)))/1000 -> 1478000 | D12: =SUM(INDEX('Source Data'!$F$243:$AC$254,MATCH('Calibration Calcs'!D$7,'Source Data'!$E$243:$E$254,0),MATCH('Calibration Calcs'!$A12,Hour,0)),INDEX('Source Data'!$F$255:$AC$266,MATCH('Calibration Calcs'!D$7,'Source Data'!$E$255:$E$266,0),MATCH('Calibration Calcs'!$A12,Hour,0)))/1000 -> 1464000 | E12: =SUM(INDEX('Source Data'!$F$243:$AC$254,MATCH('Calibration Calcs'!E$7,'Source Data'!$E$243:$E$254,0),MATCH('Calibration Calcs'!$A12,Hour,0)),INDEX('Source Data'!$F$255:$AC$266,MATCH('Calibration Calcs'!E$7,'Source Data'!$E$255:$E$266,0),MATCH('Calibration Calcs'!$A12,Hour,0)))/1000 -> 1396000 | F12: =SUM(INDEX('Source Data'!$F$243:$AC$254,MATCH('Calibration Calcs'!F$7,'Source Data'!$E$243:$E$254,0),MATCH('Calibration Calcs'!$A12,Hour,0)),INDEX('Source Data'!$F$255:$AC$266,MATCH('Calibration Calcs'!F$7,'Source Data'!$E$255:$E$266,0),MATCH('Calibration Calcs'!$A12,Hour,0)))/1000 -> 1394000 | G12: =SUM(INDEX('Source Data'!$F$243:$AC$254,MATCH('Calibration Calcs'!G$7,'Source Data'!$E$243:$E$254,0),MATCH('Calibration Calcs'!$A12,Hour,0)),INDEX('Source Data'!$F$255:$AC$266,MATCH('Calibration Calcs'!G$7,'Source Data'!$E$255:$E$266,0),MATCH('Calibration Calcs'!$A12,Hour,0)))/1000 -> 1496000 | H12: =SUM(INDEX('Source Data'!$F$243:$AC$254,MATCH('Calibration Calcs'!H$7,'Source Data'!$E$243:$E$254,0),MATCH('Calibration Calcs'!$A12,Hour,0)),INDEX('Source Data'!$F$255:$AC$266,MATCH('Calibration Calcs'!H$7,'Source Data'!$E$255:$E$266,0),MATCH('Calibration Calcs'!$A12,Hour,0)))/1000 -> 1713000 | I12: =SUM(INDEX('Source Data'!$F$243:$AC$254,MATCH('Calibration Calcs'!I$7,'Source Data'!$E$243:$E$254,0),MATCH('Calibration Calcs'!$A12,Hour,0)),INDEX('Source Data'!$F$255:$AC$266,MATCH('Calibration Calcs'!I$7,'Source Data'!$E$255:$E$266,0),MATCH('Calibration Calcs'!$A12,Hour,0)))/1000 -> 1803000 | ... M12: =SUM(INDEX('Source Data'!$F$243:$AC$254,MATCH('Calibration Calcs'!M$7,'Source Data'!$E$243:$E$254,0),MATCH('Calibration Calcs'!$A12,Hour,0)),INDEX('Source Data'!$F$255:$AC$266,MATCH('Calibration Calcs'!M$7,'Source Data'!$E$255:$E$266,0),MATCH('Calibration Calcs'!$A12,Hour,0)))/1000 -> 1419000
A13: h6 | B13: =SUM(INDEX('Source Data'!$F$243:$AC$254,MATCH('Calibration Calcs'!B$7,'Source Data'!$E$243:$E$254,0),MATCH('Calibration Calcs'!$A13,Hour,0)),INDEX('Source Data'!$F$255:$AC$266,MATCH('Calibration Calcs'!B$7,'Source Data'!$E$255:$E$266,0),MATCH('Calibration Calcs'!$A13,Hour,0)))/1000 -> 1569000 | C13: =SUM(INDEX('Source Data'!$F$243:$AC$254,MATCH('Calibration Calcs'!C$7,'Source Data'!$E$243:$E$254,0),MATCH('Calibration Calcs'!$A13,Hour,0)),INDEX('Source Data'!$F$255:$AC$266,MATCH('Calibration Calcs'!C$7,'Source Data'!$E$255:$E$266,0),MATCH('Calibration Calcs'!$A13,Hour,0)))/1000 -> 1554000 | D13: =SUM(INDEX('Source Data'!$F$243:$AC$254,MATCH('Calibration Calcs'!D$7,'Source Data'!$E$243:$E$254,0),MATCH('Calibration Calcs'!$A13,Hour,0)),INDEX('Source Data'!$F$255:$AC$266,MATCH('Calibration Calcs'!D$7,'Source Data'!$E$255:$E$266,0),MATCH('Calibration Calcs'!$A13,Hour,0)))/1000 -> 1550000 | E13: =SUM(INDEX('Source Data'!$F$243:$AC$254,MATCH('Calibration Calcs'!E$7,'Source Data'!$E$243:$E$254,0),MATCH('Calibration Calcs'!$A13,Hour,0)),INDEX('Source Data'!$F$255:$AC$266,MATCH('Calibration Calcs'!E$7,'Source Data'!$E$255:$E$266,0),MATCH('Calibration Calcs'!$A13,Hour,0)))/1000 -> 1477000 | F13: =SUM(INDEX('Source Data'!$F$243:$AC$254,MATCH('Calibration Calcs'!F$7,'Source Data'!$E$243:$E$254,0),MATCH('Calibration Calcs'!$A13,Hour,0)),INDEX('Source Data'!$F$255:$AC$266,MATCH('Calibration Calcs'!F$7,'Source Data'!$E$255:$E$266,0),MATCH('Calibration Calcs'!$A13,Hour,0)))/1000 -> 1462000 | G13: =SUM(INDEX('Source Data'!$F$243:$AC$254,MATCH('Calibration Calcs'!G$7,'Source Data'!$E$243:$E$254,0),MATCH('Calibration Calcs'!$A13,Hour,0)),INDEX('Source Data'!$F$255:$AC$266,MATCH('Calibration Calcs'!G$7,'Source Data'!$E$255:$E$266,0),MATCH('Calibration Calcs'!$A13,Hour,0)))/1000 -> 1564000 | H13: =SUM(INDEX('Source Data'!$F$243:$AC$254,MATCH('Calibration Calcs'!H$7,'Source Data'!$E$243:$E$254,0),MATCH('Calibration Calcs'!$A13,Hour,0)),INDEX('Source Data'!$F$255:$AC$266,MATCH('Calibration Calcs'!H$7,'Source Data'!$E$255:$E$266,0),MATCH('Calibration Calcs'!$A13,Hour,0)))/1000 -> 1803000 | I13: =SUM(INDEX('Source Data'!$F$243:$AC$254,MATCH('Calibration Calcs'!I$7,'Source Data'!$E$243:$E$254,0),MATCH('Calibration Calcs'!$A13,Hour,0)),INDEX('Source Data'!$F$255:$AC$266,MATCH('Calibration Calcs'!I$7,'Source Data'!$E$255:$E$266,0),MATCH('Calibration Calcs'!$A13,Hour,0)))/1000 -> 1908000 | ... M13: =SUM(INDEX('Source Data'!$F$243:$AC$254,MATCH('Calibration Calcs'!M$7,'Source Data'!$E$243:$E$254,0),MATCH('Calibration Calcs'!$A13,Hour,0)),INDEX('Source Data'!$F$255:$AC$266,MATCH('Calibration Calcs'!M$7,'Source Data'!$E$255:$E$266,0),MATCH('Calibration Calcs'!$A13,Hour,0)))/1000 -> 1493000
A14: h7 | B14: =SUM(INDEX('Source Data'!$F$243:$AC$254,MATCH('Calibration Calcs'!B$7,'Source Data'!$E$243:$E$254,0),MATCH('Calibration Calcs'!$A14,Hour,0)),INDEX('Source Data'!$F$255:$AC$266,MATCH('Calibration Calcs'!B$7,'Source Data'!$E$255:$E$266,0),MATCH('Calibration Calcs'!$A14,Hour,0)))/1000 -> 1779000 | C14: =SUM(INDEX('Source Data'!$F$243:$AC$254,MATCH('Calibration Calcs'!C$7,'Source Data'!$E$243:$E$254,0),MATCH('Calibration Calcs'!$A14,Hour,0)),INDEX('Source Data'!$F$255:$AC$266,MATCH('Calibration Calcs'!C$7,'Source Data'!$E$255:$E$266,0),MATCH('Calibration Calcs'!$A14,Hour,0)))/1000 -> 1754000 | D14: =SUM(INDEX('Source Data'!$F$243:$AC$254,MATCH('Calibration Calcs'!D$7,'Source Data'!$E$243:$E$254,0),MATCH('Calibration Calcs'!$A14,Hour,0)),INDEX('Source Data'!$F$255:$AC$266,MATCH('Calibration Calcs'!D$7,'Source Data'!$E$255:$E$266,0),MATCH('Calibration Calcs'!$A14,Hour,0)))/1000 -> 1764000 | E14: =SUM(INDEX('Source Data'!$F$243:$AC$254,MATCH('Calibration Calcs'!E$7,'Source Data'!$E$243:$E$254,0),MATCH('Calibration Calcs'!$A14,Hour,0)),INDEX('Source Data'!$F$255:$AC$266,MATCH('Calibration Calcs'!E$7,'Source Data'!$E$255:$E$266,0),MATCH('Calibration Calcs'!$A14,Hour,0)))/1000 -> 1663000 | F14: =SUM(INDEX('Source Data'!$F$243:$AC$254,MATCH('Calibration Calcs'!F$7,'Source Data'!$E$243:$E$254,0),MATCH('Calibration Calcs'!$A14,Hour,0)),INDEX('Source Data'!$F$255:$AC$266,MATCH('Calibration Calcs'!F$7,'Source Data'!$E$255:$E$266,0),MATCH('Calibration Calcs'!$A14,Hour,0)))/1000 -> 1617000 | G14: =SUM(INDEX('Source Data'!$F$243:$AC$254,MATCH('Calibration Calcs'!G$7,'Source Data'!$E$243:$E$254,0),MATCH('Calibration Calcs'!$A14,Hour,0)),INDEX('Source Data'!$F$255:$AC$266,MATCH('Calibration Calcs'!G$7,'Source Data'!$E$255:$E$266,0),MATCH('Calibration Calcs'!$A14,Hour,0)))/1000 -> 1742000 | H14: =SUM(INDEX('Source Data'!$F$243:$AC$254,MATCH('Calibration Calcs'!H$7,'Source Data'!$E$243:$E$254,0),MATCH('Calibration Calcs'!$A14,Hour,0)),INDEX('Source Data'!$F$255:$AC$266,MATCH('Calibration Calcs'!H$7,'Source Data'!$E$255:$E$266,0),MATCH('Calibration Calcs'!$A14,Hour,0)))/1000 -> 1986000 | I14: =SUM(INDEX('Source Data'!$F$243:$AC$254,MATCH('Calibration Calcs'!I$7,'Source Data'!$E$243:$E$254,0),MATCH('Calibration Calcs'!$A14,Hour,0)),INDEX('Source Data'!$F$255:$AC$266,MATCH('Calibration Calcs'!I$7,'Source Data'!$E$255:$E$266,0),MATCH('Calibration Calcs'!$A14,Hour,0)))/1000 -> 2104000 | ... M14: =SUM(INDEX('Source Data'!$F$243:$AC$254,MATCH('Calibration Calcs'!M$7,'Source Data'!$E$243:$E$254,0),MATCH('Calibration Calcs'!$A14,Hour,0)),INDEX('Source Data'!$F$255:$AC$266,MATCH('Calibration Calcs'!M$7,'Source Data'!$E$255:$E$266,0),MATCH('Calibration Calcs'!$A14,Hour,0)))/1000 -> 1683000
A15: h8 | B15: =SUM(INDEX('Source Data'!$F$243:$AC$254,MATCH('Calibration Calcs'!B$7,'Source Data'!$E$243:$E$254,0),MATCH('Calibration Calcs'!$A15,Hour,0)),INDEX('Source Data'!$F$255:$AC$266,MATCH('Calibration Calcs'!B$7,'Source Data'!$E$255:$E$266,0),MATCH('Calibration Calcs'!$A15,Hour,0)))/1000 -> 2048000 | C15: =SUM(INDEX('Source Data'!$F$243:$AC$254,MATCH('Calibration Calcs'!C$7,'Source Data'!$E$243:$E$254,0),MATCH('Calibration Calcs'!$A15,Hour,0)),INDEX('Source Data'!$F$255:$AC$266,MATCH('Calibration Calcs'!C$7,'Source Data'!$E$255:$E$266,0),MATCH('Calibration Calcs'!$A15,Hour,0)))/1000 -> 1982000 | D15: =SUM(INDEX('Source Data'!$F$243:$AC$254,MATCH('Calibration Calcs'!D$7,'Source Data'!$E$243:$E$254,0),MATCH('Calibration Calcs'!$A15,Hour,0)),INDEX('Source Data'!$F$255:$AC$266,MATCH('Calibration Calcs'!D$7,'Source Data'!$E$255:$E$266,0),MATCH('Calibration Calcs'!$A15,Hour,0)))/1000 -> 1954000 | E15: =SUM(INDEX('Source Data'!$F$243:$AC$254,MATCH('Calibration Calcs'!E$7,'Source Data'!$E$243:$E$254,0),MATCH('Calibration Calcs'!$A15,Hour,0)),INDEX('Source Data'!$F$255:$AC$266,MATCH('Calibration Calcs'!E$7,'Source Data'!$E$255:$E$266,0),MATCH('Calibration Calcs'!$A15,Hour,0)))/1000 -> 1831000 | F15: =SUM(INDEX('Source Data'!$F$243:$AC$254,MATCH('Calibration Calcs'!F$7,'Source Data'!$E$243:$E$254,0),MATCH('Calibration Calcs'!$A15,Hour,0)),INDEX('Source Data'!$F$255:$AC$266,MATCH('Calibration Calcs'!F$7,'Source Data'!$E$255:$E$266,0),MATCH('Calibration Calcs'!$A15,Hour,0)))/1000 -> 1795000 | G15: =SUM(INDEX('Source Data'!$F$243:$AC$254,MATCH('Calibration Calcs'!G$7,'Source Data'!$E$243:$E$254,0),MATCH('Calibration Calcs'!$A15,Hour,0)),INDEX('Source Data'!$F$255:$AC$266,MATCH('Calibration Calcs'!G$7,'Source Data'!$E$255:$E$266,0),MATCH('Calibration Calcs'!$A15,Hour,0)))/1000 -> 1961000 | H15: =SUM(INDEX('Source Data'!$F$243:$AC$254,MATCH('Calibration Calcs'!H$7,'Source Data'!$E$243:$E$254,0),MATCH('Calibration Calcs'!$A15,Hour,0)),INDEX('Source Data'!$F$255:$AC$266,MATCH('Calibration Calcs'!H$7,'Source Data'!$E$255:$E$266,0),MATCH('Calibration Calcs'!$A15,Hour,0)))/1000 -> 2220000 | I15: =SUM(INDEX('Source Data'!$F$243:$AC$254,MATCH('Calibration Calcs'!I$7,'Source Data'!$E$243:$E$254,0),MATCH('Calibration Calcs'!$A15,Hour,0)),INDEX('Source Data'!$F$255:$AC$266,MATCH('Calibration Calcs'!I$7,'Source Data'!$E$255:$E$266,0),MATCH('Calibration Calcs'!$A15,Hour,0)))/1000 -> 2352000 | ... M15: =SUM(INDEX('Source Data'!$F$243:$AC$254,MATCH('Calibration Calcs'!M$7,'Source Data'!$E$243:$E$254,0),MATCH('Calibration Calcs'!$A15,Hour,0)),INDEX('Source Data'!$F$255:$AC$266,MATCH('Calibration Calcs'!M$7,'Source Data'!$E$255:$E$266,0),MATCH('Calibration Calcs'!$A15,Hour,0)))/1000 -> 1963000
A16: h9 | B16: =SUM(INDEX('Source Data'!$F$243:$AC$254,MATCH('Calibration Calcs'!B$7,'Source Data'!$E$243:$E$254,0),MATCH('Calibration Calcs'!$A16,Hour,0)),INDEX('Source Data'!$F$255:$AC$266,MATCH('Calibration Calcs'!B$7,'Source Data'!$E$255:$E$266,0),MATCH('Calibration Calcs'!$A16,Hour,0)))/1000 -> 2153000 | C16: =SUM(INDEX('Source Data'!$F$243:$AC$254,MATCH('Calibration Calcs'!C$7,'Source Data'!$E$243:$E$254,0),MATCH('Calibration Calcs'!$A16,Hour,0)),INDEX('Source Data'!$F$255:$AC$266,MATCH('Calibration Calcs'!C$7,'Source Data'!$E$255:$E$266,0),MATCH('Calibration Calcs'!$A16,Hour,0)))/1000 -> 2114000 | D16: =SUM(INDEX('Source Data'!$F$243:$AC$254,MATCH('Calibration Calcs'!D$7,'Source Data'!$E$243:$E$254,0),MATCH('Calibration Calcs'!$A16,Hour,0)),INDEX('Source Data'!$F$255:$AC$266,MATCH('Calibration Calcs'!D$7,'Source Data'!$E$255:$E$266,0),MATCH('Calibration Calcs'!$A16,Hour,0)))/1000 -> 2061000 | E16: =SUM(INDEX('Source Data'!$F$243:$AC$254,MATCH('Calibration Calcs'!E$7,'Source Data'!$E$243:$E$254,0),MATCH('Calibration Calcs'!$A16,Hour,0)),INDEX('Source Data'!$F$255:$AC$266,MATCH('Calibration Calcs'!E$7,'Source Data'!$E$255:$E$266,0),MATCH('Calibration Calcs'!$A16,Hour,0)))/1000 -> 1936000 | F16: =SUM(INDEX('Source Data'!$F$243:$AC$254,MATCH('Calibration Calcs'!F$7,'Source Data'!$E$243:$E$254,0),MATCH('Calibration Calcs'!$A16,Hour,0)),INDEX('Source Data'!$F$255:$AC$266,MATCH('Calibration Calcs'!F$7,'Source Data'!$E$255:$E$266,0),MATCH('Calibration Calcs'!$A16,Hour,0)))/1000 -> 1922000 | G16: =SUM(INDEX('Source Data'!$F$243:$AC$254,MATCH('Calibration Calcs'!G$7,'Source Data'!$E$243:$E$254,0),MATCH('Calibration Calcs'!$A16,Hour,0)),INDEX('Source Data'!$F$255:$AC$266,MATCH('Calibration Calcs'!G$7,'Source Data'!$E$255:$E$266,0),MATCH('Calibration Calcs'!$A16,Hour,0)))/1000 -> 2130000 | H16: =SUM(INDEX('Source Data'!$F$243:$AC$254,MATCH('Calibration Calcs'!H$7,'Source Data'!$E$243:$E$254,0),MATCH('Calibration Calcs'!$A16,Hour,0)),INDEX('Source Data'!$F$255:$AC$266,MATCH('Calibration Calcs'!H$7,'Source Data'!$E$255:$E$266,0),MATCH('Calibration Calcs'!$A16,Hour,0)))/1000 -> 2423000 | I16: =SUM(INDEX('Source Data'!$F$243:$AC$254,MATCH('Calibration Calcs'!I$7,'Source Data'!$E$243:$E$254,0),MATCH('Calibration Calcs'!$A16,Hour,0)),INDEX('Source Data'!$F$255:$AC$266,MATCH('Calibration Calcs'!I$7,'Source Data'!$E$255:$E$266,0),MATCH('Calibration Calcs'!$A16,Hour,0)))/1000 -> 2570000 | ... M16: =SUM(INDEX('Source Data'!$F$243:$AC$254,MATCH('Calibration Calcs'!M$7,'Source Data'!$E$243:$E$254,0),MATCH('Calibration Calcs'!$A16,Hour,0)),INDEX('Source Data'!$F$255:$AC$266,MATCH('Calibration Calcs'!M$7,'Source Data'!$E$255:$E$266,0),MATCH('Calibration Calcs'!$A16,Hour,0)))/1000 -> 2064000
A17: h10 | B17: =SUM(INDEX('Source Data'!$F$243:$AC$254,MATCH('Calibration Calcs'!B$7,'Source Data'!$E$243:$E$254,0),MATCH('Calibration Calcs'!$A17,Hour,0)),INDEX('Source Data'!$F$255:$AC$266,MATCH('Calibration Calcs'!B$7,'Source Data'!$E$255:$E$266,0),MATCH('Calibration Calcs'!$A17,Hour,0)))/1000 -> 2152000 | C17: =SUM(INDEX('Source Data'!$F$243:$AC$254,MATCH('Calibration Calcs'!C$7,'Source Data'!$E$243:$E$254,0),MATCH('Calibration Calcs'!$A17,Hour,0)),INDEX('Source Data'!$F$255:$AC$266,MATCH('Calibration Calcs'!C$7,'Source Data'!$E$255:$E$266,0),MATCH('Calibration Calcs'!$A17,Hour,0)))/1000 -> 2123000 | D17: =SUM(INDEX('Source Data'!$F$243:$AC$254,MATCH('Calibration Calcs'!D$7,'Source Data'!$E$243:$E$254,0),MATCH('Calibration Calcs'!$A17,Hour,0)),INDEX('Source Data'!$F$255:$AC$266,MATCH('Calibration Calcs'!D$7,'Source Data'!$E$255:$E$266,0),MATCH('Calibration Calcs'!$A17,Hour,0)))/1000 -> 2082000 | E17: =SUM(INDEX('Source Data'!$F$243:$AC$254,MATCH('Calibration Calcs'!E$7,'Source Data'!$E$243:$E$254,0),MATCH('Calibration Calcs'!$A17,Hour,0)),INDEX('Source Data'!$F$255:$AC$266,MATCH('Calibration Calcs'!E$7,'Source Data'!$E$255:$E$266,0),MATCH('Calibration Calcs'!$A17,Hour,0)))/1000 -> 1980000 | F17: =SUM(INDEX('Source Data'!$F$243:$AC$254,MATCH('Calibration Calcs'!F$7,'Source Data'!$E$243:$E$254,0),MATCH('Calibration Calcs'!$A17,Hour,0)),INDEX('Source Data'!$F$255:$AC$266,MATCH('Calibration Calcs'!F$7,'Source Data'!$E$255:$E$266,0),MATCH('Calibration Calcs'!$A17,Hour,0)))/1000 -> 1968000 | G17: =SUM(INDEX('Source Data'!$F$243:$AC$254,MATCH('Calibration Calcs'!G$7,'Source Data'!$E$243:$E$254,0),MATCH('Calibration Calcs'!$A17,Hour,0)),INDEX('Source Data'!$F$255:$AC$266,MATCH('Calibration Calcs'!G$7,'Source Data'!$E$255:$E$266,0),MATCH('Calibration Calcs'!$A17,Hour,0)))/1000 -> 2215000 | H17: =SUM(INDEX('Source Data'!$F$243:$AC$254,MATCH('Calibration Calcs'!H$7,'Source Data'!$E$243:$E$254,0),MATCH('Calibration Calcs'!$A17,Hour,0)),INDEX('Source Data'!$F$255:$AC$266,MATCH('Calibration Calcs'!H$7,'Source Data'!$E$255:$E$266,0),MATCH('Calibration Calcs'!$A17,Hour,0)))/1000 -> 2533000 | I17: =SUM(INDEX('Source Data'!$F$243:$AC$254,MATCH('Calibration Calcs'!I$7,'Source Data'!$E$243:$E$254,0),MATCH('Calibration Calcs'!$A17,Hour,0)),INDEX('Source Data'!$F$255:$AC$266,MATCH('Calibration Calcs'!I$7,'Source Data'!$E$255:$E$266,0),MATCH('Calibration Calcs'!$A17,Hour,0)))/1000 -> 2683000 | ... M17: =SUM(INDEX('Source Data'!$F$243:$AC$254,MATCH('Calibration Calcs'!M$7,'Source Data'!$E$243:$E$254,0),MATCH('Calibration Calcs'!$A17,Hour,0)),INDEX('Source Data'!$F$255:$AC$266,MATCH('Calibration Calcs'!M$7,'Source Data'!$E$255:$E$266,0),MATCH('Calibration Calcs'!$A17,Hour,0)))/1000 -> 2064000
A18: h11 | B18: =SUM(INDEX('Source Data'!$F$243:$AC$254,MATCH('Calibration Calcs'!B$7,'Source Data'!$E$243:$E$254,0),MATCH('Calibration Calcs'!$A18,Hour,0)),INDEX('Source Data'!$F$255:$AC$266,MATCH('Calibration Calcs'!B$7,'Source Data'!$E$255:$E$266,0),MATCH('Calibration Calcs'!$A18,Hour,0)))/1000 -> 2142000 | C18: =SUM(INDEX('Source Data'!$F$243:$AC$254,MATCH('Calibration Calcs'!C$7,'Source Data'!$E$243:$E$254,0),MATCH('Calibration Calcs'!$A18,Hour,0)),INDEX('Source Data'!$F$255:$AC$266,MATCH('Calibration Calcs'!C$7,'Source Data'!$E$255:$E$266,0),MATCH('Calibration Calcs'!$A18,Hour,0)))/1000 -> 2103000 | D18: =SUM(INDEX('Source Data'!$F$243:$AC$254,MATCH('Calibration Calcs'!D$7,'Source Data'!$E$243:$E$254,0),MATCH('Calibration Calcs'!$A18,Hour,0)),INDEX('Source Data'!$F$255:$AC$266,MATCH('Calibration Calcs'!D$7,'Source Data'!$E$255:$E$266,0),MATCH('Calibration Calcs'!$A18,Hour,0)))/1000 -> 2073000 | E18: =SUM(INDEX('Source Data'!$F$243:$AC$254,MATCH('Calibration Calcs'!E$7,'Source Data'!$E$243:$E$254,0),MATCH('Calibration Calcs'!$A18,Hour,0)),INDEX('Source Data'!$F$255:$AC$266,MATCH('Calibration Calcs'!E$7,'Source Data'!$E$255:$E$266,0),MATCH('Calibration Calcs'!$A18,Hour,0)))/1000 -> 1984000 | F18: =SUM(INDEX('Source Data'!$F$243:$AC$254,MATCH('Calibration Calcs'!F$7,'Source Data'!$E$243:$E$254,0),MATCH('Calibration Calcs'!$A18,Hour,0)),INDEX('Source Data'!$F$255:$AC$266,MATCH('Calibration Calcs'!F$7,'Source Data'!$E$255:$E$266,0),MATCH('Calibration Calcs'!$A18,Hour,0)))/1000 -> 1984000 | G18: =SUM(INDEX('Source Data'!$F$243:$AC$254,MATCH('Calibration Calcs'!G$7,'Source Data'!$E$243:$E$254,0),MATCH('Calibration Calcs'!$A18,Hour,0)),INDEX('Source Data'!$F$255:$AC$266,MATCH('Calibration Calcs'!G$7,'Source Data'!$E$255:$E$266,0),MATCH('Calibration Calcs'!$A18,Hour,0)))/1000 -> 2249000 | H18: =SUM(INDEX('Source Data'!$F$243:$AC$254,MATCH('Calibration Calcs'!H$7,'Source Data'!$E$243:$E$254,0),MATCH('Calibration Calcs'!$A18,Hour,0)),INDEX('Source Data'!$F$255:$AC$266,MATCH('Calibration Calcs'!H$7,'Source Data'!$E$255:$E$266,0),MATCH('Calibration Calcs'!$A18,Hour,0)))/1000 -> 2580000 | I18: =SUM(INDEX('Source Data'!$F$243:$AC$254,MATCH('Calibration Calcs'!I$7,'Source Data'!$E$243:$E$254,0),MATCH('Calibration Calcs'!$A18,Hour,0)),INDEX('Source Data'!$F$255:$AC$266,MATCH('Calibration Calcs'!I$7,'Source Data'!$E$255:$E$266,0),MATCH('Calibration Calcs'!$A18,Hour,0)))/1000 -> 2754000 | ... M18: =SUM(INDEX('Source Data'!$F$243:$AC$254,MATCH('Calibration Calcs'!M$7,'Source Data'!$E$243:$E$254,0),MATCH('Calibration Calcs'!$A18,Hour,0)),INDEX('Source Data'!$F$255:$AC$266,MATCH('Calibration Calcs'!M$7,'Source Data'!$E$255:$E$266,0),MATCH('Calibration Calcs'!$A18,Hour,0)))/1000 -> 2054000
A19: h12 | B19: =SUM(INDEX('Source Data'!$F$243:$AC$254,MATCH('Calibration Calcs'!B$7,'Source Data'!$E$243:$E$254,0),MATCH('Calibration Calcs'!$A19,Hour,0)),INDEX('Source Data'!$F$255:$AC$266,MATCH('Calibration Calcs'!B$7,'Source Data'!$E$255:$E$266,0),MATCH('Calibration Calcs'!$A19,Hour,0)))/1000 -> 2127000 | C19: =SUM(INDEX('Source Data'!$F$243:$AC$254,MATCH('Calibration Calcs'!C$7,'Source Data'!$E$243:$E$254,0),MATCH('Calibration Calcs'!$A19,Hour,0)),INDEX('Source Data'!$F$255:$AC$266,MATCH('Calibration Calcs'!C$7,'Source Data'!$E$255:$E$266,0),MATCH('Calibration Calcs'!$A19,Hour,0)))/1000 -> 2099000 | D19: =SUM(INDEX('Source Data'!$F$243:$AC$254,MATCH('Calibration Calcs'!D$7,'Source Data'!$E$243:$E$254,0),MATCH('Calibration Calcs'!$A19,Hour,0)),INDEX('Source Data'!$F$255:$AC$266,MATCH('Calibration Calcs'!D$7,'Source Data'!$E$255:$E$266,0),MATCH('Calibration Calcs'!$A19,Hour,0)))/1000 -> 2070000 | E19: =SUM(INDEX('Source Data'!$F$243:$AC$254,MATCH('Calibration Calcs'!E$7,'Source Data'!$E$243:$E$254,0),MATCH('Calibration Calcs'!$A19,Hour,0)),INDEX('Source Data'!$F$255:$AC$266,MATCH('Calibration Calcs'!E$7,'Source Data'!$E$255:$E$266,0),MATCH('Calibration Calcs'!$A19,Hour,0)))/1000 -> 1982000 | F19: =SUM(INDEX('Source Data'!$F$243:$AC$254,MATCH('Calibration Calcs'!F$7,'Source Data'!$E$243:$E$254,0),MATCH('Calibration Calcs'!$A19,Hour,0)),INDEX('Source Data'!$F$255:$AC$266,MATCH('Calibration Calcs'!F$7,'Source Data'!$E$255:$E$266,0),MATCH('Calibration Calcs'!$A19,Hour,0)))/1000 -> 1996000 | G19: =SUM(INDEX('Source Data'!$F$243:$AC$254,MATCH('Calibration Calcs'!G$7,'Source Data'!$E$243:$E$254,0),MATCH('Calibration Calcs'!$A19,Hour,0)),INDEX('Source Data'!$F$255:$AC$266,MATCH('Calibration Calcs'!G$7,'Source Data'!$E$255:$E$266,0),MATCH('Calibration Calcs'!$A19,Hour,0)))/1000 -> 2289000 | H19: =SUM(INDEX('Source Data'!$F$243:$AC$254,MATCH('Calibration Calcs'!H$7,'Source Data'!$E$243:$E$254,0),MATCH('Calibration Calcs'!$A19,Hour,0)),INDEX('Source Data'!$F$255:$AC$266,MATCH('Calibration Calcs'!H$7,'Source Data'!$E$255:$E$266,0),MATCH('Calibration Calcs'!$A19,Hour,0)))/1000 -> 2634000 | I19: =SUM(INDEX('Source Data'!$F$243:$AC$254,MATCH('Calibration Calcs'!I$7,'Source Data'!$E$243:$E$254,0),MATCH('Calibration Calcs'!$A19,Hour,0)),INDEX('Source Data'!$F$255:$AC$266,MATCH('Calibration Calcs'!I$7,'Source Data'!$E$255:$E$266,0),MATCH('Calibration Calcs'!$A19,Hour,0)))/1000 -> 2812000 | ... M19: =SUM(INDEX('Source Data'!$F$243:$AC$254,MATCH('Calibration Calcs'!M$7,'Source Data'!$E$243:$E$254,0),MATCH('Calibration Calcs'!$A19,Hour,0)),INDEX('Source Data'!$F$255:$AC$266,MATCH('Calibration Calcs'!M$7,'Source Data'!$E$255:$E$266,0),MATCH('Calibration Calcs'!$A19,Hour,0)))/1000 -> 2049000
... A31: h24 | B31: =SUM(INDEX('Source Data'!$F$243:$AC$254,MATCH('Calibration Calcs'!B$7,'Source Data'!$E$243:$E$254,0),MATCH('Calibration Calcs'!$A31,Hour,0)),INDEX('Source Data'!$F$255:$AC$266,MATCH('Calibration Calcs'!B$7,'Source Data'!$E$255:$E$266,0),MATCH('Calibration Calcs'!$A31,Hour,0)))/1000 -> 1610000 | C31: =SUM(INDEX('Source Data'!$F$243:$AC$254,MATCH('Calibration Calcs'!C$7,'Source Data'!$E$243:$E$254,0),MATCH('Calibration Calcs'!$A31,Hour,0)),INDEX('Source Data'!$F$255:$AC$266,MATCH('Calibration Calcs'!C$7,'Source Data'!$E$255:$E$266,0),MATCH('Calibration Calcs'!$A31,Hour,0)))/1000 -> 1594000 | D31: =SUM(INDEX('Source Data'!$F$243:$AC$254,MATCH('Calibration Calcs'!D$7,'Source Data'!$E$243:$E$254,0),MATCH('Calibration Calcs'!$A31,Hour,0)),INDEX('Source Data'!$F$255:$AC$266,MATCH('Calibration Calcs'!D$7,'Source Data'!$E$255:$E$266,0),MATCH('Calibration Calcs'!$A31,Hour,0)))/1000 -> 1579000 | E31: =SUM(INDEX('Source Data'!$F$243:$AC$254,MATCH('Calibration Calcs'!E$7,'Source Data'!$E$243:$E$254,0),MATCH('Calibration Calcs'!$A31,Hour,0)),INDEX('Source Data'!$F$255:$AC$266,MATCH('Calibration Calcs'!E$7,'Source Data'!$E$255:$E$266,0),MATCH('Calibration Calcs'!$A31,Hour,0)))/1000 -> 1505000 | F31: =SUM(INDEX('Source Data'!$F$243:$AC$254,MATCH('Calibration Calcs'!F$7,'Source Data'!$E$243:$E$254,0),MATCH('Calibration Calcs'!$A31,Hour,0)),INDEX('Source Data'!$F$255:$AC$266,MATCH('Calibration Calcs'!F$7,'Source Data'!$E$255:$E$266,0),MATCH('Calibration Calcs'!$A31,Hour,0)))/1000 -> 1506000 | G31: =SUM(INDEX('Source Data'!$F$243:$AC$254,MATCH('Calibration Calcs'!G$7,'Source Data'!$E$243:$E$254,0),MATCH('Calibration Calcs'!$A31,Hour,0)),INDEX('Source Data'!$F$255:$AC$266,MATCH('Calibration Calcs'!G$7,'Source Data'!$E$255:$E$266,0),MATCH('Calibration Calcs'!$A31,Hour,0)))/1000 -> 1636000 | H31: =SUM(INDEX('Source Data'!$F$243:$AC$254,MATCH('Calibration Calcs'!H$7,'Source Data'!$E$243:$E$254,0),MATCH('Calibration Calcs'!$A31,Hour,0)),INDEX('Source Data'!$F$255:$AC$266,MATCH('Calibration Calcs'!H$7,'Source Data'!$E$255:$E$266,0),MATCH('Calibration Calcs'!$A31,Hour,0)))/1000 -> 1886000 | I31: =SUM(INDEX('Source Data'!$F$243:$AC$254,MATCH('Calibration Calcs'!I$7,'Source Data'!$E$243:$E$254,0),MATCH('Calibration Calcs'!$A31,Hour,0)),INDEX('Source Data'!$F$255:$AC$266,MATCH('Calibration Calcs'!I$7,'Source Data'!$E$255:$E$266,0),MATCH('Calibration Calcs'!$A31,Hour,0)))/1000 -> 1990000 | ... M31: =SUM(INDEX('Source Data'!$F$243:$AC$254,MATCH('Calibration Calcs'!M$7,'Source Data'!$E$243:$E$254,0),MATCH('Calibration Calcs'!$A31,Hour,0)),INDEX('Source Data'!$F$255:$AC$266,MATCH('Calibration Calcs'!M$7,'Source Data'!$E$255:$E$266,0),MATCH('Calibration Calcs'!$A31,Hour,0)))/1000 -> 1535000
A33: Share of Annual Total by Month | B33: =SUM(B8:B31)/SUM($B$8:$M$31) -> 0.082124046 | C33: =SUM(C8:C31)/SUM($B$8:$M$31) -> 0.080882936 | D33: =SUM(D8:D31)/SUM($B$8:$M$31) -> 0.079766116 | E33: =SUM(E8:E31)/SUM($B$8:$M$31) -> 0.076042785 | F33: =SUM(F8:F31)/SUM($B$8:$M$31) -> 0.076031977 | G33: =SUM(G8:G31)/SUM($B$8:$M$31) -> 0.085078213 | H33: =SUM(H8:H31)/SUM($B$8:$M$31) -> 0.097869397 | I33: =SUM(I8:I31)/SUM($B$8:$M$31) -> 0.10408936 | ... M33: =SUM(M8:M31)/SUM($B$8:$M$31) -> 0.078633085
A34: Adjusted Data | B34: =B33*B4 -> 0.091215685 | C34: =C33*C4 -> 0.079212039 | D34: =D33*D4 -> 0.083034502 | E34: =E33*E4 -> 0.07382518 | F34: =F33*F4 -> 0.076241062 | G34: =G33*G4 -> 0.079385526 | H34: =H33*H4 -> 0.091296565 | I34: =I33*I4 -> 0.098451947 | ... M34: =M33*M4 -> 0.08781839

Sheet Summarized Source Data
A1: Demand Per Specified Hour, Time of Week, and End Use (kW/month)
F2: Residential | G2: Residential | H2: Residential | I2: Residential | J2: Residential | K2: Residential | L2: Commercial | M2: Commercial | N2: Commercial | O2: Commercial | P2: Commercial | Q2: Commercial | R2: Transportation | S2: Transportation | T2: Transportation | U2: Transportation | V2: Transportation | W2: Transportation | X2: Industry | Y2: Industry | Z2: Industry
A3: Month | B3: Season | C3: Hour | E3: Time of Week | F3: Heating | G3: Cooling | H3: Envelope | I3: Lighting | J3: Appliances | K3: Other | L3: Heating | M3: Cooling | N3: Envelope | O3: Lighting | P3: Appliances | Q3: Other | R3: LDVs | S3: HDVs | T3: Aircraft | U3: Rail | V3: Ships | W3: Motorbikes | X3: Industry | Y3: District Heat and Hydrogen | Z3: Geoengineering
A4: =ROUNDUP(ROW(A1)/24,0) -> 1 | B4: =INDEX('Category Mapping'!$G$34:$G$45,MATCH(A4,'Category Mapping'!$A$34:$A$45,0),1) -> Winter | C4: h1 | D4: Hour0 | E4: Weekday | F4: =SUMIFS(INDEX(Load,,MATCH('Summarized Source Data'!$C4,Hour,0)),Month,'Summarized Source Data'!$A4,Sector,'Summarized Source Data'!F$2,Subsector,'Summarized Source Data'!F$3,TimeOfWeek,$E4)*INDEX('Calibration Multipliers'!B$4:B$7,MATCH($B4,'Calibration Multipliers'!$A$4:$A$7,0),1) -> 22991618 | G4: =SUMIFS(INDEX(Load,,MATCH('Summarized Source Data'!$C4,Hour,0)),Month,'Summarized Source Data'!$A4,Sector,'Summarized Source Data'!G$2,Subsector,'Summarized Source Data'!G$3,TimeOfWeek,$E4)*INDEX('Calibration Multipliers'!C$4:C$7,MATCH($B4,'Calibration Multipliers'!$A$4:$A$7,0),1) -> 14857.916 | H4: =SUMIFS(INDEX(Load,,MATCH('Summarized Source Data'!$C4,Hour,0)),Month,'Summarized Source Data'!$A4,Sector,'Summarized Source Data'!H$2,Subsector,'Summarized Source Data'!H$3,TimeOfWeek,$E4)*INDEX('Calibration Multipliers'!D$4:D$7,MATCH($B4,'Calibration Multipliers'!$A$4:$A$7,0),1) -> 0 | I4: =SUMIFS(INDEX(Load,,MATCH('Summarized Source Data'!$C4,Hour,0)),Month,'Summarized Source Data'!$A4,Sector,'Summarized Source Data'!I$2,Subsector,'Summarized Source Data'!I$3,TimeOfWeek,$E4)*INDEX('Calibration Multipliers'!E$4:E$7,MATCH($B4,'Calibration Multipliers'!$A$4:$A$7,0),1) -> 12995262 | J4: =K4 -> 82843823 | K4: =(SUMIFS(INDEX(Load,,MATCH('Summarized Source Data'!$C4,Hour,0)),Month,'Summarized Source Data'!$A4,Sector,'Summarized Source Data'!K$2,Subsector,"Total",TimeOfWeek,$E4)-SUM(F4:I4))*INDEX('Calibration Multipliers'!G$4:G$7,MATCH($B4,'Calibration Multipliers'!$A$4:$A$7,0),1) -> 82843823 | L4: =SUMIFS(INDEX(Load,,MATCH('Summarized Source Data'!$C4,Hour,0)),Month,'Summarized Source Data'!$A4,Sector,'Summarized Source Data'!L$2,Subsector,'Summarized Source Data'!L$3,TimeOfWeek,$E4)*INDEX('Calibration Multipliers'!H$4:H$7,MATCH($B4,'Calibration Multipliers'!$A$4:$A$7,0),1) -> 46982871 | M4: =SUMIFS(INDEX(Load,,MATCH('Summarized Source Data'!$C4,Hour,0)),Month,'Summarized Source Data'!$A4,Sector,'Summarized Source Data'!M$2,Subsector,'Summarized Source Data'!M$3,TimeOfWeek,$E4)*INDEX('Calibration Multipliers'!I$4:I$7,MATCH($B4,'Calibration Multipliers'!$A$4:$A$7,0),1) -> 39348.988 | N4: =SUMIFS(INDEX(Load,,MATCH('Summarized Source Data'!$C4,Hour,0)),Month,'Summarized Source Data'!$A4,Sector,'Summarized Source Data'!N$2,Subsector,'Summarized Source Data'!N$3,TimeOfWeek,$E4)*INDEX('Calibration Multipliers'!J$4:J$7,MATCH($B4,'Calibration Multipliers'!$A$4:$A$7,0),1) -> 0 | O4: =P4 -> 1.717869e+08 | P4: =(SUMIFS(INDEX(Load,,MATCH('Summarized Source Data'!$C4,Hour,0)),Month,'Summarized Source Data'!$A4,Sector,'Summarized Source Data'!P$2,Subsector,"Total",TimeOfWeek,$E4)-SUM(L4:N4)*INDEX('Calibration Multipliers'!L$4:L$7,MATCH($B4,'Calibration Multipliers'!$A$4:$A$7,0),1)) -> 1.717869e+08 | Q4: =P4 -> 1.717869e+08 | R4: =SUMIFS(INDEX(Load,,MATCH('Summarized Source Data'!$C4,Hour,0)),Month,'Summarized Source Data'!$A4,Sector,'Summarized Source Data'!R$2,TimeOfWeek,$E4)*INDEX('Calibration Multipliers'!N$4:N$7,MATCH($B4,'Calibration Multipliers'!$A$4:$A$7,0),1) -> 5606504.9 | S4: =SUMIFS(INDEX(Load,,MATCH('Summarized Source Data'!$C4,Hour,0)),Month,'Summarized Source Data'!$A4,Sector,'Summarized Source Data'!S$2,TimeOfWeek,$E4)*INDEX('Calibration Multipliers'!O$4:O$7,MATCH($B4,'Calibration Multipliers'!$A$4:$A$7,0),1) -> 5606504.9 | T4: =SUMIFS(INDEX(Load,,MATCH('Summarized Source Data'!$C4,Hour,0)),Month,'Summarized Source Data'!$A4,Sector,'Summarized Source Data'!T$2,TimeOfWeek,$E4)*INDEX('Calibration Multipliers'!P$4:P$7,MATCH($B4,'Calibration Multipliers'!$A$4:$A$7,0),1) -> 5606504.9 | U4: =SUMIFS(INDEX(Load,,MATCH('Summarized Source Data'!$C4,Hour,0)),Month,'Summarized Source Data'!$A4,Sector,'Summarized Source Data'!U$2,TimeOfWeek,$E4)*INDEX('Calibration Multipliers'!Q$4:Q$7,MATCH($B4,'Calibration Multipliers'!$A$4:$A$7,0),1) -> 5606504.9 | V4: =SUMIFS(INDEX(Load,,MATCH('Summarized Source Data'!$C4,Hour,0)),Month,'Summarized Source Data'!$A4,Sector,'Summarized Source Data'!V$2,TimeOfWeek,$E4)*INDEX('Calibration Multipliers'!R$4:R$7,MATCH($B4,'Calibration Multipliers'!$A$4:$A$7,0),1) -> 5606504.9 | W4: =SUMIFS(INDEX(Load,,MATCH('Summarized Source Data'!$C4,Hour,0)),Month,'Summarized Source Data'!$A4,Sector,'Summarized Source Data'!W$2,TimeOfWeek,$E4)*INDEX('Calibration Multipliers'!S$4:S$7,MATCH($B4,'Calibration Multipliers'!$A$4:$A$7,0),1) -> 5606504.9 | X4: =SUMIFS(INDEX(Load,,MATCH('Summarized Source Data'!$C4,Hour,0)),Month,'Summarized Source Data'!$A4,Sector,'Summarized Source Data'!X$2,Subsector,'Summarized Source Data'!X$3,TimeOfWeek,$E4)*INDEX('Calibration Multipliers'!T$4:T$7,MATCH($B4,'Calibration Multipliers'!$A$4:$A$7,0),1) -> 7.3417678e+08 | Y4: =$X4 -> 7.3417678e+08 | Z4: =$X4 -> 7.3417678e+08
A5: =ROUNDUP(ROW(A2)/24,0) -> 1 | B5: =INDEX('Category Mapping'!$G$34:$G$45,MATCH(A5,'Category Mapping'!$A$34:$A$45,0),1) -> Winter | C5: h2 | D5: Hour1 | E5: Weekday | F5: =SUMIFS(INDEX(Load,,MATCH('Summarized Source Data'!$C5,Hour,0)),Month,'Summarized Source Data'!$A5,Sector,'Summarized Source Data'!F$2,Subsector,'Summarized Source Data'!F$3,TimeOfWeek,$E5)*INDEX('Calibration Multipliers'!B$4:B$7,MATCH($B5,'Calibration Multipliers'!$A$4:$A$7,0),1) -> 23435900 | G5: =SUMIFS(INDEX(Load,,MATCH('Summarized Source Data'!$C5,Hour,0)),Month,'Summarized Source Data'!$A5,Sector,'Summarized Source Data'!G$2,Subsector,'Summarized Source Data'!G$3,TimeOfWeek,$E5)*INDEX('Calibration Multipliers'!C$4:C$7,MATCH($B5,'Calibration Multipliers'!$A$4:$A$7,0),1) -> 14941.219 | H5: =SUMIFS(INDEX(Load,,MATCH('Summarized Source Data'!$C5,Hour,0)),Month,'Summarized Source Data'!$A5,Sector,'Summarized Source Data'!H$2,Subsector,'Summarized Source Data'!H$3,TimeOfWeek,$E5)*INDEX('Calibration Multipliers'!D$4:D$7,MATCH($B5,'Calibration Multipliers'!$A$4:$A$7,0),1) -> 0 | I5: =SUMIFS(INDEX(Load,,MATCH('Summarized Source Data'!$C5,Hour,0)),Month,'Summarized Source Data'!$A5,Sector,'Summarized Source Data'!I$2,Subsector,'Summarized Source Data'!I$3,TimeOfWeek,$E5)*INDEX('Calibration Multipliers'!E$4:E$7,MATCH($B5,'Calibration Multipliers'!$A$4:$A$7,0),1) -> 11995627 | J5: =K5 -> 60296404 | K5: =(SUMIFS(INDEX(Load,,MATCH('Summarized Source Data'!$C5,Hour,0)),Month,'Summarized Source Data'!$A5,Sector,'Summarized Source Data'!K$2,Subsector,"Total",TimeOfWeek,$E5)-SUM(F5:I5))*INDEX('Calibration Multipliers'!G$4:G$7,MATCH($B5,'Calibration Multipliers'!$A$4:$A$7,0),1) -> 60296404 | L5: =SUMIFS(INDEX(Load,,MATCH('Summarized Source Data'!$C5,Hour,0)),Month,'Summarized Source Data'!$A5,Sector,'Summarized Source Data'!L$2,Subsector,'Summarized Source Data'!L$3,TimeOfWeek,$E5)*INDEX('Calibration Multipliers'!H$4:H$7,MATCH($B5,'Calibration Multipliers'!$A$4:$A$7,0),1) -> 42873258 | M5: =SUMIFS(INDEX(Load,,MATCH('Summarized Source Data'!$C5,Hour,0)),Month,'Summarized Source Data'!$A5,Sector,'Summarized Source Data'!M$2,Subsector,'Summarized Source Data'!M$3,TimeOfWeek,$E5)*INDEX('Calibration Multipliers'!I$4:I$7,MATCH($B5,'Calibration Multipliers'!$A$4:$A$7,0),1) -> 37104.25 | N5: =SUMIFS(INDEX(Load,,MATCH('Summarized Source Data'!$C5,Hour,0)),Month,'Summarized Source Data'!$A5,Sector,'Summarized Source Data'!N$2,Subsector,'Summarized Source Data'!N$3,TimeOfWeek,$E5)*INDEX('Calibration Multipliers'!J$4:J$7,MATCH($B5,'Calibration Multipliers'!$A$4:$A$7,0),1) -> 0 | O5: =P5 -> 1.6812381e+08 | P5: =(SUMIFS(INDEX(Load,,MATCH('Summarized Source Data'!$C5,Hour,0)),Month,'Summarized Source Data'!$A5,Sector,'Summarized Source Data'!P$2,Subsector,"Total",TimeOfWeek,$E5)-SUM(L5:N5)*INDEX('Calibration Multipliers'!L$4:L$7,MATCH($B5,'Calibration Multipliers'!$A$4:$A$7,0),1)) -> 1.6812381e+08 | Q5: =P5 -> 1.6812381e+08 | R5: =SUMIFS(INDEX(Load,,MATCH('Summarized Source Data'!$C5,Hour,0)),Month,'Summarized Source Data'!$A5,Sector,'Summarized Source Data'!R$2,TimeOfWeek,$E5)*INDEX('Calibration Multipliers'!N$4:N$7,MATCH($B5,'Calibration Multipliers'!$A$4:$A$7,0),1) -> 5531176.8 | S5: =SUMIFS(INDEX(Load,,MATCH('Summarized Source Data'!$C5,Hour,0)),Month,'Summarized Source Data'!$A5,Sector,'Summarized Source Data'!S$2,TimeOfWeek,$E5)*INDEX('Calibration Multipliers'!O$4:O$7,MATCH($B5,'Calibration Multipliers'!$A$4:$A$7,0),1) -> 5531176.8 | T5: =SUMIFS(INDEX(Load,,MATCH('Summarized Source Data'!$C5,Hour,0)),Month,'Summarized Source Data'!$A5,Sector,'Summarized Source Data'!T$2,TimeOfWeek,$E5)*INDEX('Calibration Multipliers'!P$4:P$7,MATCH($B5,'Calibration Multipliers'!$A$4:$A$7,0),1) -> 5531176.8 | U5: =SUMIFS(INDEX(Load,,MATCH('Summarized Source Data'!$C5,Hour,0)),Month,'Summarized Source Data'!$A5,Sector,'Summarized Source Data'!U$2,TimeOfWeek,$E5)*INDEX('Calibration Multipliers'!Q$4:Q$7,MATCH($B5,'Calibration Multipliers'!$A$4:$A$7,0),1) -> 5531176.8 | V5: =SUMIFS(INDEX(Load,,MATCH('Summarized Source Data'!$C5,Hour,0)),Month,'Summarized Source Data'!$A5,Sector,'Summarized Source Data'!V$2,TimeOfWeek,$E5)*INDEX('Calibration Multipliers'!R$4:R$7,MATCH($B5,'Calibration Multipliers'!$A$4:$A$7,0),1) -> 5531176.8 | W5: =SUMIFS(INDEX(Load,,MATCH('Summarized Source Data'!$C5,Hour,0)),Month,'Summarized Source Data'!$A5,Sector,'Summarized Source Data'!W$2,TimeOfWeek,$E5)*INDEX('Calibration Multipliers'!S$4:S$7,MATCH($B5,'Calibration Multipliers'!$A$4:$A$7,0),1) -> 5531176.8 | X5: =SUMIFS(INDEX(Load,,MATCH('Summarized Source Data'!$C5,Hour,0)),Month,'Summarized Source Data'!$A5,Sector,'Summarized Source Data'!X$2,Subsector,'Summarized Source Data'!X$3,TimeOfWeek,$E5)*INDEX('Calibration Multipliers'!T$4:T$7,MATCH($B5,'Calibration Multipliers'!$A$4:$A$7,0),1) -> 7.3306607e+08 | Y5: =$X5 -> 7.3306607e+08 | Z5: =$X5 -> 7.3306607e+08
A6: =ROUNDUP(ROW(A3)/24,0) -> 1 | B6: =INDEX('Category Mapping'!$G$34:$G$45,MATCH(A6,'Category Mapping'!$A$34:$A$45,0),1) -> Winter | C6: h3 | D6: Hour2 | E6: Weekday | F6: =SUMIFS(INDEX(Load,,MATCH('Summarized Source Data'!$C6,Hour,0)),Month,'Summarized Source Data'!$A6,Sector,'Summarized Source Data'!F$2,Subsector,'Summarized Source Data'!F$3,TimeOfWeek,$E6)*INDEX('Calibration Multipliers'!B$4:B$7,MATCH($B6,'Calibration Multipliers'!$A$4:$A$7,0),1) -> 23546971 | G6: =SUMIFS(INDEX(Load,,MATCH('Summarized Source Data'!$C6,Hour,0)),Month,'Summarized Source Data'!$A6,Sector,'Summarized Source Data'!G$2,Subsector,'Summarized Source Data'!G$3,TimeOfWeek,$E6)*INDEX('Calibration Multipliers'!C$4:C$7,MATCH($B6,'Calibration Multipliers'!$A$4:$A$7,0),1) -> 14998.976 | H6: =SUMIFS(INDEX(Load,,MATCH('Summarized Source Data'!$C6,Hour,0)),Month,'Summarized Source Data'!$A6,Sector,'Summarized Source Data'!H$2,Subsector,'Summarized Source Data'!H$3,TimeOfWeek,$E6)*INDEX('Calibration Multipliers'!D$4:D$7,MATCH($B6,'Calibration Multipliers'!$A$4:$A$7,0),1) -> 0 | I6: =SUMIFS(INDEX(Load,,MATCH('Summarized Source Data'!$C6,Hour,0)),Month,'Summarized Source Data'!$A6,Sector,'Summarized Source Data'!I$2,Subsector,'Summarized Source Data'!I$3,TimeOfWeek,$E6)*INDEX('Calibration Multipliers'!E$4:E$7,MATCH($B6,'Calibration Multipliers'!$A$4:$A$7,0),1) -> 11884556 | J6: =K6 -> 48522861 | K6: =(SUMIFS(INDEX(Load,,MATCH('Summarized Source Data'!$C6,Hour,0)),Month,'Summarized Source Data'!$A6,Sector,'Summarized Source Data'!K$2,Subsector,"Total",TimeOfWeek,$E6)-SUM(F6:I6))*INDEX('Calibration Multipliers'!G$4:G$7,MATCH($B6,'Calibration Multipliers'!$A$4:$A$7,0),1) -> 48522861 | L6: =SUMIFS(INDEX(Load,,MATCH('Summarized Source Data'!$C6,Hour,0)),Month,'Summarized Source Data'!$A6,Sector,'Summarized Source Data'!L$2,Subsector,'Summarized Source Data'!L$3,TimeOfWeek,$E6)*INDEX('Calibration Multipliers'!H$4:H$7,MATCH($B6,'Calibration Multipliers'!$A$4:$A$7,0),1) -> 38652575 | M6: =SUMIFS(INDEX(Load,,MATCH('Summarized Source Data'!$C6,Hour,0)),Month,'Summarized Source Data'!$A6,Sector,'Summarized Source Data'!M$2,Subsector,'Summarized Source Data'!M$3,TimeOfWeek,$E6)*INDEX('Calibration Multipliers'!I$4:I$7,MATCH($B6,'Calibration Multipliers'!$A$4:$A$7,0),1) -> 36166.814 | N6: =SUMIFS(INDEX(Load,,MATCH('Summarized Source Data'!$C6,Hour,0)),Month,'Summarized Source Data'!$A6,Sector,'Summarized Source Data'!N$2,Subsector,'Summarized Source Data'!N$3,TimeOfWeek,$E6)*INDEX('Calibration Multipliers'!J$4:J$7,MATCH($B6,'Calibration Multipliers'!$A$4:$A$7,0),1) -> 0 | O6: =P6 -> 1.6790261e+08 | P6: =(SUMIFS(INDEX(Load,,MATCH('Summarized Source Data'!$C6,Hour,0)),Month,'Summarized Source Data'!$A6,Sector,'Summarized Source Data'!P$2,Subsector,"Total",TimeOfWeek,$E6)-SUM(L6:N6)*INDEX('Calibration Multipliers'!L$4:L$7,MATCH($B6,'Calibration Multipliers'!$A$4:$A$7,0),1)) -> 1.6790261e+08 | Q6: =P6 -> 1.6790261e+08 | R6: =SUMIFS(INDEX(Load,,MATCH('Summarized Source Data'!$C6,Hour,0)),Month,'Summarized Source Data'!$A6,Sector,'Summarized Source Data'!R$2,TimeOfWeek,$E6)*INDEX('Calibration Multipliers'!N$4:N$7,MATCH($B6,'Calibration Multipliers'!$A$4:$A$7,0),1) -> 5511830.5 | S6: =SUMIFS(INDEX(Load,,MATCH('Summarized Source Data'!$C6,Hour,0)),Month,'Summarized Source Data'!$A6,Sector,'Summarized Source Data'!S$2,TimeOfWeek,$E6)*INDEX('Calibration Multipliers'!O$4:O$7,MATCH($B6,'Calibration Multipliers'!$A$4:$A$7,0),1) -> 5511830.5 | T6: =SUMIFS(INDEX(Load,,MATCH('Summarized Source Data'!$C6,Hour,0)),Month,'Summarized Source Data'!$A6,Sector,'Summarized Source Data'!T$2,TimeOfWeek,$E6)*INDEX('Calibration Multipliers'!P$4:P$7,MATCH($B6,'Calibration Multipliers'!$A$4:$A$7,0),1) -> 5511830.5 | U6: =SUMIFS(INDEX(Load,,MATCH('Summarized Source Data'!$C6,Hour,0)),Month,'Summarized Source Data'!$A6,Sector,'Summarized Source Data'!U$2,TimeOfWeek,$E6)*INDEX('Calibration Multipliers'!Q$4:Q$7,MATCH($B6,'Calibration Multipliers'!$A$4:$A$7,0),1) -> 5511830.5 | V6: =SUMIFS(INDEX(Load,,MATCH('Summarized Source Data'!$C6,Hour,0)),Month,'Summarized Source Data'!$A6,Sector,'Summarized Source Data'!V$2,TimeOfWeek,$E6)*INDEX('Calibration Multipliers'!R$4:R$7,MATCH($B6,'Calibration Multipliers'!$A$4:$A$7,0),1) -> 5511830.5 | W6: =SUMIFS(INDEX(Load,,MATCH('Summarized Source Data'!$C6,Hour,0)),Month,'Summarized Source Data'!$A6,Sector,'Summarized Source Data'!W$2,TimeOfWeek,$E6)*INDEX('Calibration Multipliers'!S$4:S$7,MATCH($B6,'Calibration Multipliers'!$A$4:$A$7,0),1) -> 5511830.5 | X6: =SUMIFS(INDEX(Load,,MATCH('Summarized Source Data'!$C6,Hour,0)),Month,'Summarized Source Data'!$A6,Sector,'Summarized Source Data'!X$2,Subsector,'Summarized Source Data'!X$3,TimeOfWeek,$E6)*INDEX('Calibration Multipliers'!T$4:T$7,MATCH($B6,'Calibration Multipliers'!$A$4:$A$7,0),1) -> 7.3306607e+08 | Y6: =$X6 -> 7.3306607e+08 | Z6: =$X6 -> 7.3306607e+08
A7: =ROUNDUP(ROW(A4)/24,0) -> 1 | B7: =INDEX('Category Mapping'!$G$34:$G$45,MATCH(A7,'Category Mapping'!$A$34:$A$45,0),1) -> Winter | C7: h4 | D7: Hour3 | E7: Weekday | F7: =SUMIFS(INDEX(Load,,MATCH('Summarized Source Data'!$C7,Hour,0)),Month,'Summarized Source Data'!$A7,Sector,'Summarized Source Data'!F$2,Subsector,'Summarized Source Data'!F$3,TimeOfWeek,$E7)*INDEX('Calibration Multipliers'!B$4:B$7,MATCH($B7,'Calibration Multipliers'!$A$4:$A$7,0),1) -> 23435900 | G7: =SUMIFS(INDEX(Load,,MATCH('Summarized Source Data'!$C7,Hour,0)),Month,'Summarized Source Data'!$A7,Sector,'Summarized Source Data'!G$2,Subsector,'Summarized Source Data'!G$3,TimeOfWeek,$E7)*INDEX('Calibration Multipliers'!C$4:C$7,MATCH($B7,'Calibration Multipliers'!$A$4:$A$7,0),1) -> 15006.751 | H7: =SUMIFS(INDEX(Load,,MATCH('Summarized Source Data'!$C7,Hour,0)),Month,'Summarized Source Data'!$A7,Sector,'Summarized Source Data'!H$2,Subsector,'Summarized Source Data'!H$3,TimeOfWeek,$E7)*INDEX('Calibration Multipliers'!D$4:D$7,MATCH($B7,'Calibration Multipliers'!$A$4:$A$7,0),1) -> 0 | I7: =SUMIFS(INDEX(Load,,MATCH('Summarized Source Data'!$C7,Hour,0)),Month,'Summarized Source Data'!$A7,Sector,'Summarized Source Data'!I$2,Subsector,'Summarized Source Data'!I$3,TimeOfWeek,$E7)*INDEX('Calibration Multipliers'!E$4:E$7,MATCH($B7,'Calibration Multipliers'!$A$4:$A$7,0),1) -> 12106697 | J7: =K7 -> 42080757 | K7: =(SUMIFS(INDEX(Load,,MATCH('Summarized Source Data'!$C7,Hour,0)),Month,'Summarized Source Data'!$A7,Sector,'Summarized Source Data'!K$2,Subsector,"Total",TimeOfWeek,$E7)-SUM(F7:I7))*INDEX('Calibration Multipliers'!G$4:G$7,MATCH($B7,'Calibration Multipliers'!$A$4:$A$7,0),1) -> 42080757 | L7: =SUMIFS(INDEX(Load,,MATCH('Summarized Source Data'!$C7,Hour,0)),Month,'Summarized Source Data'!$A7,Sector,'Summarized Source Data'!L$2,Subsector,'Summarized Source Data'!L$3,TimeOfWeek,$E7)*INDEX('Calibration Multipliers'!H$4:H$7,MATCH($B7,'Calibration Multipliers'!$A$4:$A$7,0),1) -> 40318634 | M7: =SUMIFS(INDEX(Load,,MATCH('Summarized Source Data'!$C7,Hour,0)),Month,'Summarized Source Data'!$A7,Sector,'Summarized Source Data'!M$2,Subsector,'Summarized Source Data'!M$3,TimeOfWeek,$E7)*INDEX('Calibration Multipliers'!I$4:I$7,MATCH($B7,'Calibration Multipliers'!$A$4:$A$7,0),1) -> 35638.118 | N7: =SUMIFS(INDEX(Load,,MATCH('Summarized Source Data'!$C7,Hour,0)),Month,'Summarized Source Data'!$A7,Sector,'Summarized Source Data'!N$2,Subsector,'Summarized Source Data'!N$3,TimeOfWeek,$E7)*INDEX('Calibration Multipliers'!J$4:J$7,MATCH($B7,'Calibration Multipliers'!$A$4:$A$7,0),1) -> 0 | O7: =P7 -> 1.7512273e+08 | P7: =(SUMIFS(INDEX(Load,,MATCH('Summarized Source Data'!$C7,Hour,0)),Month,'Summarized Source Data'!$A7,Sector,'Summarized Source Data'!P$2,Subsector,"Total",TimeOfWeek,$E7)-SUM(L7:N7)*INDEX('Calibration Multipliers'!L$4:L$7,MATCH($B7,'Calibration Multipliers'!$A$4:$A$7,0),1)) -> 1.7512273e+08 | Q7: =P7 -> 1.7512273e+08 | R7: =SUMIFS(INDEX(Load,,MATCH('Summarized Source Data'!$C7,Hour,0)),Month,'Summarized Source Data'!$A7,Sector,'Summarized Source Data'!R$2,TimeOfWeek,$E7)*INDEX('Calibration Multipliers'!N$4:N$7,MATCH($B7,'Calibration Multipliers'!$A$4:$A$7,0),1) -> 5529641.8 | S7: =SUMIFS(INDEX(Load,,MATCH('Summarized Source Data'!$C7,Hour,0)),Month,'Summarized Source Data'!$A7,Sector,'Summarized Source Data'!S$2,TimeOfWeek,$E7)*INDEX('Calibration Multipliers'!O$4:O$7,MATCH($B7,'Calibration Multipliers'!$A$4:$A$7,0),1) -> 5529641.8 | T7: =SUMIFS(INDEX(Load,,MATCH('Summarized Source Data'!$C7,Hour,0)),Month,'Summarized Source Data'!$A7,Sector,'Summarized Source Data'!T$2,TimeOfWeek,$E7)*INDEX('Calibration Multipliers'!P$4:P$7,MATCH($B7,'Calibration Multipliers'!$A$4:$A$7,0),1) -> 5529641.8 | U7: =SUMIFS(INDEX(Load,,MATCH('Summarized Source Data'!$C7,Hour,0)),Month,'Summarized Source Data'!$A7,Sector,'Summarized Source Data'!U$2,TimeOfWeek,$E7)*INDEX('Calibration Multipliers'!Q$4:Q$7,MATCH($B7,'Calibration Multipliers'!$A$4:$A$7,0),1) -> 5529641.8 | V7: =SUMIFS(INDEX(Load,,MATCH('Summarized Source Data'!$C7,Hour,0)),Month,'Summarized Source Data'!$A7,Sector,'Summarized Source Data'!V$2,TimeOfWeek,$E7)*INDEX('Calibration Multipliers'!R$4:R$7,MATCH($B7,'Calibration Multipliers'!$A$4:$A$7,0),1) -> 5529641.8 | W7: =SUMIFS(INDEX(Load,,MATCH('Summarized Source Data'!$C7,Hour,0)),Month,'Summarized Source Data'!$A7,Sector,'Summarized Source Data'!W$2,TimeOfWeek,$E7)*INDEX('Calibration Multipliers'!S$4:S$7,MATCH($B7,'Calibration Multipliers'!$A$4:$A$7,0),1) -> 5529641.8 | X7: =SUMIFS(INDEX(Load,,MATCH('Summarized Source Data'!$C7,Hour,0)),Month,'Summarized Source Data'!$A7,Sector,'Summarized Source Data'!X$2,Subsector,'Summarized Source Data'!X$3,TimeOfWeek,$E7)*INDEX('Calibration Multipliers'!T$4:T$7,MATCH($B7,'Calibration Multipliers'!$A$4:$A$7,0),1) -> 7.3306607e+08 | Y7: =$X7 -> 7.3306607e+08 | Z7: =$X7 -> 7.3306607e+08
A8: =ROUNDUP(ROW(A5)/24,0) -> 1 | B8: =INDEX('Category Mapping'!$G$34:$G$45,MATCH(A8,'Category Mapping'!$A$34:$A$45,0),1) -> Winter | C8: h5 | D8: Hour4 | E8: Weekday | F8: =SUMIFS(INDEX(Load,,MATCH('Summarized Source Data'!$C8,Hour,0)),Month,'Summarized Source Data'!$A8,Sector,'Summarized Source Data'!F$2,Subsector,'Summarized Source Data'!F$3,TimeOfWeek,$E8)*INDEX('Calibration Multipliers'!B$4:B$7,MATCH($B8,'Calibration Multipliers'!$A$4:$A$7,0),1) -> 22991618 | G8: =SUMIFS(INDEX(Load,,MATCH('Summarized Source Data'!$C8,Hour,0)),Month,'Summarized Source Data'!$A8,Sector,'Summarized Source Data'!G$2,Subsector,'Summarized Source Data'!G$3,TimeOfWeek,$E8)*INDEX('Calibration Multipliers'!C$4:C$7,MATCH($B8,'Calibration Multipliers'!$A$4:$A$7,0),1) -> 14626.89 | H8: =SUMIFS(INDEX(Load,,MATCH('Summarized Source Data'!$C8,Hour,0)),Month,'Summarized Source Data'!$A8,Sector,'Summarized Source Data'!H$2,Subsector,'Summarized Source Data'!H$3,TimeOfWeek,$E8)*INDEX('Calibration Multipliers'!D$4:D$7,MATCH($B8,'Calibration Multipliers'!$A$4:$A$7,0),1) -> 0 | I8: =SUMIFS(INDEX(Load,,MATCH('Summarized Source Data'!$C8,Hour,0)),Month,'Summarized Source Data'!$A8,Sector,'Summarized Source Data'!I$2,Subsector,'Summarized Source Data'!I$3,TimeOfWeek,$E8)*INDEX('Calibration Multipliers'!E$4:E$7,MATCH($B8,'Calibration Multipliers'!$A$4:$A$7,0),1) -> 15660957 | J8: =K8 -> 44635761 | K8: =(SUMIFS(INDEX(Load,,MATCH('Summarized Source Data'!$C8,Hour,0)),Month,'Summarized Source Data'!$A8,Sector,'Summarized Source Data'!K$2,Subsector,"Total",TimeOfWeek,$E8)-SUM(F8:I8))*INDEX('Calibration Multipliers'!G$4:G$7,MATCH($B8,'Calibration Multipliers'!$A$4:$A$7,0),1) -> 44635761 | L8: =SUMIFS(INDEX(Load,,MATCH('Summarized Source Data'!$C8,Hour,0)),Month,'Summarized Source Data'!$A8,Sector,'Summarized Source Data'!L$2,Subsector,'Summarized Source Data'!L$3,TimeOfWeek,$E8)*INDEX('Calibration Multipliers'!H$4:H$7,MATCH($B8,'Calibration Multipliers'!$A$4:$A$7,0),1) -> 42317905 | M8: =SUMIFS(INDEX(Load,,MATCH('Summarized Source Data'!$C8,Hour,0)),Month,'Summarized Source Data'!$A8,Sector,'Summarized Source Data'!M$2,Subsector,'Summarized Source Data'!M$3,TimeOfWeek,$E8)*INDEX('Calibration Multipliers'!I$4:I$7,MATCH($B8,'Calibration Multipliers'!$A$4:$A$7,0),1) -> 35524.826 | N8: =SUMIFS(INDEX(Load,,MATCH('Summarized Source Data'!$C8,Hour,0)),Month,'Summarized Source Data'!$A8,Sector,'Summarized Source Data'!N$2,Subsector,'Summarized Source Data'!N$3,TimeOfWeek,$E8)*INDEX('Calibration Multipliers'!J$4:J$7,MATCH($B8,'Calibration Multipliers'!$A$4:$A$7,0),1) -> 0 | O8: =P8 -> 1.8645204e+08 | P8: =(SUMIFS(INDEX(Load,,MATCH('Summarized Source Data'!$C8,Hour,0)),Month,'Summarized Source Data'!$A8,Sector,'Summarized Source Data'!P$2,Subsector,"Total",TimeOfWeek,$E8)-SUM(L8:N8)*INDEX('Calibration Multipliers'!L$4:L$7,MATCH($B8,'Calibration Multipliers'!$A$4:$A$7,0),1)) -> 1.8645204e+08 | Q8: =P8 -> 1.8645204e+08 | R8: =SUMIFS(INDEX(Load,,MATCH('Summarized Source Data'!$C8,Hour,0)),Month,'Summarized Source Data'!$A8,Sector,'Summarized Source Data'!R$2,TimeOfWeek,$E8)*INDEX('Calibration Multipliers'!N$4:N$7,MATCH($B8,'Calibration Multipliers'!$A$4:$A$7,0),1) -> 5510234.4 | S8: =SUMIFS(INDEX(Load,,MATCH('Summarized Source Data'!$C8,Hour,0)),Month,'Summarized Source Data'!$A8,Sector,'Summarized Source Data'!S$2,TimeOfWeek,$E8)*INDEX('Calibration Multipliers'!O$4:O$7,MATCH($B8,'Calibration Multipliers'!$A$4:$A$7,0),1) -> 5510234.4 | T8: =SUMIFS(INDEX(Load,,MATCH('Summarized Source Data'!$C8,Hour,0)),Month,'Summarized Source Data'!$A8,Sector,'Summarized Source Data'!T$2,TimeOfWeek,$E8)*INDEX('Calibration Multipliers'!P$4:P$7,MATCH($B8,'Calibration Multipliers'!$A$4:$A$7,0),1) -> 5510234.4 | U8: =SUMIFS(INDEX(Load,,MATCH('Summarized Source Data'!$C8,Hour,0)),Month,'Summarized Source Data'!$A8,Sector,'Summarized Source Data'!U$2,TimeOfWeek,$E8)*INDEX('Calibration Multipliers'!Q$4:Q$7,MATCH($B8,'Calibration Multipliers'!$A$4:$A$7,0),1) -> 5510234.4 | V8: =SUMIFS(INDEX(Load,,MATCH('Summarized Source Data'!$C8,Hour,0)),Month,'Summarized Source Data'!$A8,Sector,'Summarized Source Data'!V$2,TimeOfWeek,$E8)*INDEX('Calibration Multipliers'!R$4:R$7,MATCH($B8,'Calibration Multipliers'!$A$4:$A$7,0),1) -> 5510234.4 | W8: =SUMIFS(INDEX(Load,,MATCH('Summarized Source Data'!$C8,Hour,0)),Month,'Summarized Source Data'!$A8,Sector,'Summarized Source Data'!W$2,TimeOfWeek,$E8)*INDEX('Calibration Multipliers'!S$4:S$7,MATCH($B8,'Calibration Multipliers'!$A$4:$A$7,0),1) -> 5510234.4 | X8: =SUMIFS(INDEX(Load,,MATCH('Summarized Source Data'!$C8,Hour,0)),Month,'Summarized Source Data'!$A8,Sector,'Summarized Source Data'!X$2,Subsector,'Summarized Source Data'!X$3,TimeOfWeek,$E8)*INDEX('Calibration Multipliers'!T$4:T$7,MATCH($B8,'Calibration Multipliers'!$A$4:$A$7,0),1) -> 7.3528749e+08 | Y8: =$X8 -> 7.3528749e+08 | Z8: =$X8 -> 7.3528749e+08
A9: =ROUNDUP(ROW(A6)/24,0) -> 1 | B9: =INDEX('Category Mapping'!$G$34:$G$45,MATCH(A9,'Category Mapping'!$A$34:$A$45,0),1) -> Winter | C9: h6 | D9: Hour5 | E9: Weekday | F9: =SUMIFS(INDEX(Load,,MATCH('Summarized Source Data'!$C9,Hour,0)),Month,'Summarized Source Data'!$A9,Sector,'Summarized Source Data'!F$2,Subsector,'Summarized Source Data'!F$3,TimeOfWeek,$E9)*INDEX('Calibration Multipliers'!B$4:B$7,MATCH($B9,'Calibration Multipliers'!$A$4:$A$7,0),1) -> 27767654 | G9: =SUMIFS(INDEX(Load,,MATCH('Summarized Source Data'!$C9,Hour,0)),Month,'Summarized Source Data'!$A9,Sector,'Summarized Source Data'!G$2,Subsector,'Summarized Source Data'!G$3,TimeOfWeek,$E9)*INDEX('Calibration Multipliers'!C$4:C$7,MATCH($B9,'Calibration Multipliers'!$A$4:$A$7,0),1) -> 13449.541 | H9: =SUMIFS(INDEX(Load,,MATCH('Summarized Source Data'!$C9,Hour,0)),Month,'Summarized Source Data'!$A9,Sector,'Summarized Source Data'!H$2,Subsector,'Summarized Source Data'!H$3,TimeOfWeek,$E9)*INDEX('Calibration Multipliers'!D$4:D$7,MATCH($B9,'Calibration Multipliers'!$A$4:$A$7,0),1) -> 0 | I9: =SUMIFS(INDEX(Load,,MATCH('Summarized Source Data'!$C9,Hour,0)),Month,'Summarized Source Data'!$A9,Sector,'Summarized Source Data'!I$2,Subsector,'Summarized Source Data'!I$3,TimeOfWeek,$E9)*INDEX('Calibration Multipliers'!E$4:E$7,MATCH($B9,'Calibration Multipliers'!$A$4:$A$7,0),1) -> 26879089 | J9: =K9 -> 61963955 | K9: =(SUMIFS(INDEX(Load,,MATCH('Summarized Source Data'!$C9,Hour,0)),Month,'Summarized Source Data'!$A9,Sector,'Summarized Source Data'!K$2,Subsector,"Total",TimeOfWeek,$E9)-SUM(F9:I9))*INDEX('Calibration Multipliers'!G$4:G$7,MATCH($B9,'Calibration Multipliers'!$A$4:$A$7,0),1) -> 61963955 | L9: =SUMIFS(INDEX(Load,,MATCH('Summarized Source Data'!$C9,Hour,0)),Month,'Summarized Source Data'!$A9,Sector,'Summarized Source Data'!L$2,Subsector,'Summarized Source Data'!L$3,TimeOfWeek,$E9)*INDEX('Calibration Multipliers'!H$4:H$7,MATCH($B9,'Calibration Multipliers'!$A$4:$A$7,0),1) -> 43095400 | M9: =SUMIFS(INDEX(Load,,MATCH('Summarized Source Data'!$C9,Hour,0)),Month,'Summarized Source Data'!$A9,Sector,'Summarized Source Data'!M$2,Subsector,'Summarized Source Data'!M$3,TimeOfWeek,$E9)*INDEX('Calibration Multipliers'!I$4:I$7,MATCH($B9,'Calibration Multipliers'!$A$4:$A$7,0),1) -> 36635.532 | N9: =SUMIFS(INDEX(Load,,MATCH('Summarized Source Data'!$C9,Hour,0)),Month,'Summarized Source Data'!$A9,Sector,'Summarized Source Data'!N$2,Subsector,'Summarized Source Data'!N$3,TimeOfWeek,$E9)*INDEX('Calibration Multipliers'!J$4:J$7,MATCH($B9,'Calibration Multipliers'!$A$4:$A$7,0),1) -> 0 | O9: =P9 -> 2.1788392e+08 | P9: =(SUMIFS(INDEX(Load,,MATCH('Summarized Source Data'!$C9,Hour,0)),Month,'Summarized Source Data'!$A9,Sector,'Summarized Source Data'!P$2,Subsector,"Total",TimeOfWeek,$E9)-SUM(L9:N9)*INDEX('Calibration Multipliers'!L$4:L$7,MATCH($B9,'Calibration Multipliers'!$A$4:$A$7,0),1)) -> 2.1788392e+08 | Q9: =P9 -> 2.1788392e+08 | R9: =SUMIFS(INDEX(Load,,MATCH('Summarized Source Data'!$C9,Hour,0)),Month,'Summarized Source Data'!$A9,Sector,'Summarized Source Data'!R$2,TimeOfWeek,$E9)*INDEX('Calibration Multipliers'!N$4:N$7,MATCH($B9,'Calibration Multipliers'!$A$4:$A$7,0),1) -> 5658188.3 | S9: =SUMIFS(INDEX(Load,,MATCH('Summarized Source Data'!$C9,Hour,0)),Month,'Summarized Source Data'!$A9,Sector,'Summarized Source Data'!S$2,TimeOfWeek,$E9)*INDEX('Calibration Multipliers'!O$4:O$7,MATCH($B9,'Calibration Multipliers'!$A$4:$A$7,0),1) -> 5658188.3 | T9: =SUMIFS(INDEX(Load,,MATCH('Summarized Source Data'!$C9,Hour,0)),Month,'Summarized Source Data'!$A9,Sector,'Summarized Source Data'!T$2,TimeOfWeek,$E9)*INDEX('Calibration Multipliers'!P$4:P$7,MATCH($B9,'Calibration Multipliers'!$A$4:$A$7,0),1) -> 5658188.3 | U9: =SUMIFS(INDEX(Load,,MATCH('Summarized Source Data'!$C9,Hour,0)),Month,'Summarized Source Data'!$A9,Sector,'Summarized Source Data'!U$2,TimeOfWeek,$E9)*INDEX('Calibration Multipliers'!Q$4:Q$7,MATCH($B9,'Calibration Multipliers'!$A$4:$A$7,0),1) -> 5658188.3 | V9: =SUMIFS(INDEX(Load,,MATCH('Summarized Source Data'!$C9,Hour,0)),Month,'Summarized Source Data'!$A9,Sector,'Summarized Source Data'!V$2,TimeOfWeek,$E9)*INDEX('Calibration Multipliers'!R$4:R$7,MATCH($B9,'Calibration Multipliers'!$A$4:$A$7,0),1) -> 5658188.3 | W9: =SUMIFS(INDEX(Load,,MATCH('Summarized Source Data'!$C9,Hour,0)),Month,'Summarized Source Data'!$A9,Sector,'Summarized Source Data'!W$2,TimeOfWeek,$E9)*INDEX('Calibration Multipliers'!S$4:S$7,MATCH($B9,'Calibration Multipliers'!$A$4:$A$7,0),1) -> 5658188.3 | X9: =SUMIFS(INDEX(Load,,MATCH('Summarized Source Data'!$C9,Hour,0)),Month,'Summarized Source Data'!$A9,Sector,'Summarized Source Data'!X$2,Subsector,'Summarized Source Data'!X$3,TimeOfWeek,$E9)*INDEX('Calibration Multipliers'!T$4:T$7,MATCH($B9,'Calibration Multipliers'!$A$4:$A$7,0),1) -> 7.3973031e+08 | Y9: =$X9 -> 7.3973031e+08 | Z9: =$X9 -> 7.3973031e+08
A10: =ROUNDUP(ROW(A7)/24,0) -> 1 | B10: =INDEX('Category Mapping'!$G$34:$G$45,MATCH(A10,'Category Mapping'!$A$34:$A$45,0),1) -> Winter | C10: h7 | D10: Hour6 | E10: Weekday | F10: =SUMIFS(INDEX(Load,,MATCH('Summarized Source Data'!$C10,Hour,0)),Month,'Summarized Source Data'!$A10,Sector,'Summarized Source Data'!F$2,Subsector,'Summarized Source Data'!F$3,TimeOfWeek,$E10)*INDEX('Calibration Multipliers'!B$4:B$7,MATCH($B10,'Calibration Multipliers'!$A$4:$A$7,0),1) -> 29211572 | G10: =SUMIFS(INDEX(Load,,MATCH('Summarized Source Data'!$C10,Hour,0)),Month,'Summarized Source Data'!$A10,Sector,'Summarized Source Data'!G$2,Subsector,'Summarized Source Data'!G$3,TimeOfWeek,$E10)*INDEX('Calibration Multipliers'!C$4:C$7,MATCH($B10,'Calibration Multipliers'!$A$4:$A$7,0),1) -> 10987.105 | H10: =SUMIFS(INDEX(Load,,MATCH('Summarized Source Data'!$C10,Hour,0)),Month,'Summarized Source Data'!$A10,Sector,'Summarized Source Data'!H$2,Subsector,'Summarized Source Data'!H$3,TimeOfWeek,$E10)*INDEX('Calibration Multipliers'!D$4:D$7,MATCH($B10,'Calibration Multipliers'!$A$4:$A$7,0),1) -> 0 | I10: =SUMIFS(INDEX(Load,,MATCH('Summarized Source Data'!$C10,Hour,0)),Month,'Summarized Source Data'!$A10,Sector,'Summarized Source Data'!I$2,Subsector,'Summarized Source Data'!I$3,TimeOfWeek,$E10)*INDEX('Calibration Multipliers'!E$4:E$7,MATCH($B10,'Calibration Multipliers'!$A$4:$A$7,0),1) -> 39207928 | J10: =K10 -> 99286145 | K10: =(SUMIFS(INDEX(Load,,MATCH('Summarized Source Data'!$C10,Hour,0)),Month,'Summarized Source Data'!$A10,Sector,'Summarized Source Data'!K$2,Subsector,"Total",TimeOfWeek,$E10)-SUM(F10:I10))*INDEX('Calibration Multipliers'!G$4:G$7,MATCH($B10,'Calibration Multipliers'!$A$4:$A$7,0),1) -> 99286145 | L10: =SUMIFS(INDEX(Load,,MATCH('Summarized Source Data'!$C10,Hour,0)),Month,'Summarized Source Data'!$A10,Sector,'Summarized Source Data'!L$2,Subsector,'Summarized Source Data'!L$3,TimeOfWeek,$E10)*INDEX('Calibration Multipliers'!H$4:H$7,MATCH($B10,'Calibration Multipliers'!$A$4:$A$7,0),1) -> 62643828 | M10: =SUMIFS(INDEX(Load,,MATCH('Summarized Source Data'!$C10,Hour,0)),Month,'Summarized Source Data'!$A10,Sector,'Summarized Source Data'!M$2,Subsector,'Summarized Source Data'!M$3,TimeOfWeek,$E10)*INDEX('Calibration Multipliers'!I$4:I$7,MATCH($B10,'Calibration Multipliers'!$A$4:$A$7,0),1) -> 40606.307 | N10: =SUMIFS(INDEX(Load,,MATCH('Summarized Source Data'!$C10,Hour,0)),Month,'Summarized Source Data'!$A10,Sector,'Summarized Source Data'!N$2,Subsector,'Summarized Source Data'!N$3,TimeOfWeek,$E10)*INDEX('Calibration Multipliers'!J$4:J$7,MATCH($B10,'Calibration Multipliers'!$A$4:$A$7,0),1) -> 0 | O10: =P10 -> 3.2828414e+08 | P10: =(SUMIFS(INDEX(Load,,MATCH('Summarized Source Data'!$C10,Hour,0)),Month,'Summarized Source Data'!$A10,Sector,'Summarized Source Data'!P$2,Subsector,"Total",TimeOfWeek,$E10)-SUM(L10:N10)*INDEX('Calibration Multipliers'!L$4:L$7,MATCH($B10,'Calibration Multipliers'!$A$4:$A$7,0),1)) -> 3.2828414e+08 | Q10: =P10 -> 3.2828414e+08 | R10: =SUMIFS(INDEX(Load,,MATCH('Summarized Source Data'!$C10,Hour,0)),Month,'Summarized Source Data'!$A10,Sector,'Summarized Source Data'!R$2,TimeOfWeek,$E10)*INDEX('Calibration Multipliers'!N$4:N$7,MATCH($B10,'Calibration Multipliers'!$A$4:$A$7,0),1) -> 8476950.6 | S10: =SUMIFS(INDEX(Load,,MATCH('Summarized Source Data'!$C10,Hour,0)),Month,'Summarized Source Data'!$A10,Sector,'Summarized Source Data'!S$2,TimeOfWeek,$E10)*INDEX('Calibration Multipliers'!O$4:O$7,MATCH($B10,'Calibration Multipliers'!$A$4:$A$7,0),1) -> 8476950.6 | T10: =SUMIFS(INDEX(Load,,MATCH('Summarized Source Data'!$C10,Hour,0)),Month,'Summarized Source Data'!$A10,Sector,'Summarized Source Data'!T$2,TimeOfWeek,$E10)*INDEX('Calibration Multipliers'!P$4:P$7,MATCH($B10,'Calibration Multipliers'!$A$4:$A$7,0),1) -> 8476950.6 | U10: =SUMIFS(INDEX(Load,,MATCH('Summarized Source Data'!$C10,Hour,0)),Month,'Summarized Source Data'!$A10,Sector,'Summarized Source Data'!U$2,TimeOfWeek,$E10)*INDEX('Calibration Multipliers'!Q$4:Q$7,MATCH($B10,'Calibration Multipliers'!$A$4:$A$7,0),1) -> 8476950.6 | V10: =SUMIFS(INDEX(Load,,MATCH('Summarized Source Data'!$C10,Hour,0)),Month,'Summarized Source Data'!$A10,Sector,'Summarized Source Data'!V$2,TimeOfWeek,$E10)*INDEX('Calibration Multipliers'!R$4:R$7,MATCH($B10,'Calibration Multipliers'!$A$4:$A$7,0),1) -> 8476950.6 | W10: =SUMIFS(INDEX(Load,,MATCH('Summarized Source Data'!$C10,Hour,0)),Month,'Summarized Source Data'!$A10,Sector,'Summarized Source Data'!W$2,TimeOfWeek,$E10)*INDEX('Calibration Multipliers'!S$4:S$7,MATCH($B10,'Calibration Multipliers'!$A$4:$A$7,0),1) -> 8476950.6 | X10: =SUMIFS(INDEX(Load,,MATCH('Summarized Source Data'!$C10,Hour,0)),Month,'Summarized Source Data'!$A10,Sector,'Summarized Source Data'!X$2,Subsector,'Summarized Source Data'!X$3,TimeOfWeek,$E10)*INDEX('Calibration Multipliers'!T$4:T$7,MATCH($B10,'Calibration Multipliers'!$A$4:$A$7,0),1) -> 7.4861596e+08 | Y10: =$X10 -> 7.4861596e+08 | Z10: =$X10 -> 7.4861596e+08
A11: =ROUNDUP(ROW(A8)/24,0) -> 1 | B11: =INDEX('Category Mapping'!$G$34:$G$45,MATCH(A11,'Category Mapping'!$A$34:$A$45,0),1) -> Winter | C11: h8 | D11: Hour7 | E11: Weekday | F11: =SUMIFS(INDEX(Load,,MATCH('Summarized Source Data'!$C11,Hour,0)),Month,'Summarized Source Data'!$A11,Sector,'Summarized Source Data'!F$2,Subsector,'Summarized Source Data'!F$3,TimeOfWeek,$E11)*INDEX('Calibration Multipliers'!B$4:B$7,MATCH($B11,'Calibration Multipliers'!$A$4:$A$7,0),1) -> 28434078 | G11: =SUMIFS(INDEX(Load,,MATCH('Summarized Source Data'!$C11,Hour,0)),Month,'Summarized Source Data'!$A11,Sector,'Summarized Source Data'!G$2,Subsector,'Summarized Source Data'!G$3,TimeOfWeek,$E11)*INDEX('Calibration Multipliers'!C$4:C$7,MATCH($B11,'Calibration Multipliers'!$A$4:$A$7,0),1) -> 8245.8826 | H11: =SUMIFS(INDEX(Load,,MATCH('Summarized Source Data'!$C11,Hour,0)),Month,'Summarized Source Data'!$A11,Sector,'Summarized Source Data'!H$2,Subsector,'Summarized Source Data'!H$3,TimeOfWeek,$E11)*INDEX('Calibration Multipliers'!D$4:D$7,MATCH($B11,'Calibration Multipliers'!$A$4:$A$7,0),1) -> 0 | I11: =SUMIFS(INDEX(Load,,MATCH('Summarized Source Data'!$C11,Hour,0)),Month,'Summarized Source Data'!$A11,Sector,'Summarized Source Data'!I$2,Subsector,'Summarized Source Data'!I$3,TimeOfWeek,$E11)*INDEX('Calibration Multipliers'!E$4:E$7,MATCH($B11,'Calibration Multipliers'!$A$4:$A$7,0),1) -> 36875445 | J11: =K11 -> 1.268344e+08 | K11: =(SUMIFS(INDEX(Load,,MATCH('Summarized Source Data'!$C11,Hour,0)),Month,'Summarized Source Data'!$A11,Sector,'Summarized Source Data'!K$2,Subsector,"Total",TimeOfWeek,$E11)-SUM(F11:I11))*INDEX('Calibration Multipliers'!G$4:G$7,MATCH($B11,'Calibration Multipliers'!$A$4:$A$7,0),1) -> 1.268344e+08 | L11: =SUMIFS(INDEX(Load,,MATCH('Summarized Source Data'!$C11,Hour,0)),Month,'Summarized Source Data'!$A11,Sector,'Summarized Source Data'!L$2,Subsector,'Summarized Source Data'!L$3,TimeOfWeek,$E11)*INDEX('Calibration Multipliers'!H$4:H$7,MATCH($B11,'Calibration Multipliers'!$A$4:$A$7,0),1) -> 1.3328474e+08 | M11: =SUMIFS(INDEX(Load,,MATCH('Summarized Source Data'!$C11,Hour,0)),Month,'Summarized Source Data'!$A11,Sector,'Summarized Source Data'!M$2,Subsector,'Summarized Source Data'!M$3,TimeOfWeek,$E11)*INDEX('Calibration Multipliers'!I$4:I$7,MATCH($B11,'Calibration Multipliers'!$A$4:$A$7,0),1) -> 48442.339 | N11: =SUMIFS(INDEX(Load,,MATCH('Summarized Source Data'!$C11,Hour,0)),Month,'Summarized Source Data'!$A11,Sector,'Summarized Source Data'!N$2,Subsector,'Summarized Source Data'!N$3,TimeOfWeek,$E11)*INDEX('Calibration Multipliers'!J$4:J$7,MATCH($B11,'Calibration Multipliers'!$A$4:$A$7,0),1) -> 0 | O11: =P11 -> 4.5200897e+08 | P11: =(SUMIFS(INDEX(Load,,MATCH('Summarized Source Data'!$C11,Hour,0)),Month,'Summarized Source Data'!$A11,Sector,'Summarized Source Data'!P$2,Subsector,"Total",TimeOfWeek,$E11)-SUM(L11:N11)*INDEX('Calibration Multipliers'!L$4:L$7,MATCH($B11,'Calibration Multipliers'!$A$4:$A$7,0),1)) -> 4.5200897e+08 | Q11: =P11 -> 4.5200897e+08 | R11: =SUMIFS(INDEX(Load,,MATCH('Summarized Source Data'!$C11,Hour,0)),Month,'Summarized Source Data'!$A11,Sector,'Summarized Source Data'!R$2,TimeOfWeek,$E11)*INDEX('Calibration Multipliers'!N$4:N$7,MATCH($B11,'Calibration Multipliers'!$A$4:$A$7,0),1) -> 17771299 | S11: =SUMIFS(INDEX(Load,,MATCH('Summarized Source Data'!$C11,Hour,0)),Month,'Summarized Source Data'!$A11,Sector,'Summarized Source Data'!S$2,TimeOfWeek,$E11)*INDEX('Calibration Multipliers'!O$4:O$7,MATCH($B11,'Calibration Multipliers'!$A$4:$A$7,0),1) -> 17771299 | T11: =SUMIFS(INDEX(Load,,MATCH('Summarized Source Data'!$C11,Hour,0)),Month,'Summarized Source Data'!$A11,Sector,'Summarized Source Data'!T$2,TimeOfWeek,$E11)*INDEX('Calibration Multipliers'!P$4:P$7,MATCH($B11,'Calibration Multipliers'!$A$4:$A$7,0),1) -> 17771299 | U11: =SUMIFS(INDEX(Load,,MATCH('Summarized Source Data'!$C11,Hour,0)),Month,'Summarized Source Data'!$A11,Sector,'Summarized Source Data'!U$2,TimeOfWeek,$E11)*INDEX('Calibration Multipliers'!Q$4:Q$7,MATCH($B11,'Calibration Multipliers'!$A$4:$A$7,0),1) -> 17771299 | V11: =SUMIFS(INDEX(Load,,MATCH('Summarized Source Data'!$C11,Hour,0)),Month,'Summarized Source Data'!$A11,Sector,'Summarized Source Data'!V$2,TimeOfWeek,$E11)*INDEX('Calibration Multipliers'!R$4:R$7,MATCH($B11,'Calibration Multipliers'!$A$4:$A$7,0),1) -> 17771299 | W11: =SUMIFS(INDEX(Load,,MATCH('Summarized Source Data'!$C11,Hour,0)),Month,'Summarized Source Data'!$A11,Sector,'Summarized Source Data'!W$2,TimeOfWeek,$E11)*INDEX('Calibration Multipliers'!S$4:S$7,MATCH($B11,'Calibration Multipliers'!$A$4:$A$7,0),1) -> 17771299 | X11: =SUMIFS(INDEX(Load,,MATCH('Summarized Source Data'!$C11,Hour,0)),Month,'Summarized Source Data'!$A11,Sector,'Summarized Source Data'!X$2,Subsector,'Summarized Source Data'!X$3,TimeOfWeek,$E11)*INDEX('Calibration Multipliers'!T$4:T$7,MATCH($B11,'Calibration Multipliers'!$A$4:$A$7,0),1) -> 7.563909e+08 | Y11: =$X11 -> 7.563909e+08 | Z11: =$X11 -> 7.563909e+08
A12: =ROUNDUP(ROW(A9)/24,0) -> 1 | B12: =INDEX('Category Mapping'!$G$34:$G$45,MATCH(A12,'Category Mapping'!$A$34:$A$45,0),1) -> Winter | C12: h9 | D12: Hour8 | E12: Weekday | F12: =SUMIFS(INDEX(Load,,MATCH('Summarized Source Data'!$C12,Hour,0)),Month,'Summarized Source Data'!$A12,Sector,'Summarized Source Data'!F$2,Subsector,'Summarized Source Data'!F$3,TimeOfWeek,$E12)*INDEX('Calibration Multipliers'!B$4:B$7,MATCH($B12,'Calibration Multipliers'!$A$4:$A$7,0),1) -> 27323372 | G12: =SUMIFS(INDEX(Load,,MATCH('Summarized Source Data'!$C12,Hour,0)),Month,'Summarized Source Data'!$A12,Sector,'Summarized Source Data'!G$2,Subsector,'Summarized Source Data'!G$3,TimeOfWeek,$E12)*INDEX('Calibration Multipliers'!C$4:C$7,MATCH($B12,'Calibration Multipliers'!$A$4:$A$7,0),1) -> 6663.1263 | H12: =SUMIFS(INDEX(Load,,MATCH('Summarized Source Data'!$C12,Hour,0)),Month,'Summarized Source Data'!$A12,Sector,'Summarized Source Data'!H$2,Subsector,'Summarized Source Data'!H$3,TimeOfWeek,$E12)*INDEX('Calibration Multipliers'!D$4:D$7,MATCH($B12,'Calibration Multipliers'!$A$4:$A$7,0),1) -> 0 | I12: =SUMIFS(INDEX(Load,,MATCH('Summarized Source Data'!$C12,Hour,0)),Month,'Summarized Source Data'!$A12,Sector,'Summarized Source Data'!I$2,Subsector,'Summarized Source Data'!I$3,TimeOfWeek,$E12)*INDEX('Calibration Multipliers'!E$4:E$7,MATCH($B12,'Calibration Multipliers'!$A$4:$A$7,0),1) -> 11884556 | J12: =K12 -> 1.2628063e+08 | K12: =(SUMIFS(INDEX(Load,,MATCH('Summarized Source Data'!$C12,Hour,0)),Month,'Summarized Source Data'!$A12,Sector,'Summarized Source Data'!K$2,Subsector,"Total",TimeOfWeek,$E12)-SUM(F12:I12))*INDEX('Calibration Multipliers'!G$4:G$7,MATCH($B12,'Calibration Multipliers'!$A$4:$A$7,0),1) -> 1.2628063e+08 | L12: =SUMIFS(INDEX(Load,,MATCH('Summarized Source Data'!$C12,Hour,0)),Month,'Summarized Source Data'!$A12,Sector,'Summarized Source Data'!L$2,Subsector,'Summarized Source Data'!L$3,TimeOfWeek,$E12)*INDEX('Calibration Multipliers'!H$4:H$7,MATCH($B12,'Calibration Multipliers'!$A$4:$A$7,0),1) -> 1.4105968e+08 | M12: =SUMIFS(INDEX(Load,,MATCH('Summarized Source Data'!$C12,Hour,0)),Month,'Summarized Source Data'!$A12,Sector,'Summarized Source Data'!M$2,Subsector,'Summarized Source Data'!M$3,TimeOfWeek,$E12)*INDEX('Calibration Multipliers'!I$4:I$7,MATCH($B12,'Calibration Multipliers'!$A$4:$A$7,0),1) -> 59959.251 | N12: =SUMIFS(INDEX(Load,,MATCH('Summarized Source Data'!$C12,Hour,0)),Month,'Summarized Source Data'!$A12,Sector,'Summarized Source Data'!N$2,Subsector,'Summarized Source Data'!N$3,TimeOfWeek,$E12)*INDEX('Calibration Multipliers'!J$4:J$7,MATCH($B12,'Calibration Multipliers'!$A$4:$A$7,0),1) -> 0 | O12: =P12 -> 5.5973595e+08 | P12: =(SUMIFS(INDEX(Load,,MATCH('Summarized Source Data'!$C12,Hour,0)),Month,'Summarized Source Data'!$A12,Sector,'Summarized Source Data'!P$2,Subsector,"Total",TimeOfWeek,$E12)-SUM(L12:N12)*INDEX('Calibration Multipliers'!L$4:L$7,MATCH($B12,'Calibration Multipliers'!$A$4:$A$7,0),1)) -> 5.5973595e+08 | Q12: =P12 -> 5.5973595e+08 | R12: =SUMIFS(INDEX(Load,,MATCH('Summarized Source Data'!$C12,Hour,0)),Month,'Summarized Source Data'!$A12,Sector,'Summarized Source Data'!R$2,TimeOfWeek,$E12)*INDEX('Calibration Multipliers'!N$4:N$7,MATCH($B12,'Calibration Multipliers'!$A$4:$A$7,0),1) -> 19326287 | S12: =SUMIFS(INDEX(Load,,MATCH('Summarized Source Data'!$C12,Hour,0)),Month,'Summarized Source Data'!$A12,Sector,'Summarized Source Data'!S$2,TimeOfWeek,$E12)*INDEX('Calibration Multipliers'!O$4:O$7,MATCH($B12,'Calibration Multipliers'!$A$4:$A$7,0),1) -> 19326287 | T12: =SUMIFS(INDEX(Load,,MATCH('Summarized Source Data'!$C12,Hour,0)),Month,'Summarized Source Data'!$A12,Sector,'Summarized Source Data'!T$2,TimeOfWeek,$E12)*INDEX('Calibration Multipliers'!P$4:P$7,MATCH($B12,'Calibration Multipliers'!$A$4:$A$7,0),1) -> 19326287 | U12: =SUMIFS(INDEX(Load,,MATCH('Summarized Source Data'!$C12,Hour,0)),Month,'Summarized Source Data'!$A12,Sector,'Summarized Source Data'!U$2,TimeOfWeek,$E12)*INDEX('Calibration Multipliers'!Q$4:Q$7,MATCH($B12,'Calibration Multipliers'!$A$4:$A$7,0),1) -> 19326287 | V12: =SUMIFS(INDEX(Load,,MATCH('Summarized Source Data'!$C12,Hour,0)),Month,'Summarized Source Data'!$A12,Sector,'Summarized Source Data'!V$2,TimeOfWeek,$E12)*INDEX('Calibration Multipliers'!R$4:R$7,MATCH($B12,'Calibration Multipliers'!$A$4:$A$7,0),1) -> 19326287 | W12: =SUMIFS(INDEX(Load,,MATCH('Summarized Source Data'!$C12,Hour,0)),Month,'Summarized Source Data'!$A12,Sector,'Summarized Source Data'!W$2,TimeOfWeek,$E12)*INDEX('Calibration Multipliers'!S$4:S$7,MATCH($B12,'Calibration Multipliers'!$A$4:$A$7,0),1) -> 19326287 | X12: =SUMIFS(INDEX(Load,,MATCH('Summarized Source Data'!$C12,Hour,0)),Month,'Summarized Source Data'!$A12,Sector,'Summarized Source Data'!X$2,Subsector,'Summarized Source Data'!X$3,TimeOfWeek,$E12)*INDEX('Calibration Multipliers'!T$4:T$7,MATCH($B12,'Calibration Multipliers'!$A$4:$A$7,0),1) -> 7.5861232e+08 | Y12: =$X12 -> 7.5861232e+08 | Z12: =$X12 -> 7.5861232e+08
A13: =ROUNDUP(ROW(A10)/24,0) -> 1 | B13: =INDEX('Category Mapping'!$G$34:$G$45,MATCH(A13,'Category Mapping'!$A$34:$A$45,0),1) -> Winter | C13: h10 | D13: Hour9 | E13: Weekday | F13: =SUMIFS(INDEX(Load,,MATCH('Summarized Source Data'!$C13,Hour,0)),Month,'Summarized Source Data'!$A13,Sector,'Summarized Source Data'!F$2,Subsector,'Summarized Source Data'!F$3,TimeOfWeek,$E13)*INDEX('Calibration Multipliers'!B$4:B$7,MATCH($B13,'Calibration Multipliers'!$A$4:$A$7,0),1) -> 20436994 | G13: =SUMIFS(INDEX(Load,,MATCH('Summarized Source Data'!$C13,Hour,0)),Month,'Summarized Source Data'!$A13,Sector,'Summarized Source Data'!G$2,Subsector,'Summarized Source Data'!G$3,TimeOfWeek,$E13)*INDEX('Calibration Multipliers'!C$4:C$7,MATCH($B13,'Calibration Multipliers'!$A$4:$A$7,0),1) -> 5761.2329 | H13: =SUMIFS(INDEX(Load,,MATCH('Summarized Source Data'!$C13,Hour,0)),Month,'Summarized Source Data'!$A13,Sector,'Summarized Source Data'!H$2,Subsector,'Summarized Source Data'!H$3,TimeOfWeek,$E13)*INDEX('Calibration Multipliers'!D$4:D$7,MATCH($B13,'Calibration Multipliers'!$A$4:$A$7,0),1) -> 0 | I13: =SUMIFS(INDEX(Load,,MATCH('Summarized Source Data'!$C13,Hour,0)),Month,'Summarized Source Data'!$A13,Sector,'Summarized Source Data'!I$2,Subsector,'Summarized Source Data'!I$3,TimeOfWeek,$E13)*INDEX('Calibration Multipliers'!E$4:E$7,MATCH($B13,'Calibration Multipliers'!$A$4:$A$7,0),1) -> 11440274 | J13: =K13 -> 1.2583725e+08 | K13: =(SUMIFS(INDEX(Load,,MATCH('Summarized Source Data'!$C13,Hour,0)),Month,'Summarized Source Data'!$A13,Sector,'Summarized Source Data'!K$2,Subsector,"Total",TimeOfWeek,$E13)-SUM(F13:I13))*INDEX('Calibration Multipliers'!G$4:G$7,MATCH($B13,'Calibration Multipliers'!$A$4:$A$7,0),1) -> 1.2583725e+08 | L13: =SUMIFS(INDEX(Load,,MATCH('Summarized Source Data'!$C13,Hour,0)),Month,'Summarized Source Data'!$A13,Sector,'Summarized Source Data'!L$2,Subsector,'Summarized Source Data'!L$3,TimeOfWeek,$E13)*INDEX('Calibration Multipliers'!H$4:H$7,MATCH($B13,'Calibration Multipliers'!$A$4:$A$7,0),1) -> 1.0196283e+08 | M13: =SUMIFS(INDEX(Load,,MATCH('Summarized Source Data'!$C13,Hour,0)),Month,'Summarized Source Data'!$A13,Sector,'Summarized Source Data'!M$2,Subsector,'Summarized Source Data'!M$3,TimeOfWeek,$E13)*INDEX('Calibration Multipliers'!I$4:I$7,MATCH($B13,'Calibration Multipliers'!$A$4:$A$7,0),1) -> 67314.348 | N13: =SUMIFS(INDEX(Load,,MATCH('Summarized Source Data'!$C13,Hour,0)),Month,'Summarized Source Data'!$A13,Sector,'Summarized Source Data'!N$2,Subsector,'Summarized Source Data'!N$3,TimeOfWeek,$E13)*INDEX('Calibration Multipliers'!J$4:J$7,MATCH($B13,'Calibration Multipliers'!$A$4:$A$7,0),1) -> 0 | O13: =P13 -> 5.8771839e+08 | P13: =(SUMIFS(INDEX(Load,,MATCH('Summarized Source Data'!$C13,Hour,0)),Month,'Summarized Source Data'!$A13,Sector,'Summarized Source Data'!P$2,Subsector,"Total",TimeOfWeek,$E13)-SUM(L13:N13)*INDEX('Calibration Multipliers'!L$4:L$7,MATCH($B13,'Calibration Multipliers'!$A$4:$A$7,0),1)) -> 5.8771839e+08 | Q13: =P13 -> 5.8771839e+08 | R13: =SUMIFS(INDEX(Load,,MATCH('Summarized Source Data'!$C13,Hour,0)),Month,'Summarized Source Data'!$A13,Sector,'Summarized Source Data'!R$2,TimeOfWeek,$E13)*INDEX('Calibration Multipliers'!N$4:N$7,MATCH($B13,'Calibration Multipliers'!$A$4:$A$7,0),1) -> 17104875 | S13: =SUMIFS(INDEX(Load,,MATCH('Summarized Source Data'!$C13,Hour,0)),Month,'Summarized Source Data'!$A13,Sector,'Summarized Source Data'!S$2,TimeOfWeek,$E13)*INDEX('Calibration Multipliers'!O$4:O$7,MATCH($B13,'Calibration Multipliers'!$A$4:$A$7,0),1) -> 17104875 | T13: =SUMIFS(INDEX(Load,,MATCH('Summarized Source Data'!$C13,Hour,0)),Month,'Summarized Source Data'!$A13,Sector,'Summarized Source Data'!T$2,TimeOfWeek,$E13)*INDEX('Calibration Multipliers'!P$4:P$7,MATCH($B13,'Calibration Multipliers'!$A$4:$A$7,0),1) -> 17104875 | U13: =SUMIFS(INDEX(Load,,MATCH('Summarized Source Data'!$C13,Hour,0)),Month,'Summarized Source Data'!$A13,Sector,'Summarized Source Data'!U$2,TimeOfWeek,$E13)*INDEX('Calibration Multipliers'!Q$4:Q$7,MATCH($B13,'Calibration Multipliers'!$A$4:$A$7,0),1) -> 17104875 | V13: =SUMIFS(INDEX(Load,,MATCH('Summarized Source Data'!$C13,Hour,0)),Month,'Summarized Source Data'!$A13,Sector,'Summarized Source Data'!V$2,TimeOfWeek,$E13)*INDEX('Calibration Multipliers'!R$4:R$7,MATCH($B13,'Calibration Multipliers'!$A$4:$A$7,0),1) -> 17104875 | W13: =SUMIFS(INDEX(Load,,MATCH('Summarized Source Data'!$C13,Hour,0)),Month,'Summarized Source Data'!$A13,Sector,'Summarized Source Data'!W$2,TimeOfWeek,$E13)*INDEX('Calibration Multipliers'!S$4:S$7,MATCH($B13,'Calibration Multipliers'!$A$4:$A$7,0),1) -> 17104875 | X13: =SUMIFS(INDEX(Load,,MATCH('Summarized Source Data'!$C13,Hour,0)),Month,'Summarized Source Data'!$A13,Sector,'Summarized Source Data'!X$2,Subsector,'Summarized Source Data'!X$3,TimeOfWeek,$E13)*INDEX('Calibration Multipliers'!T$4:T$7,MATCH($B13,'Calibration Multipliers'!$A$4:$A$7,0),1) -> 7.5750161e+08 | Y13: =$X13 -> 7.5750161e+08 | Z13: =$X13 -> 7.5750161e+08
A14: =ROUNDUP(ROW(A11)/24,0) -> 1 | B14: =INDEX('Category Mapping'!$G$34:$G$45,MATCH(A14,'Category Mapping'!$A$34:$A$45,0),1) -> Winter | C14: h11 | D14: Hour10 | E14: Weekday | F14: =SUMIFS(INDEX(Load,,MATCH('Summarized Source Data'!$C14,Hour,0)),Month,'Summarized Source Data'!$A14,Sector,'Summarized Source Data'!F$2,Subsector,'Summarized Source Data'!F$3,TimeOfWeek,$E14)*INDEX('Calibration Multipliers'!B$4:B$7,MATCH($B14,'Calibration Multipliers'!$A$4:$A$7,0),1) -> 19659499 | G14: =SUMIFS(INDEX(Load,,MATCH('Summarized Source Data'!$C14,Hour,0)),Month,'Summarized Source Data'!$A14,Sector,'Summarized Source Data'!G$2,Subsector,'Summarized Source Data'!G$3,TimeOfWeek,$E14)*INDEX('Calibration Multipliers'!C$4:C$7,MATCH($B14,'Calibration Multipliers'!$A$4:$A$7,0),1) -> 5692.3691 | H14: =SUMIFS(INDEX(Load,,MATCH('Summarized Source Data'!$C14,Hour,0)),Month,'Summarized Source Data'!$A14,Sector,'Summarized Source Data'!H$2,Subsector,'Summarized Source Data'!H$3,TimeOfWeek,$E14)*INDEX('Calibration Multipliers'!D$4:D$7,MATCH($B14,'Calibration Multipliers'!$A$4:$A$7,0),1) -> 0 | I14: =SUMIFS(INDEX(Load,,MATCH('Summarized Source Data'!$C14,Hour,0)),Month,'Summarized Source Data'!$A14,Sector,'Summarized Source Data'!I$2,Subsector,'Summarized Source Data'!I$3,TimeOfWeek,$E14)*INDEX('Calibration Multipliers'!E$4:E$7,MATCH($B14,'Calibration Multipliers'!$A$4:$A$7,0),1) -> 11662415 | J14: =K14 -> 1.2417126e+08 | K14: =(SUMIFS(INDEX(Load,,MATCH('Summarized Source Data'!$C14,Hour,0)),Month,'Summarized Source Data'!$A14,Sector,'Summarized Source Data'!K$2,Subsector,"Total",TimeOfWeek,$E14)-SUM(F14:I14))*INDEX('Calibration Multipliers'!G$4:G$7,MATCH($B14,'Calibration Multipliers'!$A$4:$A$7,0),1) -> 1.2417126e+08 | L14: =SUMIFS(INDEX(Load,,MATCH('Summarized Source Data'!$C14,Hour,0)),Month,'Summarized Source Data'!$A14,Sector,'Summarized Source Data'!L$2,Subsector,'Summarized Source Data'!L$3,TimeOfWeek,$E14)*INDEX('Calibration Multipliers'!H$4:H$7,MATCH($B14,'Calibration Multipliers'!$A$4:$A$7,0),1) -> 85302234 | M14: =SUMIFS(INDEX(Load,,MATCH('Summarized Source Data'!$C14,Hour,0)),Month,'Summarized Source Data'!$A14,Sector,'Summarized Source Data'!M$2,Subsector,'Summarized Source Data'!M$3,TimeOfWeek,$E14)*INDEX('Calibration Multipliers'!I$4:I$7,MATCH($B14,'Calibration Multipliers'!$A$4:$A$7,0),1) -> 71137.398 | N14: =SUMIFS(INDEX(Load,,MATCH('Summarized Source Data'!$C14,Hour,0)),Month,'Summarized Source Data'!$A14,Sector,'Summarized Source Data'!N$2,Subsector,'Summarized Source Data'!N$3,TimeOfWeek,$E14)*INDEX('Calibration Multipliers'!J$4:J$7,MATCH($B14,'Calibration Multipliers'!$A$4:$A$7,0),1) -> 0 | O14: =P14 -> 5.8438245e+08 | P14: =(SUMIFS(INDEX(Load,,MATCH('Summarized Source Data'!$C14,Hour,0)),Month,'Summarized Source Data'!$A14,Sector,'Summarized Source Data'!P$2,Subsector,"Total",TimeOfWeek,$E14)-SUM(L14:N14)*INDEX('Calibration Multipliers'!L$4:L$7,MATCH($B14,'Calibration Multipliers'!$A$4:$A$7,0),1)) -> 5.8438245e+08 | Q14: =P14 -> 5.8438245e+08 | R14: =SUMIFS(INDEX(Load,,MATCH('Summarized Source Data'!$C14,Hour,0)),Month,'Summarized Source Data'!$A14,Sector,'Summarized Source Data'!R$2,TimeOfWeek,$E14)*INDEX('Calibration Multipliers'!N$4:N$7,MATCH($B14,'Calibration Multipliers'!$A$4:$A$7,0),1) -> 13772757 | S14: =SUMIFS(INDEX(Load,,MATCH('Summarized Source Data'!$C14,Hour,0)),Month,'Summarized Source Data'!$A14,Sector,'Summarized Source Data'!S$2,TimeOfWeek,$E14)*INDEX('Calibration Multipliers'!O$4:O$7,MATCH($B14,'Calibration Multipliers'!$A$4:$A$7,0),1) -> 13772757 | T14: =SUMIFS(INDEX(Load,,MATCH('Summarized Source Data'!$C14,Hour,0)),Month,'Summarized Source Data'!$A14,Sector,'Summarized Source Data'!T$2,TimeOfWeek,$E14)*INDEX('Calibration Multipliers'!P$4:P$7,MATCH($B14,'Calibration Multipliers'!$A$4:$A$7,0),1) -> 13772757 | U14: =SUMIFS(INDEX(Load,,MATCH('Summarized Source Data'!$C14,Hour,0)),Month,'Summarized Source Data'!$A14,Sector,'Summarized Source Data'!U$2,TimeOfWeek,$E14)*INDEX('Calibration Multipliers'!Q$4:Q$7,MATCH($B14,'Calibration Multipliers'!$A$4:$A$7,0),1) -> 13772757 | V14: =SUMIFS(INDEX(Load,,MATCH('Summarized Source Data'!$C14,Hour,0)),Month,'Summarized Source Data'!$A14,Sector,'Summarized Source Data'!V$2,TimeOfWeek,$E14)*INDEX('Calibration Multipliers'!R$4:R$7,MATCH($B14,'Calibration Multipliers'!$A$4:$A$7,0),1) -> 13772757 | W14: =SUMIFS(INDEX(Load,,MATCH('Summarized Source Data'!$C14,Hour,0)),Month,'Summarized Source Data'!$A14,Sector,'Summarized Source Data'!W$2,TimeOfWeek,$E14)*INDEX('Calibration Multipliers'!S$4:S$7,MATCH($B14,'Calibration Multipliers'!$A$4:$A$7,0),1) -> 13772757 | X14: =SUMIFS(INDEX(Load,,MATCH('Summarized Source Data'!$C14,Hour,0)),Month,'Summarized Source Data'!$A14,Sector,'Summarized Source Data'!X$2,Subsector,'Summarized Source Data'!X$3,TimeOfWeek,$E14)*INDEX('Calibration Multipliers'!T$4:T$7,MATCH($B14,'Calibration Multipliers'!$A$4:$A$7,0),1) -> 7.5416949e+08 | Y14: =$X14 -> 7.5416949e+08 | Z14: =$X14 -> 7.5416949e+08
A15: =ROUNDUP(ROW(A12)/24,0) -> 1 | B15: =INDEX('Category Mapping'!$G$34:$G$45,MATCH(A15,'Category Mapping'!$A$34:$A$45,0),1) -> Winter | C15: h12 | D15: Hour11 | E15: Weekday | F15: =SUMIFS(INDEX(Load,,MATCH('Summarized Source Data'!$C15,Hour,0)),Month,'Summarized Source Data'!$A15,Sector,'Summarized Source Data'!F$2,Subsector,'Summarized Source Data'!F$3,TimeOfWeek,$E15)*INDEX('Calibration Multipliers'!B$4:B$7,MATCH($B15,'Calibration Multipliers'!$A$4:$A$7,0),1) -> 19548429 | G15: =SUMIFS(INDEX(Load,,MATCH('Summarized Source Data'!$C15,Hour,0)),Month,'Summarized Source Data'!$A15,Sector,'Summarized Source Data'!G$2,Subsector,'Summarized Source Data'!G$3,TimeOfWeek,$E15)*INDEX('Calibration Multipliers'!C$4:C$7,MATCH($B15,'Calibration Multipliers'!$A$4:$A$7,0),1) -> 6366.5678 | H15: =SUMIFS(INDEX(Load,,MATCH('Summarized Source Data'!$C15,Hour,0)),Month,'Summarized Source Data'!$A15,Sector,'Summarized Source Data'!H$2,Subsector,'Summarized Source Data'!H$3,TimeOfWeek,$E15)*INDEX('Calibration Multipliers'!D$4:D$7,MATCH($B15,'Calibration Multipliers'!$A$4:$A$7,0),1) -> 0 | I15: =SUMIFS(INDEX(Load,,MATCH('Summarized Source Data'!$C15,Hour,0)),Month,'Summarized Source Data'!$A15,Sector,'Summarized Source Data'!I$2,Subsector,'Summarized Source Data'!I$3,TimeOfWeek,$E15)*INDEX('Calibration Multipliers'!E$4:E$7,MATCH($B15,'Calibration Multipliers'!$A$4:$A$7,0),1) -> 12773121 | J15: =K15 -> 1.2428165e+08 | K15: =(SUMIFS(INDEX(Load,,MATCH('Summarized Source Data'!$C15,Hour,0)),Month,'Summarized Source Data'!$A15,Sector,'Summarized Source Data'!K$2,Subsector,"Total",TimeOfWeek,$E15)-SUM(F15:I15))*INDEX('Calibration Multipliers'!G$4:G$7,MATCH($B15,'Calibration Multipliers'!$A$4:$A$7,0),1) -> 1.2428165e+08 | L15: =SUMIFS(INDEX(Load,,MATCH('Summarized Source Data'!$C15,Hour,0)),Month,'Summarized Source Data'!$A15,Sector,'Summarized Source Data'!L$2,Subsector,'Summarized Source Data'!L$3,TimeOfWeek,$E15)*INDEX('Calibration Multipliers'!H$4:H$7,MATCH($B15,'Calibration Multipliers'!$A$4:$A$7,0),1) -> 74972667 | M15: =SUMIFS(INDEX(Load,,MATCH('Summarized Source Data'!$C15,Hour,0)),Month,'Summarized Source Data'!$A15,Sector,'Summarized Source Data'!M$2,Subsector,'Summarized Source Data'!M$3,TimeOfWeek,$E15)*INDEX('Calibration Multipliers'!I$4:I$7,MATCH($B15,'Calibration Multipliers'!$A$4:$A$7,0),1) -> 72032.628 | N15: =SUMIFS(INDEX(Load,,MATCH('Summarized Source Data'!$C15,Hour,0)),Month,'Summarized Source Data'!$A15,Sector,'Summarized Source Data'!N$2,Subsector,'Summarized Source Data'!N$3,TimeOfWeek,$E15)*INDEX('Calibration Multipliers'!J$4:J$7,MATCH($B15,'Calibration Multipliers'!$A$4:$A$7,0),1) -> 0 | O15: =P15 -> 5.8249336e+08 | P15: =(SUMIFS(INDEX(Load,,MATCH('Summarized Source Data'!$C15,Hour,0)),Month,'Summarized Source Data'!$A15,Sector,'Summarized Source Data'!P$2,Subsector,"Total",TimeOfWeek,$E15)-SUM(L15:N15)*INDEX('Calibration Multipliers'!L$4:L$7,MATCH($B15,'Calibration Multipliers'!$A$4:$A$7,0),1)) -> 5.8249336e+08 | Q15: =P15 -> 5.8249336e+08 | R15: =SUMIFS(INDEX(Load,,MATCH('Summarized Source Data'!$C15,Hour,0)),Month,'Summarized Source Data'!$A15,Sector,'Summarized Source Data'!R$2,TimeOfWeek,$E15)*INDEX('Calibration Multipliers'!N$4:N$7,MATCH($B15,'Calibration Multipliers'!$A$4:$A$7,0),1) -> 13883827 | S15: =SUMIFS(INDEX(Load,,MATCH('Summarized Source Data'!$C15,Hour,0)),Month,'Summarized Source Data'!$A15,Sector,'Summarized Source Data'!S$2,TimeOfWeek,$E15)*INDEX('Calibration Multipliers'!O$4:O$7,MATCH($B15,'Calibration Multipliers'!$A$4:$A$7,0),1) -> 13883827 | T15: =SUMIFS(INDEX(Load,,MATCH('Summarized Source Data'!$C15,Hour,0)),Month,'Summarized Source Data'!$A15,Sector,'Summarized Source Data'!T$2,TimeOfWeek,$E15)*INDEX('Calibration Multipliers'!P$4:P$7,MATCH($B15,'Calibration Multipliers'!$A$4:$A$7,0),1) -> 13883827 | U15: =SUMIFS(INDEX(Load,,MATCH('Summarized Source Data'!$C15,Hour,0)),Month,'Summarized Source Data'!$A15,Sector,'Summarized Source Data'!U$2,TimeOfWeek,$E15)*INDEX('Calibration Multipliers'!Q$4:Q$7,MATCH($B15,'Calibration Multipliers'!$A$4:$A$7,0),1) -> 13883827 | V15: =SUMIFS(INDEX(Load,,MATCH('Summarized Source Data'!$C15,Hour,0)),Month,'Summarized Source Data'!$A15,Sector,'Summarized Source Data'!V$2,TimeOfWeek,$E15)*INDEX('Calibration Multipliers'!R$4:R$7,MATCH($B15,'Calibration Multipliers'!$A$4:$A$7,0),1) -> 13883827 | W15: =SUMIFS(INDEX(Load,,MATCH('Summarized Source Data'!$C15,Hour,0)),Month,'Summarized Source Data'!$A15,Sector,'Summarized Source Data'!W$2,TimeOfWeek,$E15)*INDEX('Calibration Multipliers'!S$4:S$7,MATCH($B15,'Calibration Multipliers'!$A$4:$A$7,0),1) -> 13883827 | X15: =SUMIFS(INDEX(Load,,MATCH('Summarized Source Data'!$C15,Hour,0)),Month,'Summarized Source Data'!$A15,Sector,'Summarized Source Data'!X$2,Subsector,'Summarized Source Data'!X$3,TimeOfWeek,$E15)*INDEX('Calibration Multipliers'!T$4:T$7,MATCH($B15,'Calibration Multipliers'!$A$4:$A$7,0),1) -> 7.5194808e+08 | Y15: =$X15 -> 7.5194808e+08 | Z15: =$X15 -> 7.5194808e+08
... A291: =ROUNDUP(ROW(A288)/24,0) -> 12 | B291: =INDEX('Category Mapping'!$G$34:$G$45,MATCH(A291,'Category Mapping'!$A$34:$A$45,0),1) -> Winter | C291: h24 | D291: Hour23 | E291: Weekday | F291: =SUMIFS(INDEX(Load,,MATCH('Summarized Source Data'!$C291,Hour,0)),Month,'Summarized Source Data'!$A291,Sector,'Summarized Source Data'!F$2,Subsector,'Summarized Source Data'!F$3,TimeOfWeek,$E291)*INDEX('Calibration Multipliers'!B$4:B$7,MATCH($B291,'Calibration Multipliers'!$A$4:$A$7,0),1) -> 18985808 | G291: =SUMIFS(INDEX(Load,,MATCH('Summarized Source Data'!$C291,Hour,0)),Month,'Summarized Source Data'!$A291,Sector,'Summarized Source Data'!G$2,Subsector,'Summarized Source Data'!G$3,TimeOfWeek,$E291)*INDEX('Calibration Multipliers'!C$4:C$7,MATCH($B291,'Calibration Multipliers'!$A$4:$A$7,0),1) -> 19898.243 | H291: =SUMIFS(INDEX(Load,,MATCH('Summarized Source Data'!$C291,Hour,0)),Month,'Summarized Source Data'!$A291,Sector,'Summarized Source Data'!H$2,Subsector,'Summarized Source Data'!H$3,TimeOfWeek,$E291)*INDEX('Calibration Multipliers'!D$4:D$7,MATCH($B291,'Calibration Multipliers'!$A$4:$A$7,0),1) -> 0 | I291: =SUMIFS(INDEX(Load,,MATCH('Summarized Source Data'!$C291,Hour,0)),Month,'Summarized Source Data'!$A291,Sector,'Summarized Source Data'!I$2,Subsector,'Summarized Source Data'!I$3,TimeOfWeek,$E291)*INDEX('Calibration Multipliers'!E$4:E$7,MATCH($B291,'Calibration Multipliers'!$A$4:$A$7,0),1) -> 18650764 | J291: =K291 -> 1.0417868e+08 | K291: =(SUMIFS(INDEX(Load,,MATCH('Summarized Source Data'!$C291,Hour,0)),Month,'Summarized Source Data'!$A291,Sector,'Summarized Source Data'!K$2,Subsector,"Total",TimeOfWeek,$E291)-SUM(F291:I291))*INDEX('Calibration Multipliers'!G$4:G$7,MATCH($B291,'Calibration Multipliers'!$A$4:$A$7,0),1) -> 1.0417868e+08 | L291: =SUMIFS(INDEX(Load,,MATCH('Summarized Source Data'!$C291,Hour,0)),Month,'Summarized Source Data'!$A291,Sector,'Summarized Source Data'!L$2,Subsector,'Summarized Source Data'!L$3,TimeOfWeek,$E291)*INDEX('Calibration Multipliers'!H$4:H$7,MATCH($B291,'Calibration Multipliers'!$A$4:$A$7,0),1) -> 35402947 | M291: =SUMIFS(INDEX(Load,,MATCH('Summarized Source Data'!$C291,Hour,0)),Month,'Summarized Source Data'!$A291,Sector,'Summarized Source Data'!M$2,Subsector,'Summarized Source Data'!M$3,TimeOfWeek,$E291)*INDEX('Calibration Multipliers'!I$4:I$7,MATCH($B291,'Calibration Multipliers'!$A$4:$A$7,0),1) -> 59693.613 | N291: =SUMIFS(INDEX(Load,,MATCH('Summarized Source Data'!$C291,Hour,0)),Month,'Summarized Source Data'!$A291,Sector,'Summarized Source Data'!N$2,Subsector,'Summarized Source Data'!N$3,TimeOfWeek,$E291)*INDEX('Calibration Multipliers'!J$4:J$7,MATCH($B291,'Calibration Multipliers'!$A$4:$A$7,0),1) -> 0 | O291: =P291 -> 2.057688e+08 | P291: =(SUMIFS(INDEX(Load,,MATCH('Summarized Source Data'!$C291,Hour,0)),Month,'Summarized Source Data'!$A291,Sector,'Summarized Source Data'!P$2,Subsector,"Total",TimeOfWeek,$E291)-SUM(L291:N291)*INDEX('Calibration Multipliers'!L$4:L$7,MATCH($B291,'Calibration Multipliers'!$A$4:$A$7,0),1)) -> 2.057688e+08 | Q291: =P291 -> 2.057688e+08 | R291: =SUMIFS(INDEX(Load,,MATCH('Summarized Source Data'!$C291,Hour,0)),Month,'Summarized Source Data'!$A291,Sector,'Summarized Source Data'!R$2,TimeOfWeek,$E291)*INDEX('Calibration Multipliers'!N$4:N$7,MATCH($B291,'Calibration Multipliers'!$A$4:$A$7,0),1) -> 8219311.3 | S291: =SUMIFS(INDEX(Load,,MATCH('Summarized Source Data'!$C291,Hour,0)),Month,'Summarized Source Data'!$A291,Sector,'Summarized Source Data'!S$2,TimeOfWeek,$E291)*INDEX('Calibration Multipliers'!O$4:O$7,MATCH($B291,'Calibration Multipliers'!$A$4:$A$7,0),1) -> 8219311.3 | T291: =SUMIFS(INDEX(Load,,MATCH('Summarized Source Data'!$C291,Hour,0)),Month,'Summarized Source Data'!$A291,Sector,'Summarized Source Data'!T$2,TimeOfWeek,$E291)*INDEX('Calibration Multipliers'!P$4:P$7,MATCH($B291,'Calibration Multipliers'!$A$4:$A$7,0),1) -> 8219311.3 | U291: =SUMIFS(INDEX(Load,,MATCH('Summarized Source Data'!$C291,Hour,0)),Month,'Summarized Source Data'!$A291,Sector,'Summarized Source Data'!U$2,TimeOfWeek,$E291)*INDEX('Calibration Multipliers'!Q$4:Q$7,MATCH($B291,'Calibration Multipliers'!$A$4:$A$7,0),1) -> 8219311.3 | V291: =SUMIFS(INDEX(Load,,MATCH('Summarized Source Data'!$C291,Hour,0)),Month,'Summarized Source Data'!$A291,Sector,'Summarized Source Data'!V$2,TimeOfWeek,$E291)*INDEX('Calibration Multipliers'!R$4:R$7,MATCH($B291,'Calibration Multipliers'!$A$4:$A$7,0),1) -> 8219311.3 | W291: =SUMIFS(INDEX(Load,,MATCH('Summarized Source Data'!$C291,Hour,0)),Month,'Summarized Source Data'!$A291,Sector,'Summarized Source Data'!W$2,TimeOfWeek,$E291)*INDEX('Calibration Multipliers'!S$4:S$7,MATCH($B291,'Calibration Multipliers'!$A$4:$A$7,0),1) -> 8219311.3 | X291: =SUMIFS(INDEX(Load,,MATCH('Summarized Source Data'!$C291,Hour,0)),Month,'Summarized Source Data'!$A291,Sector,'Summarized Source Data'!X$2,Subsector,'Summarized Source Data'!X$3,TimeOfWeek,$E291)*INDEX('Calibration Multipliers'!T$4:T$7,MATCH($B291,'Calibration Multipliers'!$A$4:$A$7,0),1) -> 6.946572e+08 | Y291: =$X291 -> 6.946572e+08 | Z291: =$X291 -> 6.946572e+08
A292: =A4 -> 1 | B292: =INDEX('Category Mapping'!$G$34:$G$45,MATCH(A292,'Category Mapping'!$A$34:$A$45,0),1) -> Winter | C292: h1 | D292: Hour0 | E292: Weekend | F292: =SUMIFS(INDEX(Load,,MATCH('Summarized Source Data'!$C292,Hour,0)),Month,'Summarized Source Data'!$A292,Sector,'Summarized Source Data'!F$2,Subsector,'Summarized Source Data'!F$3,TimeOfWeek,$E292)*INDEX('Calibration Multipliers'!B$4:B$7,MATCH($B292,'Calibration Multipliers'!$A$4:$A$7,0),1) -> 12773121 | G292: =SUMIFS(INDEX(Load,,MATCH('Summarized Source Data'!$C292,Hour,0)),Month,'Summarized Source Data'!$A292,Sector,'Summarized Source Data'!G$2,Subsector,'Summarized Source Data'!G$3,TimeOfWeek,$E292)*INDEX('Calibration Multipliers'!C$4:C$7,MATCH($B292,'Calibration Multipliers'!$A$4:$A$7,0),1) -> 7112.9623 | H292: =SUMIFS(INDEX(Load,,MATCH('Summarized Source Data'!$C292,Hour,0)),Month,'Summarized Source Data'!$A292,Sector,'Summarized Source Data'!H$2,Subsector,'Summarized Source Data'!H$3,TimeOfWeek,$E292)*INDEX('Calibration Multipliers'!D$4:D$7,MATCH($B292,'Calibration Multipliers'!$A$4:$A$7,0),1) -> 0 | I292: =SUMIFS(INDEX(Load,,MATCH('Summarized Source Data'!$C292,Hour,0)),Month,'Summarized Source Data'!$A292,Sector,'Summarized Source Data'!I$2,Subsector,'Summarized Source Data'!I$3,TimeOfWeek,$E292)*INDEX('Calibration Multipliers'!E$4:E$7,MATCH($B292,'Calibration Multipliers'!$A$4:$A$7,0),1) -> 7717577.5 | J292: =K292 -> 42812440 | K292: =(SUMIFS(INDEX(Load,,MATCH('Summarized Source Data'!$C292,Hour,0)),Month,'Summarized Source Data'!$A292,Sector,'Summarized Source Data'!K$2,Subsector,"Total",TimeOfWeek,$E292)-SUM(F292:I292))*INDEX('Calibration Multipliers'!G$4:G$7,MATCH($B292,'Calibration Multipliers'!$A$4:$A$7,0),1) -> 42812440 | L292: =SUMIFS(INDEX(Load,,MATCH('Summarized Source Data'!$C292,Hour,0)),Month,'Summarized Source Data'!$A292,Sector,'Summarized Source Data'!L$2,Subsector,'Summarized Source Data'!L$3,TimeOfWeek,$E292)*INDEX('Calibration Multipliers'!H$4:H$7,MATCH($B292,'Calibration Multipliers'!$A$4:$A$7,0),1) -> 14217039 | M292: =SUMIFS(INDEX(Load,,MATCH('Summarized Source Data'!$C292,Hour,0)),Month,'Summarized Source Data'!$A292,Sector,'Summarized Source Data'!M$2,Subsector,'Summarized Source Data'!M$3,TimeOfWeek,$E292)*INDEX('Calibration Multipliers'!I$4:I$7,MATCH($B292,'Calibration Multipliers'!$A$4:$A$7,0),1) -> 21359.99 | N292: =SUMIFS(INDEX(Load,,MATCH('Summarized Source Data'!$C292,Hour,0)),Month,'Summarized Source Data'!$A292,Sector,'Summarized Source Data'!N$2,Subsector,'Summarized Source Data'!N$3,TimeOfWeek,$E292)*INDEX('Calibration Multipliers'!J$4:J$7,MATCH($B292,'Calibration Multipliers'!$A$4:$A$7,0),1) -> 0 | O292: =P292 -> 87613357 | P292: =(SUMIFS(INDEX(Load,,MATCH('Summarized Source Data'!$C292,Hour,0)),Month,'Summarized Source Data'!$A292,Sector,'Summarized Source Data'!P$2,Subsector,"Total",TimeOfWeek,$E292)-SUM(L292:N292)*INDEX('Calibration Multipliers'!L$4:L$7,MATCH($B292,'Calibration Multipliers'!$A$4:$A$7,0),1)) -> 87613357 | Q292: =P292 -> 87613357 | R292: =SUMIFS(INDEX(Load,,MATCH('Summarized Source Data'!$C292,Hour,0)),Month,'Summarized Source Data'!$A292,Sector,'Summarized Source Data'!R$2,TimeOfWeek,$E292)*INDEX('Calibration Multipliers'!N$4:N$7,MATCH($B292,'Calibration Multipliers'!$A$4:$A$7,0),1) -> 3083540.3 | S292: =SUMIFS(INDEX(Load,,MATCH('Summarized Source Data'!$C292,Hour,0)),Month,'Summarized Source Data'!$A292,Sector,'Summarized Source Data'!S$2,TimeOfWeek,$E292)*INDEX('Calibration Multipliers'!O$4:O$7,MATCH($B292,'Calibration Multipliers'!$A$4:$A$7,0),1) -> 3083540.3 | T292: =SUMIFS(INDEX(Load,,MATCH('Summarized Source Data'!$C292,Hour,0)),Month,'Summarized Source Data'!$A292,Sector,'Summarized Source Data'!T$2,TimeOfWeek,$E292)*INDEX('Calibration Multipliers'!P$4:P$7,MATCH($B292,'Calibration Multipliers'!$A$4:$A$7,0),1) -> 3083540.3 | U292: =SUMIFS(INDEX(Load,,MATCH('Summarized Source Data'!$C292,Hour,0)),Month,'Summarized Source Data'!$A292,Sector,'Summarized Source Data'!U$2,TimeOfWeek,$E292)*INDEX('Calibration Multipliers'!Q$4:Q$7,MATCH($B292,'Calibration Multipliers'!$A$4:$A$7,0),1) -> 3083540.3 | V292: =SUMIFS(INDEX(Load,,MATCH('Summarized Source Data'!$C292,Hour,0)),Month,'Summarized Source Data'!$A292,Sector,'Summarized Source Data'!V$2,TimeOfWeek,$E292)*INDEX('Calibration Multipliers'!R$4:R$7,MATCH($B292,'Calibration Multipliers'!$A$4:$A$7,0),1) -> 3083540.3 | W292: =SUMIFS(INDEX(Load,,MATCH('Summarized Source Data'!$C292,Hour,0)),Month,'Summarized Source Data'!$A292,Sector,'Summarized Source Data'!W$2,TimeOfWeek,$E292)*INDEX('Calibration Multipliers'!S$4:S$7,MATCH($B292,'Calibration Multipliers'!$A$4:$A$7,0),1) -> 3083540.3 | X292: =SUMIFS(INDEX(Load,,MATCH('Summarized Source Data'!$C292,Hour,0)),Month,'Summarized Source Data'!$A292,Sector,'Summarized Source Data'!X$2,Subsector,'Summarized Source Data'!X$3,TimeOfWeek,$E292)*INDEX('Calibration Multipliers'!T$4:T$7,MATCH($B292,'Calibration Multipliers'!$A$4:$A$7,0),1) -> 3.8097222e+08 | Y292: =$X292 -> 3.8097222e+08 | Z292: =$X292 -> 3.8097222e+08
