Workbook
Name Aircraft: About!$C$35
Name DaysPerWeek: About!$B$26
Name FallWeekdays: 'Category Mapping'!$E$49
Name FallWeekendDays: 'Category Mapping'!$D$49
Name HDVs: About!$C$34
Name Hour: 'Modified Source Data'!$F$2:$AC$2
Name LDVs: About!$C$33
Name Load: 'Modified Source Data'!$F$3:$AC$338
Name LoadFactorHours: 'Summarized Modified Source Data'!$C$600:$C$743
Name LoadFactorSeasons: 'Summarized Modified Source Data'!$A$600:$A$743
Name Motorbikes: About!$C$38
Name Rail: About!$C$36
Name Season: 'Modified Source Data'!$AD$3:$AD$338
Name Sector: 'Modified Source Data'!$AF$3:$AF$338
Name Ships: About!$C$37
Name SpringWeekdays: 'Category Mapping'!$E$47
Name SpringWeekendDays: 'Category Mapping'!$D$47
Name Subsector: 'Modified Source Data'!$AG$3:$AG$338
Name SummerWeekdays: 'Category Mapping'!$E$48
Name SummerWeekendDays: 'Category Mapping'!$D$48
Name TimeOfWeek: 'Modified Source Data'!$AE$3:$AE$338
Name Weekdays: About!$B$25
Name WeekendDays: About!$B$24
Name WinterWeekdays: 'Category Mapping'!$E$46
Name WinterWeekendDays: 'Category Mapping'!$D$46

Sheet About
A1: SHELF Seasonal Hourly Equipment Load Factors
A3: Source: | B3: Hourly Load Data
B4: Zapata, Victhalia (2022)
B5: “Data for: Future global electricity demand load curves”
B6: https://data.mendeley.com/datasets/pmd2dchk44/1
A9: About
A10: This file specifies the ratio of the electricity consumed in each hour of the year to the
A11: total amount of electricity consumed during the year, disaggregated by sector.
A13: For China, we use Victhalia Zapata's demand load curve for the year 2019.
A14: In Zapata's research, hourly electricity demand aggregated at the monthly level is modeled within the integrated
A15: assessment model (IAM) IMAGE and under the SSP2 baseline scenario for the future.
A17: Zapata's data files have already been consolidated using Excel's
A18: Power Query (aka Get & Transform) feature in the 'Source Data' sheet.
A20: If you are adapting the EPS to a new geography and don't have hourly load data broken out
A21: by certain sectors, you can use total economy-wide or sector-wide data.
B23: Number of days per week
A24: Weekend | B24: 2
A25: Weekday | B25: 5
A26: Total | B26: =SUM(B24:B25) -> 7
A28: The Zapata data only include a combined transportation category covering all vehicle types.
A29: Across all seasons and hours, we assume the following breakdown based on the EPS's
A31: BAU share of transportation electricity consumed in 2019 (pulled from 3.3.1 model - adjust with new model?)
B33: LDVs | C33: ='Transport sector fuel used EPS'!D24 -> 0.2838743
B34: HDVs | C34: ='Transport sector fuel used EPS'!D25 -> 0.13376323
B35: Aircraft | C35: 0
B36: Rail | C36: ='Transport sector fuel used EPS'!D26 -> 0.58236247
B37: Ships | C37: 0
B38: Motorbikes | C38: 0

Sheet Transport sector fuel used EPS
A1: South Korea EPS version 3.3.1
A3: Time (Year) | B3: Type: | C3: 2020 | D3: 2021 | E3: 2022 | F3: 2023 | G3: 2024 | H3: 2025 | I3: 2026 | J3: 2027 | K3: 2028 | L3: 2029 | M3: 2030 | N3: 2031 | O3: 2032 | P3: 2033 | Q3: 2034 | R3: 2035 | S3: 2036 | T3: 2037 | U3: 2038 | V3: 2039 | W3: 2040 | X3: 2041 | Y3: 2042 | Z3: 2043 | AA3: 2044 | AB3: 2045 | AC3: 2046 | AD3: 2047 | AE3: 2048 | AF3: 2049 | AG3: 2050
A4: Transportation Sector Fuel Used[LDVs,passenger,battery electric vehicle,electricity tf] : MostRecentRun | B4: LDV | C4: 3.16469 T | D4: 4.59045 T | E4: 6.20883 T | F4: 8.11031 T | G4: 10.4301 T | H4: 13.0367 T | I4: 16.0948 T | J4: 19.8965 T | K4: 24.2922 T | L4: 29.5527 T | M4: 36.1335 T | N4: 42.517 T | O4: 49.7576 T | P4: 58.6874 T | Q4: 68.4507 T | R4: 79.4227 T | S4: 92.1959 T | T4: 105.271 T | U4: 119.277 T | V4: 134.769 T | W4: 149.698 T | X4: 164.585 T | Y4: 180.342 T | Z4: 194.489 T | AA4: 207.84 T | AB4: 221.713 T | AC4: 233.211 T | AD4: 243.809 T | AE4: 254.958 T | AF4: 263.526 T | AG4: 271.192 T
A5: Transportation Sector Fuel Used[LDVs,passenger,plugin hybrid vehicle,electricity tf] : MostRecentRun | B5: LDV | C5: 11.0225 T | D5: 10.4696 T | E5: 9.75877 T | F5: 9.00882 T | G5: 8.29408 T | H5: 7.46489 T | I5: 6.60981 T | J5: 5.77869 T | K5: 4.87457 T | L5: 3.95979 T | M5: 3.06128 T | N5: 3.08493 T | O5: 3.09013 T | P5: 3.11646 T | Q5: 3.11044 T | R5: 3.09477 T | S5: 3.09643 T | T5: 3.0712 T | U5: 3.04192 T | V5: 3.03142 T | W5: 2.99851 T | X5: 2.96614 T | Y5: 2.95493 T | Z5: 2.92743 T | AA5: 2.90397 T | AB5: 2.9035 T | AC5: 2.88968 T | AD5: 2.88046 T | AE5: 2.8932 T | AF5: 2.89363 T | AG5: 2.89758 T
A6: Transportation Sector Fuel Used[LDVs,freight,battery electric vehicle,electricity tf] : MostRecentRun | B6: LDV | C6: 489.779 B | D6: 608.578 B | E6: 761.209 B | F6: 1.00082 T | G6: 1.33159 T | H6: 1.816 T | I6: 2.46428 T | J6: 3.34727 T | K6: 4.58074 T | L6: 6.15918 T | M6: 8.30889 T | N6: 10.9765 T | O6: 14.1289 T | P6: 18.1484 T | Q6: 22.7585 T | R6: 28.341 T | S6: 34.3465 T | T6: 41.3122 T | U6: 48.5413 T | V6: 56.1917 T | W6: 64.692 T | X6: 72.7457 T | Y6: 81.5063 T | Z6: 89.2905 T | AA6: 97.5658 T | AB6: 104.53 T | AC6: 110.925 T | AD6: 117.782 T | AE6: 123.077 T | AF6: 128.798 T | AG6: 132.804 T
A7: Transportation Sector Fuel Used[HDVs,passenger,battery electric vehicle,electricity tf] : MostRecentRun | B7: HDV | C7: 1.10845 T | D7: 1.02948 T | E7: 966.977 B | F7: 923.881 B | G7: 901.126 B | H7: 913.409 B | I7: 940.696 B | J7: 1.01336 T | K7: 1.12545 T | L7: 1.28331 T | M7: 1.49223 T | N7: 1.75716 T | O7: 2.12512 T | P7: 2.55922 T | Q7: 3.06955 T | R7: 3.62089 T | S7: 4.19331 T | T7: 4.66014 T | U7: 5.39567 T | V7: 5.98614 T | W7: 6.52031 T | X7: 6.9769 T | Y7: 7.56012 T | Z7: 7.83488 T | AA7: 7.98195 T | AB7: 8.28429 T | AC7: 8.49061 T | AD7: 8.29347 T | AE7: 8.30559 T | AF7: 8.24104 T | AG7: 8.09276 T
A8: Transportation Sector Fuel Used[HDVs,passenger,plugin hybrid vehicle,electricity tf] : MostRecentRun | B8: HDV | C8: 5.72329 T | D8: 5.13873 T | E8: 4.58892 T | F8: 4.07112 T | G8: 3.58256 T | H8: 3.15905 T | I8: 2.71382 T | J8: 2.32291 T | K8: 1.94315 T | L8: 1.57266 T | M8: 1.21005 T | N8: 853.266 B | O8: 509.508 B | P8: 477.234 B | Q8: 450.836 B | R8: 424.694 B | S8: 398.58 B | T8: 363.992 B | U8: 347.02 B | V8: 322.836 B | W8: 299.305 B | X8: 276.536 B | Y8: 262.226 B | Z8: 241.037 B | AA8: 220.88 B | AB8: 208.679 B | AC8: 197.141 B | AD8: 179.575 B | AE8: 169.353 B | AF8: 159.63 B | AG8: 150.387 B
A9: Transportation Sector Fuel Used[HDVs,freight,battery electric vehicle,electricity tf] : MostRecentRun | B9: HDV | C9: 84.1339 B | D9: 103.748 B | E9: 134.088 B | F9: 181.761 B | G9: 250.719 B | H9: 348.921 B | I9: 485.172 B | J9: 674.167 B | K9: 930.887 B | L9: 1.27365 T | M9: 1.73953 T | N9: 2.32771 T | O9: 3.0677 T | P9: 3.98273 T | Q9: 5.05669 T | R9: 6.31447 T | S9: 7.75395 T | T9: 9.42632 T | U9: 11.1829 T | V9: 13.0516 T | W9: 14.998 T | X9: 16.9792 T | Y9: 18.9649 T | Z9: 20.926 T | AA9: 22.9598 T | AB9: 24.7412 T | AC9: 26.3914 T | AD9: 27.8777 T | AE9: 29.1852 T | AF9: 30.3226 T | AG9: 31.2916 T
A10: Transportation Sector Fuel Used[rail,passenger,battery electric vehicle,electricity tf] : MostRecentRun | B10: Rail | C10: 28.1866 T | D10: 28.6111 T | E10: 29.4746 T | F10: 30.7946 T | G10: 32.1055 T | H10: 33.427 T | I10: 34.28 T | J10: 35.5907 T | K10: 37.3355 T | L10: 38.6487 T | M10: 39.9514 T | N10: 41.7054 T | O10: 43.0323 T | P10: 44.7926 T | Q10: 46.5415 T | R10: 48.2801 T | S10: 50.0588 T | T10: 52.2696 T | U10: 54.0484 T | V10: 56.2614 T | W10: 58.4862 T | X10: 60.6988 T | Y10: 62.9237 T | Z10: 65.609 T | AA10: 68.2684 T | AB10: 70.9412 T | AC10: 73.6283 T | AD10: 76.363 T | AE10: 79.5582 T | AF10: 82.7262 T | AG10: 85.9397 T
A11: Transportation Sector Fuel Used[rail,freight,battery electric vehicle,electricity tf] : MostRecentRun | B11: Rail | C11: 1.92291 T | D11: 1.81846 T | E11: 1.75386 T | F11: 1.69729 T | G11: 1.66059 T | H11: 1.6034 T | I11: 1.5457 T | J11: 1.508 T | K11: 1.44974 T | L11: 1.41118 T | M11: 1.35241 T | N11: 1.30443 T | O11: 1.25643 T | P11: 1.20857 T | Q11: 1.16763 T | R11: 1.12654 T | S11: 1.08548 T | T11: 1.04428 T | U11: 1.00295 T | V11: 981.129 B | W11: 949.844 B | X11: 918.208 B | Y11: 906.353 B | Z11: 874.326 B | AA11: 862.45 B | AB11: 822.938 B | AC11: 803.844 B | AD11: 784.781 B | AE11: 744.918 B | AF11: 725.604 B | AG11: 706.193 B
A15: LDV | B15: =C4 -> 3.16469 T | C15: =LEFT(B15, LEN(B15)-2) -> 3.16469 | D15: =C15*10^12 -> 3164690000000
A16: LDV | B16: =C5 -> 11.0225 T | C16: =LEFT(B16, LEN(B16)-2) -> 11.0225 | D16: =C16*10^12 -> 11022500000000
A17: LDV | B17: =C6 -> 489.779 B | C17: =LEFT(B17, LEN(B17)-2) -> 489.779 | D17: =C17*10^9 -> 489779000000
A18: HDV | B18: =C7 -> 1.10845 T | C18: =LEFT(B18, LEN(B18)-2) -> 1.10845 | D18: =C18*10^12 -> 1108450000000
A19: HDV | B19: =C8 -> 5.72329 T | C19: =LEFT(B19, LEN(B19)-2) -> 5.72329 | D19: =C19*10^12 -> 5723290000000
A20: HDV | B20: =C9 -> 84.1339 B | C20: =LEFT(B20, LEN(B20)-2) -> 84.1339 | D20: =C20*10^9 -> 84133900000
A21: Rail | B21: =C10 -> 28.1866 T | C21: =LEFT(B21, LEN(B21)-2) -> 28.1866 | D21: =C21*10^12 -> 28186600000000
A22: Rail | B22: =C11 -> 1.92291 T | C22: =LEFT(B22, LEN(B22)-2) -> 1.92291 | D22: =C22*10^12 -> 1922910000000
A24: LDV | C24: =SUM(D15:D17) -> 14676969000000 | D24: =C24/SUM($C$24:$C$26) -> 0.2838743
A25: HDV | C25: =SUM(D18:D20) -> 6915873900000 | D25: =C25/SUM($C$24:$C$26) -> 0.13376323
A26: Rail | C26: =SUM(D21:D22) -> 30109510000000 | D26: =C26/SUM($C$24:$C$26) -> 0.58236247

Sheet Source Data
A1: Source Data | AD1: Category Mapping
A2: Source.Name | B2: Year | C2: Region | D2: Regions_code.Region Name | E2: Month | F2: h1 | G2: h2 | H2: h3 | I2: h4 | J2: h5 | K2: h6 | L2: h7 | M2: h8 | N2: h9 | O2: h10 | P2: h11 | Q2: h12 | R2: h13 | S2: h14 | T2: h15 | U2: h16 | V2: h17 | W2: h18 | X2: h19 | Y2: h20 | Z2: h21 | AA2: h22 | AB2: h23 | AC2: h24 | AD2: season | AE2: time of week | AF2: sector | AG2: subsector
A3: Residential_cooling_weekday.csv | B3: 2019 | C3: 19 | D3: Korea | E3: 1 | F3: 13377 | G3: 13452 | H3: 13504 | I3: 13511 | J3: 13169 | K3: 12109 | L3: 9892 | M3: 7424 | N3: 5999 | O3: 5187 | P3: 5125 | Q3: 5732 | R3: 6222 | S3: 6418 | T3: 6702 | U3: 7320 | V3: 7993 | W3: 8761 | X3: 9726 | Y3: 10713 | Z3: 11596 | AA3: 12331 | AB3: 12855 | AC3: 13209 | AD3: =IF(AND(E3>=3,E3<=5),"Spring",IF(AND(E3>=6,E3<=8),"Summer",IF(AND(E3>=9,E3<=10),"Fall","Winter"))) -> Winter | AE3: =INDEX('Category Mapping'!$B$2:$B$29,MATCH('Source Data'!A3,'Category Mapping'!$A$2:$A$29,0)) -> Weekday | AF3: =INDEX('Category Mapping'!$C$2:$C$29,MATCH('Source Data'!A3,'Category Mapping'!$A$2:$A$29,0)) -> Residential | AG3: =INDEX('Category Mapping'!$D$2:$D$29,MATCH('Source Data'!A3,'Category Mapping'!$A$2:$A$29,0)) -> Cooling
A4: Residential_cooling_weekday.csv | B4: 2019 | C4: 19 | D4: Korea | E4: 2 | F4: 15093 | G4: 15177 | H4: 15235 | I4: 15244 | J4: 14858 | K4: 13662 | L4: 11161 | M4: 8376 | N4: 6769 | O4: 5852 | P4: 5782 | Q4: 6467 | R4: 7020 | S4: 7241 | T4: 7561 | U4: 8259 | V4: 9018 | W4: 9885 | X4: 10973 | Y4: 12087 | Z4: 13083 | AA4: 13913 | AB4: 14504 | AC4: 14902 | AD4: =IF(AND(E4>=3,E4<=5),"Spring",IF(AND(E4>=6,E4<=8),"Summer",IF(AND(E4>=9,E4<=10),"Fall","Winter"))) -> Winter | AE4: =INDEX('Category Mapping'!$B$2:$B$29,MATCH('Source Data'!A4,'Category Mapping'!$A$2:$A$29,0)) -> Weekday | AF4: =INDEX('Category Mapping'!$C$2:$C$29,MATCH('Source Data'!A4,'Category Mapping'!$A$2:$A$29,0)) -> Residential | AG4: =INDEX('Category Mapping'!$D$2:$D$29,MATCH('Source Data'!A4,'Category Mapping'!$A$2:$A$29,0)) -> Cooling
A5: Residential_cooling_weekday.csv | B5: 2019 | C5: 19 | D5: Korea | E5: 3 | F5: 33976 | G5: 34167 | H5: 34298 | I5: 34317 | J5: 33448 | K5: 30755 | L5: 25125 | M5: 18855 | N5: 15238 | O5: 13173 | P5: 13017 | Q5: 14558 | R5: 15804 | S5: 16301 | T5: 17022 | U5: 18592 | V5: 20302 | W5: 22252 | X5: 24702 | Y5: 27210 | Z5: 29452 | AA5: 31320 | AB5: 32650 | AC5: 33548 | AD5: =IF(AND(E5>=3,E5<=5),"Spring",IF(AND(E5>=6,E5<=8),"Summer",IF(AND(E5>=9,E5<=10),"Fall","Winter"))) -> Spring | AE5: =INDEX('Category Mapping'!$B$2:$B$29,MATCH('Source Data'!A5,'Category Mapping'!$A$2:$A$29,0)) -> Weekday | AF5: =INDEX('Category Mapping'!$C$2:$C$29,MATCH('Source Data'!A5,'Category Mapping'!$A$2:$A$29,0)) -> Residential | AG5: =INDEX('Category Mapping'!$D$2:$D$29,MATCH('Source Data'!A5,'Category Mapping'!$A$2:$A$29,0)) -> Cooling
A6: Residential_cooling_weekday.csv | B6: 2019 | C6: 19 | D6: Korea | E6: 4 | F6: 37933 | G6: 38146 | H6: 38292 | I6: 38314 | J6: 37344 | K6: 34337 | L6: 28051 | M6: 21051 | N6: 17012 | O6: 14707 | P6: 14533 | Q6: 16254 | R6: 17644 | S6: 536764 | T6: 1040400 | U6: 612197 | V6: 22666 | W6: 24843 | X6: 27579 | Y6: 30380 | Z6: 32882 | AA6: 34968 | AB6: 36453 | AC6: 37455 | AD6: =IF(AND(E6>=3,E6<=5),"Spring",IF(AND(E6>=6,E6<=8),"Summer",IF(AND(E6>=9,E6<=10),"Fall","Winter"))) -> Spring | AE6: =INDEX('Category Mapping'!$B$2:$B$29,MATCH('Source Data'!A6,'Category Mapping'!$A$2:$A$29,0)) -> Weekday | AF6: =INDEX('Category Mapping'!$C$2:$C$29,MATCH('Source Data'!A6,'Category Mapping'!$A$2:$A$29,0)) -> Residential | AG6: =INDEX('Category Mapping'!$D$2:$D$29,MATCH('Source Data'!A6,'Category Mapping'!$A$2:$A$29,0)) -> Cooling
A7: Residential_cooling_weekday.csv | B7: 2019 | C7: 19 | D7: Korea | E7: 5 | F7: 4397 | G7: 4421 | H7: 4438 | I7: 4441 | J7: 4329 | K7: 3980 | L7: 3251 | M7: 2440 | N7: 58818 | O7: 995883 | P7: 2342718 | Q7: 4070541 | R7: 5674487 | S7: 6673404 | T7: 7261770 | U7: 7611241 | V7: 7289568 | W7: 6221652 | X7: 4445696 | Y7: 2057088 | Z7: 113684 | AA7: 4053 | AB7: 4225 | AC7: 4341 | AD7: =IF(AND(E7>=3,E7<=5),"Spring",IF(AND(E7>=6,E7<=8),"Summer",IF(AND(E7>=9,E7<=10),"Fall","Winter"))) -> Spring | AE7: =INDEX('Category Mapping'!$B$2:$B$29,MATCH('Source Data'!A7,'Category Mapping'!$A$2:$A$29,0)) -> Weekday | AF7: =INDEX('Category Mapping'!$C$2:$C$29,MATCH('Source Data'!A7,'Category Mapping'!$A$2:$A$29,0)) -> Residential | AG7: =INDEX('Category Mapping'!$D$2:$D$29,MATCH('Source Data'!A7,'Category Mapping'!$A$2:$A$29,0)) -> Cooling
A8: Residential_cooling_weekday.csv | B8: 2019 | C8: 19 | D8: Korea | E8: 6 | F8: 3799513 | G8: 2502986 | H8: 2214972 | I8: 2513965 | J8: 3740541 | K8: 6945215 | L8: 11800000 | M8: 14800000 | N8: 17500000 | O8: 20100000 | P8: 24600000 | Q8: 32000000 | R8: 38600000 | S8: 42300000 | T8: 45000000 | U8: 48200000 | V8: 49600000 | W8: 49000000 | X8: 46600000 | Y8: 41600000 | Z8: 33900000 | AA8: 24600000 | AB8: 15300000 | AC8: 7575886 | AD8: =IF(AND(E8>=3,E8<=5),"Spring",IF(AND(E8>=6,E8<=8),"Summer",IF(AND(E8>=9,E8<=10),"Fall","Winter"))) -> Summer | AE8: =INDEX('Category Mapping'!$B$2:$B$29,MATCH('Source Data'!A8,'Category Mapping'!$A$2:$A$29,0)) -> Weekday | AF8: =INDEX('Category Mapping'!$C$2:$C$29,MATCH('Source Data'!A8,'Category Mapping'!$A$2:$A$29,0)) -> Residential | AG8: =INDEX('Category Mapping'!$D$2:$D$29,MATCH('Source Data'!A8,'Category Mapping'!$A$2:$A$29,0)) -> Cooling
A9: Residential_cooling_weekday.csv | B9: 2019 | C9: 19 | D9: Korea | E9: 7 | F9: 53400000 | G9: 48800000 | H9: 47300000 | I9: 49000000 | J9: 52600000 | K9: 55500000 | L9: 53100000 | M9: 46600000 | N9: 43700000 | O9: 43100000 | P9: 47500000 | Q9: 57800000 | R9: 66700000 | S9: 71300000 | T9: 75400000 | U9: 81400000 | V9: 85700000 | W9: 88300000 | X9: 90000000 | Y9: 89000000 | Z9: 84500000 | AA9: 77500000 | AB9: 69000000 | AC9: 60500000 | AD9: =IF(AND(E9>=3,E9<=5),"Spring",IF(AND(E9>=6,E9<=8),"Summer",IF(AND(E9>=9,E9<=10),"Fall","Winter"))) -> Summer | AE9: =INDEX('Category Mapping'!$B$2:$B$29,MATCH('Source Data'!A9,'Category Mapping'!$A$2:$A$29,0)) -> Weekday | AF9: =INDEX('Category Mapping'!$C$2:$C$29,MATCH('Source Data'!A9,'Category Mapping'!$A$2:$A$29,0)) -> Residential | AG9: =INDEX('Category Mapping'!$D$2:$D$29,MATCH('Source Data'!A9,'Category Mapping'!$A$2:$A$29,0)) -> Cooling
A10: Residential_cooling_weekday.csv | B10: 2019 | C10: 19 | D10: Korea | E10: 8 | F10: 56500000 | G10: 50600000 | H10: 48600000 | I10: 50800000 | J10: 55600000 | K10: 60300000 | L10: 59300000 | M10: 53200000 | N10: 50700000 | O10: 50600000 | P10: 56300000 | Q10: 69000000 | R10: 80000000 | S10: 85800000 | T10: 90800000 | U10: 97900000 | V10: 103000000 | W10: 106000000 | X10: 107000000 | Y10: 105000000 | Z10: 98000000 | AA10: 88400000 | AB10: 77000000 | AC10: 65800000 | AD10: =IF(AND(E10>=3,E10<=5),"Spring",IF(AND(E10>=6,E10<=8),"Summer",IF(AND(E10>=9,E10<=10),"Fall","Winter"))) -> Summer | AE10: =INDEX('Category Mapping'!$B$2:$B$29,MATCH('Source Data'!A10,'Category Mapping'!$A$2:$A$29,0)) -> Weekday | AF10: =INDEX('Category Mapping'!$C$2:$C$29,MATCH('Source Data'!A10,'Category Mapping'!$A$2:$A$29,0)) -> Residential | AG10: =INDEX('Category Mapping'!$D$2:$D$29,MATCH('Source Data'!A10,'Category Mapping'!$A$2:$A$29,0)) -> Cooling
A11: Residential_cooling_weekday.csv | B11: 2019 | C11: 19 | D11: Korea | E11: 9 | F11: 2827273 | G11: 2549733 | H11: 2460053 | I11: 2560917 | J11: 2783391 | K11: 3228720 | L11: 4970225 | M11: 7996402 | N11: 11500000 | O11: 14700000 | P11: 19200000 | Q11: 25900000 | R11: 32000000 | S11: 35500000 | T11: 37900000 | U11: 40400000 | V11: 41100000 | W11: 39700000 | X11: 36300000 | Y11: 30400000 | Z11: 22200000 | AA11: 13300000 | AB11: 6458964 | AC11: 3521910 | AD11: =IF(AND(E11>=3,E11<=5),"Spring",IF(AND(E11>=6,E11<=8),"Summer",IF(AND(E11>=9,E11<=10),"Fall","Winter"))) -> Fall | AE11: =INDEX('Category Mapping'!$B$2:$B$29,MATCH('Source Data'!A11,'Category Mapping'!$A$2:$A$29,0)) -> Weekday | AF11: =INDEX('Category Mapping'!$C$2:$C$29,MATCH('Source Data'!A11,'Category Mapping'!$A$2:$A$29,0)) -> Residential | AG11: =INDEX('Category Mapping'!$D$2:$D$29,MATCH('Source Data'!A11,'Category Mapping'!$A$2:$A$29,0)) -> Cooling
A12: Residential_cooling_weekday.csv | B12: 2019 | C12: 19 | D12: Korea | E12: 10 | F12: 2902 | G12: 2918 | H12: 2929 | I12: 2931 | J12: 2857 | K12: 2627 | L12: 2146 | M12: 1610 | N12: 1301 | O12: 10087 | P12: 65252 | Q12: 413141 | R12: 1020552 | S12: 1479165 | T12: 1702028 | U12: 1687037 | V12: 1311023 | W12: 631468 | X12: 123827 | Y12: 20837 | Z12: 2515 | AA12: 2675 | AB12: 2788 | AC12: 2865 | AD12: =IF(AND(E12>=3,E12<=5),"Spring",IF(AND(E12>=6,E12<=8),"Summer",IF(AND(E12>=9,E12<=10),"Fall","Winter"))) -> Fall | AE12: =INDEX('Category Mapping'!$B$2:$B$29,MATCH('Source Data'!A12,'Category Mapping'!$A$2:$A$29,0)) -> Weekday | AF12: =INDEX('Category Mapping'!$C$2:$C$29,MATCH('Source Data'!A12,'Category Mapping'!$A$2:$A$29,0)) -> Residential | AG12: =INDEX('Category Mapping'!$D$2:$D$29,MATCH('Source Data'!A12,'Category Mapping'!$A$2:$A$29,0)) -> Cooling
A13: Residential_cooling_weekday.csv | B13: 2019 | C13: 19 | D13: Korea | E13: 11 | F13: 47696 | G13: 47964 | H13: 48148 | I13: 48174 | J13: 46956 | K13: 43175 | L13: 35271 | M13: 26469 | N13: 21391 | O13: 18493 | P13: 18273 | Q13: 20437 | R13: 22185 | S13: 22884 | T13: 23895 | U13: 26100 | V13: 28500 | W13: 31237 | X13: 34677 | Y13: 38198 | Z13: 41345 | AA13: 43968 | AB13: 45835 | AC13: 47095 | AD13: =IF(AND(E13>=3,E13<=5),"Spring",IF(AND(E13>=6,E13<=8),"Summer",IF(AND(E13>=9,E13<=10),"Fall","Winter"))) -> Winter | AE13: =INDEX('Category Mapping'!$B$2:$B$29,MATCH('Source Data'!A13,'Category Mapping'!$A$2:$A$29,0)) -> Weekday | AF13: =INDEX('Category Mapping'!$C$2:$C$29,MATCH('Source Data'!A13,'Category Mapping'!$A$2:$A$29,0)) -> Residential | AG13: =INDEX('Category Mapping'!$D$2:$D$29,MATCH('Source Data'!A13,'Category Mapping'!$A$2:$A$29,0)) -> Cooling
A14: Residential_cooling_weekday.csv | B14: 2019 | C14: 19 | D14: Korea | E14: 12 | F14: 18044 | G14: 18146 | H14: 18215 | I14: 18225 | J14: 17764 | K14: 16334 | L14: 13343 | M14: 10014 | N14: 8092 | O14: 6996 | P14: 6913 | Q14: 7732 | R14: 8393 | S14: 8657 | T14: 9040 | U14: 9874 | V14: 10782 | W14: 11818 | X14: 13119 | Y14: 14451 | Z14: 15641 | AA14: 16634 | AB14: 17340 | AC14: 17817 | AD14: =IF(AND(E14>=3,E14<=5),"Spring",IF(AND(E14>=6,E14<=8),"Summer",IF(AND(E14>=9,E14<=10),"Fall","Winter"))) -> Winter | AE14: =INDEX('Category Mapping'!$B$2:$B$29,MATCH('Source Data'!A14,'Category Mapping'!$A$2:$A$29,0)) -> Weekday | AF14: =INDEX('Category Mapping'!$C$2:$C$29,MATCH('Source Data'!A14,'Category Mapping'!$A$2:$A$29,0)) -> Residential | AG14: =INDEX('Category Mapping'!$D$2:$D$29,MATCH('Source Data'!A14,'Category Mapping'!$A$2:$A$29,0)) -> Cooling
... A290: Transport_total_weekend.csv | B290: 2019 | C290: 19 | D290: Korea | E290: 12 | F290: 2742679 | G290: 2613859 | H290: 2578726 | I290: 2578726 | J290: 2567015 | K290: 2584582 | L290: 3203697 | M290: 4168085 | N290: 4972466 | O290: 5632407 | P290: 5961600 | Q290: 6143119 | R290: 6007156 | S290: 5716110 | T290: 5645844 | U290: 5540446 | V290: 6355851 | W290: 6361707 | X290: 6320718 | Y290: 6186043 | Z290: 6004524 | AA290: 5799583 | AB290: 5729317 | AC290: 3849980 | AD290: =IF(AND(E290>=3,E290<=5),"Spring",IF(AND(E290>=6,E290<=8),"Summer",IF(AND(E290>=9,E290<=10),"Fall","Winter"))) -> Winter | AE290: =INDEX('Category Mapping'!$B$2:$B$29,MATCH('Source Data'!A290,'Category Mapping'!$A$2:$A$29,0)) -> Weekend | AF290: =INDEX('Category Mapping'!$C$2:$C$29,MATCH('Source Data'!A290,'Category Mapping'!$A$2:$A$29,0)) -> Transportation | AG290: =INDEX('Category Mapping'!$D$2:$D$29,MATCH('Source Data'!A290,'Category Mapping'!$A$2:$A$29,0)) -> Transportation

Sheet Modified Source Data
A1: Source Data + Custom "Other" Subsector Calculations for Buildings | AD1: Category Mapping
A2: Source.Name | B2: Year | C2: Region | D2: Regions_code.Region Name | E2: Month | F2: h1 | G2: h2 | H2: h3 | I2: h4 | J2: h5 | K2: h6 | L2: h7 | M2: h8 | N2: h9 | O2: h10 | P2: h11 | Q2: h12 | R2: h13 | S2: h14 | T2: h15 | U2: h16 | V2: h17 | W2: h18 | X2: h19 | Y2: h20 | Z2: h21 | AA2: h22 | AB2: h23 | AC2: h24 | AD2: season | AE2: time of week | AF2: sector | AG2: subsector
A3: Residential_cooling_weekday.csv | B3: 2019 | C3: 19 | D3: Korea | E3: 1 | F3: 13377 | G3: 13452 | H3: 13504 | I3: 13511 | J3: 13169 | K3: 12109 | L3: 9892 | M3: 7424 | N3: 5999 | O3: 5187 | P3: 5125 | Q3: 5732 | R3: 6222 | S3: 6418 | T3: 6702 | U3: 7320 | V3: 7993 | W3: 8761 | X3: 9726 | Y3: 10713 | Z3: 11596 | AA3: 12331 | AB3: 12855 | AC3: 13209 | AD3: =IF(AND(E3>=3,E3<=5),"Spring",IF(AND(E3>=6,E3<=8),"Summer",IF(AND(E3>=9,E3<=10),"Fall","Winter"))) -> Winter | AE3: =INDEX('Category Mapping'!$B$2:$B$29,MATCH('Source Data'!A3,'Category Mapping'!$A$2:$A$29,0)) -> Weekday | AF3: =INDEX('Category Mapping'!$C$2:$C$29,MATCH('Source Data'!A3,'Category Mapping'!$A$2:$A$29,0)) -> Residential | AG3: =INDEX('Category Mapping'!$D$2:$D$29,MATCH('Source Data'!A3,'Category Mapping'!$A$2:$A$29,0)) -> Cooling
A4: Residential_cooling_weekday.csv | B4: 2019 | C4: 19 | D4: Korea | E4: 2 | F4: 15093 | G4: 15177 | H4: 15235 | I4: 15244 | J4: 14858 | K4: 13662 | L4: 11161 | M4: 8376 | N4: 6769 | O4: 5852 | P4: 5782 | Q4: 6467 | R4: 7020 | S4: 7241 | T4: 7561 | U4: 8259 | V4: 9018 | W4: 9885 | X4: 10973 | Y4: 12087 | Z4: 13083 | AA4: 13913 | AB4: 14504 | AC4: 14902 | AD4: =IF(AND(E4>=3,E4<=5),"Spring",IF(AND(E4>=6,E4<=8),"Summer",IF(AND(E4>=9,E4<=10),"Fall","Winter"))) -> Winter | AE4: =INDEX('Category Mapping'!$B$2:$B$29,MATCH('Source Data'!A4,'Category Mapping'!$A$2:$A$29,0)) -> Weekday | AF4: =INDEX('Category Mapping'!$C$2:$C$29,MATCH('Source Data'!A4,'Category Mapping'!$A$2:$A$29,0)) -> Residential | AG4: =INDEX('Category Mapping'!$D$2:$D$29,MATCH('Source Data'!A4,'Category Mapping'!$A$2:$A$29,0)) -> Cooling
A5: Residential_cooling_weekday.csv | B5: 2019 | C5: 19 | D5: Korea | E5: 3 | F5: 33976 | G5: 34167 | H5: 34298 | I5: 34317 | J5: 33448 | K5: 30755 | L5: 25125 | M5: 18855 | N5: 15238 | O5: 13173 | P5: 13017 | Q5: 14558 | R5: 15804 | S5: 16301 | T5: 17022 | U5: 18592 | V5: 20302 | W5: 22252 | X5: 24702 | Y5: 27210 | Z5: 29452 | AA5: 31320 | AB5: 32650 | AC5: 33548 | AD5: =IF(AND(E5>=3,E5<=5),"Spring",IF(AND(E5>=6,E5<=8),"Summer",IF(AND(E5>=9,E5<=10),"Fall","Winter"))) -> Spring | AE5: =INDEX('Category Mapping'!$B$2:$B$29,MATCH('Source Data'!A5,'Category Mapping'!$A$2:$A$29,0)) -> Weekday | AF5: =INDEX('Category Mapping'!$C$2:$C$29,MATCH('Source Data'!A5,'Category Mapping'!$A$2:$A$29,0)) -> Residential | AG5: =INDEX('Category Mapping'!$D$2:$D$29,MATCH('Source Data'!A5,'Category Mapping'!$A$2:$A$29,0)) -> Cooling
A6: Residential_cooling_weekday.csv | B6: 2019 | C6: 19 | D6: Korea | E6: 4 | F6: 37933 | G6: 38146 | H6: 38292 | I6: 38314 | J6: 37344 | K6: 34337 | L6: 28051 | M6: 21051 | N6: 17012 | O6: 14707 | P6: 14533 | Q6: 16254 | R6: 17644 | S6: 536764 | T6: 1040400 | U6: 612197 | V6: 22666 | W6: 24843 | X6: 27579 | Y6: 30380 | Z6: 32882 | AA6: 34968 | AB6: 36453 | AC6: 37455 | AD6: =IF(AND(E6>=3,E6<=5),"Spring",IF(AND(E6>=6,E6<=8),"Summer",IF(AND(E6>=9,E6<=10),"Fall","Winter"))) -> Spring | AE6: =INDEX('Category Mapping'!$B$2:$B$29,MATCH('Source Data'!A6,'Category Mapping'!$A$2:$A$29,0)) -> Weekday | AF6: =INDEX('Category Mapping'!$C$2:$C$29,MATCH('Source Data'!A6,'Category Mapping'!$A$2:$A$29,0)) -> Residential | AG6: =INDEX('Category Mapping'!$D$2:$D$29,MATCH('Source Data'!A6,'Category Mapping'!$A$2:$A$29,0)) -> Cooling
A7: Residential_cooling_weekday.csv | B7: 2019 | C7: 19 | D7: Korea | E7: 5 | F7: 4397 | G7: 4421 | H7: 4438 | I7: 4441 | J7: 4329 | K7: 3980 | L7: 3251 | M7: 2440 | N7: 58818 | O7: 995883 | P7: 2342718 | Q7: 4070541 | R7: 5674487 | S7: 6673404 | T7: 7261770 | U7: 7611241 | V7: 7289568 | W7: 6221652 | X7: 4445696 | Y7: 2057088 | Z7: 113684 | AA7: 4053 | AB7: 4225 | AC7: 4341 | AD7: =IF(AND(E7>=3,E7<=5),"Spring",IF(AND(E7>=6,E7<=8),"Summer",IF(AND(E7>=9,E7<=10),"Fall","Winter"))) -> Spring | AE7: =INDEX('Category Mapping'!$B$2:$B$29,MATCH('Source Data'!A7,'Category Mapping'!$A$2:$A$29,0)) -> Weekday | AF7: =INDEX('Category Mapping'!$C$2:$C$29,MATCH('Source Data'!A7,'Category Mapping'!$A$2:$A$29,0)) -> Residential | AG7: =INDEX('Category Mapping'!$D$2:$D$29,MATCH('Source Data'!A7,'Category Mapping'!$A$2:$A$29,0)) -> Cooling
A8: Residential_cooling_weekday.csv | B8: 2019 | C8: 19 | D8: Korea | E8: 6 | F8: 3799513 | G8: 2502986 | H8: 2214972 | I8: 2513965 | J8: 3740541 | K8: 6945215 | L8: 11800000 | M8: 14800000 | N8: 17500000 | O8: 20100000 | P8: 24600000 | Q8: 32000000 | R8: 38600000 | S8: 42300000 | T8: 45000000 | U8: 48200000 | V8: 49600000 | W8: 49000000 | X8: 46600000 | Y8: 41600000 | Z8: 33900000 | AA8: 24600000 | AB8: 15300000 | AC8: 7575886 | AD8: =IF(AND(E8>=3,E8<=5),"Spring",IF(AND(E8>=6,E8<=8),"Summer",IF(AND(E8>=9,E8<=10),"Fall","Winter"))) -> Summer | AE8: =INDEX('Category Mapping'!$B$2:$B$29,MATCH('Source Data'!A8,'Category Mapping'!$A$2:$A$29,0)) -> Weekday | AF8: =INDEX('Category Mapping'!$C$2:$C$29,MATCH('Source Data'!A8,'Category Mapping'!$A$2:$A$29,0)) -> Residential | AG8: =INDEX('Category Mapping'!$D$2:$D$29,MATCH('Source Data'!A8,'Category Mapping'!$A$2:$A$29,0)) -> Cooling
A9: Residential_cooling_weekday.csv | B9: 2019 | C9: 19 | D9: Korea | E9: 7 | F9: 53400000 | G9: 48800000 | H9: 47300000 | I9: 49000000 | J9: 52600000 | K9: 55500000 | L9: 53100000 | M9: 46600000 | N9: 43700000 | O9: 43100000 | P9: 47500000 | Q9: 57800000 | R9: 66700000 | S9: 71300000 | T9: 75400000 | U9: 81400000 | V9: 85700000 | W9: 88300000 | X9: 90000000 | Y9: 89000000 | Z9: 84500000 | AA9: 77500000 | AB9: 69000000 | AC9: 60500000 | AD9: =IF(AND(E9>=3,E9<=5),"Spring",IF(AND(E9>=6,E9<=8),"Summer",IF(AND(E9>=9,E9<=10),"Fall","Winter"))) -> Summer | AE9: =INDEX('Category Mapping'!$B$2:$B$29,MATCH('Source Data'!A9,'Category Mapping'!$A$2:$A$29,0)) -> Weekday | AF9: =INDEX('Category Mapping'!$C$2:$C$29,MATCH('Source Data'!A9,'Category Mapping'!$A$2:$A$29,0)) -> Residential | AG9: =INDEX('Category Mapping'!$D$2:$D$29,MATCH('Source Data'!A9,'Category Mapping'!$A$2:$A$29,0)) -> Cooling
A10: Residential_cooling_weekday.csv | B10: 2019 | C10: 19 | D10: Korea | E10: 8 | F10: 56500000 | G10: 50600000 | H10: 48600000 | I10: 50800000 | J10: 55600000 | K10: 60300000 | L10: 59300000 | M10: 53200000 | N10: 50700000 | O10: 50600000 | P10: 56300000 | Q10: 69000000 | R10: 80000000 | S10: 85800000 | T10: 90800000 | U10: 97900000 | V10: 103000000 | W10: 106000000 | X10: 107000000 | Y10: 105000000 | Z10: 98000000 | AA10: 88400000 | AB10: 77000000 | AC10: 65800000 | AD10: =IF(AND(E10>=3,E10<=5),"Spring",IF(AND(E10>=6,E10<=8),"Summer",IF(AND(E10>=9,E10<=10),"Fall","Winter"))) -> Summer | AE10: =INDEX('Category Mapping'!$B$2:$B$29,MATCH('Source Data'!A10,'Category Mapping'!$A$2:$A$29,0)) -> Weekday | AF10: =INDEX('Category Mapping'!$C$2:$C$29,MATCH('Source Data'!A10,'Category Mapping'!$A$2:$A$29,0)) -> Residential | AG10: =INDEX('Category Mapping'!$D$2:$D$29,MATCH('Source Data'!A10,'Category Mapping'!$A$2:$A$29,0)) -> Cooling
A11: Residential_cooling_weekday.csv | B11: 2019 | C11: 19 | D11: Korea | E11: 9 | F11: 2827273 | G11: 2549733 | H11: 2460053 | I11: 2560917 | J11: 2783391 | K11: 3228720 | L11: 4970225 | M11: 7996402 | N11: 11500000 | O11: 14700000 | P11: 19200000 | Q11: 25900000 | R11: 32000000 | S11: 35500000 | T11: 37900000 | U11: 40400000 | V11: 41100000 | W11: 39700000 | X11: 36300000 | Y11: 30400000 | Z11: 22200000 | AA11: 13300000 | AB11: 6458964 | AC11: 3521910 | AD11: =IF(AND(E11>=3,E11<=5),"Spring",IF(AND(E11>=6,E11<=8),"Summer",IF(AND(E11>=9,E11<=10),"Fall","Winter"))) -> Fall | AE11: =INDEX('Category Mapping'!$B$2:$B$29,MATCH('Source Data'!A11,'Category Mapping'!$A$2:$A$29,0)) -> Weekday | AF11: =INDEX('Category Mapping'!$C$2:$C$29,MATCH('Source Data'!A11,'Category Mapping'!$A$2:$A$29,0)) -> Residential | AG11: =INDEX('Category Mapping'!$D$2:$D$29,MATCH('Source Data'!A11,'Category Mapping'!$A$2:$A$29,0)) -> Cooling
A12: Residential_cooling_weekday.csv | B12: 2019 | C12: 19 | D12: Korea | E12: 10 | F12: 2902 | G12: 2918 | H12: 2929 | I12: 2931 | J12: 2857 | K12: 2627 | L12: 2146 | M12: 1610 | N12: 1301 | O12: 10087 | P12: 65252 | Q12: 413141 | R12: 1020552 | S12: 1479165 | T12: 1702028 | U12: 1687037 | V12: 1311023 | W12: 631468 | X12: 123827 | Y12: 20837 | Z12: 2515 | AA12: 2675 | AB12: 2788 | AC12: 2865 | AD12: =IF(AND(E12>=3,E12<=5),"Spring",IF(AND(E12>=6,E12<=8),"Summer",IF(AND(E12>=9,E12<=10),"Fall","Winter"))) -> Fall | AE12: =INDEX('Category Mapping'!$B$2:$B$29,MATCH('Source Data'!A12,'Category Mapping'!$A$2:$A$29,0)) -> Weekday | AF12: =INDEX('Category Mapping'!$C$2:$C$29,MATCH('Source Data'!A12,'Category Mapping'!$A$2:$A$29,0)) -> Residential | AG12: =INDEX('Category Mapping'!$D$2:$D$29,MATCH('Source Data'!A12,'Category Mapping'!$A$2:$A$29,0)) -> Cooling
A13: Residential_cooling_weekday.csv | B13: 2019 | C13: 19 | D13: Korea | E13: 11 | F13: 47696 | G13: 47964 | H13: 48148 | I13: 48174 | J13: 46956 | K13: 43175 | L13: 35271 | M13: 26469 | N13: 21391 | O13: 18493 | P13: 18273 | Q13: 20437 | R13: 22185 | S13: 22884 | T13: 23895 | U13: 26100 | V13: 28500 | W13: 31237 | X13: 34677 | Y13: 38198 | Z13: 41345 | AA13: 43968 | AB13: 45835 | AC13: 47095 | AD13: =IF(AND(E13>=3,E13<=5),"Spring",IF(AND(E13>=6,E13<=8),"Summer",IF(AND(E13>=9,E13<=10),"Fall","Winter"))) -> Winter | AE13: =INDEX('Category Mapping'!$B$2:$B$29,MATCH('Source Data'!A13,'Category Mapping'!$A$2:$A$29,0)) -> Weekday | AF13: =INDEX('Category Mapping'!$C$2:$C$29,MATCH('Source Data'!A13,'Category Mapping'!$A$2:$A$29,0)) -> Residential | AG13: =INDEX('Category Mapping'!$D$2:$D$29,MATCH('Source Data'!A13,'Category Mapping'!$A$2:$A$29,0)) -> Cooling
A14: Residential_cooling_weekday.csv | B14: 2019 | C14: 19 | D14: Korea | E14: 12 | F14: 18044 | G14: 18146 | H14: 18215 | I14: 18225 | J14: 17764 | K14: 16334 | L14: 13343 | M14: 10014 | N14: 8092 | O14: 6996 | P14: 6913 | Q14: 7732 | R14: 8393 | S14: 8657 | T14: 9040 | U14: 9874 | V14: 10782 | W14: 11818 | X14: 13119 | Y14: 14451 | Z14: 15641 | AA14: 16634 | AB14: 17340 | AC14: 17817 | AD14: =IF(AND(E14>=3,E14<=5),"Spring",IF(AND(E14>=6,E14<=8),"Summer",IF(AND(E14>=9,E14<=10),"Fall","Winter"))) -> Winter | AE14: =INDEX('Category Mapping'!$B$2:$B$29,MATCH('Source Data'!A14,'Category Mapping'!$A$2:$A$29,0)) -> Weekday | AF14: =INDEX('Category Mapping'!$C$2:$C$29,MATCH('Source Data'!A14,'Category Mapping'!$A$2:$A$29,0)) -> Residential | AG14: =INDEX('Category Mapping'!$D$2:$D$29,MATCH('Source Data'!A14,'Category Mapping'!$A$2:$A$29,0)) -> Cooling
... A290: Transport_total_weekend.csv | B290: 2019 | C290: 19 | D290: Korea | E290: 12 | F290: 2742679 | G290: 2613859 | H290: 2578726 | I290: 2578726 | J290: 2567015 | K290: 2584582 | L290: 3203697 | M290: 4168085 | N290: 4972466 | O290: 5632407 | P290: 5961600 | Q290: 6143119 | R290: 6007156 | S290: 5716110 | T290: 5645844 | U290: 5540446 | V290: 6355851 | W290: 6361707 | X290: 6320718 | Y290: 6186043 | Z290: 6004524 | AA290: 5799583 | AB290: 5729317 | AC290: 3849980 | AD290: =IF(AND(E290>=3,E290<=5),"Spring",IF(AND(E290>=6,E290<=8),"Summer",IF(AND(E290>=9,E290<=10),"Fall","Winter"))) -> Winter | AE290: =INDEX('Category Mapping'!$B$2:$B$29,MATCH('Source Data'!A290,'Category Mapping'!$A$2:$A$29,0)) -> Weekend | AF290: =INDEX('Category Mapping'!$C$2:$C$29,MATCH('Source Data'!A290,'Category Mapping'!$A$2:$A$29,0)) -> Transportation | AG290: =INDEX('Category Mapping'!$D$2:$D$29,MATCH('Source Data'!A290,'Category Mapping'!$A$2:$A$29,0)) -> Transportation
A291: Residential_other_weekday | E291: 1 | F291: =SUMIFS(F$3:F$290,$AF$3:$AF$290,"*"&"Residential"&"*",$E$3:$E$290,$E291,$AG$3:$AG$290,"Total",$AE$3:$AE$290,"Weekday")-SUMIFS(F$3:F$290,$AF$3:$AF$290,"*"&"Residential"&"*",$E$3:$E$290,$E291,$AG$3:$AG$290,"<>"&"Total",$AE$3:$AE$290,"Weekday") -> 69297336 | G291: =SUMIFS(G$3:G$290,$AF$3:$AF$290,"*"&"Residential"&"*",$E$3:$E$290,$E291,$AG$3:$AG$290,"Total",$AE$3:$AE$290,"Weekday")-SUMIFS(G$3:G$290,$AF$3:$AF$290,"*"&"Residential"&"*",$E$3:$E$290,$E291,$AG$3:$AG$290,"<>"&"Total",$AE$3:$AE$290,"Weekday") -> 50630080 | H291: =SUMIFS(H$3:H$290,$AF$3:$AF$290,"*"&"Residential"&"*",$E$3:$E$290,$E291,$AG$3:$AG$290,"Total",$AE$3:$AE$290,"Weekday")-SUMIFS(H$3:H$290,$AF$3:$AF$290,"*"&"Residential"&"*",$E$3:$E$290,$E291,$AG$3:$AG$290,"<>"&"Total",$AE$3:$AE$290,"Weekday") -> 40365633 | I291: =SUMIFS(I$3:I$290,$AF$3:$AF$290,"*"&"Residential"&"*",$E$3:$E$290,$E291,$AG$3:$AG$290,"Total",$AE$3:$AE$290,"Weekday")-SUMIFS(I$3:I$290,$AF$3:$AF$290,"*"&"Residential"&"*",$E$3:$E$290,$E291,$AG$3:$AG$290,"<>"&"Total",$AE$3:$AE$290,"Weekday") -> 34640887 | J291: =SUMIFS(J$3:J$290,$AF$3:$AF$290,"*"&"Residential"&"*",$E$3:$E$290,$E291,$AG$3:$AG$290,"Total",$AE$3:$AE$290,"Weekday")-SUMIFS(J$3:J$290,$AF$3:$AF$290,"*"&"Residential"&"*",$E$3:$E$290,$E291,$AG$3:$AG$290,"<>"&"Total",$AE$3:$AE$290,"Weekday") -> 35632744 | K291: =SUMIFS(K$3:K$290,$AF$3:$AF$290,"*"&"Residential"&"*",$E$3:$E$290,$E291,$AG$3:$AG$290,"Total",$AE$3:$AE$290,"Weekday")-SUMIFS(K$3:K$290,$AF$3:$AF$290,"*"&"Residential"&"*",$E$3:$E$290,$E291,$AG$3:$AG$290,"<>"&"Total",$AE$3:$AE$290,"Weekday") -> 45687891 | L291: =SUMIFS(L$3:L$290,$AF$3:$AF$290,"*"&"Residential"&"*",$E$3:$E$290,$E291,$AG$3:$AG$290,"Total",$AE$3:$AE$290,"Weekday")-SUMIFS(L$3:L$290,$AF$3:$AF$290,"*"&"Residential"&"*",$E$3:$E$290,$E291,$AG$3:$AG$290,"<>"&"Total",$AE$3:$AE$290,"Weekday") -> 69590108 | M291: =SUMIFS(M$3:M$290,$AF$3:$AF$290,"*"&"Residential"&"*",$E$3:$E$290,$E291,$AG$3:$AG$290,"Total",$AE$3:$AE$290,"Weekday")-SUMIFS(M$3:M$290,$AF$3:$AF$290,"*"&"Residential"&"*",$E$3:$E$290,$E291,$AG$3:$AG$290,"<>"&"Total",$AE$3:$AE$290,"Weekday") -> 86892576 | ... AC291: =SUMIFS(AC$3:AC$290,$AF$3:$AF$290,"*"&"Residential"&"*",$E$3:$E$290,$E291,$AG$3:$AG$290,"Total",$AE$3:$AE$290,"Weekday")-SUMIFS(AC$3:AC$290,$AF$3:$AF$290,"*"&"Residential"&"*",$E$3:$E$290,$E291,$AG$3:$AG$290,"<>"&"Total",$AE$3:$AE$290,"Weekday") -> 83927595 | AD291: =IF(AND(E291>=3,E291<=5),"Spring",IF(AND(E291>=6,E291<=8),"Summer",IF(AND(E291>=9,E291<=10),"Fall","Winter"))) -> Winter | AE291: =INDEX('Category Mapping'!$B$2:$B$29,MATCH('Modified Source Data'!A291,'Category Mapping'!$A$2:$A$29,0)) -> Weekday | AF291: =INDEX('Category Mapping'!$C$2:$C$29,MATCH('Modified Source Data'!A291,'Category Mapping'!$A$2:$A$29,0)) -> Residential | AG291: =INDEX('Category Mapping'!$D$2:$D$29,MATCH('Modified Source Data'!A291,'Category Mapping'!$A$2:$A$29,0)) -> Other
A292: Residential_other_weekday | E292: 2 | F292: =SUMIFS(F$3:F$290,$AF$3:$AF$290,"*"&"Residential"&"*",$E$3:$E$290,$E292,$AG$3:$AG$290,"Total",$AE$3:$AE$290,"Weekday")-SUMIFS(F$3:F$290,$AF$3:$AF$290,"*"&"Residential"&"*",$E$3:$E$290,$E292,$AG$3:$AG$290,"<>"&"Total",$AE$3:$AE$290,"Weekday") -> 68923071 | G292: =SUMIFS(G$3:G$290,$AF$3:$AF$290,"*"&"Residential"&"*",$E$3:$E$290,$E292,$AG$3:$AG$290,"Total",$AE$3:$AE$290,"Weekday")-SUMIFS(G$3:G$290,$AF$3:$AF$290,"*"&"Residential"&"*",$E$3:$E$290,$E292,$AG$3:$AG$290,"<>"&"Total",$AE$3:$AE$290,"Weekday") -> 50454721 | H292: =SUMIFS(H$3:H$290,$AF$3:$AF$290,"*"&"Residential"&"*",$E$3:$E$290,$E292,$AG$3:$AG$290,"Total",$AE$3:$AE$290,"Weekday")-SUMIFS(H$3:H$290,$AF$3:$AF$290,"*"&"Residential"&"*",$E$3:$E$290,$E292,$AG$3:$AG$290,"<>"&"Total",$AE$3:$AE$290,"Weekday") -> 40169491 | I292: =SUMIFS(I$3:I$290,$AF$3:$AF$290,"*"&"Residential"&"*",$E$3:$E$290,$E292,$AG$3:$AG$290,"Total",$AE$3:$AE$290,"Weekday")-SUMIFS(I$3:I$290,$AF$3:$AF$290,"*"&"Residential"&"*",$E$3:$E$290,$E292,$AG$3:$AG$290,"<>"&"Total",$AE$3:$AE$290,"Weekday") -> 34540084 | J292: =SUMIFS(J$3:J$290,$AF$3:$AF$290,"*"&"Residential"&"*",$E$3:$E$290,$E292,$AG$3:$AG$290,"Total",$AE$3:$AE$290,"Weekday")-SUMIFS(J$3:J$290,$AF$3:$AF$290,"*"&"Residential"&"*",$E$3:$E$290,$E292,$AG$3:$AG$290,"<>"&"Total",$AE$3:$AE$290,"Weekday") -> 35512992 | K292: =SUMIFS(K$3:K$290,$AF$3:$AF$290,"*"&"Residential"&"*",$E$3:$E$290,$E292,$AG$3:$AG$290,"Total",$AE$3:$AE$290,"Weekday")-SUMIFS(K$3:K$290,$AF$3:$AF$290,"*"&"Residential"&"*",$E$3:$E$290,$E292,$AG$3:$AG$290,"<>"&"Total",$AE$3:$AE$290,"Weekday") -> 45908830 | L292: =SUMIFS(L$3:L$290,$AF$3:$AF$290,"*"&"Residential"&"*",$E$3:$E$290,$E292,$AG$3:$AG$290,"Total",$AE$3:$AE$290,"Weekday")-SUMIFS(L$3:L$290,$AF$3:$AF$290,"*"&"Residential"&"*",$E$3:$E$290,$E292,$AG$3:$AG$290,"<>"&"Total",$AE$3:$AE$290,"Weekday") -> 69388839 | M292: =SUMIFS(M$3:M$290,$AF$3:$AF$290,"*"&"Residential"&"*",$E$3:$E$290,$E292,$AG$3:$AG$290,"Total",$AE$3:$AE$290,"Weekday")-SUMIFS(M$3:M$290,$AF$3:$AF$290,"*"&"Residential"&"*",$E$3:$E$290,$E292,$AG$3:$AG$290,"<>"&"Total",$AE$3:$AE$290,"Weekday") -> 86391624 | ... AC292: =SUMIFS(AC$3:AC$290,$AF$3:$AF$290,"*"&"Residential"&"*",$E$3:$E$290,$E292,$AG$3:$AG$290,"Total",$AE$3:$AE$290,"Weekday")-SUMIFS(AC$3:AC$290,$AF$3:$AF$290,"*"&"Residential"&"*",$E$3:$E$290,$E292,$AG$3:$AG$290,"<>"&"Total",$AE$3:$AE$290,"Weekday") -> 83999125 | AD292: =IF(AND(E292>=3,E292<=5),"Spring",IF(AND(E292>=6,E292<=8),"Summer",IF(AND(E292>=9,E292<=10),"Fall","Winter"))) -> Winter | AE292: =INDEX('Category Mapping'!$B$2:$B$29,MATCH('Modified Source Data'!A292,'Category Mapping'!$A$2:$A$29,0)) -> Weekday | AF292: =INDEX('Category Mapping'!$C$2:$C$29,MATCH('Modified Source Data'!A292,'Category Mapping'!$A$2:$A$29,0)) -> Residential | AG292: =INDEX('Category Mapping'!$D$2:$D$29,MATCH('Modified Source Data'!A292,'Category Mapping'!$A$2:$A$29,0)) -> Other
A293: Residential_other_weekday | E293: 3 | F293: =SUMIFS(F$3:F$290,$AF$3:$AF$290,"*"&"Residential"&"*",$E$3:$E$290,$E293,$AG$3:$AG$290,"Total",$AE$3:$AE$290,"Weekday")-SUMIFS(F$3:F$290,$AF$3:$AF$290,"*"&"Residential"&"*",$E$3:$E$290,$E293,$AG$3:$AG$290,"<>"&"Total",$AE$3:$AE$290,"Weekday") -> 69180410 | G293: =SUMIFS(G$3:G$290,$AF$3:$AF$290,"*"&"Residential"&"*",$E$3:$E$290,$E293,$AG$3:$AG$290,"Total",$AE$3:$AE$290,"Weekday")-SUMIFS(G$3:G$290,$AF$3:$AF$290,"*"&"Residential"&"*",$E$3:$E$290,$E293,$AG$3:$AG$290,"<>"&"Total",$AE$3:$AE$290,"Weekday") -> 50326516 | H293: =SUMIFS(H$3:H$290,$AF$3:$AF$290,"*"&"Residential"&"*",$E$3:$E$290,$E293,$AG$3:$AG$290,"Total",$AE$3:$AE$290,"Weekday")-SUMIFS(H$3:H$290,$AF$3:$AF$290,"*"&"Residential"&"*",$E$3:$E$290,$E293,$AG$3:$AG$290,"<>"&"Total",$AE$3:$AE$290,"Weekday") -> 40118876 | I293: =SUMIFS(I$3:I$290,$AF$3:$AF$290,"*"&"Residential"&"*",$E$3:$E$290,$E293,$AG$3:$AG$290,"Total",$AE$3:$AE$290,"Weekday")-SUMIFS(I$3:I$290,$AF$3:$AF$290,"*"&"Residential"&"*",$E$3:$E$290,$E293,$AG$3:$AG$290,"<>"&"Total",$AE$3:$AE$290,"Weekday") -> 34371409 | J293: =SUMIFS(J$3:J$290,$AF$3:$AF$290,"*"&"Residential"&"*",$E$3:$E$290,$E293,$AG$3:$AG$290,"Total",$AE$3:$AE$290,"Weekday")-SUMIFS(J$3:J$290,$AF$3:$AF$290,"*"&"Residential"&"*",$E$3:$E$290,$E293,$AG$3:$AG$290,"<>"&"Total",$AE$3:$AE$290,"Weekday") -> 35432229 | K293: =SUMIFS(K$3:K$290,$AF$3:$AF$290,"*"&"Residential"&"*",$E$3:$E$290,$E293,$AG$3:$AG$290,"Total",$AE$3:$AE$290,"Weekday")-SUMIFS(K$3:K$290,$AF$3:$AF$290,"*"&"Residential"&"*",$E$3:$E$290,$E293,$AG$3:$AG$290,"<>"&"Total",$AE$3:$AE$290,"Weekday") -> 45719343 | L293: =SUMIFS(L$3:L$290,$AF$3:$AF$290,"*"&"Residential"&"*",$E$3:$E$290,$E293,$AG$3:$AG$290,"Total",$AE$3:$AE$290,"Weekday")-SUMIFS(L$3:L$290,$AF$3:$AF$290,"*"&"Residential"&"*",$E$3:$E$290,$E293,$AG$3:$AG$290,"<>"&"Total",$AE$3:$AE$290,"Weekday") -> 69574875 | M293: =SUMIFS(M$3:M$290,$AF$3:$AF$290,"*"&"Residential"&"*",$E$3:$E$290,$E293,$AG$3:$AG$290,"Total",$AE$3:$AE$290,"Weekday")-SUMIFS(M$3:M$290,$AF$3:$AF$290,"*"&"Residential"&"*",$E$3:$E$290,$E293,$AG$3:$AG$290,"<>"&"Total",$AE$3:$AE$290,"Weekday") -> 86281145 | ... AC293: =SUMIFS(AC$3:AC$290,$AF$3:$AF$290,"*"&"Residential"&"*",$E$3:$E$290,$E293,$AG$3:$AG$290,"Total",$AE$3:$AE$290,"Weekday")-SUMIFS(AC$3:AC$290,$AF$3:$AF$290,"*"&"Residential"&"*",$E$3:$E$290,$E293,$AG$3:$AG$290,"<>"&"Total",$AE$3:$AE$290,"Weekday") -> 83364021 | AD293: =IF(AND(E293>=3,E293<=5),"Spring",IF(AND(E293>=6,E293<=8),"Summer",IF(AND(E293>=9,E293<=10),"Fall","Winter"))) -> Spring | AE293: =INDEX('Category Mapping'!$B$2:$B$29,MATCH('Modified Source Data'!A293,'Category Mapping'!$A$2:$A$29,0)) -> Weekday | AF293: =INDEX('Category Mapping'!$C$2:$C$29,MATCH('Modified Source Data'!A293,'Category Mapping'!$A$2:$A$29,0)) -> Residential | AG293: =INDEX('Category Mapping'!$D$2:$D$29,MATCH('Modified Source Data'!A293,'Category Mapping'!$A$2:$A$29,0)) -> Other
A294: Residential_other_weekday | E294: 4 | F294: =SUMIFS(F$3:F$290,$AF$3:$AF$290,"*"&"Residential"&"*",$E$3:$E$290,$E294,$AG$3:$AG$290,"Total",$AE$3:$AE$290,"Weekday")-SUMIFS(F$3:F$290,$AF$3:$AF$290,"*"&"Residential"&"*",$E$3:$E$290,$E294,$AG$3:$AG$290,"<>"&"Total",$AE$3:$AE$290,"Weekday") -> 68867012 | G294: =SUMIFS(G$3:G$290,$AF$3:$AF$290,"*"&"Residential"&"*",$E$3:$E$290,$E294,$AG$3:$AG$290,"Total",$AE$3:$AE$290,"Weekday")-SUMIFS(G$3:G$290,$AF$3:$AF$290,"*"&"Residential"&"*",$E$3:$E$290,$E294,$AG$3:$AG$290,"<>"&"Total",$AE$3:$AE$290,"Weekday") -> 50067436 | H294: =SUMIFS(H$3:H$290,$AF$3:$AF$290,"*"&"Residential"&"*",$E$3:$E$290,$E294,$AG$3:$AG$290,"Total",$AE$3:$AE$290,"Weekday")-SUMIFS(H$3:H$290,$AF$3:$AF$290,"*"&"Residential"&"*",$E$3:$E$290,$E294,$AG$3:$AG$290,"<>"&"Total",$AE$3:$AE$290,"Weekday") -> 39759439 | I294: =SUMIFS(I$3:I$290,$AF$3:$AF$290,"*"&"Residential"&"*",$E$3:$E$290,$E294,$AG$3:$AG$290,"Total",$AE$3:$AE$290,"Weekday")-SUMIFS(I$3:I$290,$AF$3:$AF$290,"*"&"Residential"&"*",$E$3:$E$290,$E294,$AG$3:$AG$290,"<>"&"Total",$AE$3:$AE$290,"Weekday") -> 34072674 | J294: =SUMIFS(J$3:J$290,$AF$3:$AF$290,"*"&"Residential"&"*",$E$3:$E$290,$E294,$AG$3:$AG$290,"Total",$AE$3:$AE$290,"Weekday")-SUMIFS(J$3:J$290,$AF$3:$AF$290,"*"&"Residential"&"*",$E$3:$E$290,$E294,$AG$3:$AG$290,"<>"&"Total",$AE$3:$AE$290,"Weekday") -> 35045550 | K294: =SUMIFS(K$3:K$290,$AF$3:$AF$290,"*"&"Residential"&"*",$E$3:$E$290,$E294,$AG$3:$AG$290,"Total",$AE$3:$AE$290,"Weekday")-SUMIFS(K$3:K$290,$AF$3:$AF$290,"*"&"Residential"&"*",$E$3:$E$290,$E294,$AG$3:$AG$290,"<>"&"Total",$AE$3:$AE$290,"Weekday") -> 45342123 | L294: =SUMIFS(L$3:L$290,$AF$3:$AF$290,"*"&"Residential"&"*",$E$3:$E$290,$E294,$AG$3:$AG$290,"Total",$AE$3:$AE$290,"Weekday")-SUMIFS(L$3:L$290,$AF$3:$AF$290,"*"&"Residential"&"*",$E$3:$E$290,$E294,$AG$3:$AG$290,"<>"&"Total",$AE$3:$AE$290,"Weekday") -> 69025106 | M294: =SUMIFS(M$3:M$290,$AF$3:$AF$290,"*"&"Residential"&"*",$E$3:$E$290,$E294,$AG$3:$AG$290,"Total",$AE$3:$AE$290,"Weekday")-SUMIFS(M$3:M$290,$AF$3:$AF$290,"*"&"Residential"&"*",$E$3:$E$290,$E294,$AG$3:$AG$290,"<>"&"Total",$AE$3:$AE$290,"Weekday") -> 86295880 | ... AC294: =SUMIFS(AC$3:AC$290,$AF$3:$AF$290,"*"&"Residential"&"*",$E$3:$E$290,$E294,$AG$3:$AG$290,"Total",$AE$3:$AE$290,"Weekday")-SUMIFS(AC$3:AC$290,$AF$3:$AF$290,"*"&"Residential"&"*",$E$3:$E$290,$E294,$AG$3:$AG$290,"<>"&"Total",$AE$3:$AE$290,"Weekday") -> 83853546 | AD294: =IF(AND(E294>=3,E294<=5),"Spring",IF(AND(E294>=6,E294<=8),"Summer",IF(AND(E294>=9,E294<=10),"Fall","Winter"))) -> Spring | AE294: =INDEX('Category Mapping'!$B$2:$B$29,MATCH('Modified Source Data'!A294,'Category Mapping'!$A$2:$A$29,0)) -> Weekday | AF294: =INDEX('Category Mapping'!$C$2:$C$29,MATCH('Modified Source Data'!A294,'Category Mapping'!$A$2:$A$29,0)) -> Residential | AG294: =INDEX('Category Mapping'!$D$2:$D$29,MATCH('Modified Source Data'!A294,'Category Mapping'!$A$2:$A$29,0)) -> Other
A295: Residential_other_weekday | E295: 5 | F295: =SUMIFS(F$3:F$290,$AF$3:$AF$290,"*"&"Residential"&"*",$E$3:$E$290,$E295,$AG$3:$AG$290,"Total",$AE$3:$AE$290,"Weekday")-SUMIFS(F$3:F$290,$AF$3:$AF$290,"*"&"Residential"&"*",$E$3:$E$290,$E295,$AG$3:$AG$290,"<>"&"Total",$AE$3:$AE$290,"Weekday") -> 68741217 | G295: =SUMIFS(G$3:G$290,$AF$3:$AF$290,"*"&"Residential"&"*",$E$3:$E$290,$E295,$AG$3:$AG$290,"Total",$AE$3:$AE$290,"Weekday")-SUMIFS(G$3:G$290,$AF$3:$AF$290,"*"&"Residential"&"*",$E$3:$E$290,$E295,$AG$3:$AG$290,"<>"&"Total",$AE$3:$AE$290,"Weekday") -> 49888809 | H295: =SUMIFS(H$3:H$290,$AF$3:$AF$290,"*"&"Residential"&"*",$E$3:$E$290,$E295,$AG$3:$AG$290,"Total",$AE$3:$AE$290,"Weekday")-SUMIFS(H$3:H$290,$AF$3:$AF$290,"*"&"Residential"&"*",$E$3:$E$290,$E295,$AG$3:$AG$290,"<>"&"Total",$AE$3:$AE$290,"Weekday") -> 39618516 | I295: =SUMIFS(I$3:I$290,$AF$3:$AF$290,"*"&"Residential"&"*",$E$3:$E$290,$E295,$AG$3:$AG$290,"Total",$AE$3:$AE$290,"Weekday")-SUMIFS(I$3:I$290,$AF$3:$AF$290,"*"&"Residential"&"*",$E$3:$E$290,$E295,$AG$3:$AG$290,"<>"&"Total",$AE$3:$AE$290,"Weekday") -> 33869476 | J295: =SUMIFS(J$3:J$290,$AF$3:$AF$290,"*"&"Residential"&"*",$E$3:$E$290,$E295,$AG$3:$AG$290,"Total",$AE$3:$AE$290,"Weekday")-SUMIFS(J$3:J$290,$AF$3:$AF$290,"*"&"Residential"&"*",$E$3:$E$290,$E295,$AG$3:$AG$290,"<>"&"Total",$AE$3:$AE$290,"Weekday") -> 34933797 | K295: =SUMIFS(K$3:K$290,$AF$3:$AF$290,"*"&"Residential"&"*",$E$3:$E$290,$E295,$AG$3:$AG$290,"Total",$AE$3:$AE$290,"Weekday")-SUMIFS(K$3:K$290,$AF$3:$AF$290,"*"&"Residential"&"*",$E$3:$E$290,$E295,$AG$3:$AG$290,"<>"&"Total",$AE$3:$AE$290,"Weekday") -> 45033735 | L295: =SUMIFS(L$3:L$290,$AF$3:$AF$290,"*"&"Residential"&"*",$E$3:$E$290,$E295,$AG$3:$AG$290,"Total",$AE$3:$AE$290,"Weekday")-SUMIFS(L$3:L$290,$AF$3:$AF$290,"*"&"Residential"&"*",$E$3:$E$290,$E295,$AG$3:$AG$290,"<>"&"Total",$AE$3:$AE$290,"Weekday") -> 68249710 | M295: =SUMIFS(M$3:M$290,$AF$3:$AF$290,"*"&"Residential"&"*",$E$3:$E$290,$E295,$AG$3:$AG$290,"Total",$AE$3:$AE$290,"Weekday")-SUMIFS(M$3:M$290,$AF$3:$AF$290,"*"&"Residential"&"*",$E$3:$E$290,$E295,$AG$3:$AG$290,"<>"&"Total",$AE$3:$AE$290,"Weekday") -> 85598038 | ... AC295: =SUMIFS(AC$3:AC$290,$AF$3:$AF$290,"*"&"Residential"&"*",$E$3:$E$290,$E295,$AG$3:$AG$290,"Total",$AE$3:$AE$290,"Weekday")-SUMIFS(AC$3:AC$290,$AF$3:$AF$290,"*"&"Residential"&"*",$E$3:$E$290,$E295,$AG$3:$AG$290,"<>"&"Total",$AE$3:$AE$290,"Weekday") -> 83774873 | AD295: =IF(AND(E295>=3,E295<=5),"Spring",IF(AND(E295>=6,E295<=8),"Summer",IF(AND(E295>=9,E295<=10),"Fall","Winter"))) -> Spring | AE295: =INDEX('Category Mapping'!$B$2:$B$29,MATCH('Modified Source Data'!A295,'Category Mapping'!$A$2:$A$29,0)) -> Weekday | AF295: =INDEX('Category Mapping'!$C$2:$C$29,MATCH('Modified Source Data'!A295,'Category Mapping'!$A$2:$A$29,0)) -> Residential | AG295: =INDEX('Category Mapping'!$D$2:$D$29,MATCH('Modified Source Data'!A295,'Category Mapping'!$A$2:$A$29,0)) -> Other
A296: Residential_other_weekday | E296: 6 | F296: =SUMIFS(F$3:F$290,$AF$3:$AF$290,"*"&"Residential"&"*",$E$3:$E$290,$E296,$AG$3:$AG$290,"Total",$AE$3:$AE$290,"Weekday")-SUMIFS(F$3:F$290,$AF$3:$AF$290,"*"&"Residential"&"*",$E$3:$E$290,$E296,$AG$3:$AG$290,"<>"&"Total",$AE$3:$AE$290,"Weekday") -> 68797444 | G296: =SUMIFS(G$3:G$290,$AF$3:$AF$290,"*"&"Residential"&"*",$E$3:$E$290,$E296,$AG$3:$AG$290,"Total",$AE$3:$AE$290,"Weekday")-SUMIFS(G$3:G$290,$AF$3:$AF$290,"*"&"Residential"&"*",$E$3:$E$290,$E296,$AG$3:$AG$290,"<>"&"Total",$AE$3:$AE$290,"Weekday") -> 49907234 | H296: =SUMIFS(H$3:H$290,$AF$3:$AF$290,"*"&"Residential"&"*",$E$3:$E$290,$E296,$AG$3:$AG$290,"Total",$AE$3:$AE$290,"Weekday")-SUMIFS(H$3:H$290,$AF$3:$AF$290,"*"&"Residential"&"*",$E$3:$E$290,$E296,$AG$3:$AG$290,"<>"&"Total",$AE$3:$AE$290,"Weekday") -> 39617767 | I296: =SUMIFS(I$3:I$290,$AF$3:$AF$290,"*"&"Residential"&"*",$E$3:$E$290,$E296,$AG$3:$AG$290,"Total",$AE$3:$AE$290,"Weekday")-SUMIFS(I$3:I$290,$AF$3:$AF$290,"*"&"Residential"&"*",$E$3:$E$290,$E296,$AG$3:$AG$290,"<>"&"Total",$AE$3:$AE$290,"Weekday") -> 33965074 | J296: =SUMIFS(J$3:J$290,$AF$3:$AF$290,"*"&"Residential"&"*",$E$3:$E$290,$E296,$AG$3:$AG$290,"Total",$AE$3:$AE$290,"Weekday")-SUMIFS(J$3:J$290,$AF$3:$AF$290,"*"&"Residential"&"*",$E$3:$E$290,$E296,$AG$3:$AG$290,"<>"&"Total",$AE$3:$AE$290,"Weekday") -> 35062786 | K296: =SUMIFS(K$3:K$290,$AF$3:$AF$290,"*"&"Residential"&"*",$E$3:$E$290,$E296,$AG$3:$AG$290,"Total",$AE$3:$AE$290,"Weekday")-SUMIFS(K$3:K$290,$AF$3:$AF$290,"*"&"Residential"&"*",$E$3:$E$290,$E296,$AG$3:$AG$290,"<>"&"Total",$AE$3:$AE$290,"Weekday") -> 45109089 | L296: =SUMIFS(L$3:L$290,$AF$3:$AF$290,"*"&"Residential"&"*",$E$3:$E$290,$E296,$AG$3:$AG$290,"Total",$AE$3:$AE$290,"Weekday")-SUMIFS(L$3:L$290,$AF$3:$AF$290,"*"&"Residential"&"*",$E$3:$E$290,$E296,$AG$3:$AG$290,"<>"&"Total",$AE$3:$AE$290,"Weekday") -> 68743107 | M296: =SUMIFS(M$3:M$290,$AF$3:$AF$290,"*"&"Residential"&"*",$E$3:$E$290,$E296,$AG$3:$AG$290,"Total",$AE$3:$AE$290,"Weekday")-SUMIFS(M$3:M$290,$AF$3:$AF$290,"*"&"Residential"&"*",$E$3:$E$290,$E296,$AG$3:$AG$290,"<>"&"Total",$AE$3:$AE$290,"Weekday") -> 85507951 | ... AC296: =SUMIFS(AC$3:AC$290,$AF$3:$AF$290,"*"&"Residential"&"*",$E$3:$E$290,$E296,$AG$3:$AG$290,"Total",$AE$3:$AE$290,"Weekday")-SUMIFS(AC$3:AC$290,$AF$3:$AF$290,"*"&"Residential"&"*",$E$3:$E$290,$E296,$AG$3:$AG$290,"<>"&"Total",$AE$3:$AE$290,"Weekday") -> 83486791 | AD296: =IF(AND(E296>=3,E296<=5),"Spring",IF(AND(E296>=6,E296<=8),"Summer",IF(AND(E296>=9,E296<=10),"Fall","Winter"))) -> Summer | AE296: =INDEX('Category Mapping'!$B$2:$B$29,MATCH('Modified Source Data'!A296,'Category Mapping'!$A$2:$A$29,0)) -> Weekday | AF296: =INDEX('Category Mapping'!$C$2:$C$29,MATCH('Modified Source Data'!A296,'Category Mapping'!$A$2:$A$29,0)) -> Residential | AG296: =INDEX('Category Mapping'!$D$2:$D$29,MATCH('Modified Source Data'!A296,'Category Mapping'!$A$2:$A$29,0)) -> Other
A297: Residential_other_weekday | E297: 7 | F297: =SUMIFS(F$3:F$290,$AF$3:$AF$290,"*"&"Residential"&"*",$E$3:$E$290,$E297,$AG$3:$AG$290,"Total",$AE$3:$AE$290,"Weekday")-SUMIFS(F$3:F$290,$AF$3:$AF$290,"*"&"Residential"&"*",$E$3:$E$290,$E297,$AG$3:$AG$290,"<>"&"Total",$AE$3:$AE$290,"Weekday") -> 70828034 | G297: =SUMIFS(G$3:G$290,$AF$3:$AF$290,"*"&"Residential"&"*",$E$3:$E$290,$E297,$AG$3:$AG$290,"Total",$AE$3:$AE$290,"Weekday")-SUMIFS(G$3:G$290,$AF$3:$AF$290,"*"&"Residential"&"*",$E$3:$E$290,$E297,$AG$3:$AG$290,"<>"&"Total",$AE$3:$AE$290,"Weekday") -> 51342299 | H297: =SUMIFS(H$3:H$290,$AF$3:$AF$290,"*"&"Residential"&"*",$E$3:$E$290,$E297,$AG$3:$AG$290,"Total",$AE$3:$AE$290,"Weekday")-SUMIFS(H$3:H$290,$AF$3:$AF$290,"*"&"Residential"&"*",$E$3:$E$290,$E297,$AG$3:$AG$290,"<>"&"Total",$AE$3:$AE$290,"Weekday") -> 41163334 | I297: =SUMIFS(I$3:I$290,$AF$3:$AF$290,"*"&"Residential"&"*",$E$3:$E$290,$E297,$AG$3:$AG$290,"Total",$AE$3:$AE$290,"Weekday")-SUMIFS(I$3:I$290,$AF$3:$AF$290,"*"&"Residential"&"*",$E$3:$E$290,$E297,$AG$3:$AG$290,"<>"&"Total",$AE$3:$AE$290,"Weekday") -> 35509490 | J297: =SUMIFS(J$3:J$290,$AF$3:$AF$290,"*"&"Residential"&"*",$E$3:$E$290,$E297,$AG$3:$AG$290,"Total",$AE$3:$AE$290,"Weekday")-SUMIFS(J$3:J$290,$AF$3:$AF$290,"*"&"Residential"&"*",$E$3:$E$290,$E297,$AG$3:$AG$290,"<>"&"Total",$AE$3:$AE$290,"Weekday") -> 36131318 | K297: =SUMIFS(K$3:K$290,$AF$3:$AF$290,"*"&"Residential"&"*",$E$3:$E$290,$E297,$AG$3:$AG$290,"Total",$AE$3:$AE$290,"Weekday")-SUMIFS(K$3:K$290,$AF$3:$AF$290,"*"&"Residential"&"*",$E$3:$E$290,$E297,$AG$3:$AG$290,"<>"&"Total",$AE$3:$AE$290,"Weekday") -> 46607779 | L297: =SUMIFS(L$3:L$290,$AF$3:$AF$290,"*"&"Residential"&"*",$E$3:$E$290,$E297,$AG$3:$AG$290,"Total",$AE$3:$AE$290,"Weekday")-SUMIFS(L$3:L$290,$AF$3:$AF$290,"*"&"Residential"&"*",$E$3:$E$290,$E297,$AG$3:$AG$290,"<>"&"Total",$AE$3:$AE$290,"Weekday") -> 69460458 | M297: =SUMIFS(M$3:M$290,$AF$3:$AF$290,"*"&"Residential"&"*",$E$3:$E$290,$E297,$AG$3:$AG$290,"Total",$AE$3:$AE$290,"Weekday")-SUMIFS(M$3:M$290,$AF$3:$AF$290,"*"&"Residential"&"*",$E$3:$E$290,$E297,$AG$3:$AG$290,"<>"&"Total",$AE$3:$AE$290,"Weekday") -> 87172466 | ... AC297: =SUMIFS(AC$3:AC$290,$AF$3:$AF$290,"*"&"Residential"&"*",$E$3:$E$290,$E297,$AG$3:$AG$290,"Total",$AE$3:$AE$290,"Weekday")-SUMIFS(AC$3:AC$290,$AF$3:$AF$290,"*"&"Residential"&"*",$E$3:$E$290,$E297,$AG$3:$AG$290,"<>"&"Total",$AE$3:$AE$290,"Weekday") -> 85810419 | AD297: =IF(AND(E297>=3,E297<=5),"Spring",IF(AND(E297>=6,E297<=8),"Summer",IF(AND(E297>=9,E297<=10),"Fall","Winter"))) -> Summer | AE297: =INDEX('Category Mapping'!$B$2:$B$29,MATCH('Modified Source Data'!A297,'Category Mapping'!$A$2:$A$29,0)) -> Weekday | AF297: =INDEX('Category Mapping'!$C$2:$C$29,MATCH('Modified Source Data'!A297,'Category Mapping'!$A$2:$A$29,0)) -> Residential | AG297: =INDEX('Category Mapping'!$D$2:$D$29,MATCH('Modified Source Data'!A297,'Category Mapping'!$A$2:$A$29,0)) -> Other
A298: Residential_other_weekday | E298: 8 | F298: =SUMIFS(F$3:F$290,$AF$3:$AF$290,"*"&"Residential"&"*",$E$3:$E$290,$E298,$AG$3:$AG$290,"Total",$AE$3:$AE$290,"Weekday")-SUMIFS(F$3:F$290,$AF$3:$AF$290,"*"&"Residential"&"*",$E$3:$E$290,$E298,$AG$3:$AG$290,"<>"&"Total",$AE$3:$AE$290,"Weekday") -> 70725391 | G298: =SUMIFS(G$3:G$290,$AF$3:$AF$290,"*"&"Residential"&"*",$E$3:$E$290,$E298,$AG$3:$AG$290,"Total",$AE$3:$AE$290,"Weekday")-SUMIFS(G$3:G$290,$AF$3:$AF$290,"*"&"Residential"&"*",$E$3:$E$290,$E298,$AG$3:$AG$290,"<>"&"Total",$AE$3:$AE$290,"Weekday") -> 51539545 | H298: =SUMIFS(H$3:H$290,$AF$3:$AF$290,"*"&"Residential"&"*",$E$3:$E$290,$E298,$AG$3:$AG$290,"Total",$AE$3:$AE$290,"Weekday")-SUMIFS(H$3:H$290,$AF$3:$AF$290,"*"&"Residential"&"*",$E$3:$E$290,$E298,$AG$3:$AG$290,"<>"&"Total",$AE$3:$AE$290,"Weekday") -> 40860598 | I298: =SUMIFS(I$3:I$290,$AF$3:$AF$290,"*"&"Residential"&"*",$E$3:$E$290,$E298,$AG$3:$AG$290,"Total",$AE$3:$AE$290,"Weekday")-SUMIFS(I$3:I$290,$AF$3:$AF$290,"*"&"Residential"&"*",$E$3:$E$290,$E298,$AG$3:$AG$290,"<>"&"Total",$AE$3:$AE$290,"Weekday") -> 35506753 | J298: =SUMIFS(J$3:J$290,$AF$3:$AF$290,"*"&"Residential"&"*",$E$3:$E$290,$E298,$AG$3:$AG$290,"Total",$AE$3:$AE$290,"Weekday")-SUMIFS(J$3:J$290,$AF$3:$AF$290,"*"&"Residential"&"*",$E$3:$E$290,$E298,$AG$3:$AG$290,"<>"&"Total",$AE$3:$AE$290,"Weekday") -> 37128711 | K298: =SUMIFS(K$3:K$290,$AF$3:$AF$290,"*"&"Residential"&"*",$E$3:$E$290,$E298,$AG$3:$AG$290,"Total",$AE$3:$AE$290,"Weekday")-SUMIFS(K$3:K$290,$AF$3:$AF$290,"*"&"Residential"&"*",$E$3:$E$290,$E298,$AG$3:$AG$290,"<>"&"Total",$AE$3:$AE$290,"Weekday") -> 46903737 | L298: =SUMIFS(L$3:L$290,$AF$3:$AF$290,"*"&"Residential"&"*",$E$3:$E$290,$E298,$AG$3:$AG$290,"Total",$AE$3:$AE$290,"Weekday")-SUMIFS(L$3:L$290,$AF$3:$AF$290,"*"&"Residential"&"*",$E$3:$E$290,$E298,$AG$3:$AG$290,"<>"&"Total",$AE$3:$AE$290,"Weekday") -> 70109712 | M298: =SUMIFS(M$3:M$290,$AF$3:$AF$290,"*"&"Residential"&"*",$E$3:$E$290,$E298,$AG$3:$AG$290,"Total",$AE$3:$AE$290,"Weekday")-SUMIFS(M$3:M$290,$AF$3:$AF$290,"*"&"Residential"&"*",$E$3:$E$290,$E298,$AG$3:$AG$290,"<>"&"Total",$AE$3:$AE$290,"Weekday") -> 87568196 | ... AC298: =SUMIFS(AC$3:AC$290,$AF$3:$AF$290,"*"&"Residential"&"*",$E$3:$E$290,$E298,$AG$3:$AG$290,"Total",$AE$3:$AE$290,"Weekday")-SUMIFS(AC$3:AC$290,$AF$3:$AF$290,"*"&"Residential"&"*",$E$3:$E$290,$E298,$AG$3:$AG$290,"<>"&"Total",$AE$3:$AE$290,"Weekday") -> 85507585 | AD298: =IF(AND(E298>=3,E298<=5),"Spring",IF(AND(E298>=6,E298<=8),"Summer",IF(AND(E298>=9,E298<=10),"Fall","Winter"))) -> Summer | AE298: =INDEX('Category Mapping'!$B$2:$B$29,MATCH('Modified Source Data'!A298,'Category Mapping'!$A$2:$A$29,0)) -> Weekday | AF298: =INDEX('Category Mapping'!$C$2:$C$29,MATCH('Modified Source Data'!A298,'Category Mapping'!$A$2:$A$29,0)) -> Residential | AG298: =INDEX('Category Mapping'!$D$2:$D$29,MATCH('Modified Source Data'!A298,'Category Mapping'!$A$2:$A$29,0)) -> Other
A299: Residential_other_weekday | E299: 9 | F299: =SUMIFS(F$3:F$290,$AF$3:$AF$290,"*"&"Residential"&"*",$E$3:$E$290,$E299,$AG$3:$AG$290,"Total",$AE$3:$AE$290,"Weekday")-SUMIFS(F$3:F$290,$AF$3:$AF$290,"*"&"Residential"&"*",$E$3:$E$290,$E299,$AG$3:$AG$290,"<>"&"Total",$AE$3:$AE$290,"Weekday") -> 68770365 | G299: =SUMIFS(G$3:G$290,$AF$3:$AF$290,"*"&"Residential"&"*",$E$3:$E$290,$E299,$AG$3:$AG$290,"Total",$AE$3:$AE$290,"Weekday")-SUMIFS(G$3:G$290,$AF$3:$AF$290,"*"&"Residential"&"*",$E$3:$E$290,$E299,$AG$3:$AG$290,"<>"&"Total",$AE$3:$AE$290,"Weekday") -> 49901822 | H299: =SUMIFS(H$3:H$290,$AF$3:$AF$290,"*"&"Residential"&"*",$E$3:$E$290,$E299,$AG$3:$AG$290,"Total",$AE$3:$AE$290,"Weekday")-SUMIFS(H$3:H$290,$AF$3:$AF$290,"*"&"Residential"&"*",$E$3:$E$290,$E299,$AG$3:$AG$290,"<>"&"Total",$AE$3:$AE$290,"Weekday") -> 39620443 | I299: =SUMIFS(I$3:I$290,$AF$3:$AF$290,"*"&"Residential"&"*",$E$3:$E$290,$E299,$AG$3:$AG$290,"Total",$AE$3:$AE$290,"Weekday")-SUMIFS(I$3:I$290,$AF$3:$AF$290,"*"&"Residential"&"*",$E$3:$E$290,$E299,$AG$3:$AG$290,"<>"&"Total",$AE$3:$AE$290,"Weekday") -> 33955951 | J299: =SUMIFS(J$3:J$290,$AF$3:$AF$290,"*"&"Residential"&"*",$E$3:$E$290,$E299,$AG$3:$AG$290,"Total",$AE$3:$AE$290,"Weekday")-SUMIFS(J$3:J$290,$AF$3:$AF$290,"*"&"Residential"&"*",$E$3:$E$290,$E299,$AG$3:$AG$290,"<>"&"Total",$AE$3:$AE$290,"Weekday") -> 35024615 | K299: =SUMIFS(K$3:K$290,$AF$3:$AF$290,"*"&"Residential"&"*",$E$3:$E$290,$E299,$AG$3:$AG$290,"Total",$AE$3:$AE$290,"Weekday")-SUMIFS(K$3:K$290,$AF$3:$AF$290,"*"&"Residential"&"*",$E$3:$E$290,$E299,$AG$3:$AG$290,"<>"&"Total",$AE$3:$AE$290,"Weekday") -> 45167723 | L299: =SUMIFS(L$3:L$290,$AF$3:$AF$290,"*"&"Residential"&"*",$E$3:$E$290,$E299,$AG$3:$AG$290,"Total",$AE$3:$AE$290,"Weekday")-SUMIFS(L$3:L$290,$AF$3:$AF$290,"*"&"Residential"&"*",$E$3:$E$290,$E299,$AG$3:$AG$290,"<>"&"Total",$AE$3:$AE$290,"Weekday") -> 68135228 | M299: =SUMIFS(M$3:M$290,$AF$3:$AF$290,"*"&"Residential"&"*",$E$3:$E$290,$E299,$AG$3:$AG$290,"Total",$AE$3:$AE$290,"Weekday")-SUMIFS(M$3:M$290,$AF$3:$AF$290,"*"&"Residential"&"*",$E$3:$E$290,$E299,$AG$3:$AG$290,"<>"&"Total",$AE$3:$AE$290,"Weekday") -> 86274607 | ... AC299: =SUMIFS(AC$3:AC$290,$AF$3:$AF$290,"*"&"Residential"&"*",$E$3:$E$290,$E299,$AG$3:$AG$290,"Total",$AE$3:$AE$290,"Weekday")-SUMIFS(AC$3:AC$290,$AF$3:$AF$290,"*"&"Residential"&"*",$E$3:$E$290,$E299,$AG$3:$AG$290,"<>"&"Total",$AE$3:$AE$290,"Weekday") -> 83519863 | AD299: =IF(AND(E299>=3,E299<=5),"Spring",IF(AND(E299>=6,E299<=8),"Summer",IF(AND(E299>=9,E299<=10),"Fall","Winter"))) -> Fall | AE299: =INDEX('Category Mapping'!$B$2:$B$29,MATCH('Modified Source Data'!A299,'Category Mapping'!$A$2:$A$29,0)) -> Weekday | AF299: =INDEX('Category Mapping'!$C$2:$C$29,MATCH('Modified Source Data'!A299,'Category Mapping'!$A$2:$A$29,0)) -> Residential | AG299: =INDEX('Category Mapping'!$D$2:$D$29,MATCH('Modified Source Data'!A299,'Category Mapping'!$A$2:$A$29,0)) -> Other
A300: Residential_other_weekday | E300: 10 | F300: =SUMIFS(F$3:F$290,$AF$3:$AF$290,"*"&"Residential"&"*",$E$3:$E$290,$E300,$AG$3:$AG$290,"Total",$AE$3:$AE$290,"Weekday")-SUMIFS(F$3:F$290,$AF$3:$AF$290,"*"&"Residential"&"*",$E$3:$E$290,$E300,$AG$3:$AG$290,"<>"&"Total",$AE$3:$AE$290,"Weekday") -> 68867906 | G300: =SUMIFS(G$3:G$290,$AF$3:$AF$290,"*"&"Residential"&"*",$E$3:$E$290,$E300,$AG$3:$AG$290,"Total",$AE$3:$AE$290,"Weekday")-SUMIFS(G$3:G$290,$AF$3:$AF$290,"*"&"Residential"&"*",$E$3:$E$290,$E300,$AG$3:$AG$290,"<>"&"Total",$AE$3:$AE$290,"Weekday") -> 50005982 | H300: =SUMIFS(H$3:H$290,$AF$3:$AF$290,"*"&"Residential"&"*",$E$3:$E$290,$E300,$AG$3:$AG$290,"Total",$AE$3:$AE$290,"Weekday")-SUMIFS(H$3:H$290,$AF$3:$AF$290,"*"&"Residential"&"*",$E$3:$E$290,$E300,$AG$3:$AG$290,"<>"&"Total",$AE$3:$AE$290,"Weekday") -> 39715679 | I300: =SUMIFS(I$3:I$290,$AF$3:$AF$290,"*"&"Residential"&"*",$E$3:$E$290,$E300,$AG$3:$AG$290,"Total",$AE$3:$AE$290,"Weekday")-SUMIFS(I$3:I$290,$AF$3:$AF$290,"*"&"Residential"&"*",$E$3:$E$290,$E300,$AG$3:$AG$290,"<>"&"Total",$AE$3:$AE$290,"Weekday") -> 34017510 | J300: =SUMIFS(J$3:J$290,$AF$3:$AF$290,"*"&"Residential"&"*",$E$3:$E$290,$E300,$AG$3:$AG$290,"Total",$AE$3:$AE$290,"Weekday")-SUMIFS(J$3:J$290,$AF$3:$AF$290,"*"&"Residential"&"*",$E$3:$E$290,$E300,$AG$3:$AG$290,"<>"&"Total",$AE$3:$AE$290,"Weekday") -> 35025420 | K300: =SUMIFS(K$3:K$290,$AF$3:$AF$290,"*"&"Residential"&"*",$E$3:$E$290,$E300,$AG$3:$AG$290,"Total",$AE$3:$AE$290,"Weekday")-SUMIFS(K$3:K$290,$AF$3:$AF$290,"*"&"Residential"&"*",$E$3:$E$290,$E300,$AG$3:$AG$290,"<>"&"Total",$AE$3:$AE$290,"Weekday") -> 45298891 | L300: =SUMIFS(L$3:L$290,$AF$3:$AF$290,"*"&"Residential"&"*",$E$3:$E$290,$E300,$AG$3:$AG$290,"Total",$AE$3:$AE$290,"Weekday")-SUMIFS(L$3:L$290,$AF$3:$AF$290,"*"&"Residential"&"*",$E$3:$E$290,$E300,$AG$3:$AG$290,"<>"&"Total",$AE$3:$AE$290,"Weekday") -> 68828663 | M300: =SUMIFS(M$3:M$290,$AF$3:$AF$290,"*"&"Residential"&"*",$E$3:$E$290,$E300,$AG$3:$AG$290,"Total",$AE$3:$AE$290,"Weekday")-SUMIFS(M$3:M$290,$AF$3:$AF$290,"*"&"Residential"&"*",$E$3:$E$290,$E300,$AG$3:$AG$290,"<>"&"Total",$AE$3:$AE$290,"Weekday") -> 85450896 | ... AC300: =SUMIFS(AC$3:AC$290,$AF$3:$AF$290,"*"&"Residential"&"*",$E$3:$E$290,$E300,$AG$3:$AG$290,"Total",$AE$3:$AE$290,"Weekday")-SUMIFS(AC$3:AC$290,$AF$3:$AF$290,"*"&"Residential"&"*",$E$3:$E$290,$E300,$AG$3:$AG$290,"<>"&"Total",$AE$3:$AE$290,"Weekday") -> 83857743 | AD300: =IF(AND(E300>=3,E300<=5),"Spring",IF(AND(E300>=6,E300<=8),"Summer",IF(AND(E300>=9,E300<=10),"Fall","Winter"))) -> Fall | AE300: =INDEX('Category Mapping'!$B$2:$B$29,MATCH('Modified Source Data'!A300,'Category Mapping'!$A$2:$A$29,0)) -> Weekday | AF300: =INDEX('Category Mapping'!$C$2:$C$29,MATCH('Modified Source Data'!A300,'Category Mapping'!$A$2:$A$29,0)) -> Residential | AG300: =INDEX('Category Mapping'!$D$2:$D$29,MATCH('Modified Source Data'!A300,'Category Mapping'!$A$2:$A$29,0)) -> Other
A301: Residential_other_weekday | E301: 11 | F301: =SUMIFS(F$3:F$290,$AF$3:$AF$290,"*"&"Residential"&"*",$E$3:$E$290,$E301,$AG$3:$AG$290,"Total",$AE$3:$AE$290,"Weekday")-SUMIFS(F$3:F$290,$AF$3:$AF$290,"*"&"Residential"&"*",$E$3:$E$290,$E301,$AG$3:$AG$290,"<>"&"Total",$AE$3:$AE$290,"Weekday") -> 69057315 | G301: =SUMIFS(G$3:G$290,$AF$3:$AF$290,"*"&"Residential"&"*",$E$3:$E$290,$E301,$AG$3:$AG$290,"Total",$AE$3:$AE$290,"Weekday")-SUMIFS(G$3:G$290,$AF$3:$AF$290,"*"&"Residential"&"*",$E$3:$E$290,$E301,$AG$3:$AG$290,"<>"&"Total",$AE$3:$AE$290,"Weekday") -> 50244664 | H301: =SUMIFS(H$3:H$290,$AF$3:$AF$290,"*"&"Residential"&"*",$E$3:$E$290,$E301,$AG$3:$AG$290,"Total",$AE$3:$AE$290,"Weekday")-SUMIFS(H$3:H$290,$AF$3:$AF$290,"*"&"Residential"&"*",$E$3:$E$290,$E301,$AG$3:$AG$290,"<>"&"Total",$AE$3:$AE$290,"Weekday") -> 40029687 | I301: =SUMIFS(I$3:I$290,$AF$3:$AF$290,"*"&"Residential"&"*",$E$3:$E$290,$E301,$AG$3:$AG$290,"Total",$AE$3:$AE$290,"Weekday")-SUMIFS(I$3:I$290,$AF$3:$AF$290,"*"&"Residential"&"*",$E$3:$E$290,$E301,$AG$3:$AG$290,"<>"&"Total",$AE$3:$AE$290,"Weekday") -> 34293620 | J301: =SUMIFS(J$3:J$290,$AF$3:$AF$290,"*"&"Residential"&"*",$E$3:$E$290,$E301,$AG$3:$AG$290,"Total",$AE$3:$AE$290,"Weekday")-SUMIFS(J$3:J$290,$AF$3:$AF$290,"*"&"Residential"&"*",$E$3:$E$290,$E301,$AG$3:$AG$290,"<>"&"Total",$AE$3:$AE$290,"Weekday") -> 35282850 | K301: =SUMIFS(K$3:K$290,$AF$3:$AF$290,"*"&"Residential"&"*",$E$3:$E$290,$E301,$AG$3:$AG$290,"Total",$AE$3:$AE$290,"Weekday")-SUMIFS(K$3:K$290,$AF$3:$AF$290,"*"&"Residential"&"*",$E$3:$E$290,$E301,$AG$3:$AG$290,"<>"&"Total",$AE$3:$AE$290,"Weekday") -> 45571033 | L301: =SUMIFS(L$3:L$290,$AF$3:$AF$290,"*"&"Residential"&"*",$E$3:$E$290,$E301,$AG$3:$AG$290,"Total",$AE$3:$AE$290,"Weekday")-SUMIFS(L$3:L$290,$AF$3:$AF$290,"*"&"Residential"&"*",$E$3:$E$290,$E301,$AG$3:$AG$290,"<>"&"Total",$AE$3:$AE$290,"Weekday") -> 69564729 | M301: =SUMIFS(M$3:M$290,$AF$3:$AF$290,"*"&"Residential"&"*",$E$3:$E$290,$E301,$AG$3:$AG$290,"Total",$AE$3:$AE$290,"Weekday")-SUMIFS(M$3:M$290,$AF$3:$AF$290,"*"&"Residential"&"*",$E$3:$E$290,$E301,$AG$3:$AG$290,"<>"&"Total",$AE$3:$AE$290,"Weekday") -> 85773531 | ... AC301: =SUMIFS(AC$3:AC$290,$AF$3:$AF$290,"*"&"Residential"&"*",$E$3:$E$290,$E301,$AG$3:$AG$290,"Total",$AE$3:$AE$290,"Weekday")-SUMIFS(AC$3:AC$290,$AF$3:$AF$290,"*"&"Residential"&"*",$E$3:$E$290,$E301,$AG$3:$AG$290,"<>"&"Total",$AE$3:$AE$290,"Weekday") -> 83584174 | AD301: =IF(AND(E301>=3,E301<=5),"Spring",IF(AND(E301>=6,E301<=8),"Summer",IF(AND(E301>=9,E301<=10),"Fall","Winter"))) -> Winter | AE301: =INDEX('Category Mapping'!$B$2:$B$29,MATCH('Modified Source Data'!A301,'Category Mapping'!$A$2:$A$29,0)) -> Weekday | AF301: =INDEX('Category Mapping'!$C$2:$C$29,MATCH('Modified Source Data'!A301,'Category Mapping'!$A$2:$A$29,0)) -> Residential | AG301: =INDEX('Category Mapping'!$D$2:$D$29,MATCH('Modified Source Data'!A301,'Category Mapping'!$A$2:$A$29,0)) -> Other
A302: Residential_other_weekday | E302: 12 | F302: =SUMIFS(F$3:F$290,$AF$3:$AF$290,"*"&"Residential"&"*",$E$3:$E$290,$E302,$AG$3:$AG$290,"Total",$AE$3:$AE$290,"Weekday")-SUMIFS(F$3:F$290,$AF$3:$AF$290,"*"&"Residential"&"*",$E$3:$E$290,$E302,$AG$3:$AG$290,"<>"&"Total",$AE$3:$AE$290,"Weekday") -> 69639307 | G302: =SUMIFS(G$3:G$290,$AF$3:$AF$290,"*"&"Residential"&"*",$E$3:$E$290,$E302,$AG$3:$AG$290,"Total",$AE$3:$AE$290,"Weekday")-SUMIFS(G$3:G$290,$AF$3:$AF$290,"*"&"Residential"&"*",$E$3:$E$290,$E302,$AG$3:$AG$290,"<>"&"Total",$AE$3:$AE$290,"Weekday") -> 50495886 | H302: =SUMIFS(H$3:H$290,$AF$3:$AF$290,"*"&"Residential"&"*",$E$3:$E$290,$E302,$AG$3:$AG$290,"Total",$AE$3:$AE$290,"Weekday")-SUMIFS(H$3:H$290,$AF$3:$AF$290,"*"&"Residential"&"*",$E$3:$E$290,$E302,$AG$3:$AG$290,"<>"&"Total",$AE$3:$AE$290,"Weekday") -> 40215773 | I302: =SUMIFS(I$3:I$290,$AF$3:$AF$290,"*"&"Residential"&"*",$E$3:$E$290,$E302,$AG$3:$AG$290,"Total",$AE$3:$AE$290,"Weekday")-SUMIFS(I$3:I$290,$AF$3:$AF$290,"*"&"Residential"&"*",$E$3:$E$290,$E302,$AG$3:$AG$290,"<>"&"Total",$AE$3:$AE$290,"Weekday") -> 34587515 | J302: =SUMIFS(J$3:J$290,$AF$3:$AF$290,"*"&"Residential"&"*",$E$3:$E$290,$E302,$AG$3:$AG$290,"Total",$AE$3:$AE$290,"Weekday")-SUMIFS(J$3:J$290,$AF$3:$AF$290,"*"&"Residential"&"*",$E$3:$E$290,$E302,$AG$3:$AG$290,"<>"&"Total",$AE$3:$AE$290,"Weekday") -> 35540505 | K302: =SUMIFS(K$3:K$290,$AF$3:$AF$290,"*"&"Residential"&"*",$E$3:$E$290,$E302,$AG$3:$AG$290,"Total",$AE$3:$AE$290,"Weekday")-SUMIFS(K$3:K$290,$AF$3:$AF$290,"*"&"Residential"&"*",$E$3:$E$290,$E302,$AG$3:$AG$290,"<>"&"Total",$AE$3:$AE$290,"Weekday") -> 45451799 | L302: =SUMIFS(L$3:L$290,$AF$3:$AF$290,"*"&"Residential"&"*",$E$3:$E$290,$E302,$AG$3:$AG$290,"Total",$AE$3:$AE$290,"Weekday")-SUMIFS(L$3:L$290,$AF$3:$AF$290,"*"&"Residential"&"*",$E$3:$E$290,$E302,$AG$3:$AG$290,"<>"&"Total",$AE$3:$AE$290,"Weekday") -> 69686657 | M302: =SUMIFS(M$3:M$290,$AF$3:$AF$290,"*"&"Residential"&"*",$E$3:$E$290,$E302,$AG$3:$AG$290,"Total",$AE$3:$AE$290,"Weekday")-SUMIFS(M$3:M$290,$AF$3:$AF$290,"*"&"Residential"&"*",$E$3:$E$290,$E302,$AG$3:$AG$290,"<>"&"Total",$AE$3:$AE$290,"Weekday") -> 86889986 | ... AC302: =SUMIFS(AC$3:AC$290,$AF$3:$AF$290,"*"&"Residential"&"*",$E$3:$E$290,$E302,$AG$3:$AG$290,"Total",$AE$3:$AE$290,"Weekday")-SUMIFS(AC$3:AC$290,$AF$3:$AF$290,"*"&"Residential"&"*",$E$3:$E$290,$E302,$AG$3:$AG$290,"<>"&"Total",$AE$3:$AE$290,"Weekday") -> 84454742 | AD302: =IF(AND(E302>=3,E302<=5),"Spring",IF(AND(E302>=6,E302<=8),"Summer",IF(AND(E302>=9,E302<=10),"Fall","Winter"))) -> Winter | AE302: =INDEX('Category Mapping'!$B$2:$B$29,MATCH('Modified Source Data'!A302,'Category Mapping'!$A$2:$A$29,0)) -> Weekday | AF302: =INDEX('Category Mapping'!$C$2:$C$29,MATCH('Modified Source Data'!A302,'Category Mapping'!$A$2:$A$29,0)) -> Residential | AG302: =INDEX('Category Mapping'!$D$2:$D$29,MATCH('Modified Source Data'!A302,'Category Mapping'!$A$2:$A$29,0)) -> Other
A303: Residential_other_weekend | E303: 1 | F303: =SUMIFS(F$3:F$290,$AF$3:$AF$290,"*"&"Residential"&"*",$E$3:$E$290,$E303,$AG$3:$AG$290,"Total",$AE$3:$AE$290,"Weekend")-SUMIFS(F$3:F$290,$AF$3:$AF$290,"*"&"Residential"&"*",$E$3:$E$290,$E303,$AG$3:$AG$290,"<>"&"Total",$AE$3:$AE$290,"Weekend") -> 33988375 | G303: =SUMIFS(G$3:G$290,$AF$3:$AF$290,"*"&"Residential"&"*",$E$3:$E$290,$E303,$AG$3:$AG$290,"Total",$AE$3:$AE$290,"Weekend")-SUMIFS(G$3:G$290,$AF$3:$AF$290,"*"&"Residential"&"*",$E$3:$E$290,$E303,$AG$3:$AG$290,"<>"&"Total",$AE$3:$AE$290,"Weekend") -> 26945730 | H303: =SUMIFS(H$3:H$290,$AF$3:$AF$290,"*"&"Residential"&"*",$E$3:$E$290,$E303,$AG$3:$AG$290,"Total",$AE$3:$AE$290,"Weekend")-SUMIFS(H$3:H$290,$AF$3:$AF$290,"*"&"Residential"&"*",$E$3:$E$290,$E303,$AG$3:$AG$290,"<>"&"Total",$AE$3:$AE$290,"Weekend") -> 21041185 | I303: =SUMIFS(I$3:I$290,$AF$3:$AF$290,"*"&"Residential"&"*",$E$3:$E$290,$E303,$AG$3:$AG$290,"Total",$AE$3:$AE$290,"Weekend")-SUMIFS(I$3:I$290,$AF$3:$AF$290,"*"&"Residential"&"*",$E$3:$E$290,$E303,$AG$3:$AG$290,"<>"&"Total",$AE$3:$AE$290,"Weekend") -> 17125415 | J303: =SUMIFS(J$3:J$290,$AF$3:$AF$290,"*"&"Residential"&"*",$E$3:$E$290,$E303,$AG$3:$AG$290,"Total",$AE$3:$AE$290,"Weekend")-SUMIFS(J$3:J$290,$AF$3:$AF$290,"*"&"Residential"&"*",$E$3:$E$290,$E303,$AG$3:$AG$290,"<>"&"Total",$AE$3:$AE$290,"Weekend") -> 17550583 | K303: =SUMIFS(K$3:K$290,$AF$3:$AF$290,"*"&"Residential"&"*",$E$3:$E$290,$E303,$AG$3:$AG$290,"Total",$AE$3:$AE$290,"Weekend")-SUMIFS(K$3:K$290,$AF$3:$AF$290,"*"&"Residential"&"*",$E$3:$E$290,$E303,$AG$3:$AG$290,"<>"&"Total",$AE$3:$AE$290,"Weekend") -> 19952693 | L303: =SUMIFS(L$3:L$290,$AF$3:$AF$290,"*"&"Residential"&"*",$E$3:$E$290,$E303,$AG$3:$AG$290,"Total",$AE$3:$AE$290,"Weekend")-SUMIFS(L$3:L$290,$AF$3:$AF$290,"*"&"Residential"&"*",$E$3:$E$290,$E303,$AG$3:$AG$290,"<>"&"Total",$AE$3:$AE$290,"Weekend") -> 28542974 | M303: =SUMIFS(M$3:M$290,$AF$3:$AF$290,"*"&"Residential"&"*",$E$3:$E$290,$E303,$AG$3:$AG$290,"Total",$AE$3:$AE$290,"Weekend")-SUMIFS(M$3:M$290,$AF$3:$AF$290,"*"&"Residential"&"*",$E$3:$E$290,$E303,$AG$3:$AG$290,"<>"&"Total",$AE$3:$AE$290,"Weekend") -> 39844783 | ... AC303: =SUMIFS(AC$3:AC$290,$AF$3:$AF$290,"*"&"Residential"&"*",$E$3:$E$290,$E303,$AG$3:$AG$290,"Total",$AE$3:$AE$290,"Weekend")-SUMIFS(AC$3:AC$290,$AF$3:$AF$290,"*"&"Residential"&"*",$E$3:$E$290,$E303,$AG$3:$AG$290,"<>"&"Total",$AE$3:$AE$290,"Weekend") -> 43751117 | AD303: =IF(AND(E303>=3,E303<=5),"Spring",IF(AND(E303>=6,E303<=8),"Summer",IF(AND(E303>=9,E303<=10),"Fall","Winter"))) -> Winter | AE303: =INDEX('Category Mapping'!$B$2:$B$29,MATCH('Modified Source Data'!A303,'Category Mapping'!$A$2:$A$29,0)) -> Weekend | AF303: =INDEX('Category Mapping'!$C$2:$C$29,MATCH('Modified Source Data'!A303,'Category Mapping'!$A$2:$A$29,0)) -> Residential | AG303: =INDEX('Category Mapping'!$D$2:$D$29,MATCH('Modified Source Data'!A303,'Category Mapping'!$A$2:$A$29,0)) -> Other
A304: Residential_other_weekend | E304: 2 | F304: =SUMIFS(F$3:F$290,$AF$3:$AF$290,"*"&"Residential"&"*",$E$3:$E$290,$E304,$AG$3:$AG$290,"Total",$AE$3:$AE$290,"Weekend")-SUMIFS(F$3:F$290,$AF$3:$AF$290,"*"&"Residential"&"*",$E$3:$E$290,$E304,$AG$3:$AG$290,"<>"&"Total",$AE$3:$AE$290,"Weekend") -> 33924787 | G304: =SUMIFS(G$3:G$290,$AF$3:$AF$290,"*"&"Residential"&"*",$E$3:$E$290,$E304,$AG$3:$AG$290,"Total",$AE$3:$AE$290,"Weekend")-SUMIFS(G$3:G$290,$AF$3:$AF$290,"*"&"Residential"&"*",$E$3:$E$290,$E304,$AG$3:$AG$290,"<>"&"Total",$AE$3:$AE$290,"Weekend") -> 26874297 | H304: =SUMIFS(H$3:H$290,$AF$3:$AF$290,"*"&"Residential"&"*",$E$3:$E$290,$E304,$AG$3:$AG$290,"Total",$AE$3:$AE$290,"Weekend")-SUMIFS(H$3:H$290,$AF$3:$AF$290,"*"&"Residential"&"*",$E$3:$E$290,$E304,$AG$3:$AG$290,"<>"&"Total",$AE$3:$AE$290,"Weekend") -> 20871513 | I304: =SUMIFS(I$3:I$290,$AF$3:$AF$290,"*"&"Residential"&"*",$E$3:$E$290,$E304,$AG$3:$AG$290,"Total",$AE$3:$AE$290,"Weekend")-SUMIFS(I$3:I$290,$AF$3:$AF$290,"*"&"Residential"&"*",$E$3:$E$290,$E304,$AG$3:$AG$290,"<>"&"Total",$AE$3:$AE$290,"Weekend") -> 17107251 | J304: =SUMIFS(J$3:J$290,$AF$3:$AF$290,"*"&"Residential"&"*",$E$3:$E$290,$E304,$AG$3:$AG$290,"Total",$AE$3:$AE$290,"Weekend")-SUMIFS(J$3:J$290,$AF$3:$AF$290,"*"&"Residential"&"*",$E$3:$E$290,$E304,$AG$3:$AG$290,"<>"&"Total",$AE$3:$AE$290,"Weekend") -> 17428739 | K304: =SUMIFS(K$3:K$290,$AF$3:$AF$290,"*"&"Residential"&"*",$E$3:$E$290,$E304,$AG$3:$AG$290,"Total",$AE$3:$AE$290,"Weekend")-SUMIFS(K$3:K$290,$AF$3:$AF$290,"*"&"Residential"&"*",$E$3:$E$290,$E304,$AG$3:$AG$290,"<>"&"Total",$AE$3:$AE$290,"Weekend") -> 19852774 | L304: =SUMIFS(L$3:L$290,$AF$3:$AF$290,"*"&"Residential"&"*",$E$3:$E$290,$E304,$AG$3:$AG$290,"Total",$AE$3:$AE$290,"Weekend")-SUMIFS(L$3:L$290,$AF$3:$AF$290,"*"&"Residential"&"*",$E$3:$E$290,$E304,$AG$3:$AG$290,"<>"&"Total",$AE$3:$AE$290,"Weekend") -> 28473439 | M304: =SUMIFS(M$3:M$290,$AF$3:$AF$290,"*"&"Residential"&"*",$E$3:$E$290,$E304,$AG$3:$AG$290,"Total",$AE$3:$AE$290,"Weekend")-SUMIFS(M$3:M$290,$AF$3:$AF$290,"*"&"Residential"&"*",$E$3:$E$290,$E304,$AG$3:$AG$290,"<>"&"Total",$AE$3:$AE$290,"Weekend") -> 39613218 | ... AC304: =SUMIFS(AC$3:AC$290,$AF$3:$AF$290,"*"&"Residential"&"*",$E$3:$E$290,$E304,$AG$3:$AG$290,"Total",$AE$3:$AE$290,"Weekend")-SUMIFS(AC$3:AC$290,$AF$3:$AF$290,"*"&"Residential"&"*",$E$3:$E$290,$E304,$AG$3:$AG$290,"<>"&"Total",$AE$3:$AE$290,"Weekend") -> 43629485 | AD304: =IF(AND(E304>=3,E304<=5),"Spring",IF(AND(E304>=6,E304<=8),"Summer",IF(AND(E304>=9,E304<=10),"Fall","Winter"))) -> Winter | AE304: =INDEX('Category Mapping'!$B$2:$B$29,MATCH('Modified Source Data'!A304,'Category Mapping'!$A$2:$A$29,0)) -> Weekend | AF304: =INDEX('Category Mapping'!$C$2:$C$29,MATCH('Modified Source Data'!A304,'Category Mapping'!$A$2:$A$29,0)) -> Residential | AG304: =INDEX('Category Mapping'!$D$2:$D$29,MATCH('Modified Source Data'!A304,'Category Mapping'!$A$2:$A$29,0)) -> Other
A305: Residential_other_weekend | E305: 3 | F305: =SUMIFS(F$3:F$290,$AF$3:$AF$290,"*"&"Residential"&"*",$E$3:$E$290,$E305,$AG$3:$AG$290,"Total",$AE$3:$AE$290,"Weekend")-SUMIFS(F$3:F$290,$AF$3:$AF$290,"*"&"Residential"&"*",$E$3:$E$290,$E305,$AG$3:$AG$290,"<>"&"Total",$AE$3:$AE$290,"Weekend") -> 33815247 | G305: =SUMIFS(G$3:G$290,$AF$3:$AF$290,"*"&"Residential"&"*",$E$3:$E$290,$E305,$AG$3:$AG$290,"Total",$AE$3:$AE$290,"Weekend")-SUMIFS(G$3:G$290,$AF$3:$AF$290,"*"&"Residential"&"*",$E$3:$E$290,$E305,$AG$3:$AG$290,"<>"&"Total",$AE$3:$AE$290,"Weekend") -> 26819822 | H305: =SUMIFS(H$3:H$290,$AF$3:$AF$290,"*"&"Residential"&"*",$E$3:$E$290,$E305,$AG$3:$AG$290,"Total",$AE$3:$AE$290,"Weekend")-SUMIFS(H$3:H$290,$AF$3:$AF$290,"*"&"Residential"&"*",$E$3:$E$290,$E305,$AG$3:$AG$290,"<>"&"Total",$AE$3:$AE$290,"Weekend") -> 20778760 | I305: =SUMIFS(I$3:I$290,$AF$3:$AF$290,"*"&"Residential"&"*",$E$3:$E$290,$E305,$AG$3:$AG$290,"Total",$AE$3:$AE$290,"Weekend")-SUMIFS(I$3:I$290,$AF$3:$AF$290,"*"&"Residential"&"*",$E$3:$E$290,$E305,$AG$3:$AG$290,"<>"&"Total",$AE$3:$AE$290,"Weekend") -> 17002284 | J305: =SUMIFS(J$3:J$290,$AF$3:$AF$290,"*"&"Residential"&"*",$E$3:$E$290,$E305,$AG$3:$AG$290,"Total",$AE$3:$AE$290,"Weekend")-SUMIFS(J$3:J$290,$AF$3:$AF$290,"*"&"Residential"&"*",$E$3:$E$290,$E305,$AG$3:$AG$290,"<>"&"Total",$AE$3:$AE$290,"Weekend") -> 17341187 | K305: =SUMIFS(K$3:K$290,$AF$3:$AF$290,"*"&"Residential"&"*",$E$3:$E$290,$E305,$AG$3:$AG$290,"Total",$AE$3:$AE$290,"Weekend")-SUMIFS(K$3:K$290,$AF$3:$AF$290,"*"&"Residential"&"*",$E$3:$E$290,$E305,$AG$3:$AG$290,"<>"&"Total",$AE$3:$AE$290,"Weekend") -> 19805120 | L305: =SUMIFS(L$3:L$290,$AF$3:$AF$290,"*"&"Residential"&"*",$E$3:$E$290,$E305,$AG$3:$AG$290,"Total",$AE$3:$AE$290,"Weekend")-SUMIFS(L$3:L$290,$AF$3:$AF$290,"*"&"Residential"&"*",$E$3:$E$290,$E305,$AG$3:$AG$290,"<>"&"Total",$AE$3:$AE$290,"Weekend") -> 28394999 | M305: =SUMIFS(M$3:M$290,$AF$3:$AF$290,"*"&"Residential"&"*",$E$3:$E$290,$E305,$AG$3:$AG$290,"Total",$AE$3:$AE$290,"Weekend")-SUMIFS(M$3:M$290,$AF$3:$AF$290,"*"&"Residential"&"*",$E$3:$E$290,$E305,$AG$3:$AG$290,"<>"&"Total",$AE$3:$AE$290,"Weekend") -> 39515016 | ... AC305: =SUMIFS(AC$3:AC$290,$AF$3:$AF$290,"*"&"Residential"&"*",$E$3:$E$290,$E305,$AG$3:$AG$290,"Total",$AE$3:$AE$290,"Weekend")-SUMIFS(AC$3:AC$290,$AF$3:$AF$290,"*"&"Residential"&"*",$E$3:$E$290,$E305,$AG$3:$AG$290,"<>"&"Total",$AE$3:$AE$290,"Weekend") -> 43517566 | AD305: =IF(AND(E305>=3,E305<=5),"Spring",IF(AND(E305>=6,E305<=8),"Summer",IF(AND(E305>=9,E305<=10),"Fall","Winter"))) -> Spring | AE305: =INDEX('Category Mapping'!$B$2:$B$29,MATCH('Modified Source Data'!A305,'Category Mapping'!$A$2:$A$29,0)) -> Weekend | AF305: =INDEX('Category Mapping'!$C$2:$C$29,MATCH('Modified Source Data'!A305,'Category Mapping'!$A$2:$A$29,0)) -> Residential | AG305: =INDEX('Category Mapping'!$D$2:$D$29,MATCH('Modified Source Data'!A305,'Category Mapping'!$A$2:$A$29,0)) -> Other
A306: Residential_other_weekend | E306: 4 | F306: =SUMIFS(F$3:F$290,$AF$3:$AF$290,"*"&"Residential"&"*",$E$3:$E$290,$E306,$AG$3:$AG$290,"Total",$AE$3:$AE$290,"Weekend")-SUMIFS(F$3:F$290,$AF$3:$AF$290,"*"&"Residential"&"*",$E$3:$E$290,$E306,$AG$3:$AG$290,"<>"&"Total",$AE$3:$AE$290,"Weekend") -> 33664092 | G306: =SUMIFS(G$3:G$290,$AF$3:$AF$290,"*"&"Residential"&"*",$E$3:$E$290,$E306,$AG$3:$AG$290,"Total",$AE$3:$AE$290,"Weekend")-SUMIFS(G$3:G$290,$AF$3:$AF$290,"*"&"Residential"&"*",$E$3:$E$290,$E306,$AG$3:$AG$290,"<>"&"Total",$AE$3:$AE$290,"Weekend") -> 26657919 | H306: =SUMIFS(H$3:H$290,$AF$3:$AF$290,"*"&"Residential"&"*",$E$3:$E$290,$E306,$AG$3:$AG$290,"Total",$AE$3:$AE$290,"Weekend")-SUMIFS(H$3:H$290,$AF$3:$AF$290,"*"&"Residential"&"*",$E$3:$E$290,$E306,$AG$3:$AG$290,"<>"&"Total",$AE$3:$AE$290,"Weekend") -> 20687502 | I306: =SUMIFS(I$3:I$290,$AF$3:$AF$290,"*"&"Residential"&"*",$E$3:$E$290,$E306,$AG$3:$AG$290,"Total",$AE$3:$AE$290,"Weekend")-SUMIFS(I$3:I$290,$AF$3:$AF$290,"*"&"Residential"&"*",$E$3:$E$290,$E306,$AG$3:$AG$290,"<>"&"Total",$AE$3:$AE$290,"Weekend") -> 16869813 | J306: =SUMIFS(J$3:J$290,$AF$3:$AF$290,"*"&"Residential"&"*",$E$3:$E$290,$E306,$AG$3:$AG$290,"Total",$AE$3:$AE$290,"Weekend")-SUMIFS(J$3:J$290,$AF$3:$AF$290,"*"&"Residential"&"*",$E$3:$E$290,$E306,$AG$3:$AG$290,"<>"&"Total",$AE$3:$AE$290,"Weekend") -> 17254134 | K306: =SUMIFS(K$3:K$290,$AF$3:$AF$290,"*"&"Residential"&"*",$E$3:$E$290,$E306,$AG$3:$AG$290,"Total",$AE$3:$AE$290,"Weekend")-SUMIFS(K$3:K$290,$AF$3:$AF$290,"*"&"Residential"&"*",$E$3:$E$290,$E306,$AG$3:$AG$290,"<>"&"Total",$AE$3:$AE$290,"Weekend") -> 19661116 | L306: =SUMIFS(L$3:L$290,$AF$3:$AF$290,"*"&"Residential"&"*",$E$3:$E$290,$E306,$AG$3:$AG$290,"Total",$AE$3:$AE$290,"Weekend")-SUMIFS(L$3:L$290,$AF$3:$AF$290,"*"&"Residential"&"*",$E$3:$E$290,$E306,$AG$3:$AG$290,"<>"&"Total",$AE$3:$AE$290,"Weekend") -> 28068309 | M306: =SUMIFS(M$3:M$290,$AF$3:$AF$290,"*"&"Residential"&"*",$E$3:$E$290,$E306,$AG$3:$AG$290,"Total",$AE$3:$AE$290,"Weekend")-SUMIFS(M$3:M$290,$AF$3:$AF$290,"*"&"Residential"&"*",$E$3:$E$290,$E306,$AG$3:$AG$290,"<>"&"Total",$AE$3:$AE$290,"Weekend") -> 39349909 | ... AC306: =SUMIFS(AC$3:AC$290,$AF$3:$AF$290,"*"&"Residential"&"*",$E$3:$E$290,$E306,$AG$3:$AG$290,"Total",$AE$3:$AE$290,"Weekend")-SUMIFS(AC$3:AC$290,$AF$3:$AF$290,"*"&"Residential"&"*",$E$3:$E$290,$E306,$AG$3:$AG$290,"<>"&"Total",$AE$3:$AE$290,"Weekend") -> 43317688 | AD306: =IF(AND(E306>=3,E306<=5),"Spring",IF(AND(E306>=6,E306<=8),"Summer",IF(AND(E306>=9,E306<=10),"Fall","Winter"))) -> Spring | AE306: =INDEX('Category Mapping'!$B$2:$B$29,MATCH('Modified Source Data'!A306,'Category Mapping'!$A$2:$A$29,0)) -> Weekend | AF306: =INDEX('Category Mapping'!$C$2:$C$29,MATCH('Modified Source Data'!A306,'Category Mapping'!$A$2:$A$29,0)) -> Residential | AG306: =INDEX('Category Mapping'!$D$2:$D$29,MATCH('Modified Source Data'!A306,'Category Mapping'!$A$2:$A$29,0)) -> Other
A307: Residential_other_weekend | E307: 5 | F307: =SUMIFS(F$3:F$290,$AF$3:$AF$290,"*"&"Residential"&"*",$E$3:$E$290,$E307,$AG$3:$AG$290,"Total",$AE$3:$AE$290,"Weekend")-SUMIFS(F$3:F$290,$AF$3:$AF$290,"*"&"Residential"&"*",$E$3:$E$290,$E307,$AG$3:$AG$290,"<>"&"Total",$AE$3:$AE$290,"Weekend") -> 33602652 | G307: =SUMIFS(G$3:G$290,$AF$3:$AF$290,"*"&"Residential"&"*",$E$3:$E$290,$E307,$AG$3:$AG$290,"Total",$AE$3:$AE$290,"Weekend")-SUMIFS(G$3:G$290,$AF$3:$AF$290,"*"&"Residential"&"*",$E$3:$E$290,$E307,$AG$3:$AG$290,"<>"&"Total",$AE$3:$AE$290,"Weekend") -> 26550585 | H307: =SUMIFS(H$3:H$290,$AF$3:$AF$290,"*"&"Residential"&"*",$E$3:$E$290,$E307,$AG$3:$AG$290,"Total",$AE$3:$AE$290,"Weekend")-SUMIFS(H$3:H$290,$AF$3:$AF$290,"*"&"Residential"&"*",$E$3:$E$290,$E307,$AG$3:$AG$290,"<>"&"Total",$AE$3:$AE$290,"Weekend") -> 20573637 | I307: =SUMIFS(I$3:I$290,$AF$3:$AF$290,"*"&"Residential"&"*",$E$3:$E$290,$E307,$AG$3:$AG$290,"Total",$AE$3:$AE$290,"Weekend")-SUMIFS(I$3:I$290,$AF$3:$AF$290,"*"&"Residential"&"*",$E$3:$E$290,$E307,$AG$3:$AG$290,"<>"&"Total",$AE$3:$AE$290,"Weekend") -> 16805795 | J307: =SUMIFS(J$3:J$290,$AF$3:$AF$290,"*"&"Residential"&"*",$E$3:$E$290,$E307,$AG$3:$AG$290,"Total",$AE$3:$AE$290,"Weekend")-SUMIFS(J$3:J$290,$AF$3:$AF$290,"*"&"Residential"&"*",$E$3:$E$290,$E307,$AG$3:$AG$290,"<>"&"Total",$AE$3:$AE$290,"Weekend") -> 17098787 | K307: =SUMIFS(K$3:K$290,$AF$3:$AF$290,"*"&"Residential"&"*",$E$3:$E$290,$E307,$AG$3:$AG$290,"Total",$AE$3:$AE$290,"Weekend")-SUMIFS(K$3:K$290,$AF$3:$AF$290,"*"&"Residential"&"*",$E$3:$E$290,$E307,$AG$3:$AG$290,"<>"&"Total",$AE$3:$AE$290,"Weekend") -> 19508563 | L307: =SUMIFS(L$3:L$290,$AF$3:$AF$290,"*"&"Residential"&"*",$E$3:$E$290,$E307,$AG$3:$AG$290,"Total",$AE$3:$AE$290,"Weekend")-SUMIFS(L$3:L$290,$AF$3:$AF$290,"*"&"Residential"&"*",$E$3:$E$290,$E307,$AG$3:$AG$290,"<>"&"Total",$AE$3:$AE$290,"Weekend") -> 27884979 | M307: =SUMIFS(M$3:M$290,$AF$3:$AF$290,"*"&"Residential"&"*",$E$3:$E$290,$E307,$AG$3:$AG$290,"Total",$AE$3:$AE$290,"Weekend")-SUMIFS(M$3:M$290,$AF$3:$AF$290,"*"&"Residential"&"*",$E$3:$E$290,$E307,$AG$3:$AG$290,"<>"&"Total",$AE$3:$AE$290,"Weekend") -> 39242030 | ... AC307: =SUMIFS(AC$3:AC$290,$AF$3:$AF$290,"*"&"Residential"&"*",$E$3:$E$290,$E307,$AG$3:$AG$290,"Total",$AE$3:$AE$290,"Weekend")-SUMIFS(AC$3:AC$290,$AF$3:$AF$290,"*"&"Residential"&"*",$E$3:$E$290,$E307,$AG$3:$AG$290,"<>"&"Total",$AE$3:$AE$290,"Weekend") -> 43262568 | AD307: =IF(AND(E307>=3,E307<=5),"Spring",IF(AND(E307>=6,E307<=8),"Summer",IF(AND(E307>=9,E307<=10),"Fall","Winter"))) -> Spring | AE307: =INDEX('Category Mapping'!$B$2:$B$29,MATCH('Modified Source Data'!A307,'Category Mapping'!$A$2:$A$29,0)) -> Weekend | AF307: =INDEX('Category Mapping'!$C$2:$C$29,MATCH('Modified Source Data'!A307,'Category Mapping'!$A$2:$A$29,0)) -> Residential | AG307: =INDEX('Category Mapping'!$D$2:$D$29,MATCH('Modified Source Data'!A307,'Category Mapping'!$A$2:$A$29,0)) -> Other
A308: Residential_other_weekend | E308: 6 | F308: =SUMIFS(F$3:F$290,$AF$3:$AF$290,"*"&"Residential"&"*",$E$3:$E$290,$E308,$AG$3:$AG$290,"Total",$AE$3:$AE$290,"Weekend")-SUMIFS(F$3:F$290,$AF$3:$AF$290,"*"&"Residential"&"*",$E$3:$E$290,$E308,$AG$3:$AG$290,"<>"&"Total",$AE$3:$AE$290,"Weekend") -> 33683055 | G308: =SUMIFS(G$3:G$290,$AF$3:$AF$290,"*"&"Residential"&"*",$E$3:$E$290,$E308,$AG$3:$AG$290,"Total",$AE$3:$AE$290,"Weekend")-SUMIFS(G$3:G$290,$AF$3:$AF$290,"*"&"Residential"&"*",$E$3:$E$290,$E308,$AG$3:$AG$290,"<>"&"Total",$AE$3:$AE$290,"Weekend") -> 26547128 | H308: =SUMIFS(H$3:H$290,$AF$3:$AF$290,"*"&"Residential"&"*",$E$3:$E$290,$E308,$AG$3:$AG$290,"Total",$AE$3:$AE$290,"Weekend")-SUMIFS(H$3:H$290,$AF$3:$AF$290,"*"&"Residential"&"*",$E$3:$E$290,$E308,$AG$3:$AG$290,"<>"&"Total",$AE$3:$AE$290,"Weekend") -> 20575932 | I308: =SUMIFS(I$3:I$290,$AF$3:$AF$290,"*"&"Residential"&"*",$E$3:$E$290,$E308,$AG$3:$AG$290,"Total",$AE$3:$AE$290,"Weekend")-SUMIFS(I$3:I$290,$AF$3:$AF$290,"*"&"Residential"&"*",$E$3:$E$290,$E308,$AG$3:$AG$290,"<>"&"Total",$AE$3:$AE$290,"Weekend") -> 16770020 | J308: =SUMIFS(J$3:J$290,$AF$3:$AF$290,"*"&"Residential"&"*",$E$3:$E$290,$E308,$AG$3:$AG$290,"Total",$AE$3:$AE$290,"Weekend")-SUMIFS(J$3:J$290,$AF$3:$AF$290,"*"&"Residential"&"*",$E$3:$E$290,$E308,$AG$3:$AG$290,"<>"&"Total",$AE$3:$AE$290,"Weekend") -> 17183065 | K308: =SUMIFS(K$3:K$290,$AF$3:$AF$290,"*"&"Residential"&"*",$E$3:$E$290,$E308,$AG$3:$AG$290,"Total",$AE$3:$AE$290,"Weekend")-SUMIFS(K$3:K$290,$AF$3:$AF$290,"*"&"Residential"&"*",$E$3:$E$290,$E308,$AG$3:$AG$290,"<>"&"Total",$AE$3:$AE$290,"Weekend") -> 19510217 | L308: =SUMIFS(L$3:L$290,$AF$3:$AF$290,"*"&"Residential"&"*",$E$3:$E$290,$E308,$AG$3:$AG$290,"Total",$AE$3:$AE$290,"Weekend")-SUMIFS(L$3:L$290,$AF$3:$AF$290,"*"&"Residential"&"*",$E$3:$E$290,$E308,$AG$3:$AG$290,"<>"&"Total",$AE$3:$AE$290,"Weekend") -> 28150864 | M308: =SUMIFS(M$3:M$290,$AF$3:$AF$290,"*"&"Residential"&"*",$E$3:$E$290,$E308,$AG$3:$AG$290,"Total",$AE$3:$AE$290,"Weekend")-SUMIFS(M$3:M$290,$AF$3:$AF$290,"*"&"Residential"&"*",$E$3:$E$290,$E308,$AG$3:$AG$290,"<>"&"Total",$AE$3:$AE$290,"Weekend") -> 39555748 | ... AC308: =SUMIFS(AC$3:AC$290,$AF$3:$AF$290,"*"&"Residential"&"*",$E$3:$E$290,$E308,$AG$3:$AG$290,"Total",$AE$3:$AE$290,"Weekend")-SUMIFS(AC$3:AC$290,$AF$3:$AF$290,"*"&"Residential"&"*",$E$3:$E$290,$E308,$AG$3:$AG$290,"<>"&"Total",$AE$3:$AE$290,"Weekend") -> 43363802 | AD308: =IF(AND(E308>=3,E308<=5),"Spring",IF(AND(E308>=6,E308<=8),"Summer",IF(AND(E308>=9,E308<=10),"Fall","Winter"))) -> Summer | AE308: =INDEX('Category Mapping'!$B$2:$B$29,MATCH('Modified Source Data'!A308,'Category Mapping'!$A$2:$A$29,0)) -> Weekend | AF308: =INDEX('Category Mapping'!$C$2:$C$29,MATCH('Modified Source Data'!A308,'Category Mapping'!$A$2:$A$29,0)) -> Residential | AG308: =INDEX('Category Mapping'!$D$2:$D$29,MATCH('Modified Source Data'!A308,'Category Mapping'!$A$2:$A$29,0)) -> Other
A309: Residential_other_weekend | E309: 7 | F309: =SUMIFS(F$3:F$290,$AF$3:$AF$290,"*"&"Residential"&"*",$E$3:$E$290,$E309,$AG$3:$AG$290,"Total",$AE$3:$AE$290,"Weekend")-SUMIFS(F$3:F$290,$AF$3:$AF$290,"*"&"Residential"&"*",$E$3:$E$290,$E309,$AG$3:$AG$290,"<>"&"Total",$AE$3:$AE$290,"Weekend") -> 34451553 | G309: =SUMIFS(G$3:G$290,$AF$3:$AF$290,"*"&"Residential"&"*",$E$3:$E$290,$E309,$AG$3:$AG$290,"Total",$AE$3:$AE$290,"Weekend")-SUMIFS(G$3:G$290,$AF$3:$AF$290,"*"&"Residential"&"*",$E$3:$E$290,$E309,$AG$3:$AG$290,"<>"&"Total",$AE$3:$AE$290,"Weekend") -> 27158126 | H309: =SUMIFS(H$3:H$290,$AF$3:$AF$290,"*"&"Residential"&"*",$E$3:$E$290,$E309,$AG$3:$AG$290,"Total",$AE$3:$AE$290,"Weekend")-SUMIFS(H$3:H$290,$AF$3:$AF$290,"*"&"Residential"&"*",$E$3:$E$290,$E309,$AG$3:$AG$290,"<>"&"Total",$AE$3:$AE$290,"Weekend") -> 21268104 | I309: =SUMIFS(I$3:I$290,$AF$3:$AF$290,"*"&"Residential"&"*",$E$3:$E$290,$E309,$AG$3:$AG$290,"Total",$AE$3:$AE$290,"Weekend")-SUMIFS(I$3:I$290,$AF$3:$AF$290,"*"&"Residential"&"*",$E$3:$E$290,$E309,$AG$3:$AG$290,"<>"&"Total",$AE$3:$AE$290,"Weekend") -> 17495035 | J309: =SUMIFS(J$3:J$290,$AF$3:$AF$290,"*"&"Residential"&"*",$E$3:$E$290,$E309,$AG$3:$AG$290,"Total",$AE$3:$AE$290,"Weekend")-SUMIFS(J$3:J$290,$AF$3:$AF$290,"*"&"Residential"&"*",$E$3:$E$290,$E309,$AG$3:$AG$290,"<>"&"Total",$AE$3:$AE$290,"Weekend") -> 17988174 | K309: =SUMIFS(K$3:K$290,$AF$3:$AF$290,"*"&"Residential"&"*",$E$3:$E$290,$E309,$AG$3:$AG$290,"Total",$AE$3:$AE$290,"Weekend")-SUMIFS(K$3:K$290,$AF$3:$AF$290,"*"&"Residential"&"*",$E$3:$E$290,$E309,$AG$3:$AG$290,"<>"&"Total",$AE$3:$AE$290,"Weekend") -> 20369102 | L309: =SUMIFS(L$3:L$290,$AF$3:$AF$290,"*"&"Residential"&"*",$E$3:$E$290,$E309,$AG$3:$AG$290,"Total",$AE$3:$AE$290,"Weekend")-SUMIFS(L$3:L$290,$AF$3:$AF$290,"*"&"Residential"&"*",$E$3:$E$290,$E309,$AG$3:$AG$290,"<>"&"Total",$AE$3:$AE$290,"Weekend") -> 28883863 | M309: =SUMIFS(M$3:M$290,$AF$3:$AF$290,"*"&"Residential"&"*",$E$3:$E$290,$E309,$AG$3:$AG$290,"Total",$AE$3:$AE$290,"Weekend")-SUMIFS(M$3:M$290,$AF$3:$AF$290,"*"&"Residential"&"*",$E$3:$E$290,$E309,$AG$3:$AG$290,"<>"&"Total",$AE$3:$AE$290,"Weekend") -> 40275274 | ... AC309: =SUMIFS(AC$3:AC$290,$AF$3:$AF$290,"*"&"Residential"&"*",$E$3:$E$290,$E309,$AG$3:$AG$290,"Total",$AE$3:$AE$290,"Weekend")-SUMIFS(AC$3:AC$290,$AF$3:$AF$290,"*"&"Residential"&"*",$E$3:$E$290,$E309,$AG$3:$AG$290,"<>"&"Total",$AE$3:$AE$290,"Weekend") -> 44148749 | AD309: =IF(AND(E309>=3,E309<=5),"Spring",IF(AND(E309>=6,E309<=8),"Summer",IF(AND(E309>=9,E309<=10),"Fall","Winter"))) -> Summer | AE309: =INDEX('Category Mapping'!$B$2:$B$29,MATCH('Modified Source Data'!A309,'Category Mapping'!$A$2:$A$29,0)) -> Weekend | AF309: =INDEX('Category Mapping'!$C$2:$C$29,MATCH('Modified Source Data'!A309,'Category Mapping'!$A$2:$A$29,0)) -> Residential | AG309: =INDEX('Category Mapping'!$D$2:$D$29,MATCH('Modified Source Data'!A309,'Category Mapping'!$A$2:$A$29,0)) -> Other
A310: Residential_other_weekend | E310: 8 | F310: =SUMIFS(F$3:F$290,$AF$3:$AF$290,"*"&"Residential"&"*",$E$3:$E$290,$E310,$AG$3:$AG$290,"Total",$AE$3:$AE$290,"Weekend")-SUMIFS(F$3:F$290,$AF$3:$AF$290,"*"&"Residential"&"*",$E$3:$E$290,$E310,$AG$3:$AG$290,"<>"&"Total",$AE$3:$AE$290,"Weekend") -> 34404294 | G310: =SUMIFS(G$3:G$290,$AF$3:$AF$290,"*"&"Residential"&"*",$E$3:$E$290,$E310,$AG$3:$AG$290,"Total",$AE$3:$AE$290,"Weekend")-SUMIFS(G$3:G$290,$AF$3:$AF$290,"*"&"Residential"&"*",$E$3:$E$290,$E310,$AG$3:$AG$290,"<>"&"Total",$AE$3:$AE$290,"Weekend") -> 27317174 | H310: =SUMIFS(H$3:H$290,$AF$3:$AF$290,"*"&"Residential"&"*",$E$3:$E$290,$E310,$AG$3:$AG$290,"Total",$AE$3:$AE$290,"Weekend")-SUMIFS(H$3:H$290,$AF$3:$AF$290,"*"&"Residential"&"*",$E$3:$E$290,$E310,$AG$3:$AG$290,"<>"&"Total",$AE$3:$AE$290,"Weekend") -> 21228528 | I310: =SUMIFS(I$3:I$290,$AF$3:$AF$290,"*"&"Residential"&"*",$E$3:$E$290,$E310,$AG$3:$AG$290,"Total",$AE$3:$AE$290,"Weekend")-SUMIFS(I$3:I$290,$AF$3:$AF$290,"*"&"Residential"&"*",$E$3:$E$290,$E310,$AG$3:$AG$290,"<>"&"Total",$AE$3:$AE$290,"Weekend") -> 17455501 | J310: =SUMIFS(J$3:J$290,$AF$3:$AF$290,"*"&"Residential"&"*",$E$3:$E$290,$E310,$AG$3:$AG$290,"Total",$AE$3:$AE$290,"Weekend")-SUMIFS(J$3:J$290,$AF$3:$AF$290,"*"&"Residential"&"*",$E$3:$E$290,$E310,$AG$3:$AG$290,"<>"&"Total",$AE$3:$AE$290,"Weekend") -> 17946627 | K310: =SUMIFS(K$3:K$290,$AF$3:$AF$290,"*"&"Residential"&"*",$E$3:$E$290,$E310,$AG$3:$AG$290,"Total",$AE$3:$AE$290,"Weekend")-SUMIFS(K$3:K$290,$AF$3:$AF$290,"*"&"Residential"&"*",$E$3:$E$290,$E310,$AG$3:$AG$290,"<>"&"Total",$AE$3:$AE$290,"Weekend") -> 20518091 | L310: =SUMIFS(L$3:L$290,$AF$3:$AF$290,"*"&"Residential"&"*",$E$3:$E$290,$E310,$AG$3:$AG$290,"Total",$AE$3:$AE$290,"Weekend")-SUMIFS(L$3:L$290,$AF$3:$AF$290,"*"&"Residential"&"*",$E$3:$E$290,$E310,$AG$3:$AG$290,"<>"&"Total",$AE$3:$AE$290,"Weekend") -> 29035697 | M310: =SUMIFS(M$3:M$290,$AF$3:$AF$290,"*"&"Residential"&"*",$E$3:$E$290,$E310,$AG$3:$AG$290,"Total",$AE$3:$AE$290,"Weekend")-SUMIFS(M$3:M$290,$AF$3:$AF$290,"*"&"Residential"&"*",$E$3:$E$290,$E310,$AG$3:$AG$290,"<>"&"Total",$AE$3:$AE$290,"Weekend") -> 40431090 | ... AC310: =SUMIFS(AC$3:AC$290,$AF$3:$AF$290,"*"&"Residential"&"*",$E$3:$E$290,$E310,$AG$3:$AG$290,"Total",$AE$3:$AE$290,"Weekend")-SUMIFS(AC$3:AC$290,$AF$3:$AF$290,"*"&"Residential"&"*",$E$3:$E$290,$E310,$AG$3:$AG$290,"<>"&"Total",$AE$3:$AE$290,"Weekend") -> 44179329 | AD310: =IF(AND(E310>=3,E310<=5),"Spring",IF(AND(E310>=6,E310<=8),"Summer",IF(AND(E310>=9,E310<=10),"Fall","Winter"))) -> Summer | AE310: =INDEX('Category Mapping'!$B$2:$B$29,MATCH('Modified Source Data'!A310,'Category Mapping'!$A$2:$A$29,0)) -> Weekend | AF310: =INDEX('Category Mapping'!$C$2:$C$29,MATCH('Modified Source Data'!A310,'Category Mapping'!$A$2:$A$29,0)) -> Residential | AG310: =INDEX('Category Mapping'!$D$2:$D$29,MATCH('Modified Source Data'!A310,'Category Mapping'!$A$2:$A$29,0)) -> Other
A311: Residential_other_weekend | E311: 9 | F311: =SUMIFS(F$3:F$290,$AF$3:$AF$290,"*"&"Residential"&"*",$E$3:$E$290,$E311,$AG$3:$AG$290,"Total",$AE$3:$AE$290,"Weekend")-SUMIFS(F$3:F$290,$AF$3:$AF$290,"*"&"Residential"&"*",$E$3:$E$290,$E311,$AG$3:$AG$290,"<>"&"Total",$AE$3:$AE$290,"Weekend") -> 33667465 | G311: =SUMIFS(G$3:G$290,$AF$3:$AF$290,"*"&"Residential"&"*",$E$3:$E$290,$E311,$AG$3:$AG$290,"Total",$AE$3:$AE$290,"Weekend")-SUMIFS(G$3:G$290,$AF$3:$AF$290,"*"&"Residential"&"*",$E$3:$E$290,$E311,$AG$3:$AG$290,"<>"&"Total",$AE$3:$AE$290,"Weekend") -> 26549427 | H311: =SUMIFS(H$3:H$290,$AF$3:$AF$290,"*"&"Residential"&"*",$E$3:$E$290,$E311,$AG$3:$AG$290,"Total",$AE$3:$AE$290,"Weekend")-SUMIFS(H$3:H$290,$AF$3:$AF$290,"*"&"Residential"&"*",$E$3:$E$290,$E311,$AG$3:$AG$290,"<>"&"Total",$AE$3:$AE$290,"Weekend") -> 20604127 | I311: =SUMIFS(I$3:I$290,$AF$3:$AF$290,"*"&"Residential"&"*",$E$3:$E$290,$E311,$AG$3:$AG$290,"Total",$AE$3:$AE$290,"Weekend")-SUMIFS(I$3:I$290,$AF$3:$AF$290,"*"&"Residential"&"*",$E$3:$E$290,$E311,$AG$3:$AG$290,"<>"&"Total",$AE$3:$AE$290,"Weekend") -> 16787283 | J311: =SUMIFS(J$3:J$290,$AF$3:$AF$290,"*"&"Residential"&"*",$E$3:$E$290,$E311,$AG$3:$AG$290,"Total",$AE$3:$AE$290,"Weekend")-SUMIFS(J$3:J$290,$AF$3:$AF$290,"*"&"Residential"&"*",$E$3:$E$290,$E311,$AG$3:$AG$290,"<>"&"Total",$AE$3:$AE$290,"Weekend") -> 17137904 | K311: =SUMIFS(K$3:K$290,$AF$3:$AF$290,"*"&"Residential"&"*",$E$3:$E$290,$E311,$AG$3:$AG$290,"Total",$AE$3:$AE$290,"Weekend")-SUMIFS(K$3:K$290,$AF$3:$AF$290,"*"&"Residential"&"*",$E$3:$E$290,$E311,$AG$3:$AG$290,"<>"&"Total",$AE$3:$AE$290,"Weekend") -> 19538976 | L311: =SUMIFS(L$3:L$290,$AF$3:$AF$290,"*"&"Residential"&"*",$E$3:$E$290,$E311,$AG$3:$AG$290,"Total",$AE$3:$AE$290,"Weekend")-SUMIFS(L$3:L$290,$AF$3:$AF$290,"*"&"Residential"&"*",$E$3:$E$290,$E311,$AG$3:$AG$290,"<>"&"Total",$AE$3:$AE$290,"Weekend") -> 28025391 | M311: =SUMIFS(M$3:M$290,$AF$3:$AF$290,"*"&"Residential"&"*",$E$3:$E$290,$E311,$AG$3:$AG$290,"Total",$AE$3:$AE$290,"Weekend")-SUMIFS(M$3:M$290,$AF$3:$AF$290,"*"&"Residential"&"*",$E$3:$E$290,$E311,$AG$3:$AG$290,"<>"&"Total",$AE$3:$AE$290,"Weekend") -> 39335397 | ... AC311: =SUMIFS(AC$3:AC$290,$AF$3:$AF$290,"*"&"Residential"&"*",$E$3:$E$290,$E311,$AG$3:$AG$290,"Total",$AE$3:$AE$290,"Weekend")-SUMIFS(AC$3:AC$290,$AF$3:$AF$290,"*"&"Residential"&"*",$E$3:$E$290,$E311,$AG$3:$AG$290,"<>"&"Total",$AE$3:$AE$290,"Weekend") -> 43277965 | AD311: =IF(AND(E311>=3,E311<=5),"Spring",IF(AND(E311>=6,E311<=8),"Summer",IF(AND(E311>=9,E311<=10),"Fall","Winter"))) -> Fall | AE311: =INDEX('Category Mapping'!$B$2:$B$29,MATCH('Modified Source Data'!A311,'Category Mapping'!$A$2:$A$29,0)) -> Weekend | AF311: =INDEX('Category Mapping'!$C$2:$C$29,MATCH('Modified Source Data'!A311,'Category Mapping'!$A$2:$A$29,0)) -> Residential | AG311: =INDEX('Category Mapping'!$D$2:$D$29,MATCH('Modified Source Data'!A311,'Category Mapping'!$A$2:$A$29,0)) -> Other
A312: Residential_other_weekend | E312: 10 | F312: =SUMIFS(F$3:F$290,$AF$3:$AF$290,"*"&"Residential"&"*",$E$3:$E$290,$E312,$AG$3:$AG$290,"Total",$AE$3:$AE$290,"Weekend")-SUMIFS(F$3:F$290,$AF$3:$AF$290,"*"&"Residential"&"*",$E$3:$E$290,$E312,$AG$3:$AG$290,"<>"&"Total",$AE$3:$AE$290,"Weekend") -> 33629243 | G312: =SUMIFS(G$3:G$290,$AF$3:$AF$290,"*"&"Residential"&"*",$E$3:$E$290,$E312,$AG$3:$AG$290,"Total",$AE$3:$AE$290,"Weekend")-SUMIFS(G$3:G$290,$AF$3:$AF$290,"*"&"Residential"&"*",$E$3:$E$290,$E312,$AG$3:$AG$290,"<>"&"Total",$AE$3:$AE$290,"Weekend") -> 26634075 | H312: =SUMIFS(H$3:H$290,$AF$3:$AF$290,"*"&"Residential"&"*",$E$3:$E$290,$E312,$AG$3:$AG$290,"Total",$AE$3:$AE$290,"Weekend")-SUMIFS(H$3:H$290,$AF$3:$AF$290,"*"&"Residential"&"*",$E$3:$E$290,$E312,$AG$3:$AG$290,"<>"&"Total",$AE$3:$AE$290,"Weekend") -> 20581628 | I312: =SUMIFS(I$3:I$290,$AF$3:$AF$290,"*"&"Residential"&"*",$E$3:$E$290,$E312,$AG$3:$AG$290,"Total",$AE$3:$AE$290,"Weekend")-SUMIFS(I$3:I$290,$AF$3:$AF$290,"*"&"Residential"&"*",$E$3:$E$290,$E312,$AG$3:$AG$290,"<>"&"Total",$AE$3:$AE$290,"Weekend") -> 16837982 | J312: =SUMIFS(J$3:J$290,$AF$3:$AF$290,"*"&"Residential"&"*",$E$3:$E$290,$E312,$AG$3:$AG$290,"Total",$AE$3:$AE$290,"Weekend")-SUMIFS(J$3:J$290,$AF$3:$AF$290,"*"&"Residential"&"*",$E$3:$E$290,$E312,$AG$3:$AG$290,"<>"&"Total",$AE$3:$AE$290,"Weekend") -> 17200341 | K312: =SUMIFS(K$3:K$290,$AF$3:$AF$290,"*"&"Residential"&"*",$E$3:$E$290,$E312,$AG$3:$AG$290,"Total",$AE$3:$AE$290,"Weekend")-SUMIFS(K$3:K$290,$AF$3:$AF$290,"*"&"Residential"&"*",$E$3:$E$290,$E312,$AG$3:$AG$290,"<>"&"Total",$AE$3:$AE$290,"Weekend") -> 19570073 | L312: =SUMIFS(L$3:L$290,$AF$3:$AF$290,"*"&"Residential"&"*",$E$3:$E$290,$E312,$AG$3:$AG$290,"Total",$AE$3:$AE$290,"Weekend")-SUMIFS(L$3:L$290,$AF$3:$AF$290,"*"&"Residential"&"*",$E$3:$E$290,$E312,$AG$3:$AG$290,"<>"&"Total",$AE$3:$AE$290,"Weekend") -> 28231405 | M312: =SUMIFS(M$3:M$290,$AF$3:$AF$290,"*"&"Residential"&"*",$E$3:$E$290,$E312,$AG$3:$AG$290,"Total",$AE$3:$AE$290,"Weekend")-SUMIFS(M$3:M$290,$AF$3:$AF$290,"*"&"Residential"&"*",$E$3:$E$290,$E312,$AG$3:$AG$290,"<>"&"Total",$AE$3:$AE$290,"Weekend") -> 39349845 | ... AC312: =SUMIFS(AC$3:AC$290,$AF$3:$AF$290,"*"&"Residential"&"*",$E$3:$E$290,$E312,$AG$3:$AG$290,"Total",$AE$3:$AE$290,"Weekend")-SUMIFS(AC$3:AC$290,$AF$3:$AF$290,"*"&"Residential"&"*",$E$3:$E$290,$E312,$AG$3:$AG$290,"<>"&"Total",$AE$3:$AE$290,"Weekend") -> 43298739 | AD312: =IF(AND(E312>=3,E312<=5),"Spring",IF(AND(E312>=6,E312<=8),"Summer",IF(AND(E312>=9,E312<=10),"Fall","Winter"))) -> Fall | AE312: =INDEX('Category Mapping'!$B$2:$B$29,MATCH('Modified Source Data'!A312,'Category Mapping'!$A$2:$A$29,0)) -> Weekend | AF312: =INDEX('Category Mapping'!$C$2:$C$29,MATCH('Modified Source Data'!A312,'Category Mapping'!$A$2:$A$29,0)) -> Residential | AG312: =INDEX('Category Mapping'!$D$2:$D$29,MATCH('Modified Source Data'!A312,'Category Mapping'!$A$2:$A$29,0)) -> Other
A313: Residential_other_weekend | E313: 11 | F313: =SUMIFS(F$3:F$290,$AF$3:$AF$290,"*"&"Residential"&"*",$E$3:$E$290,$E313,$AG$3:$AG$290,"Total",$AE$3:$AE$290,"Weekend")-SUMIFS(F$3:F$290,$AF$3:$AF$290,"*"&"Residential"&"*",$E$3:$E$290,$E313,$AG$3:$AG$290,"<>"&"Total",$AE$3:$AE$290,"Weekend") -> 33827026 | G313: =SUMIFS(G$3:G$290,$AF$3:$AF$290,"*"&"Residential"&"*",$E$3:$E$290,$E313,$AG$3:$AG$290,"Total",$AE$3:$AE$290,"Weekend")-SUMIFS(G$3:G$290,$AF$3:$AF$290,"*"&"Residential"&"*",$E$3:$E$290,$E313,$AG$3:$AG$290,"<>"&"Total",$AE$3:$AE$290,"Weekend") -> 26788683 | H313: =SUMIFS(H$3:H$290,$AF$3:$AF$290,"*"&"Residential"&"*",$E$3:$E$290,$E313,$AG$3:$AG$290,"Total",$AE$3:$AE$290,"Weekend")-SUMIFS(H$3:H$290,$AF$3:$AF$290,"*"&"Residential"&"*",$E$3:$E$290,$E313,$AG$3:$AG$290,"<>"&"Total",$AE$3:$AE$290,"Weekend") -> 20758414 | I313: =SUMIFS(I$3:I$290,$AF$3:$AF$290,"*"&"Residential"&"*",$E$3:$E$290,$E313,$AG$3:$AG$290,"Total",$AE$3:$AE$290,"Weekend")-SUMIFS(I$3:I$290,$AF$3:$AF$290,"*"&"Residential"&"*",$E$3:$E$290,$E313,$AG$3:$AG$290,"<>"&"Total",$AE$3:$AE$290,"Weekend") -> 16966820 | J313: =SUMIFS(J$3:J$290,$AF$3:$AF$290,"*"&"Residential"&"*",$E$3:$E$290,$E313,$AG$3:$AG$290,"Total",$AE$3:$AE$290,"Weekend")-SUMIFS(J$3:J$290,$AF$3:$AF$290,"*"&"Residential"&"*",$E$3:$E$290,$E313,$AG$3:$AG$290,"<>"&"Total",$AE$3:$AE$290,"Weekend") -> 17353672 | K313: =SUMIFS(K$3:K$290,$AF$3:$AF$290,"*"&"Residential"&"*",$E$3:$E$290,$E313,$AG$3:$AG$290,"Total",$AE$3:$AE$290,"Weekend")-SUMIFS(K$3:K$290,$AF$3:$AF$290,"*"&"Residential"&"*",$E$3:$E$290,$E313,$AG$3:$AG$290,"<>"&"Total",$AE$3:$AE$290,"Weekend") -> 19725839 | L313: =SUMIFS(L$3:L$290,$AF$3:$AF$290,"*"&"Residential"&"*",$E$3:$E$290,$E313,$AG$3:$AG$290,"Total",$AE$3:$AE$290,"Weekend")-SUMIFS(L$3:L$290,$AF$3:$AF$290,"*"&"Residential"&"*",$E$3:$E$290,$E313,$AG$3:$AG$290,"<>"&"Total",$AE$3:$AE$290,"Weekend") -> 28319863 | M313: =SUMIFS(M$3:M$290,$AF$3:$AF$290,"*"&"Residential"&"*",$E$3:$E$290,$E313,$AG$3:$AG$290,"Total",$AE$3:$AE$290,"Weekend")-SUMIFS(M$3:M$290,$AF$3:$AF$290,"*"&"Residential"&"*",$E$3:$E$290,$E313,$AG$3:$AG$290,"<>"&"Total",$AE$3:$AE$290,"Weekend") -> 39600038 | ... AC313: =SUMIFS(AC$3:AC$290,$AF$3:$AF$290,"*"&"Residential"&"*",$E$3:$E$290,$E313,$AG$3:$AG$290,"Total",$AE$3:$AE$290,"Weekend")-SUMIFS(AC$3:AC$290,$AF$3:$AF$290,"*"&"Residential"&"*",$E$3:$E$290,$E313,$AG$3:$AG$290,"<>"&"Total",$AE$3:$AE$290,"Weekend") -> 43403233 | AD313: =IF(AND(E313>=3,E313<=5),"Spring",IF(AND(E313>=6,E313<=8),"Summer",IF(AND(E313>=9,E313<=10),"Fall","Winter"))) -> Winter | AE313: =INDEX('Category Mapping'!$B$2:$B$29,MATCH('Modified Source Data'!A313,'Category Mapping'!$A$2:$A$29,0)) -> Weekend | AF313: =INDEX('Category Mapping'!$C$2:$C$29,MATCH('Modified Source Data'!A313,'Category Mapping'!$A$2:$A$29,0)) -> Residential | AG313: =INDEX('Category Mapping'!$D$2:$D$29,MATCH('Modified Source Data'!A313,'Category Mapping'!$A$2:$A$29,0)) -> Other
A314: Residential_other_weekend | E314: 12 | F314: =SUMIFS(F$3:F$290,$AF$3:$AF$290,"*"&"Residential"&"*",$E$3:$E$290,$E314,$AG$3:$AG$290,"Total",$AE$3:$AE$290,"Weekend")-SUMIFS(F$3:F$290,$AF$3:$AF$290,"*"&"Residential"&"*",$E$3:$E$290,$E314,$AG$3:$AG$290,"<>"&"Total",$AE$3:$AE$290,"Weekend") -> 34007527 | G314: =SUMIFS(G$3:G$290,$AF$3:$AF$290,"*"&"Residential"&"*",$E$3:$E$290,$E314,$AG$3:$AG$290,"Total",$AE$3:$AE$290,"Weekend")-SUMIFS(G$3:G$290,$AF$3:$AF$290,"*"&"Residential"&"*",$E$3:$E$290,$E314,$AG$3:$AG$290,"<>"&"Total",$AE$3:$AE$290,"Weekend") -> 26925930 | H314: =SUMIFS(H$3:H$290,$AF$3:$AF$290,"*"&"Residential"&"*",$E$3:$E$290,$E314,$AG$3:$AG$290,"Total",$AE$3:$AE$290,"Weekend")-SUMIFS(H$3:H$290,$AF$3:$AF$290,"*"&"Residential"&"*",$E$3:$E$290,$E314,$AG$3:$AG$290,"<>"&"Total",$AE$3:$AE$290,"Weekend") -> 20941406 | I314: =SUMIFS(I$3:I$290,$AF$3:$AF$290,"*"&"Residential"&"*",$E$3:$E$290,$E314,$AG$3:$AG$290,"Total",$AE$3:$AE$290,"Weekend")-SUMIFS(I$3:I$290,$AF$3:$AF$290,"*"&"Residential"&"*",$E$3:$E$290,$E314,$AG$3:$AG$290,"<>"&"Total",$AE$3:$AE$290,"Weekend") -> 17176158 | J314: =SUMIFS(J$3:J$290,$AF$3:$AF$290,"*"&"Residential"&"*",$E$3:$E$290,$E314,$AG$3:$AG$290,"Total",$AE$3:$AE$290,"Weekend")-SUMIFS(J$3:J$290,$AF$3:$AF$290,"*"&"Residential"&"*",$E$3:$E$290,$E314,$AG$3:$AG$290,"<>"&"Total",$AE$3:$AE$290,"Weekend") -> 17473836 | K314: =SUMIFS(K$3:K$290,$AF$3:$AF$290,"*"&"Residential"&"*",$E$3:$E$290,$E314,$AG$3:$AG$290,"Total",$AE$3:$AE$290,"Weekend")-SUMIFS(K$3:K$290,$AF$3:$AF$290,"*"&"Residential"&"*",$E$3:$E$290,$E314,$AG$3:$AG$290,"<>"&"Total",$AE$3:$AE$290,"Weekend") -> 19924203 | L314: =SUMIFS(L$3:L$290,$AF$3:$AF$290,"*"&"Residential"&"*",$E$3:$E$290,$E314,$AG$3:$AG$290,"Total",$AE$3:$AE$290,"Weekend")-SUMIFS(L$3:L$290,$AF$3:$AF$290,"*"&"Residential"&"*",$E$3:$E$290,$E314,$AG$3:$AG$290,"<>"&"Total",$AE$3:$AE$290,"Weekend") -> 28390318 | M314: =SUMIFS(M$3:M$290,$AF$3:$AF$290,"*"&"Residential"&"*",$E$3:$E$290,$E314,$AG$3:$AG$290,"Total",$AE$3:$AE$290,"Weekend")-SUMIFS(M$3:M$290,$AF$3:$AF$290,"*"&"Residential"&"*",$E$3:$E$290,$E314,$AG$3:$AG$290,"<>"&"Total",$AE$3:$AE$290,"Weekend") -> 39932104 | ... AC314: =SUMIFS(AC$3:AC$290,$AF$3:$AF$290,"*"&"Residential"&"*",$E$3:$E$290,$E314,$AG$3:$AG$290,"Total",$AE$3:$AE$290,"Weekend")-SUMIFS(AC$3:AC$290,$AF$3:$AF$290,"*"&"Residential"&"*",$E$3:$E$290,$E314,$AG$3:$AG$290,"<>"&"Total",$AE$3:$AE$290,"Weekend") -> 43595912 | AD314: =IF(AND(E314>=3,E314<=5),"Spring",IF(AND(E314>=6,E314<=8),"Summer",IF(AND(E314>=9,E314<=10),"Fall","Winter"))) -> Winter | AE314: =INDEX('Category Mapping'!$B$2:$B$29,MATCH('Modified Source Data'!A314,'Category Mapping'!$A$2:$A$29,0)) -> Weekend | AF314: =INDEX('Category Mapping'!$C$2:$C$29,MATCH('Modified Source Data'!A314,'Category Mapping'!$A$2:$A$29,0)) -> Residential | AG314: =INDEX('Category Mapping'!$D$2:$D$29,MATCH('Modified Source Data'!A314,'Category Mapping'!$A$2:$A$29,0)) -> Other
A315: Service_other_weekday | E315: 1 | F315: =SUMIFS(F$3:F$290,$AF$3:$AF$290,"*"&"Commercial"&"*",$E$3:$E$290,$E315,$AG$3:$AG$290,"Total",$AE$3:$AE$290,"Weekday")-SUMIFS(F$3:F$290,$AF$3:$AF$290,"*"&"Commercial"&"*",$E$3:$E$290,$E315,$AG$3:$AG$290,"<>"&"Total",$AE$3:$AE$290,"Weekday") -> 149940372 | G315: =SUMIFS(G$3:G$290,$AF$3:$AF$290,"*"&"Commercial"&"*",$E$3:$E$290,$E315,$AG$3:$AG$290,"Total",$AE$3:$AE$290,"Weekday")-SUMIFS(G$3:G$290,$AF$3:$AF$290,"*"&"Commercial"&"*",$E$3:$E$290,$E315,$AG$3:$AG$290,"<>"&"Total",$AE$3:$AE$290,"Weekday") -> 147783126 | H315: =SUMIFS(H$3:H$290,$AF$3:$AF$290,"*"&"Commercial"&"*",$E$3:$E$290,$E315,$AG$3:$AG$290,"Total",$AE$3:$AE$290,"Weekday")-SUMIFS(H$3:H$290,$AF$3:$AF$290,"*"&"Commercial"&"*",$E$3:$E$290,$E315,$AG$3:$AG$290,"<>"&"Total",$AE$3:$AE$290,"Weekday") -> 147992841 | I315: =SUMIFS(I$3:I$290,$AF$3:$AF$290,"*"&"Commercial"&"*",$E$3:$E$290,$E315,$AG$3:$AG$290,"Total",$AE$3:$AE$290,"Weekday")-SUMIFS(I$3:I$290,$AF$3:$AF$290,"*"&"Commercial"&"*",$E$3:$E$290,$E315,$AG$3:$AG$290,"<>"&"Total",$AE$3:$AE$290,"Weekday") -> 154500614 | J315: =SUMIFS(J$3:J$290,$AF$3:$AF$290,"*"&"Commercial"&"*",$E$3:$E$290,$E315,$AG$3:$AG$290,"Total",$AE$3:$AE$290,"Weekday")-SUMIFS(J$3:J$290,$AF$3:$AF$290,"*"&"Commercial"&"*",$E$3:$E$290,$E315,$AG$3:$AG$290,"<>"&"Total",$AE$3:$AE$290,"Weekday") -> 164175597 | K315: =SUMIFS(K$3:K$290,$AF$3:$AF$290,"*"&"Commercial"&"*",$E$3:$E$290,$E315,$AG$3:$AG$290,"Total",$AE$3:$AE$290,"Weekday")-SUMIFS(K$3:K$290,$AF$3:$AF$290,"*"&"Commercial"&"*",$E$3:$E$290,$E315,$AG$3:$AG$290,"<>"&"Total",$AE$3:$AE$290,"Weekday") -> 190638757 | L315: =SUMIFS(L$3:L$290,$AF$3:$AF$290,"*"&"Commercial"&"*",$E$3:$E$290,$E315,$AG$3:$AG$290,"Total",$AE$3:$AE$290,"Weekday")-SUMIFS(L$3:L$290,$AF$3:$AF$290,"*"&"Commercial"&"*",$E$3:$E$290,$E315,$AG$3:$AG$290,"<>"&"Total",$AE$3:$AE$290,"Weekday") -> 286466254 | M315: =SUMIFS(M$3:M$290,$AF$3:$AF$290,"*"&"Commercial"&"*",$E$3:$E$290,$E315,$AG$3:$AG$290,"Total",$AE$3:$AE$290,"Weekday")-SUMIFS(M$3:M$290,$AF$3:$AF$290,"*"&"Commercial"&"*",$E$3:$E$290,$E315,$AG$3:$AG$290,"<>"&"Total",$AE$3:$AE$290,"Weekday") -> 393356386 | ... AC315: =SUMIFS(AC$3:AC$290,$AF$3:$AF$290,"*"&"Commercial"&"*",$E$3:$E$290,$E315,$AG$3:$AG$290,"Total",$AE$3:$AE$290,"Weekday")-SUMIFS(AC$3:AC$290,$AF$3:$AF$290,"*"&"Commercial"&"*",$E$3:$E$290,$E315,$AG$3:$AG$290,"<>"&"Total",$AE$3:$AE$290,"Weekday") -> 177706769 | AD315: =IF(AND(E315>=3,E315<=5),"Spring",IF(AND(E315>=6,E315<=8),"Summer",IF(AND(E315>=9,E315<=10),"Fall","Winter"))) -> Winter | AE315: =INDEX('Category Mapping'!$B$2:$B$29,MATCH('Modified Source Data'!A315,'Category Mapping'!$A$2:$A$29,0)) -> Weekday | AF315: =INDEX('Category Mapping'!$C$2:$C$29,MATCH('Modified Source Data'!A315,'Category Mapping'!$A$2:$A$29,0)) -> Commercial | AG315: =INDEX('Category Mapping'!$D$2:$D$29,MATCH('Modified Source Data'!A315,'Category Mapping'!$A$2:$A$29,0)) -> Lighting
A316: Service_other_weekday | E316: 2 | F316: =SUMIFS(F$3:F$290,$AF$3:$AF$290,"*"&"Commercial"&"*",$E$3:$E$290,$E316,$AG$3:$AG$290,"Total",$AE$3:$AE$290,"Weekday")-SUMIFS(F$3:F$290,$AF$3:$AF$290,"*"&"Commercial"&"*",$E$3:$E$290,$E316,$AG$3:$AG$290,"<>"&"Total",$AE$3:$AE$290,"Weekday") -> 149030790 | G316: =SUMIFS(G$3:G$290,$AF$3:$AF$290,"*"&"Commercial"&"*",$E$3:$E$290,$E316,$AG$3:$AG$290,"Total",$AE$3:$AE$290,"Weekday")-SUMIFS(G$3:G$290,$AF$3:$AF$290,"*"&"Commercial"&"*",$E$3:$E$290,$E316,$AG$3:$AG$290,"<>"&"Total",$AE$3:$AE$290,"Weekday") -> 148078433 | H316: =SUMIFS(H$3:H$290,$AF$3:$AF$290,"*"&"Commercial"&"*",$E$3:$E$290,$E316,$AG$3:$AG$290,"Total",$AE$3:$AE$290,"Weekday")-SUMIFS(H$3:H$290,$AF$3:$AF$290,"*"&"Commercial"&"*",$E$3:$E$290,$E316,$AG$3:$AG$290,"<>"&"Total",$AE$3:$AE$290,"Weekday") -> 147654073 | I316: =SUMIFS(I$3:I$290,$AF$3:$AF$290,"*"&"Commercial"&"*",$E$3:$E$290,$E316,$AG$3:$AG$290,"Total",$AE$3:$AE$290,"Weekday")-SUMIFS(I$3:I$290,$AF$3:$AF$290,"*"&"Commercial"&"*",$E$3:$E$290,$E316,$AG$3:$AG$290,"<>"&"Total",$AE$3:$AE$290,"Weekday") -> 153661296 | J316: =SUMIFS(J$3:J$290,$AF$3:$AF$290,"*"&"Commercial"&"*",$E$3:$E$290,$E316,$AG$3:$AG$290,"Total",$AE$3:$AE$290,"Weekday")-SUMIFS(J$3:J$290,$AF$3:$AF$290,"*"&"Commercial"&"*",$E$3:$E$290,$E316,$AG$3:$AG$290,"<>"&"Total",$AE$3:$AE$290,"Weekday") -> 163380196 | K316: =SUMIFS(K$3:K$290,$AF$3:$AF$290,"*"&"Commercial"&"*",$E$3:$E$290,$E316,$AG$3:$AG$290,"Total",$AE$3:$AE$290,"Weekday")-SUMIFS(K$3:K$290,$AF$3:$AF$290,"*"&"Commercial"&"*",$E$3:$E$290,$E316,$AG$3:$AG$290,"<>"&"Total",$AE$3:$AE$290,"Weekday") -> 189396710 | L316: =SUMIFS(L$3:L$290,$AF$3:$AF$290,"*"&"Commercial"&"*",$E$3:$E$290,$E316,$AG$3:$AG$290,"Total",$AE$3:$AE$290,"Weekday")-SUMIFS(L$3:L$290,$AF$3:$AF$290,"*"&"Commercial"&"*",$E$3:$E$290,$E316,$AG$3:$AG$290,"<>"&"Total",$AE$3:$AE$290,"Weekday") -> 285022122 | M316: =SUMIFS(M$3:M$290,$AF$3:$AF$290,"*"&"Commercial"&"*",$E$3:$E$290,$E316,$AG$3:$AG$290,"Total",$AE$3:$AE$290,"Weekday")-SUMIFS(M$3:M$290,$AF$3:$AF$290,"*"&"Commercial"&"*",$E$3:$E$290,$E316,$AG$3:$AG$290,"<>"&"Total",$AE$3:$AE$290,"Weekday") -> 390550793 | ... AC316: =SUMIFS(AC$3:AC$290,$AF$3:$AF$290,"*"&"Commercial"&"*",$E$3:$E$290,$E316,$AG$3:$AG$290,"Total",$AE$3:$AE$290,"Weekday")-SUMIFS(AC$3:AC$290,$AF$3:$AF$290,"*"&"Commercial"&"*",$E$3:$E$290,$E316,$AG$3:$AG$290,"<>"&"Total",$AE$3:$AE$290,"Weekday") -> 177057952 | AD316: =IF(AND(E316>=3,E316<=5),"Spring",IF(AND(E316>=6,E316<=8),"Summer",IF(AND(E316>=9,E316<=10),"Fall","Winter"))) -> Winter | AE316: =INDEX('Category Mapping'!$B$2:$B$29,MATCH('Modified Source Data'!A316,'Category Mapping'!$A$2:$A$29,0)) -> Weekday | AF316: =INDEX('Category Mapping'!$C$2:$C$29,MATCH('Modified Source Data'!A316,'Category Mapping'!$A$2:$A$29,0)) -> Commercial | AG316: =INDEX('Category Mapping'!$D$2:$D$29,MATCH('Modified Source Data'!A316,'Category Mapping'!$A$2:$A$29,0)) -> Lighting
A317: Service_other_weekday | E317: 3 | F317: =SUMIFS(F$3:F$290,$AF$3:$AF$290,"*"&"Commercial"&"*",$E$3:$E$290,$E317,$AG$3:$AG$290,"Total",$AE$3:$AE$290,"Weekday")-SUMIFS(F$3:F$290,$AF$3:$AF$290,"*"&"Commercial"&"*",$E$3:$E$290,$E317,$AG$3:$AG$290,"<>"&"Total",$AE$3:$AE$290,"Weekday") -> 148413947 | G317: =SUMIFS(G$3:G$290,$AF$3:$AF$290,"*"&"Commercial"&"*",$E$3:$E$290,$E317,$AG$3:$AG$290,"Total",$AE$3:$AE$290,"Weekday")-SUMIFS(G$3:G$290,$AF$3:$AF$290,"*"&"Commercial"&"*",$E$3:$E$290,$E317,$AG$3:$AG$290,"<>"&"Total",$AE$3:$AE$290,"Weekday") -> 147683996 | H317: =SUMIFS(H$3:H$290,$AF$3:$AF$290,"*"&"Commercial"&"*",$E$3:$E$290,$E317,$AG$3:$AG$290,"Total",$AE$3:$AE$290,"Weekday")-SUMIFS(H$3:H$290,$AF$3:$AF$290,"*"&"Commercial"&"*",$E$3:$E$290,$E317,$AG$3:$AG$290,"<>"&"Total",$AE$3:$AE$290,"Weekday") -> 147031992 | I317: =SUMIFS(I$3:I$290,$AF$3:$AF$290,"*"&"Commercial"&"*",$E$3:$E$290,$E317,$AG$3:$AG$290,"Total",$AE$3:$AE$290,"Weekday")-SUMIFS(I$3:I$290,$AF$3:$AF$290,"*"&"Commercial"&"*",$E$3:$E$290,$E317,$AG$3:$AG$290,"<>"&"Total",$AE$3:$AE$290,"Weekday") -> 153239372 | J317: =SUMIFS(J$3:J$290,$AF$3:$AF$290,"*"&"Commercial"&"*",$E$3:$E$290,$E317,$AG$3:$AG$290,"Total",$AE$3:$AE$290,"Weekday")-SUMIFS(J$3:J$290,$AF$3:$AF$290,"*"&"Commercial"&"*",$E$3:$E$290,$E317,$AG$3:$AG$290,"<>"&"Total",$AE$3:$AE$290,"Weekday") -> 162395450 | K317: =SUMIFS(K$3:K$290,$AF$3:$AF$290,"*"&"Commercial"&"*",$E$3:$E$290,$E317,$AG$3:$AG$290,"Total",$AE$3:$AE$290,"Weekday")-SUMIFS(K$3:K$290,$AF$3:$AF$290,"*"&"Commercial"&"*",$E$3:$E$290,$E317,$AG$3:$AG$290,"<>"&"Total",$AE$3:$AE$290,"Weekday") -> 189340022 | L317: =SUMIFS(L$3:L$290,$AF$3:$AF$290,"*"&"Commercial"&"*",$E$3:$E$290,$E317,$AG$3:$AG$290,"Total",$AE$3:$AE$290,"Weekday")-SUMIFS(L$3:L$290,$AF$3:$AF$290,"*"&"Commercial"&"*",$E$3:$E$290,$E317,$AG$3:$AG$290,"<>"&"Total",$AE$3:$AE$290,"Weekday") -> 283512081 | M317: =SUMIFS(M$3:M$290,$AF$3:$AF$290,"*"&"Commercial"&"*",$E$3:$E$290,$E317,$AG$3:$AG$290,"Total",$AE$3:$AE$290,"Weekday")-SUMIFS(M$3:M$290,$AF$3:$AF$290,"*"&"Commercial"&"*",$E$3:$E$290,$E317,$AG$3:$AG$290,"<>"&"Total",$AE$3:$AE$290,"Weekday") -> 388189227 | ... AC317: =SUMIFS(AC$3:AC$290,$AF$3:$AF$290,"*"&"Commercial"&"*",$E$3:$E$290,$E317,$AG$3:$AG$290,"Total",$AE$3:$AE$290,"Weekday")-SUMIFS(AC$3:AC$290,$AF$3:$AF$290,"*"&"Commercial"&"*",$E$3:$E$290,$E317,$AG$3:$AG$290,"<>"&"Total",$AE$3:$AE$290,"Weekday") -> 176671252 | AD317: =IF(AND(E317>=3,E317<=5),"Spring",IF(AND(E317>=6,E317<=8),"Summer",IF(AND(E317>=9,E317<=10),"Fall","Winter"))) -> Spring | AE317: =INDEX('Category Mapping'!$B$2:$B$29,MATCH('Modified Source Data'!A317,'Category Mapping'!$A$2:$A$29,0)) -> Weekday | AF317: =INDEX('Category Mapping'!$C$2:$C$29,MATCH('Modified Source Data'!A317,'Category Mapping'!$A$2:$A$29,0)) -> Commercial | AG317: =INDEX('Category Mapping'!$D$2:$D$29,MATCH('Modified Source Data'!A317,'Category Mapping'!$A$2:$A$29,0)) -> Lighting
A318: Service_other_weekday | E318: 4 | F318: =SUMIFS(F$3:F$290,$AF$3:$AF$290,"*"&"Commercial"&"*",$E$3:$E$290,$E318,$AG$3:$AG$290,"Total",$AE$3:$AE$290,"Weekday")-SUMIFS(F$3:F$290,$AF$3:$AF$290,"*"&"Commercial"&"*",$E$3:$E$290,$E318,$AG$3:$AG$290,"<>"&"Total",$AE$3:$AE$290,"Weekday") -> 148615167 | G318: =SUMIFS(G$3:G$290,$AF$3:$AF$290,"*"&"Commercial"&"*",$E$3:$E$290,$E318,$AG$3:$AG$290,"Total",$AE$3:$AE$290,"Weekday")-SUMIFS(G$3:G$290,$AF$3:$AF$290,"*"&"Commercial"&"*",$E$3:$E$290,$E318,$AG$3:$AG$290,"<>"&"Total",$AE$3:$AE$290,"Weekday") -> 146550667 | H318: =SUMIFS(H$3:H$290,$AF$3:$AF$290,"*"&"Commercial"&"*",$E$3:$E$290,$E318,$AG$3:$AG$290,"Total",$AE$3:$AE$290,"Weekday")-SUMIFS(H$3:H$290,$AF$3:$AF$290,"*"&"Commercial"&"*",$E$3:$E$290,$E318,$AG$3:$AG$290,"<>"&"Total",$AE$3:$AE$290,"Weekday") -> 146651562 | I318: =SUMIFS(I$3:I$290,$AF$3:$AF$290,"*"&"Commercial"&"*",$E$3:$E$290,$E318,$AG$3:$AG$290,"Total",$AE$3:$AE$290,"Weekday")-SUMIFS(I$3:I$290,$AF$3:$AF$290,"*"&"Commercial"&"*",$E$3:$E$290,$E318,$AG$3:$AG$290,"<>"&"Total",$AE$3:$AE$290,"Weekday") -> 153362461 | J318: =SUMIFS(J$3:J$290,$AF$3:$AF$290,"*"&"Commercial"&"*",$E$3:$E$290,$E318,$AG$3:$AG$290,"Total",$AE$3:$AE$290,"Weekday")-SUMIFS(J$3:J$290,$AF$3:$AF$290,"*"&"Commercial"&"*",$E$3:$E$290,$E318,$AG$3:$AG$290,"<>"&"Total",$AE$3:$AE$290,"Weekday") -> 162390250 | K318: =SUMIFS(K$3:K$290,$AF$3:$AF$290,"*"&"Commercial"&"*",$E$3:$E$290,$E318,$AG$3:$AG$290,"Total",$AE$3:$AE$290,"Weekday")-SUMIFS(K$3:K$290,$AF$3:$AF$290,"*"&"Commercial"&"*",$E$3:$E$290,$E318,$AG$3:$AG$290,"<>"&"Total",$AE$3:$AE$290,"Weekday") -> 188372683 | L318: =SUMIFS(L$3:L$290,$AF$3:$AF$290,"*"&"Commercial"&"*",$E$3:$E$290,$E318,$AG$3:$AG$290,"Total",$AE$3:$AE$290,"Weekday")-SUMIFS(L$3:L$290,$AF$3:$AF$290,"*"&"Commercial"&"*",$E$3:$E$290,$E318,$AG$3:$AG$290,"<>"&"Total",$AE$3:$AE$290,"Weekday") -> 281891703 | M318: =SUMIFS(M$3:M$290,$AF$3:$AF$290,"*"&"Commercial"&"*",$E$3:$E$290,$E318,$AG$3:$AG$290,"Total",$AE$3:$AE$290,"Weekday")-SUMIFS(M$3:M$290,$AF$3:$AF$290,"*"&"Commercial"&"*",$E$3:$E$290,$E318,$AG$3:$AG$290,"<>"&"Total",$AE$3:$AE$290,"Weekday") -> 385320599 | ... AC318: =SUMIFS(AC$3:AC$290,$AF$3:$AF$290,"*"&"Commercial"&"*",$E$3:$E$290,$E318,$AG$3:$AG$290,"Total",$AE$3:$AE$290,"Weekday")-SUMIFS(AC$3:AC$290,$AF$3:$AF$290,"*"&"Commercial"&"*",$E$3:$E$290,$E318,$AG$3:$AG$290,"<>"&"Total",$AE$3:$AE$290,"Weekday") -> 175992673 | AD318: =IF(AND(E318>=3,E318<=5),"Spring",IF(AND(E318>=6,E318<=8),"Summer",IF(AND(E318>=9,E318<=10),"Fall","Winter"))) -> Spring | AE318: =INDEX('Category Mapping'!$B$2:$B$29,MATCH('Modified Source Data'!A318,'Category Mapping'!$A$2:$A$29,0)) -> Weekday | AF318: =INDEX('Category Mapping'!$C$2:$C$29,MATCH('Modified Source Data'!A318,'Category Mapping'!$A$2:$A$29,0)) -> Commercial | AG318: =INDEX('Category Mapping'!$D$2:$D$29,MATCH('Modified Source Data'!A318,'Category Mapping'!$A$2:$A$29,0)) -> Lighting
A319: Service_other_weekday | E319: 5 | F319: =SUMIFS(F$3:F$290,$AF$3:$AF$290,"*"&"Commercial"&"*",$E$3:$E$290,$E319,$AG$3:$AG$290,"Total",$AE$3:$AE$290,"Weekday")-SUMIFS(F$3:F$290,$AF$3:$AF$290,"*"&"Commercial"&"*",$E$3:$E$290,$E319,$AG$3:$AG$290,"<>"&"Total",$AE$3:$AE$290,"Weekday") -> 148007695 | G319: =SUMIFS(G$3:G$290,$AF$3:$AF$290,"*"&"Commercial"&"*",$E$3:$E$290,$E319,$AG$3:$AG$290,"Total",$AE$3:$AE$290,"Weekday")-SUMIFS(G$3:G$290,$AF$3:$AF$290,"*"&"Commercial"&"*",$E$3:$E$290,$E319,$AG$3:$AG$290,"<>"&"Total",$AE$3:$AE$290,"Weekday") -> 146411534 | H319: =SUMIFS(H$3:H$290,$AF$3:$AF$290,"*"&"Commercial"&"*",$E$3:$E$290,$E319,$AG$3:$AG$290,"Total",$AE$3:$AE$290,"Weekday")-SUMIFS(H$3:H$290,$AF$3:$AF$290,"*"&"Commercial"&"*",$E$3:$E$290,$E319,$AG$3:$AG$290,"<>"&"Total",$AE$3:$AE$290,"Weekday") -> 145763669 | I319: =SUMIFS(I$3:I$290,$AF$3:$AF$290,"*"&"Commercial"&"*",$E$3:$E$290,$E319,$AG$3:$AG$290,"Total",$AE$3:$AE$290,"Weekday")-SUMIFS(I$3:I$290,$AF$3:$AF$290,"*"&"Commercial"&"*",$E$3:$E$290,$E319,$AG$3:$AG$290,"<>"&"Total",$AE$3:$AE$290,"Weekday") -> 152795290 | J319: =SUMIFS(J$3:J$290,$AF$3:$AF$290,"*"&"Commercial"&"*",$E$3:$E$290,$E319,$AG$3:$AG$290,"Total",$AE$3:$AE$290,"Weekday")-SUMIFS(J$3:J$290,$AF$3:$AF$290,"*"&"Commercial"&"*",$E$3:$E$290,$E319,$AG$3:$AG$290,"<>"&"Total",$AE$3:$AE$290,"Weekday") -> 161641962 | K319: =SUMIFS(K$3:K$290,$AF$3:$AF$290,"*"&"Commercial"&"*",$E$3:$E$290,$E319,$AG$3:$AG$290,"Total",$AE$3:$AE$290,"Weekday")-SUMIFS(K$3:K$290,$AF$3:$AF$290,"*"&"Commercial"&"*",$E$3:$E$290,$E319,$AG$3:$AG$290,"<>"&"Total",$AE$3:$AE$290,"Weekday") -> 187749596 | L319: =SUMIFS(L$3:L$290,$AF$3:$AF$290,"*"&"Commercial"&"*",$E$3:$E$290,$E319,$AG$3:$AG$290,"Total",$AE$3:$AE$290,"Weekday")-SUMIFS(L$3:L$290,$AF$3:$AF$290,"*"&"Commercial"&"*",$E$3:$E$290,$E319,$AG$3:$AG$290,"<>"&"Total",$AE$3:$AE$290,"Weekday") -> 280303397 | M319: =SUMIFS(M$3:M$290,$AF$3:$AF$290,"*"&"Commercial"&"*",$E$3:$E$290,$E319,$AG$3:$AG$290,"Total",$AE$3:$AE$290,"Weekday")-SUMIFS(M$3:M$290,$AF$3:$AF$290,"*"&"Commercial"&"*",$E$3:$E$290,$E319,$AG$3:$AG$290,"<>"&"Total",$AE$3:$AE$290,"Weekday") -> 383884722 | ... AC319: =SUMIFS(AC$3:AC$290,$AF$3:$AF$290,"*"&"Commercial"&"*",$E$3:$E$290,$E319,$AG$3:$AG$290,"Total",$AE$3:$AE$290,"Weekday")-SUMIFS(AC$3:AC$290,$AF$3:$AF$290,"*"&"Commercial"&"*",$E$3:$E$290,$E319,$AG$3:$AG$290,"<>"&"Total",$AE$3:$AE$290,"Weekday") -> 176130489 | AD319: =IF(AND(E319>=3,E319<=5),"Spring",IF(AND(E319>=6,E319<=8),"Summer",IF(AND(E319>=9,E319<=10),"Fall","Winter"))) -> Spring | AE319: =INDEX('Category Mapping'!$B$2:$B$29,MATCH('Modified Source Data'!A319,'Category Mapping'!$A$2:$A$29,0)) -> Weekday | AF319: =INDEX('Category Mapping'!$C$2:$C$29,MATCH('Modified Source Data'!A319,'Category Mapping'!$A$2:$A$29,0)) -> Commercial | AG319: =INDEX('Category Mapping'!$D$2:$D$29,MATCH('Modified Source Data'!A319,'Category Mapping'!$A$2:$A$29,0)) -> Lighting
A320: Service_other_weekday | E320: 6 | F320: =SUMIFS(F$3:F$290,$AF$3:$AF$290,"*"&"Commercial"&"*",$E$3:$E$290,$E320,$AG$3:$AG$290,"Total",$AE$3:$AE$290,"Weekday")-SUMIFS(F$3:F$290,$AF$3:$AF$290,"*"&"Commercial"&"*",$E$3:$E$290,$E320,$AG$3:$AG$290,"<>"&"Total",$AE$3:$AE$290,"Weekday") -> 148556009 | G320: =SUMIFS(G$3:G$290,$AF$3:$AF$290,"*"&"Commercial"&"*",$E$3:$E$290,$E320,$AG$3:$AG$290,"Total",$AE$3:$AE$290,"Weekday")-SUMIFS(G$3:G$290,$AF$3:$AF$290,"*"&"Commercial"&"*",$E$3:$E$290,$E320,$AG$3:$AG$290,"<>"&"Total",$AE$3:$AE$290,"Weekday") -> 146018163 | H320: =SUMIFS(H$3:H$290,$AF$3:$AF$290,"*"&"Commercial"&"*",$E$3:$E$290,$E320,$AG$3:$AG$290,"Total",$AE$3:$AE$290,"Weekday")-SUMIFS(H$3:H$290,$AF$3:$AF$290,"*"&"Commercial"&"*",$E$3:$E$290,$E320,$AG$3:$AG$290,"<>"&"Total",$AE$3:$AE$290,"Weekday") -> 146024053 | I320: =SUMIFS(I$3:I$290,$AF$3:$AF$290,"*"&"Commercial"&"*",$E$3:$E$290,$E320,$AG$3:$AG$290,"Total",$AE$3:$AE$290,"Weekday")-SUMIFS(I$3:I$290,$AF$3:$AF$290,"*"&"Commercial"&"*",$E$3:$E$290,$E320,$AG$3:$AG$290,"<>"&"Total",$AE$3:$AE$290,"Weekday") -> 152599872 | J320: =SUMIFS(J$3:J$290,$AF$3:$AF$290,"*"&"Commercial"&"*",$E$3:$E$290,$E320,$AG$3:$AG$290,"Total",$AE$3:$AE$290,"Weekday")-SUMIFS(J$3:J$290,$AF$3:$AF$290,"*"&"Commercial"&"*",$E$3:$E$290,$E320,$AG$3:$AG$290,"<>"&"Total",$AE$3:$AE$290,"Weekday") -> 161432586 | K320: =SUMIFS(K$3:K$290,$AF$3:$AF$290,"*"&"Commercial"&"*",$E$3:$E$290,$E320,$AG$3:$AG$290,"Total",$AE$3:$AE$290,"Weekday")-SUMIFS(K$3:K$290,$AF$3:$AF$290,"*"&"Commercial"&"*",$E$3:$E$290,$E320,$AG$3:$AG$290,"<>"&"Total",$AE$3:$AE$290,"Weekday") -> 186755173 | L320: =SUMIFS(L$3:L$290,$AF$3:$AF$290,"*"&"Commercial"&"*",$E$3:$E$290,$E320,$AG$3:$AG$290,"Total",$AE$3:$AE$290,"Weekday")-SUMIFS(L$3:L$290,$AF$3:$AF$290,"*"&"Commercial"&"*",$E$3:$E$290,$E320,$AG$3:$AG$290,"<>"&"Total",$AE$3:$AE$290,"Weekday") -> 280657853 | M320: =SUMIFS(M$3:M$290,$AF$3:$AF$290,"*"&"Commercial"&"*",$E$3:$E$290,$E320,$AG$3:$AG$290,"Total",$AE$3:$AE$290,"Weekday")-SUMIFS(M$3:M$290,$AF$3:$AF$290,"*"&"Commercial"&"*",$E$3:$E$290,$E320,$AG$3:$AG$290,"<>"&"Total",$AE$3:$AE$290,"Weekday") -> 382226260 | ... AC320: =SUMIFS(AC$3:AC$290,$AF$3:$AF$290,"*"&"Commercial"&"*",$E$3:$E$290,$E320,$AG$3:$AG$290,"Total",$AE$3:$AE$290,"Weekday")-SUMIFS(AC$3:AC$290,$AF$3:$AF$290,"*"&"Commercial"&"*",$E$3:$E$290,$E320,$AG$3:$AG$290,"<>"&"Total",$AE$3:$AE$290,"Weekday") -> 175703161 | AD320: =IF(AND(E320>=3,E320<=5),"Spring",IF(AND(E320>=6,E320<=8),"Summer",IF(AND(E320>=9,E320<=10),"Fall","Winter"))) -> Summer | AE320: =INDEX('Category Mapping'!$B$2:$B$29,MATCH('Modified Source Data'!A320,'Category Mapping'!$A$2:$A$29,0)) -> Weekday | AF320: =INDEX('Category Mapping'!$C$2:$C$29,MATCH('Modified Source Data'!A320,'Category Mapping'!$A$2:$A$29,0)) -> Commercial | AG320: =INDEX('Category Mapping'!$D$2:$D$29,MATCH('Modified Source Data'!A320,'Category Mapping'!$A$2:$A$29,0)) -> Lighting
A321: Service_other_weekday | E321: 7 | F321: =SUMIFS(F$3:F$290,$AF$3:$AF$290,"*"&"Commercial"&"*",$E$3:$E$290,$E321,$AG$3:$AG$290,"Total",$AE$3:$AE$290,"Weekday")-SUMIFS(F$3:F$290,$AF$3:$AF$290,"*"&"Commercial"&"*",$E$3:$E$290,$E321,$AG$3:$AG$290,"<>"&"Total",$AE$3:$AE$290,"Weekday") -> 148089899 | G321: =SUMIFS(G$3:G$290,$AF$3:$AF$290,"*"&"Commercial"&"*",$E$3:$E$290,$E321,$AG$3:$AG$290,"Total",$AE$3:$AE$290,"Weekday")-SUMIFS(G$3:G$290,$AF$3:$AF$290,"*"&"Commercial"&"*",$E$3:$E$290,$E321,$AG$3:$AG$290,"<>"&"Total",$AE$3:$AE$290,"Weekday") -> 146744690 | H321: =SUMIFS(H$3:H$290,$AF$3:$AF$290,"*"&"Commercial"&"*",$E$3:$E$290,$E321,$AG$3:$AG$290,"Total",$AE$3:$AE$290,"Weekday")-SUMIFS(H$3:H$290,$AF$3:$AF$290,"*"&"Commercial"&"*",$E$3:$E$290,$E321,$AG$3:$AG$290,"<>"&"Total",$AE$3:$AE$290,"Weekday") -> 145979386 | I321: =SUMIFS(I$3:I$290,$AF$3:$AF$290,"*"&"Commercial"&"*",$E$3:$E$290,$E321,$AG$3:$AG$290,"Total",$AE$3:$AE$290,"Weekday")-SUMIFS(I$3:I$290,$AF$3:$AF$290,"*"&"Commercial"&"*",$E$3:$E$290,$E321,$AG$3:$AG$290,"<>"&"Total",$AE$3:$AE$290,"Weekday") -> 151983574 | J321: =SUMIFS(J$3:J$290,$AF$3:$AF$290,"*"&"Commercial"&"*",$E$3:$E$290,$E321,$AG$3:$AG$290,"Total",$AE$3:$AE$290,"Weekday")-SUMIFS(J$3:J$290,$AF$3:$AF$290,"*"&"Commercial"&"*",$E$3:$E$290,$E321,$AG$3:$AG$290,"<>"&"Total",$AE$3:$AE$290,"Weekday") -> 160682152 | K321: =SUMIFS(K$3:K$290,$AF$3:$AF$290,"*"&"Commercial"&"*",$E$3:$E$290,$E321,$AG$3:$AG$290,"Total",$AE$3:$AE$290,"Weekday")-SUMIFS(K$3:K$290,$AF$3:$AF$290,"*"&"Commercial"&"*",$E$3:$E$290,$E321,$AG$3:$AG$290,"<>"&"Total",$AE$3:$AE$290,"Weekday") -> 187628362 | L321: =SUMIFS(L$3:L$290,$AF$3:$AF$290,"*"&"Commercial"&"*",$E$3:$E$290,$E321,$AG$3:$AG$290,"Total",$AE$3:$AE$290,"Weekday")-SUMIFS(L$3:L$290,$AF$3:$AF$290,"*"&"Commercial"&"*",$E$3:$E$290,$E321,$AG$3:$AG$290,"<>"&"Total",$AE$3:$AE$290,"Weekday") -> 280579765 | M321: =SUMIFS(M$3:M$290,$AF$3:$AF$290,"*"&"Commercial"&"*",$E$3:$E$290,$E321,$AG$3:$AG$290,"Total",$AE$3:$AE$290,"Weekday")-SUMIFS(M$3:M$290,$AF$3:$AF$290,"*"&"Commercial"&"*",$E$3:$E$290,$E321,$AG$3:$AG$290,"<>"&"Total",$AE$3:$AE$290,"Weekday") -> 383007831 | ... AC321: =SUMIFS(AC$3:AC$290,$AF$3:$AF$290,"*"&"Commercial"&"*",$E$3:$E$290,$E321,$AG$3:$AG$290,"Total",$AE$3:$AE$290,"Weekday")-SUMIFS(AC$3:AC$290,$AF$3:$AF$290,"*"&"Commercial"&"*",$E$3:$E$290,$E321,$AG$3:$AG$290,"<>"&"Total",$AE$3:$AE$290,"Weekday") -> 175982403 | AD321: =IF(AND(E321>=3,E321<=5),"Spring",IF(AND(E321>=6,E321<=8),"Summer",IF(AND(E321>=9,E321<=10),"Fall","Winter"))) -> Summer | AE321: =INDEX('Category Mapping'!$B$2:$B$29,MATCH('Modified Source Data'!A321,'Category Mapping'!$A$2:$A$29,0)) -> Weekday | AF321: =INDEX('Category Mapping'!$C$2:$C$29,MATCH('Modified Source Data'!A321,'Category Mapping'!$A$2:$A$29,0)) -> Commercial | AG321: =INDEX('Category Mapping'!$D$2:$D$29,MATCH('Modified Source Data'!A321,'Category Mapping'!$A$2:$A$29,0)) -> Lighting
A322: Service_other_weekday | E322: 8 | F322: =SUMIFS(F$3:F$290,$AF$3:$AF$290,"*"&"Commercial"&"*",$E$3:$E$290,$E322,$AG$3:$AG$290,"Total",$AE$3:$AE$290,"Weekday")-SUMIFS(F$3:F$290,$AF$3:$AF$290,"*"&"Commercial"&"*",$E$3:$E$290,$E322,$AG$3:$AG$290,"<>"&"Total",$AE$3:$AE$290,"Weekday") -> 149080331 | G322: =SUMIFS(G$3:G$290,$AF$3:$AF$290,"*"&"Commercial"&"*",$E$3:$E$290,$E322,$AG$3:$AG$290,"Total",$AE$3:$AE$290,"Weekday")-SUMIFS(G$3:G$290,$AF$3:$AF$290,"*"&"Commercial"&"*",$E$3:$E$290,$E322,$AG$3:$AG$290,"<>"&"Total",$AE$3:$AE$290,"Weekday") -> 146735196 | H322: =SUMIFS(H$3:H$290,$AF$3:$AF$290,"*"&"Commercial"&"*",$E$3:$E$290,$E322,$AG$3:$AG$290,"Total",$AE$3:$AE$290,"Weekday")-SUMIFS(H$3:H$290,$AF$3:$AF$290,"*"&"Commercial"&"*",$E$3:$E$290,$E322,$AG$3:$AG$290,"<>"&"Total",$AE$3:$AE$290,"Weekday") -> 145969919 | I322: =SUMIFS(I$3:I$290,$AF$3:$AF$290,"*"&"Commercial"&"*",$E$3:$E$290,$E322,$AG$3:$AG$290,"Total",$AE$3:$AE$290,"Weekday")-SUMIFS(I$3:I$290,$AF$3:$AF$290,"*"&"Commercial"&"*",$E$3:$E$290,$E322,$AG$3:$AG$290,"<>"&"Total",$AE$3:$AE$290,"Weekday") -> 152974107 | J322: =SUMIFS(J$3:J$290,$AF$3:$AF$290,"*"&"Commercial"&"*",$E$3:$E$290,$E322,$AG$3:$AG$290,"Total",$AE$3:$AE$290,"Weekday")-SUMIFS(J$3:J$290,$AF$3:$AF$290,"*"&"Commercial"&"*",$E$3:$E$290,$E322,$AG$3:$AG$290,"<>"&"Total",$AE$3:$AE$290,"Weekday") -> 161672650 | K322: =SUMIFS(K$3:K$290,$AF$3:$AF$290,"*"&"Commercial"&"*",$E$3:$E$290,$E322,$AG$3:$AG$290,"Total",$AE$3:$AE$290,"Weekday")-SUMIFS(K$3:K$290,$AF$3:$AF$290,"*"&"Commercial"&"*",$E$3:$E$290,$E322,$AG$3:$AG$290,"<>"&"Total",$AE$3:$AE$290,"Weekday") -> 187618742 | L322: =SUMIFS(L$3:L$290,$AF$3:$AF$290,"*"&"Commercial"&"*",$E$3:$E$290,$E322,$AG$3:$AG$290,"Total",$AE$3:$AE$290,"Weekday")-SUMIFS(L$3:L$290,$AF$3:$AF$290,"*"&"Commercial"&"*",$E$3:$E$290,$E322,$AG$3:$AG$290,"<>"&"Total",$AE$3:$AE$290,"Weekday") -> 281569913 | M322: =SUMIFS(M$3:M$290,$AF$3:$AF$290,"*"&"Commercial"&"*",$E$3:$E$290,$E322,$AG$3:$AG$290,"Total",$AE$3:$AE$290,"Weekday")-SUMIFS(M$3:M$290,$AF$3:$AF$290,"*"&"Commercial"&"*",$E$3:$E$290,$E322,$AG$3:$AG$290,"<>"&"Total",$AE$3:$AE$290,"Weekday") -> 384997689 | ... AC322: =SUMIFS(AC$3:AC$290,$AF$3:$AF$290,"*"&"Commercial"&"*",$E$3:$E$290,$E322,$AG$3:$AG$290,"Total",$AE$3:$AE$290,"Weekday")-SUMIFS(AC$3:AC$290,$AF$3:$AF$290,"*"&"Commercial"&"*",$E$3:$E$290,$E322,$AG$3:$AG$290,"<>"&"Total",$AE$3:$AE$290,"Weekday") -> 175972709 | AD322: =IF(AND(E322>=3,E322<=5),"Spring",IF(AND(E322>=6,E322<=8),"Summer",IF(AND(E322>=9,E322<=10),"Fall","Winter"))) -> Summer | AE322: =INDEX('Category Mapping'!$B$2:$B$29,MATCH('Modified Source Data'!A322,'Category Mapping'!$A$2:$A$29,0)) -> Weekday | AF322: =INDEX('Category Mapping'!$C$2:$C$29,MATCH('Modified Source Data'!A322,'Category Mapping'!$A$2:$A$29,0)) -> Commercial | AG322: =INDEX('Category Mapping'!$D$2:$D$29,MATCH('Modified Source Data'!A322,'Category Mapping'!$A$2:$A$29,0)) -> Lighting
A323: Service_other_weekday | E323: 9 | F323: =SUMIFS(F$3:F$290,$AF$3:$AF$290,"*"&"Commercial"&"*",$E$3:$E$290,$E323,$AG$3:$AG$290,"Total",$AE$3:$AE$290,"Weekday")-SUMIFS(F$3:F$290,$AF$3:$AF$290,"*"&"Commercial"&"*",$E$3:$E$290,$E323,$AG$3:$AG$290,"<>"&"Total",$AE$3:$AE$290,"Weekday") -> 148397070 | G323: =SUMIFS(G$3:G$290,$AF$3:$AF$290,"*"&"Commercial"&"*",$E$3:$E$290,$E323,$AG$3:$AG$290,"Total",$AE$3:$AE$290,"Weekday")-SUMIFS(G$3:G$290,$AF$3:$AF$290,"*"&"Commercial"&"*",$E$3:$E$290,$E323,$AG$3:$AG$290,"<>"&"Total",$AE$3:$AE$290,"Weekday") -> 147345476 | H323: =SUMIFS(H$3:H$290,$AF$3:$AF$290,"*"&"Commercial"&"*",$E$3:$E$290,$E323,$AG$3:$AG$290,"Total",$AE$3:$AE$290,"Weekday")-SUMIFS(H$3:H$290,$AF$3:$AF$290,"*"&"Commercial"&"*",$E$3:$E$290,$E323,$AG$3:$AG$290,"<>"&"Total",$AE$3:$AE$290,"Weekday") -> 146825753 | I323: =SUMIFS(I$3:I$290,$AF$3:$AF$290,"*"&"Commercial"&"*",$E$3:$E$290,$E323,$AG$3:$AG$290,"Total",$AE$3:$AE$290,"Weekday")-SUMIFS(I$3:I$290,$AF$3:$AF$290,"*"&"Commercial"&"*",$E$3:$E$290,$E323,$AG$3:$AG$290,"<>"&"Total",$AE$3:$AE$290,"Weekday") -> 153374107 | J323: =SUMIFS(J$3:J$290,$AF$3:$AF$290,"*"&"Commercial"&"*",$E$3:$E$290,$E323,$AG$3:$AG$290,"Total",$AE$3:$AE$290,"Weekday")-SUMIFS(J$3:J$290,$AF$3:$AF$290,"*"&"Commercial"&"*",$E$3:$E$290,$E323,$AG$3:$AG$290,"<>"&"Total",$AE$3:$AE$290,"Weekday") -> 162165949 | K323: =SUMIFS(K$3:K$290,$AF$3:$AF$290,"*"&"Commercial"&"*",$E$3:$E$290,$E323,$AG$3:$AG$290,"Total",$AE$3:$AE$290,"Weekday")-SUMIFS(K$3:K$290,$AF$3:$AF$290,"*"&"Commercial"&"*",$E$3:$E$290,$E323,$AG$3:$AG$290,"<>"&"Total",$AE$3:$AE$290,"Weekday") -> 188608453 | L323: =SUMIFS(L$3:L$290,$AF$3:$AF$290,"*"&"Commercial"&"*",$E$3:$E$290,$E323,$AG$3:$AG$290,"Total",$AE$3:$AE$290,"Weekday")-SUMIFS(L$3:L$290,$AF$3:$AF$290,"*"&"Commercial"&"*",$E$3:$E$290,$E323,$AG$3:$AG$290,"<>"&"Total",$AE$3:$AE$290,"Weekday") -> 282183489 | M323: =SUMIFS(M$3:M$290,$AF$3:$AF$290,"*"&"Commercial"&"*",$E$3:$E$290,$E323,$AG$3:$AG$290,"Total",$AE$3:$AE$290,"Weekday")-SUMIFS(M$3:M$290,$AF$3:$AF$290,"*"&"Commercial"&"*",$E$3:$E$290,$E323,$AG$3:$AG$290,"<>"&"Total",$AE$3:$AE$290,"Weekday") -> 386662975 | ... AC323: =SUMIFS(AC$3:AC$290,$AF$3:$AF$290,"*"&"Commercial"&"*",$E$3:$E$290,$E323,$AG$3:$AG$290,"Total",$AE$3:$AE$290,"Weekday")-SUMIFS(AC$3:AC$290,$AF$3:$AF$290,"*"&"Commercial"&"*",$E$3:$E$290,$E323,$AG$3:$AG$290,"<>"&"Total",$AE$3:$AE$290,"Weekday") -> 176463200 | AD323: =IF(AND(E323>=3,E323<=5),"Spring",IF(AND(E323>=6,E323<=8),"Summer",IF(AND(E323>=9,E323<=10),"Fall","Winter"))) -> Fall | AE323: =INDEX('Category Mapping'!$B$2:$B$29,MATCH('Modified Source Data'!A323,'Category Mapping'!$A$2:$A$29,0)) -> Weekday | AF323: =INDEX('Category Mapping'!$C$2:$C$29,MATCH('Modified Source Data'!A323,'Category Mapping'!$A$2:$A$29,0)) -> Commercial | AG323: =INDEX('Category Mapping'!$D$2:$D$29,MATCH('Modified Source Data'!A323,'Category Mapping'!$A$2:$A$29,0)) -> Lighting
A324: Service_other_weekday | E324: 10 | F324: =SUMIFS(F$3:F$290,$AF$3:$AF$290,"*"&"Commercial"&"*",$E$3:$E$290,$E324,$AG$3:$AG$290,"Total",$AE$3:$AE$290,"Weekday")-SUMIFS(F$3:F$290,$AF$3:$AF$290,"*"&"Commercial"&"*",$E$3:$E$290,$E324,$AG$3:$AG$290,"<>"&"Total",$AE$3:$AE$290,"Weekday") -> 149362406 | G324: =SUMIFS(G$3:G$290,$AF$3:$AF$290,"*"&"Commercial"&"*",$E$3:$E$290,$E324,$AG$3:$AG$290,"Total",$AE$3:$AE$290,"Weekday")-SUMIFS(G$3:G$290,$AF$3:$AF$290,"*"&"Commercial"&"*",$E$3:$E$290,$E324,$AG$3:$AG$290,"<>"&"Total",$AE$3:$AE$290,"Weekday") -> 147602380 | H324: =SUMIFS(H$3:H$290,$AF$3:$AF$290,"*"&"Commercial"&"*",$E$3:$E$290,$E324,$AG$3:$AG$290,"Total",$AE$3:$AE$290,"Weekday")-SUMIFS(H$3:H$290,$AF$3:$AF$290,"*"&"Commercial"&"*",$E$3:$E$290,$E324,$AG$3:$AG$290,"<>"&"Total",$AE$3:$AE$290,"Weekday") -> 146807669 | I324: =SUMIFS(I$3:I$290,$AF$3:$AF$290,"*"&"Commercial"&"*",$E$3:$E$290,$E324,$AG$3:$AG$290,"Total",$AE$3:$AE$290,"Weekday")-SUMIFS(I$3:I$290,$AF$3:$AF$290,"*"&"Commercial"&"*",$E$3:$E$290,$E324,$AG$3:$AG$290,"<>"&"Total",$AE$3:$AE$290,"Weekday") -> 153629447 | J324: =SUMIFS(J$3:J$290,$AF$3:$AF$290,"*"&"Commercial"&"*",$E$3:$E$290,$E324,$AG$3:$AG$290,"Total",$AE$3:$AE$290,"Weekday")-SUMIFS(J$3:J$290,$AF$3:$AF$290,"*"&"Commercial"&"*",$E$3:$E$290,$E324,$AG$3:$AG$290,"<>"&"Total",$AE$3:$AE$290,"Weekday") -> 162679392 | K324: =SUMIFS(K$3:K$290,$AF$3:$AF$290,"*"&"Commercial"&"*",$E$3:$E$290,$E324,$AG$3:$AG$290,"Total",$AE$3:$AE$290,"Weekday")-SUMIFS(K$3:K$290,$AF$3:$AF$290,"*"&"Commercial"&"*",$E$3:$E$290,$E324,$AG$3:$AG$290,"<>"&"Total",$AE$3:$AE$290,"Weekday") -> 188907449 | L324: =SUMIFS(L$3:L$290,$AF$3:$AF$290,"*"&"Commercial"&"*",$E$3:$E$290,$E324,$AG$3:$AG$290,"Total",$AE$3:$AE$290,"Weekday")-SUMIFS(L$3:L$290,$AF$3:$AF$290,"*"&"Commercial"&"*",$E$3:$E$290,$E324,$AG$3:$AG$290,"<>"&"Total",$AE$3:$AE$290,"Weekday") -> 283976903 | M324: =SUMIFS(M$3:M$290,$AF$3:$AF$290,"*"&"Commercial"&"*",$E$3:$E$290,$E324,$AG$3:$AG$290,"Total",$AE$3:$AE$290,"Weekday")-SUMIFS(M$3:M$290,$AF$3:$AF$290,"*"&"Commercial"&"*",$E$3:$E$290,$E324,$AG$3:$AG$290,"<>"&"Total",$AE$3:$AE$290,"Weekday") -> 389308985 | ... AC324: =SUMIFS(AC$3:AC$290,$AF$3:$AF$290,"*"&"Commercial"&"*",$E$3:$E$290,$E324,$AG$3:$AG$290,"Total",$AE$3:$AE$290,"Weekday")-SUMIFS(AC$3:AC$290,$AF$3:$AF$290,"*"&"Commercial"&"*",$E$3:$E$290,$E324,$AG$3:$AG$290,"<>"&"Total",$AE$3:$AE$290,"Weekday") -> 176414081 | AD324: =IF(AND(E324>=3,E324<=5),"Spring",IF(AND(E324>=6,E324<=8),"Summer",IF(AND(E324>=9,E324<=10),"Fall","Winter"))) -> Fall | AE324: =INDEX('Category Mapping'!$B$2:$B$29,MATCH('Modified Source Data'!A324,'Category Mapping'!$A$2:$A$29,0)) -> Weekday | AF324: =INDEX('Category Mapping'!$C$2:$C$29,MATCH('Modified Source Data'!A324,'Category Mapping'!$A$2:$A$29,0)) -> Commercial | AG324: =INDEX('Category Mapping'!$D$2:$D$29,MATCH('Modified Source Data'!A324,'Category Mapping'!$A$2:$A$29,0)) -> Lighting
A325: Service_other_weekday | E325: 11 | F325: =SUMIFS(F$3:F$290,$AF$3:$AF$290,"*"&"Commercial"&"*",$E$3:$E$290,$E325,$AG$3:$AG$290,"Total",$AE$3:$AE$290,"Weekday")-SUMIFS(F$3:F$290,$AF$3:$AF$290,"*"&"Commercial"&"*",$E$3:$E$290,$E325,$AG$3:$AG$290,"<>"&"Total",$AE$3:$AE$290,"Weekday") -> 149807537 | G325: =SUMIFS(G$3:G$290,$AF$3:$AF$290,"*"&"Commercial"&"*",$E$3:$E$290,$E325,$AG$3:$AG$290,"Total",$AE$3:$AE$290,"Weekday")-SUMIFS(G$3:G$290,$AF$3:$AF$290,"*"&"Commercial"&"*",$E$3:$E$290,$E325,$AG$3:$AG$290,"<>"&"Total",$AE$3:$AE$290,"Weekday") -> 147724140 | H325: =SUMIFS(H$3:H$290,$AF$3:$AF$290,"*"&"Commercial"&"*",$E$3:$E$290,$E325,$AG$3:$AG$290,"Total",$AE$3:$AE$290,"Weekday")-SUMIFS(H$3:H$290,$AF$3:$AF$290,"*"&"Commercial"&"*",$E$3:$E$290,$E325,$AG$3:$AG$290,"<>"&"Total",$AE$3:$AE$290,"Weekday") -> 147653102 | I325: =SUMIFS(I$3:I$290,$AF$3:$AF$290,"*"&"Commercial"&"*",$E$3:$E$290,$E325,$AG$3:$AG$290,"Total",$AE$3:$AE$290,"Weekday")-SUMIFS(I$3:I$290,$AF$3:$AF$290,"*"&"Commercial"&"*",$E$3:$E$290,$E325,$AG$3:$AG$290,"<>"&"Total",$AE$3:$AE$290,"Weekday") -> 154260614 | J325: =SUMIFS(J$3:J$290,$AF$3:$AF$290,"*"&"Commercial"&"*",$E$3:$E$290,$E325,$AG$3:$AG$290,"Total",$AE$3:$AE$290,"Weekday")-SUMIFS(J$3:J$290,$AF$3:$AF$290,"*"&"Commercial"&"*",$E$3:$E$290,$E325,$AG$3:$AG$290,"<>"&"Total",$AE$3:$AE$290,"Weekday") -> 163342354 | K325: =SUMIFS(K$3:K$290,$AF$3:$AF$290,"*"&"Commercial"&"*",$E$3:$E$290,$E325,$AG$3:$AG$290,"Total",$AE$3:$AE$290,"Weekday")-SUMIFS(K$3:K$290,$AF$3:$AF$290,"*"&"Commercial"&"*",$E$3:$E$290,$E325,$AG$3:$AG$290,"<>"&"Total",$AE$3:$AE$290,"Weekday") -> 190575252 | L325: =SUMIFS(L$3:L$290,$AF$3:$AF$290,"*"&"Commercial"&"*",$E$3:$E$290,$E325,$AG$3:$AG$290,"Total",$AE$3:$AE$290,"Weekday")-SUMIFS(L$3:L$290,$AF$3:$AF$290,"*"&"Commercial"&"*",$E$3:$E$290,$E325,$AG$3:$AG$290,"<>"&"Total",$AE$3:$AE$290,"Weekday") -> 285817341 | M325: =SUMIFS(M$3:M$290,$AF$3:$AF$290,"*"&"Commercial"&"*",$E$3:$E$290,$E325,$AG$3:$AG$290,"Total",$AE$3:$AE$290,"Weekday")-SUMIFS(M$3:M$290,$AF$3:$AF$290,"*"&"Commercial"&"*",$E$3:$E$290,$E325,$AG$3:$AG$290,"<>"&"Total",$AE$3:$AE$290,"Weekday") -> 392244495 | ... AC325: =SUMIFS(AC$3:AC$290,$AF$3:$AF$290,"*"&"Commercial"&"*",$E$3:$E$290,$E325,$AG$3:$AG$290,"Total",$AE$3:$AE$290,"Weekday")-SUMIFS(AC$3:AC$290,$AF$3:$AF$290,"*"&"Commercial"&"*",$E$3:$E$290,$E325,$AG$3:$AG$290,"<>"&"Total",$AE$3:$AE$290,"Weekday") -> 177854441 | AD325: =IF(AND(E325>=3,E325<=5),"Spring",IF(AND(E325>=6,E325<=8),"Summer",IF(AND(E325>=9,E325<=10),"Fall","Winter"))) -> Winter | AE325: =INDEX('Category Mapping'!$B$2:$B$29,MATCH('Modified Source Data'!A325,'Category Mapping'!$A$2:$A$29,0)) -> Weekday | AF325: =INDEX('Category Mapping'!$C$2:$C$29,MATCH('Modified Source Data'!A325,'Category Mapping'!$A$2:$A$29,0)) -> Commercial | AG325: =INDEX('Category Mapping'!$D$2:$D$29,MATCH('Modified Source Data'!A325,'Category Mapping'!$A$2:$A$29,0)) -> Lighting
A326: Service_other_weekday | E326: 12 | F326: =SUMIFS(F$3:F$290,$AF$3:$AF$290,"*"&"Commercial"&"*",$E$3:$E$290,$E326,$AG$3:$AG$290,"Total",$AE$3:$AE$290,"Weekday")-SUMIFS(F$3:F$290,$AF$3:$AF$290,"*"&"Commercial"&"*",$E$3:$E$290,$E326,$AG$3:$AG$290,"<>"&"Total",$AE$3:$AE$290,"Weekday") -> 149725499 | G326: =SUMIFS(G$3:G$290,$AF$3:$AF$290,"*"&"Commercial"&"*",$E$3:$E$290,$E326,$AG$3:$AG$290,"Total",$AE$3:$AE$290,"Weekday")-SUMIFS(G$3:G$290,$AF$3:$AF$290,"*"&"Commercial"&"*",$E$3:$E$290,$E326,$AG$3:$AG$290,"<>"&"Total",$AE$3:$AE$290,"Weekday") -> 148197125 | H326: =SUMIFS(H$3:H$290,$AF$3:$AF$290,"*"&"Commercial"&"*",$E$3:$E$290,$E326,$AG$3:$AG$290,"Total",$AE$3:$AE$290,"Weekday")-SUMIFS(H$3:H$290,$AF$3:$AF$290,"*"&"Commercial"&"*",$E$3:$E$290,$E326,$AG$3:$AG$290,"<>"&"Total",$AE$3:$AE$290,"Weekday") -> 148081387 | I326: =SUMIFS(I$3:I$290,$AF$3:$AF$290,"*"&"Commercial"&"*",$E$3:$E$290,$E326,$AG$3:$AG$290,"Total",$AE$3:$AE$290,"Weekday")-SUMIFS(I$3:I$290,$AF$3:$AF$290,"*"&"Commercial"&"*",$E$3:$E$290,$E326,$AG$3:$AG$290,"<>"&"Total",$AE$3:$AE$290,"Weekday") -> 154288866 | J326: =SUMIFS(J$3:J$290,$AF$3:$AF$290,"*"&"Commercial"&"*",$E$3:$E$290,$E326,$AG$3:$AG$290,"Total",$AE$3:$AE$290,"Weekday")-SUMIFS(J$3:J$290,$AF$3:$AF$290,"*"&"Commercial"&"*",$E$3:$E$290,$E326,$AG$3:$AG$290,"<>"&"Total",$AE$3:$AE$290,"Weekday") -> 164096954 | K326: =SUMIFS(K$3:K$290,$AF$3:$AF$290,"*"&"Commercial"&"*",$E$3:$E$290,$E326,$AG$3:$AG$290,"Total",$AE$3:$AE$290,"Weekday")-SUMIFS(K$3:K$290,$AF$3:$AF$290,"*"&"Commercial"&"*",$E$3:$E$290,$E326,$AG$3:$AG$290,"<>"&"Total",$AE$3:$AE$290,"Weekday") -> 191275368 | L326: =SUMIFS(L$3:L$290,$AF$3:$AF$290,"*"&"Commercial"&"*",$E$3:$E$290,$E326,$AG$3:$AG$290,"Total",$AE$3:$AE$290,"Weekday")-SUMIFS(L$3:L$290,$AF$3:$AF$290,"*"&"Commercial"&"*",$E$3:$E$290,$E326,$AG$3:$AG$290,"<>"&"Total",$AE$3:$AE$290,"Weekday") -> 286626355 | M326: =SUMIFS(M$3:M$290,$AF$3:$AF$290,"*"&"Commercial"&"*",$E$3:$E$290,$E326,$AG$3:$AG$290,"Total",$AE$3:$AE$290,"Weekday")-SUMIFS(M$3:M$290,$AF$3:$AF$290,"*"&"Commercial"&"*",$E$3:$E$290,$E326,$AG$3:$AG$290,"<>"&"Total",$AE$3:$AE$290,"Weekday") -> 393241170 | ... AC326: =SUMIFS(AC$3:AC$290,$AF$3:$AF$290,"*"&"Commercial"&"*",$E$3:$E$290,$E326,$AG$3:$AG$290,"Total",$AE$3:$AE$290,"Weekday")-SUMIFS(AC$3:AC$290,$AF$3:$AF$290,"*"&"Commercial"&"*",$E$3:$E$290,$E326,$AG$3:$AG$290,"<>"&"Total",$AE$3:$AE$290,"Weekday") -> 178011926 | AD326: =IF(AND(E326>=3,E326<=5),"Spring",IF(AND(E326>=6,E326<=8),"Summer",IF(AND(E326>=9,E326<=10),"Fall","Winter"))) -> Winter | AE326: =INDEX('Category Mapping'!$B$2:$B$29,MATCH('Modified Source Data'!A326,'Category Mapping'!$A$2:$A$29,0)) -> Weekday | AF326: =INDEX('Category Mapping'!$C$2:$C$29,MATCH('Modified Source Data'!A326,'Category Mapping'!$A$2:$A$29,0)) -> Commercial | AG326: =INDEX('Category Mapping'!$D$2:$D$29,MATCH('Modified Source Data'!A326,'Category Mapping'!$A$2:$A$29,0)) -> Lighting
A327: Service_other_weekend | E327: 1 | F327: =SUMIFS(F$3:F$290,$AF$3:$AF$290,"*"&"Commercial"&"*",$E$3:$E$290,$E327,$AG$3:$AG$290,"Total",$AE$3:$AE$290,"Weekend")-SUMIFS(F$3:F$290,$AF$3:$AF$290,"*"&"Commercial"&"*",$E$3:$E$290,$E327,$AG$3:$AG$290,"<>"&"Total",$AE$3:$AE$290,"Weekend") -> 76305525 | G327: =SUMIFS(G$3:G$290,$AF$3:$AF$290,"*"&"Commercial"&"*",$E$3:$E$290,$E327,$AG$3:$AG$290,"Total",$AE$3:$AE$290,"Weekend")-SUMIFS(G$3:G$290,$AF$3:$AF$290,"*"&"Commercial"&"*",$E$3:$E$290,$E327,$AG$3:$AG$290,"<>"&"Total",$AE$3:$AE$290,"Weekend") -> 67001808 | H327: =SUMIFS(H$3:H$290,$AF$3:$AF$290,"*"&"Commercial"&"*",$E$3:$E$290,$E327,$AG$3:$AG$290,"Total",$AE$3:$AE$290,"Weekend")-SUMIFS(H$3:H$290,$AF$3:$AF$290,"*"&"Commercial"&"*",$E$3:$E$290,$E327,$AG$3:$AG$290,"<>"&"Total",$AE$3:$AE$290,"Weekend") -> 66216697 | I327: =SUMIFS(I$3:I$290,$AF$3:$AF$290,"*"&"Commercial"&"*",$E$3:$E$290,$E327,$AG$3:$AG$290,"Total",$AE$3:$AE$290,"Weekend")-SUMIFS(I$3:I$290,$AF$3:$AF$290,"*"&"Commercial"&"*",$E$3:$E$290,$E327,$AG$3:$AG$290,"<>"&"Total",$AE$3:$AE$290,"Weekend") -> 66918284 | J327: =SUMIFS(J$3:J$290,$AF$3:$AF$290,"*"&"Commercial"&"*",$E$3:$E$290,$E327,$AG$3:$AG$290,"Total",$AE$3:$AE$290,"Weekend")-SUMIFS(J$3:J$290,$AF$3:$AF$290,"*"&"Commercial"&"*",$E$3:$E$290,$E327,$AG$3:$AG$290,"<>"&"Total",$AE$3:$AE$290,"Weekend") -> 67753076 | K327: =SUMIFS(K$3:K$290,$AF$3:$AF$290,"*"&"Commercial"&"*",$E$3:$E$290,$E327,$AG$3:$AG$290,"Total",$AE$3:$AE$290,"Weekend")-SUMIFS(K$3:K$290,$AF$3:$AF$290,"*"&"Commercial"&"*",$E$3:$E$290,$E327,$AG$3:$AG$290,"<>"&"Total",$AE$3:$AE$290,"Weekend") -> 72189263 | L327: =SUMIFS(L$3:L$290,$AF$3:$AF$290,"*"&"Commercial"&"*",$E$3:$E$290,$E327,$AG$3:$AG$290,"Total",$AE$3:$AE$290,"Weekend")-SUMIFS(L$3:L$290,$AF$3:$AF$290,"*"&"Commercial"&"*",$E$3:$E$290,$E327,$AG$3:$AG$290,"<>"&"Total",$AE$3:$AE$290,"Weekend") -> 80403759 | M327: =SUMIFS(M$3:M$290,$AF$3:$AF$290,"*"&"Commercial"&"*",$E$3:$E$290,$E327,$AG$3:$AG$290,"Total",$AE$3:$AE$290,"Weekend")-SUMIFS(M$3:M$290,$AF$3:$AF$290,"*"&"Commercial"&"*",$E$3:$E$290,$E327,$AG$3:$AG$290,"<>"&"Total",$AE$3:$AE$290,"Weekend") -> 101384569 | ... AC327: =SUMIFS(AC$3:AC$290,$AF$3:$AF$290,"*"&"Commercial"&"*",$E$3:$E$290,$E327,$AG$3:$AG$290,"Total",$AE$3:$AE$290,"Weekend")-SUMIFS(AC$3:AC$290,$AF$3:$AF$290,"*"&"Commercial"&"*",$E$3:$E$290,$E327,$AG$3:$AG$290,"<>"&"Total",$AE$3:$AE$290,"Weekend") -> 74662161 | AD327: =IF(AND(E327>=3,E327<=5),"Spring",IF(AND(E327>=6,E327<=8),"Summer",IF(AND(E327>=9,E327<=10),"Fall","Winter"))) -> Winter | AE327: =INDEX('Category Mapping'!$B$2:$B$29,MATCH('Modified Source Data'!A327,'Category Mapping'!$A$2:$A$29,0)) -> Weekend | AF327: =INDEX('Category Mapping'!$C$2:$C$29,MATCH('Modified Source Data'!A327,'Category Mapping'!$A$2:$A$29,0)) -> Commercial | AG327: =INDEX('Category Mapping'!$D$2:$D$29,MATCH('Modified Source Data'!A327,'Category Mapping'!$A$2:$A$29,0)) -> Lighting
A328: Service_other_weekend | E328: 2 | F328: =SUMIFS(F$3:F$290,$AF$3:$AF$290,"*"&"Commercial"&"*",$E$3:$E$290,$E328,$AG$3:$AG$290,"Total",$AE$3:$AE$290,"Weekend")-SUMIFS(F$3:F$290,$AF$3:$AF$290,"*"&"Commercial"&"*",$E$3:$E$290,$E328,$AG$3:$AG$290,"<>"&"Total",$AE$3:$AE$290,"Weekend") -> 76118358 | G328: =SUMIFS(G$3:G$290,$AF$3:$AF$290,"*"&"Commercial"&"*",$E$3:$E$290,$E328,$AG$3:$AG$290,"Total",$AE$3:$AE$290,"Weekend")-SUMIFS(G$3:G$290,$AF$3:$AF$290,"*"&"Commercial"&"*",$E$3:$E$290,$E328,$AG$3:$AG$290,"<>"&"Total",$AE$3:$AE$290,"Weekend") -> 66756516 | H328: =SUMIFS(H$3:H$290,$AF$3:$AF$290,"*"&"Commercial"&"*",$E$3:$E$290,$E328,$AG$3:$AG$290,"Total",$AE$3:$AE$290,"Weekend")-SUMIFS(H$3:H$290,$AF$3:$AF$290,"*"&"Commercial"&"*",$E$3:$E$290,$E328,$AG$3:$AG$290,"<>"&"Total",$AE$3:$AE$290,"Weekend") -> 66082764 | I328: =SUMIFS(I$3:I$290,$AF$3:$AF$290,"*"&"Commercial"&"*",$E$3:$E$290,$E328,$AG$3:$AG$290,"Total",$AE$3:$AE$290,"Weekend")-SUMIFS(I$3:I$290,$AF$3:$AF$290,"*"&"Commercial"&"*",$E$3:$E$290,$E328,$AG$3:$AG$290,"<>"&"Total",$AE$3:$AE$290,"Weekend") -> 66680262 | J328: =SUMIFS(J$3:J$290,$AF$3:$AF$290,"*"&"Commercial"&"*",$E$3:$E$290,$E328,$AG$3:$AG$290,"Total",$AE$3:$AE$290,"Weekend")-SUMIFS(J$3:J$290,$AF$3:$AF$290,"*"&"Commercial"&"*",$E$3:$E$290,$E328,$AG$3:$AG$290,"<>"&"Total",$AE$3:$AE$290,"Weekend") -> 67611920 | K328: =SUMIFS(K$3:K$290,$AF$3:$AF$290,"*"&"Commercial"&"*",$E$3:$E$290,$E328,$AG$3:$AG$290,"Total",$AE$3:$AE$290,"Weekend")-SUMIFS(K$3:K$290,$AF$3:$AF$290,"*"&"Commercial"&"*",$E$3:$E$290,$E328,$AG$3:$AG$290,"<>"&"Total",$AE$3:$AE$290,"Weekend") -> 71886840 | L328: =SUMIFS(L$3:L$290,$AF$3:$AF$290,"*"&"Commercial"&"*",$E$3:$E$290,$E328,$AG$3:$AG$290,"Total",$AE$3:$AE$290,"Weekend")-SUMIFS(L$3:L$290,$AF$3:$AF$290,"*"&"Commercial"&"*",$E$3:$E$290,$E328,$AG$3:$AG$290,"<>"&"Total",$AE$3:$AE$290,"Weekend") -> 80166853 | M328: =SUMIFS(M$3:M$290,$AF$3:$AF$290,"*"&"Commercial"&"*",$E$3:$E$290,$E328,$AG$3:$AG$290,"Total",$AE$3:$AE$290,"Weekend")-SUMIFS(M$3:M$290,$AF$3:$AF$290,"*"&"Commercial"&"*",$E$3:$E$290,$E328,$AG$3:$AG$290,"<>"&"Total",$AE$3:$AE$290,"Weekend") -> 100591091 | ... AC328: =SUMIFS(AC$3:AC$290,$AF$3:$AF$290,"*"&"Commercial"&"*",$E$3:$E$290,$E328,$AG$3:$AG$290,"Total",$AE$3:$AE$290,"Weekend")-SUMIFS(AC$3:AC$290,$AF$3:$AF$290,"*"&"Commercial"&"*",$E$3:$E$290,$E328,$AG$3:$AG$290,"<>"&"Total",$AE$3:$AE$290,"Weekend") -> 74428926 | AD328: =IF(AND(E328>=3,E328<=5),"Spring",IF(AND(E328>=6,E328<=8),"Summer",IF(AND(E328>=9,E328<=10),"Fall","Winter"))) -> Winter | AE328: =INDEX('Category Mapping'!$B$2:$B$29,MATCH('Modified Source Data'!A328,'Category Mapping'!$A$2:$A$29,0)) -> Weekend | AF328: =INDEX('Category Mapping'!$C$2:$C$29,MATCH('Modified Source Data'!A328,'Category Mapping'!$A$2:$A$29,0)) -> Commercial | AG328: =INDEX('Category Mapping'!$D$2:$D$29,MATCH('Modified Source Data'!A328,'Category Mapping'!$A$2:$A$29,0)) -> Lighting
A329: Service_other_weekend | E329: 3 | F329: =SUMIFS(F$3:F$290,$AF$3:$AF$290,"*"&"Commercial"&"*",$E$3:$E$290,$E329,$AG$3:$AG$290,"Total",$AE$3:$AE$290,"Weekend")-SUMIFS(F$3:F$290,$AF$3:$AF$290,"*"&"Commercial"&"*",$E$3:$E$290,$E329,$AG$3:$AG$290,"<>"&"Total",$AE$3:$AE$290,"Weekend") -> 75895790 | G329: =SUMIFS(G$3:G$290,$AF$3:$AF$290,"*"&"Commercial"&"*",$E$3:$E$290,$E329,$AG$3:$AG$290,"Total",$AE$3:$AE$290,"Weekend")-SUMIFS(G$3:G$290,$AF$3:$AF$290,"*"&"Commercial"&"*",$E$3:$E$290,$E329,$AG$3:$AG$290,"<>"&"Total",$AE$3:$AE$290,"Weekend") -> 66542124 | H329: =SUMIFS(H$3:H$290,$AF$3:$AF$290,"*"&"Commercial"&"*",$E$3:$E$290,$E329,$AG$3:$AG$290,"Total",$AE$3:$AE$290,"Weekend")-SUMIFS(H$3:H$290,$AF$3:$AF$290,"*"&"Commercial"&"*",$E$3:$E$290,$E329,$AG$3:$AG$290,"<>"&"Total",$AE$3:$AE$290,"Weekend") -> 65835771 | I329: =SUMIFS(I$3:I$290,$AF$3:$AF$290,"*"&"Commercial"&"*",$E$3:$E$290,$E329,$AG$3:$AG$290,"Total",$AE$3:$AE$290,"Weekend")-SUMIFS(I$3:I$290,$AF$3:$AF$290,"*"&"Commercial"&"*",$E$3:$E$290,$E329,$AG$3:$AG$290,"<>"&"Total",$AE$3:$AE$290,"Weekend") -> 66487464 | J329: =SUMIFS(J$3:J$290,$AF$3:$AF$290,"*"&"Commercial"&"*",$E$3:$E$290,$E329,$AG$3:$AG$290,"Total",$AE$3:$AE$290,"Weekend")-SUMIFS(J$3:J$290,$AF$3:$AF$290,"*"&"Commercial"&"*",$E$3:$E$290,$E329,$AG$3:$AG$290,"<>"&"Total",$AE$3:$AE$290,"Weekend") -> 67314438 | K329: =SUMIFS(K$3:K$290,$AF$3:$AF$290,"*"&"Commercial"&"*",$E$3:$E$290,$E329,$AG$3:$AG$290,"Total",$AE$3:$AE$290,"Weekend")-SUMIFS(K$3:K$290,$AF$3:$AF$290,"*"&"Commercial"&"*",$E$3:$E$290,$E329,$AG$3:$AG$290,"<>"&"Total",$AE$3:$AE$290,"Weekend") -> 71700543 | L329: =SUMIFS(L$3:L$290,$AF$3:$AF$290,"*"&"Commercial"&"*",$E$3:$E$290,$E329,$AG$3:$AG$290,"Total",$AE$3:$AE$290,"Weekend")-SUMIFS(L$3:L$290,$AF$3:$AF$290,"*"&"Commercial"&"*",$E$3:$E$290,$E329,$AG$3:$AG$290,"<>"&"Total",$AE$3:$AE$290,"Weekend") -> 79763420 | M329: =SUMIFS(M$3:M$290,$AF$3:$AF$290,"*"&"Commercial"&"*",$E$3:$E$290,$E329,$AG$3:$AG$290,"Total",$AE$3:$AE$290,"Weekend")-SUMIFS(M$3:M$290,$AF$3:$AF$290,"*"&"Commercial"&"*",$E$3:$E$290,$E329,$AG$3:$AG$290,"<>"&"Total",$AE$3:$AE$290,"Weekend") -> 99906786 | ... AC329: =SUMIFS(AC$3:AC$290,$AF$3:$AF$290,"*"&"Commercial"&"*",$E$3:$E$290,$E329,$AG$3:$AG$290,"Total",$AE$3:$AE$290,"Weekend")-SUMIFS(AC$3:AC$290,$AF$3:$AF$290,"*"&"Commercial"&"*",$E$3:$E$290,$E329,$AG$3:$AG$290,"<>"&"Total",$AE$3:$AE$290,"Weekend") -> 74147383 | AD329: =IF(AND(E329>=3,E329<=5),"Spring",IF(AND(E329>=6,E329<=8),"Summer",IF(AND(E329>=9,E329<=10),"Fall","Winter"))) -> Spring | AE329: =INDEX('Category Mapping'!$B$2:$B$29,MATCH('Modified Source Data'!A329,'Category Mapping'!$A$2:$A$29,0)) -> Weekend | AF329: =INDEX('Category Mapping'!$C$2:$C$29,MATCH('Modified Source Data'!A329,'Category Mapping'!$A$2:$A$29,0)) -> Commercial | AG329: =INDEX('Category Mapping'!$D$2:$D$29,MATCH('Modified Source Data'!A329,'Category Mapping'!$A$2:$A$29,0)) -> Lighting
A330: Service_other_weekend | E330: 4 | F330: =SUMIFS(F$3:F$290,$AF$3:$AF$290,"*"&"Commercial"&"*",$E$3:$E$290,$E330,$AG$3:$AG$290,"Total",$AE$3:$AE$290,"Weekend")-SUMIFS(F$3:F$290,$AF$3:$AF$290,"*"&"Commercial"&"*",$E$3:$E$290,$E330,$AG$3:$AG$290,"<>"&"Total",$AE$3:$AE$290,"Weekend") -> 75719206 | G330: =SUMIFS(G$3:G$290,$AF$3:$AF$290,"*"&"Commercial"&"*",$E$3:$E$290,$E330,$AG$3:$AG$290,"Total",$AE$3:$AE$290,"Weekend")-SUMIFS(G$3:G$290,$AF$3:$AF$290,"*"&"Commercial"&"*",$E$3:$E$290,$E330,$AG$3:$AG$290,"<>"&"Total",$AE$3:$AE$290,"Weekend") -> 66366562 | H330: =SUMIFS(H$3:H$290,$AF$3:$AF$290,"*"&"Commercial"&"*",$E$3:$E$290,$E330,$AG$3:$AG$290,"Total",$AE$3:$AE$290,"Weekend")-SUMIFS(H$3:H$290,$AF$3:$AF$290,"*"&"Commercial"&"*",$E$3:$E$290,$E330,$AG$3:$AG$290,"<>"&"Total",$AE$3:$AE$290,"Weekend") -> 65647189 | I330: =SUMIFS(I$3:I$290,$AF$3:$AF$290,"*"&"Commercial"&"*",$E$3:$E$290,$E330,$AG$3:$AG$290,"Total",$AE$3:$AE$290,"Weekend")-SUMIFS(I$3:I$290,$AF$3:$AF$290,"*"&"Commercial"&"*",$E$3:$E$290,$E330,$AG$3:$AG$290,"<>"&"Total",$AE$3:$AE$290,"Weekend") -> 66367254 | J330: =SUMIFS(J$3:J$290,$AF$3:$AF$290,"*"&"Commercial"&"*",$E$3:$E$290,$E330,$AG$3:$AG$290,"Total",$AE$3:$AE$290,"Weekend")-SUMIFS(J$3:J$290,$AF$3:$AF$290,"*"&"Commercial"&"*",$E$3:$E$290,$E330,$AG$3:$AG$290,"<>"&"Total",$AE$3:$AE$290,"Weekend") -> 67089586 | K330: =SUMIFS(K$3:K$290,$AF$3:$AF$290,"*"&"Commercial"&"*",$E$3:$E$290,$E330,$AG$3:$AG$290,"Total",$AE$3:$AE$290,"Weekend")-SUMIFS(K$3:K$290,$AF$3:$AF$290,"*"&"Commercial"&"*",$E$3:$E$290,$E330,$AG$3:$AG$290,"<>"&"Total",$AE$3:$AE$290,"Weekend") -> 71455494 | L330: =SUMIFS(L$3:L$290,$AF$3:$AF$290,"*"&"Commercial"&"*",$E$3:$E$290,$E330,$AG$3:$AG$290,"Total",$AE$3:$AE$290,"Weekend")-SUMIFS(L$3:L$290,$AF$3:$AF$290,"*"&"Commercial"&"*",$E$3:$E$290,$E330,$AG$3:$AG$290,"<>"&"Total",$AE$3:$AE$290,"Weekend") -> 79507309 | M330: =SUMIFS(M$3:M$290,$AF$3:$AF$290,"*"&"Commercial"&"*",$E$3:$E$290,$E330,$AG$3:$AG$290,"Total",$AE$3:$AE$290,"Weekend")-SUMIFS(M$3:M$290,$AF$3:$AF$290,"*"&"Commercial"&"*",$E$3:$E$290,$E330,$AG$3:$AG$290,"<>"&"Total",$AE$3:$AE$290,"Weekend") -> 100068584 | ... AC330: =SUMIFS(AC$3:AC$290,$AF$3:$AF$290,"*"&"Commercial"&"*",$E$3:$E$290,$E330,$AG$3:$AG$290,"Total",$AE$3:$AE$290,"Weekend")-SUMIFS(AC$3:AC$290,$AF$3:$AF$290,"*"&"Commercial"&"*",$E$3:$E$290,$E330,$AG$3:$AG$290,"<>"&"Total",$AE$3:$AE$290,"Weekend") -> 73970013 | AD330: =IF(AND(E330>=3,E330<=5),"Spring",IF(AND(E330>=6,E330<=8),"Summer",IF(AND(E330>=9,E330<=10),"Fall","Winter"))) -> Spring | AE330: =INDEX('Category Mapping'!$B$2:$B$29,MATCH('Modified Source Data'!A330,'Category Mapping'!$A$2:$A$29,0)) -> Weekend | AF330: =INDEX('Category Mapping'!$C$2:$C$29,MATCH('Modified Source Data'!A330,'Category Mapping'!$A$2:$A$29,0)) -> Commercial | AG330: =INDEX('Category Mapping'!$D$2:$D$29,MATCH('Modified Source Data'!A330,'Category Mapping'!$A$2:$A$29,0)) -> Lighting
A331: Service_other_weekend | E331: 5 | F331: =SUMIFS(F$3:F$290,$AF$3:$AF$290,"*"&"Commercial"&"*",$E$3:$E$290,$E331,$AG$3:$AG$290,"Total",$AE$3:$AE$290,"Weekend")-SUMIFS(F$3:F$290,$AF$3:$AF$290,"*"&"Commercial"&"*",$E$3:$E$290,$E331,$AG$3:$AG$290,"<>"&"Total",$AE$3:$AE$290,"Weekend") -> 75534587 | G331: =SUMIFS(G$3:G$290,$AF$3:$AF$290,"*"&"Commercial"&"*",$E$3:$E$290,$E331,$AG$3:$AG$290,"Total",$AE$3:$AE$290,"Weekend")-SUMIFS(G$3:G$290,$AF$3:$AF$290,"*"&"Commercial"&"*",$E$3:$E$290,$E331,$AG$3:$AG$290,"<>"&"Total",$AE$3:$AE$290,"Weekend") -> 66249525 | H331: =SUMIFS(H$3:H$290,$AF$3:$AF$290,"*"&"Commercial"&"*",$E$3:$E$290,$E331,$AG$3:$AG$290,"Total",$AE$3:$AE$290,"Weekend")-SUMIFS(H$3:H$290,$AF$3:$AF$290,"*"&"Commercial"&"*",$E$3:$E$290,$E331,$AG$3:$AG$290,"<>"&"Total",$AE$3:$AE$290,"Weekend") -> 65584299 | I331: =SUMIFS(I$3:I$290,$AF$3:$AF$290,"*"&"Commercial"&"*",$E$3:$E$290,$E331,$AG$3:$AG$290,"Total",$AE$3:$AE$290,"Weekend")-SUMIFS(I$3:I$290,$AF$3:$AF$290,"*"&"Commercial"&"*",$E$3:$E$290,$E331,$AG$3:$AG$290,"<>"&"Total",$AE$3:$AE$290,"Weekend") -> 66174830 | J331: =SUMIFS(J$3:J$290,$AF$3:$AF$290,"*"&"Commercial"&"*",$E$3:$E$290,$E331,$AG$3:$AG$290,"Total",$AE$3:$AE$290,"Weekend")-SUMIFS(J$3:J$290,$AF$3:$AF$290,"*"&"Commercial"&"*",$E$3:$E$290,$E331,$AG$3:$AG$290,"<>"&"Total",$AE$3:$AE$290,"Weekend") -> 66934053 | K331: =SUMIFS(K$3:K$290,$AF$3:$AF$290,"*"&"Commercial"&"*",$E$3:$E$290,$E331,$AG$3:$AG$290,"Total",$AE$3:$AE$290,"Weekend")-SUMIFS(K$3:K$290,$AF$3:$AF$290,"*"&"Commercial"&"*",$E$3:$E$290,$E331,$AG$3:$AG$290,"<>"&"Total",$AE$3:$AE$290,"Weekend") -> 71277907 | L331: =SUMIFS(L$3:L$290,$AF$3:$AF$290,"*"&"Commercial"&"*",$E$3:$E$290,$E331,$AG$3:$AG$290,"Total",$AE$3:$AE$290,"Weekend")-SUMIFS(L$3:L$290,$AF$3:$AF$290,"*"&"Commercial"&"*",$E$3:$E$290,$E331,$AG$3:$AG$290,"<>"&"Total",$AE$3:$AE$290,"Weekend") -> 79247499 | M331: =SUMIFS(M$3:M$290,$AF$3:$AF$290,"*"&"Commercial"&"*",$E$3:$E$290,$E331,$AG$3:$AG$290,"Total",$AE$3:$AE$290,"Weekend")-SUMIFS(M$3:M$290,$AF$3:$AF$290,"*"&"Commercial"&"*",$E$3:$E$290,$E331,$AG$3:$AG$290,"<>"&"Total",$AE$3:$AE$290,"Weekend") -> 99632790 | ... AC331: =SUMIFS(AC$3:AC$290,$AF$3:$AF$290,"*"&"Commercial"&"*",$E$3:$E$290,$E331,$AG$3:$AG$290,"Total",$AE$3:$AE$290,"Weekend")-SUMIFS(AC$3:AC$290,$AF$3:$AF$290,"*"&"Commercial"&"*",$E$3:$E$290,$E331,$AG$3:$AG$290,"<>"&"Total",$AE$3:$AE$290,"Weekend") -> 73796381 | AD331: =IF(AND(E331>=3,E331<=5),"Spring",IF(AND(E331>=6,E331<=8),"Summer",IF(AND(E331>=9,E331<=10),"Fall","Winter"))) -> Spring | AE331: =INDEX('Category Mapping'!$B$2:$B$29,MATCH('Modified Source Data'!A331,'Category Mapping'!$A$2:$A$29,0)) -> Weekend | AF331: =INDEX('Category Mapping'!$C$2:$C$29,MATCH('Modified Source Data'!A331,'Category Mapping'!$A$2:$A$29,0)) -> Commercial | AG331: =INDEX('Category Mapping'!$D$2:$D$29,MATCH('Modified Source Data'!A331,'Category Mapping'!$A$2:$A$29,0)) -> Lighting
A332: Service_other_weekend | E332: 6 | F332: =SUMIFS(F$3:F$290,$AF$3:$AF$290,"*"&"Commercial"&"*",$E$3:$E$290,$E332,$AG$3:$AG$290,"Total",$AE$3:$AE$290,"Weekend")-SUMIFS(F$3:F$290,$AF$3:$AF$290,"*"&"Commercial"&"*",$E$3:$E$290,$E332,$AG$3:$AG$290,"<>"&"Total",$AE$3:$AE$290,"Weekend") -> 75645954 | G332: =SUMIFS(G$3:G$290,$AF$3:$AF$290,"*"&"Commercial"&"*",$E$3:$E$290,$E332,$AG$3:$AG$290,"Total",$AE$3:$AE$290,"Weekend")-SUMIFS(G$3:G$290,$AF$3:$AF$290,"*"&"Commercial"&"*",$E$3:$E$290,$E332,$AG$3:$AG$290,"<>"&"Total",$AE$3:$AE$290,"Weekend") -> 66151136 | H332: =SUMIFS(H$3:H$290,$AF$3:$AF$290,"*"&"Commercial"&"*",$E$3:$E$290,$E332,$AG$3:$AG$290,"Total",$AE$3:$AE$290,"Weekend")-SUMIFS(H$3:H$290,$AF$3:$AF$290,"*"&"Commercial"&"*",$E$3:$E$290,$E332,$AG$3:$AG$290,"<>"&"Total",$AE$3:$AE$290,"Weekend") -> 65465825 | I332: =SUMIFS(I$3:I$290,$AF$3:$AF$290,"*"&"Commercial"&"*",$E$3:$E$290,$E332,$AG$3:$AG$290,"Total",$AE$3:$AE$290,"Weekend")-SUMIFS(I$3:I$290,$AF$3:$AF$290,"*"&"Commercial"&"*",$E$3:$E$290,$E332,$AG$3:$AG$290,"<>"&"Total",$AE$3:$AE$290,"Weekend") -> 66157802 | J332: =SUMIFS(J$3:J$290,$AF$3:$AF$290,"*"&"Commercial"&"*",$E$3:$E$290,$E332,$AG$3:$AG$290,"Total",$AE$3:$AE$290,"Weekend")-SUMIFS(J$3:J$290,$AF$3:$AF$290,"*"&"Commercial"&"*",$E$3:$E$290,$E332,$AG$3:$AG$290,"<>"&"Total",$AE$3:$AE$290,"Weekend") -> 67207669 | K332: =SUMIFS(K$3:K$290,$AF$3:$AF$290,"*"&"Commercial"&"*",$E$3:$E$290,$E332,$AG$3:$AG$290,"Total",$AE$3:$AE$290,"Weekend")-SUMIFS(K$3:K$290,$AF$3:$AF$290,"*"&"Commercial"&"*",$E$3:$E$290,$E332,$AG$3:$AG$290,"<>"&"Total",$AE$3:$AE$290,"Weekend") -> 70811957 | L332: =SUMIFS(L$3:L$290,$AF$3:$AF$290,"*"&"Commercial"&"*",$E$3:$E$290,$E332,$AG$3:$AG$290,"Total",$AE$3:$AE$290,"Weekend")-SUMIFS(L$3:L$290,$AF$3:$AF$290,"*"&"Commercial"&"*",$E$3:$E$290,$E332,$AG$3:$AG$290,"<>"&"Total",$AE$3:$AE$290,"Weekend") -> 79298135 | M332: =SUMIFS(M$3:M$290,$AF$3:$AF$290,"*"&"Commercial"&"*",$E$3:$E$290,$E332,$AG$3:$AG$290,"Total",$AE$3:$AE$290,"Weekend")-SUMIFS(M$3:M$290,$AF$3:$AF$290,"*"&"Commercial"&"*",$E$3:$E$290,$E332,$AG$3:$AG$290,"<>"&"Total",$AE$3:$AE$290,"Weekend") -> 98964978 | ... AC332: =SUMIFS(AC$3:AC$290,$AF$3:$AF$290,"*"&"Commercial"&"*",$E$3:$E$290,$E332,$AG$3:$AG$290,"Total",$AE$3:$AE$290,"Weekend")-SUMIFS(AC$3:AC$290,$AF$3:$AF$290,"*"&"Commercial"&"*",$E$3:$E$290,$E332,$AG$3:$AG$290,"<>"&"Total",$AE$3:$AE$290,"Weekend") -> 73475210 | AD332: =IF(AND(E332>=3,E332<=5),"Spring",IF(AND(E332>=6,E332<=8),"Summer",IF(AND(E332>=9,E332<=10),"Fall","Winter"))) -> Summer | AE332: =INDEX('Category Mapping'!$B$2:$B$29,MATCH('Modified Source Data'!A332,'Category Mapping'!$A$2:$A$29,0)) -> Weekend | AF332: =INDEX('Category Mapping'!$C$2:$C$29,MATCH('Modified Source Data'!A332,'Category Mapping'!$A$2:$A$29,0)) -> Commercial | AG332: =INDEX('Category Mapping'!$D$2:$D$29,MATCH('Modified Source Data'!A332,'Category Mapping'!$A$2:$A$29,0)) -> Lighting
A333: Service_other_weekend | E333: 7 | F333: =SUMIFS(F$3:F$290,$AF$3:$AF$290,"*"&"Commercial"&"*",$E$3:$E$290,$E333,$AG$3:$AG$290,"Total",$AE$3:$AE$290,"Weekend")-SUMIFS(F$3:F$290,$AF$3:$AF$290,"*"&"Commercial"&"*",$E$3:$E$290,$E333,$AG$3:$AG$290,"<>"&"Total",$AE$3:$AE$290,"Weekend") -> 75458463 | G333: =SUMIFS(G$3:G$290,$AF$3:$AF$290,"*"&"Commercial"&"*",$E$3:$E$290,$E333,$AG$3:$AG$290,"Total",$AE$3:$AE$290,"Weekend")-SUMIFS(G$3:G$290,$AF$3:$AF$290,"*"&"Commercial"&"*",$E$3:$E$290,$E333,$AG$3:$AG$290,"<>"&"Total",$AE$3:$AE$290,"Weekend") -> 66857901 | H333: =SUMIFS(H$3:H$290,$AF$3:$AF$290,"*"&"Commercial"&"*",$E$3:$E$290,$E333,$AG$3:$AG$290,"Total",$AE$3:$AE$290,"Weekend")-SUMIFS(H$3:H$290,$AF$3:$AF$290,"*"&"Commercial"&"*",$E$3:$E$290,$E333,$AG$3:$AG$290,"<>"&"Total",$AE$3:$AE$290,"Weekend") -> 65281151 | I333: =SUMIFS(I$3:I$290,$AF$3:$AF$290,"*"&"Commercial"&"*",$E$3:$E$290,$E333,$AG$3:$AG$290,"Total",$AE$3:$AE$290,"Weekend")-SUMIFS(I$3:I$290,$AF$3:$AF$290,"*"&"Commercial"&"*",$E$3:$E$290,$E333,$AG$3:$AG$290,"<>"&"Total",$AE$3:$AE$290,"Weekend") -> 66382007 | J333: =SUMIFS(J$3:J$290,$AF$3:$AF$290,"*"&"Commercial"&"*",$E$3:$E$290,$E333,$AG$3:$AG$290,"Total",$AE$3:$AE$290,"Weekend")-SUMIFS(J$3:J$290,$AF$3:$AF$290,"*"&"Commercial"&"*",$E$3:$E$290,$E333,$AG$3:$AG$290,"<>"&"Total",$AE$3:$AE$290,"Weekend") -> 66829764 | K333: =SUMIFS(K$3:K$290,$AF$3:$AF$290,"*"&"Commercial"&"*",$E$3:$E$290,$E333,$AG$3:$AG$290,"Total",$AE$3:$AE$290,"Weekend")-SUMIFS(K$3:K$290,$AF$3:$AF$290,"*"&"Commercial"&"*",$E$3:$E$290,$E333,$AG$3:$AG$290,"<>"&"Total",$AE$3:$AE$290,"Weekend") -> 71563647 | L333: =SUMIFS(L$3:L$290,$AF$3:$AF$290,"*"&"Commercial"&"*",$E$3:$E$290,$E333,$AG$3:$AG$290,"Total",$AE$3:$AE$290,"Weekend")-SUMIFS(L$3:L$290,$AF$3:$AF$290,"*"&"Commercial"&"*",$E$3:$E$290,$E333,$AG$3:$AG$290,"<>"&"Total",$AE$3:$AE$290,"Weekend") -> 79113175 | M333: =SUMIFS(M$3:M$290,$AF$3:$AF$290,"*"&"Commercial"&"*",$E$3:$E$290,$E333,$AG$3:$AG$290,"Total",$AE$3:$AE$290,"Weekend")-SUMIFS(M$3:M$290,$AF$3:$AF$290,"*"&"Commercial"&"*",$E$3:$E$290,$E333,$AG$3:$AG$290,"<>"&"Total",$AE$3:$AE$290,"Weekend") -> 99127164 | ... AC333: =SUMIFS(AC$3:AC$290,$AF$3:$AF$290,"*"&"Commercial"&"*",$E$3:$E$290,$E333,$AG$3:$AG$290,"Total",$AE$3:$AE$290,"Weekend")-SUMIFS(AC$3:AC$290,$AF$3:$AF$290,"*"&"Commercial"&"*",$E$3:$E$290,$E333,$AG$3:$AG$290,"<>"&"Total",$AE$3:$AE$290,"Weekend") -> 73400843 | AD333: =IF(AND(E333>=3,E333<=5),"Spring",IF(AND(E333>=6,E333<=8),"Summer",IF(AND(E333>=9,E333<=10),"Fall","Winter"))) -> Summer | AE333: =INDEX('Category Mapping'!$B$2:$B$29,MATCH('Modified Source Data'!A333,'Category Mapping'!$A$2:$A$29,0)) -> Weekend | AF333: =INDEX('Category Mapping'!$C$2:$C$29,MATCH('Modified Source Data'!A333,'Category Mapping'!$A$2:$A$29,0)) -> Commercial | AG333: =INDEX('Category Mapping'!$D$2:$D$29,MATCH('Modified Source Data'!A333,'Category Mapping'!$A$2:$A$29,0)) -> Lighting
A334: Service_other_weekend | E334: 8 | F334: =SUMIFS(F$3:F$290,$AF$3:$AF$290,"*"&"Commercial"&"*",$E$3:$E$290,$E334,$AG$3:$AG$290,"Total",$AE$3:$AE$290,"Weekend")-SUMIFS(F$3:F$290,$AF$3:$AF$290,"*"&"Commercial"&"*",$E$3:$E$290,$E334,$AG$3:$AG$290,"<>"&"Total",$AE$3:$AE$290,"Weekend") -> 75455341 | G334: =SUMIFS(G$3:G$290,$AF$3:$AF$290,"*"&"Commercial"&"*",$E$3:$E$290,$E334,$AG$3:$AG$290,"Total",$AE$3:$AE$290,"Weekend")-SUMIFS(G$3:G$290,$AF$3:$AF$290,"*"&"Commercial"&"*",$E$3:$E$290,$E334,$AG$3:$AG$290,"<>"&"Total",$AE$3:$AE$290,"Weekend") -> 65854824 | H334: =SUMIFS(H$3:H$290,$AF$3:$AF$290,"*"&"Commercial"&"*",$E$3:$E$290,$E334,$AG$3:$AG$290,"Total",$AE$3:$AE$290,"Weekend")-SUMIFS(H$3:H$290,$AF$3:$AF$290,"*"&"Commercial"&"*",$E$3:$E$290,$E334,$AG$3:$AG$290,"<>"&"Total",$AE$3:$AE$290,"Weekend") -> 65978088 | I334: =SUMIFS(I$3:I$290,$AF$3:$AF$290,"*"&"Commercial"&"*",$E$3:$E$290,$E334,$AG$3:$AG$290,"Total",$AE$3:$AE$290,"Weekend")-SUMIFS(I$3:I$290,$AF$3:$AF$290,"*"&"Commercial"&"*",$E$3:$E$290,$E334,$AG$3:$AG$290,"<>"&"Total",$AE$3:$AE$290,"Weekend") -> 65978944 | J334: =SUMIFS(J$3:J$290,$AF$3:$AF$290,"*"&"Commercial"&"*",$E$3:$E$290,$E334,$AG$3:$AG$290,"Total",$AE$3:$AE$290,"Weekend")-SUMIFS(J$3:J$290,$AF$3:$AF$290,"*"&"Commercial"&"*",$E$3:$E$290,$E334,$AG$3:$AG$290,"<>"&"Total",$AE$3:$AE$290,"Weekend") -> 66826683 | K334: =SUMIFS(K$3:K$290,$AF$3:$AF$290,"*"&"Commercial"&"*",$E$3:$E$290,$E334,$AG$3:$AG$290,"Total",$AE$3:$AE$290,"Weekend")-SUMIFS(K$3:K$290,$AF$3:$AF$290,"*"&"Commercial"&"*",$E$3:$E$290,$E334,$AG$3:$AG$290,"<>"&"Total",$AE$3:$AE$290,"Weekend") -> 71560536 | L334: =SUMIFS(L$3:L$290,$AF$3:$AF$290,"*"&"Commercial"&"*",$E$3:$E$290,$E334,$AG$3:$AG$290,"Total",$AE$3:$AE$290,"Weekend")-SUMIFS(L$3:L$290,$AF$3:$AF$290,"*"&"Commercial"&"*",$E$3:$E$290,$E334,$AG$3:$AG$290,"<>"&"Total",$AE$3:$AE$290,"Weekend") -> 79110013 | M334: =SUMIFS(M$3:M$290,$AF$3:$AF$290,"*"&"Commercial"&"*",$E$3:$E$290,$E334,$AG$3:$AG$290,"Total",$AE$3:$AE$290,"Weekend")-SUMIFS(M$3:M$290,$AF$3:$AF$290,"*"&"Commercial"&"*",$E$3:$E$290,$E334,$AG$3:$AG$290,"<>"&"Total",$AE$3:$AE$290,"Weekend") -> 100123891 | ... AC334: =SUMIFS(AC$3:AC$290,$AF$3:$AF$290,"*"&"Commercial"&"*",$E$3:$E$290,$E334,$AG$3:$AG$290,"Total",$AE$3:$AE$290,"Weekend")-SUMIFS(AC$3:AC$290,$AF$3:$AF$290,"*"&"Commercial"&"*",$E$3:$E$290,$E334,$AG$3:$AG$290,"<>"&"Total",$AE$3:$AE$290,"Weekend") -> 74397601 | AD334: =IF(AND(E334>=3,E334<=5),"Spring",IF(AND(E334>=6,E334<=8),"Summer",IF(AND(E334>=9,E334<=10),"Fall","Winter"))) -> Summer | AE334: =INDEX('Category Mapping'!$B$2:$B$29,MATCH('Modified Source Data'!A334,'Category Mapping'!$A$2:$A$29,0)) -> Weekend | AF334: =INDEX('Category Mapping'!$C$2:$C$29,MATCH('Modified Source Data'!A334,'Category Mapping'!$A$2:$A$29,0)) -> Commercial | AG334: =INDEX('Category Mapping'!$D$2:$D$29,MATCH('Modified Source Data'!A334,'Category Mapping'!$A$2:$A$29,0)) -> Lighting
A335: Service_other_weekend | E335: 9 | F335: =SUMIFS(F$3:F$290,$AF$3:$AF$290,"*"&"Commercial"&"*",$E$3:$E$290,$E335,$AG$3:$AG$290,"Total",$AE$3:$AE$290,"Weekend")-SUMIFS(F$3:F$290,$AF$3:$AF$290,"*"&"Commercial"&"*",$E$3:$E$290,$E335,$AG$3:$AG$290,"<>"&"Total",$AE$3:$AE$290,"Weekend") -> 75716155 | G335: =SUMIFS(G$3:G$290,$AF$3:$AF$290,"*"&"Commercial"&"*",$E$3:$E$290,$E335,$AG$3:$AG$290,"Total",$AE$3:$AE$290,"Weekend")-SUMIFS(G$3:G$290,$AF$3:$AF$290,"*"&"Commercial"&"*",$E$3:$E$290,$E335,$AG$3:$AG$290,"<>"&"Total",$AE$3:$AE$290,"Weekend") -> 66442365 | H335: =SUMIFS(H$3:H$290,$AF$3:$AF$290,"*"&"Commercial"&"*",$E$3:$E$290,$E335,$AG$3:$AG$290,"Total",$AE$3:$AE$290,"Weekend")-SUMIFS(H$3:H$290,$AF$3:$AF$290,"*"&"Commercial"&"*",$E$3:$E$290,$E335,$AG$3:$AG$290,"<>"&"Total",$AE$3:$AE$290,"Weekend") -> 65754013 | I335: =SUMIFS(I$3:I$290,$AF$3:$AF$290,"*"&"Commercial"&"*",$E$3:$E$290,$E335,$AG$3:$AG$290,"Total",$AE$3:$AE$290,"Weekend")-SUMIFS(I$3:I$290,$AF$3:$AF$290,"*"&"Commercial"&"*",$E$3:$E$290,$E335,$AG$3:$AG$290,"<>"&"Total",$AE$3:$AE$290,"Weekend") -> 66441252 | J335: =SUMIFS(J$3:J$290,$AF$3:$AF$290,"*"&"Commercial"&"*",$E$3:$E$290,$E335,$AG$3:$AG$290,"Total",$AE$3:$AE$290,"Weekend")-SUMIFS(J$3:J$290,$AF$3:$AF$290,"*"&"Commercial"&"*",$E$3:$E$290,$E335,$AG$3:$AG$290,"<>"&"Total",$AE$3:$AE$290,"Weekend") -> 67192812 | K335: =SUMIFS(K$3:K$290,$AF$3:$AF$290,"*"&"Commercial"&"*",$E$3:$E$290,$E335,$AG$3:$AG$290,"Total",$AE$3:$AE$290,"Weekend")-SUMIFS(K$3:K$290,$AF$3:$AF$290,"*"&"Commercial"&"*",$E$3:$E$290,$E335,$AG$3:$AG$290,"<>"&"Total",$AE$3:$AE$290,"Weekend") -> 71156418 | L335: =SUMIFS(L$3:L$290,$AF$3:$AF$290,"*"&"Commercial"&"*",$E$3:$E$290,$E335,$AG$3:$AG$290,"Total",$AE$3:$AE$290,"Weekend")-SUMIFS(L$3:L$290,$AF$3:$AF$290,"*"&"Commercial"&"*",$E$3:$E$290,$E335,$AG$3:$AG$290,"<>"&"Total",$AE$3:$AE$290,"Weekend") -> 79174935 | M335: =SUMIFS(M$3:M$290,$AF$3:$AF$290,"*"&"Commercial"&"*",$E$3:$E$290,$E335,$AG$3:$AG$290,"Total",$AE$3:$AE$290,"Weekend")-SUMIFS(M$3:M$290,$AF$3:$AF$290,"*"&"Commercial"&"*",$E$3:$E$290,$E335,$AG$3:$AG$290,"<>"&"Total",$AE$3:$AE$290,"Weekend") -> 100235757 | ... AC335: =SUMIFS(AC$3:AC$290,$AF$3:$AF$290,"*"&"Commercial"&"*",$E$3:$E$290,$E335,$AG$3:$AG$290,"Total",$AE$3:$AE$290,"Weekend")-SUMIFS(AC$3:AC$290,$AF$3:$AF$290,"*"&"Commercial"&"*",$E$3:$E$290,$E335,$AG$3:$AG$290,"<>"&"Total",$AE$3:$AE$290,"Weekend") -> 74115652 | AD335: =IF(AND(E335>=3,E335<=5),"Spring",IF(AND(E335>=6,E335<=8),"Summer",IF(AND(E335>=9,E335<=10),"Fall","Winter"))) -> Fall | AE335: =INDEX('Category Mapping'!$B$2:$B$29,MATCH('Modified Source Data'!A335,'Category Mapping'!$A$2:$A$29,0)) -> Weekend | AF335: =INDEX('Category Mapping'!$C$2:$C$29,MATCH('Modified Source Data'!A335,'Category Mapping'!$A$2:$A$29,0)) -> Commercial | AG335: =INDEX('Category Mapping'!$D$2:$D$29,MATCH('Modified Source Data'!A335,'Category Mapping'!$A$2:$A$29,0)) -> Lighting
A336: Service_other_weekend | E336: 10 | F336: =SUMIFS(F$3:F$290,$AF$3:$AF$290,"*"&"Commercial"&"*",$E$3:$E$290,$E336,$AG$3:$AG$290,"Total",$AE$3:$AE$290,"Weekend")-SUMIFS(F$3:F$290,$AF$3:$AF$290,"*"&"Commercial"&"*",$E$3:$E$290,$E336,$AG$3:$AG$290,"<>"&"Total",$AE$3:$AE$290,"Weekend") -> 75976123 | G336: =SUMIFS(G$3:G$290,$AF$3:$AF$290,"*"&"Commercial"&"*",$E$3:$E$290,$E336,$AG$3:$AG$290,"Total",$AE$3:$AE$290,"Weekend")-SUMIFS(G$3:G$290,$AF$3:$AF$290,"*"&"Commercial"&"*",$E$3:$E$290,$E336,$AG$3:$AG$290,"<>"&"Total",$AE$3:$AE$290,"Weekend") -> 66645330 | H336: =SUMIFS(H$3:H$290,$AF$3:$AF$290,"*"&"Commercial"&"*",$E$3:$E$290,$E336,$AG$3:$AG$290,"Total",$AE$3:$AE$290,"Weekend")-SUMIFS(H$3:H$290,$AF$3:$AF$290,"*"&"Commercial"&"*",$E$3:$E$290,$E336,$AG$3:$AG$290,"<>"&"Total",$AE$3:$AE$290,"Weekend") -> 65950696 | I336: =SUMIFS(I$3:I$290,$AF$3:$AF$290,"*"&"Commercial"&"*",$E$3:$E$290,$E336,$AG$3:$AG$290,"Total",$AE$3:$AE$290,"Weekend")-SUMIFS(I$3:I$290,$AF$3:$AF$290,"*"&"Commercial"&"*",$E$3:$E$290,$E336,$AG$3:$AG$290,"<>"&"Total",$AE$3:$AE$290,"Weekend") -> 66603270 | J336: =SUMIFS(J$3:J$290,$AF$3:$AF$290,"*"&"Commercial"&"*",$E$3:$E$290,$E336,$AG$3:$AG$290,"Total",$AE$3:$AE$290,"Weekend")-SUMIFS(J$3:J$290,$AF$3:$AF$290,"*"&"Commercial"&"*",$E$3:$E$290,$E336,$AG$3:$AG$290,"<>"&"Total",$AE$3:$AE$290,"Weekend") -> 67348389 | K336: =SUMIFS(K$3:K$290,$AF$3:$AF$290,"*"&"Commercial"&"*",$E$3:$E$290,$E336,$AG$3:$AG$290,"Total",$AE$3:$AE$290,"Weekend")-SUMIFS(K$3:K$290,$AF$3:$AF$290,"*"&"Commercial"&"*",$E$3:$E$290,$E336,$AG$3:$AG$290,"<>"&"Total",$AE$3:$AE$290,"Weekend") -> 71720273 | L336: =SUMIFS(L$3:L$290,$AF$3:$AF$290,"*"&"Commercial"&"*",$E$3:$E$290,$E336,$AG$3:$AG$290,"Total",$AE$3:$AE$290,"Weekend")-SUMIFS(L$3:L$290,$AF$3:$AF$290,"*"&"Commercial"&"*",$E$3:$E$290,$E336,$AG$3:$AG$290,"<>"&"Total",$AE$3:$AE$290,"Weekend") -> 79906299 | M336: =SUMIFS(M$3:M$290,$AF$3:$AF$290,"*"&"Commercial"&"*",$E$3:$E$290,$E336,$AG$3:$AG$290,"Total",$AE$3:$AE$290,"Weekend")-SUMIFS(M$3:M$290,$AF$3:$AF$290,"*"&"Commercial"&"*",$E$3:$E$290,$E336,$AG$3:$AG$290,"<>"&"Total",$AE$3:$AE$290,"Weekend") -> 100017976 | ... AC336: =SUMIFS(AC$3:AC$290,$AF$3:$AF$290,"*"&"Commercial"&"*",$E$3:$E$290,$E336,$AG$3:$AG$290,"Total",$AE$3:$AE$290,"Weekend")-SUMIFS(AC$3:AC$290,$AF$3:$AF$290,"*"&"Commercial"&"*",$E$3:$E$290,$E336,$AG$3:$AG$290,"<>"&"Total",$AE$3:$AE$290,"Weekend") -> 74227478 | AD336: =IF(AND(E336>=3,E336<=5),"Spring",IF(AND(E336>=6,E336<=8),"Summer",IF(AND(E336>=9,E336<=10),"Fall","Winter"))) -> Fall | AE336: =INDEX('Category Mapping'!$B$2:$B$29,MATCH('Modified Source Data'!A336,'Category Mapping'!$A$2:$A$29,0)) -> Weekend | AF336: =INDEX('Category Mapping'!$C$2:$C$29,MATCH('Modified Source Data'!A336,'Category Mapping'!$A$2:$A$29,0)) -> Commercial | AG336: =INDEX('Category Mapping'!$D$2:$D$29,MATCH('Modified Source Data'!A336,'Category Mapping'!$A$2:$A$29,0)) -> Lighting
A337: Service_other_weekend | E337: 11 | F337: =SUMIFS(F$3:F$290,$AF$3:$AF$290,"*"&"Commercial"&"*",$E$3:$E$290,$E337,$AG$3:$AG$290,"Total",$AE$3:$AE$290,"Weekend")-SUMIFS(F$3:F$290,$AF$3:$AF$290,"*"&"Commercial"&"*",$E$3:$E$290,$E337,$AG$3:$AG$290,"<>"&"Total",$AE$3:$AE$290,"Weekend") -> 76174378 | G337: =SUMIFS(G$3:G$290,$AF$3:$AF$290,"*"&"Commercial"&"*",$E$3:$E$290,$E337,$AG$3:$AG$290,"Total",$AE$3:$AE$290,"Weekend")-SUMIFS(G$3:G$290,$AF$3:$AF$290,"*"&"Commercial"&"*",$E$3:$E$290,$E337,$AG$3:$AG$290,"<>"&"Total",$AE$3:$AE$290,"Weekend") -> 66804294 | H337: =SUMIFS(H$3:H$290,$AF$3:$AF$290,"*"&"Commercial"&"*",$E$3:$E$290,$E337,$AG$3:$AG$290,"Total",$AE$3:$AE$290,"Weekend")-SUMIFS(H$3:H$290,$AF$3:$AF$290,"*"&"Commercial"&"*",$E$3:$E$290,$E337,$AG$3:$AG$290,"<>"&"Total",$AE$3:$AE$290,"Weekend") -> 66157374 | I337: =SUMIFS(I$3:I$290,$AF$3:$AF$290,"*"&"Commercial"&"*",$E$3:$E$290,$E337,$AG$3:$AG$290,"Total",$AE$3:$AE$290,"Weekend")-SUMIFS(I$3:I$290,$AF$3:$AF$290,"*"&"Commercial"&"*",$E$3:$E$290,$E337,$AG$3:$AG$290,"<>"&"Total",$AE$3:$AE$290,"Weekend") -> 66808033 | J337: =SUMIFS(J$3:J$290,$AF$3:$AF$290,"*"&"Commercial"&"*",$E$3:$E$290,$E337,$AG$3:$AG$290,"Total",$AE$3:$AE$290,"Weekend")-SUMIFS(J$3:J$290,$AF$3:$AF$290,"*"&"Commercial"&"*",$E$3:$E$290,$E337,$AG$3:$AG$290,"<>"&"Total",$AE$3:$AE$290,"Weekend") -> 67610941 | K337: =SUMIFS(K$3:K$290,$AF$3:$AF$290,"*"&"Commercial"&"*",$E$3:$E$290,$E337,$AG$3:$AG$290,"Total",$AE$3:$AE$290,"Weekend")-SUMIFS(K$3:K$290,$AF$3:$AF$290,"*"&"Commercial"&"*",$E$3:$E$290,$E337,$AG$3:$AG$290,"<>"&"Total",$AE$3:$AE$290,"Weekend") -> 72074515 | L337: =SUMIFS(L$3:L$290,$AF$3:$AF$290,"*"&"Commercial"&"*",$E$3:$E$290,$E337,$AG$3:$AG$290,"Total",$AE$3:$AE$290,"Weekend")-SUMIFS(L$3:L$290,$AF$3:$AF$290,"*"&"Commercial"&"*",$E$3:$E$290,$E337,$AG$3:$AG$290,"<>"&"Total",$AE$3:$AE$290,"Weekend") -> 80298074 | M337: =SUMIFS(M$3:M$290,$AF$3:$AF$290,"*"&"Commercial"&"*",$E$3:$E$290,$E337,$AG$3:$AG$290,"Total",$AE$3:$AE$290,"Weekend")-SUMIFS(M$3:M$290,$AF$3:$AF$290,"*"&"Commercial"&"*",$E$3:$E$290,$E337,$AG$3:$AG$290,"<>"&"Total",$AE$3:$AE$290,"Weekend") -> 101223579 | ... AC337: =SUMIFS(AC$3:AC$290,$AF$3:$AF$290,"*"&"Commercial"&"*",$E$3:$E$290,$E337,$AG$3:$AG$290,"Total",$AE$3:$AE$290,"Weekend")-SUMIFS(AC$3:AC$290,$AF$3:$AF$290,"*"&"Commercial"&"*",$E$3:$E$290,$E337,$AG$3:$AG$290,"<>"&"Total",$AE$3:$AE$290,"Weekend") -> 74478901 | AD337: =IF(AND(E337>=3,E337<=5),"Spring",IF(AND(E337>=6,E337<=8),"Summer",IF(AND(E337>=9,E337<=10),"Fall","Winter"))) -> Winter | AE337: =INDEX('Category Mapping'!$B$2:$B$29,MATCH('Modified Source Data'!A337,'Category Mapping'!$A$2:$A$29,0)) -> Weekend | AF337: =INDEX('Category Mapping'!$C$2:$C$29,MATCH('Modified Source Data'!A337,'Category Mapping'!$A$2:$A$29,0)) -> Commercial | AG337: =INDEX('Category Mapping'!$D$2:$D$29,MATCH('Modified Source Data'!A337,'Category Mapping'!$A$2:$A$29,0)) -> Lighting
A338: Service_other_weekend | E338: 12 | F338: =SUMIFS(F$3:F$290,$AF$3:$AF$290,"*"&"Commercial"&"*",$E$3:$E$290,$E338,$AG$3:$AG$290,"Total",$AE$3:$AE$290,"Weekend")-SUMIFS(F$3:F$290,$AF$3:$AF$290,"*"&"Commercial"&"*",$E$3:$E$290,$E338,$AG$3:$AG$290,"<>"&"Total",$AE$3:$AE$290,"Weekend") -> 76360980 | G338: =SUMIFS(G$3:G$290,$AF$3:$AF$290,"*"&"Commercial"&"*",$E$3:$E$290,$E338,$AG$3:$AG$290,"Total",$AE$3:$AE$290,"Weekend")-SUMIFS(G$3:G$290,$AF$3:$AF$290,"*"&"Commercial"&"*",$E$3:$E$290,$E338,$AG$3:$AG$290,"<>"&"Total",$AE$3:$AE$290,"Weekend") -> 67013586 | H338: =SUMIFS(H$3:H$290,$AF$3:$AF$290,"*"&"Commercial"&"*",$E$3:$E$290,$E338,$AG$3:$AG$290,"Total",$AE$3:$AE$290,"Weekend")-SUMIFS(H$3:H$290,$AF$3:$AF$290,"*"&"Commercial"&"*",$E$3:$E$290,$E338,$AG$3:$AG$290,"<>"&"Total",$AE$3:$AE$290,"Weekend") -> 66272073 | I338: =SUMIFS(I$3:I$290,$AF$3:$AF$290,"*"&"Commercial"&"*",$E$3:$E$290,$E338,$AG$3:$AG$290,"Total",$AE$3:$AE$290,"Weekend")-SUMIFS(I$3:I$290,$AF$3:$AF$290,"*"&"Commercial"&"*",$E$3:$E$290,$E338,$AG$3:$AG$290,"<>"&"Total",$AE$3:$AE$290,"Weekend") -> 66918475 | J338: =SUMIFS(J$3:J$290,$AF$3:$AF$290,"*"&"Commercial"&"*",$E$3:$E$290,$E338,$AG$3:$AG$290,"Total",$AE$3:$AE$290,"Weekend")-SUMIFS(J$3:J$290,$AF$3:$AF$290,"*"&"Commercial"&"*",$E$3:$E$290,$E338,$AG$3:$AG$290,"<>"&"Total",$AE$3:$AE$290,"Weekend") -> 67755076 | K338: =SUMIFS(K$3:K$290,$AF$3:$AF$290,"*"&"Commercial"&"*",$E$3:$E$290,$E338,$AG$3:$AG$290,"Total",$AE$3:$AE$290,"Weekend")-SUMIFS(K$3:K$290,$AF$3:$AF$290,"*"&"Commercial"&"*",$E$3:$E$290,$E338,$AG$3:$AG$290,"<>"&"Total",$AE$3:$AE$290,"Weekend") -> 72233352 | L338: =SUMIFS(L$3:L$290,$AF$3:$AF$290,"*"&"Commercial"&"*",$E$3:$E$290,$E338,$AG$3:$AG$290,"Total",$AE$3:$AE$290,"Weekend")-SUMIFS(L$3:L$290,$AF$3:$AF$290,"*"&"Commercial"&"*",$E$3:$E$290,$E338,$AG$3:$AG$290,"<>"&"Total",$AE$3:$AE$290,"Weekend") -> 80497013 | M338: =SUMIFS(M$3:M$290,$AF$3:$AF$290,"*"&"Commercial"&"*",$E$3:$E$290,$E338,$AG$3:$AG$290,"Total",$AE$3:$AE$290,"Weekend")-SUMIFS(M$3:M$290,$AF$3:$AF$290,"*"&"Commercial"&"*",$E$3:$E$290,$E338,$AG$3:$AG$290,"<>"&"Total",$AE$3:$AE$290,"Weekend") -> 101085493 | ... AC338: =SUMIFS(AC$3:AC$290,$AF$3:$AF$290,"*"&"Commercial"&"*",$E$3:$E$290,$E338,$AG$3:$AG$290,"Total",$AE$3:$AE$290,"Weekend")-SUMIFS(AC$3:AC$290,$AF$3:$AF$290,"*"&"Commercial"&"*",$E$3:$E$290,$E338,$AG$3:$AG$290,"<>"&"Total",$AE$3:$AE$290,"Weekend") -> 74633344 | AD338: =IF(AND(E338>=3,E338<=5),"Spring",IF(AND(E338>=6,E338<=8),"Summer",IF(AND(E338>=9,E338<=10),"Fall","Winter"))) -> Winter | AE338: =INDEX('Category Mapping'!$B$2:$B$29,MATCH('Modified Source Data'!A338,'Category Mapping'!$A$2:$A$29,0)) -> Weekend | AF338: =INDEX('Category Mapping'!$C$2:$C$29,MATCH('Modified Source Data'!A338,'Category Mapping'!$A$2:$A$29,0)) -> Commercial | AG338: =INDEX('Category Mapping'!$D$2:$D$29,MATCH('Modified Source Data'!A338,'Category Mapping'!$A$2:$A$29,0)) -> Lighting

Sheet Summarized Modified Source Data
A1: Total Season Demand Per Specified Hour, Time of Week, and End Use (kW/month)
E2: Residential | F2: Residential | G2: Residential | H2: Residential | I2: Residential | J2: Residential | K2: Commercial | L2: Commercial | M2: Commercial | N2: Commercial | O2: Commercial | P2: Commercial | Q2: Transportation | R2: Transportation | S2: Transportation | T2: Transportation | U2: Transportation | V2: Transportation | W2: Industry | X2: Industry | Y2: Industry
A3: Season | B3: Hour | D3: Time of Week | E3: Heating | F3: Cooling | G3: Envelope | H3: Lighting | I3: Appliances | J3: Other | K3: Heating | L3: Cooling | M3: Envelope | N3: Lighting | O3: Appliances | P3: Other | Q3: LDVs | R3: HDVs | S3: Aircraft | T3: Rail | U3: Ships | V3: Motorbikes | W3: Industry | X3: District Heat and Hydrogen | Y3: Geoengineering
A4: Winter | B4: h1 | C4: Hour0 | D4: Weekday | E4: {=SUMIFS(INDEX(Load,,MATCH('Summarized Modified Source Data'!$B4,Hour,0)),Season,'Summarized Modified Source Data'!$A4,Sector,'Summarized Modified Source Data'!E$2,Subsector,'Summarized Modified Source Data'!E$3,TimeOfWeek,$D4)} -> 65300000 | F4: =SUMIFS(INDEX(Load,,MATCH('Summarized Modified Source Data'!$B4,Hour,0)),Season,'Summarized Modified Source Data'!$A4,Sector,'Summarized Modified Source Data'!F$2,Subsector,'Summarized Modified Source Data'!F$3,TimeOfWeek,$D4) -> 94210 | G4: =SUMIFS(INDEX(Load,,MATCH('Summarized Modified Source Data'!$B4,Hour,0)),Season,'Summarized Modified Source Data'!$A4,Sector,'Summarized Modified Source Data'!G$2,Subsector,'Summarized Modified Source Data'!G$3,TimeOfWeek,$D4) -> 0 | H4: =SUMIFS(INDEX(Load,,MATCH('Summarized Modified Source Data'!$B4,Hour,0)),Season,'Summarized Modified Source Data'!$A4,Sector,'Summarized Modified Source Data'!H$2,Subsector,'Summarized Modified Source Data'!H$3,TimeOfWeek,$D4) -> 46600000 | I4: =SUMIFS(INDEX(Load,,MATCH('Summarized Modified Source Data'!$B4,Hour,0)),Season,'Summarized Modified Source Data'!$A4,Sector,'Summarized Modified Source Data'!I$2,Subsector,"Total",TimeOfWeek,$D4)-SUM(E4:H4) -> 296705790 | J4: =I4 -> 296705790 | K4: =SUMIFS(INDEX(Load,,MATCH('Summarized Modified Source Data'!$B4,Hour,0)),Season,'Summarized Modified Source Data'!$A4,Sector,'Summarized Modified Source Data'!K$2,Subsector,'Summarized Modified Source Data'!K$3,TimeOfWeek,$D4) -> 139000000 | L4: =SUMIFS(INDEX(Load,,MATCH('Summarized Modified Source Data'!$B4,Hour,0)),Season,'Summarized Modified Source Data'!$A4,Sector,'Summarized Modified Source Data'!L$2,Subsector,'Summarized Modified Source Data'!L$3,TimeOfWeek,$D4) -> 249500 | M4: =SUMIFS(INDEX(Load,,MATCH('Summarized Modified Source Data'!$B4,Hour,0)),Season,'Summarized Modified Source Data'!$A4,Sector,'Summarized Modified Source Data'!M$2,Subsector,'Summarized Modified Source Data'!M$3,TimeOfWeek,$D4) -> 0 | N4: =O4 -> 615750500 | O4: =SUMIFS(INDEX(Load,,MATCH('Summarized Modified Source Data'!$B4,Hour,0)),Season,'Summarized Modified Source Data'!$A4,Sector,'Summarized Modified Source Data'!O$2,Subsector,"Total",TimeOfWeek,$D4)-SUM(K4:M4) -> 615750500 | P4: =O4 -> 615750500 | Q4: {=SUMIFS(INDEX(Load,,MATCH('Summarized Modified Source Data'!$B4,Hour,0)),Season,'Summarized Modified Source Data'!$A4,Sector,'Summarized Modified Source Data'!Q$2,TimeOfWeek,$D4)*LDVs} -> 5634853.4 | R4: {=SUMIFS(INDEX(Load,,MATCH('Summarized Modified Source Data'!$B4,Hour,0)),Season,'Summarized Modified Source Data'!$A4,Sector,'Summarized Modified Source Data'!R$2,TimeOfWeek,$D4)*HDVs} -> 2655176 | S4: =SUMIFS(INDEX(Load,,MATCH('Summarized Modified Source Data'!$B4,Hour,0)),Season,'Summarized Modified Source Data'!$A4,Sector,'Summarized Modified Source Data'!S$2,TimeOfWeek,$D4)*Aircraft -> 0 | T4: =SUMIFS(INDEX(Load,,MATCH('Summarized Modified Source Data'!$B4,Hour,0)),Season,'Summarized Modified Source Data'!$A4,Sector,'Summarized Modified Source Data'!T$2,TimeOfWeek,$D4)*Rail -> 11559790 | U4: =SUMIFS(INDEX(Load,,MATCH('Summarized Modified Source Data'!$B4,Hour,0)),Season,'Summarized Modified Source Data'!$A4,Sector,'Summarized Modified Source Data'!U$2,TimeOfWeek,$D4)*Ships -> 0 | V4: =SUMIFS(INDEX(Load,,MATCH('Summarized Modified Source Data'!$B4,Hour,0)),Season,'Summarized Modified Source Data'!$A4,Sector,'Summarized Modified Source Data'!V$2,TimeOfWeek,$D4)*Motorbikes -> 0 | W4: =SUMIFS(INDEX(Load,,MATCH('Summarized Modified Source Data'!$B4,Hour,0)),Season,'Summarized Modified Source Data'!$A4,Sector,'Summarized Modified Source Data'!W$2,Subsector,'Summarized Modified Source Data'!W$3,TimeOfWeek,$D4) -> 2606000000 | X4: =SUMIFS(INDEX(Load,,MATCH('Summarized Modified Source Data'!$B4,Hour,0)),Season,'Summarized Modified Source Data'!$A4,Sector,'Summarized Modified Source Data'!X$2,Subsector,'Summarized Modified Source Data'!X$3,TimeOfWeek,$D4) -> 0 | Y4: =SUMIFS(INDEX(Load,,MATCH('Summarized Modified Source Data'!$B4,Hour,0)),Season,'Summarized Modified Source Data'!$A4,Sector,'Summarized Modified Source Data'!Y$2,Subsector,'Summarized Modified Source Data'!Y$3,TimeOfWeek,$D4) -> 0
A5: Winter | B5: h2 | C5: Hour1 | D5: Weekday | E5: =SUMIFS(INDEX(Load,,MATCH('Summarized Modified Source Data'!$B5,Hour,0)),Season,'Summarized Modified Source Data'!$A5,Sector,'Summarized Modified Source Data'!E$2,Subsector,'Summarized Modified Source Data'!E$3,TimeOfWeek,$D5) -> 66700000 | F5: =SUMIFS(INDEX(Load,,MATCH('Summarized Modified Source Data'!$B5,Hour,0)),Season,'Summarized Modified Source Data'!$A5,Sector,'Summarized Modified Source Data'!F$2,Subsector,'Summarized Modified Source Data'!F$3,TimeOfWeek,$D5) -> 94739 | G5: =SUMIFS(INDEX(Load,,MATCH('Summarized Modified Source Data'!$B5,Hour,0)),Season,'Summarized Modified Source Data'!$A5,Sector,'Summarized Modified Source Data'!G$2,Subsector,'Summarized Modified Source Data'!G$3,TimeOfWeek,$D5) -> 0 | H5: =SUMIFS(INDEX(Load,,MATCH('Summarized Modified Source Data'!$B5,Hour,0)),Season,'Summarized Modified Source Data'!$A5,Sector,'Summarized Modified Source Data'!H$2,Subsector,'Summarized Modified Source Data'!H$3,TimeOfWeek,$D5) -> 42900000 | I5: =SUMIFS(INDEX(Load,,MATCH('Summarized Modified Source Data'!$B5,Hour,0)),Season,'Summarized Modified Source Data'!$A5,Sector,'Summarized Modified Source Data'!I$2,Subsector,'Summarized Modified Source Data'!I$3,TimeOfWeek,$D5) -> 13679910 | J5: =I5 -> 13679910 | K5: =SUMIFS(INDEX(Load,,MATCH('Summarized Modified Source Data'!$B5,Hour,0)),Season,'Summarized Modified Source Data'!$A5,Sector,'Summarized Modified Source Data'!K$2,Subsector,'Summarized Modified Source Data'!K$3,TimeOfWeek,$D5) -> 126900000 | L5: =SUMIFS(INDEX(Load,,MATCH('Summarized Modified Source Data'!$B5,Hour,0)),Season,'Summarized Modified Source Data'!$A5,Sector,'Summarized Modified Source Data'!L$2,Subsector,'Summarized Modified Source Data'!L$3,TimeOfWeek,$D5) -> 235264 | M5: =SUMIFS(INDEX(Load,,MATCH('Summarized Modified Source Data'!$B5,Hour,0)),Season,'Summarized Modified Source Data'!$A5,Sector,'Summarized Modified Source Data'!M$2,Subsector,'Summarized Modified Source Data'!M$3,TimeOfWeek,$D5) -> 0 | N5: =O5 -> 604864736 | O5: =SUMIFS(INDEX(Load,,MATCH('Summarized Modified Source Data'!$B5,Hour,0)),Season,'Summarized Modified Source Data'!$A5,Sector,'Summarized Modified Source Data'!O$2,Subsector,"Total",TimeOfWeek,$D5)-SUM(K5:M5) -> 604864736 | P5: =O5 -> 604864736 | Q5: {=SUMIFS(INDEX(Load,,MATCH('Summarized Modified Source Data'!$B5,Hour,0)),Season,'Summarized Modified Source Data'!$A5,Sector,'Summarized Modified Source Data'!Q$2,TimeOfWeek,$D5)*LDVs} -> 5557844 | R5: {=SUMIFS(INDEX(Load,,MATCH('Summarized Modified Source Data'!$B5,Hour,0)),Season,'Summarized Modified Source Data'!$A5,Sector,'Summarized Modified Source Data'!R$2,TimeOfWeek,$D5)*HDVs} -> 2618888.7 | S5: =SUMIFS(INDEX(Load,,MATCH('Summarized Modified Source Data'!$B5,Hour,0)),Season,'Summarized Modified Source Data'!$A5,Sector,'Summarized Modified Source Data'!S$2,TimeOfWeek,$D5)*Aircraft -> 0 | T5: =SUMIFS(INDEX(Load,,MATCH('Summarized Modified Source Data'!$B5,Hour,0)),Season,'Summarized Modified Source Data'!$A5,Sector,'Summarized Modified Source Data'!T$2,TimeOfWeek,$D5)*Rail -> 11401806 | U5: =SUMIFS(INDEX(Load,,MATCH('Summarized Modified Source Data'!$B5,Hour,0)),Season,'Summarized Modified Source Data'!$A5,Sector,'Summarized Modified Source Data'!U$2,TimeOfWeek,$D5)*Ships -> 0 | V5: =SUMIFS(INDEX(Load,,MATCH('Summarized Modified Source Data'!$B5,Hour,0)),Season,'Summarized Modified Source Data'!$A5,Sector,'Summarized Modified Source Data'!V$2,TimeOfWeek,$D5)*Motorbikes -> 0 | W5: =SUMIFS(INDEX(Load,,MATCH('Summarized Modified Source Data'!$B5,Hour,0)),Season,'Summarized Modified Source Data'!$A5,Sector,'Summarized Modified Source Data'!W$2,Subsector,'Summarized Modified Source Data'!W$3,TimeOfWeek,$D5) -> 2603000000 | X5: =SUMIFS(INDEX(Load,,MATCH('Summarized Modified Source Data'!$B5,Hour,0)),Season,'Summarized Modified Source Data'!$A5,Sector,'Summarized Modified Source Data'!X$2,Subsector,'Summarized Modified Source Data'!X$3,TimeOfWeek,$D5) -> 0 | Y5: =SUMIFS(INDEX(Load,,MATCH('Summarized Modified Source Data'!$B5,Hour,0)),Season,'Summarized Modified Source Data'!$A5,Sector,'Summarized Modified Source Data'!Y$2,Subsector,'Summarized Modified Source Data'!Y$3,TimeOfWeek,$D5) -> 0
A6: Winter | B6: h3 | C6: Hour2 | D6: Weekday | E6: =SUMIFS(INDEX(Load,,MATCH('Summarized Modified Source Data'!$B6,Hour,0)),Season,'Summarized Modified Source Data'!$A6,Sector,'Summarized Modified Source Data'!E$2,Subsector,'Summarized Modified Source Data'!E$3,TimeOfWeek,$D6) -> 67100000 | F6: =SUMIFS(INDEX(Load,,MATCH('Summarized Modified Source Data'!$B6,Hour,0)),Season,'Summarized Modified Source Data'!$A6,Sector,'Summarized Modified Source Data'!F$2,Subsector,'Summarized Modified Source Data'!F$3,TimeOfWeek,$D6) -> 95102 | G6: =SUMIFS(INDEX(Load,,MATCH('Summarized Modified Source Data'!$B6,Hour,0)),Season,'Summarized Modified Source Data'!$A6,Sector,'Summarized Modified Source Data'!G$2,Subsector,'Summarized Modified Source Data'!G$3,TimeOfWeek,$D6) -> 0 | H6: =SUMIFS(INDEX(Load,,MATCH('Summarized Modified Source Data'!$B6,Hour,0)),Season,'Summarized Modified Source Data'!$A6,Sector,'Summarized Modified Source Data'!H$2,Subsector,'Summarized Modified Source Data'!H$3,TimeOfWeek,$D6) -> 42500000 | I6: =SUMIFS(INDEX(Load,,MATCH('Summarized Modified Source Data'!$B6,Hour,0)),Season,'Summarized Modified Source Data'!$A6,Sector,'Summarized Modified Source Data'!I$2,Subsector,'Summarized Modified Source Data'!I$3,TimeOfWeek,$D6) -> 12424314 | J6: =I6 -> 12424314 | K6: =SUMIFS(INDEX(Load,,MATCH('Summarized Modified Source Data'!$B6,Hour,0)),Season,'Summarized Modified Source Data'!$A6,Sector,'Summarized Modified Source Data'!K$2,Subsector,'Summarized Modified Source Data'!K$3,TimeOfWeek,$D6) -> 113800000 | L6: =SUMIFS(INDEX(Load,,MATCH('Summarized Modified Source Data'!$B6,Hour,0)),Season,'Summarized Modified Source Data'!$A6,Sector,'Summarized Modified Source Data'!L$2,Subsector,'Summarized Modified Source Data'!L$3,TimeOfWeek,$D6) -> 229323 | M6: =SUMIFS(INDEX(Load,,MATCH('Summarized Modified Source Data'!$B6,Hour,0)),Season,'Summarized Modified Source Data'!$A6,Sector,'Summarized Modified Source Data'!M$2,Subsector,'Summarized Modified Source Data'!M$3,TimeOfWeek,$D6) -> 0 | N6: =O6 -> 602970677 | O6: =SUMIFS(INDEX(Load,,MATCH('Summarized Modified Source Data'!$B6,Hour,0)),Season,'Summarized Modified Source Data'!$A6,Sector,'Summarized Modified Source Data'!O$2,Subsector,"Total",TimeOfWeek,$D6)-SUM(K6:M6) -> 602970677 | P6: =O6 -> 602970677 | Q6: {=SUMIFS(INDEX(Load,,MATCH('Summarized Modified Source Data'!$B6,Hour,0)),Season,'Summarized Modified Source Data'!$A6,Sector,'Summarized Modified Source Data'!Q$2,TimeOfWeek,$D6)*LDVs} -> 5538065.9 | R6: {=SUMIFS(INDEX(Load,,MATCH('Summarized Modified Source Data'!$B6,Hour,0)),Season,'Summarized Modified Source Data'!$A6,Sector,'Summarized Modified Source Data'!R$2,TimeOfWeek,$D6)*HDVs} -> 2609569.1 | S6: =SUMIFS(INDEX(Load,,MATCH('Summarized Modified Source Data'!$B6,Hour,0)),Season,'Summarized Modified Source Data'!$A6,Sector,'Summarized Modified Source Data'!S$2,TimeOfWeek,$D6)*Aircraft -> 0 | T6: =SUMIFS(INDEX(Load,,MATCH('Summarized Modified Source Data'!$B6,Hour,0)),Season,'Summarized Modified Source Data'!$A6,Sector,'Summarized Modified Source Data'!T$2,TimeOfWeek,$D6)*Rail -> 11361232 | U6: =SUMIFS(INDEX(Load,,MATCH('Summarized Modified Source Data'!$B6,Hour,0)),Season,'Summarized Modified Source Data'!$A6,Sector,'Summarized Modified Source Data'!U$2,TimeOfWeek,$D6)*Ships -> 0 | V6: =SUMIFS(INDEX(Load,,MATCH('Summarized Modified Source Data'!$B6,Hour,0)),Season,'Summarized Modified Source Data'!$A6,Sector,'Summarized Modified Source Data'!V$2,TimeOfWeek,$D6)*Motorbikes -> 0 | W6: =SUMIFS(INDEX(Load,,MATCH('Summarized Modified Source Data'!$B6,Hour,0)),Season,'Summarized Modified Source Data'!$A6,Sector,'Summarized Modified Source Data'!W$2,Subsector,'Summarized Modified Source Data'!W$3,TimeOfWeek,$D6) -> 2602000000 | X6: =SUMIFS(INDEX(Load,,MATCH('Summarized Modified Source Data'!$B6,Hour,0)),Season,'Summarized Modified Source Data'!$A6,Sector,'Summarized Modified Source Data'!X$2,Subsector,'Summarized Modified Source Data'!X$3,TimeOfWeek,$D6) -> 0 | Y6: =SUMIFS(INDEX(Load,,MATCH('Summarized Modified Source Data'!$B6,Hour,0)),Season,'Summarized Modified Source Data'!$A6,Sector,'Summarized Modified Source Data'!Y$2,Subsector,'Summarized Modified Source Data'!Y$3,TimeOfWeek,$D6) -> 0
A7: Winter | B7: h4 | C7: Hour3 | D7: Weekday | E7: =SUMIFS(INDEX(Load,,MATCH('Summarized Modified Source Data'!$B7,Hour,0)),Season,'Summarized Modified Source Data'!$A7,Sector,'Summarized Modified Source Data'!E$2,Subsector,'Summarized Modified Source Data'!E$3,TimeOfWeek,$D7) -> 66700000 | F7: =SUMIFS(INDEX(Load,,MATCH('Summarized Modified Source Data'!$B7,Hour,0)),Season,'Summarized Modified Source Data'!$A7,Sector,'Summarized Modified Source Data'!F$2,Subsector,'Summarized Modified Source Data'!F$3,TimeOfWeek,$D7) -> 95154 | G7: =SUMIFS(INDEX(Load,,MATCH('Summarized Modified Source Data'!$B7,Hour,0)),Season,'Summarized Modified Source Data'!$A7,Sector,'Summarized Modified Source Data'!G$2,Subsector,'Summarized Modified Source Data'!G$3,TimeOfWeek,$D7) -> 0 | H7: =SUMIFS(INDEX(Load,,MATCH('Summarized Modified Source Data'!$B7,Hour,0)),Season,'Summarized Modified Source Data'!$A7,Sector,'Summarized Modified Source Data'!H$2,Subsector,'Summarized Modified Source Data'!H$3,TimeOfWeek,$D7) -> 43400000 | I7: =SUMIFS(INDEX(Load,,MATCH('Summarized Modified Source Data'!$B7,Hour,0)),Season,'Summarized Modified Source Data'!$A7,Sector,'Summarized Modified Source Data'!I$2,Subsector,'Summarized Modified Source Data'!I$3,TimeOfWeek,$D7) -> 12142740 | J7: =I7 -> 12142740 | K7: =SUMIFS(INDEX(Load,,MATCH('Summarized Modified Source Data'!$B7,Hour,0)),Season,'Summarized Modified Source Data'!$A7,Sector,'Summarized Modified Source Data'!K$2,Subsector,'Summarized Modified Source Data'!K$3,TimeOfWeek,$D7) -> 117500000 | L7: =SUMIFS(INDEX(Load,,MATCH('Summarized Modified Source Data'!$B7,Hour,0)),Season,'Summarized Modified Source Data'!$A7,Sector,'Summarized Modified Source Data'!L$2,Subsector,'Summarized Modified Source Data'!L$3,TimeOfWeek,$D7) -> 225972 | M7: =SUMIFS(INDEX(Load,,MATCH('Summarized Modified Source Data'!$B7,Hour,0)),Season,'Summarized Modified Source Data'!$A7,Sector,'Summarized Modified Source Data'!M$2,Subsector,'Summarized Modified Source Data'!M$3,TimeOfWeek,$D7) -> 0 | N7: =O7 -> 628274028 | O7: =SUMIFS(INDEX(Load,,MATCH('Summarized Modified Source Data'!$B7,Hour,0)),Season,'Summarized Modified Source Data'!$A7,Sector,'Summarized Modified Source Data'!O$2,Subsector,"Total",TimeOfWeek,$D7)-SUM(K7:M7) -> 628274028 | P7: =O7 -> 628274028 | Q7: {=SUMIFS(INDEX(Load,,MATCH('Summarized Modified Source Data'!$B7,Hour,0)),Season,'Summarized Modified Source Data'!$A7,Sector,'Summarized Modified Source Data'!Q$2,TimeOfWeek,$D7)*LDVs} -> 5556274.7 | R7: {=SUMIFS(INDEX(Load,,MATCH('Summarized Modified Source Data'!$B7,Hour,0)),Season,'Summarized Modified Source Data'!$A7,Sector,'Summarized Modified Source Data'!R$2,TimeOfWeek,$D7)*HDVs} -> 2618149.2 | S7: =SUMIFS(INDEX(Load,,MATCH('Summarized Modified Source Data'!$B7,Hour,0)),Season,'Summarized Modified Source Data'!$A7,Sector,'Summarized Modified Source Data'!S$2,TimeOfWeek,$D7)*Aircraft -> 0 | T7: =SUMIFS(INDEX(Load,,MATCH('Summarized Modified Source Data'!$B7,Hour,0)),Season,'Summarized Modified Source Data'!$A7,Sector,'Summarized Modified Source Data'!T$2,TimeOfWeek,$D7)*Rail -> 11398587 | U7: =SUMIFS(INDEX(Load,,MATCH('Summarized Modified Source Data'!$B7,Hour,0)),Season,'Summarized Modified Source Data'!$A7,Sector,'Summarized Modified Source Data'!U$2,TimeOfWeek,$D7)*Ships -> 0 | V7: =SUMIFS(INDEX(Load,,MATCH('Summarized Modified Source Data'!$B7,Hour,0)),Season,'Summarized Modified Source Data'!$A7,Sector,'Summarized Modified Source Data'!V$2,TimeOfWeek,$D7)*Motorbikes -> 0 | W7: =SUMIFS(INDEX(Load,,MATCH('Summarized Modified Source Data'!$B7,Hour,0)),Season,'Summarized Modified Source Data'!$A7,Sector,'Summarized Modified Source Data'!W$2,Subsector,'Summarized Modified Source Data'!W$3,TimeOfWeek,$D7) -> 2602000000 | X7: =SUMIFS(INDEX(Load,,MATCH('Summarized Modified Source Data'!$B7,Hour,0)),Season,'Summarized Modified Source Data'!$A7,Sector,'Summarized Modified Source Data'!X$2,Subsector,'Summarized Modified Source Data'!X$3,TimeOfWeek,$D7) -> 0 | Y7: =SUMIFS(INDEX(Load,,MATCH('Summarized Modified Source Data'!$B7,Hour,0)),Season,'Summarized Modified Source Data'!$A7,Sector,'Summarized Modified Source Data'!Y$2,Subsector,'Summarized Modified Source Data'!Y$3,TimeOfWeek,$D7) -> 0
A8: Winter | B8: h5 | C8: Hour4 | D8: Weekday | E8: =SUMIFS(INDEX(Load,,MATCH('Summarized Modified Source Data'!$B8,Hour,0)),Season,'Summarized Modified Source Data'!$A8,Sector,'Summarized Modified Source Data'!E$2,Subsector,'Summarized Modified Source Data'!E$3,TimeOfWeek,$D8) -> 65300000 | F8: =SUMIFS(INDEX(Load,,MATCH('Summarized Modified Source Data'!$B8,Hour,0)),Season,'Summarized Modified Source Data'!$A8,Sector,'Summarized Modified Source Data'!F$2,Subsector,'Summarized Modified Source Data'!F$3,TimeOfWeek,$D8) -> 92747 | G8: =SUMIFS(INDEX(Load,,MATCH('Summarized Modified Source Data'!$B8,Hour,0)),Season,'Summarized Modified Source Data'!$A8,Sector,'Summarized Modified Source Data'!G$2,Subsector,'Summarized Modified Source Data'!G$3,TimeOfWeek,$D8) -> 0 | H8: =SUMIFS(INDEX(Load,,MATCH('Summarized Modified Source Data'!$B8,Hour,0)),Season,'Summarized Modified Source Data'!$A8,Sector,'Summarized Modified Source Data'!H$2,Subsector,'Summarized Modified Source Data'!H$3,TimeOfWeek,$D8) -> 56000000 | I8: =SUMIFS(INDEX(Load,,MATCH('Summarized Modified Source Data'!$B8,Hour,0)),Season,'Summarized Modified Source Data'!$A8,Sector,'Summarized Modified Source Data'!I$2,Subsector,'Summarized Modified Source Data'!I$3,TimeOfWeek,$D8) -> 17038162 | J8: =I8 -> 17038162 | K8: =SUMIFS(INDEX(Load,,MATCH('Summarized Modified Source Data'!$B8,Hour,0)),Season,'Summarized Modified Source Data'!$A8,Sector,'Summarized Modified Source Data'!K$2,Subsector,'Summarized Modified Source Data'!K$3,TimeOfWeek,$D8) -> 123300000 | L8: =SUMIFS(INDEX(Load,,MATCH('Summarized Modified Source Data'!$B8,Hour,0)),Season,'Summarized Modified Source Data'!$A8,Sector,'Summarized Modified Source Data'!L$2,Subsector,'Summarized Modified Source Data'!L$3,TimeOfWeek,$D8) -> 225249 | M8: =SUMIFS(INDEX(Load,,MATCH('Summarized Modified Source Data'!$B8,Hour,0)),Season,'Summarized Modified Source Data'!$A8,Sector,'Summarized Modified Source Data'!M$2,Subsector,'Summarized Modified Source Data'!M$3,TimeOfWeek,$D8) -> 0 | N8: =O8 -> 668474751 | O8: =SUMIFS(INDEX(Load,,MATCH('Summarized Modified Source Data'!$B8,Hour,0)),Season,'Summarized Modified Source Data'!$A8,Sector,'Summarized Modified Source Data'!O$2,Subsector,"Total",TimeOfWeek,$D8)-SUM(K8:M8) -> 668474751 | P8: =O8 -> 668474751 | Q8: {=SUMIFS(INDEX(Load,,MATCH('Summarized Modified Source Data'!$B8,Hour,0)),Season,'Summarized Modified Source Data'!$A8,Sector,'Summarized Modified Source Data'!Q$2,TimeOfWeek,$D8)*LDVs} -> 5536434.2 | R8: {=SUMIFS(INDEX(Load,,MATCH('Summarized Modified Source Data'!$B8,Hour,0)),Season,'Summarized Modified Source Data'!$A8,Sector,'Summarized Modified Source Data'!R$2,TimeOfWeek,$D8)*HDVs} -> 2608800.3 | S8: =SUMIFS(INDEX(Load,,MATCH('Summarized Modified Source Data'!$B8,Hour,0)),Season,'Summarized Modified Source Data'!$A8,Sector,'Summarized Modified Source Data'!S$2,TimeOfWeek,$D8)*Aircraft -> 0 | T8: =SUMIFS(INDEX(Load,,MATCH('Summarized Modified Source Data'!$B8,Hour,0)),Season,'Summarized Modified Source Data'!$A8,Sector,'Summarized Modified Source Data'!T$2,TimeOfWeek,$D8)*Rail -> 11357885 | U8: =SUMIFS(INDEX(Load,,MATCH('Summarized Modified Source Data'!$B8,Hour,0)),Season,'Summarized Modified Source Data'!$A8,Sector,'Summarized Modified Source Data'!U$2,TimeOfWeek,$D8)*Ships -> 0 | V8: =SUMIFS(INDEX(Load,,MATCH('Summarized Modified Source Data'!$B8,Hour,0)),Season,'Summarized Modified Source Data'!$A8,Sector,'Summarized Modified Source Data'!V$2,TimeOfWeek,$D8)*Motorbikes -> 0 | W8: =SUMIFS(INDEX(Load,,MATCH('Summarized Modified Source Data'!$B8,Hour,0)),Season,'Summarized Modified Source Data'!$A8,Sector,'Summarized Modified Source Data'!W$2,Subsector,'Summarized Modified Source Data'!W$3,TimeOfWeek,$D8) -> 2610000000 | X8: =SUMIFS(INDEX(Load,,MATCH('Summarized Modified Source Data'!$B8,Hour,0)),Season,'Summarized Modified Source Data'!$A8,Sector,'Summarized Modified Source Data'!X$2,Subsector,'Summarized Modified Source Data'!X$3,TimeOfWeek,$D8) -> 0 | Y8: =SUMIFS(INDEX(Load,,MATCH('Summarized Modified Source Data'!$B8,Hour,0)),Season,'Summarized Modified Source Data'!$A8,Sector,'Summarized Modified Source Data'!Y$2,Subsector,'Summarized Modified Source Data'!Y$3,TimeOfWeek,$D8) -> 0
A9: Winter | B9: h6 | C9: Hour5 | D9: Weekday | E9: =SUMIFS(INDEX(Load,,MATCH('Summarized Modified Source Data'!$B9,Hour,0)),Season,'Summarized Modified Source Data'!$A9,Sector,'Summarized Modified Source Data'!E$2,Subsector,'Summarized Modified Source Data'!E$3,TimeOfWeek,$D9) -> 80700000 | F9: =SUMIFS(INDEX(Load,,MATCH('Summarized Modified Source Data'!$B9,Hour,0)),Season,'Summarized Modified Source Data'!$A9,Sector,'Summarized Modified Source Data'!F$2,Subsector,'Summarized Modified Source Data'!F$3,TimeOfWeek,$D9) -> 85280 | G9: =SUMIFS(INDEX(Load,,MATCH('Summarized Modified Source Data'!$B9,Hour,0)),Season,'Summarized Modified Source Data'!$A9,Sector,'Summarized Modified Source Data'!G$2,Subsector,'Summarized Modified Source Data'!G$3,TimeOfWeek,$D9) -> 0 | H9: =SUMIFS(INDEX(Load,,MATCH('Summarized Modified Source Data'!$B9,Hour,0)),Season,'Summarized Modified Source Data'!$A9,Sector,'Summarized Modified Source Data'!H$2,Subsector,'Summarized Modified Source Data'!H$3,TimeOfWeek,$D9) -> 96200000 | I9: =SUMIFS(INDEX(Load,,MATCH('Summarized Modified Source Data'!$B9,Hour,0)),Season,'Summarized Modified Source Data'!$A9,Sector,'Summarized Modified Source Data'!I$2,Subsector,'Summarized Modified Source Data'!I$3,TimeOfWeek,$D9) -> 37795167 | J9: =I9 -> 37795167 | K9: =SUMIFS(INDEX(Load,,MATCH('Summarized Modified Source Data'!$B9,Hour,0)),Season,'Summarized Modified Source Data'!$A9,Sector,'Summarized Modified Source Data'!K$2,Subsector,'Summarized Modified Source Data'!K$3,TimeOfWeek,$D9) -> 125700000 | L9: =SUMIFS(INDEX(Load,,MATCH('Summarized Modified Source Data'!$B9,Hour,0)),Season,'Summarized Modified Source Data'!$A9,Sector,'Summarized Modified Source Data'!L$2,Subsector,'Summarized Modified Source Data'!L$3,TimeOfWeek,$D9) -> 232291 | M9: =SUMIFS(INDEX(Load,,MATCH('Summarized Modified Source Data'!$B9,Hour,0)),Season,'Summarized Modified Source Data'!$A9,Sector,'Summarized Modified Source Data'!M$2,Subsector,'Summarized Modified Source Data'!M$3,TimeOfWeek,$D9) -> 0 | N9: =O9 -> 782067709 | O9: =SUMIFS(INDEX(Load,,MATCH('Summarized Modified Source Data'!$B9,Hour,0)),Season,'Summarized Modified Source Data'!$A9,Sector,'Summarized Modified Source Data'!O$2,Subsector,"Total",TimeOfWeek,$D9)-SUM(K9:M9) -> 782067709 | P9: =O9 -> 782067709 | Q9: {=SUMIFS(INDEX(Load,,MATCH('Summarized Modified Source Data'!$B9,Hour,0)),Season,'Summarized Modified Source Data'!$A9,Sector,'Summarized Modified Source Data'!Q$2,TimeOfWeek,$D9)*LDVs} -> 5687690.3 | R9: {=SUMIFS(INDEX(Load,,MATCH('Summarized Modified Source Data'!$B9,Hour,0)),Season,'Summarized Modified Source Data'!$A9,Sector,'Summarized Modified Source Data'!R$2,TimeOfWeek,$D9)*HDVs} -> 2680073.1 | S9: =SUMIFS(INDEX(Load,,MATCH('Summarized Modified Source Data'!$B9,Hour,0)),Season,'Summarized Modified Source Data'!$A9,Sector,'Summarized Modified Source Data'!S$2,TimeOfWeek,$D9)*Aircraft -> 0 | T9: =SUMIFS(INDEX(Load,,MATCH('Summarized Modified Source Data'!$B9,Hour,0)),Season,'Summarized Modified Source Data'!$A9,Sector,'Summarized Modified Source Data'!T$2,TimeOfWeek,$D9)*Rail -> 11668184 | U9: =SUMIFS(INDEX(Load,,MATCH('Summarized Modified Source Data'!$B9,Hour,0)),Season,'Summarized Modified Source Data'!$A9,Sector,'Summarized Modified Source Data'!U$2,TimeOfWeek,$D9)*Ships -> 0 | V9: =SUMIFS(INDEX(Load,,MATCH('Summarized Modified Source Data'!$B9,Hour,0)),Season,'Summarized Modified Source Data'!$A9,Sector,'Summarized Modified Source Data'!V$2,TimeOfWeek,$D9)*Motorbikes -> 0 | W9: =SUMIFS(INDEX(Load,,MATCH('Summarized Modified Source Data'!$B9,Hour,0)),Season,'Summarized Modified Source Data'!$A9,Sector,'Summarized Modified Source Data'!W$2,Subsector,'Summarized Modified Source Data'!W$3,TimeOfWeek,$D9) -> 2628000000 | X9: =SUMIFS(INDEX(Load,,MATCH('Summarized Modified Source Data'!$B9,Hour,0)),Season,'Summarized Modified Source Data'!$A9,Sector,'Summarized Modified Source Data'!X$2,Subsector,'Summarized Modified Source Data'!X$3,TimeOfWeek,$D9) -> 0 | Y9: =SUMIFS(INDEX(Load,,MATCH('Summarized Modified Source Data'!$B9,Hour,0)),Season,'Summarized Modified Source Data'!$A9,Sector,'Summarized Modified Source Data'!Y$2,Subsector,'Summarized Modified Source Data'!Y$3,TimeOfWeek,$D9) -> 0
