Workbook
Name Fraction_coal: About!$C$31
Name gal_per_barrel: [1]About!$A$63
Name Percent_rural: About!$A$67
Name Percent_urban: About!$A$66
Name quadrillion: About!$B$69
Name Table4: #REF!
Name Table4_1: #REF!
Name Table4_1_22: #REF!
Name Table4_22: #REF!
Name Table4_A: #REF!
Name Table4_A_22: #REF!
Name Table5: #REF!
Name Table5_1: #REF!
Name Table5_1_22: #REF!
Name Table5_22: #REF!
Name Table5_A: #REF!
Name Table5_A_22: #REF!

Sheet About
A1: BCEU BAU Components Energy Use
A3: Sources: | B3: Commercial & Public
B4: KOSIS
B5: 2020
B6: Commercial and Public sector energy consumption
B7: https://kosis.kr/statHtml/statHtml.do?orgId=115&tblId=DT_F_C845&vw_cd=MT_ZTITLE&list_id=11505_001&seqNo=&lang_mode=ko&language=kor&obj_var_id=&itm_id=&conn_path=MT_ZTITLE
B10: Residential
B11: KOSIS
B12: 2023
B13: 2023 LONG-TERM ENERGY OUTLOOK
B14: https://www.kesis.net/sub/sub_0005_01.jsp?M_MENU_ID=M_M_002&S_MENU_ID=S_M_017&CATEGORY_ID=C_012&SEQ=46
A17: Notes:
A18: Start year data is from SYCEU
A22: Assumption:
A23: Classification ETC. in the Korean Data set is classified as biomass as it is mainly used for heating
A24: Gasoline is classified as petroleum diesel
A25: Applications include cooking
A26: Heating inlucdes hot-water. Since floor heating using hot water is the main heating method in South Korea, it is not possible to distinguish hot water consumption from heating.
A27: For residential, we assumed the energy consumption pattern in 2018 was not changed until 2019
A28: This data does not include the AIDC energy demand outlook for mega-projects announced in 2026. Therefore, instead of subtracting the power demand estimated under BDCL's mid (BAU) scenario, we estimated and deducted data centers' share of power consumption based on current trends and outlook.
A30: 1 TOE to mmBTU | B30: 39.6831
A31: 1kWh to BTU | B31: =3412.142 -> 3412.142
A32: City Gas Nm3 to MJ | B32: 43.54
A33: MJ to BTU | B33: 947.817
A34: Coal kg to kcal | B34: 4600
A35: kcal to BTU | B35: 3.968318
A36: LPG kg to MJ | B36: 50.4
A37: Urban population rate | B37: 0.918 | C37: https://www.index.go.kr/potal/main/EachDtlPageDetail.do?idx_cd=1200
A38: 1 TWh to BTU | B38: =B31*10^9 -> 3412142000000
A65: Urban Residential Split
A66: =#REF!/(#REF!+#REF!) -> #REF! | B66: Urban
A67: =#REF!/(#REF!+#REF!) -> #REF! | B67: Rural
A69: Quadrillion | B69: =10^15 -> 1e+15

Sheet 2019
A1: Commercial | B1: heating | C1: cooling & ventilation | D1: envelope | E1: lighting | F1: appliances | G1: other | J1: 2019 | K1: heating | L1: cooling & ventilation | M1: envelope | N1: lighting | O1: appliances | P1: other
A2: electricity (BTU) | B2: 1.2735493e+14 | C2: 1.8634151e+14 | D2: 0 | E2: 1.0713124e+14 | F2: 6.6524925e+13 | G2: 6.9300936e+13 | J2: electricity | K2: 1.2735493e+14 | L2: 1.8634151e+14 | M2: 0 | N2: 1.0713124e+14 | O2: 6.6524925e+13 | P2: 6.9300936e+13
A3: coal (BTU) | B3: 1.5703357e+12 | C3: 0 | D3: 0 | E3: 0 | F3: 2.9674625e+11 | G3: 0 | J3: coal | K3: 1.5703357e+12 | L3: 0 | M3: 0 | N3: 0 | O3: 2.9674625e+11 | P3: 0
A4: natural gas (BTU) | B4: 6.6164125e+13 | C4: 2.665169e+13 | D4: 0 | E4: 0 | F4: 7.8014927e+13 | G4: 0 | J4: natural gas | K4: 6.6164125e+13 | L4: 2.665169e+13 | M4: 0 | N4: 0 | O4: 7.8014927e+13 | P4: 0
A5: petroleum diesel (BTU) | B5: 5.9394489e+11 | C5: 0 | D5: 0 | E5: 0 | F5: 1.7271434e+12 | G5: 0 | J5: petroleum diesel | K5: 5.9394489e+11 | L5: 0 | M5: 0 | N5: 0 | O5: 1.7271434e+12 | P5: 0
A6: heat (BTU) | B6: 1.0941281e+13 | C6: 8.864768e+11 | D6: 0 | E6: 0 | F6: 0 | G6: 0 | J6: heat | K6: 1.0941281e+13 | L6: 8.864768e+11 | M6: 0 | N6: 0 | O6: 0 | P6: 0
A7: biomass (BTU) | B7: 6.2674694e+12 | C7: 2.1338793e+12 | D7: 0 | E7: 2.1901897e+12 | F7: 3.2403513e+12 | G7: 3.7934266e+12 | J7: etc | K7: 6.2674694e+12 | L7: 2.1338793e+12 | M7: 0 | N7: 2.1901897e+12 | O7: 3.2403513e+12 | P7: 3.7934266e+12
A8: kerosene (BTU) | B8: 1.5264172e+13 | C8: 0 | D8: 0 | E8: 0 | F8: 1.5221921e+12 | G8: 0 | J8: kerosene | K8: 1.5264172e+13 | L8: 0 | M8: 0 | N8: 0 | O8: 1.5221921e+12 | P8: 0
A9: heavy or residual fuel oil (BTU) | B9: 1.809724e+12 | C9: 0 | D9: 0 | E9: 0 | F9: 21702687390 | G9: 0 | J9: heavy or residual fuel oil | K9: 1.809724e+12 | L9: 0 | M9: 0 | N9: 0 | O9: 21702687390 | P9: 0
A10: LPG propane or butane (BTU) | B10: 1.3033097e+13 | C10: 1.739842e+12 | D10: 0 | E10: 0 | F10: 2.1475942e+13 | G10: 0 | J10: LPG propane or butane | K10: 1.3033097e+13 | L10: 1.739842e+12 | M10: 0 | N10: 0 | O10: 2.1475942e+13 | P10: 0
A11: hydrogen (BTU) | B11: 0 | C11: 0 | D11: 0 | E11: 0 | F11: 0 | G11: 0 | J11: hydrogen | K11: 0 | L11: 0 | M11: 0 | N11: 0 | O11: 0 | P11: 0
A13: Urban residential | B13: heating | C13: cooling & ventilation | D13: envelope | E13: lighting | F13: appliances | G13: other | J13: 2019 | K13: heating | L13: cooling & ventilation | M13: envelope | N13: lighting | O13: appliances | P13: other
A14: electricity (BTU) | B14: =K14*About!$B$37 -> 6.4335875e+13 | C14: =L14*About!$B$37 -> 36429085800000 | D14: =M14*About!$B$37 -> 0 | E14: =N14*About!$B$37 -> 36429085800000 | F14: =O14*About!$B$37 -> 8.353707e+13 | G14: =P14*About!$B$37 -> 0 | J14: electricity | K14: 7.0082653e+13 | L14: 39683100000000 | N14: 39683100000000 | O14: 9.0998987e+13
A15: coal (BTU) | B15: =K15*About!$B$37 -> 1.0785423e+13 | C15: =L15*About!$B$37 -> 0 | D15: =M15*About!$B$37 -> 0 | E15: =N15*About!$B$37 -> 0 | F15: =O15*About!$B$37 -> 0 | G15: =P15*About!$B$37 -> 0 | J15: coal | K15: 1.1748827e+13
A16: natural gas (BTU) | B16: =K16*About!$B$37 -> 3.159941e+14 | C16: =L16*About!$B$37 -> 0 | D16: =M16*About!$B$37 -> 0 | E16: =N16*About!$B$37 -> 0 | F16: =O16*About!$B$37 -> 6.6287631e+13 | G16: =P16*About!$B$37 -> 0 | J16: natural gas | K16: 3.4422015e+14 | O16: 7.2208749e+13
A17: petroleum diesel (BTU) | B17: =K17*About!$B$37 -> 0 | C17: =L17*About!$B$37 -> 0 | D17: =M17*About!$B$37 -> 0 | E17: =N17*About!$B$37 -> 0 | F17: =O17*About!$B$37 -> 0 | G17: =P17*About!$B$37 -> 0 | J17: petroleum diesel
A18: heat (BTU) | B18: =K18*About!$B$37 -> 75772498464000 | C18: =L18*About!$B$37 -> 0 | D18: =M18*About!$B$37 -> 0 | E18: =N18*About!$B$37 -> 0 | F18: =O18*About!$B$37 -> 0 | G18: =P18*About!$B$37 -> 0 | J18: heat | K18: 82540848000000
A19: biomass (BTU) | B19: =K19*About!$B$37 -> 4.8304968e+12 | C19: =L19*About!$B$37 -> 0 | D19: =M19*About!$B$37 -> 0 | E19: =N19*About!$B$37 -> 0 | F19: =O19*About!$B$37 -> 0 | G19: =P19*About!$B$37 -> 0 | J19: biomass | K19: 5.2619791e+12
A20: kerosene (BTU) | B20: =K20*About!$B$37 -> 0 | C20: =L20*About!$B$37 -> 0 | D20: =M20*About!$B$37 -> 0 | E20: =N20*About!$B$37 -> 0 | F20: =O20*About!$B$37 -> 0 | G20: =P20*About!$B$37 -> 0 | J20: kerosene
A21: heavy or residual fuel oil (BTU) | B21: =K21*About!$B$37 -> 5.7204593e+13 | C21: =L21*About!$B$37 -> 0 | D21: =M21*About!$B$37 -> 0 | E21: =N21*About!$B$37 -> 0 | F21: =O21*About!$B$37 -> 0 | G21: =P21*About!$B$37 -> 0 | J21: heavy or residual fuel oil | K21: 6.2314372e+13
A22: LPG propane or butane (BTU) | B22: =K22*About!$B$37 -> 1.7513305e+13 | C22: =L22*About!$B$37 -> 0 | D22: =M22*About!$B$37 -> 0 | E22: =N22*About!$B$37 -> 0 | F22: =O22*About!$B$37 -> 3.6738518e+12 | G22: =P22*About!$B$37 -> 0 | J22: LPG propane or butane | K22: 1.9077674e+13 | O22: 4.0020172e+12
A23: hydrogen (BTU) | B23: =K23*About!$B$37 -> 0 | C23: =L23*About!$B$37 -> 0 | D23: =M23*About!$B$37 -> 0 | E23: =N23*About!$B$37 -> 0 | F23: =O23*About!$B$37 -> 0 | G23: =P23*About!$B$37 -> 0 | J23: hydrogen
A25: Rural residential | B25: heating | C25: cooling & ventilation | D25: envelope | E25: lighting | F25: appliances | G25: other
A26: electricity (BTU) | B26: =K14*(1-About!$B$37) -> 5.7467775e+12 | C26: =L14*(1-About!$B$37) -> 3.2540142e+12 | D26: =M14*(1-About!$B$37) -> 0 | E26: =N14*(1-About!$B$37) -> 3.2540142e+12 | F26: =O14*(1-About!$B$37) -> 7.4619169e+12 | G26: =P14*(1-About!$B$37) -> 0
A27: coal (BTU) | B27: =K15*(1-About!$B$37) -> 9.634038e+11 | C27: =L15*(1-About!$B$37) -> 0 | D27: =M15*(1-About!$B$37) -> 0 | E27: =N15*(1-About!$B$37) -> 0 | F27: =O15*(1-About!$B$37) -> 0 | G27: =P15*(1-About!$B$37) -> 0
A28: natural gas (BTU) | B28: =K16*(1-About!$B$37) -> 2.8226052e+13 | C28: =L16*(1-About!$B$37) -> 0 | D28: =M16*(1-About!$B$37) -> 0 | E28: =N16*(1-About!$B$37) -> 0 | F28: =O16*(1-About!$B$37) -> 5.9211174e+12 | G28: =P16*(1-About!$B$37) -> 0
A29: petroleum diesel (BTU) | B29: =K17*(1-About!$B$37) -> 0 | C29: =L17*(1-About!$B$37) -> 0 | D29: =M17*(1-About!$B$37) -> 0 | E29: =N17*(1-About!$B$37) -> 0 | F29: =O17*(1-About!$B$37) -> 0 | G29: =P17*(1-About!$B$37) -> 0
A30: heat (BTU) | B30: =K18*(1-About!$B$37) -> 6.7683495e+12 | C30: =L18*(1-About!$B$37) -> 0 | D30: =M18*(1-About!$B$37) -> 0 | E30: =N18*(1-About!$B$37) -> 0 | F30: =O18*(1-About!$B$37) -> 0 | G30: =P18*(1-About!$B$37) -> 0
A31: biomass (BTU) | B31: =K19*(1-About!$B$37) -> 4.3148228e+11 | C31: =L19*(1-About!$B$37) -> 0 | D31: =M19*(1-About!$B$37) -> 0 | E31: =N19*(1-About!$B$37) -> 0 | F31: =O19*(1-About!$B$37) -> 0 | G31: =P19*(1-About!$B$37) -> 0
A32: kerosene (BTU) | B32: =K20*(1-About!$B$37) -> 0 | C32: =L20*(1-About!$B$37) -> 0 | D32: =M20*(1-About!$B$37) -> 0 | E32: =N20*(1-About!$B$37) -> 0 | F32: =O20*(1-About!$B$37) -> 0 | G32: =P20*(1-About!$B$37) -> 0
A33: heavy or residual fuel oil (BTU) | B33: =K21*(1-About!$B$37) -> 5.1097785e+12 | C33: =L21*(1-About!$B$37) -> 0 | D33: =M21*(1-About!$B$37) -> 0 | E33: =N21*(1-About!$B$37) -> 0 | F33: =O21*(1-About!$B$37) -> 0 | G33: =P21*(1-About!$B$37) -> 0
A34: LPG propane or butane (BTU) | B34: =K22*(1-About!$B$37) -> 1.5643692e+12 | C34: =L22*(1-About!$B$37) -> 0 | D34: =M22*(1-About!$B$37) -> 0 | E34: =N22*(1-About!$B$37) -> 0 | F34: =O22*(1-About!$B$37) -> 3.2816541e+11 | G34: =P22*(1-About!$B$37) -> 0
A35: hydrogen (BTU) | B35: =K23*(1-About!$B$37) -> 0 | C35: =L23*(1-About!$B$37) -> 0 | D35: =M23*(1-About!$B$37) -> 0 | E35: =N23*(1-About!$B$37) -> 0 | F35: =O23*(1-About!$B$37) -> 0 | G35: =P23*(1-About!$B$37) -> 0

Sheet 2020
A1: Commercial | B1: heating | C1: cooling & ventilation | D1: envelope | E1: lighting | F1: appliances | G1: other | I1: 2020 | J1: heating | K1: cooling & ventilation | L1: envelope | M1: lighting | N1: appliances | O1: other
A2: electricity (BTU) | B2: =J2 -> 1.2931108e+14 | C2: =K2 -> 1.8920368e+14 | D2: =L2 -> 0 | E2: =M2 -> 1.0877676e+14 | F2: =N2 -> 6.7546743e+13 | G2: =O2 -> 7.0365393e+13 | I2: electricity | J2: 1.2931108e+14 | K2: 1.8920368e+14 | L2: 0 | M2: 1.0877676e+14 | N2: 6.7546743e+13 | O2: 7.0365393e+13
A3: coal (BTU) | B3: =J3 -> 0 | C3: =K3 -> 0 | D3: =L3 -> 0 | E3: =M3 -> 0 | F3: =N3 -> 0 | G3: =O3 -> 0 | I3: coal | J3: 0 | K3: 0 | L3: 0 | M3: 0 | N3: 0 | O3: 0
A4: natural gas (BTU) | B4: =J4 -> 5.5991398e+13 | C4: =K4 -> 2.2553995e+13 | D4: =L4 -> 0 | E4: =M4 -> 0 | F4: =N4 -> 6.602014e+13 | G4: =O4 -> 0 | I4: natural gas | J4: 5.5991398e+13 | K4: 2.2553995e+13 | L4: 0 | M4: 0 | N4: 6.602014e+13 | O4: 0
A5: petroleum diesel (BTU) | B5: =J5 -> 5.846401e+11 | C5: =K5 -> 0 | D5: =L5 -> 0 | E5: =M5 -> 0 | F5: =N5 -> 1.6526834e+12 | G5: =O5 -> 0 | I5: petroleum diesel | J5: 5.846401e+11 | K5: 0 | L5: 0 | M5: 0 | N5: 1.6526834e+12 | O5: 0
A6: heat (BTU) | B6: =J6 -> 1.5013939e+13 | C6: =K6 -> 1.2164488e+12 | D6: =L6 -> 0 | E6: =M6 -> 0 | F6: =N6 -> 0 | G6: =O6 -> 0 | I6: heat | J6: 1.5013939e+13 | K6: 1.2164488e+12 | L6: 0 | M6: 0 | N6: 0 | O6: 0
A7: biomass (BTU) | B7: =J7 -> 2.0178874e+13 | C7: =K7 -> 6.870282e+12 | D7: =L7 -> 0 | E7: =M7 -> 7.0515799e+12 | F7: =N7 -> 1.0432702e+13 | G7: =O7 -> 1.2213395e+13 | I7: etc | J7: 2.0178874e+13 | K7: 6.870282e+12 | L7: 0 | M7: 7.0515799e+12 | N7: 1.0432702e+13 | O7: 1.2213395e+13
A8: kerosene (BTU) | B8: =J8 -> 3.0210189e+13 | C8: =K8 -> 0 | D8: =L8 -> 0 | E8: =M8 -> 0 | F8: =N8 -> 3.0126568e+12 | G8: =O8 -> 0 | I8: kerosene | J8: 3.0210189e+13 | K8: 0 | L8: 0 | M8: 0 | N8: 3.0126568e+12 | O8: 0
A9: heavy or residual fuel oil (BTU) | B9: =J9 -> 3.9145574e+12 | C9: =K9 -> 0 | D9: =L9 -> 0 | E9: =M9 -> 0 | F9: =N9 -> 4.2320868e+10 | G9: =O9 -> 0 | I9: heavy or residual fuel oil | J9: 3.9145574e+12 | K9: 0 | L9: 0 | M9: 0 | N9: 4.2320868e+10 | O9: 0
A10: LPG propane or butane (BTU) | B10: =J10 -> 2.6751169e+13 | C10: =K10 -> 3.5643139e+12 | D10: =L10 -> 0 | E10: =M10 -> 0 | F10: =N10 -> 4.4126089e+13 | G10: =O10 -> 0 | I10: LPG propane or butane | J10: 2.6751169e+13 | K10: 3.5643139e+12 | L10: 0 | M10: 0 | N10: 4.4126089e+13 | O10: 0
A11: hydrogen (BTU) | B11: =J11 -> 0 | C11: =K11 -> 0 | D11: =L11 -> 0 | E11: =M11 -> 0 | F11: =N11 -> 0 | G11: =O11 -> 0 | I11: hydrogen | J11: 0 | K11: 0 | L11: 0 | M11: 0 | N11: 0 | O11: 0
A13: Urban residential | B13: heating | C13: cooling & ventilation | D13: envelope | E13: lighting | F13: appliances | G13: other | I13: 2020 (BTU) | J13: heating | K13: cooling & ventilation | L13: envelope | M13: lighting | N13: appliances | O13: other
A14: electricity (BTU) | B14: =J14*About!$B$37 -> 6.7639098e+13 | C14: =K14*About!$B$37 -> 3.8299479e+13 | D14: =L14*About!$B$37 -> 0 | E14: =M14*About!$B$37 -> 3.8299479e+13 | F14: =N14*About!$B$37 -> 8.7826148e+13 | G14: =O14*About!$B$37 -> 0 | I14: electricity | J14: 7.3680935e+13 | K14: 4.1720566e+13 | M14: 4.1720566e+13 | N14: 9.5671185e+13
A15: coal (BTU) | B15: =J15*About!$B$37 -> 7.9961843e+12 | C15: =K15*About!$B$37 -> 0 | D15: =L15*About!$B$37 -> 0 | E15: =M15*About!$B$37 -> 0 | F15: =N15*About!$B$37 -> 0 | G15: =O15*About!$B$37 -> 0 | I15: coal | J15: 8.7104405e+12
A16: natural gas (BTU) | B16: =J16*About!$B$37 -> 3.2823293e+14 | C16: =K16*About!$B$37 -> 0 | D16: =L16*About!$B$37 -> 0 | E16: =M16*About!$B$37 -> 0 | F16: =N16*About!$B$37 -> 6.8855032e+13 | G16: =O16*About!$B$37 -> 0 | I16: natural gas | J16: 3.5755221e+14 | N16: 7.5005481e+13
A17: petroleum diesel (BTU) | B17: =J17*About!$B$37 -> 0 | C17: =K17*About!$B$37 -> 0 | D17: =L17*About!$B$37 -> 0 | E17: =M17*About!$B$37 -> 0 | F17: =N17*About!$B$37 -> 0 | G17: =O17*About!$B$37 -> 0 | I17: petroleum diesel
A18: heat (BTU) | B18: =J18*About!$B$37 -> 80129417125680 | C18: =K18*About!$B$37 -> 0 | D18: =L18*About!$B$37 -> 0 | E18: =M18*About!$B$37 -> 0 | F18: =N18*About!$B$37 -> 0 | G18: =O18*About!$B$37 -> 0 | I18: heat | J18: 87286946760000
A19: biomass (BTU) | B19: =J19*About!$B$37 -> 4611922262280 | C19: =K19*About!$B$37 -> 0 | D19: =L19*About!$B$37 -> 0 | E19: =M19*About!$B$37 -> 0 | F19: =N19*About!$B$37 -> 0 | G19: =O19*About!$B$37 -> 0 | I19: biomass | J19: 5023880460000
A20: kerosene (BTU) | B20: =J20*About!$B$37 -> 0 | C20: =K20*About!$B$37 -> 0 | D20: =L20*About!$B$37 -> 0 | E20: =M20*About!$B$37 -> 0 | F20: =N20*About!$B$37 -> 0 | G20: =O20*About!$B$37 -> 0 | I20: kerosene
A21: heavy or residual fuel oil (BTU) | B21: =J21*About!$B$37 -> 5.5753146e+13 | C21: =K21*About!$B$37 -> 0 | D21: =L21*About!$B$37 -> 0 | E21: =M21*About!$B$37 -> 0 | F21: =N21*About!$B$37 -> 0 | G21: =O21*About!$B$37 -> 0 | I21: heavy or residual fuel oil | J21: 6.0733274e+13
A22: LPG propane or butane (BTU) | B22: =J22*About!$B$37 -> 1.7068941e+13 | C22: =K22*About!$B$37 -> 0 | D22: =L22*About!$B$37 -> 0 | E22: =M22*About!$B$37 -> 0 | F22: =N22*About!$B$37 -> 3.5806354e+12 | G22: =O22*About!$B$37 -> 0 | I22: LPG propane or butane | J22: 1.8593617e+13 | N22: 3.9004743e+12
A23: hydrogen (BTU) | B23: =J23*About!$B$37 -> 0 | C23: =K23*About!$B$37 -> 0 | D23: =L23*About!$B$37 -> 0 | E23: =M23*About!$B$37 -> 0 | F23: =N23*About!$B$37 -> 0 | G23: =O23*About!$B$37 -> 0 | I23: hydrogen
A25: Rural residential | B25: heating | C25: cooling & ventilation | D25: envelope | E25: lighting | F25: appliances | G25: other
A26: electricity (BTU) | B26: =J14*(1-About!$B$37) -> 6.0418367e+12 | C26: =K14*(1-About!$B$37) -> 3.4210864e+12 | D26: =L14*(1-About!$B$37) -> 0 | E26: =M14*(1-About!$B$37) -> 3.4210864e+12 | F26: =N14*(1-About!$B$37) -> 7.8450372e+12 | G26: =O14*(1-About!$B$37) -> 0
A27: coal (BTU) | B27: =J15*(1-About!$B$37) -> 7.1425612e+11 | C27: =K15*(1-About!$B$37) -> 0 | D27: =L15*(1-About!$B$37) -> 0 | E27: =M15*(1-About!$B$37) -> 0 | F27: =N15*(1-About!$B$37) -> 0 | G27: =O15*(1-About!$B$37) -> 0
A28: natural gas (BTU) | B28: =J16*(1-About!$B$37) -> 2.9319282e+13 | C28: =K16*(1-About!$B$37) -> 0 | D28: =L16*(1-About!$B$37) -> 0 | E28: =M16*(1-About!$B$37) -> 0 | F28: =N16*(1-About!$B$37) -> 6.1504495e+12 | G28: =O16*(1-About!$B$37) -> 0
A29: petroleum diesel (BTU) | B29: =J17*(1-About!$B$37) -> 0 | C29: =K17*(1-About!$B$37) -> 0 | D29: =L17*(1-About!$B$37) -> 0 | E29: =M17*(1-About!$B$37) -> 0 | F29: =N17*(1-About!$B$37) -> 0 | G29: =O17*(1-About!$B$37) -> 0
A30: heat (BTU) | B30: =J18*(1-About!$B$37) -> 7.1575296e+12 | C30: =K18*(1-About!$B$37) -> 0 | D30: =L18*(1-About!$B$37) -> 0 | E30: =M18*(1-About!$B$37) -> 0 | F30: =N18*(1-About!$B$37) -> 0 | G30: =O18*(1-About!$B$37) -> 0
A31: biomass (BTU) | B31: =J19*(1-About!$B$37) -> 4.119582e+11 | C31: =K19*(1-About!$B$37) -> 0 | D31: =L19*(1-About!$B$37) -> 0 | E31: =M19*(1-About!$B$37) -> 0 | F31: =N19*(1-About!$B$37) -> 0 | G31: =O19*(1-About!$B$37) -> 0
A32: kerosene (BTU) | B32: =J20*(1-About!$B$37) -> 0 | C32: =K20*(1-About!$B$37) -> 0 | D32: =L20*(1-About!$B$37) -> 0 | E32: =M20*(1-About!$B$37) -> 0 | F32: =N20*(1-About!$B$37) -> 0 | G32: =O20*(1-About!$B$37) -> 0
A33: heavy or residual fuel oil (BTU) | B33: =J21*(1-About!$B$37) -> 4.9801285e+12 | C33: =K21*(1-About!$B$37) -> 0 | D33: =L21*(1-About!$B$37) -> 0 | E33: =M21*(1-About!$B$37) -> 0 | F33: =N21*(1-About!$B$37) -> 0 | G33: =O21*(1-About!$B$37) -> 0
A34: LPG propane or butane (BTU) | B34: =J22*(1-About!$B$37) -> 1.5246766e+12 | C34: =K22*(1-About!$B$37) -> 0 | D34: =L22*(1-About!$B$37) -> 0 | E34: =M22*(1-About!$B$37) -> 0 | F34: =N22*(1-About!$B$37) -> 3.1983889e+11 | G34: =O22*(1-About!$B$37) -> 0
A35: hydrogen (BTU) | B35: =J23*(1-About!$B$37) -> 0 | C35: =K23*(1-About!$B$37) -> 0 | D35: =L23*(1-About!$B$37) -> 0 | E35: =M23*(1-About!$B$37) -> 0 | F35: =N23*(1-About!$B$37) -> 0 | G35: =O23*(1-About!$B$37) -> 0

Sheet 2021
A1: Commercial | B1: heating | C1: cooling & ventilation | D1: envelope | E1: lighting | F1: appliances | G1: other
A2: electricity (BTU) | B2: 1.3045503e+14 | C2: 1.9087747e+14 | D2: 0 | E2: 1.0973906e+14 | F2: 6.8144296e+13 | G2: 7.0987882e+13
A3: coal (BTU) | B3: 0 | C3: 0 | D3: 0 | E3: 0 | F3: 0 | G3: 0
A4: natural gas (BTU) | B4: 5.5822332e+13 | C4: 2.2485894e+13 | D4: 0 | E4: 0 | F4: 6.5820793e+13 | G4: 0
A5: petroleum diesel (BTU) | B5: 1.1630694e+12 | C5: 0 | D5: 0 | E5: 0 | F5: 3.3821113e+12 | G5: 0
A6: heat (BTU) | B6: 1.5124066e+13 | C6: 1.2253714e+12 | D6: 0 | E6: 0 | F6: 0 | G6: 0
A7: biomass (BTU) | B7: 2.1646429e+13 | C7: 7.3699389e+12 | D7: 0 | E7: 7.5644221e+12 | F7: 1.1191444e+13 | G7: 1.3101642e+13
A8: kerosene (BTU) | B8: 2.9890469e+13 | C8: 0 | D8: 0 | E8: 0 | F8: 2.9807734e+12 | G8: 0
A9: heavy or residual fuel oil (BTU) | B9: 3.5438214e+12 | C9: 0 | D9: 0 | E9: 0 | F9: 4.2498441e+10 | G9: 0
A10: LPG propane or butane (BTU) | B10: 2.5521553e+13 | C10: 3.4069778e+12 | D10: 0 | E10: 0 | F10: 4.2054426e+13 | G10: 0
A11: hydrogen (BTU) | B11: 0 | C11: 0 | D11: 0 | E11: 0 | F11: 0 | G11: 0
A13: Urban residential | B13: heating | C13: cooling & ventilation | D13: envelope | E13: lighting | F13: appliances | G13: other
A14: electricity (BTU) | B14: 7.0821278e+13 | C14: 4.0101334e+13 | D14: 0 | E14: 4.0101334e+13 | F14: 9.1958057e+13 | G14: 0
A15: coal (BTU) | B15: 7.0380994e+12 | C15: 0 | D15: 0 | E15: 0 | F15: 0 | G15: 0
A16: natural gas (BTU) | B16: 3.3435476e+14 | C16: 0 | D16: 0 | E16: 0 | F16: 7.0139238e+13 | G16: 0
A17: petroleum diesel (BTU) | B17: 0 | C17: 0 | D17: 0 | E17: 0 | F17: 0 | G17: 0
A18: heat (BTU) | B18: 82519165154160 | C18: 0 | D18: 0 | E18: 0 | F18: 0 | G18: 0
A19: biomass (BTU) | B19: 4.6301368e+12 | C19: 0 | D19: 0 | E19: 0 | F19: 0 | G19: 0
A20: kerosene (BTU) | B20: 0 | C20: 0 | D20: 0 | E20: 0 | F20: 0 | G20: 0
A21: heavy or residual fuel oil (BTU) | B21: 5.5723904e+13 | C21: 0 | D21: 0 | E21: 0 | F21: 0 | G21: 0
A22: LPG propane or butane (BTU) | B22: 1.7059988e+13 | C22: 0 | D22: 0 | E22: 0 | F22: 3.5787574e+12 | G22: 0
A23: hydrogen (BTU) | B23: 0 | C23: 0 | D23: 0 | E23: 0 | F23: 0 | G23: 0
A25: Rural residential | B25: heating | C25: cooling & ventilation | D25: envelope | E25: lighting | F25: appliances | G25: other
A26: electricity (BTU) | B26: 6.3260836e+12 | C26: 3.5820364e+12 | D26: 0 | E26: 3.5820364e+12 | F26: 8.2141184e+12 | G26: 0
A27: coal (BTU) | B27: 6.2867554e+11 | C27: 0 | D27: 0 | E27: 0 | F27: 0 | G27: 0
A28: natural gas (BTU) | B28: 2.9866111e+13 | C28: 0 | D28: 0 | E28: 0 | F28: 6.2651607e+12 | G28: 0
A29: petroleum diesel (BTU) | B29: 0 | C29: 0 | D29: 0 | E29: 0 | F29: 0 | G29: 0
A30: heat (BTU) | B30: 7.370993e+12 | C30: 0 | D30: 0 | E30: 0 | F30: 0 | G30: 0
A31: biomass (BTU) | B31: 4.135852e+11 | C31: 0 | D31: 0 | E31: 0 | F31: 0 | G31: 0
A32: kerosene (BTU) | B32: 0 | C32: 0 | D32: 0 | E32: 0 | F32: 0 | G32: 0
A33: heavy or residual fuel oil (BTU) | B33: 4.9775165e+12 | C33: 0 | D33: 0 | E33: 0 | F33: 0 | G33: 0
A34: LPG propane or butane (BTU) | B34: 1.523877e+12 | C34: 0 | D34: 0 | E34: 0 | F34: 3.1967114e+11 | G34: 0
A35: hydrogen (BTU) | B35: 0 | C35: 0 | D35: 0 | E35: 0 | F35: 0 | G35: 0

Sheet 2022
A1: Commercial | B1: heating | C1: cooling & ventilation | D1: envelope | E1: lighting | F1: appliances | G1: other
A2: electricity (BTU) | B2: 1.3791975e+14 | C2: 2.0179959e+14 | D2: 0 | E2: 1.160184e+14 | F2: 7.2043572e+13 | G2: 7.5049868e+13
A3: coal (BTU) | B3: 3.0038429e+10 | C3: 0 | D3: 0 | E3: 0 | F3: 3.571479e+10 | G3: 0
A4: natural gas (BTU) | B4: 6.0723693e+13 | C4: 2.446022e+13 | D4: 0 | E4: 0 | F4: 7.1600047e+13 | G4: 0
A5: petroleum diesel (BTU) | B5: 5.0302134e+11 | C5: 0 | D5: 0 | E5: 0 | F5: 1.4627451e+12 | G5: 0
A6: heat (BTU) | B6: 1.5028623e+13 | C6: 1.2176385e+12 | D6: 0 | E6: 0 | F6: 0 | G6: 0
A7: biomass (BTU) | B7: 1.5344411e+13 | C7: 5.224297e+12 | D7: 0 | E7: 5.3621594e+12 | F7: 7.933231e+12 | G7: 9.2873045e+12
A8: kerosene (BTU) | B8: 1.2927469e+13 | C8: 0 | D8: 0 | E8: 0 | F8: 1.2891686e+12 | G8: 0
A9: heavy or residual fuel oil (BTU) | B9: 1.5326839e+12 | C9: 0 | D9: 0 | E9: 0 | F9: 1.838035e+10 | G9: 0
A10: LPG propane or butane (BTU) | B10: 1.1037936e+13 | C10: 1.4734998e+12 | D10: 0 | E10: 0 | F10: 1.8188316e+13 | G10: 0
A11: hydrogen (BTU) | B11: 0 | C11: 0 | D11: 0 | E11: 0 | F11: 0 | G11: 0

Sheet Forecast
A2: KOSIS Forecast Page 95 | B2: Residential demand changes (annual % growth between 2022 and 2050)
A3: electricity (BTU) | B3: 0.006
A4: coal (BTU) | B4: -0.126
A5: natural gas (BTU) | B5: -0.008
A6: petroleum diesel (BTU) | B6: -0.042
A7: heat (BTU) | B7: -0.001
A8: biomass (BTU) | B8: 0.006
A9: kerosene (BTU) | B9: -0.042
A10: heavy or residual fuel oil (BTU) | B10: -0.042
A11: LPG propane or butane (BTU) | B11: -0.042
A12: hydrogen (BTU) | B12: 0.006
A14: KOSIS Forecast Page 95 | B14: Residential demand changes (% between 2022 and 2050)
A15: heating | B15: -0.01
A16: cooling & ventilation | B16: 0.025
A17: envelope | B17: 0
A18: lighting | B18: -0.006
A19: appliances | B19: 0.007
A20: other | B20: -0.014
A22: KOSIS Forecast Page 112 | B22: Commercial demand changes (% between 2022 and 2050)
A23: electricity (BTU) | B23: 0.008
A24: coal (BTU) | B24: -0.087 | C24: * following residential changes | F24: 석탄 공급 및 수요 - 연탄용
A25: natural gas (BTU) | B25: 0.02
A26: petroleum diesel (BTU) | B26: -0.048
A27: heat (BTU) | B27: 0.018
A28: biomass (BTU) | B28: 0.045
A29: kerosene (BTU) | B29: -0.048
A30: heavy or residual fuel oil (BTU) | B30: -0.048
A31: LPG propane or butane (BTU) | B31: -0.048
A32: hydrogen (BTU) | B32: 0.045

Sheet Commercial_calculation
A2: Commercial
A3: heating | B3: 2019 | C3: 2020 | D3: 2021 | E3: 2022 | F3: 2023 | G3: 2024 | H3: 2025 | I3: 2026 | J3: 2027 | K3: 2028 | L3: 2029 | M3: 2030 | N3: 2031 | O3: 2032 | P3: 2033 | Q3: 2034 | R3: 2035 | S3: 2036 | T3: 2037 | U3: 2038 | V3: 2039 | W3: 2040 | X3: 2041 | Y3: 2042 | Z3: 2043 | AA3: 2044 | AB3: 2045 | AC3: 2046 | AD3: 2047 | AE3: 2048 | AF3: 2049 | AG3: 2050
A4: electricity (BTU) | B4: =INDEX('2019'!$B$2:$G$11, MATCH($A4, '2019'!$A$2:$A$11, 0), MATCH(Commercial_calculation!$A$3, '2019'!$B$1:$G$1, 0)) -> 1.2735493e+14 | C4: =INDEX('2020'!$B$2:$G$11, MATCH($A4, '2020'!$A$2:$A$11, 0), MATCH(Commercial_calculation!$A$3, '2020'!$B$1:$G$1, 0)) -> 1.2931108e+14 | D4: =INDEX('2021'!$B$2:$G$11, MATCH($A4, '2021'!$A$2:$A$11, 0), MATCH(Commercial_calculation!$A$3, '2021'!$B$1:$G$1, 0)) -> 1.3045503e+14 | E4: =INDEX('2022'!$B$2:$G$11, MATCH($A4, '2022'!$A$2:$A$11, 0), MATCH(Commercial_calculation!$A$3, '2022'!$B$1:$G$1, 0)) -> 1.3791975e+14 | F4: =MAX(0,E4*(1+Forecast!$B23)) -> 1.3902311e+14 | G4: =MAX(0,F4*(1+Forecast!$B23)) -> 1.4013529e+14 | H4: =MAX(0,G4*(1+Forecast!$B23)) -> 1.4125638e+14 | I4: =MAX(0,H4*(1+Forecast!$B23)) -> 1.4238643e+14 | J4: =MAX(0,I4*(1+Forecast!$B23)) -> 1.4352552e+14 | K4: =MAX(0,J4*(1+Forecast!$B23)) -> 1.4467372e+14 | L4: =MAX(0,K4*(1+Forecast!$B23)) -> 1.4583111e+14 | M4: =MAX(0,L4*(1+Forecast!$B23)) -> 1.4699776e+14 | ... AG4: =MAX(0,AF4*(1+Forecast!$B23)) -> 1.7239369e+14
A5: coal (BTU) | B5: =INDEX('2019'!$B$2:$G$11, MATCH($A5, '2019'!$A$2:$A$11, 0), MATCH(Commercial_calculation!$A$3, '2019'!$B$1:$G$1, 0)) -> 1.5703357e+12 | C5: =INDEX('2020'!$B$2:$G$11, MATCH($A5, '2020'!$A$2:$A$11, 0), MATCH(Commercial_calculation!$A$3, '2020'!$B$1:$G$1, 0)) -> 0 | D5: =INDEX('2021'!$B$2:$G$11, MATCH($A5, '2021'!$A$2:$A$11, 0), MATCH(Commercial_calculation!$A$3, '2021'!$B$1:$G$1, 0)) -> 0 | E5: =INDEX('2022'!$B$2:$G$11, MATCH($A5, '2022'!$A$2:$A$11, 0), MATCH(Commercial_calculation!$A$3, '2022'!$B$1:$G$1, 0)) -> 3.0038429e+10 | F5: =MAX(0,E5*(1+Forecast!$B24)) -> 2.7425086e+10 | G5: =MAX(0,F5*(1+Forecast!$B24)) -> 2.5039104e+10 | H5: =MAX(0,G5*(1+Forecast!$B24)) -> 2.2860702e+10 | I5: =MAX(0,H5*(1+Forecast!$B24)) -> 2.0871821e+10 | J5: =MAX(0,I5*(1+Forecast!$B24)) -> 1.9055972e+10 | K5: =MAX(0,J5*(1+Forecast!$B24)) -> 1.7398103e+10 | L5: =MAX(0,K5*(1+Forecast!$B24)) -> 1.5884468e+10 | M5: =MAX(0,L5*(1+Forecast!$B24)) -> 1.4502519e+10 | ... AG5: =MAX(0,AF5*(1+Forecast!$B24)) -> 2.3488701e+09
A6: natural gas (BTU) | B6: =INDEX('2019'!$B$2:$G$11, MATCH($A6, '2019'!$A$2:$A$11, 0), MATCH(Commercial_calculation!$A$3, '2019'!$B$1:$G$1, 0)) -> 6.6164125e+13 | C6: =INDEX('2020'!$B$2:$G$11, MATCH($A6, '2020'!$A$2:$A$11, 0), MATCH(Commercial_calculation!$A$3, '2020'!$B$1:$G$1, 0)) -> 5.5991398e+13 | D6: =INDEX('2021'!$B$2:$G$11, MATCH($A6, '2021'!$A$2:$A$11, 0), MATCH(Commercial_calculation!$A$3, '2021'!$B$1:$G$1, 0)) -> 5.5822332e+13 | E6: =INDEX('2022'!$B$2:$G$11, MATCH($A6, '2022'!$A$2:$A$11, 0), MATCH(Commercial_calculation!$A$3, '2022'!$B$1:$G$1, 0)) -> 6.0723693e+13 | F6: =MAX(0,E6*(1+Forecast!$B25)) -> 6.1938167e+13 | G6: =MAX(0,F6*(1+Forecast!$B25)) -> 6.317693e+13 | H6: =MAX(0,G6*(1+Forecast!$B25)) -> 6.4440469e+13 | I6: =MAX(0,H6*(1+Forecast!$B25)) -> 6.5729278e+13 | J6: =MAX(0,I6*(1+Forecast!$B25)) -> 6.7043864e+13 | K6: =MAX(0,J6*(1+Forecast!$B25)) -> 6.8384741e+13 | L6: =MAX(0,K6*(1+Forecast!$B25)) -> 6.9752436e+13 | M6: =MAX(0,L6*(1+Forecast!$B25)) -> 7.1147484e+13 | ... AG6: =MAX(0,AF6*(1+Forecast!$B25)) -> 1.0572142e+14
A7: petroleum diesel (BTU) | B7: =INDEX('2019'!$B$2:$G$11, MATCH($A7, '2019'!$A$2:$A$11, 0), MATCH(Commercial_calculation!$A$3, '2019'!$B$1:$G$1, 0)) -> 5.9394489e+11 | C7: =INDEX('2020'!$B$2:$G$11, MATCH($A7, '2020'!$A$2:$A$11, 0), MATCH(Commercial_calculation!$A$3, '2020'!$B$1:$G$1, 0)) -> 5.846401e+11 | D7: =INDEX('2021'!$B$2:$G$11, MATCH($A7, '2021'!$A$2:$A$11, 0), MATCH(Commercial_calculation!$A$3, '2021'!$B$1:$G$1, 0)) -> 1.1630694e+12 | E7: =INDEX('2022'!$B$2:$G$11, MATCH($A7, '2022'!$A$2:$A$11, 0), MATCH(Commercial_calculation!$A$3, '2022'!$B$1:$G$1, 0)) -> 5.0302134e+11 | F7: =MAX(0,E7*(1+Forecast!$B26)) -> 4.7887632e+11 | G7: =MAX(0,F7*(1+Forecast!$B26)) -> 4.5589026e+11 | H7: =MAX(0,G7*(1+Forecast!$B26)) -> 4.3400752e+11 | I7: =MAX(0,H7*(1+Forecast!$B26)) -> 4.1317516e+11 | J7: =MAX(0,I7*(1+Forecast!$B26)) -> 3.9334276e+11 | K7: =MAX(0,J7*(1+Forecast!$B26)) -> 3.744623e+11 | L7: =MAX(0,K7*(1+Forecast!$B26)) -> 3.5648811e+11 | M7: =MAX(0,L7*(1+Forecast!$B26)) -> 3.3937668e+11 | ... AG7: =MAX(0,AF7*(1+Forecast!$B26)) -> 1.2688812e+11
A8: heat (BTU) | B8: =INDEX('2019'!$B$2:$G$11, MATCH($A8, '2019'!$A$2:$A$11, 0), MATCH(Commercial_calculation!$A$3, '2019'!$B$1:$G$1, 0)) -> 1.0941281e+13 | C8: =INDEX('2020'!$B$2:$G$11, MATCH($A8, '2020'!$A$2:$A$11, 0), MATCH(Commercial_calculation!$A$3, '2020'!$B$1:$G$1, 0)) -> 1.5013939e+13 | D8: =INDEX('2021'!$B$2:$G$11, MATCH($A8, '2021'!$A$2:$A$11, 0), MATCH(Commercial_calculation!$A$3, '2021'!$B$1:$G$1, 0)) -> 1.5124066e+13 | E8: =INDEX('2022'!$B$2:$G$11, MATCH($A8, '2022'!$A$2:$A$11, 0), MATCH(Commercial_calculation!$A$3, '2022'!$B$1:$G$1, 0)) -> 1.5028623e+13 | F8: =MAX(0,E8*(1+Forecast!$B27)) -> 1.5299138e+13 | G8: =MAX(0,F8*(1+Forecast!$B27)) -> 1.5574522e+13 | H8: =MAX(0,G8*(1+Forecast!$B27)) -> 1.5854864e+13 | I8: =MAX(0,H8*(1+Forecast!$B27)) -> 1.6140251e+13 | J8: =MAX(0,I8*(1+Forecast!$B27)) -> 1.6430776e+13 | K8: =MAX(0,J8*(1+Forecast!$B27)) -> 1.672653e+13 | L8: =MAX(0,K8*(1+Forecast!$B27)) -> 1.7027607e+13 | M8: =MAX(0,L8*(1+Forecast!$B27)) -> 1.7334104e+13 | ... AG8: =MAX(0,AF8*(1+Forecast!$B27)) -> 2.4766062e+13
A9: biomass (BTU) | B9: =INDEX('2019'!$B$2:$G$11, MATCH($A9, '2019'!$A$2:$A$11, 0), MATCH(Commercial_calculation!$A$3, '2019'!$B$1:$G$1, 0)) -> 6.2674694e+12 | C9: =INDEX('2020'!$B$2:$G$11, MATCH($A9, '2020'!$A$2:$A$11, 0), MATCH(Commercial_calculation!$A$3, '2020'!$B$1:$G$1, 0)) -> 2.0178874e+13 | D9: =INDEX('2021'!$B$2:$G$11, MATCH($A9, '2021'!$A$2:$A$11, 0), MATCH(Commercial_calculation!$A$3, '2021'!$B$1:$G$1, 0)) -> 2.1646429e+13 | E9: =INDEX('2022'!$B$2:$G$11, MATCH($A9, '2022'!$A$2:$A$11, 0), MATCH(Commercial_calculation!$A$3, '2022'!$B$1:$G$1, 0)) -> 1.5344411e+13 | F9: =MAX(0,E9*(1+Forecast!$B28)) -> 1.603491e+13 | G9: =MAX(0,F9*(1+Forecast!$B28)) -> 1.6756481e+13 | H9: =MAX(0,G9*(1+Forecast!$B28)) -> 1.7510522e+13 | I9: =MAX(0,H9*(1+Forecast!$B28)) -> 1.8298496e+13 | J9: =MAX(0,I9*(1+Forecast!$B28)) -> 1.9121928e+13 | K9: =MAX(0,J9*(1+Forecast!$B28)) -> 1.9982415e+13 | L9: =MAX(0,K9*(1+Forecast!$B28)) -> 2.0881623e+13 | M9: =MAX(0,L9*(1+Forecast!$B28)) -> 2.1821296e+13 | ... AG9: =MAX(0,AF9*(1+Forecast!$B28)) -> 5.2626727e+13
A10: kerosene (BTU) | B10: =INDEX('2019'!$B$2:$G$11, MATCH($A10, '2019'!$A$2:$A$11, 0), MATCH(Commercial_calculation!$A$3, '2019'!$B$1:$G$1, 0)) -> 1.5264172e+13 | C10: =INDEX('2020'!$B$2:$G$11, MATCH($A10, '2020'!$A$2:$A$11, 0), MATCH(Commercial_calculation!$A$3, '2020'!$B$1:$G$1, 0)) -> 3.0210189e+13 | D10: =INDEX('2021'!$B$2:$G$11, MATCH($A10, '2021'!$A$2:$A$11, 0), MATCH(Commercial_calculation!$A$3, '2021'!$B$1:$G$1, 0)) -> 2.9890469e+13 | E10: =INDEX('2022'!$B$2:$G$11, MATCH($A10, '2022'!$A$2:$A$11, 0), MATCH(Commercial_calculation!$A$3, '2022'!$B$1:$G$1, 0)) -> 1.2927469e+13 | F10: =MAX(0,E10*(1+Forecast!$B29)) -> 1.2306951e+13 | G10: =MAX(0,F10*(1+Forecast!$B29)) -> 1.1716217e+13 | H10: =MAX(0,G10*(1+Forecast!$B29)) -> 1.1153839e+13 | I10: =MAX(0,H10*(1+Forecast!$B29)) -> 1.0618454e+13 | J10: =MAX(0,I10*(1+Forecast!$B29)) -> 1.0108768e+13 | K10: =MAX(0,J10*(1+Forecast!$B29)) -> 9.6235476e+12 | L10: =MAX(0,K10*(1+Forecast!$B29)) -> 9.1616173e+12 | M10: =MAX(0,L10*(1+Forecast!$B29)) -> 8.7218597e+12 | ... AG10: =MAX(0,AF10*(1+Forecast!$B29)) -> 3.2609795e+12
A11: heavy or residual fuel oil (BTU) | B11: =INDEX('2019'!$B$2:$G$11, MATCH($A11, '2019'!$A$2:$A$11, 0), MATCH(Commercial_calculation!$A$3, '2019'!$B$1:$G$1, 0)) -> 1.809724e+12 | C11: =INDEX('2020'!$B$2:$G$11, MATCH($A11, '2020'!$A$2:$A$11, 0), MATCH(Commercial_calculation!$A$3, '2020'!$B$1:$G$1, 0)) -> 3.9145574e+12 | D11: =INDEX('2021'!$B$2:$G$11, MATCH($A11, '2021'!$A$2:$A$11, 0), MATCH(Commercial_calculation!$A$3, '2021'!$B$1:$G$1, 0)) -> 3.5438214e+12 | E11: =INDEX('2022'!$B$2:$G$11, MATCH($A11, '2022'!$A$2:$A$11, 0), MATCH(Commercial_calculation!$A$3, '2022'!$B$1:$G$1, 0)) -> 1.5326839e+12 | F11: =MAX(0,E11*(1+Forecast!$B30)) -> 1.4591151e+12 | G11: =MAX(0,F11*(1+Forecast!$B30)) -> 1.3890776e+12 | H11: =MAX(0,G11*(1+Forecast!$B30)) -> 1.3224018e+12 | I11: =MAX(0,H11*(1+Forecast!$B30)) -> 1.2589265e+12 | J11: =MAX(0,I11*(1+Forecast!$B30)) -> 1.1984981e+12 | K11: =MAX(0,J11*(1+Forecast!$B30)) -> 1.1409702e+12 | L11: =MAX(0,K11*(1+Forecast!$B30)) -> 1.0862036e+12 | M11: =MAX(0,L11*(1+Forecast!$B30)) -> 1.0340658e+12 | ... AG11: =MAX(0,AF11*(1+Forecast!$B30)) -> 3.8662252e+11
A12: LPG propane or butane (BTU) | B12: =INDEX('2019'!$B$2:$G$11, MATCH($A12, '2019'!$A$2:$A$11, 0), MATCH(Commercial_calculation!$A$3, '2019'!$B$1:$G$1, 0)) -> 1.3033097e+13 | C12: =INDEX('2020'!$B$2:$G$11, MATCH($A12, '2020'!$A$2:$A$11, 0), MATCH(Commercial_calculation!$A$3, '2020'!$B$1:$G$1, 0)) -> 2.6751169e+13 | D12: =INDEX('2021'!$B$2:$G$11, MATCH($A12, '2021'!$A$2:$A$11, 0), MATCH(Commercial_calculation!$A$3, '2021'!$B$1:$G$1, 0)) -> 2.5521553e+13 | E12: =INDEX('2022'!$B$2:$G$11, MATCH($A12, '2022'!$A$2:$A$11, 0), MATCH(Commercial_calculation!$A$3, '2022'!$B$1:$G$1, 0)) -> 1.1037936e+13 | F12: =MAX(0,E12*(1+Forecast!$B31)) -> 1.0508115e+13 | G12: =MAX(0,F12*(1+Forecast!$B31)) -> 1.0003726e+13 | H12: =MAX(0,G12*(1+Forecast!$B31)) -> 9.5235469e+12 | I12: =MAX(0,H12*(1+Forecast!$B31)) -> 9.0664166e+12 | J12: =MAX(0,I12*(1+Forecast!$B31)) -> 8.6312286e+12 | K12: =MAX(0,J12*(1+Forecast!$B31)) -> 8.2169297e+12 | L12: =MAX(0,K12*(1+Forecast!$B31)) -> 7.822517e+12 | M12: =MAX(0,L12*(1+Forecast!$B31)) -> 7.4470362e+12 | ... AG12: =MAX(0,AF12*(1+Forecast!$B31)) -> 2.7843411e+12
A13: hydrogen (BTU) | B13: =INDEX('2019'!$B$2:$G$11, MATCH($A13, '2019'!$A$2:$A$11, 0), MATCH(Commercial_calculation!$A$3, '2019'!$B$1:$G$1, 0)) -> 0 | C13: =INDEX('2020'!$B$2:$G$11, MATCH($A13, '2020'!$A$2:$A$11, 0), MATCH(Commercial_calculation!$A$3, '2020'!$B$1:$G$1, 0)) -> 0 | D13: =INDEX('2021'!$B$2:$G$11, MATCH($A13, '2021'!$A$2:$A$11, 0), MATCH(Commercial_calculation!$A$3, '2021'!$B$1:$G$1, 0)) -> 0 | E13: =INDEX('2022'!$B$2:$G$11, MATCH($A13, '2022'!$A$2:$A$11, 0), MATCH(Commercial_calculation!$A$3, '2022'!$B$1:$G$1, 0)) -> 0 | F13: =MAX(0,E13*(1+Forecast!$B32)) -> 0 | G13: =MAX(0,F13*(1+Forecast!$B32)) -> 0 | H13: =MAX(0,G13*(1+Forecast!$B32)) -> 0 | I13: =MAX(0,H13*(1+Forecast!$B32)) -> 0 | J13: =MAX(0,I13*(1+Forecast!$B32)) -> 0 | K13: =MAX(0,J13*(1+Forecast!$B32)) -> 0 | L13: =MAX(0,K13*(1+Forecast!$B32)) -> 0 | M13: =MAX(0,L13*(1+Forecast!$B32)) -> 0 | ... AG13: =MAX(0,AF13*(1+Forecast!$B32)) -> 0
A15: cooling & ventilation | B15: 2019 | C15: 2020 | D15: 2021 | E15: 2022 | F15: 2023 | G15: 2024 | H15: 2025 | I15: 2026 | J15: 2027 | K15: 2028 | L15: 2029 | M15: 2030 | N15: 2031 | O15: 2032 | P15: 2033 | Q15: 2034 | R15: 2035 | S15: 2036 | T15: 2037 | U15: 2038 | V15: 2039 | W15: 2040 | X15: 2041 | Y15: 2042 | Z15: 2043 | AA15: 2044 | AB15: 2045 | AC15: 2046 | AD15: 2047 | AE15: 2048 | AF15: 2049 | AG15: 2050
A16: electricity (BTU) | B16: =INDEX('2019'!$B$2:$G$11, MATCH($A16, '2019'!$A$2:$A$11, 0), MATCH(Commercial_calculation!$A$15, '2019'!$B$1:$G$1, 0)) -> 1.8634151e+14 | C16: =INDEX('2020'!$B$2:$G$11, MATCH($A16, '2020'!$A$2:$A$11, 0), MATCH(Commercial_calculation!$A$15, '2020'!$B$1:$G$1, 0)) -> 1.8920368e+14 | D16: =INDEX('2021'!$B$2:$G$11, MATCH($A16, '2021'!$A$2:$A$11, 0), MATCH(Commercial_calculation!$A$15, '2021'!$B$1:$G$1, 0)) -> 1.9087747e+14 | E16: =INDEX('2022'!$B$2:$G$11, MATCH($A16, '2022'!$A$2:$A$11, 0), MATCH(Commercial_calculation!$A$15, '2022'!$B$1:$G$1, 0)) -> 2.0179959e+14 | F16: =MAX(0,E16*(1+Forecast!$B23)) -> 2.0341398e+14 | G16: =MAX(0,F16*(1+Forecast!$B23)) -> 205041293658569 | H16: =MAX(0,G16*(1+Forecast!$B23)) -> 2.0668162e+14 | I16: =MAX(0,H16*(1+Forecast!$B23)) -> 2.0833508e+14 | J16: =MAX(0,I16*(1+Forecast!$B23)) -> 2.1000176e+14 | K16: =MAX(0,J16*(1+Forecast!$B23)) -> 2.1168177e+14 | L16: =MAX(0,K16*(1+Forecast!$B23)) -> 2.1337523e+14 | M16: =MAX(0,L16*(1+Forecast!$B23)) -> 2.1508223e+14 | ... AG16: =MAX(0,AF16*(1+Forecast!$B23)) -> 2.522407e+14
A17: coal (BTU) | B17: =INDEX('2019'!$B$2:$G$11, MATCH($A17, '2019'!$A$2:$A$11, 0), MATCH(Commercial_calculation!$A$15, '2019'!$B$1:$G$1, 0)) -> 0 | C17: =INDEX('2020'!$B$2:$G$11, MATCH($A17, '2020'!$A$2:$A$11, 0), MATCH(Commercial_calculation!$A$15, '2020'!$B$1:$G$1, 0)) -> 0 | D17: =INDEX('2021'!$B$2:$G$11, MATCH($A17, '2021'!$A$2:$A$11, 0), MATCH(Commercial_calculation!$A$15, '2021'!$B$1:$G$1, 0)) -> 0 | E17: =INDEX('2022'!$B$2:$G$11, MATCH($A17, '2022'!$A$2:$A$11, 0), MATCH(Commercial_calculation!$A$15, '2022'!$B$1:$G$1, 0)) -> 0 | F17: =MAX(0,E17*(1+Forecast!$B24)) -> 0 | G17: =MAX(0,F17*(1+Forecast!$B24)) -> 0 | H17: =MAX(0,G17*(1+Forecast!$B24)) -> 0 | I17: =MAX(0,H17*(1+Forecast!$B24)) -> 0 | J17: =MAX(0,I17*(1+Forecast!$B24)) -> 0 | K17: =MAX(0,J17*(1+Forecast!$B24)) -> 0 | L17: =MAX(0,K17*(1+Forecast!$B24)) -> 0 | M17: =MAX(0,L17*(1+Forecast!$B24)) -> 0 | ... AG17: =MAX(0,AF17*(1+Forecast!$B24)) -> 0
A18: natural gas (BTU) | B18: =INDEX('2019'!$B$2:$G$11, MATCH($A18, '2019'!$A$2:$A$11, 0), MATCH(Commercial_calculation!$A$15, '2019'!$B$1:$G$1, 0)) -> 2.665169e+13 | C18: =INDEX('2020'!$B$2:$G$11, MATCH($A18, '2020'!$A$2:$A$11, 0), MATCH(Commercial_calculation!$A$15, '2020'!$B$1:$G$1, 0)) -> 2.2553995e+13 | D18: =INDEX('2021'!$B$2:$G$11, MATCH($A18, '2021'!$A$2:$A$11, 0), MATCH(Commercial_calculation!$A$15, '2021'!$B$1:$G$1, 0)) -> 2.2485894e+13 | E18: =INDEX('2022'!$B$2:$G$11, MATCH($A18, '2022'!$A$2:$A$11, 0), MATCH(Commercial_calculation!$A$15, '2022'!$B$1:$G$1, 0)) -> 2.446022e+13 | F18: =MAX(0,E18*(1+Forecast!$B25)) -> 2.4949424e+13 | G18: =MAX(0,F18*(1+Forecast!$B25)) -> 2.5448413e+13 | H18: =MAX(0,G18*(1+Forecast!$B25)) -> 2.5957381e+13 | I18: =MAX(0,H18*(1+Forecast!$B25)) -> 2.6476528e+13 | J18: =MAX(0,I18*(1+Forecast!$B25)) -> 2.7006059e+13 | K18: =MAX(0,J18*(1+Forecast!$B25)) -> 2.754618e+13 | L18: =MAX(0,K18*(1+Forecast!$B25)) -> 2.8097104e+13 | M18: =MAX(0,L18*(1+Forecast!$B25)) -> 2.8659046e+13 | ... AG18: =MAX(0,AF18*(1+Forecast!$B25)) -> 4.2585835e+13
A19: petroleum diesel (BTU) | B19: =INDEX('2019'!$B$2:$G$11, MATCH($A19, '2019'!$A$2:$A$11, 0), MATCH(Commercial_calculation!$A$15, '2019'!$B$1:$G$1, 0)) -> 0 | C19: =INDEX('2020'!$B$2:$G$11, MATCH($A19, '2020'!$A$2:$A$11, 0), MATCH(Commercial_calculation!$A$15, '2020'!$B$1:$G$1, 0)) -> 0 | D19: =INDEX('2021'!$B$2:$G$11, MATCH($A19, '2021'!$A$2:$A$11, 0), MATCH(Commercial_calculation!$A$15, '2021'!$B$1:$G$1, 0)) -> 0 | E19: =INDEX('2022'!$B$2:$G$11, MATCH($A19, '2022'!$A$2:$A$11, 0), MATCH(Commercial_calculation!$A$15, '2022'!$B$1:$G$1, 0)) -> 0 | F19: =MAX(0,E19*(1+Forecast!$B26)) -> 0 | G19: =MAX(0,F19*(1+Forecast!$B26)) -> 0 | H19: =MAX(0,G19*(1+Forecast!$B26)) -> 0 | I19: =MAX(0,H19*(1+Forecast!$B26)) -> 0 | J19: =MAX(0,I19*(1+Forecast!$B26)) -> 0 | K19: =MAX(0,J19*(1+Forecast!$B26)) -> 0 | L19: =MAX(0,K19*(1+Forecast!$B26)) -> 0 | M19: =MAX(0,L19*(1+Forecast!$B26)) -> 0 | ... AG19: =MAX(0,AF19*(1+Forecast!$B26)) -> 0
A20: heat (BTU) | B20: =INDEX('2019'!$B$2:$G$11, MATCH($A20, '2019'!$A$2:$A$11, 0), MATCH(Commercial_calculation!$A$15, '2019'!$B$1:$G$1, 0)) -> 8.864768e+11 | C20: =INDEX('2020'!$B$2:$G$11, MATCH($A20, '2020'!$A$2:$A$11, 0), MATCH(Commercial_calculation!$A$15, '2020'!$B$1:$G$1, 0)) -> 1.2164488e+12 | D20: =INDEX('2021'!$B$2:$G$11, MATCH($A20, '2021'!$A$2:$A$11, 0), MATCH(Commercial_calculation!$A$15, '2021'!$B$1:$G$1, 0)) -> 1.2253714e+12 | E20: =INDEX('2022'!$B$2:$G$11, MATCH($A20, '2022'!$A$2:$A$11, 0), MATCH(Commercial_calculation!$A$15, '2022'!$B$1:$G$1, 0)) -> 1.2176385e+12 | F20: =MAX(0,E20*(1+Forecast!$B27)) -> 1.239556e+12 | G20: =MAX(0,F20*(1+Forecast!$B27)) -> 1.261868e+12 | H20: =MAX(0,G20*(1+Forecast!$B27)) -> 1.2845816e+12 | I20: =MAX(0,H20*(1+Forecast!$B27)) -> 1.3077041e+12 | J20: =MAX(0,I20*(1+Forecast!$B27)) -> 1.3312427e+12 | K20: =MAX(0,J20*(1+Forecast!$B27)) -> 1.3552051e+12 | L20: =MAX(0,K20*(1+Forecast!$B27)) -> 1.3795988e+12 | M20: =MAX(0,L20*(1+Forecast!$B27)) -> 1.4044316e+12 | ... AG20: =MAX(0,AF20*(1+Forecast!$B27)) -> 2.0065785e+12
A21: biomass (BTU) | B21: =INDEX('2019'!$B$2:$G$11, MATCH($A21, '2019'!$A$2:$A$11, 0), MATCH(Commercial_calculation!$A$15, '2019'!$B$1:$G$1, 0)) -> 2.1338793e+12 | C21: =INDEX('2020'!$B$2:$G$11, MATCH($A21, '2020'!$A$2:$A$11, 0), MATCH(Commercial_calculation!$A$15, '2020'!$B$1:$G$1, 0)) -> 6.870282e+12 | D21: =INDEX('2021'!$B$2:$G$11, MATCH($A21, '2021'!$A$2:$A$11, 0), MATCH(Commercial_calculation!$A$15, '2021'!$B$1:$G$1, 0)) -> 7.3699389e+12 | E21: =INDEX('2022'!$B$2:$G$11, MATCH($A21, '2022'!$A$2:$A$11, 0), MATCH(Commercial_calculation!$A$15, '2022'!$B$1:$G$1, 0)) -> 5.224297e+12 | F21: =MAX(0,E21*(1+Forecast!$B28)) -> 5.4593904e+12 | G21: =MAX(0,F21*(1+Forecast!$B28)) -> 5.7050629e+12 | H21: =MAX(0,G21*(1+Forecast!$B28)) -> 5.9617908e+12 | I21: =MAX(0,H21*(1+Forecast!$B28)) -> 6.2300713e+12 | J21: =MAX(0,I21*(1+Forecast!$B28)) -> 6.5104245e+12 | K21: =MAX(0,J21*(1+Forecast!$B28)) -> 6.8033937e+12 | L21: =MAX(0,K21*(1+Forecast!$B28)) -> 7.1095464e+12 | M21: =MAX(0,L21*(1+Forecast!$B28)) -> 7.429476e+12 | ... AG21: =MAX(0,AF21*(1+Forecast!$B28)) -> 1.7917771e+13
A22: kerosene (BTU) | B22: =INDEX('2019'!$B$2:$G$11, MATCH($A22, '2019'!$A$2:$A$11, 0), MATCH(Commercial_calculation!$A$15, '2019'!$B$1:$G$1, 0)) -> 0 | C22: =INDEX('2020'!$B$2:$G$11, MATCH($A22, '2020'!$A$2:$A$11, 0), MATCH(Commercial_calculation!$A$15, '2020'!$B$1:$G$1, 0)) -> 0 | D22: =INDEX('2021'!$B$2:$G$11, MATCH($A22, '2021'!$A$2:$A$11, 0), MATCH(Commercial_calculation!$A$15, '2021'!$B$1:$G$1, 0)) -> 0 | E22: =INDEX('2022'!$B$2:$G$11, MATCH($A22, '2022'!$A$2:$A$11, 0), MATCH(Commercial_calculation!$A$15, '2022'!$B$1:$G$1, 0)) -> 0 | F22: =MAX(0,E22*(1+Forecast!$B29)) -> 0 | G22: =MAX(0,F22*(1+Forecast!$B29)) -> 0 | H22: =MAX(0,G22*(1+Forecast!$B29)) -> 0 | I22: =MAX(0,H22*(1+Forecast!$B29)) -> 0 | J22: =MAX(0,I22*(1+Forecast!$B29)) -> 0 | K22: =MAX(0,J22*(1+Forecast!$B29)) -> 0 | L22: =MAX(0,K22*(1+Forecast!$B29)) -> 0 | M22: =MAX(0,L22*(1+Forecast!$B29)) -> 0 | ... AG22: =MAX(0,AF22*(1+Forecast!$B29)) -> 0
A23: heavy or residual fuel oil (BTU) | B23: =INDEX('2019'!$B$2:$G$11, MATCH($A23, '2019'!$A$2:$A$11, 0), MATCH(Commercial_calculation!$A$15, '2019'!$B$1:$G$1, 0)) -> 0 | C23: =INDEX('2020'!$B$2:$G$11, MATCH($A23, '2020'!$A$2:$A$11, 0), MATCH(Commercial_calculation!$A$15, '2020'!$B$1:$G$1, 0)) -> 0 | D23: =INDEX('2021'!$B$2:$G$11, MATCH($A23, '2021'!$A$2:$A$11, 0), MATCH(Commercial_calculation!$A$15, '2021'!$B$1:$G$1, 0)) -> 0 | E23: =INDEX('2022'!$B$2:$G$11, MATCH($A23, '2022'!$A$2:$A$11, 0), MATCH(Commercial_calculation!$A$15, '2022'!$B$1:$G$1, 0)) -> 0 | F23: =MAX(0,E23*(1+Forecast!$B30)) -> 0 | G23: =MAX(0,F23*(1+Forecast!$B30)) -> 0 | H23: =MAX(0,G23*(1+Forecast!$B30)) -> 0 | I23: =MAX(0,H23*(1+Forecast!$B30)) -> 0 | J23: =MAX(0,I23*(1+Forecast!$B30)) -> 0 | K23: =MAX(0,J23*(1+Forecast!$B30)) -> 0 | L23: =MAX(0,K23*(1+Forecast!$B30)) -> 0 | M23: =MAX(0,L23*(1+Forecast!$B30)) -> 0 | ... AG23: =MAX(0,AF23*(1+Forecast!$B30)) -> 0
A24: LPG propane or butane (BTU) | B24: =INDEX('2019'!$B$2:$G$11, MATCH($A24, '2019'!$A$2:$A$11, 0), MATCH(Commercial_calculation!$A$15, '2019'!$B$1:$G$1, 0)) -> 1.739842e+12 | C24: =INDEX('2020'!$B$2:$G$11, MATCH($A24, '2020'!$A$2:$A$11, 0), MATCH(Commercial_calculation!$A$15, '2020'!$B$1:$G$1, 0)) -> 3.5643139e+12 | D24: =INDEX('2021'!$B$2:$G$11, MATCH($A24, '2021'!$A$2:$A$11, 0), MATCH(Commercial_calculation!$A$15, '2021'!$B$1:$G$1, 0)) -> 3.4069778e+12 | E24: =INDEX('2022'!$B$2:$G$11, MATCH($A24, '2022'!$A$2:$A$11, 0), MATCH(Commercial_calculation!$A$15, '2022'!$B$1:$G$1, 0)) -> 1.4734998e+12 | F24: =MAX(0,E24*(1+Forecast!$B31)) -> 1.4027718e+12 | G24: =MAX(0,F24*(1+Forecast!$B31)) -> 1.3354388e+12 | H24: =MAX(0,G24*(1+Forecast!$B31)) -> 1.2713377e+12 | I24: =MAX(0,H24*(1+Forecast!$B31)) -> 1.2103135e+12 | J24: =MAX(0,I24*(1+Forecast!$B31)) -> 1.1522184e+12 | K24: =MAX(0,J24*(1+Forecast!$B31)) -> 1.0969119e+12 | L24: =MAX(0,K24*(1+Forecast!$B31)) -> 1.0442602e+12 | M24: =MAX(0,L24*(1+Forecast!$B31)) -> 9.9413569e+11 | ... AG24: =MAX(0,AF24*(1+Forecast!$B31)) -> 3.7169321e+11
A25: hydrogen (BTU) | B25: =INDEX('2019'!$B$2:$G$11, MATCH($A25, '2019'!$A$2:$A$11, 0), MATCH(Commercial_calculation!$A$15, '2019'!$B$1:$G$1, 0)) -> 0 | C25: =INDEX('2020'!$B$2:$G$11, MATCH($A25, '2020'!$A$2:$A$11, 0), MATCH(Commercial_calculation!$A$15, '2020'!$B$1:$G$1, 0)) -> 0 | D25: =INDEX('2021'!$B$2:$G$11, MATCH($A25, '2021'!$A$2:$A$11, 0), MATCH(Commercial_calculation!$A$15, '2021'!$B$1:$G$1, 0)) -> 0 | E25: =INDEX('2022'!$B$2:$G$11, MATCH($A25, '2022'!$A$2:$A$11, 0), MATCH(Commercial_calculation!$A$15, '2022'!$B$1:$G$1, 0)) -> 0 | F25: =MAX(0,E25*(1+Forecast!$B32)) -> 0 | G25: =MAX(0,F25*(1+Forecast!$B32)) -> 0 | H25: =MAX(0,G25*(1+Forecast!$B32)) -> 0 | I25: =MAX(0,H25*(1+Forecast!$B32)) -> 0 | J25: =MAX(0,I25*(1+Forecast!$B32)) -> 0 | K25: =MAX(0,J25*(1+Forecast!$B32)) -> 0 | L25: =MAX(0,K25*(1+Forecast!$B32)) -> 0 | M25: =MAX(0,L25*(1+Forecast!$B32)) -> 0 | ... AG25: =MAX(0,AF25*(1+Forecast!$B32)) -> 0
A27: envelope | B27: 2019 | C27: 2020 | D27: 2021 | E27: 2022 | F27: 2023 | G27: 2024 | H27: 2025 | I27: 2026 | J27: 2027 | K27: 2028 | L27: 2029 | M27: 2030 | N27: 2031 | O27: 2032 | P27: 2033 | Q27: 2034 | R27: 2035 | S27: 2036 | T27: 2037 | U27: 2038 | V27: 2039 | W27: 2040 | X27: 2041 | Y27: 2042 | Z27: 2043 | AA27: 2044 | AB27: 2045 | AC27: 2046 | AD27: 2047 | AE27: 2048 | AF27: 2049 | AG27: 2050
A28: electricity (BTU) | B28: =INDEX('2019'!$B$2:$G$11, MATCH($A28, '2019'!$A$2:$A$11, 0), MATCH(Commercial_calculation!$A$27, '2019'!$B$1:$G$1, 0)) -> 0 | C28: =INDEX('2020'!$B$2:$G$11, MATCH($A28, '2020'!$A$2:$A$11, 0), MATCH(Commercial_calculation!$A$27, '2020'!$B$1:$G$1, 0)) -> 0 | D28: =INDEX('2021'!$B$2:$G$11, MATCH($A28, '2021'!$A$2:$A$11, 0), MATCH(Commercial_calculation!$A$27, '2021'!$B$1:$G$1, 0)) -> 0 | E28: =MAX(0,D28*(1+Forecast!$B23)) -> 0 | F28: =MAX(0,E28*(1+Forecast!$B23)) -> 0 | G28: =MAX(0,F28*(1+Forecast!$B23)) -> 0 | H28: =MAX(0,G28*(1+Forecast!$B23)) -> 0 | I28: =MAX(0,H28*(1+Forecast!$B23)) -> 0 | J28: =MAX(0,I28*(1+Forecast!$B23)) -> 0 | K28: =MAX(0,J28*(1+Forecast!$B23)) -> 0 | L28: =MAX(0,K28*(1+Forecast!$B23)) -> 0 | ... AG28: =MAX(0,AF28*(1+Forecast!$B23)) -> 0
A29: coal (BTU) | B29: =INDEX('2019'!$B$2:$G$11, MATCH($A29, '2019'!$A$2:$A$11, 0), MATCH(Commercial_calculation!$A$27, '2019'!$B$1:$G$1, 0)) -> 0 | C29: =INDEX('2020'!$B$2:$G$11, MATCH($A29, '2020'!$A$2:$A$11, 0), MATCH(Commercial_calculation!$A$27, '2020'!$B$1:$G$1, 0)) -> 0 | D29: =INDEX('2021'!$B$2:$G$11, MATCH($A29, '2021'!$A$2:$A$11, 0), MATCH(Commercial_calculation!$A$27, '2021'!$B$1:$G$1, 0)) -> 0 | E29: =MAX(0,D29*(1+Forecast!$B24)) -> 0 | F29: =MAX(0,E29*(1+Forecast!$B24)) -> 0 | G29: =MAX(0,F29*(1+Forecast!$B24)) -> 0 | H29: =MAX(0,G29*(1+Forecast!$B24)) -> 0 | I29: =MAX(0,H29*(1+Forecast!$B24)) -> 0 | J29: =MAX(0,I29*(1+Forecast!$B24)) -> 0 | K29: =MAX(0,J29*(1+Forecast!$B24)) -> 0 | L29: =MAX(0,K29*(1+Forecast!$B24)) -> 0 | ... AG29: =MAX(0,AF29*(1+Forecast!$B24)) -> 0
A30: natural gas (BTU) | B30: =INDEX('2019'!$B$2:$G$11, MATCH($A30, '2019'!$A$2:$A$11, 0), MATCH(Commercial_calculation!$A$27, '2019'!$B$1:$G$1, 0)) -> 0 | C30: =INDEX('2020'!$B$2:$G$11, MATCH($A30, '2020'!$A$2:$A$11, 0), MATCH(Commercial_calculation!$A$27, '2020'!$B$1:$G$1, 0)) -> 0 | D30: =INDEX('2021'!$B$2:$G$11, MATCH($A30, '2021'!$A$2:$A$11, 0), MATCH(Commercial_calculation!$A$27, '2021'!$B$1:$G$1, 0)) -> 0 | E30: =MAX(0,D30*(1+Forecast!$B25)) -> 0 | F30: =MAX(0,E30*(1+Forecast!$B25)) -> 0 | G30: =MAX(0,F30*(1+Forecast!$B25)) -> 0 | H30: =MAX(0,G30*(1+Forecast!$B25)) -> 0 | I30: =MAX(0,H30*(1+Forecast!$B25)) -> 0 | J30: =MAX(0,I30*(1+Forecast!$B25)) -> 0 | K30: =MAX(0,J30*(1+Forecast!$B25)) -> 0 | L30: =MAX(0,K30*(1+Forecast!$B25)) -> 0 | ... AG30: =MAX(0,AF30*(1+Forecast!$B25)) -> 0
A31: petroleum diesel (BTU) | B31: =INDEX('2019'!$B$2:$G$11, MATCH($A31, '2019'!$A$2:$A$11, 0), MATCH(Commercial_calculation!$A$27, '2019'!$B$1:$G$1, 0)) -> 0 | C31: =INDEX('2020'!$B$2:$G$11, MATCH($A31, '2020'!$A$2:$A$11, 0), MATCH(Commercial_calculation!$A$27, '2020'!$B$1:$G$1, 0)) -> 0 | D31: =INDEX('2021'!$B$2:$G$11, MATCH($A31, '2021'!$A$2:$A$11, 0), MATCH(Commercial_calculation!$A$27, '2021'!$B$1:$G$1, 0)) -> 0 | E31: =MAX(0,D31*(1+Forecast!$B26)) -> 0 | F31: =MAX(0,E31*(1+Forecast!$B26)) -> 0 | G31: =MAX(0,F31*(1+Forecast!$B26)) -> 0 | H31: =MAX(0,G31*(1+Forecast!$B26)) -> 0 | I31: =MAX(0,H31*(1+Forecast!$B26)) -> 0 | J31: =MAX(0,I31*(1+Forecast!$B26)) -> 0 | K31: =MAX(0,J31*(1+Forecast!$B26)) -> 0 | L31: =MAX(0,K31*(1+Forecast!$B26)) -> 0 | ... AG31: =MAX(0,AF31*(1+Forecast!$B26)) -> 0
A32: heat (BTU) | B32: =INDEX('2019'!$B$2:$G$11, MATCH($A32, '2019'!$A$2:$A$11, 0), MATCH(Commercial_calculation!$A$27, '2019'!$B$1:$G$1, 0)) -> 0 | C32: =INDEX('2020'!$B$2:$G$11, MATCH($A32, '2020'!$A$2:$A$11, 0), MATCH(Commercial_calculation!$A$27, '2020'!$B$1:$G$1, 0)) -> 0 | D32: =INDEX('2021'!$B$2:$G$11, MATCH($A32, '2021'!$A$2:$A$11, 0), MATCH(Commercial_calculation!$A$27, '2021'!$B$1:$G$1, 0)) -> 0 | E32: =MAX(0,D32*(1+Forecast!$B27)) -> 0 | F32: =MAX(0,E32*(1+Forecast!$B27)) -> 0 | G32: =MAX(0,F32*(1+Forecast!$B27)) -> 0 | H32: =MAX(0,G32*(1+Forecast!$B27)) -> 0 | I32: =MAX(0,H32*(1+Forecast!$B27)) -> 0 | J32: =MAX(0,I32*(1+Forecast!$B27)) -> 0 | K32: =MAX(0,J32*(1+Forecast!$B27)) -> 0 | L32: =MAX(0,K32*(1+Forecast!$B27)) -> 0 | ... AG32: =MAX(0,AF32*(1+Forecast!$B27)) -> 0
A33: biomass (BTU) | B33: =INDEX('2019'!$B$2:$G$11, MATCH($A33, '2019'!$A$2:$A$11, 0), MATCH(Commercial_calculation!$A$27, '2019'!$B$1:$G$1, 0)) -> 0 | C33: =INDEX('2020'!$B$2:$G$11, MATCH($A33, '2020'!$A$2:$A$11, 0), MATCH(Commercial_calculation!$A$27, '2020'!$B$1:$G$1, 0)) -> 0 | D33: =INDEX('2021'!$B$2:$G$11, MATCH($A33, '2021'!$A$2:$A$11, 0), MATCH(Commercial_calculation!$A$27, '2021'!$B$1:$G$1, 0)) -> 0 | E33: =MAX(0,D33*(1+Forecast!$B28)) -> 0 | F33: =MAX(0,E33*(1+Forecast!$B28)) -> 0 | G33: =MAX(0,F33*(1+Forecast!$B28)) -> 0 | H33: =MAX(0,G33*(1+Forecast!$B28)) -> 0 | I33: =MAX(0,H33*(1+Forecast!$B28)) -> 0 | J33: =MAX(0,I33*(1+Forecast!$B28)) -> 0 | K33: =MAX(0,J33*(1+Forecast!$B28)) -> 0 | L33: =MAX(0,K33*(1+Forecast!$B28)) -> 0 | ... AG33: =MAX(0,AF33*(1+Forecast!$B28)) -> 0
A34: kerosene (BTU) | B34: =INDEX('2019'!$B$2:$G$11, MATCH($A34, '2019'!$A$2:$A$11, 0), MATCH(Commercial_calculation!$A$27, '2019'!$B$1:$G$1, 0)) -> 0 | C34: =INDEX('2020'!$B$2:$G$11, MATCH($A34, '2020'!$A$2:$A$11, 0), MATCH(Commercial_calculation!$A$27, '2020'!$B$1:$G$1, 0)) -> 0 | D34: =INDEX('2021'!$B$2:$G$11, MATCH($A34, '2021'!$A$2:$A$11, 0), MATCH(Commercial_calculation!$A$27, '2021'!$B$1:$G$1, 0)) -> 0 | E34: =MAX(0,D34*(1+Forecast!$B29)) -> 0 | F34: =MAX(0,E34*(1+Forecast!$B29)) -> 0 | G34: =MAX(0,F34*(1+Forecast!$B29)) -> 0 | H34: =MAX(0,G34*(1+Forecast!$B29)) -> 0 | I34: =MAX(0,H34*(1+Forecast!$B29)) -> 0 | J34: =MAX(0,I34*(1+Forecast!$B29)) -> 0 | K34: =MAX(0,J34*(1+Forecast!$B29)) -> 0 | L34: =MAX(0,K34*(1+Forecast!$B29)) -> 0 | ... AG34: =MAX(0,AF34*(1+Forecast!$B29)) -> 0
A35: heavy or residual fuel oil (BTU) | B35: =INDEX('2019'!$B$2:$G$11, MATCH($A35, '2019'!$A$2:$A$11, 0), MATCH(Commercial_calculation!$A$27, '2019'!$B$1:$G$1, 0)) -> 0 | C35: =INDEX('2020'!$B$2:$G$11, MATCH($A35, '2020'!$A$2:$A$11, 0), MATCH(Commercial_calculation!$A$27, '2020'!$B$1:$G$1, 0)) -> 0 | D35: =INDEX('2021'!$B$2:$G$11, MATCH($A35, '2021'!$A$2:$A$11, 0), MATCH(Commercial_calculation!$A$27, '2021'!$B$1:$G$1, 0)) -> 0 | E35: =MAX(0,D35*(1+Forecast!$B30)) -> 0 | F35: =MAX(0,E35*(1+Forecast!$B30)) -> 0 | G35: =MAX(0,F35*(1+Forecast!$B30)) -> 0 | H35: =MAX(0,G35*(1+Forecast!$B30)) -> 0 | I35: =MAX(0,H35*(1+Forecast!$B30)) -> 0 | J35: =MAX(0,I35*(1+Forecast!$B30)) -> 0 | K35: =MAX(0,J35*(1+Forecast!$B30)) -> 0 | L35: =MAX(0,K35*(1+Forecast!$B30)) -> 0 | ... AG35: =MAX(0,AF35*(1+Forecast!$B30)) -> 0
A36: LPG propane or butane (BTU) | B36: =INDEX('2019'!$B$2:$G$11, MATCH($A36, '2019'!$A$2:$A$11, 0), MATCH(Commercial_calculation!$A$27, '2019'!$B$1:$G$1, 0)) -> 0 | C36: =INDEX('2020'!$B$2:$G$11, MATCH($A36, '2020'!$A$2:$A$11, 0), MATCH(Commercial_calculation!$A$27, '2020'!$B$1:$G$1, 0)) -> 0 | D36: =INDEX('2021'!$B$2:$G$11, MATCH($A36, '2021'!$A$2:$A$11, 0), MATCH(Commercial_calculation!$A$27, '2021'!$B$1:$G$1, 0)) -> 0 | E36: =MAX(0,D36*(1+Forecast!$B31)) -> 0 | F36: =MAX(0,E36*(1+Forecast!$B31)) -> 0 | G36: =MAX(0,F36*(1+Forecast!$B31)) -> 0 | H36: =MAX(0,G36*(1+Forecast!$B31)) -> 0 | I36: =MAX(0,H36*(1+Forecast!$B31)) -> 0 | J36: =MAX(0,I36*(1+Forecast!$B31)) -> 0 | K36: =MAX(0,J36*(1+Forecast!$B31)) -> 0 | L36: =MAX(0,K36*(1+Forecast!$B31)) -> 0 | ... AG36: =MAX(0,AF36*(1+Forecast!$B31)) -> 0
A37: hydrogen (BTU) | B37: =INDEX('2019'!$B$2:$G$11, MATCH($A37, '2019'!$A$2:$A$11, 0), MATCH(Commercial_calculation!$A$27, '2019'!$B$1:$G$1, 0)) -> 0 | C37: =INDEX('2020'!$B$2:$G$11, MATCH($A37, '2020'!$A$2:$A$11, 0), MATCH(Commercial_calculation!$A$27, '2020'!$B$1:$G$1, 0)) -> 0 | D37: =INDEX('2021'!$B$2:$G$11, MATCH($A37, '2021'!$A$2:$A$11, 0), MATCH(Commercial_calculation!$A$27, '2021'!$B$1:$G$1, 0)) -> 0 | E37: =MAX(0,D37*(1+Forecast!$B32)) -> 0 | F37: =MAX(0,E37*(1+Forecast!$B32)) -> 0 | G37: =MAX(0,F37*(1+Forecast!$B32)) -> 0 | H37: =MAX(0,G37*(1+Forecast!$B32)) -> 0 | I37: =MAX(0,H37*(1+Forecast!$B32)) -> 0 | J37: =MAX(0,I37*(1+Forecast!$B32)) -> 0 | K37: =MAX(0,J37*(1+Forecast!$B32)) -> 0 | L37: =MAX(0,K37*(1+Forecast!$B32)) -> 0 | ... AG37: =MAX(0,AF37*(1+Forecast!$B32)) -> 0
A39: lighting | B39: 2019 | C39: 2020 | D39: 2021 | E39: 2022 | F39: 2023 | G39: 2024 | H39: 2025 | I39: 2026 | J39: 2027 | K39: 2028 | L39: 2029 | M39: 2030 | N39: 2031 | O39: 2032 | P39: 2033 | Q39: 2034 | R39: 2035 | S39: 2036 | T39: 2037 | U39: 2038 | V39: 2039 | W39: 2040 | X39: 2041 | Y39: 2042 | Z39: 2043 | AA39: 2044 | AB39: 2045 | AC39: 2046 | AD39: 2047 | AE39: 2048 | AF39: 2049 | AG39: 2050
A40: electricity (BTU) | B40: =INDEX('2019'!$B$2:$G$11, MATCH($A40, '2019'!$A$2:$A$11, 0), MATCH(Commercial_calculation!$A$39, '2019'!$B$1:$G$1, 0)) -> 1.0713124e+14 | C40: =INDEX('2020'!$B$2:$G$11, MATCH($A40, '2020'!$A$2:$A$11, 0), MATCH(Commercial_calculation!$A$39, '2020'!$B$1:$G$1, 0)) -> 1.0877676e+14 | D40: =INDEX('2021'!$B$2:$G$11, MATCH($A40, '2021'!$A$2:$A$11, 0), MATCH(Commercial_calculation!$A$39, '2021'!$B$1:$G$1, 0)) -> 1.0973906e+14 | E40: =INDEX('2022'!$B$2:$G$11, MATCH($A40, '2022'!$A$2:$A$11, 0), MATCH(Commercial_calculation!$A$39, '2022'!$B$1:$G$1, 0)) -> 1.160184e+14 | F40: =MAX(0,E40*(1+Forecast!$B23)) -> 1.1694655e+14 | G40: =MAX(0,F40*(1+Forecast!$B23)) -> 1.1788212e+14 | H40: =MAX(0,G40*(1+Forecast!$B23)) -> 1.1882518e+14 | I40: =MAX(0,H40*(1+Forecast!$B23)) -> 1.1977578e+14 | J40: =MAX(0,I40*(1+Forecast!$B23)) -> 1.2073398e+14 | K40: =MAX(0,J40*(1+Forecast!$B23)) -> 1.2169986e+14 | L40: =MAX(0,K40*(1+Forecast!$B23)) -> 1.2267346e+14 | M40: =MAX(0,L40*(1+Forecast!$B23)) -> 1.2365484e+14 | ... AG40: =MAX(0,AF40*(1+Forecast!$B23)) -> 1.4501795e+14
A41: coal (BTU) | B41: =INDEX('2019'!$B$2:$G$11, MATCH($A41, '2019'!$A$2:$A$11, 0), MATCH(Commercial_calculation!$A$39, '2019'!$B$1:$G$1, 0)) -> 0 | C41: =INDEX('2020'!$B$2:$G$11, MATCH($A41, '2020'!$A$2:$A$11, 0), MATCH(Commercial_calculation!$A$39, '2020'!$B$1:$G$1, 0)) -> 0 | D41: =INDEX('2021'!$B$2:$G$11, MATCH($A41, '2021'!$A$2:$A$11, 0), MATCH(Commercial_calculation!$A$39, '2021'!$B$1:$G$1, 0)) -> 0 | E41: =INDEX('2022'!$B$2:$G$11, MATCH($A41, '2022'!$A$2:$A$11, 0), MATCH(Commercial_calculation!$A$39, '2022'!$B$1:$G$1, 0)) -> 0 | F41: =MAX(0,E41*(1+Forecast!$B24)) -> 0 | G41: =MAX(0,F41*(1+Forecast!$B24)) -> 0 | H41: =MAX(0,G41*(1+Forecast!$B24)) -> 0 | I41: =MAX(0,H41*(1+Forecast!$B24)) -> 0 | J41: =MAX(0,I41*(1+Forecast!$B24)) -> 0 | K41: =MAX(0,J41*(1+Forecast!$B24)) -> 0 | L41: =MAX(0,K41*(1+Forecast!$B24)) -> 0 | M41: =MAX(0,L41*(1+Forecast!$B24)) -> 0 | ... AG41: =MAX(0,AF41*(1+Forecast!$B24)) -> 0
A42: natural gas (BTU) | B42: =INDEX('2019'!$B$2:$G$11, MATCH($A42, '2019'!$A$2:$A$11, 0), MATCH(Commercial_calculation!$A$39, '2019'!$B$1:$G$1, 0)) -> 0 | C42: =INDEX('2020'!$B$2:$G$11, MATCH($A42, '2020'!$A$2:$A$11, 0), MATCH(Commercial_calculation!$A$39, '2020'!$B$1:$G$1, 0)) -> 0 | D42: =INDEX('2021'!$B$2:$G$11, MATCH($A42, '2021'!$A$2:$A$11, 0), MATCH(Commercial_calculation!$A$39, '2021'!$B$1:$G$1, 0)) -> 0 | E42: =INDEX('2022'!$B$2:$G$11, MATCH($A42, '2022'!$A$2:$A$11, 0), MATCH(Commercial_calculation!$A$39, '2022'!$B$1:$G$1, 0)) -> 0 | F42: =MAX(0,E42*(1+Forecast!$B25)) -> 0 | G42: =MAX(0,F42*(1+Forecast!$B25)) -> 0 | H42: =MAX(0,G42*(1+Forecast!$B25)) -> 0 | I42: =MAX(0,H42*(1+Forecast!$B25)) -> 0 | J42: =MAX(0,I42*(1+Forecast!$B25)) -> 0 | K42: =MAX(0,J42*(1+Forecast!$B25)) -> 0 | L42: =MAX(0,K42*(1+Forecast!$B25)) -> 0 | M42: =MAX(0,L42*(1+Forecast!$B25)) -> 0 | ... AG42: =MAX(0,AF42*(1+Forecast!$B25)) -> 0
A43: petroleum diesel (BTU) | B43: =INDEX('2019'!$B$2:$G$11, MATCH($A43, '2019'!$A$2:$A$11, 0), MATCH(Commercial_calculation!$A$39, '2019'!$B$1:$G$1, 0)) -> 0 | C43: =INDEX('2020'!$B$2:$G$11, MATCH($A43, '2020'!$A$2:$A$11, 0), MATCH(Commercial_calculation!$A$39, '2020'!$B$1:$G$1, 0)) -> 0 | D43: =INDEX('2021'!$B$2:$G$11, MATCH($A43, '2021'!$A$2:$A$11, 0), MATCH(Commercial_calculation!$A$39, '2021'!$B$1:$G$1, 0)) -> 0 | E43: =INDEX('2022'!$B$2:$G$11, MATCH($A43, '2022'!$A$2:$A$11, 0), MATCH(Commercial_calculation!$A$39, '2022'!$B$1:$G$1, 0)) -> 0 | F43: =MAX(0,E43*(1+Forecast!$B26)) -> 0 | G43: =MAX(0,F43*(1+Forecast!$B26)) -> 0 | H43: =MAX(0,G43*(1+Forecast!$B26)) -> 0 | I43: =MAX(0,H43*(1+Forecast!$B26)) -> 0 | J43: =MAX(0,I43*(1+Forecast!$B26)) -> 0 | K43: =MAX(0,J43*(1+Forecast!$B26)) -> 0 | L43: =MAX(0,K43*(1+Forecast!$B26)) -> 0 | M43: =MAX(0,L43*(1+Forecast!$B26)) -> 0 | ... AG43: =MAX(0,AF43*(1+Forecast!$B26)) -> 0
A44: heat (BTU) | B44: =INDEX('2019'!$B$2:$G$11, MATCH($A44, '2019'!$A$2:$A$11, 0), MATCH(Commercial_calculation!$A$39, '2019'!$B$1:$G$1, 0)) -> 0 | C44: =INDEX('2020'!$B$2:$G$11, MATCH($A44, '2020'!$A$2:$A$11, 0), MATCH(Commercial_calculation!$A$39, '2020'!$B$1:$G$1, 0)) -> 0 | D44: =INDEX('2021'!$B$2:$G$11, MATCH($A44, '2021'!$A$2:$A$11, 0), MATCH(Commercial_calculation!$A$39, '2021'!$B$1:$G$1, 0)) -> 0 | E44: =INDEX('2022'!$B$2:$G$11, MATCH($A44, '2022'!$A$2:$A$11, 0), MATCH(Commercial_calculation!$A$39, '2022'!$B$1:$G$1, 0)) -> 0 | F44: =MAX(0,E44*(1+Forecast!$B27)) -> 0 | G44: =MAX(0,F44*(1+Forecast!$B27)) -> 0 | H44: =MAX(0,G44*(1+Forecast!$B27)) -> 0 | I44: =MAX(0,H44*(1+Forecast!$B27)) -> 0 | J44: =MAX(0,I44*(1+Forecast!$B27)) -> 0 | K44: =MAX(0,J44*(1+Forecast!$B27)) -> 0 | L44: =MAX(0,K44*(1+Forecast!$B27)) -> 0 | M44: =MAX(0,L44*(1+Forecast!$B27)) -> 0 | ... AG44: =MAX(0,AF44*(1+Forecast!$B27)) -> 0
A45: biomass (BTU) | B45: =INDEX('2019'!$B$2:$G$11, MATCH($A45, '2019'!$A$2:$A$11, 0), MATCH(Commercial_calculation!$A$39, '2019'!$B$1:$G$1, 0)) -> 2.1901897e+12 | C45: =INDEX('2020'!$B$2:$G$11, MATCH($A45, '2020'!$A$2:$A$11, 0), MATCH(Commercial_calculation!$A$39, '2020'!$B$1:$G$1, 0)) -> 7.0515799e+12 | D45: =INDEX('2021'!$B$2:$G$11, MATCH($A45, '2021'!$A$2:$A$11, 0), MATCH(Commercial_calculation!$A$39, '2021'!$B$1:$G$1, 0)) -> 7.5644221e+12 | E45: =INDEX('2022'!$B$2:$G$11, MATCH($A45, '2022'!$A$2:$A$11, 0), MATCH(Commercial_calculation!$A$39, '2022'!$B$1:$G$1, 0)) -> 5.3621594e+12 | F45: =MAX(0,E45*(1+Forecast!$B28)) -> 5.6034566e+12 | G45: =MAX(0,F45*(1+Forecast!$B28)) -> 5.8556122e+12 | H45: =MAX(0,G45*(1+Forecast!$B28)) -> 6.1191147e+12 | I45: =MAX(0,H45*(1+Forecast!$B28)) -> 6.3944749e+12 | J45: =MAX(0,I45*(1+Forecast!$B28)) -> 6.6822262e+12 | K45: =MAX(0,J45*(1+Forecast!$B28)) -> 6.9829264e+12 | L45: =MAX(0,K45*(1+Forecast!$B28)) -> 7.2971581e+12 | M45: =MAX(0,L45*(1+Forecast!$B28)) -> 7.6255302e+12 | ... AG45: =MAX(0,AF45*(1+Forecast!$B28)) -> 1.8390598e+13
A46: kerosene (BTU) | B46: =INDEX('2019'!$B$2:$G$11, MATCH($A46, '2019'!$A$2:$A$11, 0), MATCH(Commercial_calculation!$A$39, '2019'!$B$1:$G$1, 0)) -> 0 | C46: =INDEX('2020'!$B$2:$G$11, MATCH($A46, '2020'!$A$2:$A$11, 0), MATCH(Commercial_calculation!$A$39, '2020'!$B$1:$G$1, 0)) -> 0 | D46: =INDEX('2021'!$B$2:$G$11, MATCH($A46, '2021'!$A$2:$A$11, 0), MATCH(Commercial_calculation!$A$39, '2021'!$B$1:$G$1, 0)) -> 0 | E46: =INDEX('2022'!$B$2:$G$11, MATCH($A46, '2022'!$A$2:$A$11, 0), MATCH(Commercial_calculation!$A$39, '2022'!$B$1:$G$1, 0)) -> 0 | F46: =MAX(0,E46*(1+Forecast!$B29)) -> 0 | G46: =MAX(0,F46*(1+Forecast!$B29)) -> 0 | H46: =MAX(0,G46*(1+Forecast!$B29)) -> 0 | I46: =MAX(0,H46*(1+Forecast!$B29)) -> 0 | J46: =MAX(0,I46*(1+Forecast!$B29)) -> 0 | K46: =MAX(0,J46*(1+Forecast!$B29)) -> 0 | L46: =MAX(0,K46*(1+Forecast!$B29)) -> 0 | M46: =MAX(0,L46*(1+Forecast!$B29)) -> 0 | ... AG46: =MAX(0,AF46*(1+Forecast!$B29)) -> 0
A47: heavy or residual fuel oil (BTU) | B47: =INDEX('2019'!$B$2:$G$11, MATCH($A47, '2019'!$A$2:$A$11, 0), MATCH(Commercial_calculation!$A$39, '2019'!$B$1:$G$1, 0)) -> 0 | C47: =INDEX('2020'!$B$2:$G$11, MATCH($A47, '2020'!$A$2:$A$11, 0), MATCH(Commercial_calculation!$A$39, '2020'!$B$1:$G$1, 0)) -> 0 | D47: =INDEX('2021'!$B$2:$G$11, MATCH($A47, '2021'!$A$2:$A$11, 0), MATCH(Commercial_calculation!$A$39, '2021'!$B$1:$G$1, 0)) -> 0 | E47: =INDEX('2022'!$B$2:$G$11, MATCH($A47, '2022'!$A$2:$A$11, 0), MATCH(Commercial_calculation!$A$39, '2022'!$B$1:$G$1, 0)) -> 0 | F47: =MAX(0,E47*(1+Forecast!$B30)) -> 0 | G47: =MAX(0,F47*(1+Forecast!$B30)) -> 0 | H47: =MAX(0,G47*(1+Forecast!$B30)) -> 0 | I47: =MAX(0,H47*(1+Forecast!$B30)) -> 0 | J47: =MAX(0,I47*(1+Forecast!$B30)) -> 0 | K47: =MAX(0,J47*(1+Forecast!$B30)) -> 0 | L47: =MAX(0,K47*(1+Forecast!$B30)) -> 0 | M47: =MAX(0,L47*(1+Forecast!$B30)) -> 0 | ... AG47: =MAX(0,AF47*(1+Forecast!$B30)) -> 0
A48: LPG propane or butane (BTU) | B48: =INDEX('2019'!$B$2:$G$11, MATCH($A48, '2019'!$A$2:$A$11, 0), MATCH(Commercial_calculation!$A$39, '2019'!$B$1:$G$1, 0)) -> 0 | C48: =INDEX('2020'!$B$2:$G$11, MATCH($A48, '2020'!$A$2:$A$11, 0), MATCH(Commercial_calculation!$A$39, '2020'!$B$1:$G$1, 0)) -> 0 | D48: =INDEX('2021'!$B$2:$G$11, MATCH($A48, '2021'!$A$2:$A$11, 0), MATCH(Commercial_calculation!$A$39, '2021'!$B$1:$G$1, 0)) -> 0 | E48: =INDEX('2022'!$B$2:$G$11, MATCH($A48, '2022'!$A$2:$A$11, 0), MATCH(Commercial_calculation!$A$39, '2022'!$B$1:$G$1, 0)) -> 0 | F48: =MAX(0,E48*(1+Forecast!$B31)) -> 0 | G48: =MAX(0,F48*(1+Forecast!$B31)) -> 0 | H48: =MAX(0,G48*(1+Forecast!$B31)) -> 0 | I48: =MAX(0,H48*(1+Forecast!$B31)) -> 0 | J48: =MAX(0,I48*(1+Forecast!$B31)) -> 0 | K48: =MAX(0,J48*(1+Forecast!$B31)) -> 0 | L48: =MAX(0,K48*(1+Forecast!$B31)) -> 0 | M48: =MAX(0,L48*(1+Forecast!$B31)) -> 0 | ... AG48: =MAX(0,AF48*(1+Forecast!$B31)) -> 0
A49: hydrogen (BTU) | B49: =INDEX('2019'!$B$2:$G$11, MATCH($A49, '2019'!$A$2:$A$11, 0), MATCH(Commercial_calculation!$A$39, '2019'!$B$1:$G$1, 0)) -> 0 | C49: =INDEX('2020'!$B$2:$G$11, MATCH($A49, '2020'!$A$2:$A$11, 0), MATCH(Commercial_calculation!$A$39, '2020'!$B$1:$G$1, 0)) -> 0 | D49: =INDEX('2021'!$B$2:$G$11, MATCH($A49, '2021'!$A$2:$A$11, 0), MATCH(Commercial_calculation!$A$39, '2021'!$B$1:$G$1, 0)) -> 0 | E49: =INDEX('2022'!$B$2:$G$11, MATCH($A49, '2022'!$A$2:$A$11, 0), MATCH(Commercial_calculation!$A$39, '2022'!$B$1:$G$1, 0)) -> 0 | F49: =MAX(0,E49*(1+Forecast!$B32)) -> 0 | G49: =MAX(0,F49*(1+Forecast!$B32)) -> 0 | H49: =MAX(0,G49*(1+Forecast!$B32)) -> 0 | I49: =MAX(0,H49*(1+Forecast!$B32)) -> 0 | J49: =MAX(0,I49*(1+Forecast!$B32)) -> 0 | K49: =MAX(0,J49*(1+Forecast!$B32)) -> 0 | L49: =MAX(0,K49*(1+Forecast!$B32)) -> 0 | M49: =MAX(0,L49*(1+Forecast!$B32)) -> 0 | ... AG49: =MAX(0,AF49*(1+Forecast!$B32)) -> 0
A51: appliances | B51: 2019 | C51: 2020 | D51: 2021 | E51: 2022 | F51: 2023 | G51: 2024 | H51: 2025 | I51: 2026 | J51: 2027 | K51: 2028 | L51: 2029 | M51: 2030 | N51: 2031 | O51: 2032 | P51: 2033 | Q51: 2034 | R51: 2035 | S51: 2036 | T51: 2037 | U51: 2038 | V51: 2039 | W51: 2040 | X51: 2041 | Y51: 2042 | Z51: 2043 | AA51: 2044 | AB51: 2045 | AC51: 2046 | AD51: 2047 | AE51: 2048 | AF51: 2049 | AG51: 2050
A52: electricity (BTU) | B52: =INDEX('2019'!$B$2:$G$11, MATCH($A52, '2019'!$A$2:$A$11, 0), MATCH(Commercial_calculation!$A$51, '2019'!$B$1:$G$1, 0)) -> 6.6524925e+13 | C52: =INDEX('2020'!$B$2:$G$11, MATCH($A52, '2020'!$A$2:$A$11, 0), MATCH(Commercial_calculation!$A$51, '2020'!$B$1:$G$1, 0)) -> 6.7546743e+13 | D52: =INDEX('2021'!$B$2:$G$11, MATCH($A52, '2021'!$A$2:$A$11, 0), MATCH(Commercial_calculation!$A$51, '2021'!$B$1:$G$1, 0)) -> 6.8144296e+13 | E52: =INDEX('2022'!$B$2:$G$11, MATCH($A52, '2022'!$A$2:$A$11, 0), MATCH(Commercial_calculation!$A$51, '2022'!$B$1:$G$1, 0)) -> 7.2043572e+13 | F52: =MAX(0,E52*(1+Forecast!$B23)) -> 7.261992e+13 | G52: =MAX(0,F52*(1+Forecast!$B23)) -> 7.320088e+13 | H52: =MAX(0,G52*(1+Forecast!$B23)) -> 7.3786487e+13 | I52: =MAX(0,H52*(1+Forecast!$B23)) -> 7.4376779e+13 | J52: =MAX(0,I52*(1+Forecast!$B23)) -> 7.4971793e+13 | K52: =MAX(0,J52*(1+Forecast!$B23)) -> 7.5571567e+13 | L52: =MAX(0,K52*(1+Forecast!$B23)) -> 7.617614e+13 | M52: =MAX(0,L52*(1+Forecast!$B23)) -> 7.6785549e+13 | ... AG52: =MAX(0,AF52*(1+Forecast!$B23)) -> 9.0051331e+13
A53: coal (BTU) | B53: =INDEX('2019'!$B$2:$G$11, MATCH($A53, '2019'!$A$2:$A$11, 0), MATCH(Commercial_calculation!$A$51, '2019'!$B$1:$G$1, 0)) -> 2.9674625e+11 | C53: =INDEX('2020'!$B$2:$G$11, MATCH($A53, '2020'!$A$2:$A$11, 0), MATCH(Commercial_calculation!$A$51, '2020'!$B$1:$G$1, 0)) -> 0 | D53: =INDEX('2021'!$B$2:$G$11, MATCH($A53, '2021'!$A$2:$A$11, 0), MATCH(Commercial_calculation!$A$51, '2021'!$B$1:$G$1, 0)) -> 0 | E53: =INDEX('2022'!$B$2:$G$11, MATCH($A53, '2022'!$A$2:$A$11, 0), MATCH(Commercial_calculation!$A$51, '2022'!$B$1:$G$1, 0)) -> 3.571479e+10 | F53: =MAX(0,E53*(1+Forecast!$B24)) -> 3.2607603e+10 | G53: =MAX(0,F53*(1+Forecast!$B24)) -> 2.9770742e+10 | H53: =MAX(0,G53*(1+Forecast!$B24)) -> 2.7180687e+10 | I53: =MAX(0,H53*(1+Forecast!$B24)) -> 2.4815967e+10 | J53: =MAX(0,I53*(1+Forecast!$B24)) -> 2.2656978e+10 | K53: =MAX(0,J53*(1+Forecast!$B24)) -> 2.0685821e+10 | L53: =MAX(0,K53*(1+Forecast!$B24)) -> 1.8886155e+10 | M53: =MAX(0,L53*(1+Forecast!$B24)) -> 1.7243059e+10 | ... AG53: =MAX(0,AF53*(1+Forecast!$B24)) -> 2.7927359e+09
A54: natural gas (BTU) | B54: =INDEX('2019'!$B$2:$G$11, MATCH($A54, '2019'!$A$2:$A$11, 0), MATCH(Commercial_calculation!$A$51, '2019'!$B$1:$G$1, 0)) -> 7.8014927e+13 | C54: =INDEX('2020'!$B$2:$G$11, MATCH($A54, '2020'!$A$2:$A$11, 0), MATCH(Commercial_calculation!$A$51, '2020'!$B$1:$G$1, 0)) -> 6.602014e+13 | D54: =INDEX('2021'!$B$2:$G$11, MATCH($A54, '2021'!$A$2:$A$11, 0), MATCH(Commercial_calculation!$A$51, '2021'!$B$1:$G$1, 0)) -> 6.5820793e+13 | E54: =INDEX('2022'!$B$2:$G$11, MATCH($A54, '2022'!$A$2:$A$11, 0), MATCH(Commercial_calculation!$A$51, '2022'!$B$1:$G$1, 0)) -> 7.1600047e+13 | F54: =MAX(0,E54*(1+Forecast!$B25)) -> 7.3032048e+13 | G54: =MAX(0,F54*(1+Forecast!$B25)) -> 7.4492689e+13 | H54: =MAX(0,G54*(1+Forecast!$B25)) -> 7.5982543e+13 | I54: =MAX(0,H54*(1+Forecast!$B25)) -> 7.7502194e+13 | J54: =MAX(0,I54*(1+Forecast!$B25)) -> 7.9052238e+13 | K54: =MAX(0,J54*(1+Forecast!$B25)) -> 8.0633282e+13 | L54: =MAX(0,K54*(1+Forecast!$B25)) -> 8.2245948e+13 | M54: =MAX(0,L54*(1+Forecast!$B25)) -> 8.3890867e+13 | ... AG54: =MAX(0,AF54*(1+Forecast!$B25)) -> 1.2465742e+14
A55: petroleum diesel (BTU) | B55: =INDEX('2019'!$B$2:$G$11, MATCH($A55, '2019'!$A$2:$A$11, 0), MATCH(Commercial_calculation!$A$51, '2019'!$B$1:$G$1, 0)) -> 1.7271434e+12 | C55: =INDEX('2020'!$B$2:$G$11, MATCH($A55, '2020'!$A$2:$A$11, 0), MATCH(Commercial_calculation!$A$51, '2020'!$B$1:$G$1, 0)) -> 1.6526834e+12 | D55: =INDEX('2021'!$B$2:$G$11, MATCH($A55, '2021'!$A$2:$A$11, 0), MATCH(Commercial_calculation!$A$51, '2021'!$B$1:$G$1, 0)) -> 3.3821113e+12 | E55: =INDEX('2022'!$B$2:$G$11, MATCH($A55, '2022'!$A$2:$A$11, 0), MATCH(Commercial_calculation!$A$51, '2022'!$B$1:$G$1, 0)) -> 1.4627451e+12 | F55: =MAX(0,E55*(1+Forecast!$B26)) -> 1.3925334e+12 | G55: =MAX(0,F55*(1+Forecast!$B26)) -> 1.3256918e+12 | H55: =MAX(0,G55*(1+Forecast!$B26)) -> 1.2620586e+12 | I55: =MAX(0,H55*(1+Forecast!$B26)) -> 1.2014798e+12 | J55: =MAX(0,I55*(1+Forecast!$B26)) -> 1.1438087e+12 | K55: =MAX(0,J55*(1+Forecast!$B26)) -> 1.0889059e+12 | L55: =MAX(0,K55*(1+Forecast!$B26)) -> 1.0366384e+12 | M55: =MAX(0,L55*(1+Forecast!$B26)) -> 9.8687979e+11 | ... AG55: =MAX(0,AF55*(1+Forecast!$B26)) -> 3.6898034e+11
A56: heat (BTU) | B56: =INDEX('2019'!$B$2:$G$11, MATCH($A56, '2019'!$A$2:$A$11, 0), MATCH(Commercial_calculation!$A$51, '2019'!$B$1:$G$1, 0)) -> 0 | C56: =INDEX('2020'!$B$2:$G$11, MATCH($A56, '2020'!$A$2:$A$11, 0), MATCH(Commercial_calculation!$A$51, '2020'!$B$1:$G$1, 0)) -> 0 | D56: =INDEX('2021'!$B$2:$G$11, MATCH($A56, '2021'!$A$2:$A$11, 0), MATCH(Commercial_calculation!$A$51, '2021'!$B$1:$G$1, 0)) -> 0 | E56: =INDEX('2022'!$B$2:$G$11, MATCH($A56, '2022'!$A$2:$A$11, 0), MATCH(Commercial_calculation!$A$51, '2022'!$B$1:$G$1, 0)) -> 0 | F56: =MAX(0,E56*(1+Forecast!$B27)) -> 0 | G56: =MAX(0,F56*(1+Forecast!$B27)) -> 0 | H56: =MAX(0,G56*(1+Forecast!$B27)) -> 0 | I56: =MAX(0,H56*(1+Forecast!$B27)) -> 0 | J56: =MAX(0,I56*(1+Forecast!$B27)) -> 0 | K56: =MAX(0,J56*(1+Forecast!$B27)) -> 0 | L56: =MAX(0,K56*(1+Forecast!$B27)) -> 0 | M56: =MAX(0,L56*(1+Forecast!$B27)) -> 0 | ... AG56: =MAX(0,AF56*(1+Forecast!$B27)) -> 0
A57: biomass (BTU) | B57: =INDEX('2019'!$B$2:$G$11, MATCH($A57, '2019'!$A$2:$A$11, 0), MATCH(Commercial_calculation!$A$51, '2019'!$B$1:$G$1, 0)) -> 3.2403513e+12 | C57: =INDEX('2020'!$B$2:$G$11, MATCH($A57, '2020'!$A$2:$A$11, 0), MATCH(Commercial_calculation!$A$51, '2020'!$B$1:$G$1, 0)) -> 1.0432702e+13 | D57: =INDEX('2021'!$B$2:$G$11, MATCH($A57, '2021'!$A$2:$A$11, 0), MATCH(Commercial_calculation!$A$51, '2021'!$B$1:$G$1, 0)) -> 1.1191444e+13 | E57: =INDEX('2022'!$B$2:$G$11, MATCH($A57, '2022'!$A$2:$A$11, 0), MATCH(Commercial_calculation!$A$51, '2022'!$B$1:$G$1, 0)) -> 7.933231e+12 | F57: =MAX(0,E57*(1+Forecast!$B28)) -> 8.2902263e+12 | G57: =MAX(0,F57*(1+Forecast!$B28)) -> 8.6632865e+12 | H57: =MAX(0,G57*(1+Forecast!$B28)) -> 9.0531344e+12 | I57: =MAX(0,H57*(1+Forecast!$B28)) -> 9.4605255e+12 | J57: =MAX(0,I57*(1+Forecast!$B28)) -> 9.8862491e+12 | K57: =MAX(0,J57*(1+Forecast!$B28)) -> 1.033113e+13 | L57: =MAX(0,K57*(1+Forecast!$B28)) -> 1.0796031e+13 | M57: =MAX(0,L57*(1+Forecast!$B28)) -> 1.1281853e+13 | ... AG57: =MAX(0,AF57*(1+Forecast!$B28)) -> 2.7208602e+13
A58: kerosene (BTU) | B58: =INDEX('2019'!$B$2:$G$11, MATCH($A58, '2019'!$A$2:$A$11, 0), MATCH(Commercial_calculation!$A$51, '2019'!$B$1:$G$1, 0)) -> 1.5221921e+12 | C58: =INDEX('2020'!$B$2:$G$11, MATCH($A58, '2020'!$A$2:$A$11, 0), MATCH(Commercial_calculation!$A$51, '2020'!$B$1:$G$1, 0)) -> 3.0126568e+12 | D58: =INDEX('2021'!$B$2:$G$11, MATCH($A58, '2021'!$A$2:$A$11, 0), MATCH(Commercial_calculation!$A$51, '2021'!$B$1:$G$1, 0)) -> 2.9807734e+12 | E58: =INDEX('2022'!$B$2:$G$11, MATCH($A58, '2022'!$A$2:$A$11, 0), MATCH(Commercial_calculation!$A$51, '2022'!$B$1:$G$1, 0)) -> 1.2891686e+12 | F58: =MAX(0,E58*(1+Forecast!$B29)) -> 1.2272885e+12 | G58: =MAX(0,F58*(1+Forecast!$B29)) -> 1.1683787e+12 | H58: =MAX(0,G58*(1+Forecast!$B29)) -> 1.1122965e+12 | I58: =MAX(0,H58*(1+Forecast!$B29)) -> 1.0589063e+12 | J58: =MAX(0,I58*(1+Forecast!$B29)) -> 1.0080788e+12 | K58: =MAX(0,J58*(1+Forecast!$B29)) -> 9.59691e+11 | L58: =MAX(0,K58*(1+Forecast!$B29)) -> 9.1362583e+11 | M58: =MAX(0,L58*(1+Forecast!$B29)) -> 8.6977179e+11 | ... AG58: =MAX(0,AF58*(1+Forecast!$B29)) -> 3.2519532e+11
A59: heavy or residual fuel oil (BTU) | B59: =INDEX('2019'!$B$2:$G$11, MATCH($A59, '2019'!$A$2:$A$11, 0), MATCH(Commercial_calculation!$A$51, '2019'!$B$1:$G$1, 0)) -> 21702687390 | C59: =INDEX('2020'!$B$2:$G$11, MATCH($A59, '2020'!$A$2:$A$11, 0), MATCH(Commercial_calculation!$A$51, '2020'!$B$1:$G$1, 0)) -> 4.2320868e+10 | D59: =INDEX('2021'!$B$2:$G$11, MATCH($A59, '2021'!$A$2:$A$11, 0), MATCH(Commercial_calculation!$A$51, '2021'!$B$1:$G$1, 0)) -> 4.2498441e+10 | E59: =INDEX('2022'!$B$2:$G$11, MATCH($A59, '2022'!$A$2:$A$11, 0), MATCH(Commercial_calculation!$A$51, '2022'!$B$1:$G$1, 0)) -> 1.838035e+10 | F59: =MAX(0,E59*(1+Forecast!$B30)) -> 1.7498093e+10 | G59: =MAX(0,F59*(1+Forecast!$B30)) -> 1.6658185e+10 | H59: =MAX(0,G59*(1+Forecast!$B30)) -> 1.5858592e+10 | I59: =MAX(0,H59*(1+Forecast!$B30)) -> 1.5097379e+10 | J59: =MAX(0,I59*(1+Forecast!$B30)) -> 1.4372705e+10 | K59: =MAX(0,J59*(1+Forecast!$B30)) -> 1.3682815e+10 | L59: =MAX(0,K59*(1+Forecast!$B30)) -> 1.302604e+10 | M59: =MAX(0,L59*(1+Forecast!$B30)) -> 1.240079e+10 | ... AG59: =MAX(0,AF59*(1+Forecast!$B30)) -> 4.6364793e+09
A60: LPG propane or butane (BTU) | B60: =INDEX('2019'!$B$2:$G$11, MATCH($A60, '2019'!$A$2:$A$11, 0), MATCH(Commercial_calculation!$A$51, '2019'!$B$1:$G$1, 0)) -> 2.1475942e+13 | C60: =INDEX('2020'!$B$2:$G$11, MATCH($A60, '2020'!$A$2:$A$11, 0), MATCH(Commercial_calculation!$A$51, '2020'!$B$1:$G$1, 0)) -> 4.4126089e+13 | D60: =INDEX('2021'!$B$2:$G$11, MATCH($A60, '2021'!$A$2:$A$11, 0), MATCH(Commercial_calculation!$A$51, '2021'!$B$1:$G$1, 0)) -> 4.2054426e+13 | E60: =INDEX('2022'!$B$2:$G$11, MATCH($A60, '2022'!$A$2:$A$11, 0), MATCH(Commercial_calculation!$A$51, '2022'!$B$1:$G$1, 0)) -> 1.8188316e+13 | F60: =MAX(0,E60*(1+Forecast!$B31)) -> 1.7315277e+13 | G60: =MAX(0,F60*(1+Forecast!$B31)) -> 1.6484143e+13 | H60: =MAX(0,G60*(1+Forecast!$B31)) -> 1.5692904e+13 | I60: =MAX(0,H60*(1+Forecast!$B31)) -> 1.4939645e+13 | J60: =MAX(0,I60*(1+Forecast!$B31)) -> 1.4222542e+13 | K60: =MAX(0,J60*(1+Forecast!$B31)) -> 1.353986e+13 | L60: =MAX(0,K60*(1+Forecast!$B31)) -> 1.2889947e+13 | M60: =MAX(0,L60*(1+Forecast!$B31)) -> 1.2271229e+13 | ... AG60: =MAX(0,AF60*(1+Forecast!$B31)) -> 4.5880384e+12
A61: hydrogen (BTU) | B61: =INDEX('2019'!$B$2:$G$11, MATCH($A61, '2019'!$A$2:$A$11, 0), MATCH(Commercial_calculation!$A$51, '2019'!$B$1:$G$1, 0)) -> 0 | C61: =INDEX('2020'!$B$2:$G$11, MATCH($A61, '2020'!$A$2:$A$11, 0), MATCH(Commercial_calculation!$A$51, '2020'!$B$1:$G$1, 0)) -> 0 | D61: =INDEX('2021'!$B$2:$G$11, MATCH($A61, '2021'!$A$2:$A$11, 0), MATCH(Commercial_calculation!$A$51, '2021'!$B$1:$G$1, 0)) -> 0 | E61: =INDEX('2022'!$B$2:$G$11, MATCH($A61, '2022'!$A$2:$A$11, 0), MATCH(Commercial_calculation!$A$51, '2022'!$B$1:$G$1, 0)) -> 0 | F61: =MAX(0,E61*(1+Forecast!$B32)) -> 0 | G61: =MAX(0,F61*(1+Forecast!$B32)) -> 0 | H61: =MAX(0,G61*(1+Forecast!$B32)) -> 0 | I61: =MAX(0,H61*(1+Forecast!$B32)) -> 0 | J61: =MAX(0,I61*(1+Forecast!$B32)) -> 0 | K61: =MAX(0,J61*(1+Forecast!$B32)) -> 0 | L61: =MAX(0,K61*(1+Forecast!$B32)) -> 0 | M61: =MAX(0,L61*(1+Forecast!$B32)) -> 0 | ... AG61: =MAX(0,AF61*(1+Forecast!$B32)) -> 0
A63: other | B63: 2019 | C63: 2020 | D63: 2021 | E63: 2022 | F63: 2023 | G63: 2024 | H63: 2025 | I63: 2026 | J63: 2027 | K63: 2028 | L63: 2029 | M63: 2030 | N63: 2031 | O63: 2032 | P63: 2033 | Q63: 2034 | R63: 2035 | S63: 2036 | T63: 2037 | U63: 2038 | V63: 2039 | W63: 2040 | X63: 2041 | Y63: 2042 | Z63: 2043 | AA63: 2044 | AB63: 2045 | AC63: 2046 | AD63: 2047 | AE63: 2048 | AF63: 2049 | AG63: 2050
A64: electricity (BTU) | B64: =INDEX('2019'!$B$2:$G$11, MATCH($A64, '2019'!$A$2:$A$11, 0), MATCH(Commercial_calculation!$A$63, '2019'!$B$1:$G$1, 0)) -> 6.9300936e+13 | C64: =INDEX('2020'!$B$2:$G$11, MATCH($A64, '2020'!$A$2:$A$11, 0), MATCH(Commercial_calculation!$A$63, '2020'!$B$1:$G$1, 0)) -> 7.0365393e+13 | D64: =INDEX('2021'!$B$2:$G$11, MATCH($A64, '2021'!$A$2:$A$11, 0), MATCH(Commercial_calculation!$A$63, '2021'!$B$1:$G$1, 0)) -> 7.0987882e+13 | E64: =INDEX('2022'!$B$2:$G$11, MATCH($A64, '2022'!$A$2:$A$11, 0), MATCH(Commercial_calculation!$A$63, '2022'!$B$1:$G$1, 0)) -> 7.5049868e+13 | F64: =MAX(0,E64*(1+Forecast!$B23)) -> 7.5650267e+13 | G64: =MAX(0,F64*(1+Forecast!$B23)) -> 7.625547e+13 | H64: =MAX(0,G64*(1+Forecast!$B23)) -> 7.6865513e+13 | I64: =MAX(0,H64*(1+Forecast!$B23)) -> 7.7480437e+13 | J64: =MAX(0,I64*(1+Forecast!$B23)) -> 7.8100281e+13 | K64: =MAX(0,J64*(1+Forecast!$B23)) -> 7.8725083e+13 | L64: =MAX(0,K64*(1+Forecast!$B23)) -> 7.9354884e+13 | M64: =MAX(0,L64*(1+Forecast!$B23)) -> 7.9989723e+13 | ... AG64: =MAX(0,AF64*(1+Forecast!$B23)) -> 9.3809071e+13
A65: coal (BTU) | B65: =INDEX('2019'!$B$2:$G$11, MATCH($A65, '2019'!$A$2:$A$11, 0), MATCH(Commercial_calculation!$A$63, '2019'!$B$1:$G$1, 0)) -> 0 | C65: =INDEX('2020'!$B$2:$G$11, MATCH($A65, '2020'!$A$2:$A$11, 0), MATCH(Commercial_calculation!$A$63, '2020'!$B$1:$G$1, 0)) -> 0 | D65: =INDEX('2021'!$B$2:$G$11, MATCH($A65, '2021'!$A$2:$A$11, 0), MATCH(Commercial_calculation!$A$63, '2021'!$B$1:$G$1, 0)) -> 0 | E65: =INDEX('2022'!$B$2:$G$11, MATCH($A65, '2022'!$A$2:$A$11, 0), MATCH(Commercial_calculation!$A$63, '2022'!$B$1:$G$1, 0)) -> 0 | F65: =MAX(0,E65*(1+Forecast!$B24)) -> 0 | G65: =MAX(0,F65*(1+Forecast!$B24)) -> 0 | H65: =MAX(0,G65*(1+Forecast!$B24)) -> 0 | I65: =MAX(0,H65*(1+Forecast!$B24)) -> 0 | J65: =MAX(0,I65*(1+Forecast!$B24)) -> 0 | K65: =MAX(0,J65*(1+Forecast!$B24)) -> 0 | L65: =MAX(0,K65*(1+Forecast!$B24)) -> 0 | M65: =MAX(0,L65*(1+Forecast!$B24)) -> 0 | ... AG65: =MAX(0,AF65*(1+Forecast!$B24)) -> 0
A66: natural gas (BTU) | B66: =INDEX('2019'!$B$2:$G$11, MATCH($A66, '2019'!$A$2:$A$11, 0), MATCH(Commercial_calculation!$A$63, '2019'!$B$1:$G$1, 0)) -> 0 | C66: =INDEX('2020'!$B$2:$G$11, MATCH($A66, '2020'!$A$2:$A$11, 0), MATCH(Commercial_calculation!$A$63, '2020'!$B$1:$G$1, 0)) -> 0 | D66: =INDEX('2021'!$B$2:$G$11, MATCH($A66, '2021'!$A$2:$A$11, 0), MATCH(Commercial_calculation!$A$63, '2021'!$B$1:$G$1, 0)) -> 0 | E66: =INDEX('2022'!$B$2:$G$11, MATCH($A66, '2022'!$A$2:$A$11, 0), MATCH(Commercial_calculation!$A$63, '2022'!$B$1:$G$1, 0)) -> 0 | F66: =MAX(0,E66*(1+Forecast!$B25)) -> 0 | G66: =MAX(0,F66*(1+Forecast!$B25)) -> 0 | H66: =MAX(0,G66*(1+Forecast!$B25)) -> 0 | I66: =MAX(0,H66*(1+Forecast!$B25)) -> 0 | J66: =MAX(0,I66*(1+Forecast!$B25)) -> 0 | K66: =MAX(0,J66*(1+Forecast!$B25)) -> 0 | L66: =MAX(0,K66*(1+Forecast!$B25)) -> 0 | M66: =MAX(0,L66*(1+Forecast!$B25)) -> 0 | ... AG66: =MAX(0,AF66*(1+Forecast!$B25)) -> 0
A67: petroleum diesel (BTU) | B67: =INDEX('2019'!$B$2:$G$11, MATCH($A67, '2019'!$A$2:$A$11, 0), MATCH(Commercial_calculation!$A$63, '2019'!$B$1:$G$1, 0)) -> 0 | C67: =INDEX('2020'!$B$2:$G$11, MATCH($A67, '2020'!$A$2:$A$11, 0), MATCH(Commercial_calculation!$A$63, '2020'!$B$1:$G$1, 0)) -> 0 | D67: =INDEX('2021'!$B$2:$G$11, MATCH($A67, '2021'!$A$2:$A$11, 0), MATCH(Commercial_calculation!$A$63, '2021'!$B$1:$G$1, 0)) -> 0 | E67: =INDEX('2022'!$B$2:$G$11, MATCH($A67, '2022'!$A$2:$A$11, 0), MATCH(Commercial_calculation!$A$63, '2022'!$B$1:$G$1, 0)) -> 0 | F67: =MAX(0,E67*(1+Forecast!$B26)) -> 0 | G67: =MAX(0,F67*(1+Forecast!$B26)) -> 0 | H67: =MAX(0,G67*(1+Forecast!$B26)) -> 0 | I67: =MAX(0,H67*(1+Forecast!$B26)) -> 0 | J67: =MAX(0,I67*(1+Forecast!$B26)) -> 0 | K67: =MAX(0,J67*(1+Forecast!$B26)) -> 0 | L67: =MAX(0,K67*(1+Forecast!$B26)) -> 0 | M67: =MAX(0,L67*(1+Forecast!$B26)) -> 0 | ... AG67: =MAX(0,AF67*(1+Forecast!$B26)) -> 0
A68: heat (BTU) | B68: =INDEX('2019'!$B$2:$G$11, MATCH($A68, '2019'!$A$2:$A$11, 0), MATCH(Commercial_calculation!$A$63, '2019'!$B$1:$G$1, 0)) -> 0 | C68: =INDEX('2020'!$B$2:$G$11, MATCH($A68, '2020'!$A$2:$A$11, 0), MATCH(Commercial_calculation!$A$63, '2020'!$B$1:$G$1, 0)) -> 0 | D68: =INDEX('2021'!$B$2:$G$11, MATCH($A68, '2021'!$A$2:$A$11, 0), MATCH(Commercial_calculation!$A$63, '2021'!$B$1:$G$1, 0)) -> 0 | E68: =INDEX('2022'!$B$2:$G$11, MATCH($A68, '2022'!$A$2:$A$11, 0), MATCH(Commercial_calculation!$A$63, '2022'!$B$1:$G$1, 0)) -> 0 | F68: =MAX(0,E68*(1+Forecast!$B27)) -> 0 | G68: =MAX(0,F68*(1+Forecast!$B27)) -> 0 | H68: =MAX(0,G68*(1+Forecast!$B27)) -> 0 | I68: =MAX(0,H68*(1+Forecast!$B27)) -> 0 | J68: =MAX(0,I68*(1+Forecast!$B27)) -> 0 | K68: =MAX(0,J68*(1+Forecast!$B27)) -> 0 | L68: =MAX(0,K68*(1+Forecast!$B27)) -> 0 | M68: =MAX(0,L68*(1+Forecast!$B27)) -> 0 | ... AG68: =MAX(0,AF68*(1+Forecast!$B27)) -> 0
A69: biomass (BTU) | B69: =INDEX('2019'!$B$2:$G$11, MATCH($A69, '2019'!$A$2:$A$11, 0), MATCH(Commercial_calculation!$A$63, '2019'!$B$1:$G$1, 0)) -> 3.7934266e+12 | C69: =INDEX('2020'!$B$2:$G$11, MATCH($A69, '2020'!$A$2:$A$11, 0), MATCH(Commercial_calculation!$A$63, '2020'!$B$1:$G$1, 0)) -> 1.2213395e+13 | D69: =INDEX('2021'!$B$2:$G$11, MATCH($A69, '2021'!$A$2:$A$11, 0), MATCH(Commercial_calculation!$A$63, '2021'!$B$1:$G$1, 0)) -> 1.3101642e+13 | E69: =INDEX('2022'!$B$2:$G$11, MATCH($A69, '2022'!$A$2:$A$11, 0), MATCH(Commercial_calculation!$A$63, '2022'!$B$1:$G$1, 0)) -> 9.2873045e+12 | F69: =MAX(0,E69*(1+Forecast!$B28)) -> 9.7052332e+12 | G69: =MAX(0,F69*(1+Forecast!$B28)) -> 1.0141969e+13 | H69: =MAX(0,G69*(1+Forecast!$B28)) -> 1.0598357e+13 | I69: =MAX(0,H69*(1+Forecast!$B28)) -> 1.1075283e+13 | J69: =MAX(0,I69*(1+Forecast!$B28)) -> 1.1573671e+13 | K69: =MAX(0,J69*(1+Forecast!$B28)) -> 1.2094486e+13 | L69: =MAX(0,K69*(1+Forecast!$B28)) -> 1.2638738e+13 | M69: =MAX(0,L69*(1+Forecast!$B28)) -> 1.3207481e+13 | ... AG69: =MAX(0,AF69*(1+Forecast!$B28)) -> 3.1852668e+13
A70: kerosene (BTU) | B70: =INDEX('2019'!$B$2:$G$11, MATCH($A70, '2019'!$A$2:$A$11, 0), MATCH(Commercial_calculation!$A$63, '2019'!$B$1:$G$1, 0)) -> 0 | C70: =INDEX('2020'!$B$2:$G$11, MATCH($A70, '2020'!$A$2:$A$11, 0), MATCH(Commercial_calculation!$A$63, '2020'!$B$1:$G$1, 0)) -> 0 | D70: =INDEX('2021'!$B$2:$G$11, MATCH($A70, '2021'!$A$2:$A$11, 0), MATCH(Commercial_calculation!$A$63, '2021'!$B$1:$G$1, 0)) -> 0 | E70: =INDEX('2022'!$B$2:$G$11, MATCH($A70, '2022'!$A$2:$A$11, 0), MATCH(Commercial_calculation!$A$63, '2022'!$B$1:$G$1, 0)) -> 0 | F70: =MAX(0,E70*(1+Forecast!$B29)) -> 0 | G70: =MAX(0,F70*(1+Forecast!$B29)) -> 0 | H70: =MAX(0,G70*(1+Forecast!$B29)) -> 0 | I70: =MAX(0,H70*(1+Forecast!$B29)) -> 0 | J70: =MAX(0,I70*(1+Forecast!$B29)) -> 0 | K70: =MAX(0,J70*(1+Forecast!$B29)) -> 0 | L70: =MAX(0,K70*(1+Forecast!$B29)) -> 0 | M70: =MAX(0,L70*(1+Forecast!$B29)) -> 0 | ... AG70: =MAX(0,AF70*(1+Forecast!$B29)) -> 0
A71: heavy or residual fuel oil (BTU) | B71: =INDEX('2019'!$B$2:$G$11, MATCH($A71, '2019'!$A$2:$A$11, 0), MATCH(Commercial_calculation!$A$63, '2019'!$B$1:$G$1, 0)) -> 0 | C71: =INDEX('2020'!$B$2:$G$11, MATCH($A71, '2020'!$A$2:$A$11, 0), MATCH(Commercial_calculation!$A$63, '2020'!$B$1:$G$1, 0)) -> 0 | D71: =INDEX('2021'!$B$2:$G$11, MATCH($A71, '2021'!$A$2:$A$11, 0), MATCH(Commercial_calculation!$A$63, '2021'!$B$1:$G$1, 0)) -> 0 | E71: =INDEX('2022'!$B$2:$G$11, MATCH($A71, '2022'!$A$2:$A$11, 0), MATCH(Commercial_calculation!$A$63, '2022'!$B$1:$G$1, 0)) -> 0 | F71: =MAX(0,E71*(1+Forecast!$B30)) -> 0 | G71: =MAX(0,F71*(1+Forecast!$B30)) -> 0 | H71: =MAX(0,G71*(1+Forecast!$B30)) -> 0 | I71: =MAX(0,H71*(1+Forecast!$B30)) -> 0 | J71: =MAX(0,I71*(1+Forecast!$B30)) -> 0 | K71: =MAX(0,J71*(1+Forecast!$B30)) -> 0 | L71: =MAX(0,K71*(1+Forecast!$B30)) -> 0 | M71: =MAX(0,L71*(1+Forecast!$B30)) -> 0 | ... AG71: =MAX(0,AF71*(1+Forecast!$B30)) -> 0
A72: LPG propane or butane (BTU) | B72: =INDEX('2019'!$B$2:$G$11, MATCH($A72, '2019'!$A$2:$A$11, 0), MATCH(Commercial_calculation!$A$63, '2019'!$B$1:$G$1, 0)) -> 0 | C72: =INDEX('2020'!$B$2:$G$11, MATCH($A72, '2020'!$A$2:$A$11, 0), MATCH(Commercial_calculation!$A$63, '2020'!$B$1:$G$1, 0)) -> 0 | D72: =INDEX('2021'!$B$2:$G$11, MATCH($A72, '2021'!$A$2:$A$11, 0), MATCH(Commercial_calculation!$A$63, '2021'!$B$1:$G$1, 0)) -> 0 | E72: =INDEX('2022'!$B$2:$G$11, MATCH($A72, '2022'!$A$2:$A$11, 0), MATCH(Commercial_calculation!$A$63, '2022'!$B$1:$G$1, 0)) -> 0 | F72: =MAX(0,E72*(1+Forecast!$B31)) -> 0 | G72: =MAX(0,F72*(1+Forecast!$B31)) -> 0 | H72: =MAX(0,G72*(1+Forecast!$B31)) -> 0 | I72: =MAX(0,H72*(1+Forecast!$B31)) -> 0 | J72: =MAX(0,I72*(1+Forecast!$B31)) -> 0 | K72: =MAX(0,J72*(1+Forecast!$B31)) -> 0 | L72: =MAX(0,K72*(1+Forecast!$B31)) -> 0 | M72: =MAX(0,L72*(1+Forecast!$B31)) -> 0 | ... AG72: =MAX(0,AF72*(1+Forecast!$B31)) -> 0
A73: hydrogen (BTU) | B73: =INDEX('2019'!$B$2:$G$11, MATCH($A73, '2019'!$A$2:$A$11, 0), MATCH(Commercial_calculation!$A$63, '2019'!$B$1:$G$1, 0)) -> 0 | C73: =INDEX('2020'!$B$2:$G$11, MATCH($A73, '2020'!$A$2:$A$11, 0), MATCH(Commercial_calculation!$A$63, '2020'!$B$1:$G$1, 0)) -> 0 | D73: =INDEX('2021'!$B$2:$G$11, MATCH($A73, '2021'!$A$2:$A$11, 0), MATCH(Commercial_calculation!$A$63, '2021'!$B$1:$G$1, 0)) -> 0 | E73: =INDEX('2022'!$B$2:$G$11, MATCH($A73, '2022'!$A$2:$A$11, 0), MATCH(Commercial_calculation!$A$63, '2022'!$B$1:$G$1, 0)) -> 0 | F73: =MAX(0,E73*(1+Forecast!$B32)) -> 0 | G73: =MAX(0,F73*(1+Forecast!$B32)) -> 0 | H73: =MAX(0,G73*(1+Forecast!$B32)) -> 0 | I73: =MAX(0,H73*(1+Forecast!$B32)) -> 0 | J73: =MAX(0,I73*(1+Forecast!$B32)) -> 0 | K73: =MAX(0,J73*(1+Forecast!$B32)) -> 0 | L73: =MAX(0,K73*(1+Forecast!$B32)) -> 0 | M73: =MAX(0,L73*(1+Forecast!$B32)) -> 0 | ... AG73: =MAX(0,AF73*(1+Forecast!$B32)) -> 0
A75: [검산]
A77: total | B77: 2019 | C77: 2020 | D77: 2021 | E77: 2022 | F77: 2023 | G77: 2024 | H77: 2025 | I77: 2026 | J77: 2027 | K77: 2028 | L77: 2029 | M77: 2030 | N77: 2031 | O77: 2032 | P77: 2033 | Q77: 2034 | R77: 2035 | S77: 2036 | T77: 2037 | U77: 2038 | V77: 2039 | W77: 2040 | X77: 2041 | Y77: 2042 | Z77: 2043 | AA77: 2044 | AB77: 2045 | AC77: 2046 | AD77: 2047 | AE77: 2048 | AF77: 2049 | AG77: 2050
A78: electricity (BTU) | B78: =B64+B52+B40+B28+B16+B4 -> 5.5665353e+14 | C78: =C64+C52+C40+C28+C16+C4 -> 5.6520366e+14 | D78: =D64+D52+D40+D28+D16+D4 -> 5.7020373e+14 | E78: =E64+E52+E40+E28+E16+E4 -> 6.0283118e+14 | F78: =F64+F52+F40+F28+F16+F4 -> 6.0765383e+14 | G78: =G64+G52+G40+G28+G16+G4 -> 6.1251506e+14 | H78: =H64+H52+H40+H28+H16+H4 -> 6.1741518e+14 | I78: =I64+I52+I40+I28+I16+I4 -> 6.223545e+14 | ... AG78: =AG64+AG52+AG40+AG28+AG16+AG4 -> 7.5351275e+14
A79: coal (BTU) | B79: =B65+B53+B41+B29+B17+B5 -> 1.8670819e+12 | C79: =C65+C53+C41+C29+C17+C5 -> 0 | D79: =D65+D53+D41+D29+D17+D5 -> 0 | E79: =E65+E53+E41+E29+E17+E5 -> 6.5753219e+10 | F79: =F65+F53+F41+F29+F17+F5 -> 6.0032689e+10 | G79: =G65+G53+G41+G29+G17+G5 -> 5.4809845e+10 | H79: =H65+H53+H41+H29+H17+H5 -> 5.0041389e+10 | I79: =I65+I53+I41+I29+I17+I5 -> 4.5687788e+10 | ... AG79: =AG65+AG53+AG41+AG29+AG17+AG5 -> 5.141606e+09
A80: natural gas (BTU) | B80: =B66+B54+B42+B30+B18+B6 -> 1.7083074e+14 | C80: =C66+C54+C42+C30+C18+C6 -> 1.4456553e+14 | D80: =D66+D54+D42+D30+D18+D6 -> 1.4412902e+14 | E80: =E66+E54+E42+E30+E18+E6 -> 1.5678396e+14 | F80: =F66+F54+F42+F30+F18+F6 -> 1.5991964e+14 | G80: =G66+G54+G42+G30+G18+G6 -> 1.6311803e+14 | H80: =H66+H54+H42+H30+H18+H6 -> 1.6638039e+14 | I80: =I66+I54+I42+I30+I18+I6 -> 1.69708e+14 | ... AG80: =AG66+AG54+AG42+AG30+AG18+AG6 -> 2.7296467e+14
A81: petroleum diesel (BTU) | B81: =B67+B55+B43+B31+B19+B7 -> 2.3210883e+12 | C81: =C67+C55+C43+C31+C19+C7 -> 2.2373235e+12 | D81: =D67+D55+D43+D31+D19+D7 -> 4.5451807e+12 | E81: =E67+E55+E43+E31+E19+E7 -> 1.9657665e+12 | F81: =F67+F55+F43+F31+F19+F7 -> 1.8714097e+12 | G81: =G67+G55+G43+G31+G19+G7 -> 1.781582e+12 | H81: =H67+H55+H43+H31+H19+H7 -> 1.6960661e+12 | I81: =I67+I55+I43+I31+I19+I7 -> 1.6146549e+12 | ... AG81: =AG67+AG55+AG43+AG31+AG19+AG7 -> 4.9586846e+11
A82: heat (BTU) | B82: =B68+B56+B44+B32+B20+B8 -> 1.1827758e+13 | C82: =C68+C56+C44+C32+C20+C8 -> 16230387900000 | D82: =D68+D56+D44+D32+D20+D8 -> 1.6349437e+13 | E82: =E68+E56+E44+E32+E20+E8 -> 1.6246261e+13 | F82: =F68+F56+F44+F32+F20+F8 -> 1.6538694e+13 | G82: =G68+G56+G44+G32+G20+G8 -> 1.683639e+13 | H82: =H68+H56+H44+H32+H20+H8 -> 1.7139445e+13 | I82: =I68+I56+I44+I32+I20+I8 -> 1.7447955e+13 | ... AG82: =AG68+AG56+AG44+AG32+AG20+AG8 -> 2.6772641e+13
A83: biomass (BTU) | B83: =B69+B57+B45+B33+B21+B9 -> 1.7625316e+13 | C83: =C69+C57+C45+C33+C21+C9 -> 5.6746833e+13 | D83: =D69+D57+D45+D33+D21+D9 -> 6.0873875e+13 | E83: =E69+E57+E45+E33+E21+E9 -> 4.3151403e+13 | F83: =F69+F57+F45+F33+F21+F9 -> 4.5093216e+13 | G83: =G69+G57+G45+G33+G21+G9 -> 4.7122411e+13 | H83: =H69+H57+H45+H33+H21+H9 -> 4.9242919e+13 | I83: =I69+I57+I45+I33+I21+I9 -> 5.1458851e+13 | ... AG83: =AG69+AG57+AG45+AG33+AG21+AG9 -> 1.4799637e+14
A84: kerosene (BTU) | B84: =B70+B58+B46+B34+B22+B10 -> 1.6786364e+13 | C84: =C70+C58+C46+C34+C22+C10 -> 3.3222845e+13 | D84: =D70+D58+D46+D34+D22+D10 -> 3.2871243e+13 | E84: =E70+E58+E46+E34+E22+E10 -> 1.4216638e+13 | F84: =F70+F58+F46+F34+F22+F10 -> 1.3534239e+13 | G84: =G70+G58+G46+G34+G22+G10 -> 1.2884596e+13 | H84: =H70+H58+H46+H34+H22+H10 -> 1.2266135e+13 | I84: =I70+I58+I46+I34+I22+I10 -> 1.1677361e+13 | ... AG84: =AG70+AG58+AG46+AG34+AG22+AG10 -> 3.5861748e+12
A85: heavy or residual fuel oil (BTU) | B85: =B71+B59+B47+B35+B23+B11 -> 1.8314267e+12 | C85: =C71+C59+C47+C35+C23+C11 -> 3.9568782e+12 | D85: =D71+D59+D47+D35+D23+D11 -> 3.5863198e+12 | E85: =E71+E59+E47+E35+E23+E11 -> 1.5510643e+12 | F85: =F71+F59+F47+F35+F23+F11 -> 1.4766132e+12 | G85: =G71+G59+G47+G35+G23+G11 -> 1.4057357e+12 | H85: =H71+H59+H47+H35+H23+H11 -> 1.3382604e+12 | I85: =I71+I59+I47+I35+I23+I11 -> 1.2740239e+12 | ... AG85: =AG71+AG59+AG47+AG35+AG23+AG11 -> 3.91259e+11
A86: LPG propane or butane (BTU) | B86: =B72+B60+B48+B36+B24+B12 -> 3.6248881e+13 | C86: =C72+C60+C48+C36+C24+C12 -> 7.4441571e+13 | D86: =D72+D60+D48+D36+D24+D12 -> 70982957269222 | E86: =E72+E60+E48+E36+E24+E12 -> 3.0699752e+13 | F86: =F72+F60+F48+F36+F24+F12 -> 2.9226164e+13 | G86: =G72+G60+G48+G36+G24+G12 -> 2.7823308e+13 | H86: =H72+H60+H48+H36+H24+H12 -> 2.6487789e+13 | I86: =I72+I60+I48+I36+I24+I12 -> 2.5216375e+13 | ... AG86: =AG72+AG60+AG48+AG36+AG24+AG12 -> 7.7440726e+12
A87: hydrogen (BTU) | B87: =B73+B61+B49+B37+B25+B13 -> 0 | C87: =C73+C61+C49+C37+C25+C13 -> 0 | D87: =D73+D61+D49+D37+D25+D13 -> 0 | E87: =E73+E61+E49+E37+E25+E13 -> 0 | F87: =F73+F61+F49+F37+F25+F13 -> 0 | G87: =G73+G61+G49+G37+G25+G13 -> 0 | H87: =H73+H61+H49+H37+H25+H13 -> 0 | I87: =I73+I61+I49+I37+I25+I13 -> 0 | ... AG87: =AG73+AG61+AG49+AG37+AG25+AG13 -> 0
A92: total | B92: 2019 | C92: 2020 | D92: 2021 | E92: 2022 | F92: 2023 | G92: 2024 | H92: 2025 | I92: 2026 | J92: 2027 | K92: 2028 | L92: 2029 | M92: 2030 | N92: 2031 | O92: 2032 | P92: 2033 | Q92: 2034 | R92: 2035 | S92: 2036 | T92: 2037 | U92: 2038 | V92: 2039 | W92: 2040 | X92: 2041 | Y92: 2042 | Z92: 2043 | AA92: 2044 | AB92: 2045 | AC92: 2046 | AD92: 2047 | AE92: 2048 | AF92: 2049 | AG92: 2050
A93: electricity (KWh) | B93: =B78/(About!$B$31*10^9) -> 163.13903 | C93: =C78/(About!$B$31*10^9) -> 165.64482 | D93: =D78/(About!$B$31*10^9) -> 167.1102 | E93: =E78/(About!$B$31*10^9) -> 176.67236 | F93: =F78/(About!$B$31*10^9) -> 178.08574 | G93: =G78/(About!$B$31*10^9) -> 179.51042 | H93: =H78/(About!$B$31*10^9) -> 180.94651 | I93: =I78/(About!$B$31*10^9) -> 182.39408 | ... AG93: =AG78/(About!$B$31*10^9) -> 220.83276
A94: coal (KWh) | B94: =B79/(About!$B$31*10^9) -> 0.54718764 | C94: =C79/(About!$B$31*10^9) -> 0 | D94: =D79/(About!$B$31*10^9) -> 0 | E94: =E79/(About!$B$31*10^9) -> 0.019270364 | F94: =F79/(About!$B$31*10^9) -> 0.017593843 | G94: =G79/(About!$B$31*10^9) -> 0.016063178 | H94: =H79/(About!$B$31*10^9) -> 0.014665682 | I94: =I79/(About!$B$31*10^9) -> 0.013389767 | ... AG94: =AG79/(About!$B$31*10^9) -> 0.0015068558
A95: natural gas (KWh) | B95: =B80/(About!$B$31*10^9) -> 50.065543 | C95: =C80/(About!$B$31*10^9) -> 42.367971 | D95: =D80/(About!$B$31*10^9) -> 42.240041 | E95: =E80/(About!$B$31*10^9) -> 45.948838 | F95: =F80/(About!$B$31*10^9) -> 46.867815 | G95: =G80/(About!$B$31*10^9) -> 47.805171 | H95: =H80/(About!$B$31*10^9) -> 48.761274 | I95: =I80/(About!$B$31*10^9) -> 49.7365 | ... AG95: =AG80/(About!$B$31*10^9) -> 79.998039
A96: petroleum diesel (KWh) | B96: =B81/(About!$B$31*10^9) -> 0.68024377 | C96: =C81/(About!$B$31*10^9) -> 0.65569471 | D96: =D81/(About!$B$31*10^9) -> 1.3320608 | E96: =E81/(About!$B$31*10^9) -> 0.57610923 | F96: =F81/(About!$B$31*10^9) -> 0.54845598 | G96: =G81/(About!$B$31*10^9) -> 0.5221301 | H96: =H81/(About!$B$31*10^9) -> 0.49706785 | I96: =I81/(About!$B$31*10^9) -> 0.4732086 | ... AG96: =AG81/(About!$B$31*10^9) -> 0.14532468
A97: heat (KWh) | B97: =B82/(About!$B$31*10^9) -> 3.4663734 | C97: =C82/(About!$B$31*10^9) -> 4.7566566 | D97: =D82/(About!$B$31*10^9) -> 4.7915465 | E97: =E82/(About!$B$31*10^9) -> 4.7613086 | F97: =F82/(About!$B$31*10^9) -> 4.8470122 | G97: =G82/(About!$B$31*10^9) -> 4.9342584 | H97: =H82/(About!$B$31*10^9) -> 5.0230751 | I97: =I82/(About!$B$31*10^9) -> 5.1134904 | ... AG97: =AG82/(About!$B$31*10^9) -> 7.8462857
A98: biomass (KWh) | B98: =B83/(About!$B$31*10^9) -> 5.1654698 | C98: =C83/(About!$B$31*10^9) -> 16.630853 | D98: =D83/(About!$B$31*10^9) -> 17.84037 | E98: =E83/(About!$B$31*10^9) -> 12.646426 | F98: =F83/(About!$B$31*10^9) -> 13.215516 | G98: =G83/(About!$B$31*10^9) -> 13.810214 | H98: =H83/(About!$B$31*10^9) -> 14.431674 | I98: =I83/(About!$B$31*10^9) -> 15.081099 | ... AG98: =AG83/(About!$B$31*10^9) -> 43.373449
A99: kerosene (KWh) | B99: =B84/(About!$B$31*10^9) -> 4.9195971 | C99: =C84/(About!$B$31*10^9) -> 9.7366538 | D99: =D84/(About!$B$31*10^9) -> 9.6336092 | E99: =E84/(About!$B$31*10^9) -> 4.1664848 | F99: =F84/(About!$B$31*10^9) -> 3.9664935 | G99: =G84/(About!$B$31*10^9) -> 3.7761018 | H99: =H84/(About!$B$31*10^9) -> 3.5948489 | I99: =I84/(About!$B$31*10^9) -> 3.4222962 | ... AG99: =AG84/(About!$B$31*10^9) -> 1.051004
A100: heavy or residual fuel oil (KWh) | B100: =B85/(About!$B$31*10^9) -> 0.53673811 | C100: =C85/(About!$B$31*10^9) -> 1.1596464 | D100: =D85/(About!$B$31*10^9) -> 1.0510465 | E100: =E85/(About!$B$31*10^9) -> 0.45457201 | F100: =F85/(About!$B$31*10^9) -> 0.43275256 | G100: =G85/(About!$B$31*10^9) -> 0.41198043 | H100: =H85/(About!$B$31*10^9) -> 0.39220537 | I100: =I85/(About!$B$31*10^9) -> 0.37337952 | ... AG100: =AG85/(About!$B$31*10^9) -> 0.11466668
A101: LPG propane or butane (KWh) | B101: =B86/(About!$B$31*10^9) -> 10.623497 | C101: =C86/(About!$B$31*10^9) -> 21.816669 | D101: =D86/(About!$B$31*10^9) -> 20.803049 | E101: =E86/(About!$B$31*10^9) -> 8.9972081 | F101: =F86/(About!$B$31*10^9) -> 8.5653421 | G101: =G86/(About!$B$31*10^9) -> 8.1542057 | H101: =H86/(About!$B$31*10^9) -> 7.7628038 | I101: =I86/(About!$B$31*10^9) -> 7.3901893 | ... AG101: =AG86/(About!$B$31*10^9) -> 2.2695634
A102: hydrogen (KWh) | B102: =B87/(About!$B$31*10^9) -> 0 | C102: =C87/(About!$B$31*10^9) -> 0 | D102: =D87/(About!$B$31*10^9) -> 0 | E102: =E87/(About!$B$31*10^9) -> 0 | F102: =F87/(About!$B$31*10^9) -> 0 | G102: =G87/(About!$B$31*10^9) -> 0 | H102: =H87/(About!$B$31*10^9) -> 0 | I102: =I87/(About!$B$31*10^9) -> 0 | ... AG102: =AG87/(About!$B$31*10^9) -> 0

Sheet DC_deduction_260831
A1: Data Center Load to Deduct from BCEU Commercial Electricity — Baseline-Embedded Portion
A2: Created 2026-08-31 · This sheet supplies the deduction amounts for BCEU-commercial-cooling / -other · See [Rationale] below for basis
A4: [Parameters]
A5: 2023 Data Center Electricity Consumption (TWh) | B5: 5 | C5: 11th Basic Plan for Electricity Supply and Demand — "2023 data center electricity demand actual: 5.0 TWh (consumption basis), 0.6 GW (peak demand basis)" (BDCL 'Data Center Electricity Demand_lowmid'!A9)
A6: 2023 Data Center Supply Capacity (MW) | B6: 1986 | C6: KEPCO Data Center Electricity Supply Status — 2023: 150 facilities · 1,986 MW (Public Data Portal dataset 15127315)
A7: 2022 Data Center Supply Capacity (MW) | B7: 1764 | C7: Ministry of Trade, Industry and Energy press release — as of September 2022: 147 facilities · 1,764 MW
A8: Load Factor (back-calculated from 2023) | B8: =B5*10^6/(B6*8760) -> 0.28739993 | C8: = Annual electricity consumption ÷ (supply capacity × 8,760h). ★ Not a peak-demand utilization rate — a different concept from the 11th Plan's 2023 peak demand of 0.6 GW
A9: 2022 Data Center Electricity Consumption (TWh) | B9: =B7*8760*B8/10^6 -> 4.4410876 | C9: Estimate (not an actual figure). Identical to BDCL 'Data Center Electricity Demand_history'!B12 = 4.4410876133
A10: Back-extrapolation Slope (TWh/yr) | B10: =B5-B9 -> 0.55891239 | C10: Slope of the line through the 2022 and 2023 points. Same method BDCL used to generate 2020/2021 via FORECAST.LINEAR = 0.5589123867
A11: Commercial Electricity Annual Growth Rate | B11: =Forecast!$B$23 -> 0.008 | C11: KOSIS Forecast p.112, commercial electricity. All 6 electricity end-uses in Commercial_calculation (rows 4·16·28·40·52·64) reference this single value
A13: ③ End-Use Energy Allocation — Data Center Electricity Demand by Category (for BCEU)
A14: • Based on Korea Energy Economics Institute (KEEI) report: Cooling 18.5%, Server / Computing 61.0%, Other 20.5%
A15: Cooling Share | B15: 0.185 | C15: KEEI report ('BDCL' Scenarios!B22:B24)
A16: Computing Share | B16: 0.61
A17: Other User Share | B17: 0.205
A18: TWh → BTU (conversion factor) | B18: =About!$B$38 -> 3412142000000
A20: [Annual Deduction Amounts]
A21: Year | B21: 2019 | C21: 2020 | D21: 2021 | E21: 2022 | F21: 2023 | G21: 2024 | H21: 2025 | I21: 2026 | J21: 2027 | K21: 2028 | L21: 2029 | M21: 2030 | N21: 2031 | O21: 2032 | P21: 2033 | Q21: 2034 | R21: 2035 | S21: 2036 | T21: 2037 | U21: 2038 | V21: 2039 | W21: 2040 | X21: 2041 | Y21: 2042 | Z21: 2043 | AA21: 2044 | AB21: 2045 | AC21: 2046 | AD21: 2047 | AE21: 2048 | AF21: 2049 | AG21: 2050
A22: Embedded DC Load (TWh) | B22: =$B$9-3*$B$10 -> 2.7643505 | C22: =$B$9-2*$B$10 -> 3.3232628 | D22: =$B$9-1*$B$10 -> 3.8821752 | E22: =$B$9 -> 4.4410876 | F22: =E22*(1+$B$11) -> 4.4766163 | G22: =F22*(1+$B$11) -> 4.5124292 | H22: =G22*(1+$B$11) -> 4.5485287 | I22: =H22*(1+$B$11) -> 4.5849169 | J22: =I22*(1+$B$11) -> 4.6215962 | K22: =J22*(1+$B$11) -> 4.658569 | L22: =K22*(1+$B$11) -> 4.6958376 | M22: =L22*(1+$B$11) -> 4.7334043 | ... AG22: =AF22*(1+$B$11) -> 5.5511663
A23: Total Commercial Electricity (TWh) — reference | B23: =Commercial_calculation!B93 -> 163.13903 | C23: =Commercial_calculation!C93 -> 165.64482 | D23: =Commercial_calculation!D93 -> 167.1102 | E23: =Commercial_calculation!E93 -> 176.67236 | F23: =Commercial_calculation!F93 -> 178.08574 | G23: =Commercial_calculation!G93 -> 179.51042 | H23: =Commercial_calculation!H93 -> 180.94651 | I23: =Commercial_calculation!I93 -> 182.39408 | ... AG23: =Commercial_calculation!AG93 -> 220.83276
A24: Share of Commercial Electricity — reference | B24: =B22/B23 -> 0.016944752 | C24: =C22/C23 -> 0.020062582 | D24: =D22/D23 -> 0.023231228 | E24: =E22/E23 -> 0.025137422 | F24: =F22/F23 -> 0.025137422 | G24: =G22/G23 -> 0.025137422 | H24: =H22/H23 -> 0.025137422 | I24: =I22/I23 -> 0.025137422 | ... AG24: =AG22/AG23 -> 0.025137422
A26: Cooling (BTU) → Deduct from BCEU-commercial-cooling | B26: =B$22*$B$15*$B$18 -> 1.7449859e+12 | C26: =C$22*$B$15*$B$18 -> 2.0977973e+12 | D26: =D$22*$B$15*$B$18 -> 2.4506086e+12 | E26: =E$22*$B$15*$B$18 -> 2.80342e+12 | F26: =F$22*$B$15*$B$18 -> 2.8258474e+12 | G26: =G$22*$B$15*$B$18 -> 2.8484541e+12 | H26: =H$22*$B$15*$B$18 -> 2.8712418e+12 | I26: =I$22*$B$15*$B$18 -> 2.8942117e+12 | ... AG26: =AG$22*$B$15*$B$18 -> 3.504153e+12
A27: Computing (BTU) → Deduct from BCEU-commercial-other | B27: =B$22*$B$16*$B$18 -> 5.7537373e+12 | C27: =C$22*$B$16*$B$18 -> 6.9170613e+12 | D27: =D$22*$B$16*$B$18 -> 8.0803852e+12 | E27: =E$22*$B$16*$B$18 -> 9.2437092e+12 | F27: =F$22*$B$16*$B$18 -> 9.3176588e+12 | G27: =G$22*$B$16*$B$18 -> 9.3922001e+12 | H27: =H$22*$B$16*$B$18 -> 9.4673377e+12 | I27: =I$22*$B$16*$B$18 -> 9.5430764e+12 | ... AG27: =AG$22*$B$16*$B$18 -> 1.1554234e+13
A28: Other user (BTU) → Deduct from BCEU-commercial-other | B28: =B$22*$B$17*$B$18 -> 1.933633e+12 | C28: =C$22*$B$17*$B$18 -> 2.3245862e+12 | D28: =D$22*$B$17*$B$18 -> 2.7155393e+12 | E28: =E$22*$B$17*$B$18 -> 3.1064924e+12 | F28: =F$22*$B$17*$B$18 -> 3.1313444e+12 | G28: =G$22*$B$17*$B$18 -> 3.1563951e+12 | H28: =H$22*$B$17*$B$18 -> 3.1816463e+12 | I28: =I$22*$B$17*$B$18 -> 3.2070994e+12 | ... AG28: =AG$22*$B$17*$B$18 -> 3.8829804e+12
A29: Total Deduction (BTU) | B29: =SUM(B26:B28) -> 9.4323563e+12 | C29: =SUM(C26:C28) -> 1.1339445e+13 | D29: =SUM(D26:D28) -> 1.3246533e+13 | E29: =SUM(E26:E28) -> 1.5153622e+13 | F29: =SUM(F26:F28) -> 1.5274851e+13 | G29: =SUM(G26:G28) -> 1.5397049e+13 | H29: =SUM(H26:H28) -> 1.5520226e+13 | I29: =SUM(I26:I28) -> 1.5644388e+13 | ... AG29: =SUM(AG26:AG28) -> 1.8941368e+13
A31: [Check] Commercial Cooling Electricity After Deduction (TWh) | B31: =(Commercial_calculation!B16-B26)/$B$18 -> 54.099894 | C31: =(Commercial_calculation!C16-C26)/$B$18 -> 54.835316 | D31: =(Commercial_calculation!D16-D26)/$B$18 -> 55.222455 | E31: =(Commercial_calculation!E16-E26)/$B$18 -> 58.320013 | F31: =(Commercial_calculation!F16-F26)/$B$18 -> 58.786573 | G31: =(Commercial_calculation!G16-G26)/$B$18 -> 59.256865 | H31: =(Commercial_calculation!H16-H26)/$B$18 -> 59.73092 | I31: =(Commercial_calculation!I16-I26)/$B$18 -> 60.208768 | ... AG31: =(Commercial_calculation!AG16-AG26)/$B$18 -> 72.897479
A32: [Check] Commercial Other Electricity After Deduction (TWh) | B32: =(Commercial_calculation!B64-B27-B28)/$B$18 -> 18.057152 | C32: =(Commercial_calculation!C64-C27-C28)/$B$18 -> 17.9136 | D32: =(Commercial_calculation!D64-D27-D28)/$B$18 -> 17.640519 | E32: =(Commercial_calculation!E64-E27-E28)/$B$18 -> 18.375456 | F32: =(Commercial_calculation!F64-F27-F28)/$B$18 -> 18.52246 | G32: =(Commercial_calculation!G64-G27-G28)/$B$18 -> 18.67064 | H32: =(Commercial_calculation!H64-H27-H28)/$B$18 -> 18.820005 | I32: =(Commercial_calculation!I64-I27-I28)/$B$18 -> 18.970565 | ... AG32: =(Commercial_calculation!AG64-AG27-AG28)/$B$18 -> 22.968521
A34: [Check] Any Negative Values Across Full Range | B34: =IF(MIN(B31:AG32)<0,"★ Negative value found","OK — all values positive") -> OK — all values positive
A36: [Rationale]
A38: 1. Why Deduct Only the 'Embedded Portion', Not the 'Full BDCL'
A39: EPS v4.0.5: BAU Total Electricity Demand = Transport + Buildings (BCEU) + Industry (BIFUbC)
A40: + District Heating + Hydrogen + BDCL. Since BDCL is added in full separately, what must be subtracted from BCEU is only
A41: the 'data center portion already embedded in the BCEU baseline.'
A42: The BDCL workbook (About!A34) states 'This data center load is removed from bldgs/BCEU,' intending
A43: a full deduction — but the baseline does not contain that much to begin with
A44: (2040 embedded amount 5.13 TWh vs. BDCL-mid 34.1 TWh). A full deduction would turn negative starting in 2039.
A46: 2. Embedded-Amount Formula = B9 × (1+B11)^(Year−2022)
A47: All 6 electricity end-uses in Commercial_calculation grow at the same rate, Forecast!$B23 = 0.008,
A48: meaning there is no pathway within the baseline for data centers alone to grow faster.
A49: As a result, the share of commercial electricity is fixed at 2.51%.
... A70: capacity grew 1,764→1,986 MW (+12.6%), indicating a trend toward larger facilities → the load factor may vary by year.

Sheet Urban_res_calculation
A2: Urban residential
A3: heating | B3: 2019 | C3: 2020 | D3: 2021 | E3: 2022 | F3: 2023 | G3: 2024 | H3: 2025 | I3: 2026 | J3: 2027 | K3: 2028 | L3: 2029 | M3: 2030 | N3: 2031 | O3: 2032 | P3: 2033 | Q3: 2034 | R3: 2035 | S3: 2036 | T3: 2037 | U3: 2038 | V3: 2039 | W3: 2040 | X3: 2041 | Y3: 2042 | Z3: 2043 | AA3: 2044 | AB3: 2045 | AC3: 2046 | AD3: 2047 | AE3: 2048 | AF3: 2049 | AG3: 2050
A4: electricity (BTU) | B4: =INDEX('2019'!$B$14:$G$23, MATCH($A4, '2019'!$A$2:$A$11, 0), MATCH(Urban_res_calculation!$A$3, '2019'!$B$1:$G$1, 0)) -> 6.4335875e+13 | C4: =INDEX('2020'!$B$14:$G$23, MATCH($A4, '2020'!$A$2:$A$11, 0), MATCH(Urban_res_calculation!$A$3, '2020'!$B$1:$G$1, 0)) -> 6.7639098e+13 | D4: =INDEX('2021'!$B$14:$G$23, MATCH($A4, '2021'!$A$2:$A$11, 0), MATCH(Urban_res_calculation!$A$3, '2021'!$B$1:$G$1, 0)) -> 7.0821278e+13 | E4: =MAX(0, D4*(1+Forecast!$B3)) -> 7.1246206e+13 | F4: =MAX(0, E4*(1+Forecast!$B3)) -> 7.1673683e+13 | G4: =MAX(0, F4*(1+Forecast!$B3)) -> 7.2103725e+13 | H4: =MAX(0, G4*(1+Forecast!$B3)) -> 7.2536347e+13 | I4: =MAX(0, H4*(1+Forecast!$B3)) -> 7.2971565e+13 | J4: =MAX(0, I4*(1+Forecast!$B3)) -> 7.3409395e+13 | K4: =MAX(0, J4*(1+Forecast!$B3)) -> 7.3849851e+13 | L4: =MAX(0, K4*(1+Forecast!$B3)) -> 7.429295e+13 | ... AG4: =MAX(0, AF4*(1+Forecast!$B3)) -> 8.4237448e+13
A5: coal (BTU) | B5: =INDEX('2019'!$B$14:$G$23, MATCH($A5, '2019'!$A$2:$A$11, 0), MATCH(Urban_res_calculation!$A$3, '2019'!$B$1:$G$1, 0)) -> 1.0785423e+13 | C5: =INDEX('2020'!$B$14:$G$23, MATCH($A5, '2020'!$A$2:$A$11, 0), MATCH(Urban_res_calculation!$A$3, '2020'!$B$1:$G$1, 0)) -> 7.9961843e+12 | D5: =INDEX('2021'!$B$14:$G$23, MATCH($A5, '2021'!$A$2:$A$11, 0), MATCH(Urban_res_calculation!$A$3, '2021'!$B$1:$G$1, 0)) -> 7.0380994e+12 | E5: =MAX(0, D5*(1+Forecast!$B4)) -> 6.1512989e+12 | F5: =MAX(0, E5*(1+Forecast!$B4)) -> 5.3762352e+12 | G5: =MAX(0, F5*(1+Forecast!$B4)) -> 4.6988296e+12 | H5: =MAX(0, G5*(1+Forecast!$B4)) -> 4.106777e+12 | I5: =MAX(0, H5*(1+Forecast!$B4)) -> 3.5893231e+12 | J5: =MAX(0, I5*(1+Forecast!$B4)) -> 3.1370684e+12 | K5: =MAX(0, J5*(1+Forecast!$B4)) -> 2.7417978e+12 | L5: =MAX(0, K5*(1+Forecast!$B4)) -> 2.3963313e+12 | ... AG5: =MAX(0, AF5*(1+Forecast!$B4)) -> 1.4167295e+11
A6: natural gas (BTU) | B6: =INDEX('2019'!$B$14:$G$23, MATCH($A6, '2019'!$A$2:$A$11, 0), MATCH(Urban_res_calculation!$A$3, '2019'!$B$1:$G$1, 0)) -> 3.159941e+14 | C6: =INDEX('2020'!$B$14:$G$23, MATCH($A6, '2020'!$A$2:$A$11, 0), MATCH(Urban_res_calculation!$A$3, '2020'!$B$1:$G$1, 0)) -> 3.2823293e+14 | D6: =INDEX('2021'!$B$14:$G$23, MATCH($A6, '2021'!$A$2:$A$11, 0), MATCH(Urban_res_calculation!$A$3, '2021'!$B$1:$G$1, 0)) -> 3.3435476e+14 | E6: =MAX(0, D6*(1+Forecast!$B5)) -> 331679921312085 | F6: =MAX(0, E6*(1+Forecast!$B5)) -> 3.2902648e+14 | G6: =MAX(0, F6*(1+Forecast!$B5)) -> 3.2639427e+14 | H6: =MAX(0, G6*(1+Forecast!$B5)) -> 3.2378312e+14 | I6: =MAX(0, H6*(1+Forecast!$B5)) -> 3.2119285e+14 | J6: =MAX(0, I6*(1+Forecast!$B5)) -> 3.1862331e+14 | K6: =MAX(0, J6*(1+Forecast!$B5)) -> 3.1607432e+14 | L6: =MAX(0, K6*(1+Forecast!$B5)) -> 313545727150665 | ... AG6: =MAX(0, AF6*(1+Forecast!$B5)) -> 2.6487807e+14
A7: petroleum diesel (BTU) | B7: =INDEX('2019'!$B$14:$G$23, MATCH($A7, '2019'!$A$2:$A$11, 0), MATCH(Urban_res_calculation!$A$3, '2019'!$B$1:$G$1, 0)) -> 0 | C7: =INDEX('2020'!$B$14:$G$23, MATCH($A7, '2020'!$A$2:$A$11, 0), MATCH(Urban_res_calculation!$A$3, '2020'!$B$1:$G$1, 0)) -> 0 | D7: =INDEX('2021'!$B$14:$G$23, MATCH($A7, '2021'!$A$2:$A$11, 0), MATCH(Urban_res_calculation!$A$3, '2021'!$B$1:$G$1, 0)) -> 0 | E7: =MAX(0, D7*(1+Forecast!$B6)) -> 0 | F7: =MAX(0, E7*(1+Forecast!$B6)) -> 0 | G7: =MAX(0, F7*(1+Forecast!$B6)) -> 0 | H7: =MAX(0, G7*(1+Forecast!$B6)) -> 0 | I7: =MAX(0, H7*(1+Forecast!$B6)) -> 0 | J7: =MAX(0, I7*(1+Forecast!$B6)) -> 0 | K7: =MAX(0, J7*(1+Forecast!$B6)) -> 0 | L7: =MAX(0, K7*(1+Forecast!$B6)) -> 0 | ... AG7: =MAX(0, AF7*(1+Forecast!$B6)) -> 0
A8: heat (BTU) | B8: =INDEX('2019'!$B$14:$G$23, MATCH($A8, '2019'!$A$2:$A$11, 0), MATCH(Urban_res_calculation!$A$3, '2019'!$B$1:$G$1, 0)) -> 75772498464000 | C8: =INDEX('2020'!$B$14:$G$23, MATCH($A8, '2020'!$A$2:$A$11, 0), MATCH(Urban_res_calculation!$A$3, '2020'!$B$1:$G$1, 0)) -> 80129417125680 | D8: =INDEX('2021'!$B$14:$G$23, MATCH($A8, '2021'!$A$2:$A$11, 0), MATCH(Urban_res_calculation!$A$3, '2021'!$B$1:$G$1, 0)) -> 82519165154160 | E8: =MAX(0, D8*(1+Forecast!$B7)) -> 8.2436646e+13 | F8: =MAX(0, E8*(1+Forecast!$B7)) -> 8.2354209e+13 | G8: =MAX(0, F8*(1+Forecast!$B7)) -> 8.2271855e+13 | H8: =MAX(0, G8*(1+Forecast!$B7)) -> 8.2189583e+13 | I8: =MAX(0, H8*(1+Forecast!$B7)) -> 8.2107394e+13 | J8: =MAX(0, I8*(1+Forecast!$B7)) -> 8.2025286e+13 | K8: =MAX(0, J8*(1+Forecast!$B7)) -> 8.1943261e+13 | L8: =MAX(0, K8*(1+Forecast!$B7)) -> 8.1861318e+13 | ... AG8: =MAX(0, AF8*(1+Forecast!$B7)) -> 8.0159313e+13
A9: biomass (BTU) | B9: =INDEX('2019'!$B$14:$G$23, MATCH($A9, '2019'!$A$2:$A$11, 0), MATCH(Urban_res_calculation!$A$3, '2019'!$B$1:$G$1, 0)) -> 4.8304968e+12 | C9: =INDEX('2020'!$B$14:$G$23, MATCH($A9, '2020'!$A$2:$A$11, 0), MATCH(Urban_res_calculation!$A$3, '2020'!$B$1:$G$1, 0)) -> 4611922262280 | D9: =INDEX('2021'!$B$14:$G$23, MATCH($A9, '2021'!$A$2:$A$11, 0), MATCH(Urban_res_calculation!$A$3, '2021'!$B$1:$G$1, 0)) -> 4.6301368e+12 | E9: =MAX(0, D9*(1+Forecast!$B8)) -> 4.6579176e+12 | F9: =MAX(0, E9*(1+Forecast!$B8)) -> 4.6858651e+12 | G9: =MAX(0, F9*(1+Forecast!$B8)) -> 4.7139803e+12 | H9: =MAX(0, G9*(1+Forecast!$B8)) -> 4.7422642e+12 | I9: =MAX(0, H9*(1+Forecast!$B8)) -> 4.7707178e+12 | J9: =MAX(0, I9*(1+Forecast!$B8)) -> 4.7993421e+12 | K9: =MAX(0, J9*(1+Forecast!$B8)) -> 4.8281381e+12 | L9: =MAX(0, K9*(1+Forecast!$B8)) -> 4.857107e+12 | ... AG9: =MAX(0, AF9*(1+Forecast!$B8)) -> 5.507256e+12
A10: kerosene (BTU) | B10: =INDEX('2019'!$B$14:$G$23, MATCH($A10, '2019'!$A$2:$A$11, 0), MATCH(Urban_res_calculation!$A$3, '2019'!$B$1:$G$1, 0)) -> 0 | C10: =INDEX('2020'!$B$14:$G$23, MATCH($A10, '2020'!$A$2:$A$11, 0), MATCH(Urban_res_calculation!$A$3, '2020'!$B$1:$G$1, 0)) -> 0 | D10: =INDEX('2021'!$B$14:$G$23, MATCH($A10, '2021'!$A$2:$A$11, 0), MATCH(Urban_res_calculation!$A$3, '2021'!$B$1:$G$1, 0)) -> 0 | E10: =MAX(0, D10*(1+Forecast!$B9)) -> 0 | F10: =MAX(0, E10*(1+Forecast!$B9)) -> 0 | G10: =MAX(0, F10*(1+Forecast!$B9)) -> 0 | H10: =MAX(0, G10*(1+Forecast!$B9)) -> 0 | I10: =MAX(0, H10*(1+Forecast!$B9)) -> 0 | J10: =MAX(0, I10*(1+Forecast!$B9)) -> 0 | K10: =MAX(0, J10*(1+Forecast!$B9)) -> 0 | L10: =MAX(0, K10*(1+Forecast!$B9)) -> 0 | ... AG10: =MAX(0, AF10*(1+Forecast!$B9)) -> 0
A11: heavy or residual fuel oil (BTU) | B11: =INDEX('2019'!$B$14:$G$23, MATCH($A11, '2019'!$A$2:$A$11, 0), MATCH(Urban_res_calculation!$A$3, '2019'!$B$1:$G$1, 0)) -> 5.7204593e+13 | C11: =INDEX('2020'!$B$14:$G$23, MATCH($A11, '2020'!$A$2:$A$11, 0), MATCH(Urban_res_calculation!$A$3, '2020'!$B$1:$G$1, 0)) -> 5.5753146e+13 | D11: =INDEX('2021'!$B$14:$G$23, MATCH($A11, '2021'!$A$2:$A$11, 0), MATCH(Urban_res_calculation!$A$3, '2021'!$B$1:$G$1, 0)) -> 5.5723904e+13 | E11: =MAX(0, D11*(1+Forecast!$B10)) -> 5.33835e+13 | F11: =MAX(0, E11*(1+Forecast!$B10)) -> 5.1141393e+13 | G11: =MAX(0, F11*(1+Forecast!$B10)) -> 4.8993454e+13 | H11: =MAX(0, G11*(1+Forecast!$B10)) -> 4.6935729e+13 | I11: =MAX(0, H11*(1+Forecast!$B10)) -> 4.4964429e+13 | J11: =MAX(0, I11*(1+Forecast!$B10)) -> 4.3075923e+13 | K11: =MAX(0, J11*(1+Forecast!$B10)) -> 4.1266734e+13 | L11: =MAX(0, K11*(1+Forecast!$B10)) -> 3.9533531e+13 | ... AG11: =MAX(0, AF11*(1+Forecast!$B10)) -> 1.6056146e+13
A12: LPG propane or butane (BTU) | B12: =INDEX('2019'!$B$14:$G$23, MATCH($A12, '2019'!$A$2:$A$11, 0), MATCH(Urban_res_calculation!$A$3, '2019'!$B$1:$G$1, 0)) -> 1.7513305e+13 | C12: =INDEX('2020'!$B$14:$G$23, MATCH($A12, '2020'!$A$2:$A$11, 0), MATCH(Urban_res_calculation!$A$3, '2020'!$B$1:$G$1, 0)) -> 1.7068941e+13 | D12: =INDEX('2021'!$B$14:$G$23, MATCH($A12, '2021'!$A$2:$A$11, 0), MATCH(Urban_res_calculation!$A$3, '2021'!$B$1:$G$1, 0)) -> 1.7059988e+13 | E12: =MAX(0, D12*(1+Forecast!$B11)) -> 1.6343469e+13 | F12: =MAX(0, E12*(1+Forecast!$B11)) -> 1.5657043e+13 | G12: =MAX(0, F12*(1+Forecast!$B11)) -> 1.4999447e+13 | H12: =MAX(0, G12*(1+Forecast!$B11)) -> 1.4369471e+13 | I12: =MAX(0, H12*(1+Forecast!$B11)) -> 1.3765953e+13 | J12: =MAX(0, I12*(1+Forecast!$B11)) -> 1.3187783e+13 | K12: =MAX(0, J12*(1+Forecast!$B11)) -> 1.2633896e+13 | L12: =MAX(0, K12*(1+Forecast!$B11)) -> 1.2103272e+13 | ... AG12: =MAX(0, AF12*(1+Forecast!$B11)) -> 4.9156222e+12
A13: hydrogen (BTU) | B13: =INDEX('2019'!$B$14:$G$23, MATCH($A13, '2019'!$A$2:$A$11, 0), MATCH(Urban_res_calculation!$A$3, '2019'!$B$1:$G$1, 0)) -> 0 | C13: =INDEX('2020'!$B$14:$G$23, MATCH($A13, '2020'!$A$2:$A$11, 0), MATCH(Urban_res_calculation!$A$3, '2020'!$B$1:$G$1, 0)) -> 0 | D13: =INDEX('2021'!$B$14:$G$23, MATCH($A13, '2021'!$A$2:$A$11, 0), MATCH(Urban_res_calculation!$A$3, '2021'!$B$1:$G$1, 0)) -> 0 | E13: =MAX(0, D13*(1+Forecast!$B12)) -> 0 | F13: =MAX(0, E13*(1+Forecast!$B12)) -> 0 | G13: =MAX(0, F13*(1+Forecast!$B12)) -> 0 | H13: =MAX(0, G13*(1+Forecast!$B12)) -> 0 | I13: =MAX(0, H13*(1+Forecast!$B12)) -> 0 | J13: =MAX(0, I13*(1+Forecast!$B12)) -> 0 | K13: =MAX(0, J13*(1+Forecast!$B12)) -> 0 | L13: =MAX(0, K13*(1+Forecast!$B12)) -> 0 | ... AG13: =MAX(0, AF13*(1+Forecast!$B12)) -> 0
A15: cooling & ventilation | B15: 2019 | C15: 2020 | D15: 2021 | E15: 2022 | F15: 2023 | G15: 2024 | H15: 2025 | I15: 2026 | J15: 2027 | K15: 2028 | L15: 2029 | M15: 2030 | N15: 2031 | O15: 2032 | P15: 2033 | Q15: 2034 | R15: 2035 | S15: 2036 | T15: 2037 | U15: 2038 | V15: 2039 | W15: 2040 | X15: 2041 | Y15: 2042 | Z15: 2043 | AA15: 2044 | AB15: 2045 | AC15: 2046 | AD15: 2047 | AE15: 2048 | AF15: 2049 | AG15: 2050
A16: electricity (BTU) | B16: =INDEX('2019'!$B$14:$G$23, MATCH($A16, '2019'!$A$2:$A$11, 0), MATCH(Urban_res_calculation!$A$15, '2019'!$B$1:$G$1, 0)) -> 36429085800000 | C16: =INDEX('2020'!$B$14:$G$23, MATCH($A16, '2020'!$A$2:$A$11, 0), MATCH(Urban_res_calculation!$A$15, '2020'!$B$1:$G$1, 0)) -> 3.8299479e+13 | D16: =INDEX('2021'!$B$14:$G$23, MATCH($A16, '2021'!$A$2:$A$11, 0), MATCH(Urban_res_calculation!$A$15, '2021'!$B$1:$G$1, 0)) -> 4.0101334e+13 | E16: =MAX(0, D16*(1+Forecast!$B3)) -> 4.0341942e+13 | F16: =MAX(0, E16*(1+Forecast!$B3)) -> 4.0583994e+13 | G16: =MAX(0, F16*(1+Forecast!$B3)) -> 4.0827498e+13 | H16: =MAX(0, G16*(1+Forecast!$B3)) -> 4.1072462e+13 | I16: =MAX(0, H16*(1+Forecast!$B3)) -> 4.1318897e+13 | J16: =MAX(0, I16*(1+Forecast!$B3)) -> 4.1566811e+13 | K16: =MAX(0, J16*(1+Forecast!$B3)) -> 4.1816212e+13 | L16: =MAX(0, K16*(1+Forecast!$B3)) -> 4.2067109e+13 | ... AG16: =MAX(0, AF16*(1+Forecast!$B3)) -> 4.769801e+13
A17: coal (BTU) | B17: =INDEX('2019'!$B$14:$G$23, MATCH($A17, '2019'!$A$2:$A$11, 0), MATCH(Urban_res_calculation!$A$15, '2019'!$B$1:$G$1, 0)) -> 0 | C17: =INDEX('2020'!$B$14:$G$23, MATCH($A17, '2020'!$A$2:$A$11, 0), MATCH(Urban_res_calculation!$A$15, '2020'!$B$1:$G$1, 0)) -> 0 | D17: =INDEX('2021'!$B$14:$G$23, MATCH($A17, '2021'!$A$2:$A$11, 0), MATCH(Urban_res_calculation!$A$15, '2021'!$B$1:$G$1, 0)) -> 0 | E17: =MAX(0, D17*(1+Forecast!$B4)) -> 0 | F17: =MAX(0, E17*(1+Forecast!$B4)) -> 0 | G17: =MAX(0, F17*(1+Forecast!$B4)) -> 0 | H17: =MAX(0, G17*(1+Forecast!$B4)) -> 0 | I17: =MAX(0, H17*(1+Forecast!$B4)) -> 0 | J17: =MAX(0, I17*(1+Forecast!$B4)) -> 0 | K17: =MAX(0, J17*(1+Forecast!$B4)) -> 0 | L17: =MAX(0, K17*(1+Forecast!$B4)) -> 0 | ... AG17: =MAX(0, AF17*(1+Forecast!$B4)) -> 0
A18: natural gas (BTU) | B18: =INDEX('2019'!$B$14:$G$23, MATCH($A18, '2019'!$A$2:$A$11, 0), MATCH(Urban_res_calculation!$A$15, '2019'!$B$1:$G$1, 0)) -> 0 | C18: =INDEX('2020'!$B$14:$G$23, MATCH($A18, '2020'!$A$2:$A$11, 0), MATCH(Urban_res_calculation!$A$15, '2020'!$B$1:$G$1, 0)) -> 0 | D18: =INDEX('2021'!$B$14:$G$23, MATCH($A18, '2021'!$A$2:$A$11, 0), MATCH(Urban_res_calculation!$A$15, '2021'!$B$1:$G$1, 0)) -> 0 | E18: =MAX(0, D18*(1+Forecast!$B5)) -> 0 | F18: =MAX(0, E18*(1+Forecast!$B5)) -> 0 | G18: =MAX(0, F18*(1+Forecast!$B5)) -> 0 | H18: =MAX(0, G18*(1+Forecast!$B5)) -> 0 | I18: =MAX(0, H18*(1+Forecast!$B5)) -> 0 | J18: =MAX(0, I18*(1+Forecast!$B5)) -> 0 | K18: =MAX(0, J18*(1+Forecast!$B5)) -> 0 | L18: =MAX(0, K18*(1+Forecast!$B5)) -> 0 | ... AG18: =MAX(0, AF18*(1+Forecast!$B5)) -> 0
A19: petroleum diesel (BTU) | B19: =INDEX('2019'!$B$14:$G$23, MATCH($A19, '2019'!$A$2:$A$11, 0), MATCH(Urban_res_calculation!$A$15, '2019'!$B$1:$G$1, 0)) -> 0 | C19: =INDEX('2020'!$B$14:$G$23, MATCH($A19, '2020'!$A$2:$A$11, 0), MATCH(Urban_res_calculation!$A$15, '2020'!$B$1:$G$1, 0)) -> 0 | D19: =INDEX('2021'!$B$14:$G$23, MATCH($A19, '2021'!$A$2:$A$11, 0), MATCH(Urban_res_calculation!$A$15, '2021'!$B$1:$G$1, 0)) -> 0 | E19: =MAX(0, D19*(1+Forecast!$B6)) -> 0 | F19: =MAX(0, E19*(1+Forecast!$B6)) -> 0 | G19: =MAX(0, F19*(1+Forecast!$B6)) -> 0 | H19: =MAX(0, G19*(1+Forecast!$B6)) -> 0 | I19: =MAX(0, H19*(1+Forecast!$B6)) -> 0 | J19: =MAX(0, I19*(1+Forecast!$B6)) -> 0 | K19: =MAX(0, J19*(1+Forecast!$B6)) -> 0 | L19: =MAX(0, K19*(1+Forecast!$B6)) -> 0 | ... AG19: =MAX(0, AF19*(1+Forecast!$B6)) -> 0
A20: heat (BTU) | B20: =INDEX('2019'!$B$14:$G$23, MATCH($A20, '2019'!$A$2:$A$11, 0), MATCH(Urban_res_calculation!$A$15, '2019'!$B$1:$G$1, 0)) -> 0 | C20: =INDEX('2020'!$B$14:$G$23, MATCH($A20, '2020'!$A$2:$A$11, 0), MATCH(Urban_res_calculation!$A$15, '2020'!$B$1:$G$1, 0)) -> 0 | D20: =INDEX('2021'!$B$14:$G$23, MATCH($A20, '2021'!$A$2:$A$11, 0), MATCH(Urban_res_calculation!$A$15, '2021'!$B$1:$G$1, 0)) -> 0 | E20: =MAX(0, D20*(1+Forecast!$B7)) -> 0 | F20: =MAX(0, E20*(1+Forecast!$B7)) -> 0 | G20: =MAX(0, F20*(1+Forecast!$B7)) -> 0 | H20: =MAX(0, G20*(1+Forecast!$B7)) -> 0 | I20: =MAX(0, H20*(1+Forecast!$B7)) -> 0 | J20: =MAX(0, I20*(1+Forecast!$B7)) -> 0 | K20: =MAX(0, J20*(1+Forecast!$B7)) -> 0 | L20: =MAX(0, K20*(1+Forecast!$B7)) -> 0 | ... AG20: =MAX(0, AF20*(1+Forecast!$B7)) -> 0
A21: biomass (BTU) | B21: =INDEX('2019'!$B$14:$G$23, MATCH($A21, '2019'!$A$2:$A$11, 0), MATCH(Urban_res_calculation!$A$15, '2019'!$B$1:$G$1, 0)) -> 0 | C21: =INDEX('2020'!$B$14:$G$23, MATCH($A21, '2020'!$A$2:$A$11, 0), MATCH(Urban_res_calculation!$A$15, '2020'!$B$1:$G$1, 0)) -> 0 | D21: =INDEX('2021'!$B$14:$G$23, MATCH($A21, '2021'!$A$2:$A$11, 0), MATCH(Urban_res_calculation!$A$15, '2021'!$B$1:$G$1, 0)) -> 0 | E21: =MAX(0, D21*(1+Forecast!$B8)) -> 0 | F21: =MAX(0, E21*(1+Forecast!$B8)) -> 0 | G21: =MAX(0, F21*(1+Forecast!$B8)) -> 0 | H21: =MAX(0, G21*(1+Forecast!$B8)) -> 0 | I21: =MAX(0, H21*(1+Forecast!$B8)) -> 0 | J21: =MAX(0, I21*(1+Forecast!$B8)) -> 0 | K21: =MAX(0, J21*(1+Forecast!$B8)) -> 0 | L21: =MAX(0, K21*(1+Forecast!$B8)) -> 0 | ... AG21: =MAX(0, AF21*(1+Forecast!$B8)) -> 0
A22: kerosene (BTU) | B22: =INDEX('2019'!$B$14:$G$23, MATCH($A22, '2019'!$A$2:$A$11, 0), MATCH(Urban_res_calculation!$A$15, '2019'!$B$1:$G$1, 0)) -> 0 | C22: =INDEX('2020'!$B$14:$G$23, MATCH($A22, '2020'!$A$2:$A$11, 0), MATCH(Urban_res_calculation!$A$15, '2020'!$B$1:$G$1, 0)) -> 0 | D22: =INDEX('2021'!$B$14:$G$23, MATCH($A22, '2021'!$A$2:$A$11, 0), MATCH(Urban_res_calculation!$A$15, '2021'!$B$1:$G$1, 0)) -> 0 | E22: =MAX(0, D22*(1+Forecast!$B9)) -> 0 | F22: =MAX(0, E22*(1+Forecast!$B9)) -> 0 | G22: =MAX(0, F22*(1+Forecast!$B9)) -> 0 | H22: =MAX(0, G22*(1+Forecast!$B9)) -> 0 | I22: =MAX(0, H22*(1+Forecast!$B9)) -> 0 | J22: =MAX(0, I22*(1+Forecast!$B9)) -> 0 | K22: =MAX(0, J22*(1+Forecast!$B9)) -> 0 | L22: =MAX(0, K22*(1+Forecast!$B9)) -> 0 | ... AG22: =MAX(0, AF22*(1+Forecast!$B9)) -> 0
A23: heavy or residual fuel oil (BTU) | B23: =INDEX('2019'!$B$14:$G$23, MATCH($A23, '2019'!$A$2:$A$11, 0), MATCH(Urban_res_calculation!$A$15, '2019'!$B$1:$G$1, 0)) -> 0 | C23: =INDEX('2020'!$B$14:$G$23, MATCH($A23, '2020'!$A$2:$A$11, 0), MATCH(Urban_res_calculation!$A$15, '2020'!$B$1:$G$1, 0)) -> 0 | D23: =INDEX('2021'!$B$14:$G$23, MATCH($A23, '2021'!$A$2:$A$11, 0), MATCH(Urban_res_calculation!$A$15, '2021'!$B$1:$G$1, 0)) -> 0 | E23: =MAX(0, D23*(1+Forecast!$B10)) -> 0 | F23: =MAX(0, E23*(1+Forecast!$B10)) -> 0 | G23: =MAX(0, F23*(1+Forecast!$B10)) -> 0 | H23: =MAX(0, G23*(1+Forecast!$B10)) -> 0 | I23: =MAX(0, H23*(1+Forecast!$B10)) -> 0 | J23: =MAX(0, I23*(1+Forecast!$B10)) -> 0 | K23: =MAX(0, J23*(1+Forecast!$B10)) -> 0 | L23: =MAX(0, K23*(1+Forecast!$B10)) -> 0 | ... AG23: =MAX(0, AF23*(1+Forecast!$B10)) -> 0
A24: LPG propane or butane (BTU) | B24: =INDEX('2019'!$B$14:$G$23, MATCH($A24, '2019'!$A$2:$A$11, 0), MATCH(Urban_res_calculation!$A$15, '2019'!$B$1:$G$1, 0)) -> 0 | C24: =INDEX('2020'!$B$14:$G$23, MATCH($A24, '2020'!$A$2:$A$11, 0), MATCH(Urban_res_calculation!$A$15, '2020'!$B$1:$G$1, 0)) -> 0 | D24: =INDEX('2021'!$B$14:$G$23, MATCH($A24, '2021'!$A$2:$A$11, 0), MATCH(Urban_res_calculation!$A$15, '2021'!$B$1:$G$1, 0)) -> 0 | E24: =MAX(0, D24*(1+Forecast!$B11)) -> 0 | F24: =MAX(0, E24*(1+Forecast!$B11)) -> 0 | G24: =MAX(0, F24*(1+Forecast!$B11)) -> 0 | H24: =MAX(0, G24*(1+Forecast!$B11)) -> 0 | I24: =MAX(0, H24*(1+Forecast!$B11)) -> 0 | J24: =MAX(0, I24*(1+Forecast!$B11)) -> 0 | K24: =MAX(0, J24*(1+Forecast!$B11)) -> 0 | L24: =MAX(0, K24*(1+Forecast!$B11)) -> 0 | ... AG24: =MAX(0, AF24*(1+Forecast!$B11)) -> 0
A25: hydrogen (BTU) | B25: =INDEX('2019'!$B$14:$G$23, MATCH($A25, '2019'!$A$2:$A$11, 0), MATCH(Urban_res_calculation!$A$15, '2019'!$B$1:$G$1, 0)) -> 0 | C25: =INDEX('2020'!$B$14:$G$23, MATCH($A25, '2020'!$A$2:$A$11, 0), MATCH(Urban_res_calculation!$A$15, '2020'!$B$1:$G$1, 0)) -> 0 | D25: =INDEX('2021'!$B$14:$G$23, MATCH($A25, '2021'!$A$2:$A$11, 0), MATCH(Urban_res_calculation!$A$15, '2021'!$B$1:$G$1, 0)) -> 0 | E25: =MAX(0, D25*(1+Forecast!$B12)) -> 0 | F25: =MAX(0, E25*(1+Forecast!$B12)) -> 0 | G25: =MAX(0, F25*(1+Forecast!$B12)) -> 0 | H25: =MAX(0, G25*(1+Forecast!$B12)) -> 0 | I25: =MAX(0, H25*(1+Forecast!$B12)) -> 0 | J25: =MAX(0, I25*(1+Forecast!$B12)) -> 0 | K25: =MAX(0, J25*(1+Forecast!$B12)) -> 0 | L25: =MAX(0, K25*(1+Forecast!$B12)) -> 0 | ... AG25: =MAX(0, AF25*(1+Forecast!$B12)) -> 0
A27: envelope | B27: 2019 | C27: 2020 | D27: 2021 | E27: 2022 | F27: 2023 | G27: 2024 | H27: 2025 | I27: 2026 | J27: 2027 | K27: 2028 | L27: 2029 | M27: 2030 | N27: 2031 | O27: 2032 | P27: 2033 | Q27: 2034 | R27: 2035 | S27: 2036 | T27: 2037 | U27: 2038 | V27: 2039 | W27: 2040 | X27: 2041 | Y27: 2042 | Z27: 2043 | AA27: 2044 | AB27: 2045 | AC27: 2046 | AD27: 2047 | AE27: 2048 | AF27: 2049 | AG27: 2050
A28: electricity (BTU) | B28: =INDEX('2019'!$B$14:$G$23, MATCH($A28, '2019'!$A$2:$A$11, 0), MATCH(Urban_res_calculation!$A$27, '2019'!$B$1:$G$1, 0)) -> 0 | C28: =INDEX('2020'!$B$14:$G$23, MATCH($A28, '2020'!$A$2:$A$11, 0), MATCH(Urban_res_calculation!$A$27, '2020'!$B$1:$G$1, 0)) -> 0 | D28: =INDEX('2021'!$B$14:$G$23, MATCH($A28, '2021'!$A$2:$A$11, 0), MATCH(Urban_res_calculation!$A$27, '2021'!$B$1:$G$1, 0)) -> 0 | E28: =MAX(0, D28*(1+Forecast!$B3)) -> 0 | F28: =MAX(0, E28*(1+Forecast!$B3)) -> 0 | G28: =MAX(0, F28*(1+Forecast!$B3)) -> 0 | H28: =MAX(0, G28*(1+Forecast!$B3)) -> 0 | I28: =MAX(0, H28*(1+Forecast!$B3)) -> 0 | J28: =MAX(0, I28*(1+Forecast!$B3)) -> 0 | K28: =MAX(0, J28*(1+Forecast!$B3)) -> 0 | L28: =MAX(0, K28*(1+Forecast!$B3)) -> 0 | ... AG28: =MAX(0, AF28*(1+Forecast!$B3)) -> 0
A29: coal (BTU) | B29: =INDEX('2019'!$B$14:$G$23, MATCH($A29, '2019'!$A$2:$A$11, 0), MATCH(Urban_res_calculation!$A$27, '2019'!$B$1:$G$1, 0)) -> 0 | C29: =INDEX('2020'!$B$14:$G$23, MATCH($A29, '2020'!$A$2:$A$11, 0), MATCH(Urban_res_calculation!$A$27, '2020'!$B$1:$G$1, 0)) -> 0 | D29: =INDEX('2021'!$B$14:$G$23, MATCH($A29, '2021'!$A$2:$A$11, 0), MATCH(Urban_res_calculation!$A$27, '2021'!$B$1:$G$1, 0)) -> 0 | E29: =MAX(0, D29*(1+Forecast!$B4)) -> 0 | F29: =MAX(0, E29*(1+Forecast!$B4)) -> 0 | G29: =MAX(0, F29*(1+Forecast!$B4)) -> 0 | H29: =MAX(0, G29*(1+Forecast!$B4)) -> 0 | I29: =MAX(0, H29*(1+Forecast!$B4)) -> 0 | J29: =MAX(0, I29*(1+Forecast!$B4)) -> 0 | K29: =MAX(0, J29*(1+Forecast!$B4)) -> 0 | L29: =MAX(0, K29*(1+Forecast!$B4)) -> 0 | ... AG29: =MAX(0, AF29*(1+Forecast!$B4)) -> 0
A30: natural gas (BTU) | B30: =INDEX('2019'!$B$14:$G$23, MATCH($A30, '2019'!$A$2:$A$11, 0), MATCH(Urban_res_calculation!$A$27, '2019'!$B$1:$G$1, 0)) -> 0 | C30: =INDEX('2020'!$B$14:$G$23, MATCH($A30, '2020'!$A$2:$A$11, 0), MATCH(Urban_res_calculation!$A$27, '2020'!$B$1:$G$1, 0)) -> 0 | D30: =INDEX('2021'!$B$14:$G$23, MATCH($A30, '2021'!$A$2:$A$11, 0), MATCH(Urban_res_calculation!$A$27, '2021'!$B$1:$G$1, 0)) -> 0 | E30: =MAX(0, D30*(1+Forecast!$B5)) -> 0 | F30: =MAX(0, E30*(1+Forecast!$B5)) -> 0 | G30: =MAX(0, F30*(1+Forecast!$B5)) -> 0 | H30: =MAX(0, G30*(1+Forecast!$B5)) -> 0 | I30: =MAX(0, H30*(1+Forecast!$B5)) -> 0 | J30: =MAX(0, I30*(1+Forecast!$B5)) -> 0 | K30: =MAX(0, J30*(1+Forecast!$B5)) -> 0 | L30: =MAX(0, K30*(1+Forecast!$B5)) -> 0 | ... AG30: =MAX(0, AF30*(1+Forecast!$B5)) -> 0
A31: petroleum diesel (BTU) | B31: =INDEX('2019'!$B$14:$G$23, MATCH($A31, '2019'!$A$2:$A$11, 0), MATCH(Urban_res_calculation!$A$27, '2019'!$B$1:$G$1, 0)) -> 0 | C31: =INDEX('2020'!$B$14:$G$23, MATCH($A31, '2020'!$A$2:$A$11, 0), MATCH(Urban_res_calculation!$A$27, '2020'!$B$1:$G$1, 0)) -> 0 | D31: =INDEX('2021'!$B$14:$G$23, MATCH($A31, '2021'!$A$2:$A$11, 0), MATCH(Urban_res_calculation!$A$27, '2021'!$B$1:$G$1, 0)) -> 0 | E31: =MAX(0, D31*(1+Forecast!$B6)) -> 0 | F31: =MAX(0, E31*(1+Forecast!$B6)) -> 0 | G31: =MAX(0, F31*(1+Forecast!$B6)) -> 0 | H31: =MAX(0, G31*(1+Forecast!$B6)) -> 0 | I31: =MAX(0, H31*(1+Forecast!$B6)) -> 0 | J31: =MAX(0, I31*(1+Forecast!$B6)) -> 0 | K31: =MAX(0, J31*(1+Forecast!$B6)) -> 0 | L31: =MAX(0, K31*(1+Forecast!$B6)) -> 0 | ... AG31: =MAX(0, AF31*(1+Forecast!$B6)) -> 0
A32: heat (BTU) | B32: =INDEX('2019'!$B$14:$G$23, MATCH($A32, '2019'!$A$2:$A$11, 0), MATCH(Urban_res_calculation!$A$27, '2019'!$B$1:$G$1, 0)) -> 0 | C32: =INDEX('2020'!$B$14:$G$23, MATCH($A32, '2020'!$A$2:$A$11, 0), MATCH(Urban_res_calculation!$A$27, '2020'!$B$1:$G$1, 0)) -> 0 | D32: =INDEX('2021'!$B$14:$G$23, MATCH($A32, '2021'!$A$2:$A$11, 0), MATCH(Urban_res_calculation!$A$27, '2021'!$B$1:$G$1, 0)) -> 0 | E32: =MAX(0, D32*(1+Forecast!$B7)) -> 0 | F32: =MAX(0, E32*(1+Forecast!$B7)) -> 0 | G32: =MAX(0, F32*(1+Forecast!$B7)) -> 0 | H32: =MAX(0, G32*(1+Forecast!$B7)) -> 0 | I32: =MAX(0, H32*(1+Forecast!$B7)) -> 0 | J32: =MAX(0, I32*(1+Forecast!$B7)) -> 0 | K32: =MAX(0, J32*(1+Forecast!$B7)) -> 0 | L32: =MAX(0, K32*(1+Forecast!$B7)) -> 0 | ... AG32: =MAX(0, AF32*(1+Forecast!$B7)) -> 0
A33: biomass (BTU) | B33: =INDEX('2019'!$B$14:$G$23, MATCH($A33, '2019'!$A$2:$A$11, 0), MATCH(Urban_res_calculation!$A$27, '2019'!$B$1:$G$1, 0)) -> 0 | C33: =INDEX('2020'!$B$14:$G$23, MATCH($A33, '2020'!$A$2:$A$11, 0), MATCH(Urban_res_calculation!$A$27, '2020'!$B$1:$G$1, 0)) -> 0 | D33: =INDEX('2021'!$B$14:$G$23, MATCH($A33, '2021'!$A$2:$A$11, 0), MATCH(Urban_res_calculation!$A$27, '2021'!$B$1:$G$1, 0)) -> 0 | E33: =MAX(0, D33*(1+Forecast!$B8)) -> 0 | F33: =MAX(0, E33*(1+Forecast!$B8)) -> 0 | G33: =MAX(0, F33*(1+Forecast!$B8)) -> 0 | H33: =MAX(0, G33*(1+Forecast!$B8)) -> 0 | I33: =MAX(0, H33*(1+Forecast!$B8)) -> 0 | J33: =MAX(0, I33*(1+Forecast!$B8)) -> 0 | K33: =MAX(0, J33*(1+Forecast!$B8)) -> 0 | L33: =MAX(0, K33*(1+Forecast!$B8)) -> 0 | ... AG33: =MAX(0, AF33*(1+Forecast!$B8)) -> 0
A34: kerosene (BTU) | B34: =INDEX('2019'!$B$14:$G$23, MATCH($A34, '2019'!$A$2:$A$11, 0), MATCH(Urban_res_calculation!$A$27, '2019'!$B$1:$G$1, 0)) -> 0 | C34: =INDEX('2020'!$B$14:$G$23, MATCH($A34, '2020'!$A$2:$A$11, 0), MATCH(Urban_res_calculation!$A$27, '2020'!$B$1:$G$1, 0)) -> 0 | D34: =INDEX('2021'!$B$14:$G$23, MATCH($A34, '2021'!$A$2:$A$11, 0), MATCH(Urban_res_calculation!$A$27, '2021'!$B$1:$G$1, 0)) -> 0 | E34: =MAX(0, D34*(1+Forecast!$B9)) -> 0 | F34: =MAX(0, E34*(1+Forecast!$B9)) -> 0 | G34: =MAX(0, F34*(1+Forecast!$B9)) -> 0 | H34: =MAX(0, G34*(1+Forecast!$B9)) -> 0 | I34: =MAX(0, H34*(1+Forecast!$B9)) -> 0 | J34: =MAX(0, I34*(1+Forecast!$B9)) -> 0 | K34: =MAX(0, J34*(1+Forecast!$B9)) -> 0 | L34: =MAX(0, K34*(1+Forecast!$B9)) -> 0 | ... AG34: =MAX(0, AF34*(1+Forecast!$B9)) -> 0
A35: heavy or residual fuel oil (BTU) | B35: =INDEX('2019'!$B$14:$G$23, MATCH($A35, '2019'!$A$2:$A$11, 0), MATCH(Urban_res_calculation!$A$27, '2019'!$B$1:$G$1, 0)) -> 0 | C35: =INDEX('2020'!$B$14:$G$23, MATCH($A35, '2020'!$A$2:$A$11, 0), MATCH(Urban_res_calculation!$A$27, '2020'!$B$1:$G$1, 0)) -> 0 | D35: =INDEX('2021'!$B$14:$G$23, MATCH($A35, '2021'!$A$2:$A$11, 0), MATCH(Urban_res_calculation!$A$27, '2021'!$B$1:$G$1, 0)) -> 0 | E35: =MAX(0, D35*(1+Forecast!$B10)) -> 0 | F35: =MAX(0, E35*(1+Forecast!$B10)) -> 0 | G35: =MAX(0, F35*(1+Forecast!$B10)) -> 0 | H35: =MAX(0, G35*(1+Forecast!$B10)) -> 0 | I35: =MAX(0, H35*(1+Forecast!$B10)) -> 0 | J35: =MAX(0, I35*(1+Forecast!$B10)) -> 0 | K35: =MAX(0, J35*(1+Forecast!$B10)) -> 0 | L35: =MAX(0, K35*(1+Forecast!$B10)) -> 0 | ... AG35: =MAX(0, AF35*(1+Forecast!$B10)) -> 0
A36: LPG propane or butane (BTU) | B36: =INDEX('2019'!$B$14:$G$23, MATCH($A36, '2019'!$A$2:$A$11, 0), MATCH(Urban_res_calculation!$A$27, '2019'!$B$1:$G$1, 0)) -> 0 | C36: =INDEX('2020'!$B$14:$G$23, MATCH($A36, '2020'!$A$2:$A$11, 0), MATCH(Urban_res_calculation!$A$27, '2020'!$B$1:$G$1, 0)) -> 0 | D36: =INDEX('2021'!$B$14:$G$23, MATCH($A36, '2021'!$A$2:$A$11, 0), MATCH(Urban_res_calculation!$A$27, '2021'!$B$1:$G$1, 0)) -> 0 | E36: =MAX(0, D36*(1+Forecast!$B11)) -> 0 | F36: =MAX(0, E36*(1+Forecast!$B11)) -> 0 | G36: =MAX(0, F36*(1+Forecast!$B11)) -> 0 | H36: =MAX(0, G36*(1+Forecast!$B11)) -> 0 | I36: =MAX(0, H36*(1+Forecast!$B11)) -> 0 | J36: =MAX(0, I36*(1+Forecast!$B11)) -> 0 | K36: =MAX(0, J36*(1+Forecast!$B11)) -> 0 | L36: =MAX(0, K36*(1+Forecast!$B11)) -> 0 | ... AG36: =MAX(0, AF36*(1+Forecast!$B11)) -> 0
A37: hydrogen (BTU) | B37: =INDEX('2019'!$B$14:$G$23, MATCH($A37, '2019'!$A$2:$A$11, 0), MATCH(Urban_res_calculation!$A$27, '2019'!$B$1:$G$1, 0)) -> 0 | C37: =INDEX('2020'!$B$14:$G$23, MATCH($A37, '2020'!$A$2:$A$11, 0), MATCH(Urban_res_calculation!$A$27, '2020'!$B$1:$G$1, 0)) -> 0 | D37: =INDEX('2021'!$B$14:$G$23, MATCH($A37, '2021'!$A$2:$A$11, 0), MATCH(Urban_res_calculation!$A$27, '2021'!$B$1:$G$1, 0)) -> 0 | E37: =MAX(0, D37*(1+Forecast!$B12)) -> 0 | F37: =MAX(0, E37*(1+Forecast!$B12)) -> 0 | G37: =MAX(0, F37*(1+Forecast!$B12)) -> 0 | H37: =MAX(0, G37*(1+Forecast!$B12)) -> 0 | I37: =MAX(0, H37*(1+Forecast!$B12)) -> 0 | J37: =MAX(0, I37*(1+Forecast!$B12)) -> 0 | K37: =MAX(0, J37*(1+Forecast!$B12)) -> 0 | L37: =MAX(0, K37*(1+Forecast!$B12)) -> 0 | ... AG37: =MAX(0, AF37*(1+Forecast!$B12)) -> 0
A39: lighting | B39: 2019 | C39: 2020 | D39: 2021 | E39: 2022 | F39: 2023 | G39: 2024 | H39: 2025 | I39: 2026 | J39: 2027 | K39: 2028 | L39: 2029 | M39: 2030 | N39: 2031 | O39: 2032 | P39: 2033 | Q39: 2034 | R39: 2035 | S39: 2036 | T39: 2037 | U39: 2038 | V39: 2039 | W39: 2040 | X39: 2041 | Y39: 2042 | Z39: 2043 | AA39: 2044 | AB39: 2045 | AC39: 2046 | AD39: 2047 | AE39: 2048 | AF39: 2049 | AG39: 2050
A40: electricity (BTU) | B40: =INDEX('2019'!$B$14:$G$23, MATCH($A40, '2019'!$A$2:$A$11, 0), MATCH(Urban_res_calculation!$A$39, '2019'!$B$1:$G$1, 0)) -> 36429085800000 | C40: =INDEX('2020'!$B$14:$G$23, MATCH($A40, '2020'!$A$2:$A$11, 0), MATCH(Urban_res_calculation!$A$39, '2020'!$B$1:$G$1, 0)) -> 3.8299479e+13 | D40: =INDEX('2021'!$B$14:$G$23, MATCH($A40, '2021'!$A$2:$A$11, 0), MATCH(Urban_res_calculation!$A$39, '2021'!$B$1:$G$1, 0)) -> 4.0101334e+13 | E40: =MAX(0, D40*(1+Forecast!$B3)) -> 4.0341942e+13 | F40: =MAX(0, E40*(1+Forecast!$B3)) -> 4.0583994e+13 | G40: =MAX(0, F40*(1+Forecast!$B3)) -> 4.0827498e+13 | H40: =MAX(0, G40*(1+Forecast!$B3)) -> 4.1072462e+13 | I40: =MAX(0, H40*(1+Forecast!$B3)) -> 4.1318897e+13 | J40: =MAX(0, I40*(1+Forecast!$B3)) -> 4.1566811e+13 | K40: =MAX(0, J40*(1+Forecast!$B3)) -> 4.1816212e+13 | L40: =MAX(0, K40*(1+Forecast!$B3)) -> 4.2067109e+13 | ... AG40: =MAX(0, AF40*(1+Forecast!$B3)) -> 4.769801e+13
A41: coal (BTU) | B41: =INDEX('2019'!$B$14:$G$23, MATCH($A41, '2019'!$A$2:$A$11, 0), MATCH(Urban_res_calculation!$A$39, '2019'!$B$1:$G$1, 0)) -> 0 | C41: =INDEX('2020'!$B$14:$G$23, MATCH($A41, '2020'!$A$2:$A$11, 0), MATCH(Urban_res_calculation!$A$39, '2020'!$B$1:$G$1, 0)) -> 0 | D41: =INDEX('2021'!$B$14:$G$23, MATCH($A41, '2021'!$A$2:$A$11, 0), MATCH(Urban_res_calculation!$A$39, '2021'!$B$1:$G$1, 0)) -> 0 | E41: =MAX(0, D41*(1+Forecast!$B4)) -> 0 | F41: =MAX(0, E41*(1+Forecast!$B4)) -> 0 | G41: =MAX(0, F41*(1+Forecast!$B4)) -> 0 | H41: =MAX(0, G41*(1+Forecast!$B4)) -> 0 | I41: =MAX(0, H41*(1+Forecast!$B4)) -> 0 | J41: =MAX(0, I41*(1+Forecast!$B4)) -> 0 | K41: =MAX(0, J41*(1+Forecast!$B4)) -> 0 | L41: =MAX(0, K41*(1+Forecast!$B4)) -> 0 | ... AG41: =MAX(0, AF41*(1+Forecast!$B4)) -> 0
A42: natural gas (BTU) | B42: =INDEX('2019'!$B$14:$G$23, MATCH($A42, '2019'!$A$2:$A$11, 0), MATCH(Urban_res_calculation!$A$39, '2019'!$B$1:$G$1, 0)) -> 0 | C42: =INDEX('2020'!$B$14:$G$23, MATCH($A42, '2020'!$A$2:$A$11, 0), MATCH(Urban_res_calculation!$A$39, '2020'!$B$1:$G$1, 0)) -> 0 | D42: =INDEX('2021'!$B$14:$G$23, MATCH($A42, '2021'!$A$2:$A$11, 0), MATCH(Urban_res_calculation!$A$39, '2021'!$B$1:$G$1, 0)) -> 0 | E42: =MAX(0, D42*(1+Forecast!$B5)) -> 0 | F42: =MAX(0, E42*(1+Forecast!$B5)) -> 0 | G42: =MAX(0, F42*(1+Forecast!$B5)) -> 0 | H42: =MAX(0, G42*(1+Forecast!$B5)) -> 0 | I42: =MAX(0, H42*(1+Forecast!$B5)) -> 0 | J42: =MAX(0, I42*(1+Forecast!$B5)) -> 0 | K42: =MAX(0, J42*(1+Forecast!$B5)) -> 0 | L42: =MAX(0, K42*(1+Forecast!$B5)) -> 0 | ... AG42: =MAX(0, AF42*(1+Forecast!$B5)) -> 0
A43: petroleum diesel (BTU) | B43: =INDEX('2019'!$B$14:$G$23, MATCH($A43, '2019'!$A$2:$A$11, 0), MATCH(Urban_res_calculation!$A$39, '2019'!$B$1:$G$1, 0)) -> 0 | C43: =INDEX('2020'!$B$14:$G$23, MATCH($A43, '2020'!$A$2:$A$11, 0), MATCH(Urban_res_calculation!$A$39, '2020'!$B$1:$G$1, 0)) -> 0 | D43: =INDEX('2021'!$B$14:$G$23, MATCH($A43, '2021'!$A$2:$A$11, 0), MATCH(Urban_res_calculation!$A$39, '2021'!$B$1:$G$1, 0)) -> 0 | E43: =MAX(0, D43*(1+Forecast!$B6)) -> 0 | F43: =MAX(0, E43*(1+Forecast!$B6)) -> 0 | G43: =MAX(0, F43*(1+Forecast!$B6)) -> 0 | H43: =MAX(0, G43*(1+Forecast!$B6)) -> 0 | I43: =MAX(0, H43*(1+Forecast!$B6)) -> 0 | J43: =MAX(0, I43*(1+Forecast!$B6)) -> 0 | K43: =MAX(0, J43*(1+Forecast!$B6)) -> 0 | L43: =MAX(0, K43*(1+Forecast!$B6)) -> 0 | ... AG43: =MAX(0, AF43*(1+Forecast!$B6)) -> 0
A44: heat (BTU) | B44: =INDEX('2019'!$B$14:$G$23, MATCH($A44, '2019'!$A$2:$A$11, 0), MATCH(Urban_res_calculation!$A$39, '2019'!$B$1:$G$1, 0)) -> 0 | C44: =INDEX('2020'!$B$14:$G$23, MATCH($A44, '2020'!$A$2:$A$11, 0), MATCH(Urban_res_calculation!$A$39, '2020'!$B$1:$G$1, 0)) -> 0 | D44: =INDEX('2021'!$B$14:$G$23, MATCH($A44, '2021'!$A$2:$A$11, 0), MATCH(Urban_res_calculation!$A$39, '2021'!$B$1:$G$1, 0)) -> 0 | E44: =MAX(0, D44*(1+Forecast!$B7)) -> 0 | F44: =MAX(0, E44*(1+Forecast!$B7)) -> 0 | G44: =MAX(0, F44*(1+Forecast!$B7)) -> 0 | H44: =MAX(0, G44*(1+Forecast!$B7)) -> 0 | I44: =MAX(0, H44*(1+Forecast!$B7)) -> 0 | J44: =MAX(0, I44*(1+Forecast!$B7)) -> 0 | K44: =MAX(0, J44*(1+Forecast!$B7)) -> 0 | L44: =MAX(0, K44*(1+Forecast!$B7)) -> 0 | ... AG44: =MAX(0, AF44*(1+Forecast!$B7)) -> 0
A45: biomass (BTU) | B45: =INDEX('2019'!$B$14:$G$23, MATCH($A45, '2019'!$A$2:$A$11, 0), MATCH(Urban_res_calculation!$A$39, '2019'!$B$1:$G$1, 0)) -> 0 | C45: =INDEX('2020'!$B$14:$G$23, MATCH($A45, '2020'!$A$2:$A$11, 0), MATCH(Urban_res_calculation!$A$39, '2020'!$B$1:$G$1, 0)) -> 0 | D45: =INDEX('2021'!$B$14:$G$23, MATCH($A45, '2021'!$A$2:$A$11, 0), MATCH(Urban_res_calculation!$A$39, '2021'!$B$1:$G$1, 0)) -> 0 | E45: =MAX(0, D45*(1+Forecast!$B8)) -> 0 | F45: =MAX(0, E45*(1+Forecast!$B8)) -> 0 | G45: =MAX(0, F45*(1+Forecast!$B8)) -> 0 | H45: =MAX(0, G45*(1+Forecast!$B8)) -> 0 | I45: =MAX(0, H45*(1+Forecast!$B8)) -> 0 | J45: =MAX(0, I45*(1+Forecast!$B8)) -> 0 | K45: =MAX(0, J45*(1+Forecast!$B8)) -> 0 | L45: =MAX(0, K45*(1+Forecast!$B8)) -> 0 | ... AG45: =MAX(0, AF45*(1+Forecast!$B8)) -> 0
A46: kerosene (BTU) | B46: =INDEX('2019'!$B$14:$G$23, MATCH($A46, '2019'!$A$2:$A$11, 0), MATCH(Urban_res_calculation!$A$39, '2019'!$B$1:$G$1, 0)) -> 0 | C46: =INDEX('2020'!$B$14:$G$23, MATCH($A46, '2020'!$A$2:$A$11, 0), MATCH(Urban_res_calculation!$A$39, '2020'!$B$1:$G$1, 0)) -> 0 | D46: =INDEX('2021'!$B$14:$G$23, MATCH($A46, '2021'!$A$2:$A$11, 0), MATCH(Urban_res_calculation!$A$39, '2021'!$B$1:$G$1, 0)) -> 0 | E46: =MAX(0, D46*(1+Forecast!$B9)) -> 0 | F46: =MAX(0, E46*(1+Forecast!$B9)) -> 0 | G46: =MAX(0, F46*(1+Forecast!$B9)) -> 0 | H46: =MAX(0, G46*(1+Forecast!$B9)) -> 0 | I46: =MAX(0, H46*(1+Forecast!$B9)) -> 0 | J46: =MAX(0, I46*(1+Forecast!$B9)) -> 0 | K46: =MAX(0, J46*(1+Forecast!$B9)) -> 0 | L46: =MAX(0, K46*(1+Forecast!$B9)) -> 0 | ... AG46: =MAX(0, AF46*(1+Forecast!$B9)) -> 0
A47: heavy or residual fuel oil (BTU) | B47: =INDEX('2019'!$B$14:$G$23, MATCH($A47, '2019'!$A$2:$A$11, 0), MATCH(Urban_res_calculation!$A$39, '2019'!$B$1:$G$1, 0)) -> 0 | C47: =INDEX('2020'!$B$14:$G$23, MATCH($A47, '2020'!$A$2:$A$11, 0), MATCH(Urban_res_calculation!$A$39, '2020'!$B$1:$G$1, 0)) -> 0 | D47: =INDEX('2021'!$B$14:$G$23, MATCH($A47, '2021'!$A$2:$A$11, 0), MATCH(Urban_res_calculation!$A$39, '2021'!$B$1:$G$1, 0)) -> 0 | E47: =MAX(0, D47*(1+Forecast!$B10)) -> 0 | F47: =MAX(0, E47*(1+Forecast!$B10)) -> 0 | G47: =MAX(0, F47*(1+Forecast!$B10)) -> 0 | H47: =MAX(0, G47*(1+Forecast!$B10)) -> 0 | I47: =MAX(0, H47*(1+Forecast!$B10)) -> 0 | J47: =MAX(0, I47*(1+Forecast!$B10)) -> 0 | K47: =MAX(0, J47*(1+Forecast!$B10)) -> 0 | L47: =MAX(0, K47*(1+Forecast!$B10)) -> 0 | ... AG47: =MAX(0, AF47*(1+Forecast!$B10)) -> 0
A48: LPG propane or butane (BTU) | B48: =INDEX('2019'!$B$14:$G$23, MATCH($A48, '2019'!$A$2:$A$11, 0), MATCH(Urban_res_calculation!$A$39, '2019'!$B$1:$G$1, 0)) -> 0 | C48: =INDEX('2020'!$B$14:$G$23, MATCH($A48, '2020'!$A$2:$A$11, 0), MATCH(Urban_res_calculation!$A$39, '2020'!$B$1:$G$1, 0)) -> 0 | D48: =INDEX('2021'!$B$14:$G$23, MATCH($A48, '2021'!$A$2:$A$11, 0), MATCH(Urban_res_calculation!$A$39, '2021'!$B$1:$G$1, 0)) -> 0 | E48: =MAX(0, D48*(1+Forecast!$B11)) -> 0 | F48: =MAX(0, E48*(1+Forecast!$B11)) -> 0 | G48: =MAX(0, F48*(1+Forecast!$B11)) -> 0 | H48: =MAX(0, G48*(1+Forecast!$B11)) -> 0 | I48: =MAX(0, H48*(1+Forecast!$B11)) -> 0 | J48: =MAX(0, I48*(1+Forecast!$B11)) -> 0 | K48: =MAX(0, J48*(1+Forecast!$B11)) -> 0 | L48: =MAX(0, K48*(1+Forecast!$B11)) -> 0 | ... AG48: =MAX(0, AF48*(1+Forecast!$B11)) -> 0
A49: hydrogen (BTU) | B49: =INDEX('2019'!$B$14:$G$23, MATCH($A49, '2019'!$A$2:$A$11, 0), MATCH(Urban_res_calculation!$A$39, '2019'!$B$1:$G$1, 0)) -> 0 | C49: =INDEX('2020'!$B$14:$G$23, MATCH($A49, '2020'!$A$2:$A$11, 0), MATCH(Urban_res_calculation!$A$39, '2020'!$B$1:$G$1, 0)) -> 0 | D49: =INDEX('2021'!$B$14:$G$23, MATCH($A49, '2021'!$A$2:$A$11, 0), MATCH(Urban_res_calculation!$A$39, '2021'!$B$1:$G$1, 0)) -> 0 | E49: =MAX(0, D49*(1+Forecast!$B12)) -> 0 | F49: =MAX(0, E49*(1+Forecast!$B12)) -> 0 | G49: =MAX(0, F49*(1+Forecast!$B12)) -> 0 | H49: =MAX(0, G49*(1+Forecast!$B12)) -> 0 | I49: =MAX(0, H49*(1+Forecast!$B12)) -> 0 | J49: =MAX(0, I49*(1+Forecast!$B12)) -> 0 | K49: =MAX(0, J49*(1+Forecast!$B12)) -> 0 | L49: =MAX(0, K49*(1+Forecast!$B12)) -> 0 | ... AG49: =MAX(0, AF49*(1+Forecast!$B12)) -> 0
A51: appliances | B51: 2019 | C51: 2020 | D51: 2021 | E51: 2022 | F51: 2023 | G51: 2024 | H51: 2025 | I51: 2026 | J51: 2027 | K51: 2028 | L51: 2029 | M51: 2030 | N51: 2031 | O51: 2032 | P51: 2033 | Q51: 2034 | R51: 2035 | S51: 2036 | T51: 2037 | U51: 2038 | V51: 2039 | W51: 2040 | X51: 2041 | Y51: 2042 | Z51: 2043 | AA51: 2044 | AB51: 2045 | AC51: 2046 | AD51: 2047 | AE51: 2048 | AF51: 2049 | AG51: 2050
A52: electricity (BTU) | B52: =INDEX('2019'!$B$14:$G$23, MATCH($A52, '2019'!$A$2:$A$11, 0), MATCH(Urban_res_calculation!$A$51, '2019'!$B$1:$G$1, 0)) -> 8.353707e+13 | C52: =INDEX('2020'!$B$14:$G$23, MATCH($A52, '2020'!$A$2:$A$11, 0), MATCH(Urban_res_calculation!$A$51, '2020'!$B$1:$G$1, 0)) -> 8.7826148e+13 | D52: =INDEX('2021'!$B$14:$G$23, MATCH($A52, '2021'!$A$2:$A$11, 0), MATCH(Urban_res_calculation!$A$51, '2021'!$B$1:$G$1, 0)) -> 9.1958057e+13 | E52: =MAX(0, D52*(1+Forecast!$B3)) -> 9.2509805e+13 | F52: =MAX(0, E52*(1+Forecast!$B3)) -> 9.3064864e+13 | G52: =MAX(0, F52*(1+Forecast!$B3)) -> 93623253013581 | H52: =MAX(0, G52*(1+Forecast!$B3)) -> 9.4184993e+13 | I52: =MAX(0, H52*(1+Forecast!$B3)) -> 9.4750102e+13 | J52: =MAX(0, I52*(1+Forecast!$B3)) -> 9.5318603e+13 | K52: =MAX(0, J52*(1+Forecast!$B3)) -> 9.5890515e+13 | L52: =MAX(0, K52*(1+Forecast!$B3)) -> 9.6465858e+13 | ... AG52: =MAX(0, AF52*(1+Forecast!$B3)) -> 1.0937831e+14
A53: coal (BTU) | B53: =INDEX('2019'!$B$14:$G$23, MATCH($A53, '2019'!$A$2:$A$11, 0), MATCH(Urban_res_calculation!$A$51, '2019'!$B$1:$G$1, 0)) -> 0 | C53: =INDEX('2020'!$B$14:$G$23, MATCH($A53, '2020'!$A$2:$A$11, 0), MATCH(Urban_res_calculation!$A$51, '2020'!$B$1:$G$1, 0)) -> 0 | D53: =INDEX('2021'!$B$14:$G$23, MATCH($A53, '2021'!$A$2:$A$11, 0), MATCH(Urban_res_calculation!$A$51, '2021'!$B$1:$G$1, 0)) -> 0 | E53: =MAX(0, D53*(1+Forecast!$B4)) -> 0 | F53: =MAX(0, E53*(1+Forecast!$B4)) -> 0 | G53: =MAX(0, F53*(1+Forecast!$B4)) -> 0 | H53: =MAX(0, G53*(1+Forecast!$B4)) -> 0 | I53: =MAX(0, H53*(1+Forecast!$B4)) -> 0 | J53: =MAX(0, I53*(1+Forecast!$B4)) -> 0 | K53: =MAX(0, J53*(1+Forecast!$B4)) -> 0 | L53: =MAX(0, K53*(1+Forecast!$B4)) -> 0 | ... AG53: =MAX(0, AF53*(1+Forecast!$B4)) -> 0
A54: natural gas (BTU) | B54: =INDEX('2019'!$B$14:$G$23, MATCH($A54, '2019'!$A$2:$A$11, 0), MATCH(Urban_res_calculation!$A$51, '2019'!$B$1:$G$1, 0)) -> 6.6287631e+13 | C54: =INDEX('2020'!$B$14:$G$23, MATCH($A54, '2020'!$A$2:$A$11, 0), MATCH(Urban_res_calculation!$A$51, '2020'!$B$1:$G$1, 0)) -> 6.8855032e+13 | D54: =INDEX('2021'!$B$14:$G$23, MATCH($A54, '2021'!$A$2:$A$11, 0), MATCH(Urban_res_calculation!$A$51, '2021'!$B$1:$G$1, 0)) -> 7.0139238e+13 | E54: =MAX(0, D54*(1+Forecast!$B5)) -> 6.9578124e+13 | F54: =MAX(0, E54*(1+Forecast!$B5)) -> 6.9021499e+13 | G54: =MAX(0, F54*(1+Forecast!$B5)) -> 6.8469327e+13 | H54: =MAX(0, G54*(1+Forecast!$B5)) -> 6.7921572e+13 | I54: =MAX(0, H54*(1+Forecast!$B5)) -> 6.73782e+13 | J54: =MAX(0, I54*(1+Forecast!$B5)) -> 6.6839174e+13 | K54: =MAX(0, J54*(1+Forecast!$B5)) -> 6.6304461e+13 | L54: =MAX(0, K54*(1+Forecast!$B5)) -> 6.5774025e+13 | ... AG54: =MAX(0, AF54*(1+Forecast!$B5)) -> 5.5564772e+13
A55: petroleum diesel (BTU) | B55: =INDEX('2019'!$B$14:$G$23, MATCH($A55, '2019'!$A$2:$A$11, 0), MATCH(Urban_res_calculation!$A$51, '2019'!$B$1:$G$1, 0)) -> 0 | C55: =INDEX('2020'!$B$14:$G$23, MATCH($A55, '2020'!$A$2:$A$11, 0), MATCH(Urban_res_calculation!$A$51, '2020'!$B$1:$G$1, 0)) -> 0 | D55: =INDEX('2021'!$B$14:$G$23, MATCH($A55, '2021'!$A$2:$A$11, 0), MATCH(Urban_res_calculation!$A$51, '2021'!$B$1:$G$1, 0)) -> 0 | E55: =MAX(0, D55*(1+Forecast!$B6)) -> 0 | F55: =MAX(0, E55*(1+Forecast!$B6)) -> 0 | G55: =MAX(0, F55*(1+Forecast!$B6)) -> 0 | H55: =MAX(0, G55*(1+Forecast!$B6)) -> 0 | I55: =MAX(0, H55*(1+Forecast!$B6)) -> 0 | J55: =MAX(0, I55*(1+Forecast!$B6)) -> 0 | K55: =MAX(0, J55*(1+Forecast!$B6)) -> 0 | L55: =MAX(0, K55*(1+Forecast!$B6)) -> 0 | ... AG55: =MAX(0, AF55*(1+Forecast!$B6)) -> 0
A56: heat (BTU) | B56: =INDEX('2019'!$B$14:$G$23, MATCH($A56, '2019'!$A$2:$A$11, 0), MATCH(Urban_res_calculation!$A$51, '2019'!$B$1:$G$1, 0)) -> 0 | C56: =INDEX('2020'!$B$14:$G$23, MATCH($A56, '2020'!$A$2:$A$11, 0), MATCH(Urban_res_calculation!$A$51, '2020'!$B$1:$G$1, 0)) -> 0 | D56: =INDEX('2021'!$B$14:$G$23, MATCH($A56, '2021'!$A$2:$A$11, 0), MATCH(Urban_res_calculation!$A$51, '2021'!$B$1:$G$1, 0)) -> 0 | E56: =MAX(0, D56*(1+Forecast!$B7)) -> 0 | F56: =MAX(0, E56*(1+Forecast!$B7)) -> 0 | G56: =MAX(0, F56*(1+Forecast!$B7)) -> 0 | H56: =MAX(0, G56*(1+Forecast!$B7)) -> 0 | I56: =MAX(0, H56*(1+Forecast!$B7)) -> 0 | J56: =MAX(0, I56*(1+Forecast!$B7)) -> 0 | K56: =MAX(0, J56*(1+Forecast!$B7)) -> 0 | L56: =MAX(0, K56*(1+Forecast!$B7)) -> 0 | ... AG56: =MAX(0, AF56*(1+Forecast!$B7)) -> 0
A57: biomass (BTU) | B57: =INDEX('2019'!$B$14:$G$23, MATCH($A57, '2019'!$A$2:$A$11, 0), MATCH(Urban_res_calculation!$A$51, '2019'!$B$1:$G$1, 0)) -> 0 | C57: =INDEX('2020'!$B$14:$G$23, MATCH($A57, '2020'!$A$2:$A$11, 0), MATCH(Urban_res_calculation!$A$51, '2020'!$B$1:$G$1, 0)) -> 0 | D57: =INDEX('2021'!$B$14:$G$23, MATCH($A57, '2021'!$A$2:$A$11, 0), MATCH(Urban_res_calculation!$A$51, '2021'!$B$1:$G$1, 0)) -> 0 | E57: =MAX(0, D57*(1+Forecast!$B8)) -> 0 | F57: =MAX(0, E57*(1+Forecast!$B8)) -> 0 | G57: =MAX(0, F57*(1+Forecast!$B8)) -> 0 | H57: =MAX(0, G57*(1+Forecast!$B8)) -> 0 | I57: =MAX(0, H57*(1+Forecast!$B8)) -> 0 | J57: =MAX(0, I57*(1+Forecast!$B8)) -> 0 | K57: =MAX(0, J57*(1+Forecast!$B8)) -> 0 | L57: =MAX(0, K57*(1+Forecast!$B8)) -> 0 | ... AG57: =MAX(0, AF57*(1+Forecast!$B8)) -> 0
A58: kerosene (BTU) | B58: =INDEX('2019'!$B$14:$G$23, MATCH($A58, '2019'!$A$2:$A$11, 0), MATCH(Urban_res_calculation!$A$51, '2019'!$B$1:$G$1, 0)) -> 0 | C58: =INDEX('2020'!$B$14:$G$23, MATCH($A58, '2020'!$A$2:$A$11, 0), MATCH(Urban_res_calculation!$A$51, '2020'!$B$1:$G$1, 0)) -> 0 | D58: =INDEX('2021'!$B$14:$G$23, MATCH($A58, '2021'!$A$2:$A$11, 0), MATCH(Urban_res_calculation!$A$51, '2021'!$B$1:$G$1, 0)) -> 0 | E58: =MAX(0, D58*(1+Forecast!$B9)) -> 0 | F58: =MAX(0, E58*(1+Forecast!$B9)) -> 0 | G58: =MAX(0, F58*(1+Forecast!$B9)) -> 0 | H58: =MAX(0, G58*(1+Forecast!$B9)) -> 0 | I58: =MAX(0, H58*(1+Forecast!$B9)) -> 0 | J58: =MAX(0, I58*(1+Forecast!$B9)) -> 0 | K58: =MAX(0, J58*(1+Forecast!$B9)) -> 0 | L58: =MAX(0, K58*(1+Forecast!$B9)) -> 0 | ... AG58: =MAX(0, AF58*(1+Forecast!$B9)) -> 0
A59: heavy or residual fuel oil (BTU) | B59: =INDEX('2019'!$B$14:$G$23, MATCH($A59, '2019'!$A$2:$A$11, 0), MATCH(Urban_res_calculation!$A$51, '2019'!$B$1:$G$1, 0)) -> 0 | C59: =INDEX('2020'!$B$14:$G$23, MATCH($A59, '2020'!$A$2:$A$11, 0), MATCH(Urban_res_calculation!$A$51, '2020'!$B$1:$G$1, 0)) -> 0 | D59: =INDEX('2021'!$B$14:$G$23, MATCH($A59, '2021'!$A$2:$A$11, 0), MATCH(Urban_res_calculation!$A$51, '2021'!$B$1:$G$1, 0)) -> 0 | E59: =MAX(0, D59*(1+Forecast!$B10)) -> 0 | F59: =MAX(0, E59*(1+Forecast!$B10)) -> 0 | G59: =MAX(0, F59*(1+Forecast!$B10)) -> 0 | H59: =MAX(0, G59*(1+Forecast!$B10)) -> 0 | I59: =MAX(0, H59*(1+Forecast!$B10)) -> 0 | J59: =MAX(0, I59*(1+Forecast!$B10)) -> 0 | K59: =MAX(0, J59*(1+Forecast!$B10)) -> 0 | L59: =MAX(0, K59*(1+Forecast!$B10)) -> 0 | ... AG59: =MAX(0, AF59*(1+Forecast!$B10)) -> 0
A60: LPG propane or butane (BTU) | B60: =INDEX('2019'!$B$14:$G$23, MATCH($A60, '2019'!$A$2:$A$11, 0), MATCH(Urban_res_calculation!$A$51, '2019'!$B$1:$G$1, 0)) -> 3.6738518e+12 | C60: =INDEX('2020'!$B$14:$G$23, MATCH($A60, '2020'!$A$2:$A$11, 0), MATCH(Urban_res_calculation!$A$51, '2020'!$B$1:$G$1, 0)) -> 3.5806354e+12 | D60: =INDEX('2021'!$B$14:$G$23, MATCH($A60, '2021'!$A$2:$A$11, 0), MATCH(Urban_res_calculation!$A$51, '2021'!$B$1:$G$1, 0)) -> 3.5787574e+12 | E60: =MAX(0, D60*(1+Forecast!$B11)) -> 3.4284496e+12 | F60: =MAX(0, E60*(1+Forecast!$B11)) -> 3.2844547e+12 | G60: =MAX(0, F60*(1+Forecast!$B11)) -> 3.1465076e+12 | H60: =MAX(0, G60*(1+Forecast!$B11)) -> 3.0143543e+12 | I60: =MAX(0, H60*(1+Forecast!$B11)) -> 2.8877514e+12 | J60: =MAX(0, I60*(1+Forecast!$B11)) -> 2.7664659e+12 | K60: =MAX(0, J60*(1+Forecast!$B11)) -> 2.6502743e+12 | L60: =MAX(0, K60*(1+Forecast!$B11)) -> 2.5389628e+12 | ... AG60: =MAX(0, AF60*(1+Forecast!$B11)) -> 1.0311742e+12
A61: hydrogen (BTU) | B61: =INDEX('2019'!$B$14:$G$23, MATCH($A61, '2019'!$A$2:$A$11, 0), MATCH(Urban_res_calculation!$A$51, '2019'!$B$1:$G$1, 0)) -> 0 | C61: =INDEX('2020'!$B$14:$G$23, MATCH($A61, '2020'!$A$2:$A$11, 0), MATCH(Urban_res_calculation!$A$51, '2020'!$B$1:$G$1, 0)) -> 0 | D61: =INDEX('2021'!$B$14:$G$23, MATCH($A61, '2021'!$A$2:$A$11, 0), MATCH(Urban_res_calculation!$A$51, '2021'!$B$1:$G$1, 0)) -> 0 | E61: =MAX(0, D61*(1+Forecast!$B12)) -> 0 | F61: =MAX(0, E61*(1+Forecast!$B12)) -> 0 | G61: =MAX(0, F61*(1+Forecast!$B12)) -> 0 | H61: =MAX(0, G61*(1+Forecast!$B12)) -> 0 | I61: =MAX(0, H61*(1+Forecast!$B12)) -> 0 | J61: =MAX(0, I61*(1+Forecast!$B12)) -> 0 | K61: =MAX(0, J61*(1+Forecast!$B12)) -> 0 | L61: =MAX(0, K61*(1+Forecast!$B12)) -> 0 | ... AG61: =MAX(0, AF61*(1+Forecast!$B12)) -> 0
A63: other | B63: 2019 | C63: 2020 | D63: 2021 | E63: 2022 | F63: 2023 | G63: 2024 | H63: 2025 | I63: 2026 | J63: 2027 | K63: 2028 | L63: 2029 | M63: 2030 | N63: 2031 | O63: 2032 | P63: 2033 | Q63: 2034 | R63: 2035 | S63: 2036 | T63: 2037 | U63: 2038 | V63: 2039 | W63: 2040 | X63: 2041 | Y63: 2042 | Z63: 2043 | AA63: 2044 | AB63: 2045 | AC63: 2046 | AD63: 2047 | AE63: 2048 | AF63: 2049 | AG63: 2050
A64: electricity (BTU) | B64: =INDEX('2019'!$B$14:$G$23, MATCH($A64, '2019'!$A$2:$A$11, 0), MATCH(Urban_res_calculation!$A$63, '2019'!$B$1:$G$1, 0)) -> 0 | C64: =INDEX('2020'!$B$14:$G$23, MATCH($A64, '2020'!$A$2:$A$11, 0), MATCH(Urban_res_calculation!$A$63, '2020'!$B$1:$G$1, 0)) -> 0 | D64: =INDEX('2021'!$B$14:$G$23, MATCH($A64, '2021'!$A$2:$A$11, 0), MATCH(Urban_res_calculation!$A$63, '2021'!$B$1:$G$1, 0)) -> 0 | E64: =MAX(0, D64*(1+Forecast!$B3)) -> 0 | F64: =MAX(0, E64*(1+Forecast!$B3)) -> 0 | G64: =MAX(0, F64*(1+Forecast!$B3)) -> 0 | H64: =MAX(0, G64*(1+Forecast!$B3)) -> 0 | I64: =MAX(0, H64*(1+Forecast!$B3)) -> 0 | J64: =MAX(0, I64*(1+Forecast!$B3)) -> 0 | K64: =MAX(0, J64*(1+Forecast!$B3)) -> 0 | L64: =MAX(0, K64*(1+Forecast!$B3)) -> 0 | ... AG64: =MAX(0, AF64*(1+Forecast!$B3)) -> 0
A65: coal (BTU) | B65: =INDEX('2019'!$B$14:$G$23, MATCH($A65, '2019'!$A$2:$A$11, 0), MATCH(Urban_res_calculation!$A$63, '2019'!$B$1:$G$1, 0)) -> 0 | C65: =INDEX('2020'!$B$14:$G$23, MATCH($A65, '2020'!$A$2:$A$11, 0), MATCH(Urban_res_calculation!$A$63, '2020'!$B$1:$G$1, 0)) -> 0 | D65: =INDEX('2021'!$B$14:$G$23, MATCH($A65, '2021'!$A$2:$A$11, 0), MATCH(Urban_res_calculation!$A$63, '2021'!$B$1:$G$1, 0)) -> 0 | E65: =MAX(0, D65*(1+Forecast!$B4)) -> 0 | F65: =MAX(0, E65*(1+Forecast!$B4)) -> 0 | G65: =MAX(0, F65*(1+Forecast!$B4)) -> 0 | H65: =MAX(0, G65*(1+Forecast!$B4)) -> 0 | I65: =MAX(0, H65*(1+Forecast!$B4)) -> 0 | J65: =MAX(0, I65*(1+Forecast!$B4)) -> 0 | K65: =MAX(0, J65*(1+Forecast!$B4)) -> 0 | L65: =MAX(0, K65*(1+Forecast!$B4)) -> 0 | ... AG65: =MAX(0, AF65*(1+Forecast!$B4)) -> 0
A66: natural gas (BTU) | B66: =INDEX('2019'!$B$14:$G$23, MATCH($A66, '2019'!$A$2:$A$11, 0), MATCH(Urban_res_calculation!$A$63, '2019'!$B$1:$G$1, 0)) -> 0 | C66: =INDEX('2020'!$B$14:$G$23, MATCH($A66, '2020'!$A$2:$A$11, 0), MATCH(Urban_res_calculation!$A$63, '2020'!$B$1:$G$1, 0)) -> 0 | D66: =INDEX('2021'!$B$14:$G$23, MATCH($A66, '2021'!$A$2:$A$11, 0), MATCH(Urban_res_calculation!$A$63, '2021'!$B$1:$G$1, 0)) -> 0 | E66: =MAX(0, D66*(1+Forecast!$B5)) -> 0 | F66: =MAX(0, E66*(1+Forecast!$B5)) -> 0 | G66: =MAX(0, F66*(1+Forecast!$B5)) -> 0 | H66: =MAX(0, G66*(1+Forecast!$B5)) -> 0 | I66: =MAX(0, H66*(1+Forecast!$B5)) -> 0 | J66: =MAX(0, I66*(1+Forecast!$B5)) -> 0 | K66: =MAX(0, J66*(1+Forecast!$B5)) -> 0 | L66: =MAX(0, K66*(1+Forecast!$B5)) -> 0 | ... AG66: =MAX(0, AF66*(1+Forecast!$B5)) -> 0
A67: petroleum diesel (BTU) | B67: =INDEX('2019'!$B$14:$G$23, MATCH($A67, '2019'!$A$2:$A$11, 0), MATCH(Urban_res_calculation!$A$63, '2019'!$B$1:$G$1, 0)) -> 0 | C67: =INDEX('2020'!$B$14:$G$23, MATCH($A67, '2020'!$A$2:$A$11, 0), MATCH(Urban_res_calculation!$A$63, '2020'!$B$1:$G$1, 0)) -> 0 | D67: =INDEX('2021'!$B$14:$G$23, MATCH($A67, '2021'!$A$2:$A$11, 0), MATCH(Urban_res_calculation!$A$63, '2021'!$B$1:$G$1, 0)) -> 0 | E67: =MAX(0, D67*(1+Forecast!$B6)) -> 0 | F67: =MAX(0, E67*(1+Forecast!$B6)) -> 0 | G67: =MAX(0, F67*(1+Forecast!$B6)) -> 0 | H67: =MAX(0, G67*(1+Forecast!$B6)) -> 0 | I67: =MAX(0, H67*(1+Forecast!$B6)) -> 0 | J67: =MAX(0, I67*(1+Forecast!$B6)) -> 0 | K67: =MAX(0, J67*(1+Forecast!$B6)) -> 0 | L67: =MAX(0, K67*(1+Forecast!$B6)) -> 0 | ... AG67: =MAX(0, AF67*(1+Forecast!$B6)) -> 0
A68: heat (BTU) | B68: =INDEX('2019'!$B$14:$G$23, MATCH($A68, '2019'!$A$2:$A$11, 0), MATCH(Urban_res_calculation!$A$63, '2019'!$B$1:$G$1, 0)) -> 0 | C68: =INDEX('2020'!$B$14:$G$23, MATCH($A68, '2020'!$A$2:$A$11, 0), MATCH(Urban_res_calculation!$A$63, '2020'!$B$1:$G$1, 0)) -> 0 | D68: =INDEX('2021'!$B$14:$G$23, MATCH($A68, '2021'!$A$2:$A$11, 0), MATCH(Urban_res_calculation!$A$63, '2021'!$B$1:$G$1, 0)) -> 0 | E68: =MAX(0, D68*(1+Forecast!$B7)) -> 0 | F68: =MAX(0, E68*(1+Forecast!$B7)) -> 0 | G68: =MAX(0, F68*(1+Forecast!$B7)) -> 0 | H68: =MAX(0, G68*(1+Forecast!$B7)) -> 0 | I68: =MAX(0, H68*(1+Forecast!$B7)) -> 0 | J68: =MAX(0, I68*(1+Forecast!$B7)) -> 0 | K68: =MAX(0, J68*(1+Forecast!$B7)) -> 0 | L68: =MAX(0, K68*(1+Forecast!$B7)) -> 0 | ... AG68: =MAX(0, AF68*(1+Forecast!$B7)) -> 0
A69: biomass (BTU) | B69: =INDEX('2019'!$B$14:$G$23, MATCH($A69, '2019'!$A$2:$A$11, 0), MATCH(Urban_res_calculation!$A$63, '2019'!$B$1:$G$1, 0)) -> 0 | C69: =INDEX('2020'!$B$14:$G$23, MATCH($A69, '2020'!$A$2:$A$11, 0), MATCH(Urban_res_calculation!$A$63, '2020'!$B$1:$G$1, 0)) -> 0 | D69: =INDEX('2021'!$B$14:$G$23, MATCH($A69, '2021'!$A$2:$A$11, 0), MATCH(Urban_res_calculation!$A$63, '2021'!$B$1:$G$1, 0)) -> 0 | E69: =MAX(0, D69*(1+Forecast!$B8)) -> 0 | F69: =MAX(0, E69*(1+Forecast!$B8)) -> 0 | G69: =MAX(0, F69*(1+Forecast!$B8)) -> 0 | H69: =MAX(0, G69*(1+Forecast!$B8)) -> 0 | I69: =MAX(0, H69*(1+Forecast!$B8)) -> 0 | J69: =MAX(0, I69*(1+Forecast!$B8)) -> 0 | K69: =MAX(0, J69*(1+Forecast!$B8)) -> 0 | L69: =MAX(0, K69*(1+Forecast!$B8)) -> 0 | ... AG69: =MAX(0, AF69*(1+Forecast!$B8)) -> 0
A70: kerosene (BTU) | B70: =INDEX('2019'!$B$14:$G$23, MATCH($A70, '2019'!$A$2:$A$11, 0), MATCH(Urban_res_calculation!$A$63, '2019'!$B$1:$G$1, 0)) -> 0 | C70: =INDEX('2020'!$B$14:$G$23, MATCH($A70, '2020'!$A$2:$A$11, 0), MATCH(Urban_res_calculation!$A$63, '2020'!$B$1:$G$1, 0)) -> 0 | D70: =INDEX('2021'!$B$14:$G$23, MATCH($A70, '2021'!$A$2:$A$11, 0), MATCH(Urban_res_calculation!$A$63, '2021'!$B$1:$G$1, 0)) -> 0 | E70: =MAX(0, D70*(1+Forecast!$B9)) -> 0 | F70: =MAX(0, E70*(1+Forecast!$B9)) -> 0 | G70: =MAX(0, F70*(1+Forecast!$B9)) -> 0 | H70: =MAX(0, G70*(1+Forecast!$B9)) -> 0 | I70: =MAX(0, H70*(1+Forecast!$B9)) -> 0 | J70: =MAX(0, I70*(1+Forecast!$B9)) -> 0 | K70: =MAX(0, J70*(1+Forecast!$B9)) -> 0 | L70: =MAX(0, K70*(1+Forecast!$B9)) -> 0 | ... AG70: =MAX(0, AF70*(1+Forecast!$B9)) -> 0
A71: heavy or residual fuel oil (BTU) | B71: =INDEX('2019'!$B$14:$G$23, MATCH($A71, '2019'!$A$2:$A$11, 0), MATCH(Urban_res_calculation!$A$63, '2019'!$B$1:$G$1, 0)) -> 0 | C71: =INDEX('2020'!$B$14:$G$23, MATCH($A71, '2020'!$A$2:$A$11, 0), MATCH(Urban_res_calculation!$A$63, '2020'!$B$1:$G$1, 0)) -> 0 | D71: =INDEX('2021'!$B$14:$G$23, MATCH($A71, '2021'!$A$2:$A$11, 0), MATCH(Urban_res_calculation!$A$63, '2021'!$B$1:$G$1, 0)) -> 0 | E71: =MAX(0, D71*(1+Forecast!$B10)) -> 0 | F71: =MAX(0, E71*(1+Forecast!$B10)) -> 0 | G71: =MAX(0, F71*(1+Forecast!$B10)) -> 0 | H71: =MAX(0, G71*(1+Forecast!$B10)) -> 0 | I71: =MAX(0, H71*(1+Forecast!$B10)) -> 0 | J71: =MAX(0, I71*(1+Forecast!$B10)) -> 0 | K71: =MAX(0, J71*(1+Forecast!$B10)) -> 0 | L71: =MAX(0, K71*(1+Forecast!$B10)) -> 0 | ... AG71: =MAX(0, AF71*(1+Forecast!$B10)) -> 0
A72: LPG propane or butane (BTU) | B72: =INDEX('2019'!$B$14:$G$23, MATCH($A72, '2019'!$A$2:$A$11, 0), MATCH(Urban_res_calculation!$A$63, '2019'!$B$1:$G$1, 0)) -> 0 | C72: =INDEX('2020'!$B$14:$G$23, MATCH($A72, '2020'!$A$2:$A$11, 0), MATCH(Urban_res_calculation!$A$63, '2020'!$B$1:$G$1, 0)) -> 0 | D72: =INDEX('2021'!$B$14:$G$23, MATCH($A72, '2021'!$A$2:$A$11, 0), MATCH(Urban_res_calculation!$A$63, '2021'!$B$1:$G$1, 0)) -> 0 | E72: =MAX(0, D72*(1+Forecast!$B11)) -> 0 | F72: =MAX(0, E72*(1+Forecast!$B11)) -> 0 | G72: =MAX(0, F72*(1+Forecast!$B11)) -> 0 | H72: =MAX(0, G72*(1+Forecast!$B11)) -> 0 | I72: =MAX(0, H72*(1+Forecast!$B11)) -> 0 | J72: =MAX(0, I72*(1+Forecast!$B11)) -> 0 | K72: =MAX(0, J72*(1+Forecast!$B11)) -> 0 | L72: =MAX(0, K72*(1+Forecast!$B11)) -> 0 | ... AG72: =MAX(0, AF72*(1+Forecast!$B11)) -> 0
A73: hydrogen (BTU) | B73: =INDEX('2019'!$B$14:$G$23, MATCH($A73, '2019'!$A$2:$A$11, 0), MATCH(Urban_res_calculation!$A$63, '2019'!$B$1:$G$1, 0)) -> 0 | C73: =INDEX('2020'!$B$14:$G$23, MATCH($A73, '2020'!$A$2:$A$11, 0), MATCH(Urban_res_calculation!$A$63, '2020'!$B$1:$G$1, 0)) -> 0 | D73: =INDEX('2021'!$B$14:$G$23, MATCH($A73, '2021'!$A$2:$A$11, 0), MATCH(Urban_res_calculation!$A$63, '2021'!$B$1:$G$1, 0)) -> 0 | E73: =MAX(0, D73*(1+Forecast!$B12)) -> 0 | F73: =MAX(0, E73*(1+Forecast!$B12)) -> 0 | G73: =MAX(0, F73*(1+Forecast!$B12)) -> 0 | H73: =MAX(0, G73*(1+Forecast!$B12)) -> 0 | I73: =MAX(0, H73*(1+Forecast!$B12)) -> 0 | J73: =MAX(0, I73*(1+Forecast!$B12)) -> 0 | K73: =MAX(0, J73*(1+Forecast!$B12)) -> 0 | L73: =MAX(0, K73*(1+Forecast!$B12)) -> 0 | ... AG73: =MAX(0, AF73*(1+Forecast!$B12)) -> 0

Sheet Rural_res_calculation
A2: Rural Residential
A3: heating | B3: 2019 | C3: 2020 | D3: 2021 | E3: 2022 | F3: 2023 | G3: 2024 | H3: 2025 | I3: 2026 | J3: 2027 | K3: 2028 | L3: 2029 | M3: 2030 | N3: 2031 | O3: 2032 | P3: 2033 | Q3: 2034 | R3: 2035 | S3: 2036 | T3: 2037 | U3: 2038 | V3: 2039 | W3: 2040 | X3: 2041 | Y3: 2042 | Z3: 2043 | AA3: 2044 | AB3: 2045 | AC3: 2046 | AD3: 2047 | AE3: 2048 | AF3: 2049 | AG3: 2050
A4: electricity (BTU) | B4: =INDEX('2019'!$B$26:$G$35, MATCH($A4, '2019'!$A$2:$A$11, 0), MATCH(Rural_res_calculation!$A$3, '2019'!$B$1:$G$1, 0)) -> 5.7467775e+12 | C4: =INDEX('2020'!$B$26:$G$35, MATCH($A4, '2020'!$A$2:$A$11, 0), MATCH(Rural_res_calculation!$A$3, '2020'!$B$1:$G$1, 0)) -> 6.0418367e+12 | D4: =INDEX('2021'!$B$26:$G$35, MATCH($A4, '2021'!$A$2:$A$11, 0), MATCH(Rural_res_calculation!$A$3, '2021'!$B$1:$G$1, 0)) -> 6.3260836e+12 | E4: =MAX(0, D4*(1+Forecast!$B3)) -> 6.3640401e+12 | F4: =MAX(0, E4*(1+Forecast!$B3)) -> 6.4022244e+12 | G4: =MAX(0, F4*(1+Forecast!$B3)) -> 6.4406377e+12 | H4: =MAX(0, G4*(1+Forecast!$B3)) -> 6.4792816e+12 | I4: =MAX(0, H4*(1+Forecast!$B3)) -> 6.5181572e+12 | J4: =MAX(0, I4*(1+Forecast!$B3)) -> 6.5572662e+12 | K4: =MAX(0, J4*(1+Forecast!$B3)) -> 6.5966098e+12 | L4: =MAX(0, K4*(1+Forecast!$B3)) -> 6.6361894e+12 | ... AG4: =MAX(0, AF4*(1+Forecast!$B3)) -> 7.5244779e+12
A5: coal (BTU) | B5: =INDEX('2019'!$B$26:$G$35, MATCH($A5, '2019'!$A$2:$A$11, 0), MATCH(Rural_res_calculation!$A$3, '2019'!$B$1:$G$1, 0)) -> 9.634038e+11 | C5: =INDEX('2020'!$B$26:$G$35, MATCH($A5, '2020'!$A$2:$A$11, 0), MATCH(Rural_res_calculation!$A$3, '2020'!$B$1:$G$1, 0)) -> 7.1425612e+11 | D5: =INDEX('2021'!$B$26:$G$35, MATCH($A5, '2021'!$A$2:$A$11, 0), MATCH(Rural_res_calculation!$A$3, '2021'!$B$1:$G$1, 0)) -> 6.2867554e+11 | E5: =MAX(0, D5*(1+Forecast!$B4)) -> 5.4946242e+11 | F5: =MAX(0, E5*(1+Forecast!$B4)) -> 4.8023016e+11 | G5: =MAX(0, F5*(1+Forecast!$B4)) -> 4.1972116e+11 | H5: =MAX(0, G5*(1+Forecast!$B4)) -> 3.6683629e+11 | I5: =MAX(0, H5*(1+Forecast!$B4)) -> 3.2061492e+11 | J5: =MAX(0, I5*(1+Forecast!$B4)) -> 2.8021744e+11 | K5: =MAX(0, J5*(1+Forecast!$B4)) -> 2.4491004e+11 | L5: =MAX(0, K5*(1+Forecast!$B4)) -> 2.1405138e+11 | ... AG5: =MAX(0, AF5*(1+Forecast!$B4)) -> 1.2654882e+10
A6: natural gas (BTU) | B6: =INDEX('2019'!$B$26:$G$35, MATCH($A6, '2019'!$A$2:$A$11, 0), MATCH(Rural_res_calculation!$A$3, '2019'!$B$1:$G$1, 0)) -> 2.8226052e+13 | C6: =INDEX('2020'!$B$26:$G$35, MATCH($A6, '2020'!$A$2:$A$11, 0), MATCH(Rural_res_calculation!$A$3, '2020'!$B$1:$G$1, 0)) -> 2.9319282e+13 | D6: =INDEX('2021'!$B$26:$G$35, MATCH($A6, '2021'!$A$2:$A$11, 0), MATCH(Rural_res_calculation!$A$3, '2021'!$B$1:$G$1, 0)) -> 2.9866111e+13 | E6: =MAX(0, D6*(1+Forecast!$B5)) -> 2.9627183e+13 | F6: =MAX(0, E6*(1+Forecast!$B5)) -> 2.9390165e+13 | G6: =MAX(0, F6*(1+Forecast!$B5)) -> 2.9155044e+13 | H6: =MAX(0, G6*(1+Forecast!$B5)) -> 2.8921803e+13 | I6: =MAX(0, H6*(1+Forecast!$B5)) -> 2.8690429e+13 | J6: =MAX(0, I6*(1+Forecast!$B5)) -> 2.8460906e+13 | K6: =MAX(0, J6*(1+Forecast!$B5)) -> 2.8233218e+13 | L6: =MAX(0, K6*(1+Forecast!$B5)) -> 2.8007353e+13 | ... AG6: =MAX(0, AF6*(1+Forecast!$B5)) -> 2.3660133e+13
A7: petroleum diesel (BTU) | B7: =INDEX('2019'!$B$26:$G$35, MATCH($A7, '2019'!$A$2:$A$11, 0), MATCH(Rural_res_calculation!$A$3, '2019'!$B$1:$G$1, 0)) -> 0 | C7: =INDEX('2020'!$B$26:$G$35, MATCH($A7, '2020'!$A$2:$A$11, 0), MATCH(Rural_res_calculation!$A$3, '2020'!$B$1:$G$1, 0)) -> 0 | D7: =INDEX('2021'!$B$26:$G$35, MATCH($A7, '2021'!$A$2:$A$11, 0), MATCH(Rural_res_calculation!$A$3, '2021'!$B$1:$G$1, 0)) -> 0 | E7: =MAX(0, D7*(1+Forecast!$B6)) -> 0 | F7: =MAX(0, E7*(1+Forecast!$B6)) -> 0 | G7: =MAX(0, F7*(1+Forecast!$B6)) -> 0 | H7: =MAX(0, G7*(1+Forecast!$B6)) -> 0 | I7: =MAX(0, H7*(1+Forecast!$B6)) -> 0 | J7: =MAX(0, I7*(1+Forecast!$B6)) -> 0 | K7: =MAX(0, J7*(1+Forecast!$B6)) -> 0 | L7: =MAX(0, K7*(1+Forecast!$B6)) -> 0 | ... AG7: =MAX(0, AF7*(1+Forecast!$B6)) -> 0
A8: heat (BTU) | B8: =INDEX('2019'!$B$26:$G$35, MATCH($A8, '2019'!$A$2:$A$11, 0), MATCH(Rural_res_calculation!$A$3, '2019'!$B$1:$G$1, 0)) -> 6.7683495e+12 | C8: =INDEX('2020'!$B$26:$G$35, MATCH($A8, '2020'!$A$2:$A$11, 0), MATCH(Rural_res_calculation!$A$3, '2020'!$B$1:$G$1, 0)) -> 7.1575296e+12 | D8: =INDEX('2021'!$B$26:$G$35, MATCH($A8, '2021'!$A$2:$A$11, 0), MATCH(Rural_res_calculation!$A$3, '2021'!$B$1:$G$1, 0)) -> 7.370993e+12 | E8: =MAX(0, D8*(1+Forecast!$B7)) -> 7.363622e+12 | F8: =MAX(0, E8*(1+Forecast!$B7)) -> 7.3562584e+12 | G8: =MAX(0, F8*(1+Forecast!$B7)) -> 7.3489021e+12 | H8: =MAX(0, G8*(1+Forecast!$B7)) -> 7.3415532e+12 | I8: =MAX(0, H8*(1+Forecast!$B7)) -> 7.3342116e+12 | J8: =MAX(0, I8*(1+Forecast!$B7)) -> 7.3268774e+12 | K8: =MAX(0, J8*(1+Forecast!$B7)) -> 7.3195505e+12 | L8: =MAX(0, K8*(1+Forecast!$B7)) -> 7.312231e+12 | ... AG8: =MAX(0, AF8*(1+Forecast!$B7)) -> 7.1602e+12
A9: biomass (BTU) | B9: =INDEX('2019'!$B$26:$G$35, MATCH($A9, '2019'!$A$2:$A$11, 0), MATCH(Rural_res_calculation!$A$3, '2019'!$B$1:$G$1, 0)) -> 4.3148228e+11 | C9: =INDEX('2020'!$B$26:$G$35, MATCH($A9, '2020'!$A$2:$A$11, 0), MATCH(Rural_res_calculation!$A$3, '2020'!$B$1:$G$1, 0)) -> 4.119582e+11 | D9: =INDEX('2021'!$B$26:$G$35, MATCH($A9, '2021'!$A$2:$A$11, 0), MATCH(Rural_res_calculation!$A$3, '2021'!$B$1:$G$1, 0)) -> 4.135852e+11 | E9: =MAX(0, D9*(1+Forecast!$B8)) -> 4.1606672e+11 | F9: =MAX(0, E9*(1+Forecast!$B8)) -> 4.1856312e+11 | G9: =MAX(0, F9*(1+Forecast!$B8)) -> 4.210745e+11 | H9: =MAX(0, G9*(1+Forecast!$B8)) -> 4.2360094e+11 | I9: =MAX(0, H9*(1+Forecast!$B8)) -> 4.2614255e+11 | J9: =MAX(0, I9*(1+Forecast!$B8)) -> 4.286994e+11 | K9: =MAX(0, J9*(1+Forecast!$B8)) -> 4.312716e+11 | L9: =MAX(0, K9*(1+Forecast!$B8)) -> 4.3385923e+11 | ... AG9: =MAX(0, AF9*(1+Forecast!$B8)) -> 4.9193354e+11
A10: kerosene (BTU) | B10: =INDEX('2019'!$B$26:$G$35, MATCH($A10, '2019'!$A$2:$A$11, 0), MATCH(Rural_res_calculation!$A$3, '2019'!$B$1:$G$1, 0)) -> 0 | C10: =INDEX('2020'!$B$26:$G$35, MATCH($A10, '2020'!$A$2:$A$11, 0), MATCH(Rural_res_calculation!$A$3, '2020'!$B$1:$G$1, 0)) -> 0 | D10: =INDEX('2021'!$B$26:$G$35, MATCH($A10, '2021'!$A$2:$A$11, 0), MATCH(Rural_res_calculation!$A$3, '2021'!$B$1:$G$1, 0)) -> 0 | E10: =MAX(0, D10*(1+Forecast!$B9)) -> 0 | F10: =MAX(0, E10*(1+Forecast!$B9)) -> 0 | G10: =MAX(0, F10*(1+Forecast!$B9)) -> 0 | H10: =MAX(0, G10*(1+Forecast!$B9)) -> 0 | I10: =MAX(0, H10*(1+Forecast!$B9)) -> 0 | J10: =MAX(0, I10*(1+Forecast!$B9)) -> 0 | K10: =MAX(0, J10*(1+Forecast!$B9)) -> 0 | L10: =MAX(0, K10*(1+Forecast!$B9)) -> 0 | ... AG10: =MAX(0, AF10*(1+Forecast!$B9)) -> 0
A11: heavy or residual fuel oil (BTU) | B11: =INDEX('2019'!$B$26:$G$35, MATCH($A11, '2019'!$A$2:$A$11, 0), MATCH(Rural_res_calculation!$A$3, '2019'!$B$1:$G$1, 0)) -> 5.1097785e+12 | C11: =INDEX('2020'!$B$26:$G$35, MATCH($A11, '2020'!$A$2:$A$11, 0), MATCH(Rural_res_calculation!$A$3, '2020'!$B$1:$G$1, 0)) -> 4.9801285e+12 | D11: =INDEX('2021'!$B$26:$G$35, MATCH($A11, '2021'!$A$2:$A$11, 0), MATCH(Rural_res_calculation!$A$3, '2021'!$B$1:$G$1, 0)) -> 4.9775165e+12 | E11: =MAX(0, D11*(1+Forecast!$B10)) -> 4.7684608e+12 | F11: =MAX(0, E11*(1+Forecast!$B10)) -> 4.5681854e+12 | G11: =MAX(0, F11*(1+Forecast!$B10)) -> 4.3763216e+12 | H11: =MAX(0, G11*(1+Forecast!$B10)) -> 4.1925161e+12 | I11: =MAX(0, H11*(1+Forecast!$B10)) -> 4.0164305e+12 | J11: =MAX(0, I11*(1+Forecast!$B10)) -> 3.8477404e+12 | K11: =MAX(0, J11*(1+Forecast!$B10)) -> 3.6861353e+12 | L11: =MAX(0, K11*(1+Forecast!$B10)) -> 3.5313176e+12 | ... AG11: =MAX(0, AF11*(1+Forecast!$B10)) -> 1.4342091e+12
A12: LPG propane or butane (BTU) | B12: =INDEX('2019'!$B$26:$G$35, MATCH($A12, '2019'!$A$2:$A$11, 0), MATCH(Rural_res_calculation!$A$3, '2019'!$B$1:$G$1, 0)) -> 1.5643692e+12 | C12: =INDEX('2020'!$B$26:$G$35, MATCH($A12, '2020'!$A$2:$A$11, 0), MATCH(Rural_res_calculation!$A$3, '2020'!$B$1:$G$1, 0)) -> 1.5246766e+12 | D12: =INDEX('2021'!$B$26:$G$35, MATCH($A12, '2021'!$A$2:$A$11, 0), MATCH(Rural_res_calculation!$A$3, '2021'!$B$1:$G$1, 0)) -> 1.523877e+12 | E12: =MAX(0, D12*(1+Forecast!$B11)) -> 1.4598741e+12 | F12: =MAX(0, E12*(1+Forecast!$B11)) -> 1.3985594e+12 | G12: =MAX(0, F12*(1+Forecast!$B11)) -> 1.3398199e+12 | H12: =MAX(0, G12*(1+Forecast!$B11)) -> 1.2835475e+12 | I12: =MAX(0, H12*(1+Forecast!$B11)) -> 1.2296385e+12 | J12: =MAX(0, I12*(1+Forecast!$B11)) -> 1.1779937e+12 | K12: =MAX(0, J12*(1+Forecast!$B11)) -> 1.1285179e+12 | L12: =MAX(0, K12*(1+Forecast!$B11)) -> 1.0811202e+12 | ... AG12: =MAX(0, AF12*(1+Forecast!$B11)) -> 4.3908608e+11
A13: hydrogen (BTU) | B13: =INDEX('2019'!$B$26:$G$35, MATCH($A13, '2019'!$A$2:$A$11, 0), MATCH(Rural_res_calculation!$A$3, '2019'!$B$1:$G$1, 0)) -> 0 | C13: =INDEX('2020'!$B$26:$G$35, MATCH($A13, '2020'!$A$2:$A$11, 0), MATCH(Rural_res_calculation!$A$3, '2020'!$B$1:$G$1, 0)) -> 0 | D13: =INDEX('2021'!$B$26:$G$35, MATCH($A13, '2021'!$A$2:$A$11, 0), MATCH(Rural_res_calculation!$A$3, '2021'!$B$1:$G$1, 0)) -> 0 | E13: =MAX(0, D13*(1+Forecast!$B12)) -> 0 | F13: =MAX(0, E13*(1+Forecast!$B12)) -> 0 | G13: =MAX(0, F13*(1+Forecast!$B12)) -> 0 | H13: =MAX(0, G13*(1+Forecast!$B12)) -> 0 | I13: =MAX(0, H13*(1+Forecast!$B12)) -> 0 | J13: =MAX(0, I13*(1+Forecast!$B12)) -> 0 | K13: =MAX(0, J13*(1+Forecast!$B12)) -> 0 | L13: =MAX(0, K13*(1+Forecast!$B12)) -> 0 | ... AG13: =MAX(0, AF13*(1+Forecast!$B12)) -> 0
A15: cooling & ventilation | B15: 2019 | C15: 2020 | D15: 2021 | E15: 2022 | F15: 2023 | G15: 2024 | H15: 2025 | I15: 2026 | J15: 2027 | K15: 2028 | L15: 2029 | M15: 2030 | N15: 2031 | O15: 2032 | P15: 2033 | Q15: 2034 | R15: 2035 | S15: 2036 | T15: 2037 | U15: 2038 | V15: 2039 | W15: 2040 | X15: 2041 | Y15: 2042 | Z15: 2043 | AA15: 2044 | AB15: 2045 | AC15: 2046 | AD15: 2047 | AE15: 2048 | AF15: 2049 | AG15: 2050
A16: electricity (BTU) | B16: =INDEX('2019'!$B$26:$G$35, MATCH($A16, '2019'!$A$2:$A$11, 0), MATCH(Rural_res_calculation!$A$15, '2019'!$B$1:$G$1, 0)) -> 3.2540142e+12 | C16: =INDEX('2020'!$B$26:$G$35, MATCH($A16, '2020'!$A$2:$A$11, 0), MATCH(Rural_res_calculation!$A$15, '2020'!$B$1:$G$1, 0)) -> 3.4210864e+12 | D16: =INDEX('2021'!$B$26:$G$35, MATCH($A16, '2021'!$A$2:$A$11, 0), MATCH(Rural_res_calculation!$A$15, '2021'!$B$1:$G$1, 0)) -> 3.5820364e+12 | E16: =MAX(0, D16*(1+Forecast!$B3)) -> 3.6035286e+12 | F16: =MAX(0, E16*(1+Forecast!$B3)) -> 3.6251497e+12 | G16: =MAX(0, F16*(1+Forecast!$B3)) -> 3.6469006e+12 | H16: =MAX(0, G16*(1+Forecast!$B3)) -> 3.6687821e+12 | I16: =MAX(0, H16*(1+Forecast!$B3)) -> 3.6907947e+12 | J16: =MAX(0, I16*(1+Forecast!$B3)) -> 3.7129395e+12 | K16: =MAX(0, J16*(1+Forecast!$B3)) -> 3.7352172e+12 | L16: =MAX(0, K16*(1+Forecast!$B3)) -> 3.7576285e+12 | ... AG16: =MAX(0, AF16*(1+Forecast!$B3)) -> 4.2606066e+12
A17: coal (BTU) | B17: =INDEX('2019'!$B$26:$G$35, MATCH($A17, '2019'!$A$2:$A$11, 0), MATCH(Rural_res_calculation!$A$15, '2019'!$B$1:$G$1, 0)) -> 0 | C17: =INDEX('2020'!$B$26:$G$35, MATCH($A17, '2020'!$A$2:$A$11, 0), MATCH(Rural_res_calculation!$A$15, '2020'!$B$1:$G$1, 0)) -> 0 | D17: =INDEX('2021'!$B$26:$G$35, MATCH($A17, '2021'!$A$2:$A$11, 0), MATCH(Rural_res_calculation!$A$15, '2021'!$B$1:$G$1, 0)) -> 0 | E17: =MAX(0, D17*(1+Forecast!$B4)) -> 0 | F17: =MAX(0, E17*(1+Forecast!$B4)) -> 0 | G17: =MAX(0, F17*(1+Forecast!$B4)) -> 0 | H17: =MAX(0, G17*(1+Forecast!$B4)) -> 0 | I17: =MAX(0, H17*(1+Forecast!$B4)) -> 0 | J17: =MAX(0, I17*(1+Forecast!$B4)) -> 0 | K17: =MAX(0, J17*(1+Forecast!$B4)) -> 0 | L17: =MAX(0, K17*(1+Forecast!$B4)) -> 0 | ... AG17: =MAX(0, AF17*(1+Forecast!$B4)) -> 0
A18: natural gas (BTU) | B18: =INDEX('2019'!$B$26:$G$35, MATCH($A18, '2019'!$A$2:$A$11, 0), MATCH(Rural_res_calculation!$A$15, '2019'!$B$1:$G$1, 0)) -> 0 | C18: =INDEX('2020'!$B$26:$G$35, MATCH($A18, '2020'!$A$2:$A$11, 0), MATCH(Rural_res_calculation!$A$15, '2020'!$B$1:$G$1, 0)) -> 0 | D18: =INDEX('2021'!$B$26:$G$35, MATCH($A18, '2021'!$A$2:$A$11, 0), MATCH(Rural_res_calculation!$A$15, '2021'!$B$1:$G$1, 0)) -> 0 | E18: =MAX(0, D18*(1+Forecast!$B5)) -> 0 | F18: =MAX(0, E18*(1+Forecast!$B5)) -> 0 | G18: =MAX(0, F18*(1+Forecast!$B5)) -> 0 | H18: =MAX(0, G18*(1+Forecast!$B5)) -> 0 | I18: =MAX(0, H18*(1+Forecast!$B5)) -> 0 | J18: =MAX(0, I18*(1+Forecast!$B5)) -> 0 | K18: =MAX(0, J18*(1+Forecast!$B5)) -> 0 | L18: =MAX(0, K18*(1+Forecast!$B5)) -> 0 | ... AG18: =MAX(0, AF18*(1+Forecast!$B5)) -> 0
A19: petroleum diesel (BTU) | B19: =INDEX('2019'!$B$26:$G$35, MATCH($A19, '2019'!$A$2:$A$11, 0), MATCH(Rural_res_calculation!$A$15, '2019'!$B$1:$G$1, 0)) -> 0 | C19: =INDEX('2020'!$B$26:$G$35, MATCH($A19, '2020'!$A$2:$A$11, 0), MATCH(Rural_res_calculation!$A$15, '2020'!$B$1:$G$1, 0)) -> 0 | D19: =INDEX('2021'!$B$26:$G$35, MATCH($A19, '2021'!$A$2:$A$11, 0), MATCH(Rural_res_calculation!$A$15, '2021'!$B$1:$G$1, 0)) -> 0 | E19: =MAX(0, D19*(1+Forecast!$B6)) -> 0 | F19: =MAX(0, E19*(1+Forecast!$B6)) -> 0 | G19: =MAX(0, F19*(1+Forecast!$B6)) -> 0 | H19: =MAX(0, G19*(1+Forecast!$B6)) -> 0 | I19: =MAX(0, H19*(1+Forecast!$B6)) -> 0 | J19: =MAX(0, I19*(1+Forecast!$B6)) -> 0 | K19: =MAX(0, J19*(1+Forecast!$B6)) -> 0 | L19: =MAX(0, K19*(1+Forecast!$B6)) -> 0 | ... AG19: =MAX(0, AF19*(1+Forecast!$B6)) -> 0
A20: heat (BTU) | B20: =INDEX('2019'!$B$26:$G$35, MATCH($A20, '2019'!$A$2:$A$11, 0), MATCH(Rural_res_calculation!$A$15, '2019'!$B$1:$G$1, 0)) -> 0 | C20: =INDEX('2020'!$B$26:$G$35, MATCH($A20, '2020'!$A$2:$A$11, 0), MATCH(Rural_res_calculation!$A$15, '2020'!$B$1:$G$1, 0)) -> 0 | D20: =INDEX('2021'!$B$26:$G$35, MATCH($A20, '2021'!$A$2:$A$11, 0), MATCH(Rural_res_calculation!$A$15, '2021'!$B$1:$G$1, 0)) -> 0 | E20: =MAX(0, D20*(1+Forecast!$B7)) -> 0 | F20: =MAX(0, E20*(1+Forecast!$B7)) -> 0 | G20: =MAX(0, F20*(1+Forecast!$B7)) -> 0 | H20: =MAX(0, G20*(1+Forecast!$B7)) -> 0 | I20: =MAX(0, H20*(1+Forecast!$B7)) -> 0 | J20: =MAX(0, I20*(1+Forecast!$B7)) -> 0 | K20: =MAX(0, J20*(1+Forecast!$B7)) -> 0 | L20: =MAX(0, K20*(1+Forecast!$B7)) -> 0 | ... AG20: =MAX(0, AF20*(1+Forecast!$B7)) -> 0
A21: biomass (BTU) | B21: =INDEX('2019'!$B$26:$G$35, MATCH($A21, '2019'!$A$2:$A$11, 0), MATCH(Rural_res_calculation!$A$15, '2019'!$B$1:$G$1, 0)) -> 0 | C21: =INDEX('2020'!$B$26:$G$35, MATCH($A21, '2020'!$A$2:$A$11, 0), MATCH(Rural_res_calculation!$A$15, '2020'!$B$1:$G$1, 0)) -> 0 | D21: =INDEX('2021'!$B$26:$G$35, MATCH($A21, '2021'!$A$2:$A$11, 0), MATCH(Rural_res_calculation!$A$15, '2021'!$B$1:$G$1, 0)) -> 0 | E21: =MAX(0, D21*(1+Forecast!$B8)) -> 0 | F21: =MAX(0, E21*(1+Forecast!$B8)) -> 0 | G21: =MAX(0, F21*(1+Forecast!$B8)) -> 0 | H21: =MAX(0, G21*(1+Forecast!$B8)) -> 0 | I21: =MAX(0, H21*(1+Forecast!$B8)) -> 0 | J21: =MAX(0, I21*(1+Forecast!$B8)) -> 0 | K21: =MAX(0, J21*(1+Forecast!$B8)) -> 0 | L21: =MAX(0, K21*(1+Forecast!$B8)) -> 0 | ... AG21: =MAX(0, AF21*(1+Forecast!$B8)) -> 0
A22: kerosene (BTU) | B22: =INDEX('2019'!$B$26:$G$35, MATCH($A22, '2019'!$A$2:$A$11, 0), MATCH(Rural_res_calculation!$A$15, '2019'!$B$1:$G$1, 0)) -> 0 | C22: =INDEX('2020'!$B$26:$G$35, MATCH($A22, '2020'!$A$2:$A$11, 0), MATCH(Rural_res_calculation!$A$15, '2020'!$B$1:$G$1, 0)) -> 0 | D22: =INDEX('2021'!$B$26:$G$35, MATCH($A22, '2021'!$A$2:$A$11, 0), MATCH(Rural_res_calculation!$A$15, '2021'!$B$1:$G$1, 0)) -> 0 | E22: =MAX(0, D22*(1+Forecast!$B9)) -> 0 | F22: =MAX(0, E22*(1+Forecast!$B9)) -> 0 | G22: =MAX(0, F22*(1+Forecast!$B9)) -> 0 | H22: =MAX(0, G22*(1+Forecast!$B9)) -> 0 | I22: =MAX(0, H22*(1+Forecast!$B9)) -> 0 | J22: =MAX(0, I22*(1+Forecast!$B9)) -> 0 | K22: =MAX(0, J22*(1+Forecast!$B9)) -> 0 | L22: =MAX(0, K22*(1+Forecast!$B9)) -> 0 | ... AG22: =MAX(0, AF22*(1+Forecast!$B9)) -> 0
A23: heavy or residual fuel oil (BTU) | B23: =INDEX('2019'!$B$26:$G$35, MATCH($A23, '2019'!$A$2:$A$11, 0), MATCH(Rural_res_calculation!$A$15, '2019'!$B$1:$G$1, 0)) -> 0 | C23: =INDEX('2020'!$B$26:$G$35, MATCH($A23, '2020'!$A$2:$A$11, 0), MATCH(Rural_res_calculation!$A$15, '2020'!$B$1:$G$1, 0)) -> 0 | D23: =INDEX('2021'!$B$26:$G$35, MATCH($A23, '2021'!$A$2:$A$11, 0), MATCH(Rural_res_calculation!$A$15, '2021'!$B$1:$G$1, 0)) -> 0 | E23: =MAX(0, D23*(1+Forecast!$B10)) -> 0 | F23: =MAX(0, E23*(1+Forecast!$B10)) -> 0 | G23: =MAX(0, F23*(1+Forecast!$B10)) -> 0 | H23: =MAX(0, G23*(1+Forecast!$B10)) -> 0 | I23: =MAX(0, H23*(1+Forecast!$B10)) -> 0 | J23: =MAX(0, I23*(1+Forecast!$B10)) -> 0 | K23: =MAX(0, J23*(1+Forecast!$B10)) -> 0 | L23: =MAX(0, K23*(1+Forecast!$B10)) -> 0 | ... AG23: =MAX(0, AF23*(1+Forecast!$B10)) -> 0
A24: LPG propane or butane (BTU) | B24: =INDEX('2019'!$B$26:$G$35, MATCH($A24, '2019'!$A$2:$A$11, 0), MATCH(Rural_res_calculation!$A$15, '2019'!$B$1:$G$1, 0)) -> 0 | C24: =INDEX('2020'!$B$26:$G$35, MATCH($A24, '2020'!$A$2:$A$11, 0), MATCH(Rural_res_calculation!$A$15, '2020'!$B$1:$G$1, 0)) -> 0 | D24: =INDEX('2021'!$B$26:$G$35, MATCH($A24, '2021'!$A$2:$A$11, 0), MATCH(Rural_res_calculation!$A$15, '2021'!$B$1:$G$1, 0)) -> 0 | E24: =MAX(0, D24*(1+Forecast!$B11)) -> 0 | F24: =MAX(0, E24*(1+Forecast!$B11)) -> 0 | G24: =MAX(0, F24*(1+Forecast!$B11)) -> 0 | H24: =MAX(0, G24*(1+Forecast!$B11)) -> 0 | I24: =MAX(0, H24*(1+Forecast!$B11)) -> 0 | J24: =MAX(0, I24*(1+Forecast!$B11)) -> 0 | K24: =MAX(0, J24*(1+Forecast!$B11)) -> 0 | L24: =MAX(0, K24*(1+Forecast!$B11)) -> 0 | ... AG24: =MAX(0, AF24*(1+Forecast!$B11)) -> 0
A25: hydrogen (BTU) | B25: =INDEX('2019'!$B$26:$G$35, MATCH($A25, '2019'!$A$2:$A$11, 0), MATCH(Rural_res_calculation!$A$15, '2019'!$B$1:$G$1, 0)) -> 0 | C25: =INDEX('2020'!$B$26:$G$35, MATCH($A25, '2020'!$A$2:$A$11, 0), MATCH(Rural_res_calculation!$A$15, '2020'!$B$1:$G$1, 0)) -> 0 | D25: =INDEX('2021'!$B$26:$G$35, MATCH($A25, '2021'!$A$2:$A$11, 0), MATCH(Rural_res_calculation!$A$15, '2021'!$B$1:$G$1, 0)) -> 0 | E25: =MAX(0, D25*(1+Forecast!$B12)) -> 0 | F25: =MAX(0, E25*(1+Forecast!$B12)) -> 0 | G25: =MAX(0, F25*(1+Forecast!$B12)) -> 0 | H25: =MAX(0, G25*(1+Forecast!$B12)) -> 0 | I25: =MAX(0, H25*(1+Forecast!$B12)) -> 0 | J25: =MAX(0, I25*(1+Forecast!$B12)) -> 0 | K25: =MAX(0, J25*(1+Forecast!$B12)) -> 0 | L25: =MAX(0, K25*(1+Forecast!$B12)) -> 0 | ... AG25: =MAX(0, AF25*(1+Forecast!$B12)) -> 0
A27: envelope | B27: 2019 | C27: 2020 | D27: 2021 | E27: 2022 | F27: 2023 | G27: 2024 | H27: 2025 | I27: 2026 | J27: 2027 | K27: 2028 | L27: 2029 | M27: 2030 | N27: 2031 | O27: 2032 | P27: 2033 | Q27: 2034 | R27: 2035 | S27: 2036 | T27: 2037 | U27: 2038 | V27: 2039 | W27: 2040 | X27: 2041 | Y27: 2042 | Z27: 2043 | AA27: 2044 | AB27: 2045 | AC27: 2046 | AD27: 2047 | AE27: 2048 | AF27: 2049 | AG27: 2050
A28: electricity (BTU) | B28: =INDEX('2019'!$B$26:$G$35, MATCH($A28, '2019'!$A$2:$A$11, 0), MATCH(Rural_res_calculation!$A$27, '2019'!$B$1:$G$1, 0)) -> 0 | C28: =INDEX('2020'!$B$26:$G$35, MATCH($A28, '2020'!$A$2:$A$11, 0), MATCH(Rural_res_calculation!$A$27, '2020'!$B$1:$G$1, 0)) -> 0 | D28: =INDEX('2021'!$B$26:$G$35, MATCH($A28, '2021'!$A$2:$A$11, 0), MATCH(Rural_res_calculation!$A$27, '2021'!$B$1:$G$1, 0)) -> 0 | E28: =MAX(0, D28*(1+Forecast!$B3)) -> 0 | F28: =MAX(0, E28*(1+Forecast!$B3)) -> 0 | G28: =MAX(0, F28*(1+Forecast!$B3)) -> 0 | H28: =MAX(0, G28*(1+Forecast!$B3)) -> 0 | I28: =MAX(0, H28*(1+Forecast!$B3)) -> 0 | J28: =MAX(0, I28*(1+Forecast!$B3)) -> 0 | K28: =MAX(0, J28*(1+Forecast!$B3)) -> 0 | L28: =MAX(0, K28*(1+Forecast!$B3)) -> 0 | ... AG28: =MAX(0, AF28*(1+Forecast!$B3)) -> 0
A29: coal (BTU) | B29: =INDEX('2019'!$B$26:$G$35, MATCH($A29, '2019'!$A$2:$A$11, 0), MATCH(Rural_res_calculation!$A$27, '2019'!$B$1:$G$1, 0)) -> 0 | C29: =INDEX('2020'!$B$26:$G$35, MATCH($A29, '2020'!$A$2:$A$11, 0), MATCH(Rural_res_calculation!$A$27, '2020'!$B$1:$G$1, 0)) -> 0 | D29: =INDEX('2021'!$B$26:$G$35, MATCH($A29, '2021'!$A$2:$A$11, 0), MATCH(Rural_res_calculation!$A$27, '2021'!$B$1:$G$1, 0)) -> 0 | E29: =MAX(0, D29*(1+Forecast!$B4)) -> 0 | F29: =MAX(0, E29*(1+Forecast!$B4)) -> 0 | G29: =MAX(0, F29*(1+Forecast!$B4)) -> 0 | H29: =MAX(0, G29*(1+Forecast!$B4)) -> 0 | I29: =MAX(0, H29*(1+Forecast!$B4)) -> 0 | J29: =MAX(0, I29*(1+Forecast!$B4)) -> 0 | K29: =MAX(0, J29*(1+Forecast!$B4)) -> 0 | L29: =MAX(0, K29*(1+Forecast!$B4)) -> 0 | ... AG29: =MAX(0, AF29*(1+Forecast!$B4)) -> 0
A30: natural gas (BTU) | B30: =INDEX('2019'!$B$26:$G$35, MATCH($A30, '2019'!$A$2:$A$11, 0), MATCH(Rural_res_calculation!$A$27, '2019'!$B$1:$G$1, 0)) -> 0 | C30: =INDEX('2020'!$B$26:$G$35, MATCH($A30, '2020'!$A$2:$A$11, 0), MATCH(Rural_res_calculation!$A$27, '2020'!$B$1:$G$1, 0)) -> 0 | D30: =INDEX('2021'!$B$26:$G$35, MATCH($A30, '2021'!$A$2:$A$11, 0), MATCH(Rural_res_calculation!$A$27, '2021'!$B$1:$G$1, 0)) -> 0 | E30: =MAX(0, D30*(1+Forecast!$B5)) -> 0 | F30: =MAX(0, E30*(1+Forecast!$B5)) -> 0 | G30: =MAX(0, F30*(1+Forecast!$B5)) -> 0 | H30: =MAX(0, G30*(1+Forecast!$B5)) -> 0 | I30: =MAX(0, H30*(1+Forecast!$B5)) -> 0 | J30: =MAX(0, I30*(1+Forecast!$B5)) -> 0 | K30: =MAX(0, J30*(1+Forecast!$B5)) -> 0 | L30: =MAX(0, K30*(1+Forecast!$B5)) -> 0 | ... AG30: =MAX(0, AF30*(1+Forecast!$B5)) -> 0
A31: petroleum diesel (BTU) | B31: =INDEX('2019'!$B$26:$G$35, MATCH($A31, '2019'!$A$2:$A$11, 0), MATCH(Rural_res_calculation!$A$27, '2019'!$B$1:$G$1, 0)) -> 0 | C31: =INDEX('2020'!$B$26:$G$35, MATCH($A31, '2020'!$A$2:$A$11, 0), MATCH(Rural_res_calculation!$A$27, '2020'!$B$1:$G$1, 0)) -> 0 | D31: =INDEX('2021'!$B$26:$G$35, MATCH($A31, '2021'!$A$2:$A$11, 0), MATCH(Rural_res_calculation!$A$27, '2021'!$B$1:$G$1, 0)) -> 0 | E31: =MAX(0, D31*(1+Forecast!$B6)) -> 0 | F31: =MAX(0, E31*(1+Forecast!$B6)) -> 0 | G31: =MAX(0, F31*(1+Forecast!$B6)) -> 0 | H31: =MAX(0, G31*(1+Forecast!$B6)) -> 0 | I31: =MAX(0, H31*(1+Forecast!$B6)) -> 0 | J31: =MAX(0, I31*(1+Forecast!$B6)) -> 0 | K31: =MAX(0, J31*(1+Forecast!$B6)) -> 0 | L31: =MAX(0, K31*(1+Forecast!$B6)) -> 0 | ... AG31: =MAX(0, AF31*(1+Forecast!$B6)) -> 0
A32: heat (BTU) | B32: =INDEX('2019'!$B$26:$G$35, MATCH($A32, '2019'!$A$2:$A$11, 0), MATCH(Rural_res_calculation!$A$27, '2019'!$B$1:$G$1, 0)) -> 0 | C32: =INDEX('2020'!$B$26:$G$35, MATCH($A32, '2020'!$A$2:$A$11, 0), MATCH(Rural_res_calculation!$A$27, '2020'!$B$1:$G$1, 0)) -> 0 | D32: =INDEX('2021'!$B$26:$G$35, MATCH($A32, '2021'!$A$2:$A$11, 0), MATCH(Rural_res_calculation!$A$27, '2021'!$B$1:$G$1, 0)) -> 0 | E32: =MAX(0, D32*(1+Forecast!$B7)) -> 0 | F32: =MAX(0, E32*(1+Forecast!$B7)) -> 0 | G32: =MAX(0, F32*(1+Forecast!$B7)) -> 0 | H32: =MAX(0, G32*(1+Forecast!$B7)) -> 0 | I32: =MAX(0, H32*(1+Forecast!$B7)) -> 0 | J32: =MAX(0, I32*(1+Forecast!$B7)) -> 0 | K32: =MAX(0, J32*(1+Forecast!$B7)) -> 0 | L32: =MAX(0, K32*(1+Forecast!$B7)) -> 0 | ... AG32: =MAX(0, AF32*(1+Forecast!$B7)) -> 0
A33: biomass (BTU) | B33: =INDEX('2019'!$B$26:$G$35, MATCH($A33, '2019'!$A$2:$A$11, 0), MATCH(Rural_res_calculation!$A$27, '2019'!$B$1:$G$1, 0)) -> 0 | C33: =INDEX('2020'!$B$26:$G$35, MATCH($A33, '2020'!$A$2:$A$11, 0), MATCH(Rural_res_calculation!$A$27, '2020'!$B$1:$G$1, 0)) -> 0 | D33: =INDEX('2021'!$B$26:$G$35, MATCH($A33, '2021'!$A$2:$A$11, 0), MATCH(Rural_res_calculation!$A$27, '2021'!$B$1:$G$1, 0)) -> 0 | E33: =MAX(0, D33*(1+Forecast!$B8)) -> 0 | F33: =MAX(0, E33*(1+Forecast!$B8)) -> 0 | G33: =MAX(0, F33*(1+Forecast!$B8)) -> 0 | H33: =MAX(0, G33*(1+Forecast!$B8)) -> 0 | I33: =MAX(0, H33*(1+Forecast!$B8)) -> 0 | J33: =MAX(0, I33*(1+Forecast!$B8)) -> 0 | K33: =MAX(0, J33*(1+Forecast!$B8)) -> 0 | L33: =MAX(0, K33*(1+Forecast!$B8)) -> 0 | ... AG33: =MAX(0, AF33*(1+Forecast!$B8)) -> 0
A34: kerosene (BTU) | B34: =INDEX('2019'!$B$26:$G$35, MATCH($A34, '2019'!$A$2:$A$11, 0), MATCH(Rural_res_calculation!$A$27, '2019'!$B$1:$G$1, 0)) -> 0 | C34: =INDEX('2020'!$B$26:$G$35, MATCH($A34, '2020'!$A$2:$A$11, 0), MATCH(Rural_res_calculation!$A$27, '2020'!$B$1:$G$1, 0)) -> 0 | D34: =INDEX('2021'!$B$26:$G$35, MATCH($A34, '2021'!$A$2:$A$11, 0), MATCH(Rural_res_calculation!$A$27, '2021'!$B$1:$G$1, 0)) -> 0 | E34: =MAX(0, D34*(1+Forecast!$B9)) -> 0 | F34: =MAX(0, E34*(1+Forecast!$B9)) -> 0 | G34: =MAX(0, F34*(1+Forecast!$B9)) -> 0 | H34: =MAX(0, G34*(1+Forecast!$B9)) -> 0 | I34: =MAX(0, H34*(1+Forecast!$B9)) -> 0 | J34: =MAX(0, I34*(1+Forecast!$B9)) -> 0 | K34: =MAX(0, J34*(1+Forecast!$B9)) -> 0 | L34: =MAX(0, K34*(1+Forecast!$B9)) -> 0 | ... AG34: =MAX(0, AF34*(1+Forecast!$B9)) -> 0
A35: heavy or residual fuel oil (BTU) | B35: =INDEX('2019'!$B$26:$G$35, MATCH($A35, '2019'!$A$2:$A$11, 0), MATCH(Rural_res_calculation!$A$27, '2019'!$B$1:$G$1, 0)) -> 0 | C35: =INDEX('2020'!$B$26:$G$35, MATCH($A35, '2020'!$A$2:$A$11, 0), MATCH(Rural_res_calculation!$A$27, '2020'!$B$1:$G$1, 0)) -> 0 | D35: =INDEX('2021'!$B$26:$G$35, MATCH($A35, '2021'!$A$2:$A$11, 0), MATCH(Rural_res_calculation!$A$27, '2021'!$B$1:$G$1, 0)) -> 0 | E35: =MAX(0, D35*(1+Forecast!$B10)) -> 0 | F35: =MAX(0, E35*(1+Forecast!$B10)) -> 0 | G35: =MAX(0, F35*(1+Forecast!$B10)) -> 0 | H35: =MAX(0, G35*(1+Forecast!$B10)) -> 0 | I35: =MAX(0, H35*(1+Forecast!$B10)) -> 0 | J35: =MAX(0, I35*(1+Forecast!$B10)) -> 0 | K35: =MAX(0, J35*(1+Forecast!$B10)) -> 0 | L35: =MAX(0, K35*(1+Forecast!$B10)) -> 0 | ... AG35: =MAX(0, AF35*(1+Forecast!$B10)) -> 0
A36: LPG propane or butane (BTU) | B36: =INDEX('2019'!$B$26:$G$35, MATCH($A36, '2019'!$A$2:$A$11, 0), MATCH(Rural_res_calculation!$A$27, '2019'!$B$1:$G$1, 0)) -> 0 | C36: =INDEX('2020'!$B$26:$G$35, MATCH($A36, '2020'!$A$2:$A$11, 0), MATCH(Rural_res_calculation!$A$27, '2020'!$B$1:$G$1, 0)) -> 0 | D36: =INDEX('2021'!$B$26:$G$35, MATCH($A36, '2021'!$A$2:$A$11, 0), MATCH(Rural_res_calculation!$A$27, '2021'!$B$1:$G$1, 0)) -> 0 | E36: =MAX(0, D36*(1+Forecast!$B11)) -> 0 | F36: =MAX(0, E36*(1+Forecast!$B11)) -> 0 | G36: =MAX(0, F36*(1+Forecast!$B11)) -> 0 | H36: =MAX(0, G36*(1+Forecast!$B11)) -> 0 | I36: =MAX(0, H36*(1+Forecast!$B11)) -> 0 | J36: =MAX(0, I36*(1+Forecast!$B11)) -> 0 | K36: =MAX(0, J36*(1+Forecast!$B11)) -> 0 | L36: =MAX(0, K36*(1+Forecast!$B11)) -> 0 | ... AG36: =MAX(0, AF36*(1+Forecast!$B11)) -> 0
A37: hydrogen (BTU) | B37: =INDEX('2019'!$B$26:$G$35, MATCH($A37, '2019'!$A$2:$A$11, 0), MATCH(Rural_res_calculation!$A$27, '2019'!$B$1:$G$1, 0)) -> 0 | C37: =INDEX('2020'!$B$26:$G$35, MATCH($A37, '2020'!$A$2:$A$11, 0), MATCH(Rural_res_calculation!$A$27, '2020'!$B$1:$G$1, 0)) -> 0 | D37: =INDEX('2021'!$B$26:$G$35, MATCH($A37, '2021'!$A$2:$A$11, 0), MATCH(Rural_res_calculation!$A$27, '2021'!$B$1:$G$1, 0)) -> 0 | E37: =MAX(0, D37*(1+Forecast!$B12)) -> 0 | F37: =MAX(0, E37*(1+Forecast!$B12)) -> 0 | G37: =MAX(0, F37*(1+Forecast!$B12)) -> 0 | H37: =MAX(0, G37*(1+Forecast!$B12)) -> 0 | I37: =MAX(0, H37*(1+Forecast!$B12)) -> 0 | J37: =MAX(0, I37*(1+Forecast!$B12)) -> 0 | K37: =MAX(0, J37*(1+Forecast!$B12)) -> 0 | L37: =MAX(0, K37*(1+Forecast!$B12)) -> 0 | ... AG37: =MAX(0, AF37*(1+Forecast!$B12)) -> 0
A39: lighting | B39: 2019 | C39: 2020 | D39: 2021 | E39: 2022 | F39: 2023 | G39: 2024 | H39: 2025 | I39: 2026 | J39: 2027 | K39: 2028 | L39: 2029 | M39: 2030 | N39: 2031 | O39: 2032 | P39: 2033 | Q39: 2034 | R39: 2035 | S39: 2036 | T39: 2037 | U39: 2038 | V39: 2039 | W39: 2040 | X39: 2041 | Y39: 2042 | Z39: 2043 | AA39: 2044 | AB39: 2045 | AC39: 2046 | AD39: 2047 | AE39: 2048 | AF39: 2049 | AG39: 2050
A40: electricity (BTU) | B40: =INDEX('2019'!$B$26:$G$35, MATCH($A40, '2019'!$A$2:$A$11, 0), MATCH(Rural_res_calculation!$A$39, '2019'!$B$1:$G$1, 0)) -> 3.2540142e+12 | C40: =INDEX('2020'!$B$26:$G$35, MATCH($A40, '2020'!$A$2:$A$11, 0), MATCH(Rural_res_calculation!$A$39, '2020'!$B$1:$G$1, 0)) -> 3.4210864e+12 | D40: =INDEX('2021'!$B$26:$G$35, MATCH($A40, '2021'!$A$2:$A$11, 0), MATCH(Rural_res_calculation!$A$39, '2021'!$B$1:$G$1, 0)) -> 3.5820364e+12 | E40: =MAX(0, D40*(1+Forecast!$B3)) -> 3.6035286e+12 | F40: =MAX(0, E40*(1+Forecast!$B3)) -> 3.6251497e+12 | G40: =MAX(0, F40*(1+Forecast!$B3)) -> 3.6469006e+12 | H40: =MAX(0, G40*(1+Forecast!$B3)) -> 3.6687821e+12 | I40: =MAX(0, H40*(1+Forecast!$B3)) -> 3.6907947e+12 | J40: =MAX(0, I40*(1+Forecast!$B3)) -> 3.7129395e+12 | K40: =MAX(0, J40*(1+Forecast!$B3)) -> 3.7352172e+12 | L40: =MAX(0, K40*(1+Forecast!$B3)) -> 3.7576285e+12 | ... AG40: =MAX(0, AF40*(1+Forecast!$B3)) -> 4.2606066e+12
A41: coal (BTU) | B41: =INDEX('2019'!$B$26:$G$35, MATCH($A41, '2019'!$A$2:$A$11, 0), MATCH(Rural_res_calculation!$A$39, '2019'!$B$1:$G$1, 0)) -> 0 | C41: =INDEX('2020'!$B$26:$G$35, MATCH($A41, '2020'!$A$2:$A$11, 0), MATCH(Rural_res_calculation!$A$39, '2020'!$B$1:$G$1, 0)) -> 0 | D41: =INDEX('2021'!$B$26:$G$35, MATCH($A41, '2021'!$A$2:$A$11, 0), MATCH(Rural_res_calculation!$A$39, '2021'!$B$1:$G$1, 0)) -> 0 | E41: =MAX(0, D41*(1+Forecast!$B4)) -> 0 | F41: =MAX(0, E41*(1+Forecast!$B4)) -> 0 | G41: =MAX(0, F41*(1+Forecast!$B4)) -> 0 | H41: =MAX(0, G41*(1+Forecast!$B4)) -> 0 | I41: =MAX(0, H41*(1+Forecast!$B4)) -> 0 | J41: =MAX(0, I41*(1+Forecast!$B4)) -> 0 | K41: =MAX(0, J41*(1+Forecast!$B4)) -> 0 | L41: =MAX(0, K41*(1+Forecast!$B4)) -> 0 | ... AG41: =MAX(0, AF41*(1+Forecast!$B4)) -> 0
A42: natural gas (BTU) | B42: =INDEX('2019'!$B$26:$G$35, MATCH($A42, '2019'!$A$2:$A$11, 0), MATCH(Rural_res_calculation!$A$39, '2019'!$B$1:$G$1, 0)) -> 0 | C42: =INDEX('2020'!$B$26:$G$35, MATCH($A42, '2020'!$A$2:$A$11, 0), MATCH(Rural_res_calculation!$A$39, '2020'!$B$1:$G$1, 0)) -> 0 | D42: =INDEX('2021'!$B$26:$G$35, MATCH($A42, '2021'!$A$2:$A$11, 0), MATCH(Rural_res_calculation!$A$39, '2021'!$B$1:$G$1, 0)) -> 0 | E42: =MAX(0, D42*(1+Forecast!$B5)) -> 0 | F42: =MAX(0, E42*(1+Forecast!$B5)) -> 0 | G42: =MAX(0, F42*(1+Forecast!$B5)) -> 0 | H42: =MAX(0, G42*(1+Forecast!$B5)) -> 0 | I42: =MAX(0, H42*(1+Forecast!$B5)) -> 0 | J42: =MAX(0, I42*(1+Forecast!$B5)) -> 0 | K42: =MAX(0, J42*(1+Forecast!$B5)) -> 0 | L42: =MAX(0, K42*(1+Forecast!$B5)) -> 0 | ... AG42: =MAX(0, AF42*(1+Forecast!$B5)) -> 0
A43: petroleum diesel (BTU) | B43: =INDEX('2019'!$B$26:$G$35, MATCH($A43, '2019'!$A$2:$A$11, 0), MATCH(Rural_res_calculation!$A$39, '2019'!$B$1:$G$1, 0)) -> 0 | C43: =INDEX('2020'!$B$26:$G$35, MATCH($A43, '2020'!$A$2:$A$11, 0), MATCH(Rural_res_calculation!$A$39, '2020'!$B$1:$G$1, 0)) -> 0 | D43: =INDEX('2021'!$B$26:$G$35, MATCH($A43, '2021'!$A$2:$A$11, 0), MATCH(Rural_res_calculation!$A$39, '2021'!$B$1:$G$1, 0)) -> 0 | E43: =MAX(0, D43*(1+Forecast!$B6)) -> 0 | F43: =MAX(0, E43*(1+Forecast!$B6)) -> 0 | G43: =MAX(0, F43*(1+Forecast!$B6)) -> 0 | H43: =MAX(0, G43*(1+Forecast!$B6)) -> 0 | I43: =MAX(0, H43*(1+Forecast!$B6)) -> 0 | J43: =MAX(0, I43*(1+Forecast!$B6)) -> 0 | K43: =MAX(0, J43*(1+Forecast!$B6)) -> 0 | L43: =MAX(0, K43*(1+Forecast!$B6)) -> 0 | ... AG43: =MAX(0, AF43*(1+Forecast!$B6)) -> 0
A44: heat (BTU) | B44: =INDEX('2019'!$B$26:$G$35, MATCH($A44, '2019'!$A$2:$A$11, 0), MATCH(Rural_res_calculation!$A$39, '2019'!$B$1:$G$1, 0)) -> 0 | C44: =INDEX('2020'!$B$26:$G$35, MATCH($A44, '2020'!$A$2:$A$11, 0), MATCH(Rural_res_calculation!$A$39, '2020'!$B$1:$G$1, 0)) -> 0 | D44: =INDEX('2021'!$B$26:$G$35, MATCH($A44, '2021'!$A$2:$A$11, 0), MATCH(Rural_res_calculation!$A$39, '2021'!$B$1:$G$1, 0)) -> 0 | E44: =MAX(0, D44*(1+Forecast!$B7)) -> 0 | F44: =MAX(0, E44*(1+Forecast!$B7)) -> 0 | G44: =MAX(0, F44*(1+Forecast!$B7)) -> 0 | H44: =MAX(0, G44*(1+Forecast!$B7)) -> 0 | I44: =MAX(0, H44*(1+Forecast!$B7)) -> 0 | J44: =MAX(0, I44*(1+Forecast!$B7)) -> 0 | K44: =MAX(0, J44*(1+Forecast!$B7)) -> 0 | L44: =MAX(0, K44*(1+Forecast!$B7)) -> 0 | ... AG44: =MAX(0, AF44*(1+Forecast!$B7)) -> 0
A45: biomass (BTU) | B45: =INDEX('2019'!$B$26:$G$35, MATCH($A45, '2019'!$A$2:$A$11, 0), MATCH(Rural_res_calculation!$A$39, '2019'!$B$1:$G$1, 0)) -> 0 | C45: =INDEX('2020'!$B$26:$G$35, MATCH($A45, '2020'!$A$2:$A$11, 0), MATCH(Rural_res_calculation!$A$39, '2020'!$B$1:$G$1, 0)) -> 0 | D45: =INDEX('2021'!$B$26:$G$35, MATCH($A45, '2021'!$A$2:$A$11, 0), MATCH(Rural_res_calculation!$A$39, '2021'!$B$1:$G$1, 0)) -> 0 | E45: =MAX(0, D45*(1+Forecast!$B8)) -> 0 | F45: =MAX(0, E45*(1+Forecast!$B8)) -> 0 | G45: =MAX(0, F45*(1+Forecast!$B8)) -> 0 | H45: =MAX(0, G45*(1+Forecast!$B8)) -> 0 | I45: =MAX(0, H45*(1+Forecast!$B8)) -> 0 | J45: =MAX(0, I45*(1+Forecast!$B8)) -> 0 | K45: =MAX(0, J45*(1+Forecast!$B8)) -> 0 | L45: =MAX(0, K45*(1+Forecast!$B8)) -> 0 | ... AG45: =MAX(0, AF45*(1+Forecast!$B8)) -> 0
A46: kerosene (BTU) | B46: =INDEX('2019'!$B$26:$G$35, MATCH($A46, '2019'!$A$2:$A$11, 0), MATCH(Rural_res_calculation!$A$39, '2019'!$B$1:$G$1, 0)) -> 0 | C46: =INDEX('2020'!$B$26:$G$35, MATCH($A46, '2020'!$A$2:$A$11, 0), MATCH(Rural_res_calculation!$A$39, '2020'!$B$1:$G$1, 0)) -> 0 | D46: =INDEX('2021'!$B$26:$G$35, MATCH($A46, '2021'!$A$2:$A$11, 0), MATCH(Rural_res_calculation!$A$39, '2021'!$B$1:$G$1, 0)) -> 0 | E46: =MAX(0, D46*(1+Forecast!$B9)) -> 0 | F46: =MAX(0, E46*(1+Forecast!$B9)) -> 0 | G46: =MAX(0, F46*(1+Forecast!$B9)) -> 0 | H46: =MAX(0, G46*(1+Forecast!$B9)) -> 0 | I46: =MAX(0, H46*(1+Forecast!$B9)) -> 0 | J46: =MAX(0, I46*(1+Forecast!$B9)) -> 0 | K46: =MAX(0, J46*(1+Forecast!$B9)) -> 0 | L46: =MAX(0, K46*(1+Forecast!$B9)) -> 0 | ... AG46: =MAX(0, AF46*(1+Forecast!$B9)) -> 0
A47: heavy or residual fuel oil (BTU) | B47: =INDEX('2019'!$B$26:$G$35, MATCH($A47, '2019'!$A$2:$A$11, 0), MATCH(Rural_res_calculation!$A$39, '2019'!$B$1:$G$1, 0)) -> 0 | C47: =INDEX('2020'!$B$26:$G$35, MATCH($A47, '2020'!$A$2:$A$11, 0), MATCH(Rural_res_calculation!$A$39, '2020'!$B$1:$G$1, 0)) -> 0 | D47: =INDEX('2021'!$B$26:$G$35, MATCH($A47, '2021'!$A$2:$A$11, 0), MATCH(Rural_res_calculation!$A$39, '2021'!$B$1:$G$1, 0)) -> 0 | E47: =MAX(0, D47*(1+Forecast!$B10)) -> 0 | F47: =MAX(0, E47*(1+Forecast!$B10)) -> 0 | G47: =MAX(0, F47*(1+Forecast!$B10)) -> 0 | H47: =MAX(0, G47*(1+Forecast!$B10)) -> 0 | I47: =MAX(0, H47*(1+Forecast!$B10)) -> 0 | J47: =MAX(0, I47*(1+Forecast!$B10)) -> 0 | K47: =MAX(0, J47*(1+Forecast!$B10)) -> 0 | L47: =MAX(0, K47*(1+Forecast!$B10)) -> 0 | ... AG47: =MAX(0, AF47*(1+Forecast!$B10)) -> 0
A48: LPG propane or butane (BTU) | B48: =INDEX('2019'!$B$26:$G$35, MATCH($A48, '2019'!$A$2:$A$11, 0), MATCH(Rural_res_calculation!$A$39, '2019'!$B$1:$G$1, 0)) -> 0 | C48: =INDEX('2020'!$B$26:$G$35, MATCH($A48, '2020'!$A$2:$A$11, 0), MATCH(Rural_res_calculation!$A$39, '2020'!$B$1:$G$1, 0)) -> 0 | D48: =INDEX('2021'!$B$26:$G$35, MATCH($A48, '2021'!$A$2:$A$11, 0), MATCH(Rural_res_calculation!$A$39, '2021'!$B$1:$G$1, 0)) -> 0 | E48: =MAX(0, D48*(1+Forecast!$B11)) -> 0 | F48: =MAX(0, E48*(1+Forecast!$B11)) -> 0 | G48: =MAX(0, F48*(1+Forecast!$B11)) -> 0 | H48: =MAX(0, G48*(1+Forecast!$B11)) -> 0 | I48: =MAX(0, H48*(1+Forecast!$B11)) -> 0 | J48: =MAX(0, I48*(1+Forecast!$B11)) -> 0 | K48: =MAX(0, J48*(1+Forecast!$B11)) -> 0 | L48: =MAX(0, K48*(1+Forecast!$B11)) -> 0 | ... AG48: =MAX(0, AF48*(1+Forecast!$B11)) -> 0
A49: hydrogen (BTU) | B49: =INDEX('2019'!$B$26:$G$35, MATCH($A49, '2019'!$A$2:$A$11, 0), MATCH(Rural_res_calculation!$A$39, '2019'!$B$1:$G$1, 0)) -> 0 | C49: =INDEX('2020'!$B$26:$G$35, MATCH($A49, '2020'!$A$2:$A$11, 0), MATCH(Rural_res_calculation!$A$39, '2020'!$B$1:$G$1, 0)) -> 0 | D49: =INDEX('2021'!$B$26:$G$35, MATCH($A49, '2021'!$A$2:$A$11, 0), MATCH(Rural_res_calculation!$A$39, '2021'!$B$1:$G$1, 0)) -> 0 | E49: =MAX(0, D49*(1+Forecast!$B12)) -> 0 | F49: =MAX(0, E49*(1+Forecast!$B12)) -> 0 | G49: =MAX(0, F49*(1+Forecast!$B12)) -> 0 | H49: =MAX(0, G49*(1+Forecast!$B12)) -> 0 | I49: =MAX(0, H49*(1+Forecast!$B12)) -> 0 | J49: =MAX(0, I49*(1+Forecast!$B12)) -> 0 | K49: =MAX(0, J49*(1+Forecast!$B12)) -> 0 | L49: =MAX(0, K49*(1+Forecast!$B12)) -> 0 | ... AG49: =MAX(0, AF49*(1+Forecast!$B12)) -> 0
A51: appliances | B51: 2019 | C51: 2020 | D51: 2021 | E51: 2022 | F51: 2023 | G51: 2024 | H51: 2025 | I51: 2026 | J51: 2027 | K51: 2028 | L51: 2029 | M51: 2030 | N51: 2031 | O51: 2032 | P51: 2033 | Q51: 2034 | R51: 2035 | S51: 2036 | T51: 2037 | U51: 2038 | V51: 2039 | W51: 2040 | X51: 2041 | Y51: 2042 | Z51: 2043 | AA51: 2044 | AB51: 2045 | AC51: 2046 | AD51: 2047 | AE51: 2048 | AF51: 2049 | AG51: 2050
A52: electricity (BTU) | B52: =INDEX('2019'!$B$26:$G$35, MATCH($A52, '2019'!$A$2:$A$11, 0), MATCH(Rural_res_calculation!$A$51, '2019'!$B$1:$G$1, 0)) -> 7.4619169e+12 | C52: =INDEX('2020'!$B$26:$G$35, MATCH($A52, '2020'!$A$2:$A$11, 0), MATCH(Rural_res_calculation!$A$51, '2020'!$B$1:$G$1, 0)) -> 7.8450372e+12 | D52: =INDEX('2021'!$B$26:$G$35, MATCH($A52, '2021'!$A$2:$A$11, 0), MATCH(Rural_res_calculation!$A$51, '2021'!$B$1:$G$1, 0)) -> 8.2141184e+12 | E52: =MAX(0, D52*(1+Forecast!$B3)) -> 8.2634031e+12 | F52: =MAX(0, E52*(1+Forecast!$B3)) -> 8.3129835e+12 | G52: =MAX(0, F52*(1+Forecast!$B3)) -> 8.3628614e+12 | H52: =MAX(0, G52*(1+Forecast!$B3)) -> 8.4130385e+12 | I52: =MAX(0, H52*(1+Forecast!$B3)) -> 8.4635168e+12 | J52: =MAX(0, I52*(1+Forecast!$B3)) -> 8.5142979e+12 | K52: =MAX(0, J52*(1+Forecast!$B3)) -> 8.5653837e+12 | L52: =MAX(0, K52*(1+Forecast!$B3)) -> 8.616776e+12 | ... AG52: =MAX(0, AF52*(1+Forecast!$B3)) -> 9.7701762e+12
A53: coal (BTU) | B53: =INDEX('2019'!$B$26:$G$35, MATCH($A53, '2019'!$A$2:$A$11, 0), MATCH(Rural_res_calculation!$A$51, '2019'!$B$1:$G$1, 0)) -> 0 | C53: =INDEX('2020'!$B$26:$G$35, MATCH($A53, '2020'!$A$2:$A$11, 0), MATCH(Rural_res_calculation!$A$51, '2020'!$B$1:$G$1, 0)) -> 0 | D53: =INDEX('2021'!$B$26:$G$35, MATCH($A53, '2021'!$A$2:$A$11, 0), MATCH(Rural_res_calculation!$A$51, '2021'!$B$1:$G$1, 0)) -> 0 | E53: =MAX(0, D53*(1+Forecast!$B4)) -> 0 | F53: =MAX(0, E53*(1+Forecast!$B4)) -> 0 | G53: =MAX(0, F53*(1+Forecast!$B4)) -> 0 | H53: =MAX(0, G53*(1+Forecast!$B4)) -> 0 | I53: =MAX(0, H53*(1+Forecast!$B4)) -> 0 | J53: =MAX(0, I53*(1+Forecast!$B4)) -> 0 | K53: =MAX(0, J53*(1+Forecast!$B4)) -> 0 | L53: =MAX(0, K53*(1+Forecast!$B4)) -> 0 | ... AG53: =MAX(0, AF53*(1+Forecast!$B4)) -> 0
A54: natural gas (BTU) | B54: =INDEX('2019'!$B$26:$G$35, MATCH($A54, '2019'!$A$2:$A$11, 0), MATCH(Rural_res_calculation!$A$51, '2019'!$B$1:$G$1, 0)) -> 5.9211174e+12 | C54: =INDEX('2020'!$B$26:$G$35, MATCH($A54, '2020'!$A$2:$A$11, 0), MATCH(Rural_res_calculation!$A$51, '2020'!$B$1:$G$1, 0)) -> 6.1504495e+12 | D54: =INDEX('2021'!$B$26:$G$35, MATCH($A54, '2021'!$A$2:$A$11, 0), MATCH(Rural_res_calculation!$A$51, '2021'!$B$1:$G$1, 0)) -> 6.2651607e+12 | E54: =MAX(0, D54*(1+Forecast!$B5)) -> 6.2150394e+12 | F54: =MAX(0, E54*(1+Forecast!$B5)) -> 6.1653191e+12 | G54: =MAX(0, F54*(1+Forecast!$B5)) -> 6.1159965e+12 | H54: =MAX(0, G54*(1+Forecast!$B5)) -> 6.0670685e+12 | I54: =MAX(0, H54*(1+Forecast!$B5)) -> 6.018532e+12 | J54: =MAX(0, I54*(1+Forecast!$B5)) -> 5.9703837e+12 | K54: =MAX(0, J54*(1+Forecast!$B5)) -> 5.9226207e+12 | L54: =MAX(0, K54*(1+Forecast!$B5)) -> 5.8752397e+12 | ... AG54: =MAX(0, AF54*(1+Forecast!$B5)) -> 4.963302e+12
A55: petroleum diesel (BTU) | B55: =INDEX('2019'!$B$26:$G$35, MATCH($A55, '2019'!$A$2:$A$11, 0), MATCH(Rural_res_calculation!$A$51, '2019'!$B$1:$G$1, 0)) -> 0 | C55: =INDEX('2020'!$B$26:$G$35, MATCH($A55, '2020'!$A$2:$A$11, 0), MATCH(Rural_res_calculation!$A$51, '2020'!$B$1:$G$1, 0)) -> 0 | D55: =INDEX('2021'!$B$26:$G$35, MATCH($A55, '2021'!$A$2:$A$11, 0), MATCH(Rural_res_calculation!$A$51, '2021'!$B$1:$G$1, 0)) -> 0 | E55: =MAX(0, D55*(1+Forecast!$B6)) -> 0 | F55: =MAX(0, E55*(1+Forecast!$B6)) -> 0 | G55: =MAX(0, F55*(1+Forecast!$B6)) -> 0 | H55: =MAX(0, G55*(1+Forecast!$B6)) -> 0 | I55: =MAX(0, H55*(1+Forecast!$B6)) -> 0 | J55: =MAX(0, I55*(1+Forecast!$B6)) -> 0 | K55: =MAX(0, J55*(1+Forecast!$B6)) -> 0 | L55: =MAX(0, K55*(1+Forecast!$B6)) -> 0 | ... AG55: =MAX(0, AF55*(1+Forecast!$B6)) -> 0
A56: heat (BTU) | B56: =INDEX('2019'!$B$26:$G$35, MATCH($A56, '2019'!$A$2:$A$11, 0), MATCH(Rural_res_calculation!$A$51, '2019'!$B$1:$G$1, 0)) -> 0 | C56: =INDEX('2020'!$B$26:$G$35, MATCH($A56, '2020'!$A$2:$A$11, 0), MATCH(Rural_res_calculation!$A$51, '2020'!$B$1:$G$1, 0)) -> 0 | D56: =INDEX('2021'!$B$26:$G$35, MATCH($A56, '2021'!$A$2:$A$11, 0), MATCH(Rural_res_calculation!$A$51, '2021'!$B$1:$G$1, 0)) -> 0 | E56: =MAX(0, D56*(1+Forecast!$B7)) -> 0 | F56: =MAX(0, E56*(1+Forecast!$B7)) -> 0 | G56: =MAX(0, F56*(1+Forecast!$B7)) -> 0 | H56: =MAX(0, G56*(1+Forecast!$B7)) -> 0 | I56: =MAX(0, H56*(1+Forecast!$B7)) -> 0 | J56: =MAX(0, I56*(1+Forecast!$B7)) -> 0 | K56: =MAX(0, J56*(1+Forecast!$B7)) -> 0 | L56: =MAX(0, K56*(1+Forecast!$B7)) -> 0 | ... AG56: =MAX(0, AF56*(1+Forecast!$B7)) -> 0
A57: biomass (BTU) | B57: =INDEX('2019'!$B$26:$G$35, MATCH($A57, '2019'!$A$2:$A$11, 0), MATCH(Rural_res_calculation!$A$51, '2019'!$B$1:$G$1, 0)) -> 0 | C57: =INDEX('2020'!$B$26:$G$35, MATCH($A57, '2020'!$A$2:$A$11, 0), MATCH(Rural_res_calculation!$A$51, '2020'!$B$1:$G$1, 0)) -> 0 | D57: =INDEX('2021'!$B$26:$G$35, MATCH($A57, '2021'!$A$2:$A$11, 0), MATCH(Rural_res_calculation!$A$51, '2021'!$B$1:$G$1, 0)) -> 0 | E57: =MAX(0, D57*(1+Forecast!$B8)) -> 0 | F57: =MAX(0, E57*(1+Forecast!$B8)) -> 0 | G57: =MAX(0, F57*(1+Forecast!$B8)) -> 0 | H57: =MAX(0, G57*(1+Forecast!$B8)) -> 0 | I57: =MAX(0, H57*(1+Forecast!$B8)) -> 0 | J57: =MAX(0, I57*(1+Forecast!$B8)) -> 0 | K57: =MAX(0, J57*(1+Forecast!$B8)) -> 0 | L57: =MAX(0, K57*(1+Forecast!$B8)) -> 0 | ... AG57: =MAX(0, AF57*(1+Forecast!$B8)) -> 0
A58: kerosene (BTU) | B58: =INDEX('2019'!$B$26:$G$35, MATCH($A58, '2019'!$A$2:$A$11, 0), MATCH(Rural_res_calculation!$A$51, '2019'!$B$1:$G$1, 0)) -> 0 | C58: =INDEX('2020'!$B$26:$G$35, MATCH($A58, '2020'!$A$2:$A$11, 0), MATCH(Rural_res_calculation!$A$51, '2020'!$B$1:$G$1, 0)) -> 0 | D58: =INDEX('2021'!$B$26:$G$35, MATCH($A58, '2021'!$A$2:$A$11, 0), MATCH(Rural_res_calculation!$A$51, '2021'!$B$1:$G$1, 0)) -> 0 | E58: =MAX(0, D58*(1+Forecast!$B9)) -> 0 | F58: =MAX(0, E58*(1+Forecast!$B9)) -> 0 | G58: =MAX(0, F58*(1+Forecast!$B9)) -> 0 | H58: =MAX(0, G58*(1+Forecast!$B9)) -> 0 | I58: =MAX(0, H58*(1+Forecast!$B9)) -> 0 | J58: =MAX(0, I58*(1+Forecast!$B9)) -> 0 | K58: =MAX(0, J58*(1+Forecast!$B9)) -> 0 | L58: =MAX(0, K58*(1+Forecast!$B9)) -> 0 | ... AG58: =MAX(0, AF58*(1+Forecast!$B9)) -> 0
A59: heavy or residual fuel oil (BTU) | B59: =INDEX('2019'!$B$26:$G$35, MATCH($A59, '2019'!$A$2:$A$11, 0), MATCH(Rural_res_calculation!$A$51, '2019'!$B$1:$G$1, 0)) -> 0 | C59: =INDEX('2020'!$B$26:$G$35, MATCH($A59, '2020'!$A$2:$A$11, 0), MATCH(Rural_res_calculation!$A$51, '2020'!$B$1:$G$1, 0)) -> 0 | D59: =INDEX('2021'!$B$26:$G$35, MATCH($A59, '2021'!$A$2:$A$11, 0), MATCH(Rural_res_calculation!$A$51, '2021'!$B$1:$G$1, 0)) -> 0 | E59: =MAX(0, D59*(1+Forecast!$B10)) -> 0 | F59: =MAX(0, E59*(1+Forecast!$B10)) -> 0 | G59: =MAX(0, F59*(1+Forecast!$B10)) -> 0 | H59: =MAX(0, G59*(1+Forecast!$B10)) -> 0 | I59: =MAX(0, H59*(1+Forecast!$B10)) -> 0 | J59: =MAX(0, I59*(1+Forecast!$B10)) -> 0 | K59: =MAX(0, J59*(1+Forecast!$B10)) -> 0 | L59: =MAX(0, K59*(1+Forecast!$B10)) -> 0 | ... AG59: =MAX(0, AF59*(1+Forecast!$B10)) -> 0
A60: LPG propane or butane (BTU) | B60: =INDEX('2019'!$B$26:$G$35, MATCH($A60, '2019'!$A$2:$A$11, 0), MATCH(Rural_res_calculation!$A$51, '2019'!$B$1:$G$1, 0)) -> 3.2816541e+11 | C60: =INDEX('2020'!$B$26:$G$35, MATCH($A60, '2020'!$A$2:$A$11, 0), MATCH(Rural_res_calculation!$A$51, '2020'!$B$1:$G$1, 0)) -> 3.1983889e+11 | D60: =INDEX('2021'!$B$26:$G$35, MATCH($A60, '2021'!$A$2:$A$11, 0), MATCH(Rural_res_calculation!$A$51, '2021'!$B$1:$G$1, 0)) -> 3.1967114e+11 | E60: =MAX(0, D60*(1+Forecast!$B11)) -> 3.0624495e+11 | F60: =MAX(0, E60*(1+Forecast!$B11)) -> 2.9338267e+11 | G60: =MAX(0, F60*(1+Forecast!$B11)) -> 2.8106059e+11 | H60: =MAX(0, G60*(1+Forecast!$B11)) -> 2.6925605e+11 | I60: =MAX(0, H60*(1+Forecast!$B11)) -> 2.579473e+11 | J60: =MAX(0, I60*(1+Forecast!$B11)) -> 2.4711351e+11 | K60: =MAX(0, J60*(1+Forecast!$B11)) -> 2.3673474e+11 | L60: =MAX(0, K60*(1+Forecast!$B11)) -> 2.2679188e+11 | ... AG60: =MAX(0, AF60*(1+Forecast!$B11)) -> 9.210924e+10
A61: hydrogen (BTU) | B61: =INDEX('2019'!$B$26:$G$35, MATCH($A61, '2019'!$A$2:$A$11, 0), MATCH(Rural_res_calculation!$A$51, '2019'!$B$1:$G$1, 0)) -> 0 | C61: =INDEX('2020'!$B$26:$G$35, MATCH($A61, '2020'!$A$2:$A$11, 0), MATCH(Rural_res_calculation!$A$51, '2020'!$B$1:$G$1, 0)) -> 0 | D61: =INDEX('2021'!$B$26:$G$35, MATCH($A61, '2021'!$A$2:$A$11, 0), MATCH(Rural_res_calculation!$A$51, '2021'!$B$1:$G$1, 0)) -> 0 | E61: =MAX(0, D61*(1+Forecast!$B12)) -> 0 | F61: =MAX(0, E61*(1+Forecast!$B12)) -> 0 | G61: =MAX(0, F61*(1+Forecast!$B12)) -> 0 | H61: =MAX(0, G61*(1+Forecast!$B12)) -> 0 | I61: =MAX(0, H61*(1+Forecast!$B12)) -> 0 | J61: =MAX(0, I61*(1+Forecast!$B12)) -> 0 | K61: =MAX(0, J61*(1+Forecast!$B12)) -> 0 | L61: =MAX(0, K61*(1+Forecast!$B12)) -> 0 | ... AG61: =MAX(0, AF61*(1+Forecast!$B12)) -> 0
A63: other | B63: 2019 | C63: 2020 | D63: 2021 | E63: 2022 | F63: 2023 | G63: 2024 | H63: 2025 | I63: 2026 | J63: 2027 | K63: 2028 | L63: 2029 | M63: 2030 | N63: 2031 | O63: 2032 | P63: 2033 | Q63: 2034 | R63: 2035 | S63: 2036 | T63: 2037 | U63: 2038 | V63: 2039 | W63: 2040 | X63: 2041 | Y63: 2042 | Z63: 2043 | AA63: 2044 | AB63: 2045 | AC63: 2046 | AD63: 2047 | AE63: 2048 | AF63: 2049 | AG63: 2050
A64: electricity (BTU) | B64: =INDEX('2019'!$B$26:$G$35, MATCH($A64, '2019'!$A$2:$A$11, 0), MATCH(Rural_res_calculation!$A$63, '2019'!$B$1:$G$1, 0)) -> 0 | C64: =INDEX('2020'!$B$26:$G$35, MATCH($A64, '2020'!$A$2:$A$11, 0), MATCH(Rural_res_calculation!$A$63, '2020'!$B$1:$G$1, 0)) -> 0 | D64: =INDEX('2021'!$B$26:$G$35, MATCH($A64, '2021'!$A$2:$A$11, 0), MATCH(Rural_res_calculation!$A$63, '2021'!$B$1:$G$1, 0)) -> 0 | E64: =MAX(0, D64*(1+Forecast!$B3)) -> 0 | F64: =MAX(0, E64*(1+Forecast!$B3)) -> 0 | G64: =MAX(0, F64*(1+Forecast!$B3)) -> 0 | H64: =MAX(0, G64*(1+Forecast!$B3)) -> 0 | I64: =MAX(0, H64*(1+Forecast!$B3)) -> 0 | J64: =MAX(0, I64*(1+Forecast!$B3)) -> 0 | K64: =MAX(0, J64*(1+Forecast!$B3)) -> 0 | L64: =MAX(0, K64*(1+Forecast!$B3)) -> 0 | ... AG64: =MAX(0, AF64*(1+Forecast!$B3)) -> 0
