Workbook

Sheet About
A1: CCS Transportation and Storage Cost
A3: Source: | B3: Current Value and Infrastructure Investment and Jobs Act Effects
B4: Princeton University
B5: 2021
B6: Net-Zero America: Potential Pathways, Infrastructure, and Impacts
B7: https://netzeroamerica.princeton.edu/img/Princeton%20NZA%20FINAL%20REPORT%20SUMMARY%20(29Oct2021).pdf
B8: Slide 38
A10: Value from study (2021 $) | B10: 23
A11: 2018 to 2012 $ | B11: 0.91432736

Sheet CCSTaSC
B1: 2021 | C1: 2022 | D1: 2023 | E1: 2024 | F1: 2025 | G1: 2026 | H1: 2027 | I1: 2028 | J1: 2029 | K1: 2030 | L1: 2031 | M1: 2032 | N1: 2033 | O1: 2034 | P1: 2035 | Q1: 2036 | R1: 2037 | S1: 2038 | T1: 2039 | U1: 2040 | V1: 2041 | W1: 2042 | X1: 2043 | Y1: 2044 | Z1: 2045 | AA1: 2046 | AB1: 2047 | AC1: 2048 | AD1: 2049 | AE1: 2050
A2: Transportation and Storage Cost ($ per metric ton CO2) | B2: =About!$B$10*About!$B$11 -> 21.029529 | C2: =About!$B$10*About!$B$11 -> 21.029529 | D2: =About!$B$10*About!$B$11 -> 21.029529 | E2: =About!$B$10*About!$B$11 -> 21.029529 | F2: =About!$B$10*About!$B$11 -> 21.029529 | G2: =About!$B$10*About!$B$11 -> 21.029529 | H2: =About!$B$10*About!$B$11 -> 21.029529 | I2: =About!$B$10*About!$B$11 -> 21.029529 | ... AE2: =About!$B$10*About!$B$11 -> 21.029529
