Workbook

Sheet About
A1: CL Component Lifetime
A3: Sources: | B3: heating, cooling and ventilation, appliances
B4: U.S. Department of Housing and Urban Development
B5: 2000
B6: Residential Rehabilitation Inspection Guide
B7: http://www.huduser.org/Publications/pdf/rehabinspect_app.pdf
B8: Appendix C - Life Expectancy of Housing Components
B10: lighting
B11: ENERGY STAR
B12: undated
B13: Light Bulbs: Key Product Criteria
B14: http://www.energystar.gov/index.cfm?c=cfls.pr_crit_cfls
B15: "Lifetime"
B17: other components
B18: California State Controller's Office
B19: 1992 (but still current)
... B30: 2020 and 2017 and 2022
A33: Note:
A34: Note that the "heating" building component refers to air heating. Water heaters are grouped with appliances,
A35: since they are unaffected by envelope (whereas envelope affects "heating" and "cooling and ventilation"
A36: energy use in the model).
A38: For the U.S. model, we use the same component lifetimes across building types.

Sheet HUD Appendix C Data
A1: Heating | B1: Lifetime (years)
A2: Forced air furnace, heat pump | B2: 15
A3: Boilers | B3: 30
A4: Furnaces | B4: 18
A5: Unit heaters | B5: 13
A6: Radiant heaters, electric | B6: 10
A7: Radiant heaters, hot water or steam | B7: 25
A8: Baseboard systems | B8: 20
A9: Centrifugal, axial, or roof-mounted fans | B9: 20
A10: Heat exchangers | B10: 20
A11: Average | B11: =AVERAGE(B2:B10) -> 19
A13: Cooling and Ventilation | B13: Lifetime (years)
A14: central air conditioning unit | B14: 15
A15: window unit | B15: 10
A16: air conditioner compressor | B16: 15
A17: rooftop air conditioners | B17: 15
A18: axial fans | B18: 20
A19: ventilating roof-mounted fans | B19: 20
A20: Average | B20: =AVERAGE(B14:B19) -> 15.833333
A22: Envelope | B22: Lifetime (years)
A23: Residential Turnover | B23: 250 | C23: NEMS
A24: Commercial Turnover | B24: =commercial!D22 -> 176.36364 | C24: NEMS
A25: Average | B25: =AVERAGE(B23:B23) -> 250
A27: Appliances | B27: Lifetime (years)
A28: compactors | B28: 10
A29: dishwashers | B29: 10
A30: dryers | B30: 14
A31: disposal | B31: 10
A32: freezers, compact | B32: 12
A33: freezers, standard | B33: 16
A34: microwave ovens | B34: 11
A35: electric ranges | B35: 17
A36: gas ranges | B36: 19
A37: gas ovens | B37: 14
A38: refrigerators, compact | B38: 14
A39: refrigerators, standard | B39: 17
... A42: electric water heaters | B42: 14
A43: Average | B43: =AVERAGE(B28:B42) -> 13.533333

Sheet commercial
A1: commercial
H6: Assembly | J6: =A11 -> Education | L6: =A12 -> Food sales | N6: =A13 -> Food service | P6: =A14 -> Health | R6: =A15 -> Lodging | T6: =A16 -> Office | V6: =A17 -> Office | X6: =A18 -> Mercantile/Services | Z6: =A19 -> Warehouse | AB6: =A20 -> Other
H7: median | I7: gamma | J7: median | K7: gamma | L7: median | M7: gamma | N7: median | O7: gamma | P7: median | Q7: gamma | R7: median | S7: gamma | T7: median | U7: gamma | V7: median | W7: gamma | X7: median | Y7: gamma | Z7: median | AA7: gamma | AB7: median | AC7: gamma
H8: surviving | I8: retired | J8: surviving | K8: retired | L8: surviving | M8: retired | N8: surviving | O8: retired | P8: surviving | Q8: retired | R8: surviving | S8: retired | T8: surviving | U8: retired | V8: surviving | W8: retired | X8: surviving | Y8: retired | Z8: surviving | AA8: retired | AB8: surviving | AC8: retired
D9: Age at which reaches 95% retirement | G9: yr | H9: =B10 -> 55 | I9: =C10 -> 1.2 | J9: =B11 -> 62 | K9: =C11 -> 1.4 | L9: =B12 -> 55 | M9: =C12 -> 1 | N9: =B13 -> 50 | O9: =C13 -> 1.4 | P9: =B14 -> 55 | Q9: =C14 -> 1.4 | R9: =B15 -> 53 | S9: =C15 -> 1.4 | T9: =B16 -> 65 | U9: =C16 -> 2 | V9: =B17 -> 58 | W9: =C17 -> 1.5 | X9: =B18 -> 50 | Y9: =C18 -> 1.3 | Z9: =B19 -> 58 | AA9: =C19 -> 1.3 | AB9: =B20 -> 60 | AC9: =C20 -> 1.3
A10: Assembly | B10: 55 | C10: 1.2 | D10: =G41 -> 160 | G10: 5 | H10: =1/((1+($G10/H$9))^I$9) -> 0.90085258 | I10: =1-H10 -> 0.099147419 | J10: =1/((1+($G10/J$9))^K$9) -> 0.89710575 | K10: =1-J10 -> 0.10289425 | L10: =1/((1+($G10/L$9))^M$9) -> 0.91666667 | M10: =1-L10 -> 0.083333333 | N10: =1/((1+($G10/N$9))^O$9) -> 0.875085 | O10: =1-N10 -> 0.124915 | P10: =1/((1+($G10/P$9))^Q$9) -> 0.88531131 | Q10: =1-P10 -> 0.11468869 | R10: =1/((1+($G10/R$9))^S$9) -> 0.88142837 | S10: =1-R10 -> 0.11857163 | T10: =1/((1+($G10/T$9))^U$9) -> 0.8622449 | U10: =1-T10 -> 0.1377551 | V10: =1/((1+($G10/V$9))^W$9) -> 0.88334665 | W10: =1-V10 -> 0.11665335 | X10: =1/((1+($G10/X$9))^Y$9) -> 0.88346533 | Y10: =1-X10 -> 0.11653467 | Z10: =1/((1+($G10/Z$9))^AA$9) -> 0.89807721 | AA10: =1-Z10 -> 0.10192279 | AB10: =1/((1+($G10/AB$9))^AC$9) -> 0.90117526 | AC10: =1-AB10 -> 0.098824737
A11: Education | B11: 62 | C11: 1.4 | D11: =G49 -> 200 | G11: 10 | H11: =1/((1+($G11/H$9))^I$9) -> 0.81835021 | I11: =1-H11 -> 0.18164979 | J11: =1/((1+($G11/J$9))^K$9) -> 0.81111582 | K11: =1-J11 -> 0.18888418 | L11: =1/((1+($G11/L$9))^M$9) -> 0.84615385 | M11: =1-L11 -> 0.15384615 | N11: =1/((1+($G11/N$9))^O$9) -> 0.77472265 | O11: =1-N11 -> 0.22527735 | P11: =1/((1+($G11/P$9))^Q$9) -> 0.79146017 | Q11: =1-P11 -> 0.20853983 | R11: =1/((1+($G11/R$9))^S$9) -> 0.78507193 | S11: =1-R11 -> 0.21492807 | T11: =1/((1+($G11/T$9))^U$9) -> 0.75111111 | U11: =1-T11 -> 0.24888889 | V11: =1/((1+($G11/V$9))^W$9) -> 0.78773224 | W11: =1-V11 -> 0.21226776 | X11: =1/((1+($G11/X$9))^Y$9) -> 0.78897707 | Y11: =1-X11 -> 0.21102293 | Z11: =1/((1+($G11/Z$9))^AA$9) -> 0.8131952 | AA11: =1-Z11 -> 0.1868048 | AB11: =1/((1+($G11/AB$9))^AC$9) -> 0.8184067 | AC11: =1-AB11 -> 0.1815933
A12: Food sales | B12: 55 | C12: 1 | D12: =G39 -> 150 | G12: 15 | H12: =1/((1+($G12/H$9))^I$9) -> 0.7487168 | I12: =1-H12 -> 0.2512832 | J12: =1/((1+($G12/J$9))^K$9) -> 0.73834842 | K12: =1-J12 -> 0.26165158 | L12: =1/((1+($G12/L$9))^M$9) -> 0.78571429 | M12: =1-L12 -> 0.21428571 | N12: =1/((1+($G12/N$9))^O$9) -> 0.69259493 | O12: =1-N12 -> 0.30740507 | P12: =1/((1+($G12/P$9))^Q$9) -> 0.71346145 | Q12: =1-P12 -> 0.28653855 | R12: =1/((1+($G12/R$9))^S$9) -> 0.70546219 | S12: =1-R12 -> 0.29453781 | T12: =1/((1+($G12/T$9))^U$9) -> 0.66015625 | U12: =1-T12 -> 0.33984375 | V12: =1/((1+($G12/V$9))^W$9) -> 0.7082029 | W12: =1-V12 -> 0.2917971 | X12: =1/((1+($G12/X$9))^Y$9) -> 0.71100662 | Y12: =1-X12 -> 0.28899338 | Z12: =1/((1+($G12/Z$9))^AA$9) -> 0.74154357 | AA12: =1-Z12 -> 0.25845643 | AB12: =1/((1+($G12/AB$9))^AC$9) -> 0.74819876 | AC12: =1-AB12 -> 0.25180124
A13: Food service | B13: 50 | C13: 1.4 | D13: =G44 -> 175 | G13: 20 | H13: =1/((1+($G13/H$9))^I$9) -> 0.68922609 | I13: =1-H13 -> 0.31077391 | J13: =1/((1+($G13/J$9))^K$9) -> 0.67609694 | K13: =1-J13 -> 0.32390306 | L13: =1/((1+($G13/L$9))^M$9) -> 0.73333333 | M13: =1-L13 -> 0.26666667 | N13: =1/((1+($G13/N$9))^O$9) -> 0.62433941 | O13: =1-N13 -> 0.37566059 | P13: =1/((1+($G13/P$9))^Q$9) -> 0.64777174 | Q13: =1-P13 -> 0.35222826 | R13: =1/((1+($G13/R$9))^S$9) -> 0.63875485 | S13: =1-R13 -> 0.36124515 | T13: =1/((1+($G13/T$9))^U$9) -> 0.58477509 | U13: =1-T13 -> 0.41522491 | V13: =1/((1+($G13/V$9))^W$9) -> 0.6412097 | W13: =1-V13 -> 0.3587903 | X13: =1/((1+($G13/X$9))^Y$9) -> 0.64570411 | Y13: =1-X13 -> 0.35429589 | Z13: =1/((1+($G13/Z$9))^AA$9) -> 0.6803516 | AA13: =1-Z13 -> 0.3196484 | AB13: =1/((1+($G13/AB$9))^AC$9) -> 0.68798607 | AC13: =1-AB13 -> 0.31201393
A14: Health | B14: 55 | C14: 1.4 | D14: =G35 -> 130 | G14: 25 | H14: =1/((1+($G14/H$9))^I$9) -> 0.63786275 | I14: =1-H14 -> 0.36213725 | J14: =1/((1+($G14/J$9))^K$9) -> 0.62233097 | K14: =1-J14 -> 0.37766903 | L14: =1/((1+($G14/L$9))^M$9) -> 0.6875 | M14: =1-L14 -> 0.3125 | N14: =1/((1+($G14/N$9))^O$9) -> 0.56685533 | O14: =1-N14 -> 0.43314467 | P14: =1/((1+($G14/P$9))^Q$9) -> 0.5918093 | Q14: =1-P14 -> 0.4081907 | R14: =1/((1+($G14/R$9))^S$9) -> 0.5821753 | S14: =1-R14 -> 0.4178247 | T14: =1/((1+($G14/T$9))^U$9) -> 0.52160494 | U14: =1-T14 -> 0.47839506 | V14: =1/((1+($G14/V$9))^W$9) -> 0.58415063 | W14: =1-V14 -> 0.41584937 | X14: =1/((1+($G14/X$9))^Y$9) -> 0.59031166 | Y14: =1-X14 -> 0.40968834 | Z14: =1/((1+($G14/Z$9))^AA$9) -> 0.62755945 | AA14: =1-Z14 -> 0.37244055 | AB14: =1/((1+($G14/AB$9))^AC$9) -> 0.63584611 | AC14: =1-AB14 -> 0.36415389
A15: Lodging | B15: 53 | C15: 1.4 | D15: =G43 -> 170 | G15: 30 | H15: =1/((1+($G15/H$9))^I$9) -> 0.59310627 | I15: =1-H15 -> 0.40689373 | J15: =1/((1+($G15/J$9))^K$9) -> 0.5755001 | K15: =1-J15 -> 0.4244999 | L15: =1/((1+($G15/L$9))^M$9) -> 0.64705882 | M15: =1-L15 -> 0.35294118 | N15: =1/((1+($G15/N$9))^O$9) -> 0.51788344 | O15: =1-N15 -> 0.48211656 | P15: =1/((1+($G15/P$9))^Q$9) -> 0.54365235 | Q15: =1-P15 -> 0.45634765 | R15: =1/((1+($G15/R$9))^S$9) -> 0.53367504 | S15: =1-R15 -> 0.46632496 | T15: =1/((1+($G15/T$9))^U$9) -> 0.46814404 | U15: =1-T15 -> 0.53185596 | V15: =1/((1+($G15/V$9))^W$9) -> 0.53507909 | W15: =1-V15 -> 0.46492091 | X15: =1/((1+($G15/X$9))^Y$9) -> 0.54280523 | Y15: =1-X15 -> 0.45719477 | Z15: =1/((1+($G15/Z$9))^AA$9) -> 0.58160605 | AA15: =1-Z15 -> 0.41839395 | AB15: =1/((1+($G15/AB$9))^AC$9) -> 0.59031166 | AC15: =1-AB15 -> 0.40968834
A16: Office | B16: 65 | C16: 2 | D16: =G55 -> 230 | G16: 35 | H16: =1/((1+($G16/H$9))^I$9) -> 0.55378886 | I16: =1-H16 -> 0.44621114 | J16: =1/((1+($G16/J$9))^K$9) -> 0.53440183 | K16: =1-J16 -> 0.46559817 | L16: =1/((1+($G16/L$9))^M$9) -> 0.61111111 | M16: =1-L16 -> 0.38888889 | N16: =1/((1+($G16/N$9))^O$9) -> 0.47574202 | O16: =1-N16 -> 0.52425798 | P16: =1/((1+($G16/P$9))^Q$9) -> 0.50184344 | Q16: =1-P16 -> 0.49815656 | R16: =1/((1+($G16/R$9))^S$9) -> 0.49171163 | S16: =1-R16 -> 0.50828837 | T16: =1/((1+($G16/T$9))^U$9) -> 0.4225 | U16: =1-T16 -> 0.5775 | V16: =1/((1+($G16/V$9))^W$9) -> 0.49251285 | W16: =1-V16 -> 0.50748715 | X16: =1/((1+($G16/X$9))^Y$9) -> 0.501668 | Y16: =1-X16 -> 0.498332 | Z16: =1/((1+($G16/Z$9))^AA$9) -> 0.5412882 | AA16: =1-Z16 -> 0.4587118 | AB16: =1/((1+($G16/AB$9))^AC$9) -> 0.55024479 | AC16: =1-AB16 -> 0.44975521
A17: Office | B17: 58 | C17: 1.5 | D17: =G50 -> 205 | G17: 40 | H17: =1/((1+($G17/H$9))^I$9) -> 0.51899945 | I17: =1-H17 -> 0.48100055 | J17: =1/((1+($G17/J$9))^K$9) -> 0.49809035 | K17: =1-J17 -> 0.50190965 | L17: =1/((1+($G17/L$9))^M$9) -> 0.57894737 | M17: =1-L17 -> 0.42105263 | N17: =1/((1+($G17/N$9))^O$9) -> 0.43915567 | O17: =1-N17 -> 0.56084433 | P17: =1/((1+($G17/P$9))^Q$9) -> 0.46525893 | Q17: =1-P17 -> 0.53474107 | R17: =1/((1+($G17/R$9))^S$9) -> 0.45510341 | S17: =1-R17 -> 0.54489659 | T17: =1/((1+($G17/T$9))^U$9) -> 0.38321995 | U17: =1-T17 -> 0.61678005 | V17: =1/((1+($G17/V$9))^W$9) -> 0.45530548 | W17: =1-V17 -> 0.54469452 | X17: =1/((1+($G17/X$9))^Y$9) -> 0.46574236 | Y17: =1-X17 -> 0.53425764 | Z17: =1/((1+($G17/Z$9))^AA$9) -> 0.50566453 | AA17: =1-Z17 -> 0.49433547 | AB17: =1/((1+($G17/AB$9))^AC$9) -> 0.51475032 | AC17: =1-AB17 -> 0.48524968
A18: Mercantile/Services | B18: 50 | C18: 1.3 | D18: =G39 -> 150 | G18: 45 | H18: =1/((1+($G18/H$9))^I$9) -> 0.48801731 | I18: =1-H18 -> 0.51198269 | J18: =1/((1+($G18/J$9))^K$9) -> 0.46581243 | K18: =1-J18 -> 0.53418757 | L18: =1/((1+($G18/L$9))^M$9) -> 0.55 | M18: =1-L18 -> 0.45 | N18: =1/((1+($G18/N$9))^O$9) -> 0.40714111 | O18: =1-N18 -> 0.59285889 | P18: =1/((1+($G18/P$9))^Q$9) -> 0.43301981 | Q18: =1-P18 -> 0.56698019 | R18: =1/((1+($G18/R$9))^S$9) -> 0.42293119 | S18: =1-R18 -> 0.57706881 | T18: =1/((1+($G18/T$9))^U$9) -> 0.34917355 | U18: =1-T18 -> 0.65082645 | V18: =1/((1+($G18/V$9))^W$9) -> 0.42255783 | W18: =1-V18 -> 0.57744217 | X18: =1/((1+($G18/X$9))^Y$9) -> 0.43413052 | Y18: =1-X18 -> 0.56586948 | Z18: =1/((1+($G18/Z$9))^AA$9) -> 0.47398871 | AA18: =1-Z18 -> 0.52601129 | AB18: =1/((1+($G18/AB$9))^AC$9) -> 0.48311502 | AC18: =1-AB18 -> 0.51688498
A19: Warehouse | B19: 58 | C19: 1.3 | D19: =G50 -> 205 | G19: 50 | H19: =1/((1+($G19/H$9))^I$9) -> 0.46026512 | I19: =1-H19 -> 0.53973488 | J19: =1/((1+($G19/J$9))^K$9) -> 0.43696146 | K19: =1-J19 -> 0.56303854 | L19: =1/((1+($G19/L$9))^M$9) -> 0.52380952 | M19: =1-L19 -> 0.47619048 | N19: =1/((1+($G19/N$9))^O$9) -> 0.37892914 | O19: =1-N19 -> 0.62107086 | P19: =1/((1+($G19/P$9))^Q$9) -> 0.40442943 | Q19: =1-P19 -> 0.59557057 | R19: =1/((1+($G19/R$9))^S$9) -> 0.39447011 | S19: =1-R19 -> 0.60552989 | T19: =1/((1+($G19/T$9))^U$9) -> 0.3194707 | U19: =1-T19 -> 0.6805293 | V19: =1/((1+($G19/V$9))^W$9) -> 0.39355584 | W19: =1-V19 -> 0.60644416 | X19: =1/((1+($G19/X$9))^Y$9) -> 0.4061262 | Y19: =1-X19 -> 0.5938738 | Z19: =1/((1+($G19/Z$9))^AA$9) -> 0.4456619 | AA19: =1-Z19 -> 0.5543381 | AB19: =1/((1+($G19/AB$9))^AC$9) -> 0.45476406 | AC19: =1-AB19 -> 0.54523594
A20: Other | B20: 60 | C20: 1.3 | D20: =G42 -> 165 | G20: 55 | H20: =1/((1+($G20/H$9))^I$9) -> 0.43527528 | I20: =1-H20 -> 0.56472472 | J20: =1/((1+($G20/J$9))^K$9) -> 0.41104385 | K20: =1-J20 -> 0.58895615 | L20: =1/((1+($G20/L$9))^M$9) -> 0.5 | M20: =1-L20 -> 0.5 | N20: =1/((1+($G20/N$9))^O$9) -> 0.35391012 | O20: =1-N20 -> 0.64608988 | P20: =1/((1+($G20/P$9))^Q$9) -> 0.37892914 | Q20: =1-P20 -> 0.62107086 | R20: =1/((1+($G20/R$9))^S$9) -> 0.36914157 | S20: =1-R20 -> 0.63085843 | T20: =1/((1+($G20/T$9))^U$9) -> 0.29340278 | U20: =1-T20 -> 0.70659722 | V20: =1/((1+($G20/V$9))^W$9) -> 0.36772599 | W20: =1-V20 -> 0.63227401 | X20: =1/((1+($G20/X$9))^Y$9) -> 0.38116667 | Y20: =1-X20 -> 0.61883333 | Z20: =1/((1+($G20/Z$9))^AA$9) -> 0.42019842 | AA20: =1-Z20 -> 0.57980158 | AB20: =1/((1+($G20/AB$9))^AC$9) -> 0.42922937 | AC20: =1-AB20 -> 0.57077063
G21: 60 | H21: =1/((1+($G21/H$9))^I$9) -> 0.41266517 | I21: =1-H21 -> 0.58733483 | J21: =1/((1+($G21/J$9))^K$9) -> 0.3876543 | K21: =1-J21 -> 0.6123457 | L21: =1/((1+($G21/L$9))^M$9) -> 0.47826087 | M21: =1-L21 -> 0.52173913 | N21: =1/((1+($G21/N$9))^O$9) -> 0.33159521 | O21: =1-N21 -> 0.66840479 | P21: =1/((1+($G21/P$9))^Q$9) -> 0.35606623 | Q21: =1-P21 -> 0.64393377 | R21: =1/((1+($G21/R$9))^S$9) -> 0.34647858 | S21: =1-R21 -> 0.65352142 | T21: =1/((1+($G21/T$9))^U$9) -> 0.2704 | U21: =1-T21 -> 0.7296 | V21: =1/((1+($G21/V$9))^W$9) -> 0.34460294 | W21: =1-V21 -> 0.65539706 | X21: =1/((1+($G21/X$9))^Y$9) -> 0.35879841 | Y21: =1-X21 -> 0.64120159 | Z21: =1/((1+($G21/Z$9))^AA$9) -> 0.3972005 | AA21: =1-Z21 -> 0.6027995 | AB21: =1/((1+($G21/AB$9))^AC$9) -> 0.4061262 | AC21: =1-AB21 -> 0.5938738
D22: =AVERAGE(D10:D20) -> 176.36364 | G22: 65 | H22: =1/((1+($G22/H$9))^I$9) -> 0.39211886 | I22: =1-H22 -> 0.60788114 | J22: =1/((1+($G22/J$9))^K$9) -> 0.36645711 | K22: =1-J22 -> 0.63354289 | L22: =1/((1+($G22/L$9))^M$9) -> 0.45833333 | M22: =1-L22 -> 0.54166667 | N22: =1/((1+($G22/N$9))^O$9) -> 0.31158822 | O22: =1-N22 -> 0.68841178 | P22: =1/((1+($G22/P$9))^Q$9) -> 0.33547026 | Q22: =1-P22 -> 0.66452974 | R22: =1/((1+($G22/R$9))^S$9) -> 0.32610046 | S22: =1-R22 -> 0.67389954 | T22: =1/((1+($G22/T$9))^U$9) -> 0.25 | U22: =1-T22 -> 0.75 | V22: =1/((1+($G22/V$9))^W$9) -> 0.32380558 | W22: =1-V22 -> 0.67619442 | X22: =1/((1+($G22/X$9))^Y$9) -> 0.33865213 | Y22: =1-X22 -> 0.66134787 | Z22: =1/((1+($G22/Z$9))^AA$9) -> 0.37633945 | AA22: =1-Z22 -> 0.62366055 | AB22: =1/((1+($G22/AB$9))^AC$9) -> 0.38513555 | AC22: =1-AB22 -> 0.61486445
G23: 70 | H23: =1/((1+($G23/H$9))^I$9) -> 0.37337326 | I23: =1-H23 -> 0.62662674 | J23: =1/((1+($G23/J$9))^K$9) -> 0.34717214 | K23: =1-J23 -> 0.65282786 | L23: =1/((1+($G23/L$9))^M$9) -> 0.44 | M23: =1-L23 -> 0.56 | N23: =1/((1+($G23/N$9))^O$9) -> 0.29356499 | O23: =1-N23 -> 0.70643501 | P23: =1/((1+($G23/P$9))^Q$9) -> 0.31683543 | Q23: =1-P23 -> 0.68316457 | R23: =1/((1+($G23/R$9))^S$9) -> 0.30769402 | S23: =1-R23 -> 0.69230598 | T23: =1/((1+($G23/T$9))^U$9) -> 0.23182442 | U23: =1-T23 -> 0.76817558 | V23: =1/((1+($G23/V$9))^W$9) -> 0.3050191 | W23: =1-V23 -> 0.6949809 | X23: =1/((1+($G23/X$9))^Y$9) -> 0.32042426 | Y23: =1-X23 -> 0.67957574 | Z23: =1/((1+($G23/Z$9))^AA$9) -> 0.35734148 | AA23: =1-Z23 -> 0.64265852 | AB23: =1/((1+($G23/AB$9))^AC$9) -> 0.36599088 | AC23: =1-AB23 -> 0.63400912
G24: 75 | H24: =1/((1+($G24/H$9))^I$9) -> 0.35620762 | I24: =1-H24 -> 0.64379238 | J24: =1/((1+($G24/J$9))^K$9) -> 0.32956385 | K24: =1-J24 -> 0.67043615 | L24: =1/((1+($G24/L$9))^M$9) -> 0.42307692 | M24: =1-L24 -> 0.57692308 | N24: =1/((1+($G24/N$9))^O$9) -> 0.27725794 | O24: =1-N24 -> 0.72274206 | P24: =1/((1+($G24/P$9))^Q$9) -> 0.29990732 | Q24: =1-P24 -> 0.70009268 | R24: =1/((1+($G24/R$9))^S$9) -> 0.29099951 | S24: =1-R24 -> 0.70900049 | T24: =1/((1+($G24/T$9))^U$9) -> 0.21556122 | U24: =1-T24 -> 0.78443878 | V24: =1/((1+($G24/V$9))^W$9) -> 0.28798146 | W24: =1-V24 -> 0.71201854 | X24: =1/((1+($G24/X$9))^Y$9) -> 0.30386312 | Y24: =1-X24 -> 0.69613688 | Z24: =1/((1+($G24/Z$9))^AA$9) -> 0.33997678 | AA24: =1-Z24 -> 0.66002322 | AB24: =1/((1+($G24/AB$9))^AC$9) -> 0.34846786 | AC24: =1-AB24 -> 0.65153214
G25: 80 | H25: =1/((1+($G25/H$9))^I$9) -> 0.34043539 | I25: =1-H25 -> 0.65956461 | J25: =1/((1+($G25/J$9))^K$9) -> 0.31343297 | K25: =1-J25 -> 0.68656703 | L25: =1/((1+($G25/L$9))^M$9) -> 0.40740741 | M25: =1-L25 -> 0.59259259 | N25: =1/((1+($G25/N$9))^O$9) -> 0.2624444 | O25: =1-N25 -> 0.7375556 | P25: =1/((1+($G25/P$9))^Q$9) -> 0.28447263 | Q25: =1-P25 -> 0.71552737 | R25: =1/((1+($G25/R$9))^S$9) -> 0.27579978 | S25: =1-R25 -> 0.72420022 | T25: =1/((1+($G25/T$9))^U$9) -> 0.20095125 | U25: =1-T25 -> 0.79904875 | V25: =1/((1+($G25/V$9))^W$9) -> 0.27247293 | W25: =1-V25 -> 0.72752707 | X25: =1/((1+($G25/X$9))^Y$9) -> 0.28875841 | Y25: =1-X25 -> 0.71124159 | Z25: =1/((1+($G25/Z$9))^AA$9) -> 0.32405116 | AA25: =1-Z25 -> 0.67594884 | AB25: =1/((1+($G25/AB$9))^AC$9) -> 0.3323764 | AC25: =1-AB25 -> 0.6676236
G26: 85 | H26: =1/((1+($G26/H$9))^I$9) -> 0.32589792 | I26: =1-H26 -> 0.67410208 | J26: =1/((1+($G26/J$9))^K$9) -> 0.29860983 | K26: =1-J26 -> 0.70139017 | L26: =1/((1+($G26/L$9))^M$9) -> 0.39285714 | M26: =1-L26 -> 0.60714286 | N26: =1/((1+($G26/N$9))^O$9) -> 0.24893773 | O26: =1-N26 -> 0.75106227 | P26: =1/((1+($G26/P$9))^Q$9) -> 0.27035133 | Q26: =1-P26 -> 0.72964867 | R26: =1/((1+($G26/R$9))^S$9) -> 0.26191206 | S26: =1-R26 -> 0.73808794 | T26: =1/((1+($G26/T$9))^U$9) -> 0.18777778 | U26: =1-T26 -> 0.81222222 | V26: =1/((1+($G26/V$9))^W$9) -> 0.25830805 | W26: =1-V26 -> 0.74169195 | X26: =1/((1+($G26/X$9))^Y$9) -> 0.27493315 | Y26: =1-X26 -> 0.72506685 | Z26: =1/((1+($G26/Z$9))^AA$9) -> 0.30939945 | AA26: =1-Z26 -> 0.69060055 | AB26: =1/((1+($G26/AB$9))^AC$9) -> 0.31755446 | AC26: =1-AB26 -> 0.68244554
G27: 90 | H27: =1/((1+($G27/H$9))^I$9) -> 0.31245942 | I27: =1-H27 -> 0.68754058 | J27: =1/((1+($G27/J$9))^K$9) -> 0.28494913 | K27: =1-J27 -> 0.71505087 | L27: =1/((1+($G27/L$9))^M$9) -> 0.37931034 | M27: =1-L27 -> 0.62068966 | N27: =1/((1+($G27/N$9))^O$9) -> 0.2365804 | O27: =1-N27 -> 0.7634196 | P27: =1/((1+($G27/P$9))^Q$9) -> 0.25739053 | Q27: =1-P27 -> 0.74260947 | R27: =1/((1+($G27/R$9))^S$9) -> 0.24918148 | S27: =1-R27 -> 0.75081852 | T27: =1/((1+($G27/T$9))^U$9) -> 0.17585848 | U27: =1-T27 -> 0.82414152 | V27: =1/((1+($G27/V$9))^W$9) -> 0.2453293 | W27: =1-V27 -> 0.7546707 | X27: =1/((1+($G27/X$9))^Y$9) -> 0.26223736 | Y27: =1-X27 -> 0.73776264 | Z27: =1/((1+($G27/Z$9))^AA$9) -> 0.29588038 | AA27: =1-Z27 -> 0.70411962 | AB27: =1/((1+($G27/AB$9))^AC$9) -> 0.30386312 | AC27: =1-AB27 -> 0.69613688
G28: 95 | H28: =1/((1+($G28/H$9))^I$9) -> 0.30000308 | I28: =1-H28 -> 0.69999692 | J28: =1/((1+($G28/J$9))^K$9) -> 0.27232584 | K28: =1-J28 -> 0.72767416 | L28: =1/((1+($G28/L$9))^M$9) -> 0.36666667 | M28: =1-L28 -> 0.63333333 | N28: =1/((1+($G28/N$9))^O$9) -> 0.22523859 | O28: =1-N28 -> 0.77476141 | P28: =1/((1+($G28/P$9))^Q$9) -> 0.24545959 | Q28: =1-P28 -> 0.75454041 | R28: =1/((1+($G28/R$9))^S$9) -> 0.23747605 | S28: =1-R28 -> 0.76252395 | T28: =1/((1+($G28/T$9))^U$9) -> 0.16503906 | U28: =1-T28 -> 0.83496094 | V28: =1/((1+($G28/V$9))^W$9) -> 0.23340215 | W28: =1-V28 -> 0.76659785 | X28: =1/((1+($G28/X$9))^Y$9) -> 0.25054319 | Y28: =1-X28 -> 0.74945681 | Z28: =1/((1+($G28/Z$9))^AA$9) -> 0.28337239 | AA28: =1-Z28 -> 0.71662761 | AB28: =1/((1+($G28/AB$9))^AC$9) -> 0.2911826 | AC28: =1-AB28 -> 0.7088174
G29: 100 | H29: =1/((1+($G29/H$9))^I$9) -> 0.28842785 | I29: =1-H29 -> 0.71157215 | J29: =1/((1+($G29/J$9))^K$9) -> 0.26063176 | K29: =1-J29 -> 0.73936824 | L29: =1/((1+($G29/L$9))^M$9) -> 0.35483871 | M29: =1-L29 -> 0.64516129 | N29: =1/((1+($G29/N$9))^O$9) -> 0.214798 | O29: =1-N29 -> 0.785202 | P29: =1/((1+($G29/P$9))^Q$9) -> 0.2344463 | Q29: =1-P29 -> 0.7655537 | R29: =1/((1+($G29/R$9))^S$9) -> 0.22668262 | S29: =1-R29 -> 0.77331738 | T29: =1/((1+($G29/T$9))^U$9) -> 0.15518825 | U29: =1-T29 -> 0.84481175 | V29: =1/((1+($G29/V$9))^W$9) -> 0.22241105 | W29: =1-V29 -> 0.77758895 | X29: =1/((1+($G29/X$9))^Y$9) -> 0.23974103 | Y29: =1-X29 -> 0.76025897 | Z29: =1/((1+($G29/Z$9))^AA$9) -> 0.27177042 | AA29: =1-Z29 -> 0.72822958 | AB29: =1/((1+($G29/AB$9))^AC$9) -> 0.27940917 | AC29: =1-AB29 -> 0.72059083
G30: 105 | H30: =1/((1+($G30/H$9))^I$9) -> 0.27764589 | I30: =1-H30 -> 0.72235411 | J30: =1/((1+($G30/J$9))^K$9) -> 0.24977289 | K30: =1-J30 -> 0.75022711 | L30: =1/((1+($G30/L$9))^M$9) -> 0.34375 | M30: =1-L30 -> 0.65625 | N30: =1/((1+($G30/N$9))^O$9) -> 0.20516044 | O30: =1-N30 -> 0.79483956 | P30: =1/((1+($G30/P$9))^Q$9) -> 0.22425379 | Q30: =1-P30 -> 0.77574621 | R30: =1/((1+($G30/R$9))^S$9) -> 0.21670368 | S30: =1-R30 -> 0.78329632 | T30: =1/((1+($G30/T$9))^U$9) -> 0.14619377 | U30: =1-T30 -> 0.85380623 | V30: =1/((1+($G30/V$9))^W$9) -> 0.2122563 | W30: =1-V30 -> 0.7877437 | X30: =1/((1+($G30/X$9))^Y$9) -> 0.22973639 | Y30: =1-X30 -> 0.77026361 | Z30: =1/((1+($G30/Z$9))^AA$9) -> 0.26098317 | AA30: =1-Z30 -> 0.73901683 | AB30: =1/((1+($G30/AB$9))^AC$9) -> 0.26845253 | AC30: =1-AB30 -> 0.73154747
G31: 110 | H31: =1/((1+($G31/H$9))^I$9) -> 0.26758052 | I31: =1-H31 -> 0.73241948 | J31: =1/((1+($G31/J$9))^K$9) -> 0.23966717 | K31: =1-J31 -> 0.76033283 | L31: =1/((1+($G31/L$9))^M$9) -> 0.33333333 | M31: =1-L31 -> 0.66666667 | N31: =1/((1+($G31/N$9))^O$9) -> 0.19624113 | O31: =1-N31 -> 0.80375887 | P31: =1/((1+($G31/P$9))^Q$9) -> 0.214798 | Q31: =1-P31 -> 0.785202 | R31: =1/((1+($G31/R$9))^S$9) -> 0.20745484 | S31: =1-R31 -> 0.79254516 | T31: =1/((1+($G31/T$9))^U$9) -> 0.13795918 | U31: =1-T31 -> 0.86204082 | V31: =1/((1+($G31/V$9))^W$9) -> 0.20285143 | W31: =1-V31 -> 0.79714857 | X31: =1/((1+($G31/X$9))^Y$9) -> 0.22044742 | Y31: =1-X31 -> 0.77955258 | Z31: =1/((1+($G31/Z$9))^AA$9) -> 0.250931 | AA31: =1-Z31 -> 0.749069 | AB31: =1/((1+($G31/AB$9))^AC$9) -> 0.25823377 | AC31: =1-AB31 -> 0.74176623
G32: 115 | H32: =1/((1+($G32/H$9))^I$9) -> 0.2581645 | I32: =1-H32 -> 0.7418355 | J32: =1/((1+($G32/J$9))^K$9) -> 0.23024266 | K32: =1-J32 -> 0.76975734 | L32: =1/((1+($G32/L$9))^M$9) -> 0.32352941 | M32: =1-L32 -> 0.67647059 | N32: =1/((1+($G32/N$9))^O$9) -> 0.18796651 | O32: =1-N32 -> 0.81203349 | P32: =1/((1+($G32/P$9))^Q$9) -> 0.20600572 | Q32: =1-P32 -> 0.79399428 | R32: =1/((1+($G32/R$9))^S$9) -> 0.19886265 | S32: =1-R32 -> 0.80113735 | T32: =1/((1+($G32/T$9))^U$9) -> 0.13040123 | U32: =1-T32 -> 0.86959877 | V32: =1/((1+($G32/V$9))^W$9) -> 0.19412114 | W32: =1-V32 -> 0.80587886 | X32: =1/((1+($G32/X$9))^Y$9) -> 0.21180289 | Y32: =1-X32 -> 0.78819711 | Z32: =1/((1+($G32/Z$9))^AA$9) -> 0.24154411 | AA32: =1-Z32 -> 0.75845589 | AB32: =1/((1+($G32/AB$9))^AC$9) -> 0.24868361 | AC32: =1-AB32 -> 0.75131639
G33: 120 | H33: =1/((1+($G33/H$9))^I$9) -> 0.24933863 | I33: =1-H33 -> 0.75066137 | J33: =1/((1+($G33/J$9))^K$9) -> 0.2214361 | K33: =1-J33 -> 0.7785639 | L33: =1/((1+($G33/L$9))^M$9) -> 0.31428571 | M33: =1-L33 -> 0.68571429 | N33: =1/((1+($G33/N$9))^O$9) -> 0.18027251 | O33: =1-N33 -> 0.81972749 | P33: =1/((1+($G33/P$9))^Q$9) -> 0.19781285 | Q33: =1-P33 -> 0.80218715 | R33: =1/((1+($G33/R$9))^S$9) -> 0.19086297 | S33: =1-R33 -> 0.80913703 | T33: =1/((1+($G33/T$9))^U$9) -> 0.12344777 | U33: =1-T33 -> 0.87655223 | V33: =1/((1+($G33/V$9))^W$9) -> 0.18599959 | W33: =1-V33 -> 0.81400041 | X33: =1/((1+($G33/X$9))^Y$9) -> 0.20374052 | Y33: =1-X33 -> 0.79625948 | Z33: =1/((1+($G33/Z$9))^AA$9) -> 0.23276109 | AA33: =1-Z33 -> 0.76723891 | AB33: =1/((1+($G33/AB$9))^AC$9) -> 0.23974103 | AC33: =1-AB33 -> 0.76025897
G34: 125 | H34: =1/((1+($G34/H$9))^I$9) -> 0.2410506 | I34: =1-H34 -> 0.7589494 | J34: =1/((1+($G34/J$9))^K$9) -> 0.21319161 | K34: =1-J34 -> 0.78680839 | L34: =1/((1+($G34/L$9))^M$9) -> 0.30555556 | M34: =1-L34 -> 0.69444444 | N34: =1/((1+($G34/N$9))^O$9) -> 0.17310306 | O34: =1-N34 -> 0.82689694 | P34: =1/((1+($G34/P$9))^Q$9) -> 0.1901631 | Q34: =1-P34 -> 0.8098369 | R34: =1/((1+($G34/R$9))^S$9) -> 0.18339953 | S34: =1-R34 -> 0.81660047 | T34: =1/((1+($G34/T$9))^U$9) -> 0.11703601 | U34: =1-T34 -> 0.88296399 | V34: =1/((1+($G34/V$9))^W$9) -> 0.17842896 | W34: =1-V34 -> 0.82157104 | X34: =1/((1+($G34/X$9))^Y$9) -> 0.19620566 | Y34: =1-X34 -> 0.80379434 | Z34: =1/((1+($G34/Z$9))^AA$9) -> 0.22452772 | AA34: =1-Z34 -> 0.77547228 | AB34: =1/((1+($G34/AB$9))^AC$9) -> 0.23135206 | AC34: =1-AB34 -> 0.76864794
... G58: 245 | H58: =1/((1+($G58/H$9))^I$9) -> 0.13058393 | I58: =1-H58 -> 0.86941607 | J58: =1/((1+($G58/J$9))^K$9) -> 0.10650123 | K58: =1-J58 -> 0.89349877 | L58: =1/((1+($G58/L$9))^M$9) -> 0.18333333 | M58: =1-L58 -> 0.81666667 | N58: =1/((1+($G58/N$9))^O$9) -> 0.083331113 | O58: =1-N58 -> 0.91666889 | P58: =1/((1+($G58/P$9))^Q$9) -> 0.093011791 | Q58: =1-P58 -> 0.90698821 | R58: =1/((1+($G58/R$9))^S$9) -> 0.08914222 | S58: =1-R58 -> 0.91085778 | T58: =1/((1+($G58/T$9))^U$9) -> 0.04396462 | U58: =1-T58 -> 0.95603538 | V58: =1/((1+($G58/V$9))^W$9) -> 0.083748695 | W58: =1-V58 -> 0.91625131 | X58: =1/((1+($G58/X$9))^Y$9) -> 0.099515879 | Y58: =1-X58 -> 0.90048412 | Z58: =1/((1+($G58/Z$9))^AA$9) -> 0.11656844 | AA58: =1-Z58 -> 0.88343156 | AB58: =1/((1+($G58/AB$9))^AC$9) -> 0.12078328 | AC58: =1-AB58 -> 0.87921672

Sheet lighting
A1: Lighting
A3: Bulb | B3: Rated Lifetime (hr) | C3: Average Use (hrs/day) | D3: Average Lifetime (yr)
A4: Average ENERGY STAR qualified CFL | B4: 10000 | C4: 3 | D4: =B4/C4/365 -> 9.1324201
A6: Assumptions:
A7: The lifetime of the typical bulb sold during the model run can be represented by that of the average ENERGY
A8: STAR-qualified CFL. This may overestimate lifetime of average bulbs sold in the earliest years of the model run, due
A9: to the sale of non-ENERGY STAR bulbs, as well as bulbs with shorter lifetimes than CFLs.
A10: This may underestimate lifetime of bulbs sold in the last years of the model run, as CFL technology may improve
A11: and LEDs may grow in importance.

Sheet other components
A1: Other Components
A3: Table | B3: CA Asset Type | C3: Lifetime (years)
A4: 1000 | B4: Compressors | C4: 12
A5: 1000 | B5: Conveyor systems | C5: 15
A6: 1000 | B6: Elevators | C6: 20
A7: 1000 | B7: Fire Protection Systems | C7: 20
A8: 1000 | B8: Motors, Medium | C8: 10
B9: Average | C9: =AVERAGE(C4:C8) -> 15.4

Sheet CL
A1: Building Component (years) | B1: urban residential | C1: rural residential | D1: commercial
A2: heating | B2: ='HUD Appendix C Data'!B11 -> 19 | C2: =$B2 -> 19 | D2: =$B2 -> 19
A3: cooling and ventilation | B3: ='HUD Appendix C Data'!B20 -> 15.833333 | C3: =$B3 -> 15.833333 | D3: =$B3 -> 15.833333
A4: envelope | B4: ='HUD Appendix C Data'!B25 -> 250 | C4: =$B4 -> 250 | D4: ='HUD Appendix C Data'!$B$24 -> 176.36364
A5: lighting | B5: =lighting!D4 -> 9.1324201 | C5: =$B5 -> 9.1324201 | D5: =$B5 -> 9.1324201
A6: appliances | B6: ='HUD Appendix C Data'!B43 -> 13.533333 | C6: =$B6 -> 13.533333 | D6: =$B6 -> 13.533333
A7: other component | B7: ='other components'!C9 -> 15.4 | C7: =$B7 -> 15.4 | D7: =$B7 -> 15.4
