Workbook
Name Eno_TM: '[1]1997 Table 1a Modified'!#REF!
Name Eno_Tons: '[1]1997 Table 1a Modified'!#REF!
Name Sum_T2: '[1]1997 Table 1a Modified'!#REF!
Name Sum_TTM: '[1]1997 Table 1a Modified'!#REF!
Name ti_tbl_50: #REF!
Name ti_tbl_69: #REF!

Sheet About
A1: AVMC Annual Vehicle Maintenance Cost
A3: Sources: | B3: LDVs (ICE and BEV)
B4: 2 Degrees Institute
B5: 2018
B6: Comparing Fuel and Maintenance Costs of Electric and Gas Powered Vehiclesin Canada
B7: https://www.2degreesinstitute.org/reports/comparing_fuel_and_maintenance_costs_of_electric_and_gas_powered_vehicles_in_canada.pdf
B8: Page 12, Figure 7
B10: Freight HDVs
B11: Truck Driver Institute
B12: 2013
B13: What is the real cost of truck driving?
B14: https://www.drivebigtrucks.com/trucking-news/the-real-operating-cost-of-a-commercial-truck/
B15: Infographic
B17: Freight BEV HDVs
B18: LBNL
B19: 2021
B20: Why Regional and Long-Haul Trucks are Primed for Electrification Now
B21: https://eta-publications.lbl.gov/sites/default/files/updated_5_final_ehdv_report_033121.pdf
B22: Table 3
B24: Passenger HDVs
B25: California Air Resources Board
B26: 2016
B27: Literature Review on Transit Bus Maintenance Cost
B28: https://ww3.arb.ca.gov/msprog/bus/maintenance_cost.pdf
B29: Page 8, Table 2 (2016 Foothill Transit study)
B31: Aircraft
B32: ICAO
B33: 2017
B34: Airline Operating Costs and Productivity
B35: https://www.icao.int/MID/Documents/2017/Aviation%20Data%20and%20Analysis%20Seminar/PPT3%20-%20Airlines%20Operating%20costs%20and%20productivity.pdf
B36: Page 10 (B757-200 example)
B38: Motorbikes
B39: Jordan Stokes
B40: 2018
B41: The True Cost of Motorcycle Ownership: It's More than Just the Bike
B42: https://gorollick.com/articles/consumer/the-true-cost-of-motorcycle-ownership-its-more-than-just-the-bike/
B44: rail (maintenance cost per mile)
B45: Rocky Mountain Rail Authority
B46: 2010
B47: High-Speed Rail Feasibility Study
B48: http://rockymountainrail.org/documents/RMRABP_CH7_OperatingCosts_03.2010.pdf
B49: Pages 7-4 and 7-5, Exhibit 7-2
B51: rail (annual average travel distance)
B52: Upper Great Plains Transportation Institute
B53: 2013
B54: Analysis of Railroad Energy Efficiency in the United States
B55: https://www.ugpti.org/resources/reports/downloads/mpc13-250.pdf
B56: Page 10, Figure 3.3.1 (also page 13, table 3.8, observed values)
B58: ships (freight)
B59: SPAR Associates
B60: 2012
B61: Estimating Commercial Ship Life Cycle Cost & Required Freight Rate (3-Port Model)
B62: http://www.sparusa.com/Presentations/Presentation-Commercial%20Ship%20Life%20Cycle%20&%20Required%20Freight%20Rate%20(RFR)%20Cost%20Model.pdf
B63: Slide 24
B65: ships (passenger) - this is recreational boats for the U.S. model
B66: Boats.com
B67: 2018
B68: The Cost of Owning a Boat: Budgeting and Financial Planning
B69: https://www.boats.com/boat-buyers-guide/cost-of-owning-a-boat-budgeting-financial-planning/
B70: "Maintenance and Repairs" section
A72: Notes
A74: Currency Conversion
A75: 1.297 | B75: 2018 CAD per 2018 USD
A76: 0.91432736 | B76: 2012 USD per 2018 USD
A77: 0.95661377 | B77: 2012 USD per 2016 USD
A78: 0.9366596 | B78: 2012 USD per 2017 USD
A79: 1.0663762 | B79: 2012 USD per 2008 USD

Sheet Cost Data
A1: Overall Assumptions
A3: ICE | B3: We assume that internal combustion engine (ICE) costs apply to all of the following vehicle technologies:
B4: gasoline vehicle, diesel vehicle, natural gas vehicle, LPG vehicle, plug-in hybrid vehicle
B5: The assumption that plug-in hybrids (which contain an ICE engine) have similar annual maintenance costs
B6: to other ICE vehicles (e.g. the battery adds negligible cost) is in line with U.S. DOE guidelines at:
B7: https://www.energy.gov/eere/electricvehicles/electric-car-safety-maintenance-and-battery-life
A9: BEV | B9: We assume that battery electric vehicle (BEV) costs apply to all of the following vehicle technologies:
B10: battery electric vehicle, hydrogen vehicle
B11: Today, hydrogen vehicles are typically fuel cell vehicles (not internal combustion vehicles), and we assume they have
B12: similar maintenance costs to pure BEVs. This is in line with the findings of an NREL study of BEV vs. fuel cell lift trucks:
B13: https://www.energy.gov/sites/prod/files/2014/03/f10/fuel_cell_mhe_cost.pdf
B14: We also use this category for electric rail, even though the locomotives are powered by third rail or catenary wire,
B15: rather than batteries.
A17: LDVs
A18: ICE | B18: 931 | C18: 2018 CAD/yr | D18: 2 Degrees Institute
A19: BEV | B19: 489 | C19: 2018 CAD/yr | D19: 2 Degrees Institute
A20: ICE | B20: =B18/About!$A$75*About!$A$76 -> 656.31362 | C20: 2012 USD/yr
A21: BEV | B21: =B19/About!$A$75*About!$A$76 -> 344.72327 | C21: 2012 USD/yr
A23: HDVs (Trucks)
A24: ICE | B24: 15000 | C24: 2012 USD/yr | D24: Truck Driver Institute
A25: BEV | B25: =6500+100*1062*3/28 -> 17878.571 | C25: 2020 USD/yr | D25: LBNL: Includes annual ongoing mainteance and annualized battery replacement every 7 years over a 28 year life
A27: HDVs (Buses)
A28: CNG | B28: 0.28 | C28: 2016 USD/mile | D28: CA Air Resources Board
A29: BEV | B29: 0.22 | C29: 2016 USD/mile | D29: CA Air Resources Board
A30: dist traveled | B30: 9270 | C30: miles/year | D30: see BAADTbVT
A31: CNG | B31: =$B$30*B28 -> 2595.6 | C31: 2016 USD/yr
A32: BEV | B32: =$B$30*B29 -> 2039.4 | C32: 2016 USD/yr
A33: CNG | B33: =B31*About!$A$77 -> 2482.9867 | C33: 2012 USD/yr
A34: BEV | B34: =B32*About!$A$77 -> 1950.9181 | C34: 2012 USD/yr
A36: aircraft
A37: maintenance | B37: 590 | C37: 2017 USD / block-hr | D37: ICAO
B38: =B37*About!$A$78 -> 552.62916 | C38: 2012 USD / block-hr
B39: 11.3 | C39: block hrs/day | D39: ICAO
B40: 365 | C40: days/yr
B41: =B38*B39*B40 -> 2279319 | C41: 2012 USD/yr
A43: rail
A44: maintenance costs
A45: These maintenance costs are for the entire train, not just the locomotive.
A46: conventional diesel locomotive (79 mph) | B46: 14.36 | C46: 2008 USD/mile | D46: Rocky Mountain Rail Authority
A47: electric locomotive (150 mph) | B47: 10.49 | C47: 2008 USD/mile | D47: Rocky Mountain Rail Authority
A49: avg speed (24-hours) | B49: =AVERAGE(21.4,22.7,23.1,25.8,31.2) -> 24.84 | C49: miles/hour | D49: Upper Great Plains Transportation Institute
A50: conversion factor | B50: =24*365 -> 8760 | C50: hours/yr
A51: avg dist traveled per locomotive per year | B51: =B49*B50 -> 217598.4 | C51: miles/yr
A53: diesel maintenance | B53: =B46*B51 -> 3124713 | C53: 2008 USD/yr
A54: electric maintenance | B54: =B47*B51 -> 2282607.2 | C54: 2008 USD/yr
A55: diesel maintenance | B55: =B53*About!$A$79 -> 3332119.7 | C55: 2012 USD/yr
A56: electric maintenance | B56: =B54*About!$A$79 -> 2434118.1 | C56: 2012 USD/yr
A59: Motorbike (Motorcycle)
A60: maintenance | B60: 1000 | C60: 2018 USD/yr
B61: =B60*About!A76 -> 914.32736 | C61: 2012 USD/yr
A62: Note that a survey by the Motorcycle Industry Council finds that the average motorcycle owner
A63: spends far less than this on maintenance each year ($138/yr on most items, plus $105/yr on tires,
A64: for a total of $243/yr), because many owners do maintenance themselves or get a friend or family
A65: member to do it, rather than buying it commercially. See:
A66: https://www.insurance.com/motorcycle/is-riding-a-motorcycle-cheaper.html
A67: We use the cost of purchasing maintenance, rather than the average cost (that includes do-it-yourself owners).
A69: ships
A70: Freight ship represented by example container ship
A71: maintenance and repairs | B71: 1695890 | C71: 2012 USD/yr
A73: Passenger ship is a recreational boat in the U.S.
A74: Note that in many other regional adaptations, it is a commercial
A75: passenger ferry, so the maintenance values here should be
A76: updated if this is the case.
A77: maintenance and repairs | B77: 0.1 | C77: percent of purchase price/yr
A78: typical purchase price | B78: 30000 | C78: 2012 USD | D78: See trans/BNVP
A79: maintenance and repairs | B79: =B77*B78 -> 3000 | C79: 2012 USD/yr
A84: Passenger
B85: ICE | C85: EV
A86: LDVs | B86: =B20 -> 656.31362 | C86: =B21 -> 344.72327
A87: HDVs | B87: =B33 -> 2482.9867 | C87: =B34 -> 1950.9181
A88: aircraft | B88: =B41 -> 2279319 | C88: =NA() -> #N/A
A89: rail | B89: =B55 -> 3332119.7 | C89: =B56 -> 2434118.1
A90: ships | B90: =B79 -> 3000 | C90: =NA() -> #N/A
A91: motorbikes | B91: =B61 -> 914.32736 | C91: =B91*(C86/B86) -> 480.24283
A93: Freight
B94: ICE | C94: EV
A95: LDVs | B95: =B86 -> 656.31362 | C95: =C86 -> 344.72327
A96: HDVs | B96: =B24 -> 15000 | C96: =B96*(C87/B87) -> 11785.714
A97: aircraft | B97: =B88 -> 2279319 | C97: =NA() -> #N/A
A98: rail | B98: =B55 -> 3332119.7 | C98: =B56 -> 2434118.1
A99: ships | B99: =B71 -> 1695890 | C99: =NA() -> #N/A
A100: motorbikes | B100: =NA() -> #N/A | C100: =NA() -> #N/A

Sheet AVMC-passenger
A1: $/year | B1: battery electric vehicle | C1: natural gas vehicle | D1: gasoline vehicle | E1: diesel vehicle | F1: plugin hybrid vehicle | G1: LPG vehicle | H1: hydrogen vehicle
A2: LDVs | B2: ='Cost Data'!$C86 -> 344.72327 | C2: ='Cost Data'!$B86 -> 656.31362 | D2: ='Cost Data'!$B86 -> 656.31362 | E2: ='Cost Data'!$B86 -> 656.31362 | F2: ='Cost Data'!$B86 -> 656.31362 | G2: ='Cost Data'!$B86 -> 656.31362 | H2: ='Cost Data'!$C86 -> 344.72327
A3: HDVs | B3: ='Cost Data'!$C87 -> 1950.9181 | C3: ='Cost Data'!$B87 -> 2482.9867 | D3: ='Cost Data'!$B87 -> 2482.9867 | E3: ='Cost Data'!$B87 -> 2482.9867 | F3: ='Cost Data'!$B87 -> 2482.9867 | G3: ='Cost Data'!$B87 -> 2482.9867 | H3: ='Cost Data'!$C87 -> 1950.9181
A4: aircraft | B4: 0 | C4: ='Cost Data'!$B88 -> 2279319 | D4: ='Cost Data'!$B88 -> 2279319 | E4: ='Cost Data'!$B88 -> 2279319 | F4: ='Cost Data'!$B88 -> 2279319 | G4: ='Cost Data'!$B88 -> 2279319 | H4: 0
A5: rail | B5: ='Cost Data'!$C89 -> 2434118.1 | C5: ='Cost Data'!$B89 -> 3332119.7 | D5: ='Cost Data'!$B89 -> 3332119.7 | E5: ='Cost Data'!$B89 -> 3332119.7 | F5: ='Cost Data'!$B89 -> 3332119.7 | G5: ='Cost Data'!$B89 -> 3332119.7 | H5: ='Cost Data'!$C89 -> 2434118.1
A6: ships | B6: 0 | C6: ='Cost Data'!$B90 -> 3000 | D6: ='Cost Data'!$B90 -> 3000 | E6: ='Cost Data'!$B90 -> 3000 | F6: ='Cost Data'!$B90 -> 3000 | G6: ='Cost Data'!$B90 -> 3000 | H6: 0
A7: motorbikes | B7: ='Cost Data'!$C91 -> 480.24283 | C7: ='Cost Data'!$B91 -> 914.32736 | D7: ='Cost Data'!$B91 -> 914.32736 | E7: ='Cost Data'!$B91 -> 914.32736 | F7: ='Cost Data'!$B91 -> 914.32736 | G7: ='Cost Data'!$B91 -> 914.32736 | H7: ='Cost Data'!$C91 -> 480.24283

Sheet AVMC-freight
A1: $/year | B1: battery electric vehicle | C1: natural gas vehicle | D1: gasoline vehicle | E1: diesel vehicle | F1: plugin hybrid vehicle | G1: LPG vehicle | H1: hydrogen vehicle
A2: LDVs | B2: ='Cost Data'!$C95 -> 344.72327 | C2: ='Cost Data'!$B95 -> 656.31362 | D2: ='Cost Data'!$B95 -> 656.31362 | E2: ='Cost Data'!$B95 -> 656.31362 | F2: ='Cost Data'!$B95 -> 656.31362 | G2: ='Cost Data'!$B95 -> 656.31362 | H2: ='Cost Data'!$C95 -> 344.72327
A3: HDVs | B3: ='Cost Data'!B25 -> 17878.571 | C3: ='Cost Data'!$B96 -> 15000 | D3: ='Cost Data'!$B96 -> 15000 | E3: ='Cost Data'!$B96 -> 15000 | F3: ='Cost Data'!$B96 -> 15000 | G3: ='Cost Data'!$B96 -> 15000 | H3: ='Cost Data'!$C96 -> 11785.714
A4: aircraft | B4: 0 | C4: ='Cost Data'!$B97 -> 2279319 | D4: ='Cost Data'!$B97 -> 2279319 | E4: ='Cost Data'!$B97 -> 2279319 | F4: ='Cost Data'!$B97 -> 2279319 | G4: ='Cost Data'!$B97 -> 2279319 | H4: 0
A5: rail | B5: ='Cost Data'!$C98 -> 2434118.1 | C5: ='Cost Data'!$B98 -> 3332119.7 | D5: ='Cost Data'!$B98 -> 3332119.7 | E5: ='Cost Data'!$B98 -> 3332119.7 | F5: ='Cost Data'!$B98 -> 3332119.7 | G5: ='Cost Data'!$B98 -> 3332119.7 | H5: ='Cost Data'!$C98 -> 2434118.1
A6: ships | B6: 0 | C6: ='Cost Data'!$B99 -> 1695890 | D6: ='Cost Data'!$B99 -> 1695890 | E6: ='Cost Data'!$B99 -> 1695890 | F6: ='Cost Data'!$B99 -> 1695890 | G6: ='Cost Data'!$B99 -> 1695890 | H6: 0
A7: motorbikes | B7: 0 | C7: 0 | D7: 0 | E7: 0 | F7: 0 | G7: 0 | H7: 0
